model,id,dataset_label,n_0,n_1,n_total,proportion_hate
ALL,22,1,0,462,462,1.0
ALL,277,0,0,462,462,1.0
ALL,90,1,0,462,462,1.0
ALL,237,1,0,462,462,1.0
ALL,108,1,0,462,462,1.0
ALL,83,1,0,462,462,1.0
ALL,199,1,0,462,462,1.0
ALL,150,1,0,462,462,1.0
ALL,289,0,0,462,462,1.0
ALL,107,1,0,462,462,1.0
ALL,44,1,0,462,462,1.0
ALL,241,1,0,462,462,1.0
ALL,166,1,0,462,462,1.0
ALL,214,1,0,462,462,1.0
ALL,84,1,1,461,462,0.9978354978354979
ALL,336,0,1,461,462,0.9978354978354979
ALL,39,1,1,461,462,0.9978354978354979
ALL,154,1,1,461,462,0.9978354978354979
ALL,347,0,1,461,462,0.9978354978354979
ALL,15,1,1,461,462,0.9978354978354979
ALL,137,1,1,461,462,0.9978354978354979
ALL,114,1,1,461,462,0.9978354978354979
ALL,375,0,1,461,462,0.9978354978354979
ALL,109,1,1,461,462,0.9978354978354979
ALL,142,1,1,461,462,0.9978354978354979
ALL,41,1,1,461,462,0.9978354978354979
ALL,326,0,1,461,462,0.9978354978354979
ALL,80,1,1,461,462,0.9978354978354979
ALL,427,0,1,461,462,0.9978354978354979
ALL,160,1,1,461,462,0.9978354978354979
ALL,372,0,1,461,462,0.9978354978354979
ALL,106,1,1,461,462,0.9978354978354979
ALL,102,1,1,461,462,0.9978354978354979
ALL,131,1,2,460,462,0.9956709956709957
ALL,494,0,2,460,462,0.9956709956709957
ALL,431,0,2,460,462,0.9956709956709957
ALL,16,1,2,460,462,0.9956709956709957
ALL,167,1,2,460,462,0.9956709956709957
ALL,291,0,2,460,462,0.9956709956709957
ALL,240,1,2,460,462,0.9956709956709957
ALL,98,1,2,460,462,0.9956709956709957
ALL,207,1,2,460,462,0.9956709956709957
ALL,243,1,2,460,462,0.9956709956709957
ALL,104,1,3,459,462,0.9935064935064936
ALL,70,1,3,459,462,0.9935064935064936
ALL,23,1,3,459,462,0.9935064935064936
ALL,222,1,3,459,462,0.9935064935064936
ALL,36,1,3,459,462,0.9935064935064936
ALL,449,0,3,459,462,0.9935064935064936
ALL,103,1,3,459,462,0.9935064935064936
ALL,146,1,3,459,462,0.9935064935064936
ALL,283,0,3,459,462,0.9935064935064936
ALL,186,1,3,459,462,0.9935064935064936
ALL,135,1,3,459,462,0.9935064935064936
ALL,34,1,3,459,462,0.9935064935064936
ALL,459,0,3,459,462,0.9935064935064936
ALL,191,1,3,459,462,0.9935064935064936
ALL,330,0,3,459,462,0.9935064935064936
ALL,33,1,4,458,462,0.9913419913419913
ALL,176,1,4,458,462,0.9913419913419913
ALL,153,1,4,458,462,0.9913419913419913
ALL,147,1,4,458,462,0.9913419913419913
ALL,202,1,4,458,462,0.9913419913419913
ALL,125,1,4,458,462,0.9913419913419913
ALL,112,1,4,458,462,0.9913419913419913
ALL,28,1,4,458,462,0.9913419913419913
ALL,221,1,4,458,462,0.9913419913419913
ALL,457,0,4,458,462,0.9913419913419913
ALL,1,1,4,458,462,0.9913419913419913
ALL,320,0,5,457,462,0.9891774891774892
ALL,460,0,5,457,462,0.9891774891774892
ALL,421,0,5,457,462,0.9891774891774892
ALL,217,1,6,456,462,0.987012987012987
ALL,151,1,6,456,462,0.987012987012987
ALL,63,1,7,455,462,0.9848484848484849
ALL,140,1,7,455,462,0.9848484848484849
ALL,97,1,7,455,462,0.9848484848484849
ALL,95,1,7,455,462,0.9848484848484849
ALL,14,1,7,455,462,0.9848484848484849
ALL,236,1,7,455,462,0.9848484848484849
ALL,78,1,8,454,462,0.9826839826839827
ALL,322,0,8,454,462,0.9826839826839827
ALL,425,0,8,454,462,0.9826839826839827
ALL,279,0,8,454,462,0.9826839826839827
ALL,53,1,8,454,462,0.9826839826839827
ALL,174,1,8,454,462,0.9826839826839827
ALL,55,1,9,453,462,0.9805194805194806
ALL,210,1,9,453,462,0.9805194805194806
ALL,367,0,9,453,462,0.9805194805194806
ALL,250,0,9,453,462,0.9805194805194806
ALL,134,1,9,453,462,0.9805194805194806
ALL,187,1,9,453,462,0.9805194805194806
ALL,87,1,9,453,462,0.9805194805194806
ALL,59,1,10,452,462,0.9783549783549783
ALL,179,1,10,452,462,0.9783549783549783
ALL,350,0,10,452,462,0.9783549783549783
ALL,60,1,11,451,462,0.9761904761904762
ALL,238,1,12,450,462,0.974025974025974
ALL,290,0,12,450,462,0.974025974025974
ALL,69,1,13,449,462,0.9718614718614719
ALL,117,1,13,449,462,0.9718614718614719
ALL,3,1,13,449,462,0.9718614718614719
ALL,400,0,13,449,462,0.9718614718614719
ALL,246,1,13,449,462,0.9718614718614719
ALL,197,1,13,449,462,0.9718614718614719
ALL,242,1,13,449,462,0.9718614718614719
ALL,361,0,14,448,462,0.9696969696969697
ALL,304,0,14,448,462,0.9696969696969697
ALL,82,1,14,448,462,0.9696969696969697
ALL,335,0,14,448,462,0.9696969696969697
ALL,208,1,14,448,462,0.9696969696969697
ALL,118,1,14,448,462,0.9696969696969697
ALL,215,1,14,448,462,0.9696969696969697
ALL,294,0,15,447,462,0.9675324675324676
ALL,388,0,16,446,462,0.9653679653679653
ALL,211,1,16,446,462,0.9653679653679653
ALL,31,1,16,446,462,0.9653679653679653
ALL,152,1,16,446,462,0.9653679653679653
ALL,74,1,16,446,462,0.9653679653679653
ALL,81,1,16,446,462,0.9653679653679653
ALL,96,1,16,446,462,0.9653679653679653
ALL,50,1,16,446,462,0.9653679653679653
ALL,139,1,17,445,462,0.9632034632034632
ALL,244,1,17,445,462,0.9632034632034632
ALL,206,1,17,445,462,0.9632034632034632
ALL,267,0,17,445,462,0.9632034632034632
ALL,209,1,18,444,462,0.961038961038961
ALL,132,1,18,444,462,0.961038961038961
ALL,94,1,18,444,462,0.961038961038961
ALL,213,1,18,444,462,0.961038961038961
ALL,68,1,19,443,462,0.9588744588744589
ALL,205,1,19,443,462,0.9588744588744589
ALL,91,1,19,443,462,0.9588744588744589
ALL,469,0,20,442,462,0.9567099567099567
ALL,40,1,20,442,462,0.9567099567099567
ALL,223,1,21,441,462,0.9545454545454546
ALL,274,0,22,440,462,0.9523809523809523
ALL,51,1,22,440,462,0.9523809523809523
ALL,32,1,22,440,462,0.9523809523809523
ALL,233,1,23,439,462,0.9502164502164502
ALL,164,1,23,439,462,0.9502164502164502
ALL,232,1,23,439,462,0.9502164502164502
ALL,100,1,24,438,462,0.948051948051948
ALL,64,1,24,438,462,0.948051948051948
ALL,319,0,24,438,462,0.948051948051948
ALL,411,0,25,437,462,0.9458874458874459
ALL,66,1,26,436,462,0.9437229437229437
ALL,266,0,26,436,462,0.9437229437229437
ALL,35,1,26,436,462,0.9437229437229437
ALL,188,1,27,435,462,0.9415584415584416
ALL,193,1,28,434,462,0.9393939393939394
ALL,156,1,28,434,462,0.9393939393939394
ALL,334,0,29,433,462,0.9372294372294372
ALL,196,1,29,433,462,0.9372294372294372
ALL,422,0,32,430,462,0.9307359307359307
ALL,20,1,32,430,462,0.9307359307359307
ALL,2,1,33,429,462,0.9285714285714286
ALL,56,1,33,429,462,0.9285714285714286
ALL,42,1,34,428,462,0.9264069264069265
ALL,360,0,34,428,462,0.9264069264069265
ALL,110,1,35,427,462,0.9242424242424242
ALL,86,1,37,425,462,0.9199134199134199
ALL,75,1,37,425,462,0.9199134199134199
ALL,182,1,38,424,462,0.9177489177489178
ALL,227,1,38,424,462,0.9177489177489178
ALL,479,0,38,424,462,0.9177489177489178
ALL,129,1,38,424,462,0.9177489177489178
ALL,224,1,39,423,462,0.9155844155844156
ALL,65,1,39,423,462,0.9155844155844156
ALL,21,1,40,422,462,0.9134199134199135
ALL,11,1,41,421,462,0.9112554112554112
ALL,72,1,41,421,462,0.9112554112554112
ALL,352,0,41,421,462,0.9112554112554112
ALL,447,0,41,421,462,0.9112554112554112
ALL,115,1,42,420,462,0.9090909090909091
ALL,235,1,47,415,462,0.8982683982683982
ALL,287,0,48,414,462,0.8961038961038961
ALL,303,0,48,414,462,0.8961038961038961
ALL,389,0,48,414,462,0.8961038961038961
ALL,203,1,49,413,462,0.8939393939393939
ALL,269,0,49,413,462,0.8939393939393939
ALL,249,1,51,411,462,0.8896103896103896
ALL,190,1,53,409,462,0.8852813852813853
ALL,394,0,55,407,462,0.8809523809523809
ALL,270,0,55,407,462,0.8809523809523809
ALL,355,0,56,406,462,0.8787878787878788
ALL,128,1,56,406,462,0.8787878787878788
ALL,149,1,56,406,462,0.8787878787878788
ALL,409,0,58,404,462,0.8744588744588745
ALL,92,1,58,404,462,0.8744588744588745
ALL,286,0,60,402,462,0.8701298701298701
ALL,189,1,60,402,462,0.8701298701298701
ALL,496,0,60,402,462,0.8701298701298701
ALL,121,1,62,400,462,0.8658008658008658
ALL,423,0,63,399,462,0.8636363636363636
ALL,48,1,65,397,462,0.8593073593073594
ALL,218,1,67,395,462,0.854978354978355
ALL,133,1,69,393,462,0.8506493506493507
ALL,234,1,70,392,462,0.8484848484848485
ALL,77,1,71,391,462,0.8463203463203464
ALL,419,0,71,391,462,0.8463203463203464
ALL,45,1,72,390,462,0.8441558441558441
ALL,122,1,72,390,462,0.8441558441558441
ALL,119,1,73,389,462,0.841991341991342
ALL,312,0,74,388,462,0.8398268398268398
ALL,183,1,74,388,462,0.8398268398268398
ALL,365,0,76,386,462,0.8354978354978355
ALL,165,1,76,386,462,0.8354978354978355
ALL,194,1,77,385,462,0.8333333333333334
ALL,245,1,77,385,462,0.8333333333333334
ALL,163,1,78,384,462,0.8311688311688312
ALL,315,0,78,384,462,0.8311688311688312
ALL,105,1,80,382,462,0.8268398268398268
ALL,363,0,80,382,462,0.8268398268398268
ALL,341,0,81,381,462,0.8246753246753247
ALL,438,0,81,381,462,0.8246753246753247
ALL,402,0,82,380,462,0.8225108225108225
ALL,384,0,84,378,462,0.8181818181818182
ALL,127,1,84,378,462,0.8181818181818182
ALL,58,1,84,378,462,0.8181818181818182
ALL,200,1,85,377,462,0.816017316017316
ALL,101,1,86,376,462,0.8138528138528138
ALL,99,1,87,375,462,0.8116883116883117
ALL,116,1,88,374,462,0.8095238095238095
ALL,358,0,88,374,462,0.8095238095238095
ALL,401,0,88,374,462,0.8095238095238095
ALL,298,0,89,373,462,0.8073593073593074
ALL,171,1,90,372,462,0.8051948051948052
ALL,230,1,91,371,462,0.803030303030303
ALL,370,0,92,370,462,0.8008658008658008
ALL,12,1,93,369,462,0.7987012987012987
ALL,148,1,94,368,462,0.7965367965367965
ALL,136,1,94,368,462,0.7965367965367965
ALL,309,0,94,368,462,0.7965367965367965
ALL,19,1,96,366,462,0.7922077922077922
ALL,433,0,97,365,462,0.79004329004329
ALL,368,0,97,365,462,0.79004329004329
ALL,486,0,101,361,462,0.7813852813852814
ALL,379,0,103,359,462,0.7770562770562771
ALL,172,1,104,358,462,0.7748917748917749
ALL,13,1,104,358,462,0.7748917748917749
ALL,216,1,106,356,462,0.7705627705627706
ALL,316,0,107,355,462,0.7683982683982684
ALL,175,1,107,355,462,0.7683982683982684
ALL,161,1,107,355,462,0.7683982683982684
ALL,349,0,109,353,462,0.7640692640692641
ALL,276,0,109,353,462,0.7640692640692641
ALL,356,0,110,352,462,0.7619047619047619
ALL,162,1,112,350,462,0.7575757575757576
ALL,71,1,112,350,462,0.7575757575757576
ALL,29,1,114,348,462,0.7532467532467533
ALL,412,0,114,348,462,0.7532467532467533
ALL,268,0,116,346,462,0.7489177489177489
ALL,231,1,116,346,462,0.7489177489177489
ALL,481,0,117,345,462,0.7467532467532467
ALL,201,1,121,341,462,0.7380952380952381
ALL,371,0,122,340,462,0.7359307359307359
ALL,428,0,122,340,462,0.7359307359307359
ALL,49,1,125,337,462,0.7294372294372294
ALL,397,0,127,335,462,0.7251082251082251
ALL,0,1,128,334,462,0.7229437229437229
ALL,25,1,128,334,462,0.7229437229437229
ALL,225,1,132,330,462,0.7142857142857143
ALL,373,0,133,329,462,0.7121212121212122
ALL,185,1,135,327,462,0.7077922077922078
ALL,292,0,136,326,462,0.7056277056277056
ALL,6,1,138,324,462,0.7012987012987013
ALL,67,1,140,322,462,0.696969696969697
ALL,157,1,143,319,462,0.6904761904761905
ALL,480,0,143,319,462,0.6904761904761905
ALL,399,0,144,318,462,0.6883116883116883
ALL,239,1,145,317,462,0.6861471861471862
ALL,386,0,149,313,462,0.6774891774891775
ALL,113,1,151,311,462,0.6731601731601732
ALL,430,0,151,311,462,0.6731601731601732
ALL,476,0,152,310,462,0.670995670995671
ALL,126,1,155,307,462,0.6645021645021645
ALL,329,0,156,306,462,0.6623376623376623
ALL,30,1,157,305,462,0.6601731601731602
ALL,93,1,158,304,462,0.658008658008658
ALL,342,0,160,302,462,0.6536796536796536
ALL,317,0,165,297,462,0.6428571428571429
ALL,85,1,169,293,462,0.6341991341991342
ALL,451,0,173,289,462,0.6255411255411255
ALL,456,0,174,288,462,0.6233766233766234
ALL,43,1,177,285,462,0.6168831168831169
ALL,380,0,178,284,462,0.6147186147186147
ALL,180,1,179,283,462,0.6125541125541125
ALL,337,0,181,281,462,0.6082251082251082
ALL,73,1,182,280,462,0.6060606060606061
ALL,226,1,183,279,462,0.6038961038961039
ALL,327,0,183,279,462,0.6038961038961039
ALL,130,1,185,277,462,0.5995670995670995
ALL,5,1,187,275,462,0.5952380952380952
ALL,61,1,187,275,462,0.5952380952380952
ALL,435,0,187,275,462,0.5952380952380952
ALL,310,0,189,273,462,0.5909090909090909
ALL,288,0,190,272,462,0.5887445887445888
ALL,464,0,192,270,462,0.5844155844155844
ALL,454,0,192,270,462,0.5844155844155844
ALL,38,1,192,270,462,0.5844155844155844
ALL,306,0,193,269,462,0.5822510822510822
ALL,443,0,193,269,462,0.5822510822510822
ALL,324,0,194,268,462,0.5800865800865801
ALL,220,1,195,267,462,0.577922077922078
ALL,169,1,195,267,462,0.577922077922078
ALL,499,0,195,267,462,0.577922077922078
ALL,62,1,198,264,462,0.5714285714285714
ALL,441,0,202,260,462,0.5627705627705628
ALL,385,0,204,258,462,0.5584415584415584
ALL,281,0,207,255,462,0.551948051948052
ALL,89,1,208,254,462,0.5497835497835498
ALL,444,0,208,254,462,0.5497835497835498
ALL,280,0,211,251,462,0.5432900432900433
ALL,79,1,211,251,462,0.5432900432900433
ALL,305,0,215,247,462,0.5346320346320347
ALL,396,0,217,245,462,0.5303030303030303
ALL,258,0,219,243,462,0.525974025974026
ALL,374,0,221,241,462,0.5216450216450217
ALL,229,1,223,239,462,0.5173160173160173
ALL,4,1,224,238,462,0.5151515151515151
ALL,482,0,224,238,462,0.5151515151515151
ALL,173,1,225,237,462,0.512987012987013
ALL,170,1,225,237,462,0.512987012987013
ALL,192,1,226,236,462,0.5108225108225108
ALL,265,0,226,236,462,0.5108225108225108
ALL,491,0,228,234,462,0.5064935064935064
ALL,168,1,228,234,462,0.5064935064935064
ALL,145,1,229,233,462,0.5043290043290043
ALL,24,1,235,227,462,0.49134199134199136
ALL,52,1,235,227,462,0.49134199134199136
ALL,261,0,237,225,462,0.487012987012987
ALL,437,0,237,225,462,0.487012987012987
ALL,297,0,238,224,462,0.48484848484848486
ALL,378,0,238,224,462,0.48484848484848486
ALL,339,0,238,224,462,0.48484848484848486
ALL,470,0,239,223,462,0.48268398268398266
ALL,493,0,239,223,462,0.48268398268398266
ALL,406,0,240,222,462,0.4805194805194805
ALL,262,0,240,222,462,0.4805194805194805
ALL,417,0,243,219,462,0.474025974025974
ALL,37,1,243,219,462,0.474025974025974
ALL,420,0,243,219,462,0.474025974025974
ALL,144,1,244,218,462,0.47186147186147187
ALL,376,0,244,218,462,0.47186147186147187
ALL,333,0,250,212,462,0.4588744588744589
ALL,284,0,251,211,462,0.45670995670995673
ALL,445,0,253,209,462,0.4523809523809524
ALL,124,1,254,208,462,0.45021645021645024
ALL,345,0,254,208,462,0.45021645021645024
ALL,219,1,255,207,462,0.44805194805194803
ALL,366,0,256,206,462,0.4458874458874459
ALL,461,0,259,203,462,0.4393939393939394
ALL,390,0,260,202,462,0.43722943722943725
ALL,111,1,261,201,462,0.43506493506493504
ALL,403,0,262,200,462,0.4329004329004329
ALL,453,0,267,195,462,0.42207792207792205
ALL,313,0,267,195,462,0.42207792207792205
ALL,458,0,269,193,462,0.41774891774891776
ALL,253,0,270,192,462,0.4155844155844156
ALL,7,1,270,192,462,0.4155844155844156
ALL,141,1,274,188,462,0.4069264069264069
ALL,382,0,274,188,462,0.4069264069264069
ALL,405,0,276,186,462,0.4025974025974026
ALL,204,1,277,185,462,0.4004329004329004
ALL,387,0,281,181,462,0.3917748917748918
ALL,27,1,282,180,462,0.38961038961038963
ALL,18,1,285,177,462,0.38311688311688313
ALL,198,1,289,173,462,0.37445887445887444
ALL,408,0,297,165,462,0.35714285714285715
ALL,9,1,298,164,462,0.354978354978355
ALL,228,1,298,164,462,0.354978354978355
ALL,143,1,300,162,462,0.35064935064935066
ALL,181,1,301,161,462,0.3484848484848485
ALL,88,1,301,161,462,0.3484848484848485
ALL,314,0,302,160,462,0.3463203463203463
ALL,471,0,304,158,462,0.341991341991342
ALL,340,0,304,158,462,0.341991341991342
ALL,212,1,304,158,462,0.341991341991342
ALL,325,0,306,156,462,0.33766233766233766
ALL,271,0,307,155,462,0.3354978354978355
ALL,159,1,308,154,462,0.3333333333333333
ALL,483,0,310,152,462,0.329004329004329
ALL,344,0,314,148,462,0.3203463203463203
ALL,17,1,316,146,462,0.31601731601731603
ALL,475,0,318,144,462,0.3116883116883117
ALL,362,0,318,144,462,0.3116883116883117
ALL,252,0,320,142,462,0.30735930735930733
ALL,490,0,321,141,462,0.3051948051948052
ALL,346,0,325,137,462,0.29653679653679654
ALL,497,0,326,136,462,0.2943722943722944
ALL,439,0,327,135,462,0.2922077922077922
ALL,484,0,328,134,462,0.29004329004329005
ALL,57,1,329,133,462,0.2878787878787879
ALL,248,1,332,130,462,0.2813852813852814
ALL,247,1,337,125,462,0.27056277056277056
ALL,195,1,339,123,462,0.2662337662337662
ALL,120,1,339,123,462,0.2662337662337662
ALL,331,0,340,122,462,0.26406926406926406
ALL,472,0,343,119,462,0.25757575757575757
ALL,393,0,345,117,462,0.2532467532467532
ALL,184,1,349,113,462,0.24458874458874458
ALL,123,1,349,113,462,0.24458874458874458
ALL,463,0,349,113,462,0.24458874458874458
ALL,257,0,351,111,462,0.24025974025974026
ALL,465,0,352,110,462,0.23809523809523808
ALL,307,0,352,110,462,0.23809523809523808
ALL,357,0,355,107,462,0.23160173160173161
ALL,416,0,355,107,462,0.23160173160173161
ALL,455,0,357,105,462,0.22727272727272727
ALL,26,1,358,104,462,0.22510822510822512
ALL,424,0,358,104,462,0.22510822510822512
ALL,177,1,363,99,462,0.21428571428571427
ALL,264,0,363,99,462,0.21428571428571427
ALL,418,0,364,98,462,0.21212121212121213
ALL,432,0,366,96,462,0.2077922077922078
ALL,391,0,367,95,462,0.20562770562770563
ALL,364,0,368,94,462,0.20346320346320346
ALL,462,0,375,87,462,0.18831168831168832
ALL,302,0,378,84,462,0.18181818181818182
ALL,263,0,381,81,462,0.17532467532467533
ALL,332,0,382,80,462,0.17316017316017315
ALL,8,1,385,77,462,0.16666666666666666
ALL,343,0,387,75,462,0.16233766233766234
ALL,392,0,390,72,462,0.15584415584415584
ALL,377,0,391,71,462,0.15367965367965367
ALL,489,0,393,69,462,0.14935064935064934
ALL,436,0,394,68,462,0.1471861471861472
ALL,158,1,394,68,462,0.1471861471861472
ALL,414,0,395,67,462,0.14502164502164502
ALL,138,1,395,67,462,0.14502164502164502
ALL,155,1,404,58,462,0.12554112554112554
ALL,318,0,409,53,462,0.11471861471861472
ALL,442,0,410,52,462,0.11255411255411256
ALL,477,0,412,50,462,0.10822510822510822
ALL,76,1,416,46,462,0.09956709956709957
ALL,293,0,420,42,462,0.09090909090909091
ALL,47,1,422,40,462,0.08658008658008658
ALL,473,0,422,40,462,0.08658008658008658
ALL,466,0,424,38,462,0.08225108225108226
ALL,178,1,425,37,462,0.08008658008658008
ALL,395,0,427,35,462,0.07575757575757576
ALL,450,0,430,32,462,0.06926406926406926
ALL,492,0,442,20,462,0.04329004329004329
ALL,404,0,443,19,462,0.04112554112554113
ALL,282,0,443,19,462,0.04112554112554113
ALL,410,0,444,18,462,0.03896103896103896
ALL,311,0,446,16,462,0.03463203463203463
ALL,429,0,447,15,462,0.032467532467532464
ALL,467,0,448,14,462,0.030303030303030304
ALL,398,0,448,14,462,0.030303030303030304
ALL,254,0,450,12,462,0.025974025974025976
ALL,328,0,450,12,462,0.025974025974025976
ALL,323,0,451,11,462,0.023809523809523808
ALL,381,0,451,11,462,0.023809523809523808
ALL,275,0,452,10,462,0.021645021645021644
ALL,278,0,453,9,462,0.01948051948051948
ALL,498,0,453,9,462,0.01948051948051948
ALL,348,0,453,9,462,0.01948051948051948
ALL,426,0,454,8,462,0.017316017316017316
ALL,440,0,455,7,462,0.015151515151515152
ALL,260,0,456,6,462,0.012987012987012988
ALL,251,0,458,4,462,0.008658008658008658
ALL,338,0,459,3,462,0.006493506493506494
ALL,495,0,460,2,462,0.004329004329004329
ALL,255,0,460,2,462,0.004329004329004329
ALL,354,0,460,2,462,0.004329004329004329
ALL,10,1,460,2,462,0.004329004329004329
ALL,407,0,460,2,462,0.004329004329004329
ALL,351,0,461,1,462,0.0021645021645021645
ALL,485,0,462,0,462,0.0
ALL,415,0,462,0,462,0.0
ALL,46,1,462,0,462,0.0
ALL,321,0,462,0,462,0.0
ALL,301,0,462,0,462,0.0
ALL,369,0,462,0,462,0.0
ALL,272,0,462,0,462,0.0
ALL,478,0,462,0,462,0.0
ALL,299,0,462,0,462,0.0
ALL,353,0,462,0,462,0.0
ALL,296,0,462,0,462,0.0
ALL,474,0,462,0,462,0.0
ALL,487,0,462,0,462,0.0
ALL,285,0,462,0,462,0.0
ALL,452,0,462,0,462,0.0
ALL,383,0,462,0,462,0.0
ALL,256,0,462,0,462,0.0
ALL,448,0,462,0,462,0.0
ALL,446,0,462,0,462,0.0
ALL,300,0,462,0,462,0.0
ALL,468,0,462,0,462,0.0
ALL,434,0,462,0,462,0.0
ALL,295,0,462,0,462,0.0
ALL,488,0,462,0,462,0.0
ALL,259,0,462,0,462,0.0
ALL,273,0,462,0,462,0.0
ALL,54,1,462,0,462,0.0
ALL,413,0,462,0,462,0.0
ALL,308,0,462,0,462,0.0
ALL,359,0,462,0,462,0.0
Apertus-8B-Instruct,361,0,0,77,77,1.0
Apertus-8B-Instruct,374,0,0,77,77,1.0
Apertus-8B-Instruct,394,0,0,77,77,1.0
Apertus-8B-Instruct,68,1,0,77,77,1.0
Apertus-8B-Instruct,194,1,0,77,77,1.0
Apertus-8B-Instruct,84,1,0,77,77,1.0
Apertus-8B-Instruct,371,0,0,77,77,1.0
Apertus-8B-Instruct,491,0,0,77,77,1.0
Apertus-8B-Instruct,280,0,0,77,77,1.0
Apertus-8B-Instruct,356,0,0,77,77,1.0
Apertus-8B-Instruct,211,1,0,77,77,1.0
Apertus-8B-Instruct,101,1,0,77,77,1.0
Apertus-8B-Instruct,334,0,0,77,77,1.0
Apertus-8B-Instruct,336,0,0,77,77,1.0
Apertus-8B-Instruct,2,1,0,77,77,1.0
Apertus-8B-Instruct,409,0,0,77,77,1.0
Apertus-8B-Instruct,70,1,0,77,77,1.0
Apertus-8B-Instruct,209,1,0,77,77,1.0
Apertus-8B-Instruct,63,1,0,77,77,1.0
Apertus-8B-Instruct,384,0,0,77,77,1.0
Apertus-8B-Instruct,33,1,0,77,77,1.0
Apertus-8B-Instruct,77,1,0,77,77,1.0
Apertus-8B-Instruct,0,1,0,77,77,1.0
Apertus-8B-Instruct,11,1,0,77,77,1.0
Apertus-8B-Instruct,22,1,0,77,77,1.0
Apertus-8B-Instruct,72,1,0,77,77,1.0
Apertus-8B-Instruct,182,1,0,77,77,1.0
Apertus-8B-Instruct,131,1,0,77,77,1.0
Apertus-8B-Instruct,193,1,0,77,77,1.0
Apertus-8B-Instruct,55,1,0,77,77,1.0
Apertus-8B-Instruct,148,1,0,77,77,1.0
Apertus-8B-Instruct,78,1,0,77,77,1.0
Apertus-8B-Instruct,494,0,0,77,77,1.0
Apertus-8B-Instruct,39,1,0,77,77,1.0
Apertus-8B-Instruct,451,0,0,77,77,1.0
Apertus-8B-Instruct,238,1,0,77,77,1.0
Apertus-8B-Instruct,352,0,0,77,77,1.0
Apertus-8B-Instruct,277,0,0,77,77,1.0
Apertus-8B-Instruct,290,0,0,77,77,1.0
Apertus-8B-Instruct,304,0,0,77,77,1.0
Apertus-8B-Instruct,69,1,0,77,77,1.0
Apertus-8B-Instruct,154,1,0,77,77,1.0
Apertus-8B-Instruct,82,1,0,77,77,1.0
Apertus-8B-Instruct,90,1,0,77,77,1.0
Apertus-8B-Instruct,431,0,0,77,77,1.0
Apertus-8B-Instruct,347,0,0,77,77,1.0
Apertus-8B-Instruct,86,1,0,77,77,1.0
Apertus-8B-Instruct,75,1,0,77,77,1.0
Apertus-8B-Instruct,438,0,0,77,77,1.0
Apertus-8B-Instruct,15,1,0,77,77,1.0
Apertus-8B-Instruct,19,1,0,77,77,1.0
Apertus-8B-Instruct,322,0,0,77,77,1.0
Apertus-8B-Instruct,56,1,0,77,77,1.0
Apertus-8B-Instruct,132,1,0,77,77,1.0
Apertus-8B-Instruct,137,1,0,77,77,1.0
Apertus-8B-Instruct,423,0,0,77,77,1.0
Apertus-8B-Instruct,335,0,0,77,77,1.0
Apertus-8B-Instruct,237,1,0,77,77,1.0
Apertus-8B-Instruct,117,1,0,77,77,1.0
Apertus-8B-Instruct,42,1,0,77,77,1.0
Apertus-8B-Instruct,176,1,0,77,77,1.0
Apertus-8B-Instruct,320,0,0,77,77,1.0
Apertus-8B-Instruct,153,1,0,77,77,1.0
Apertus-8B-Instruct,227,1,0,77,77,1.0
Apertus-8B-Instruct,203,1,0,77,77,1.0
Apertus-8B-Instruct,329,0,0,77,77,1.0
Apertus-8B-Instruct,31,1,0,77,77,1.0
Apertus-8B-Instruct,113,1,0,77,77,1.0
Apertus-8B-Instruct,140,1,0,77,77,1.0
Apertus-8B-Instruct,192,1,0,77,77,1.0
Apertus-8B-Instruct,66,1,0,77,77,1.0
Apertus-8B-Instruct,208,1,0,77,77,1.0
Apertus-8B-Instruct,479,0,0,77,77,1.0
Apertus-8B-Instruct,94,1,0,77,77,1.0
Apertus-8B-Instruct,266,0,0,77,77,1.0
Apertus-8B-Instruct,23,1,0,77,77,1.0
Apertus-8B-Instruct,222,1,0,77,77,1.0
Apertus-8B-Instruct,116,1,0,77,77,1.0
Apertus-8B-Instruct,45,1,0,77,77,1.0
Apertus-8B-Instruct,16,1,0,77,77,1.0
Apertus-8B-Instruct,3,1,0,77,77,1.0
Apertus-8B-Instruct,218,1,0,77,77,1.0
Apertus-8B-Instruct,60,1,0,77,77,1.0
Apertus-8B-Instruct,110,1,0,77,77,1.0
Apertus-8B-Instruct,428,0,0,77,77,1.0
Apertus-8B-Instruct,108,1,0,77,77,1.0
Apertus-8B-Instruct,118,1,0,77,77,1.0
Apertus-8B-Instruct,114,1,0,77,77,1.0
Apertus-8B-Instruct,175,1,0,77,77,1.0
Apertus-8B-Instruct,141,1,0,77,77,1.0
Apertus-8B-Instruct,365,0,0,77,77,1.0
Apertus-8B-Instruct,210,1,0,77,77,1.0
Apertus-8B-Instruct,375,0,0,77,77,1.0
Apertus-8B-Instruct,400,0,0,77,77,1.0
Apertus-8B-Instruct,109,1,0,77,77,1.0
Apertus-8B-Instruct,152,1,0,77,77,1.0
Apertus-8B-Instruct,367,0,0,77,77,1.0
Apertus-8B-Instruct,83,1,0,77,77,1.0
Apertus-8B-Instruct,245,1,0,77,77,1.0
Apertus-8B-Instruct,163,1,0,77,77,1.0
Apertus-8B-Instruct,199,1,0,77,77,1.0
Apertus-8B-Instruct,74,1,0,77,77,1.0
Apertus-8B-Instruct,358,0,0,77,77,1.0
Apertus-8B-Instruct,250,0,0,77,77,1.0
Apertus-8B-Instruct,234,1,0,77,77,1.0
Apertus-8B-Instruct,274,0,0,77,77,1.0
Apertus-8B-Instruct,36,1,0,77,77,1.0
Apertus-8B-Instruct,196,1,0,77,77,1.0
Apertus-8B-Instruct,244,1,0,77,77,1.0
Apertus-8B-Instruct,286,0,0,77,77,1.0
Apertus-8B-Instruct,6,1,0,77,77,1.0
Apertus-8B-Instruct,360,0,0,77,77,1.0
Apertus-8B-Instruct,150,1,0,77,77,1.0
Apertus-8B-Instruct,449,0,0,77,77,1.0
Apertus-8B-Instruct,103,1,0,77,77,1.0
Apertus-8B-Instruct,81,1,0,77,77,1.0
Apertus-8B-Instruct,167,1,0,77,77,1.0
Apertus-8B-Instruct,469,0,0,77,77,1.0
Apertus-8B-Instruct,146,1,0,77,77,1.0
Apertus-8B-Instruct,147,1,0,77,77,1.0
Apertus-8B-Instruct,368,0,0,77,77,1.0
Apertus-8B-Instruct,96,1,0,77,77,1.0
Apertus-8B-Instruct,97,1,0,77,77,1.0
Apertus-8B-Instruct,122,1,0,77,77,1.0
Apertus-8B-Instruct,183,1,0,77,77,1.0
Apertus-8B-Instruct,202,1,0,77,77,1.0
Apertus-8B-Instruct,246,1,0,77,77,1.0
Apertus-8B-Instruct,305,0,0,77,77,1.0
Apertus-8B-Instruct,298,0,0,77,77,1.0
Apertus-8B-Instruct,386,0,0,77,77,1.0
Apertus-8B-Instruct,125,1,0,77,77,1.0
Apertus-8B-Instruct,223,1,0,77,77,1.0
Apertus-8B-Instruct,289,0,0,77,77,1.0
Apertus-8B-Instruct,291,0,0,77,77,1.0
Apertus-8B-Instruct,355,0,0,77,77,1.0
Apertus-8B-Instruct,294,0,0,77,77,1.0
Apertus-8B-Instruct,112,1,0,77,77,1.0
Apertus-8B-Instruct,179,1,0,77,77,1.0
Apertus-8B-Instruct,422,0,0,77,77,1.0
Apertus-8B-Instruct,233,1,0,77,77,1.0
Apertus-8B-Instruct,164,1,0,77,77,1.0
Apertus-8B-Instruct,136,1,0,77,77,1.0
Apertus-8B-Instruct,197,1,0,77,77,1.0
Apertus-8B-Instruct,232,1,0,77,77,1.0
Apertus-8B-Instruct,115,1,0,77,77,1.0
Apertus-8B-Instruct,402,0,0,77,77,1.0
Apertus-8B-Instruct,107,1,0,77,77,1.0
Apertus-8B-Instruct,133,1,0,77,77,1.0
Apertus-8B-Instruct,44,1,0,77,77,1.0
Apertus-8B-Instruct,460,0,0,77,77,1.0
Apertus-8B-Instruct,65,1,0,77,77,1.0
Apertus-8B-Instruct,283,0,0,77,77,1.0
Apertus-8B-Instruct,85,1,0,77,77,1.0
Apertus-8B-Instruct,242,1,0,77,77,1.0
Apertus-8B-Instruct,186,1,0,77,77,1.0
Apertus-8B-Instruct,28,1,0,77,77,1.0
Apertus-8B-Instruct,170,1,0,77,77,1.0
Apertus-8B-Instruct,342,0,0,77,77,1.0
Apertus-8B-Instruct,221,1,0,77,77,1.0
Apertus-8B-Instruct,95,1,0,77,77,1.0
Apertus-8B-Instruct,51,1,0,77,77,1.0
Apertus-8B-Instruct,240,1,0,77,77,1.0
Apertus-8B-Instruct,41,1,0,77,77,1.0
Apertus-8B-Instruct,421,0,0,77,77,1.0
Apertus-8B-Instruct,206,1,0,77,77,1.0
Apertus-8B-Instruct,100,1,0,77,77,1.0
Apertus-8B-Instruct,213,1,0,77,77,1.0
Apertus-8B-Instruct,171,1,0,77,77,1.0
Apertus-8B-Instruct,98,1,0,77,77,1.0
Apertus-8B-Instruct,215,1,0,77,77,1.0
Apertus-8B-Instruct,32,1,0,77,77,1.0
Apertus-8B-Instruct,267,0,0,77,77,1.0
Apertus-8B-Instruct,200,1,0,77,77,1.0
Apertus-8B-Instruct,288,0,0,77,77,1.0
Apertus-8B-Instruct,425,0,0,77,77,1.0
Apertus-8B-Instruct,135,1,0,77,77,1.0
Apertus-8B-Instruct,128,1,0,77,77,1.0
Apertus-8B-Instruct,476,0,0,77,77,1.0
Apertus-8B-Instruct,326,0,0,77,77,1.0
Apertus-8B-Instruct,64,1,0,77,77,1.0
Apertus-8B-Instruct,14,1,0,77,77,1.0
Apertus-8B-Instruct,156,1,0,77,77,1.0
Apertus-8B-Instruct,40,1,0,77,77,1.0
Apertus-8B-Instruct,379,0,0,77,77,1.0
Apertus-8B-Instruct,216,1,0,77,77,1.0
Apertus-8B-Instruct,279,0,0,77,77,1.0
Apertus-8B-Instruct,430,0,0,77,77,1.0
Apertus-8B-Instruct,337,0,0,77,77,1.0
Apertus-8B-Instruct,236,1,0,77,77,1.0
Apertus-8B-Instruct,207,1,0,77,77,1.0
Apertus-8B-Instruct,457,0,0,77,77,1.0
Apertus-8B-Instruct,486,0,0,77,77,1.0
Apertus-8B-Instruct,303,0,0,77,77,1.0
Apertus-8B-Instruct,350,0,0,77,77,1.0
Apertus-8B-Instruct,269,0,0,77,77,1.0
Apertus-8B-Instruct,201,1,0,77,77,1.0
Apertus-8B-Instruct,161,1,0,77,77,1.0
Apertus-8B-Instruct,43,1,0,77,77,1.0
Apertus-8B-Instruct,217,1,0,77,77,1.0
Apertus-8B-Instruct,401,0,0,77,77,1.0
Apertus-8B-Instruct,190,1,0,77,77,1.0
Apertus-8B-Instruct,105,1,0,77,77,1.0
Apertus-8B-Instruct,53,1,0,77,77,1.0
Apertus-8B-Instruct,389,0,0,77,77,1.0
Apertus-8B-Instruct,1,1,0,77,77,1.0
Apertus-8B-Instruct,482,0,0,77,77,1.0
Apertus-8B-Instruct,49,1,0,77,77,1.0
Apertus-8B-Instruct,80,1,0,77,77,1.0
Apertus-8B-Instruct,205,1,0,77,77,1.0
Apertus-8B-Instruct,34,1,0,77,77,1.0
Apertus-8B-Instruct,427,0,0,77,77,1.0
Apertus-8B-Instruct,91,1,0,77,77,1.0
Apertus-8B-Instruct,241,1,0,77,77,1.0
Apertus-8B-Instruct,315,0,0,77,77,1.0
Apertus-8B-Instruct,387,0,0,77,77,1.0
Apertus-8B-Instruct,166,1,0,77,77,1.0
Apertus-8B-Instruct,134,1,0,77,77,1.0
Apertus-8B-Instruct,306,0,0,77,77,1.0
Apertus-8B-Instruct,319,0,0,77,77,1.0
Apertus-8B-Instruct,243,1,0,77,77,1.0
Apertus-8B-Instruct,50,1,0,77,77,1.0
Apertus-8B-Instruct,174,1,0,77,77,1.0
Apertus-8B-Instruct,189,1,0,77,77,1.0
Apertus-8B-Instruct,496,0,0,77,77,1.0
Apertus-8B-Instruct,187,1,0,77,77,1.0
Apertus-8B-Instruct,58,1,0,77,77,1.0
Apertus-8B-Instruct,235,1,0,77,77,1.0
Apertus-8B-Instruct,21,1,0,77,77,1.0
Apertus-8B-Instruct,459,0,0,77,77,1.0
Apertus-8B-Instruct,160,1,0,77,77,1.0
Apertus-8B-Instruct,276,0,0,77,77,1.0
Apertus-8B-Instruct,443,0,0,77,77,1.0
Apertus-8B-Instruct,191,1,0,77,77,1.0
Apertus-8B-Instruct,149,1,0,77,77,1.0
Apertus-8B-Instruct,151,1,0,77,77,1.0
Apertus-8B-Instruct,99,1,0,77,77,1.0
Apertus-8B-Instruct,372,0,0,77,77,1.0
Apertus-8B-Instruct,87,1,0,77,77,1.0
Apertus-8B-Instruct,330,0,0,77,77,1.0
Apertus-8B-Instruct,214,1,0,77,77,1.0
Apertus-8B-Instruct,121,1,0,77,77,1.0
Apertus-8B-Instruct,20,1,0,77,77,1.0
Apertus-8B-Instruct,71,1,0,77,77,1.0
Apertus-8B-Instruct,106,1,0,77,77,1.0
Apertus-8B-Instruct,270,0,0,77,77,1.0
Apertus-8B-Instruct,102,1,0,77,77,1.0
Apertus-8B-Instruct,104,1,1,76,77,0.987012987012987
Apertus-8B-Instruct,124,1,1,76,77,0.987012987012987
Apertus-8B-Instruct,341,0,1,76,77,0.987012987012987
Apertus-8B-Instruct,312,0,1,76,77,0.987012987012987
Apertus-8B-Instruct,324,0,1,76,77,0.987012987012987
Apertus-8B-Instruct,126,1,1,76,77,0.987012987012987
Apertus-8B-Instruct,119,1,1,76,77,0.987012987012987
Apertus-8B-Instruct,59,1,1,76,77,0.987012987012987
Apertus-8B-Instruct,239,1,1,76,77,0.987012987012987
Apertus-8B-Instruct,349,0,1,76,77,0.987012987012987
Apertus-8B-Instruct,411,0,1,76,77,0.987012987012987
Apertus-8B-Instruct,12,1,1,76,77,0.987012987012987
Apertus-8B-Instruct,142,1,1,76,77,0.987012987012987
Apertus-8B-Instruct,412,0,1,76,77,0.987012987012987
Apertus-8B-Instruct,363,0,1,76,77,0.987012987012987
Apertus-8B-Instruct,499,0,1,76,77,0.987012987012987
Apertus-8B-Instruct,30,1,2,75,77,0.974025974025974
Apertus-8B-Instruct,231,1,2,75,77,0.974025974025974
Apertus-8B-Instruct,453,0,2,75,77,0.974025974025974
Apertus-8B-Instruct,447,0,2,75,77,0.974025974025974
Apertus-8B-Instruct,370,0,2,75,77,0.974025974025974
Apertus-8B-Instruct,35,1,2,75,77,0.974025974025974
Apertus-8B-Instruct,327,0,2,75,77,0.974025974025974
Apertus-8B-Instruct,93,1,3,74,77,0.961038961038961
Apertus-8B-Instruct,157,1,3,74,77,0.961038961038961
Apertus-8B-Instruct,67,1,3,74,77,0.961038961038961
Apertus-8B-Instruct,380,0,3,74,77,0.961038961038961
Apertus-8B-Instruct,287,0,3,74,77,0.961038961038961
Apertus-8B-Instruct,481,0,3,74,77,0.961038961038961
Apertus-8B-Instruct,344,0,3,74,77,0.961038961038961
Apertus-8B-Instruct,9,1,4,73,77,0.948051948051948
Apertus-8B-Instruct,388,0,4,73,77,0.948051948051948
Apertus-8B-Instruct,79,1,4,73,77,0.948051948051948
Apertus-8B-Instruct,25,1,4,73,77,0.948051948051948
Apertus-8B-Instruct,417,0,4,73,77,0.948051948051948
Apertus-8B-Instruct,38,1,4,73,77,0.948051948051948
Apertus-8B-Instruct,317,0,5,72,77,0.935064935064935
Apertus-8B-Instruct,261,0,5,72,77,0.935064935064935
Apertus-8B-Instruct,165,1,5,72,77,0.935064935064935
Apertus-8B-Instruct,188,1,5,72,77,0.935064935064935
Apertus-8B-Instruct,316,0,6,71,77,0.922077922077922
Apertus-8B-Instruct,92,1,6,71,77,0.922077922077922
Apertus-8B-Instruct,397,0,6,71,77,0.922077922077922
Apertus-8B-Instruct,230,1,6,71,77,0.922077922077922
Apertus-8B-Instruct,162,1,6,71,77,0.922077922077922
Apertus-8B-Instruct,248,1,7,70,77,0.9090909090909091
Apertus-8B-Instruct,226,1,7,70,77,0.9090909090909091
Apertus-8B-Instruct,339,0,7,70,77,0.9090909090909091
Apertus-8B-Instruct,265,0,8,69,77,0.8961038961038961
Apertus-8B-Instruct,399,0,8,69,77,0.8961038961038961
Apertus-8B-Instruct,378,0,8,69,77,0.8961038961038961
Apertus-8B-Instruct,62,1,8,69,77,0.8961038961038961
Apertus-8B-Instruct,73,1,9,68,77,0.8831168831168831
Apertus-8B-Instruct,172,1,9,68,77,0.8831168831168831
Apertus-8B-Instruct,433,0,9,68,77,0.8831168831168831
Apertus-8B-Instruct,470,0,9,68,77,0.8831168831168831
Apertus-8B-Instruct,168,1,9,68,77,0.8831168831168831
Apertus-8B-Instruct,493,0,9,68,77,0.8831168831168831
Apertus-8B-Instruct,420,0,9,68,77,0.8831168831168831
Apertus-8B-Instruct,419,0,9,68,77,0.8831168831168831
Apertus-8B-Instruct,13,1,9,68,77,0.8831168831168831
Apertus-8B-Instruct,139,1,10,67,77,0.8701298701298701
Apertus-8B-Instruct,357,0,11,66,77,0.8571428571428571
Apertus-8B-Instruct,258,0,11,66,77,0.8571428571428571
Apertus-8B-Instruct,48,1,11,66,77,0.8571428571428571
Apertus-8B-Instruct,24,1,12,65,77,0.8441558441558441
Apertus-8B-Instruct,310,0,12,65,77,0.8441558441558441
Apertus-8B-Instruct,228,1,13,64,77,0.8311688311688312
Apertus-8B-Instruct,382,0,13,64,77,0.8311688311688312
Apertus-8B-Instruct,89,1,13,64,77,0.8311688311688312
Apertus-8B-Instruct,396,0,13,64,77,0.8311688311688312
Apertus-8B-Instruct,456,0,13,64,77,0.8311688311688312
Apertus-8B-Instruct,169,1,13,64,77,0.8311688311688312
Apertus-8B-Instruct,249,1,14,63,77,0.8181818181818182
Apertus-8B-Instruct,464,0,14,63,77,0.8181818181818182
Apertus-8B-Instruct,129,1,14,63,77,0.8181818181818182
Apertus-8B-Instruct,292,0,14,63,77,0.8181818181818182
Apertus-8B-Instruct,406,0,15,62,77,0.8051948051948052
Apertus-8B-Instruct,173,1,16,61,77,0.7922077922077922
Apertus-8B-Instruct,483,0,16,61,77,0.7922077922077922
Apertus-8B-Instruct,52,1,17,60,77,0.7792207792207793
Apertus-8B-Instruct,490,0,18,59,77,0.7662337662337663
Apertus-8B-Instruct,253,0,18,59,77,0.7662337662337663
Apertus-8B-Instruct,111,1,18,59,77,0.7662337662337663
Apertus-8B-Instruct,57,1,19,58,77,0.7532467532467533
Apertus-8B-Instruct,225,1,19,58,77,0.7532467532467533
Apertus-8B-Instruct,390,0,20,57,77,0.7402597402597403
Apertus-8B-Instruct,224,1,20,57,77,0.7402597402597403
Apertus-8B-Instruct,281,0,21,56,77,0.7272727272727273
Apertus-8B-Instruct,29,1,21,56,77,0.7272727272727273
Apertus-8B-Instruct,219,1,21,56,77,0.7272727272727273
Apertus-8B-Instruct,435,0,21,56,77,0.7272727272727273
Apertus-8B-Instruct,17,1,22,55,77,0.7142857142857143
Apertus-8B-Instruct,284,0,22,55,77,0.7142857142857143
Apertus-8B-Instruct,416,0,24,53,77,0.6883116883116883
Apertus-8B-Instruct,127,1,26,51,77,0.6623376623376623
Apertus-8B-Instruct,61,1,26,51,77,0.6623376623376623
Apertus-8B-Instruct,309,0,26,51,77,0.6623376623376623
Apertus-8B-Instruct,262,0,27,50,77,0.6493506493506493
Apertus-8B-Instruct,461,0,28,49,77,0.6363636363636364
Apertus-8B-Instruct,130,1,29,48,77,0.6233766233766234
Apertus-8B-Instruct,18,1,31,46,77,0.5974025974025974
Apertus-8B-Instruct,268,0,31,46,77,0.5974025974025974
Apertus-8B-Instruct,432,0,31,46,77,0.5974025974025974
Apertus-8B-Instruct,480,0,32,45,77,0.5844155844155844
Apertus-8B-Instruct,159,1,33,44,77,0.5714285714285714
Apertus-8B-Instruct,376,0,36,41,77,0.5324675324675324
Apertus-8B-Instruct,403,0,36,41,77,0.5324675324675324
Apertus-8B-Instruct,463,0,38,39,77,0.5064935064935064
Apertus-8B-Instruct,185,1,39,38,77,0.4935064935064935
Apertus-8B-Instruct,123,1,39,38,77,0.4935064935064935
Apertus-8B-Instruct,5,1,40,37,77,0.4805194805194805
Apertus-8B-Instruct,405,0,40,37,77,0.4805194805194805
Apertus-8B-Instruct,364,0,43,34,77,0.44155844155844154
Apertus-8B-Instruct,441,0,44,33,77,0.42857142857142855
Apertus-8B-Instruct,76,1,46,31,77,0.4025974025974026
Apertus-8B-Instruct,144,1,46,31,77,0.4025974025974026
Apertus-8B-Instruct,444,0,46,31,77,0.4025974025974026
Apertus-8B-Instruct,252,0,46,31,77,0.4025974025974026
Apertus-8B-Instruct,393,0,52,25,77,0.3246753246753247
Apertus-8B-Instruct,373,0,54,23,77,0.2987012987012987
Apertus-8B-Instruct,408,0,55,22,77,0.2857142857142857
Apertus-8B-Instruct,120,1,55,22,77,0.2857142857142857
Apertus-8B-Instruct,198,1,56,21,77,0.2727272727272727
Apertus-8B-Instruct,37,1,58,19,77,0.24675324675324675
Apertus-8B-Instruct,345,0,58,19,77,0.24675324675324675
Apertus-8B-Instruct,346,0,59,18,77,0.23376623376623376
Apertus-8B-Instruct,7,1,60,17,77,0.22077922077922077
Apertus-8B-Instruct,385,0,60,17,77,0.22077922077922077
Apertus-8B-Instruct,220,1,61,16,77,0.2077922077922078
Apertus-8B-Instruct,4,1,62,15,77,0.19480519480519481
Apertus-8B-Instruct,445,0,62,15,77,0.19480519480519481
Apertus-8B-Instruct,293,0,63,14,77,0.18181818181818182
Apertus-8B-Instruct,362,0,66,11,77,0.14285714285714285
Apertus-8B-Instruct,181,1,66,11,77,0.14285714285714285
Apertus-8B-Instruct,180,1,67,10,77,0.12987012987012986
Apertus-8B-Instruct,229,1,68,9,77,0.11688311688311688
Apertus-8B-Instruct,439,0,68,9,77,0.11688311688311688
Apertus-8B-Instruct,455,0,70,7,77,0.09090909090909091
Apertus-8B-Instruct,465,0,70,7,77,0.09090909090909091
Apertus-8B-Instruct,436,0,70,7,77,0.09090909090909091
Apertus-8B-Instruct,492,0,70,7,77,0.09090909090909091
Apertus-8B-Instruct,366,0,71,6,77,0.07792207792207792
Apertus-8B-Instruct,26,1,72,5,77,0.06493506493506493
Apertus-8B-Instruct,195,1,72,5,77,0.06493506493506493
Apertus-8B-Instruct,395,0,72,5,77,0.06493506493506493
Apertus-8B-Instruct,307,0,72,5,77,0.06493506493506493
Apertus-8B-Instruct,271,0,73,4,77,0.05194805194805195
Apertus-8B-Instruct,462,0,73,4,77,0.05194805194805195
Apertus-8B-Instruct,381,0,74,3,77,0.03896103896103896
Apertus-8B-Instruct,392,0,74,3,77,0.03896103896103896
Apertus-8B-Instruct,484,0,74,3,77,0.03896103896103896
Apertus-8B-Instruct,27,1,74,3,77,0.03896103896103896
Apertus-8B-Instruct,472,0,75,2,77,0.025974025974025976
Apertus-8B-Instruct,437,0,75,2,77,0.025974025974025976
Apertus-8B-Instruct,454,0,75,2,77,0.025974025974025976
Apertus-8B-Instruct,314,0,75,2,77,0.025974025974025976
Apertus-8B-Instruct,263,0,75,2,77,0.025974025974025976
Apertus-8B-Instruct,313,0,75,2,77,0.025974025974025976
Apertus-8B-Instruct,471,0,76,1,77,0.012987012987012988
Apertus-8B-Instruct,351,0,76,1,77,0.012987012987012988
Apertus-8B-Instruct,311,0,76,1,77,0.012987012987012988
Apertus-8B-Instruct,178,1,76,1,77,0.012987012987012988
Apertus-8B-Instruct,47,1,76,1,77,0.012987012987012988
Apertus-8B-Instruct,8,1,76,1,77,0.012987012987012988
Apertus-8B-Instruct,155,1,77,0,77,0.0
Apertus-8B-Instruct,377,0,77,0,77,0.0
Apertus-8B-Instruct,450,0,77,0,77,0.0
Apertus-8B-Instruct,495,0,77,0,77,0.0
Apertus-8B-Instruct,497,0,77,0,77,0.0
Apertus-8B-Instruct,475,0,77,0,77,0.0
Apertus-8B-Instruct,440,0,77,0,77,0.0
Apertus-8B-Instruct,333,0,77,0,77,0.0
Apertus-8B-Instruct,485,0,77,0,77,0.0
Apertus-8B-Instruct,415,0,77,0,77,0.0
Apertus-8B-Instruct,410,0,77,0,77,0.0
Apertus-8B-Instruct,204,1,77,0,77,0.0
Apertus-8B-Instruct,323,0,77,0,77,0.0
Apertus-8B-Instruct,46,1,77,0,77,0.0
Apertus-8B-Instruct,391,0,77,0,77,0.0
Apertus-8B-Instruct,477,0,77,0,77,0.0
Apertus-8B-Instruct,321,0,77,0,77,0.0
Apertus-8B-Instruct,414,0,77,0,77,0.0
Apertus-8B-Instruct,278,0,77,0,77,0.0
Apertus-8B-Instruct,332,0,77,0,77,0.0
Apertus-8B-Instruct,301,0,77,0,77,0.0
Apertus-8B-Instruct,331,0,77,0,77,0.0
Apertus-8B-Instruct,247,1,77,0,77,0.0
Apertus-8B-Instruct,426,0,77,0,77,0.0
Apertus-8B-Instruct,318,0,77,0,77,0.0
Apertus-8B-Instruct,489,0,77,0,77,0.0
Apertus-8B-Instruct,369,0,77,0,77,0.0
Apertus-8B-Instruct,404,0,77,0,77,0.0
Apertus-8B-Instruct,275,0,77,0,77,0.0
Apertus-8B-Instruct,272,0,77,0,77,0.0
Apertus-8B-Instruct,145,1,77,0,77,0.0
Apertus-8B-Instruct,467,0,77,0,77,0.0
Apertus-8B-Instruct,478,0,77,0,77,0.0
Apertus-8B-Instruct,299,0,77,0,77,0.0
Apertus-8B-Instruct,255,0,77,0,77,0.0
Apertus-8B-Instruct,354,0,77,0,77,0.0
Apertus-8B-Instruct,353,0,77,0,77,0.0
Apertus-8B-Instruct,338,0,77,0,77,0.0
Apertus-8B-Instruct,158,1,77,0,77,0.0
Apertus-8B-Instruct,177,1,77,0,77,0.0
Apertus-8B-Instruct,184,1,77,0,77,0.0
Apertus-8B-Instruct,10,1,77,0,77,0.0
Apertus-8B-Instruct,296,0,77,0,77,0.0
Apertus-8B-Instruct,474,0,77,0,77,0.0
Apertus-8B-Instruct,297,0,77,0,77,0.0
Apertus-8B-Instruct,143,1,77,0,77,0.0
Apertus-8B-Instruct,442,0,77,0,77,0.0
Apertus-8B-Instruct,407,0,77,0,77,0.0
Apertus-8B-Instruct,302,0,77,0,77,0.0
Apertus-8B-Instruct,418,0,77,0,77,0.0
Apertus-8B-Instruct,340,0,77,0,77,0.0
Apertus-8B-Instruct,487,0,77,0,77,0.0
Apertus-8B-Instruct,285,0,77,0,77,0.0
Apertus-8B-Instruct,325,0,77,0,77,0.0
Apertus-8B-Instruct,452,0,77,0,77,0.0
Apertus-8B-Instruct,383,0,77,0,77,0.0
Apertus-8B-Instruct,398,0,77,0,77,0.0
Apertus-8B-Instruct,498,0,77,0,77,0.0
Apertus-8B-Instruct,282,0,77,0,77,0.0
Apertus-8B-Instruct,254,0,77,0,77,0.0
Apertus-8B-Instruct,256,0,77,0,77,0.0
Apertus-8B-Instruct,448,0,77,0,77,0.0
Apertus-8B-Instruct,429,0,77,0,77,0.0
Apertus-8B-Instruct,446,0,77,0,77,0.0
Apertus-8B-Instruct,424,0,77,0,77,0.0
Apertus-8B-Instruct,260,0,77,0,77,0.0
Apertus-8B-Instruct,138,1,77,0,77,0.0
Apertus-8B-Instruct,300,0,77,0,77,0.0
Apertus-8B-Instruct,468,0,77,0,77,0.0
Apertus-8B-Instruct,434,0,77,0,77,0.0
Apertus-8B-Instruct,212,1,77,0,77,0.0
Apertus-8B-Instruct,295,0,77,0,77,0.0
Apertus-8B-Instruct,251,0,77,0,77,0.0
Apertus-8B-Instruct,488,0,77,0,77,0.0
Apertus-8B-Instruct,259,0,77,0,77,0.0
Apertus-8B-Instruct,473,0,77,0,77,0.0
Apertus-8B-Instruct,264,0,77,0,77,0.0
Apertus-8B-Instruct,88,1,77,0,77,0.0
Apertus-8B-Instruct,273,0,77,0,77,0.0
Apertus-8B-Instruct,328,0,77,0,77,0.0
Apertus-8B-Instruct,54,1,77,0,77,0.0
Apertus-8B-Instruct,413,0,77,0,77,0.0
Apertus-8B-Instruct,343,0,77,0,77,0.0
Apertus-8B-Instruct,257,0,77,0,77,0.0
Apertus-8B-Instruct,308,0,77,0,77,0.0
Apertus-8B-Instruct,359,0,77,0,77,0.0
Apertus-8B-Instruct,458,0,77,0,77,0.0
Apertus-8B-Instruct,466,0,77,0,77,0.0
Apertus-8B-Instruct,348,0,77,0,77,0.0
Falcon3-7B-Instruct,361,0,0,77,77,1.0
Falcon3-7B-Instruct,104,1,0,77,77,1.0
Falcon3-7B-Instruct,394,0,0,77,77,1.0
Falcon3-7B-Instruct,68,1,0,77,77,1.0
Falcon3-7B-Instruct,194,1,0,77,77,1.0
Falcon3-7B-Instruct,84,1,0,77,77,1.0
Falcon3-7B-Instruct,211,1,0,77,77,1.0
Falcon3-7B-Instruct,336,0,0,77,77,1.0
Falcon3-7B-Instruct,2,1,0,77,77,1.0
Falcon3-7B-Instruct,409,0,0,77,77,1.0
Falcon3-7B-Instruct,70,1,0,77,77,1.0
Falcon3-7B-Instruct,209,1,0,77,77,1.0
Falcon3-7B-Instruct,63,1,0,77,77,1.0
Falcon3-7B-Instruct,33,1,0,77,77,1.0
Falcon3-7B-Instruct,11,1,0,77,77,1.0
Falcon3-7B-Instruct,22,1,0,77,77,1.0
Falcon3-7B-Instruct,182,1,0,77,77,1.0
Falcon3-7B-Instruct,131,1,0,77,77,1.0
Falcon3-7B-Instruct,55,1,0,77,77,1.0
Falcon3-7B-Instruct,78,1,0,77,77,1.0
Falcon3-7B-Instruct,494,0,0,77,77,1.0
Falcon3-7B-Instruct,39,1,0,77,77,1.0
Falcon3-7B-Instruct,238,1,0,77,77,1.0
Falcon3-7B-Instruct,352,0,0,77,77,1.0
Falcon3-7B-Instruct,277,0,0,77,77,1.0
Falcon3-7B-Instruct,290,0,0,77,77,1.0
Falcon3-7B-Instruct,304,0,0,77,77,1.0
Falcon3-7B-Instruct,69,1,0,77,77,1.0
Falcon3-7B-Instruct,154,1,0,77,77,1.0
Falcon3-7B-Instruct,82,1,0,77,77,1.0
Falcon3-7B-Instruct,90,1,0,77,77,1.0
Falcon3-7B-Instruct,431,0,0,77,77,1.0
Falcon3-7B-Instruct,347,0,0,77,77,1.0
Falcon3-7B-Instruct,86,1,0,77,77,1.0
Falcon3-7B-Instruct,15,1,0,77,77,1.0
Falcon3-7B-Instruct,249,1,0,77,77,1.0
Falcon3-7B-Instruct,322,0,0,77,77,1.0
Falcon3-7B-Instruct,56,1,0,77,77,1.0
Falcon3-7B-Instruct,132,1,0,77,77,1.0
Falcon3-7B-Instruct,137,1,0,77,77,1.0
Falcon3-7B-Instruct,335,0,0,77,77,1.0
Falcon3-7B-Instruct,237,1,0,77,77,1.0
Falcon3-7B-Instruct,117,1,0,77,77,1.0
Falcon3-7B-Instruct,42,1,0,77,77,1.0
Falcon3-7B-Instruct,320,0,0,77,77,1.0
Falcon3-7B-Instruct,153,1,0,77,77,1.0
Falcon3-7B-Instruct,227,1,0,77,77,1.0
Falcon3-7B-Instruct,203,1,0,77,77,1.0
Falcon3-7B-Instruct,31,1,0,77,77,1.0
Falcon3-7B-Instruct,140,1,0,77,77,1.0
Falcon3-7B-Instruct,208,1,0,77,77,1.0
Falcon3-7B-Instruct,479,0,0,77,77,1.0
Falcon3-7B-Instruct,94,1,0,77,77,1.0
Falcon3-7B-Instruct,266,0,0,77,77,1.0
Falcon3-7B-Instruct,23,1,0,77,77,1.0
Falcon3-7B-Instruct,222,1,0,77,77,1.0
Falcon3-7B-Instruct,16,1,0,77,77,1.0
Falcon3-7B-Instruct,3,1,0,77,77,1.0
Falcon3-7B-Instruct,60,1,0,77,77,1.0
Falcon3-7B-Instruct,108,1,0,77,77,1.0
Falcon3-7B-Instruct,118,1,0,77,77,1.0
Falcon3-7B-Instruct,114,1,0,77,77,1.0
Falcon3-7B-Instruct,365,0,0,77,77,1.0
Falcon3-7B-Instruct,210,1,0,77,77,1.0
Falcon3-7B-Instruct,375,0,0,77,77,1.0
Falcon3-7B-Instruct,400,0,0,77,77,1.0
Falcon3-7B-Instruct,109,1,0,77,77,1.0
Falcon3-7B-Instruct,152,1,0,77,77,1.0
Falcon3-7B-Instruct,367,0,0,77,77,1.0
Falcon3-7B-Instruct,83,1,0,77,77,1.0
Falcon3-7B-Instruct,199,1,0,77,77,1.0
Falcon3-7B-Instruct,74,1,0,77,77,1.0
Falcon3-7B-Instruct,274,0,0,77,77,1.0
Falcon3-7B-Instruct,36,1,0,77,77,1.0
Falcon3-7B-Instruct,244,1,0,77,77,1.0
Falcon3-7B-Instruct,59,1,0,77,77,1.0
Falcon3-7B-Instruct,6,1,0,77,77,1.0
Falcon3-7B-Instruct,360,0,0,77,77,1.0
Falcon3-7B-Instruct,150,1,0,77,77,1.0
Falcon3-7B-Instruct,449,0,0,77,77,1.0
Falcon3-7B-Instruct,103,1,0,77,77,1.0
Falcon3-7B-Instruct,81,1,0,77,77,1.0
Falcon3-7B-Instruct,167,1,0,77,77,1.0
Falcon3-7B-Instruct,469,0,0,77,77,1.0
Falcon3-7B-Instruct,146,1,0,77,77,1.0
Falcon3-7B-Instruct,147,1,0,77,77,1.0
Falcon3-7B-Instruct,287,0,0,77,77,1.0
Falcon3-7B-Instruct,96,1,0,77,77,1.0
Falcon3-7B-Instruct,97,1,0,77,77,1.0
Falcon3-7B-Instruct,202,1,0,77,77,1.0
Falcon3-7B-Instruct,125,1,0,77,77,1.0
Falcon3-7B-Instruct,223,1,0,77,77,1.0
Falcon3-7B-Instruct,289,0,0,77,77,1.0
Falcon3-7B-Instruct,291,0,0,77,77,1.0
Falcon3-7B-Instruct,355,0,0,77,77,1.0
Falcon3-7B-Instruct,179,1,0,77,77,1.0
Falcon3-7B-Instruct,164,1,0,77,77,1.0
Falcon3-7B-Instruct,197,1,0,77,77,1.0
Falcon3-7B-Instruct,115,1,0,77,77,1.0
Falcon3-7B-Instruct,402,0,0,77,77,1.0
Falcon3-7B-Instruct,107,1,0,77,77,1.0
Falcon3-7B-Instruct,44,1,0,77,77,1.0
Falcon3-7B-Instruct,65,1,0,77,77,1.0
Falcon3-7B-Instruct,283,0,0,77,77,1.0
Falcon3-7B-Instruct,242,1,0,77,77,1.0
Falcon3-7B-Instruct,186,1,0,77,77,1.0
Falcon3-7B-Instruct,35,1,0,77,77,1.0
Falcon3-7B-Instruct,28,1,0,77,77,1.0
Falcon3-7B-Instruct,142,1,0,77,77,1.0
Falcon3-7B-Instruct,221,1,0,77,77,1.0
Falcon3-7B-Instruct,95,1,0,77,77,1.0
Falcon3-7B-Instruct,240,1,0,77,77,1.0
Falcon3-7B-Instruct,41,1,0,77,77,1.0
Falcon3-7B-Instruct,206,1,0,77,77,1.0
Falcon3-7B-Instruct,100,1,0,77,77,1.0
Falcon3-7B-Instruct,213,1,0,77,77,1.0
Falcon3-7B-Instruct,98,1,0,77,77,1.0
Falcon3-7B-Instruct,32,1,0,77,77,1.0
Falcon3-7B-Instruct,267,0,0,77,77,1.0
Falcon3-7B-Instruct,425,0,0,77,77,1.0
Falcon3-7B-Instruct,135,1,0,77,77,1.0
Falcon3-7B-Instruct,326,0,0,77,77,1.0
Falcon3-7B-Instruct,64,1,0,77,77,1.0
Falcon3-7B-Instruct,14,1,0,77,77,1.0
Falcon3-7B-Instruct,156,1,0,77,77,1.0
Falcon3-7B-Instruct,40,1,0,77,77,1.0
Falcon3-7B-Instruct,216,1,0,77,77,1.0
Falcon3-7B-Instruct,279,0,0,77,77,1.0
Falcon3-7B-Instruct,236,1,0,77,77,1.0
Falcon3-7B-Instruct,207,1,0,77,77,1.0
Falcon3-7B-Instruct,457,0,0,77,77,1.0
Falcon3-7B-Instruct,350,0,0,77,77,1.0
Falcon3-7B-Instruct,53,1,0,77,77,1.0
Falcon3-7B-Instruct,1,1,0,77,77,1.0
Falcon3-7B-Instruct,419,0,0,77,77,1.0
Falcon3-7B-Instruct,80,1,0,77,77,1.0
Falcon3-7B-Instruct,205,1,0,77,77,1.0
Falcon3-7B-Instruct,34,1,0,77,77,1.0
Falcon3-7B-Instruct,427,0,0,77,77,1.0
Falcon3-7B-Instruct,91,1,0,77,77,1.0
Falcon3-7B-Instruct,241,1,0,77,77,1.0
Falcon3-7B-Instruct,166,1,0,77,77,1.0
Falcon3-7B-Instruct,134,1,0,77,77,1.0
Falcon3-7B-Instruct,319,0,0,77,77,1.0
Falcon3-7B-Instruct,174,1,0,77,77,1.0
Falcon3-7B-Instruct,187,1,0,77,77,1.0
Falcon3-7B-Instruct,235,1,0,77,77,1.0
Falcon3-7B-Instruct,459,0,0,77,77,1.0
Falcon3-7B-Instruct,160,1,0,77,77,1.0
Falcon3-7B-Instruct,191,1,0,77,77,1.0
Falcon3-7B-Instruct,151,1,0,77,77,1.0
Falcon3-7B-Instruct,372,0,0,77,77,1.0
Falcon3-7B-Instruct,87,1,0,77,77,1.0
Falcon3-7B-Instruct,330,0,0,77,77,1.0
Falcon3-7B-Instruct,214,1,0,77,77,1.0
Falcon3-7B-Instruct,20,1,0,77,77,1.0
Falcon3-7B-Instruct,106,1,0,77,77,1.0
Falcon3-7B-Instruct,102,1,0,77,77,1.0
Falcon3-7B-Instruct,334,0,1,76,77,0.987012987012987
Falcon3-7B-Instruct,193,1,1,76,77,0.987012987012987
Falcon3-7B-Instruct,110,1,1,76,77,0.987012987012987
Falcon3-7B-Instruct,163,1,1,76,77,0.987012987012987
Falcon3-7B-Instruct,358,0,1,76,77,0.987012987012987
Falcon3-7B-Instruct,225,1,1,76,77,0.987012987012987
Falcon3-7B-Instruct,239,1,1,76,77,0.987012987012987
Falcon3-7B-Instruct,112,1,1,76,77,0.987012987012987
Falcon3-7B-Instruct,233,1,1,76,77,0.987012987012987
Falcon3-7B-Instruct,224,1,1,76,77,0.987012987012987
Falcon3-7B-Instruct,460,0,1,76,77,0.987012987012987
Falcon3-7B-Instruct,51,1,1,76,77,0.987012987012987
Falcon3-7B-Instruct,190,1,1,76,77,0.987012987012987
Falcon3-7B-Instruct,389,0,1,76,77,0.987012987012987
Falcon3-7B-Instruct,243,1,1,76,77,0.987012987012987
Falcon3-7B-Instruct,50,1,1,76,77,0.987012987012987
Falcon3-7B-Instruct,189,1,1,76,77,0.987012987012987
Falcon3-7B-Instruct,496,0,1,76,77,0.987012987012987
Falcon3-7B-Instruct,270,0,1,76,77,0.987012987012987
Falcon3-7B-Instruct,75,1,2,75,77,0.974025974025974
Falcon3-7B-Instruct,438,0,2,75,77,0.974025974025974
Falcon3-7B-Instruct,45,1,2,75,77,0.974025974025974
Falcon3-7B-Instruct,286,0,2,75,77,0.974025974025974
Falcon3-7B-Instruct,421,0,2,75,77,0.974025974025974
Falcon3-7B-Instruct,105,1,2,75,77,0.974025974025974
Falcon3-7B-Instruct,130,1,2,75,77,0.974025974025974
Falcon3-7B-Instruct,121,1,2,75,77,0.974025974025974
Falcon3-7B-Instruct,341,0,3,74,77,0.961038961038961
Falcon3-7B-Instruct,176,1,3,74,77,0.961038961038961
Falcon3-7B-Instruct,66,1,3,74,77,0.961038961038961
Falcon3-7B-Instruct,183,1,3,74,77,0.961038961038961
Falcon3-7B-Instruct,422,0,3,74,77,0.961038961038961
Falcon3-7B-Instruct,315,0,3,74,77,0.961038961038961
Falcon3-7B-Instruct,21,1,3,74,77,0.961038961038961
Falcon3-7B-Instruct,215,1,4,73,77,0.948051948051948
Falcon3-7B-Instruct,217,1,4,73,77,0.948051948051948
Falcon3-7B-Instruct,72,1,5,72,77,0.935064935064935
Falcon3-7B-Instruct,232,1,5,72,77,0.935064935064935
Falcon3-7B-Instruct,379,0,5,72,77,0.935064935064935
Falcon3-7B-Instruct,385,0,5,72,77,0.935064935064935
Falcon3-7B-Instruct,433,0,6,71,77,0.922077922077922
Falcon3-7B-Instruct,122,1,6,71,77,0.922077922077922
Falcon3-7B-Instruct,127,1,6,71,77,0.922077922077922
Falcon3-7B-Instruct,58,1,6,71,77,0.922077922077922
Falcon3-7B-Instruct,188,1,6,71,77,0.922077922077922
Falcon3-7B-Instruct,19,1,7,70,77,0.9090909090909091
Falcon3-7B-Instruct,139,1,7,70,77,0.9090909090909091
Falcon3-7B-Instruct,13,1,7,70,77,0.9090909090909091
Falcon3-7B-Instruct,92,1,8,69,77,0.8961038961038961
Falcon3-7B-Instruct,246,1,8,69,77,0.8961038961038961
Falcon3-7B-Instruct,128,1,8,69,77,0.8961038961038961
Falcon3-7B-Instruct,388,0,9,68,77,0.8831168831168831
Falcon3-7B-Instruct,101,1,9,68,77,0.8831168831168831
Falcon3-7B-Instruct,250,0,9,68,77,0.8831168831168831
Falcon3-7B-Instruct,411,0,9,68,77,0.8831168831168831
Falcon3-7B-Instruct,370,0,9,68,77,0.8831168831168831
Falcon3-7B-Instruct,363,0,9,68,77,0.8831168831168831
Falcon3-7B-Instruct,129,1,11,66,77,0.8571428571428571
Falcon3-7B-Instruct,486,0,11,66,77,0.8571428571428571
Falcon3-7B-Instruct,229,1,12,65,77,0.8441558441558441
Falcon3-7B-Instruct,116,1,12,65,77,0.8441558441558441
Falcon3-7B-Instruct,269,0,12,65,77,0.8441558441558441
Falcon3-7B-Instruct,447,0,13,64,77,0.8311688311688312
Falcon3-7B-Instruct,294,0,13,64,77,0.8311688311688312
Falcon3-7B-Instruct,48,1,13,64,77,0.8311688311688312
Falcon3-7B-Instruct,276,0,13,64,77,0.8311688311688312
Falcon3-7B-Instruct,435,0,13,64,77,0.8311688311688312
Falcon3-7B-Instruct,196,1,14,63,77,0.8181818181818182
Falcon3-7B-Instruct,99,1,14,63,77,0.8181818181818182
Falcon3-7B-Instruct,149,1,15,62,77,0.8051948051948052
Falcon3-7B-Instruct,29,1,16,61,77,0.7922077922077922
Falcon3-7B-Instruct,136,1,17,60,77,0.7792207792207793
Falcon3-7B-Instruct,309,0,18,59,77,0.7662337662337663
Falcon3-7B-Instruct,312,0,19,58,77,0.7532467532467533
Falcon3-7B-Instruct,231,1,19,58,77,0.7532467532467533
Falcon3-7B-Instruct,423,0,20,57,77,0.7402597402597403
Falcon3-7B-Instruct,218,1,20,57,77,0.7402597402597403
Falcon3-7B-Instruct,303,0,20,57,77,0.7402597402597403
Falcon3-7B-Instruct,5,1,22,55,77,0.7142857142857143
Falcon3-7B-Instruct,162,1,22,55,77,0.7142857142857143
Falcon3-7B-Instruct,185,1,23,54,77,0.7012987012987013
Falcon3-7B-Instruct,368,0,23,54,77,0.7012987012987013
Falcon3-7B-Instruct,245,1,25,52,77,0.6753246753246753
Falcon3-7B-Instruct,230,1,26,51,77,0.6623376623376623
Falcon3-7B-Instruct,373,0,28,49,77,0.6363636363636364
Falcon3-7B-Instruct,165,1,28,49,77,0.6363636363636364
Falcon3-7B-Instruct,441,0,28,49,77,0.6363636363636364
Falcon3-7B-Instruct,133,1,30,47,77,0.6103896103896104
Falcon3-7B-Instruct,412,0,30,47,77,0.6103896103896104
Falcon3-7B-Instruct,401,0,31,46,77,0.5974025974025974
Falcon3-7B-Instruct,327,0,34,43,77,0.5584415584415584
Falcon3-7B-Instruct,175,1,36,41,77,0.5324675324675324
Falcon3-7B-Instruct,480,0,37,40,77,0.5194805194805194
Falcon3-7B-Instruct,180,1,39,38,77,0.4935064935064935
Falcon3-7B-Instruct,234,1,43,34,77,0.44155844155844154
Falcon3-7B-Instruct,171,1,43,34,77,0.44155844155844154
Falcon3-7B-Instruct,220,1,46,31,77,0.4025974025974026
Falcon3-7B-Instruct,89,1,48,29,77,0.37662337662337664
Falcon3-7B-Instruct,443,0,48,29,77,0.37662337662337664
Falcon3-7B-Instruct,172,1,49,28,77,0.36363636363636365
Falcon3-7B-Instruct,77,1,50,27,77,0.35064935064935066
Falcon3-7B-Instruct,329,0,50,27,77,0.35064935064935066
Falcon3-7B-Instruct,454,0,50,27,77,0.35064935064935066
Falcon3-7B-Instruct,73,1,52,25,77,0.3246753246753247
Falcon3-7B-Instruct,201,1,53,24,77,0.3116883116883117
Falcon3-7B-Instruct,93,1,54,23,77,0.2987012987012987
Falcon3-7B-Instruct,298,0,56,21,77,0.2727272727272727
Falcon3-7B-Instruct,49,1,58,19,77,0.24675324675324675
Falcon3-7B-Instruct,0,1,59,18,77,0.23376623376623376
Falcon3-7B-Instruct,119,1,60,17,77,0.22077922077922077
Falcon3-7B-Instruct,27,1,60,17,77,0.22077922077922077
Falcon3-7B-Instruct,52,1,60,17,77,0.22077922077922077
Falcon3-7B-Instruct,384,0,62,15,77,0.19480519480519481
Falcon3-7B-Instruct,157,1,62,15,77,0.19480519480519481
Falcon3-7B-Instruct,148,1,63,14,77,0.18181818181818182
Falcon3-7B-Instruct,38,1,63,14,77,0.18181818181818182
Falcon3-7B-Instruct,25,1,64,13,77,0.16883116883116883
Falcon3-7B-Instruct,219,1,64,13,77,0.16883116883116883
Falcon3-7B-Instruct,349,0,64,13,77,0.16883116883116883
Falcon3-7B-Instruct,226,1,64,13,77,0.16883116883116883
Falcon3-7B-Instruct,200,1,64,13,77,0.16883116883116883
Falcon3-7B-Instruct,43,1,64,13,77,0.16883116883116883
Falcon3-7B-Instruct,71,1,64,13,77,0.16883116883116883
Falcon3-7B-Instruct,371,0,65,12,77,0.15584415584415584
Falcon3-7B-Instruct,356,0,67,10,77,0.12987012987012986
Falcon3-7B-Instruct,428,0,67,10,77,0.12987012987012986
Falcon3-7B-Instruct,144,1,68,9,77,0.11688311688311688
Falcon3-7B-Instruct,366,0,68,9,77,0.11688311688311688
Falcon3-7B-Instruct,192,1,69,8,77,0.1038961038961039
Falcon3-7B-Instruct,481,0,69,8,77,0.1038961038961039
Falcon3-7B-Instruct,499,0,69,8,77,0.1038961038961039
Falcon3-7B-Instruct,204,1,70,7,77,0.09090909090909091
Falcon3-7B-Instruct,437,0,70,7,77,0.09090909090909091
Falcon3-7B-Instruct,161,1,70,7,77,0.09090909090909091
Falcon3-7B-Instruct,491,0,71,6,77,0.07792207792207792
Falcon3-7B-Instruct,173,1,71,6,77,0.07792207792207792
Falcon3-7B-Instruct,386,0,71,6,77,0.07792207792207792
Falcon3-7B-Instruct,396,0,71,6,77,0.07792207792207792
Falcon3-7B-Instruct,484,0,71,6,77,0.07792207792207792
Falcon3-7B-Instruct,288,0,71,6,77,0.07792207792207792
Falcon3-7B-Instruct,306,0,71,6,77,0.07792207792207792
Falcon3-7B-Instruct,30,1,73,4,77,0.05194805194805195
Falcon3-7B-Instruct,317,0,73,4,77,0.05194805194805195
Falcon3-7B-Instruct,337,0,73,4,77,0.05194805194805195
Falcon3-7B-Instruct,374,0,74,3,77,0.03896103896103896
Falcon3-7B-Instruct,113,1,74,3,77,0.03896103896103896
Falcon3-7B-Instruct,399,0,74,3,77,0.03896103896103896
Falcon3-7B-Instruct,444,0,74,3,77,0.03896103896103896
Falcon3-7B-Instruct,37,1,75,2,77,0.025974025974025976
Falcon3-7B-Instruct,310,0,75,2,77,0.025974025974025976
Falcon3-7B-Instruct,342,0,75,2,77,0.025974025974025976
Falcon3-7B-Instruct,88,1,75,2,77,0.025974025974025976
Falcon3-7B-Instruct,314,0,76,1,77,0.012987012987012988
Falcon3-7B-Instruct,143,1,76,1,77,0.012987012987012988
Falcon3-7B-Instruct,258,0,76,1,77,0.012987012987012988
Falcon3-7B-Instruct,12,1,76,1,77,0.012987012987012988
Falcon3-7B-Instruct,155,1,77,0,77,0.0
Falcon3-7B-Instruct,377,0,77,0,77,0.0
Falcon3-7B-Instruct,124,1,77,0,77,0.0
Falcon3-7B-Instruct,450,0,77,0,77,0.0
Falcon3-7B-Instruct,9,1,77,0,77,0.0
Falcon3-7B-Instruct,406,0,77,0,77,0.0
Falcon3-7B-Instruct,495,0,77,0,77,0.0
Falcon3-7B-Instruct,316,0,77,0,77,0.0
Falcon3-7B-Instruct,408,0,77,0,77,0.0
Falcon3-7B-Instruct,490,0,77,0,77,0.0
Falcon3-7B-Instruct,280,0,77,0,77,0.0
Falcon3-7B-Instruct,76,1,77,0,77,0.0
Falcon3-7B-Instruct,461,0,77,0,77,0.0
Falcon3-7B-Instruct,497,0,77,0,77,0.0
Falcon3-7B-Instruct,475,0,77,0,77,0.0
Falcon3-7B-Instruct,440,0,77,0,77,0.0
Falcon3-7B-Instruct,333,0,77,0,77,0.0
Falcon3-7B-Instruct,485,0,77,0,77,0.0
Falcon3-7B-Instruct,415,0,77,0,77,0.0
Falcon3-7B-Instruct,410,0,77,0,77,0.0
Falcon3-7B-Instruct,18,1,77,0,77,0.0
Falcon3-7B-Instruct,262,0,77,0,77,0.0
Falcon3-7B-Instruct,323,0,77,0,77,0.0
Falcon3-7B-Instruct,483,0,77,0,77,0.0
Falcon3-7B-Instruct,79,1,77,0,77,0.0
Falcon3-7B-Instruct,451,0,77,0,77,0.0
Falcon3-7B-Instruct,46,1,77,0,77,0.0
Falcon3-7B-Instruct,391,0,77,0,77,0.0
Falcon3-7B-Instruct,268,0,77,0,77,0.0
Falcon3-7B-Instruct,455,0,77,0,77,0.0
Falcon3-7B-Instruct,465,0,77,0,77,0.0
Falcon3-7B-Instruct,477,0,77,0,77,0.0
Falcon3-7B-Instruct,321,0,77,0,77,0.0
Falcon3-7B-Instruct,414,0,77,0,77,0.0
Falcon3-7B-Instruct,278,0,77,0,77,0.0
Falcon3-7B-Instruct,381,0,77,0,77,0.0
Falcon3-7B-Instruct,472,0,77,0,77,0.0
Falcon3-7B-Instruct,362,0,77,0,77,0.0
Falcon3-7B-Instruct,324,0,77,0,77,0.0
Falcon3-7B-Instruct,332,0,77,0,77,0.0
Falcon3-7B-Instruct,301,0,77,0,77,0.0
Falcon3-7B-Instruct,331,0,77,0,77,0.0
Falcon3-7B-Instruct,464,0,77,0,77,0.0
Falcon3-7B-Instruct,281,0,77,0,77,0.0
Falcon3-7B-Instruct,247,1,77,0,77,0.0
Falcon3-7B-Instruct,417,0,77,0,77,0.0
Falcon3-7B-Instruct,126,1,77,0,77,0.0
Falcon3-7B-Instruct,470,0,77,0,77,0.0
Falcon3-7B-Instruct,271,0,77,0,77,0.0
Falcon3-7B-Instruct,57,1,77,0,77,0.0
Falcon3-7B-Instruct,24,1,77,0,77,0.0
Falcon3-7B-Instruct,17,1,77,0,77,0.0
Falcon3-7B-Instruct,265,0,77,0,77,0.0
Falcon3-7B-Instruct,253,0,77,0,77,0.0
Falcon3-7B-Instruct,261,0,77,0,77,0.0
Falcon3-7B-Instruct,426,0,77,0,77,0.0
Falcon3-7B-Instruct,462,0,77,0,77,0.0
Falcon3-7B-Instruct,357,0,77,0,77,0.0
Falcon3-7B-Instruct,405,0,77,0,77,0.0
Falcon3-7B-Instruct,318,0,77,0,77,0.0
Falcon3-7B-Instruct,471,0,77,0,77,0.0
Falcon3-7B-Instruct,26,1,77,0,77,0.0
Falcon3-7B-Instruct,7,1,77,0,77,0.0
Falcon3-7B-Instruct,453,0,77,0,77,0.0
Falcon3-7B-Instruct,489,0,77,0,77,0.0
Falcon3-7B-Instruct,181,1,77,0,77,0.0
Falcon3-7B-Instruct,369,0,77,0,77,0.0
Falcon3-7B-Instruct,390,0,77,0,77,0.0
Falcon3-7B-Instruct,195,1,77,0,77,0.0
Falcon3-7B-Instruct,404,0,77,0,77,0.0
Falcon3-7B-Instruct,275,0,77,0,77,0.0
Falcon3-7B-Instruct,141,1,77,0,77,0.0
Falcon3-7B-Instruct,67,1,77,0,77,0.0
Falcon3-7B-Instruct,168,1,77,0,77,0.0
Falcon3-7B-Instruct,493,0,77,0,77,0.0
Falcon3-7B-Instruct,272,0,77,0,77,0.0
Falcon3-7B-Instruct,248,1,77,0,77,0.0
Falcon3-7B-Instruct,145,1,77,0,77,0.0
Falcon3-7B-Instruct,467,0,77,0,77,0.0
Falcon3-7B-Instruct,228,1,77,0,77,0.0
Falcon3-7B-Instruct,478,0,77,0,77,0.0
Falcon3-7B-Instruct,299,0,77,0,77,0.0
Falcon3-7B-Instruct,255,0,77,0,77,0.0
Falcon3-7B-Instruct,354,0,77,0,77,0.0
Falcon3-7B-Instruct,353,0,77,0,77,0.0
Falcon3-7B-Instruct,382,0,77,0,77,0.0
Falcon3-7B-Instruct,364,0,77,0,77,0.0
Falcon3-7B-Instruct,439,0,77,0,77,0.0
Falcon3-7B-Instruct,111,1,77,0,77,0.0
Falcon3-7B-Instruct,436,0,77,0,77,0.0
Falcon3-7B-Instruct,346,0,77,0,77,0.0
Falcon3-7B-Instruct,338,0,77,0,77,0.0
Falcon3-7B-Instruct,158,1,77,0,77,0.0
Falcon3-7B-Instruct,177,1,77,0,77,0.0
Falcon3-7B-Instruct,393,0,77,0,77,0.0
Falcon3-7B-Instruct,184,1,77,0,77,0.0
Falcon3-7B-Instruct,10,1,77,0,77,0.0
Falcon3-7B-Instruct,380,0,77,0,77,0.0
Falcon3-7B-Instruct,296,0,77,0,77,0.0
Falcon3-7B-Instruct,474,0,77,0,77,0.0
Falcon3-7B-Instruct,198,1,77,0,77,0.0
Falcon3-7B-Instruct,297,0,77,0,77,0.0
Falcon3-7B-Instruct,416,0,77,0,77,0.0
Falcon3-7B-Instruct,392,0,77,0,77,0.0
Falcon3-7B-Instruct,123,1,77,0,77,0.0
Falcon3-7B-Instruct,442,0,77,0,77,0.0
Falcon3-7B-Instruct,407,0,77,0,77,0.0
Falcon3-7B-Instruct,305,0,77,0,77,0.0
Falcon3-7B-Instruct,351,0,77,0,77,0.0
Falcon3-7B-Instruct,395,0,77,0,77,0.0
Falcon3-7B-Instruct,284,0,77,0,77,0.0
Falcon3-7B-Instruct,302,0,77,0,77,0.0
Falcon3-7B-Instruct,418,0,77,0,77,0.0
Falcon3-7B-Instruct,420,0,77,0,77,0.0
Falcon3-7B-Instruct,376,0,77,0,77,0.0
Falcon3-7B-Instruct,340,0,77,0,77,0.0
Falcon3-7B-Instruct,307,0,77,0,77,0.0
Falcon3-7B-Instruct,432,0,77,0,77,0.0
Falcon3-7B-Instruct,487,0,77,0,77,0.0
Falcon3-7B-Instruct,311,0,77,0,77,0.0
Falcon3-7B-Instruct,120,1,77,0,77,0.0
Falcon3-7B-Instruct,397,0,77,0,77,0.0
Falcon3-7B-Instruct,285,0,77,0,77,0.0
Falcon3-7B-Instruct,325,0,77,0,77,0.0
Falcon3-7B-Instruct,452,0,77,0,77,0.0
Falcon3-7B-Instruct,85,1,77,0,77,0.0
Falcon3-7B-Instruct,383,0,77,0,77,0.0
Falcon3-7B-Instruct,159,1,77,0,77,0.0
Falcon3-7B-Instruct,170,1,77,0,77,0.0
Falcon3-7B-Instruct,398,0,77,0,77,0.0
Falcon3-7B-Instruct,378,0,77,0,77,0.0
Falcon3-7B-Instruct,178,1,77,0,77,0.0
Falcon3-7B-Instruct,498,0,77,0,77,0.0
Falcon3-7B-Instruct,282,0,77,0,77,0.0
Falcon3-7B-Instruct,254,0,77,0,77,0.0
Falcon3-7B-Instruct,4,1,77,0,77,0.0
Falcon3-7B-Instruct,256,0,77,0,77,0.0
Falcon3-7B-Instruct,448,0,77,0,77,0.0
Falcon3-7B-Instruct,429,0,77,0,77,0.0
Falcon3-7B-Instruct,292,0,77,0,77,0.0
Falcon3-7B-Instruct,61,1,77,0,77,0.0
Falcon3-7B-Instruct,47,1,77,0,77,0.0
Falcon3-7B-Instruct,446,0,77,0,77,0.0
Falcon3-7B-Instruct,424,0,77,0,77,0.0
Falcon3-7B-Instruct,260,0,77,0,77,0.0
Falcon3-7B-Instruct,138,1,77,0,77,0.0
Falcon3-7B-Instruct,62,1,77,0,77,0.0
Falcon3-7B-Instruct,476,0,77,0,77,0.0
Falcon3-7B-Instruct,8,1,77,0,77,0.0
Falcon3-7B-Instruct,463,0,77,0,77,0.0
Falcon3-7B-Instruct,300,0,77,0,77,0.0
Falcon3-7B-Instruct,468,0,77,0,77,0.0
Falcon3-7B-Instruct,403,0,77,0,77,0.0
Falcon3-7B-Instruct,434,0,77,0,77,0.0
Falcon3-7B-Instruct,430,0,77,0,77,0.0
Falcon3-7B-Instruct,212,1,77,0,77,0.0
Falcon3-7B-Instruct,295,0,77,0,77,0.0
Falcon3-7B-Instruct,251,0,77,0,77,0.0
Falcon3-7B-Instruct,488,0,77,0,77,0.0
Falcon3-7B-Instruct,259,0,77,0,77,0.0
Falcon3-7B-Instruct,482,0,77,0,77,0.0
Falcon3-7B-Instruct,263,0,77,0,77,0.0
Falcon3-7B-Instruct,339,0,77,0,77,0.0
Falcon3-7B-Instruct,473,0,77,0,77,0.0
Falcon3-7B-Instruct,345,0,77,0,77,0.0
Falcon3-7B-Instruct,264,0,77,0,77,0.0
Falcon3-7B-Instruct,387,0,77,0,77,0.0
Falcon3-7B-Instruct,273,0,77,0,77,0.0
Falcon3-7B-Instruct,328,0,77,0,77,0.0
Falcon3-7B-Instruct,492,0,77,0,77,0.0
Falcon3-7B-Instruct,54,1,77,0,77,0.0
Falcon3-7B-Instruct,456,0,77,0,77,0.0
Falcon3-7B-Instruct,445,0,77,0,77,0.0
Falcon3-7B-Instruct,169,1,77,0,77,0.0
Falcon3-7B-Instruct,344,0,77,0,77,0.0
Falcon3-7B-Instruct,252,0,77,0,77,0.0
Falcon3-7B-Instruct,313,0,77,0,77,0.0
Falcon3-7B-Instruct,293,0,77,0,77,0.0
Falcon3-7B-Instruct,413,0,77,0,77,0.0
Falcon3-7B-Instruct,343,0,77,0,77,0.0
Falcon3-7B-Instruct,257,0,77,0,77,0.0
Falcon3-7B-Instruct,308,0,77,0,77,0.0
Falcon3-7B-Instruct,359,0,77,0,77,0.0
Falcon3-7B-Instruct,458,0,77,0,77,0.0
Falcon3-7B-Instruct,466,0,77,0,77,0.0
Falcon3-7B-Instruct,348,0,77,0,77,0.0
Llama-3.1-8B-Instruct,361,0,0,77,77,1.0
Llama-3.1-8B-Instruct,73,1,0,77,77,1.0
Llama-3.1-8B-Instruct,374,0,0,77,77,1.0
Llama-3.1-8B-Instruct,104,1,0,77,77,1.0
Llama-3.1-8B-Instruct,394,0,0,77,77,1.0
Llama-3.1-8B-Instruct,124,1,0,77,77,1.0
Llama-3.1-8B-Instruct,68,1,0,77,77,1.0
Llama-3.1-8B-Instruct,9,1,0,77,77,1.0
Llama-3.1-8B-Instruct,194,1,0,77,77,1.0
Llama-3.1-8B-Instruct,406,0,0,77,77,1.0
Llama-3.1-8B-Instruct,84,1,0,77,77,1.0
Llama-3.1-8B-Instruct,371,0,0,77,77,1.0
Llama-3.1-8B-Instruct,388,0,0,77,77,1.0
Llama-3.1-8B-Instruct,30,1,0,77,77,1.0
Llama-3.1-8B-Instruct,316,0,0,77,77,1.0
Llama-3.1-8B-Instruct,408,0,0,77,77,1.0
Llama-3.1-8B-Instruct,491,0,0,77,77,1.0
Llama-3.1-8B-Instruct,356,0,0,77,77,1.0
Llama-3.1-8B-Instruct,211,1,0,77,77,1.0
Llama-3.1-8B-Instruct,101,1,0,77,77,1.0
Llama-3.1-8B-Instruct,334,0,0,77,77,1.0
Llama-3.1-8B-Instruct,336,0,0,77,77,1.0
Llama-3.1-8B-Instruct,173,1,0,77,77,1.0
Llama-3.1-8B-Instruct,2,1,0,77,77,1.0
Llama-3.1-8B-Instruct,409,0,0,77,77,1.0
Llama-3.1-8B-Instruct,70,1,0,77,77,1.0
Llama-3.1-8B-Instruct,209,1,0,77,77,1.0
Llama-3.1-8B-Instruct,63,1,0,77,77,1.0
Llama-3.1-8B-Instruct,384,0,0,77,77,1.0
Llama-3.1-8B-Instruct,93,1,0,77,77,1.0
Llama-3.1-8B-Instruct,185,1,0,77,77,1.0
Llama-3.1-8B-Instruct,33,1,0,77,77,1.0
Llama-3.1-8B-Instruct,77,1,0,77,77,1.0
Llama-3.1-8B-Instruct,0,1,0,77,77,1.0
Llama-3.1-8B-Instruct,11,1,0,77,77,1.0
Llama-3.1-8B-Instruct,22,1,0,77,77,1.0
Llama-3.1-8B-Instruct,72,1,0,77,77,1.0
Llama-3.1-8B-Instruct,182,1,0,77,77,1.0
Llama-3.1-8B-Instruct,131,1,0,77,77,1.0
Llama-3.1-8B-Instruct,193,1,0,77,77,1.0
Llama-3.1-8B-Instruct,55,1,0,77,77,1.0
Llama-3.1-8B-Instruct,148,1,0,77,77,1.0
Llama-3.1-8B-Instruct,78,1,0,77,77,1.0
Llama-3.1-8B-Instruct,494,0,0,77,77,1.0
Llama-3.1-8B-Instruct,262,0,0,77,77,1.0
Llama-3.1-8B-Instruct,39,1,0,77,77,1.0
Llama-3.1-8B-Instruct,451,0,0,77,77,1.0
Llama-3.1-8B-Instruct,238,1,0,77,77,1.0
Llama-3.1-8B-Instruct,352,0,0,77,77,1.0
Llama-3.1-8B-Instruct,341,0,0,77,77,1.0
Llama-3.1-8B-Instruct,277,0,0,77,77,1.0
Llama-3.1-8B-Instruct,290,0,0,77,77,1.0
Llama-3.1-8B-Instruct,304,0,0,77,77,1.0
Llama-3.1-8B-Instruct,268,0,0,77,77,1.0
Llama-3.1-8B-Instruct,69,1,0,77,77,1.0
Llama-3.1-8B-Instruct,154,1,0,77,77,1.0
Llama-3.1-8B-Instruct,82,1,0,77,77,1.0
Llama-3.1-8B-Instruct,172,1,0,77,77,1.0
Llama-3.1-8B-Instruct,90,1,0,77,77,1.0
Llama-3.1-8B-Instruct,180,1,0,77,77,1.0
Llama-3.1-8B-Instruct,312,0,0,77,77,1.0
Llama-3.1-8B-Instruct,324,0,0,77,77,1.0
Llama-3.1-8B-Instruct,431,0,0,77,77,1.0
Llama-3.1-8B-Instruct,347,0,0,77,77,1.0
Llama-3.1-8B-Instruct,86,1,0,77,77,1.0
Llama-3.1-8B-Instruct,75,1,0,77,77,1.0
Llama-3.1-8B-Instruct,15,1,0,77,77,1.0
Llama-3.1-8B-Instruct,249,1,0,77,77,1.0
Llama-3.1-8B-Instruct,433,0,0,77,77,1.0
Llama-3.1-8B-Instruct,19,1,0,77,77,1.0
Llama-3.1-8B-Instruct,322,0,0,77,77,1.0
Llama-3.1-8B-Instruct,56,1,0,77,77,1.0
Llama-3.1-8B-Instruct,132,1,0,77,77,1.0
Llama-3.1-8B-Instruct,137,1,0,77,77,1.0
Llama-3.1-8B-Instruct,423,0,0,77,77,1.0
Llama-3.1-8B-Instruct,335,0,0,77,77,1.0
Llama-3.1-8B-Instruct,25,1,0,77,77,1.0
Llama-3.1-8B-Instruct,281,0,0,77,77,1.0
Llama-3.1-8B-Instruct,237,1,0,77,77,1.0
Llama-3.1-8B-Instruct,117,1,0,77,77,1.0
Llama-3.1-8B-Instruct,42,1,0,77,77,1.0
Llama-3.1-8B-Instruct,220,1,0,77,77,1.0
Llama-3.1-8B-Instruct,176,1,0,77,77,1.0
Llama-3.1-8B-Instruct,320,0,0,77,77,1.0
Llama-3.1-8B-Instruct,153,1,0,77,77,1.0
Llama-3.1-8B-Instruct,231,1,0,77,77,1.0
Llama-3.1-8B-Instruct,227,1,0,77,77,1.0
Llama-3.1-8B-Instruct,417,0,0,77,77,1.0
Llama-3.1-8B-Instruct,203,1,0,77,77,1.0
Llama-3.1-8B-Instruct,126,1,0,77,77,1.0
Llama-3.1-8B-Instruct,329,0,0,77,77,1.0
Llama-3.1-8B-Instruct,31,1,0,77,77,1.0
Llama-3.1-8B-Instruct,113,1,0,77,77,1.0
Llama-3.1-8B-Instruct,470,0,0,77,77,1.0
Llama-3.1-8B-Instruct,140,1,0,77,77,1.0
Llama-3.1-8B-Instruct,24,1,0,77,77,1.0
Llama-3.1-8B-Instruct,265,0,0,77,77,1.0
Llama-3.1-8B-Instruct,66,1,0,77,77,1.0
Llama-3.1-8B-Instruct,208,1,0,77,77,1.0
Llama-3.1-8B-Instruct,479,0,0,77,77,1.0
Llama-3.1-8B-Instruct,94,1,0,77,77,1.0
Llama-3.1-8B-Instruct,253,0,0,77,77,1.0
Llama-3.1-8B-Instruct,266,0,0,77,77,1.0
Llama-3.1-8B-Instruct,23,1,0,77,77,1.0
Llama-3.1-8B-Instruct,222,1,0,77,77,1.0
Llama-3.1-8B-Instruct,5,1,0,77,77,1.0
Llama-3.1-8B-Instruct,116,1,0,77,77,1.0
Llama-3.1-8B-Instruct,45,1,0,77,77,1.0
Llama-3.1-8B-Instruct,16,1,0,77,77,1.0
Llama-3.1-8B-Instruct,3,1,0,77,77,1.0
Llama-3.1-8B-Instruct,218,1,0,77,77,1.0
Llama-3.1-8B-Instruct,60,1,0,77,77,1.0
Llama-3.1-8B-Instruct,110,1,0,77,77,1.0
Llama-3.1-8B-Instruct,428,0,0,77,77,1.0
Llama-3.1-8B-Instruct,29,1,0,77,77,1.0
Llama-3.1-8B-Instruct,437,0,0,77,77,1.0
Llama-3.1-8B-Instruct,471,0,0,77,77,1.0
Llama-3.1-8B-Instruct,7,1,0,77,77,1.0
Llama-3.1-8B-Instruct,108,1,0,77,77,1.0
Llama-3.1-8B-Instruct,157,1,0,77,77,1.0
Llama-3.1-8B-Instruct,118,1,0,77,77,1.0
Llama-3.1-8B-Instruct,114,1,0,77,77,1.0
Llama-3.1-8B-Instruct,175,1,0,77,77,1.0
Llama-3.1-8B-Instruct,373,0,0,77,77,1.0
Llama-3.1-8B-Instruct,144,1,0,77,77,1.0
Llama-3.1-8B-Instruct,454,0,0,77,77,1.0
Llama-3.1-8B-Instruct,141,1,0,77,77,1.0
Llama-3.1-8B-Instruct,365,0,0,77,77,1.0
Llama-3.1-8B-Instruct,67,1,0,77,77,1.0
Llama-3.1-8B-Instruct,210,1,0,77,77,1.0
Llama-3.1-8B-Instruct,168,1,0,77,77,1.0
Llama-3.1-8B-Instruct,493,0,0,77,77,1.0
Llama-3.1-8B-Instruct,375,0,0,77,77,1.0
Llama-3.1-8B-Instruct,400,0,0,77,77,1.0
Llama-3.1-8B-Instruct,109,1,0,77,77,1.0
Llama-3.1-8B-Instruct,145,1,0,77,77,1.0
Llama-3.1-8B-Instruct,92,1,0,77,77,1.0
Llama-3.1-8B-Instruct,152,1,0,77,77,1.0
Llama-3.1-8B-Instruct,367,0,0,77,77,1.0
Llama-3.1-8B-Instruct,83,1,0,77,77,1.0
Llama-3.1-8B-Instruct,245,1,0,77,77,1.0
Llama-3.1-8B-Instruct,165,1,0,77,77,1.0
Llama-3.1-8B-Instruct,163,1,0,77,77,1.0
Llama-3.1-8B-Instruct,199,1,0,77,77,1.0
Llama-3.1-8B-Instruct,74,1,0,77,77,1.0
Llama-3.1-8B-Instruct,358,0,0,77,77,1.0
Llama-3.1-8B-Instruct,250,0,0,77,77,1.0
Llama-3.1-8B-Instruct,119,1,0,77,77,1.0
Llama-3.1-8B-Instruct,310,0,0,77,77,1.0
Llama-3.1-8B-Instruct,399,0,0,77,77,1.0
Llama-3.1-8B-Instruct,234,1,0,77,77,1.0
Llama-3.1-8B-Instruct,274,0,0,77,77,1.0
Llama-3.1-8B-Instruct,36,1,0,77,77,1.0
Llama-3.1-8B-Instruct,196,1,0,77,77,1.0
Llama-3.1-8B-Instruct,139,1,0,77,77,1.0
Llama-3.1-8B-Instruct,244,1,0,77,77,1.0
Llama-3.1-8B-Instruct,286,0,0,77,77,1.0
Llama-3.1-8B-Instruct,59,1,0,77,77,1.0
Llama-3.1-8B-Instruct,89,1,0,77,77,1.0
Llama-3.1-8B-Instruct,6,1,0,77,77,1.0
Llama-3.1-8B-Instruct,360,0,0,77,77,1.0
Llama-3.1-8B-Instruct,150,1,0,77,77,1.0
Llama-3.1-8B-Instruct,449,0,0,77,77,1.0
Llama-3.1-8B-Instruct,380,0,0,77,77,1.0
Llama-3.1-8B-Instruct,103,1,0,77,77,1.0
Llama-3.1-8B-Instruct,81,1,0,77,77,1.0
Llama-3.1-8B-Instruct,38,1,0,77,77,1.0
Llama-3.1-8B-Instruct,314,0,0,77,77,1.0
Llama-3.1-8B-Instruct,167,1,0,77,77,1.0
Llama-3.1-8B-Instruct,469,0,0,77,77,1.0
Llama-3.1-8B-Instruct,198,1,0,77,77,1.0
Llama-3.1-8B-Instruct,297,0,0,77,77,1.0
Llama-3.1-8B-Instruct,146,1,0,77,77,1.0
Llama-3.1-8B-Instruct,147,1,0,77,77,1.0
Llama-3.1-8B-Instruct,447,0,0,77,77,1.0
Llama-3.1-8B-Instruct,287,0,0,77,77,1.0
Llama-3.1-8B-Instruct,368,0,0,77,77,1.0
Llama-3.1-8B-Instruct,96,1,0,77,77,1.0
Llama-3.1-8B-Instruct,239,1,0,77,77,1.0
Llama-3.1-8B-Instruct,97,1,0,77,77,1.0
Llama-3.1-8B-Instruct,122,1,0,77,77,1.0
Llama-3.1-8B-Instruct,183,1,0,77,77,1.0
Llama-3.1-8B-Instruct,202,1,0,77,77,1.0
Llama-3.1-8B-Instruct,246,1,0,77,77,1.0
Llama-3.1-8B-Instruct,305,0,0,77,77,1.0
Llama-3.1-8B-Instruct,298,0,0,77,77,1.0
Llama-3.1-8B-Instruct,386,0,0,77,77,1.0
Llama-3.1-8B-Instruct,125,1,0,77,77,1.0
Llama-3.1-8B-Instruct,223,1,0,77,77,1.0
Llama-3.1-8B-Instruct,129,1,0,77,77,1.0
Llama-3.1-8B-Instruct,420,0,0,77,77,1.0
Llama-3.1-8B-Instruct,289,0,0,77,77,1.0
Llama-3.1-8B-Instruct,444,0,0,77,77,1.0
Llama-3.1-8B-Instruct,376,0,0,77,77,1.0
Llama-3.1-8B-Instruct,291,0,0,77,77,1.0
Llama-3.1-8B-Instruct,355,0,0,77,77,1.0
Llama-3.1-8B-Instruct,294,0,0,77,77,1.0
Llama-3.1-8B-Instruct,396,0,0,77,77,1.0
Llama-3.1-8B-Instruct,112,1,0,77,77,1.0
Llama-3.1-8B-Instruct,179,1,0,77,77,1.0
Llama-3.1-8B-Instruct,481,0,0,77,77,1.0
Llama-3.1-8B-Instruct,422,0,0,77,77,1.0
Llama-3.1-8B-Instruct,233,1,0,77,77,1.0
Llama-3.1-8B-Instruct,164,1,0,77,77,1.0
Llama-3.1-8B-Instruct,136,1,0,77,77,1.0
Llama-3.1-8B-Instruct,197,1,0,77,77,1.0
Llama-3.1-8B-Instruct,232,1,0,77,77,1.0
Llama-3.1-8B-Instruct,115,1,0,77,77,1.0
Llama-3.1-8B-Instruct,349,0,0,77,77,1.0
Llama-3.1-8B-Instruct,224,1,0,77,77,1.0
Llama-3.1-8B-Instruct,402,0,0,77,77,1.0
Llama-3.1-8B-Instruct,397,0,0,77,77,1.0
Llama-3.1-8B-Instruct,127,1,0,77,77,1.0
Llama-3.1-8B-Instruct,107,1,0,77,77,1.0
Llama-3.1-8B-Instruct,370,0,0,77,77,1.0
Llama-3.1-8B-Instruct,133,1,0,77,77,1.0
Llama-3.1-8B-Instruct,44,1,0,77,77,1.0
Llama-3.1-8B-Instruct,460,0,0,77,77,1.0
Llama-3.1-8B-Instruct,65,1,0,77,77,1.0
Llama-3.1-8B-Instruct,283,0,0,77,77,1.0
Llama-3.1-8B-Instruct,242,1,0,77,77,1.0
Llama-3.1-8B-Instruct,186,1,0,77,77,1.0
Llama-3.1-8B-Instruct,12,1,0,77,77,1.0
Llama-3.1-8B-Instruct,35,1,0,77,77,1.0
Llama-3.1-8B-Instruct,28,1,0,77,77,1.0
Llama-3.1-8B-Instruct,142,1,0,77,77,1.0
Llama-3.1-8B-Instruct,342,0,0,77,77,1.0
Llama-3.1-8B-Instruct,221,1,0,77,77,1.0
Llama-3.1-8B-Instruct,95,1,0,77,77,1.0
Llama-3.1-8B-Instruct,51,1,0,77,77,1.0
Llama-3.1-8B-Instruct,240,1,0,77,77,1.0
Llama-3.1-8B-Instruct,378,0,0,77,77,1.0
Llama-3.1-8B-Instruct,41,1,0,77,77,1.0
Llama-3.1-8B-Instruct,421,0,0,77,77,1.0
Llama-3.1-8B-Instruct,206,1,0,77,77,1.0
Llama-3.1-8B-Instruct,412,0,0,77,77,1.0
Llama-3.1-8B-Instruct,4,1,0,77,77,1.0
Llama-3.1-8B-Instruct,100,1,0,77,77,1.0
Llama-3.1-8B-Instruct,213,1,0,77,77,1.0
Llama-3.1-8B-Instruct,171,1,0,77,77,1.0
Llama-3.1-8B-Instruct,98,1,0,77,77,1.0
Llama-3.1-8B-Instruct,292,0,0,77,77,1.0
Llama-3.1-8B-Instruct,215,1,0,77,77,1.0
Llama-3.1-8B-Instruct,61,1,0,77,77,1.0
Llama-3.1-8B-Instruct,32,1,0,77,77,1.0
Llama-3.1-8B-Instruct,267,0,0,77,77,1.0
Llama-3.1-8B-Instruct,327,0,0,77,77,1.0
Llama-3.1-8B-Instruct,200,1,0,77,77,1.0
Llama-3.1-8B-Instruct,27,1,0,77,77,1.0
Llama-3.1-8B-Instruct,230,1,0,77,77,1.0
Llama-3.1-8B-Instruct,162,1,0,77,77,1.0
Llama-3.1-8B-Instruct,425,0,0,77,77,1.0
Llama-3.1-8B-Instruct,62,1,0,77,77,1.0
Llama-3.1-8B-Instruct,135,1,0,77,77,1.0
Llama-3.1-8B-Instruct,128,1,0,77,77,1.0
Llama-3.1-8B-Instruct,476,0,0,77,77,1.0
Llama-3.1-8B-Instruct,326,0,0,77,77,1.0
Llama-3.1-8B-Instruct,64,1,0,77,77,1.0
Llama-3.1-8B-Instruct,14,1,0,77,77,1.0
Llama-3.1-8B-Instruct,156,1,0,77,77,1.0
Llama-3.1-8B-Instruct,40,1,0,77,77,1.0
Llama-3.1-8B-Instruct,379,0,0,77,77,1.0
Llama-3.1-8B-Instruct,216,1,0,77,77,1.0
Llama-3.1-8B-Instruct,279,0,0,77,77,1.0
Llama-3.1-8B-Instruct,430,0,0,77,77,1.0
Llama-3.1-8B-Instruct,337,0,0,77,77,1.0
Llama-3.1-8B-Instruct,236,1,0,77,77,1.0
Llama-3.1-8B-Instruct,207,1,0,77,77,1.0
Llama-3.1-8B-Instruct,212,1,0,77,77,1.0
Llama-3.1-8B-Instruct,457,0,0,77,77,1.0
Llama-3.1-8B-Instruct,486,0,0,77,77,1.0
Llama-3.1-8B-Instruct,303,0,0,77,77,1.0
Llama-3.1-8B-Instruct,350,0,0,77,77,1.0
Llama-3.1-8B-Instruct,269,0,0,77,77,1.0
Llama-3.1-8B-Instruct,201,1,0,77,77,1.0
Llama-3.1-8B-Instruct,161,1,0,77,77,1.0
Llama-3.1-8B-Instruct,43,1,0,77,77,1.0
Llama-3.1-8B-Instruct,217,1,0,77,77,1.0
Llama-3.1-8B-Instruct,401,0,0,77,77,1.0
Llama-3.1-8B-Instruct,190,1,0,77,77,1.0
Llama-3.1-8B-Instruct,309,0,0,77,77,1.0
Llama-3.1-8B-Instruct,105,1,0,77,77,1.0
Llama-3.1-8B-Instruct,53,1,0,77,77,1.0
Llama-3.1-8B-Instruct,389,0,0,77,77,1.0
Llama-3.1-8B-Instruct,1,1,0,77,77,1.0
Llama-3.1-8B-Instruct,441,0,0,77,77,1.0
Llama-3.1-8B-Instruct,49,1,0,77,77,1.0
Llama-3.1-8B-Instruct,419,0,0,77,77,1.0
Llama-3.1-8B-Instruct,80,1,0,77,77,1.0
Llama-3.1-8B-Instruct,205,1,0,77,77,1.0
Llama-3.1-8B-Instruct,34,1,0,77,77,1.0
Llama-3.1-8B-Instruct,427,0,0,77,77,1.0
Llama-3.1-8B-Instruct,366,0,0,77,77,1.0
Llama-3.1-8B-Instruct,91,1,0,77,77,1.0
Llama-3.1-8B-Instruct,339,0,0,77,77,1.0
Llama-3.1-8B-Instruct,345,0,0,77,77,1.0
Llama-3.1-8B-Instruct,241,1,0,77,77,1.0
Llama-3.1-8B-Instruct,13,1,0,77,77,1.0
Llama-3.1-8B-Instruct,315,0,0,77,77,1.0
Llama-3.1-8B-Instruct,88,1,0,77,77,1.0
Llama-3.1-8B-Instruct,166,1,0,77,77,1.0
Llama-3.1-8B-Instruct,134,1,0,77,77,1.0
Llama-3.1-8B-Instruct,319,0,0,77,77,1.0
Llama-3.1-8B-Instruct,243,1,0,77,77,1.0
Llama-3.1-8B-Instruct,363,0,0,77,77,1.0
Llama-3.1-8B-Instruct,50,1,0,77,77,1.0
Llama-3.1-8B-Instruct,456,0,0,77,77,1.0
Llama-3.1-8B-Instruct,174,1,0,77,77,1.0
Llama-3.1-8B-Instruct,445,0,0,77,77,1.0
Llama-3.1-8B-Instruct,189,1,0,77,77,1.0
Llama-3.1-8B-Instruct,496,0,0,77,77,1.0
Llama-3.1-8B-Instruct,187,1,0,77,77,1.0
Llama-3.1-8B-Instruct,58,1,0,77,77,1.0
Llama-3.1-8B-Instruct,48,1,0,77,77,1.0
Llama-3.1-8B-Instruct,235,1,0,77,77,1.0
Llama-3.1-8B-Instruct,252,0,0,77,77,1.0
Llama-3.1-8B-Instruct,21,1,0,77,77,1.0
Llama-3.1-8B-Instruct,459,0,0,77,77,1.0
Llama-3.1-8B-Instruct,160,1,0,77,77,1.0
Llama-3.1-8B-Instruct,276,0,0,77,77,1.0
Llama-3.1-8B-Instruct,443,0,0,77,77,1.0
Llama-3.1-8B-Instruct,191,1,0,77,77,1.0
Llama-3.1-8B-Instruct,385,0,0,77,77,1.0
Llama-3.1-8B-Instruct,149,1,0,77,77,1.0
Llama-3.1-8B-Instruct,130,1,0,77,77,1.0
Llama-3.1-8B-Instruct,151,1,0,77,77,1.0
Llama-3.1-8B-Instruct,99,1,0,77,77,1.0
Llama-3.1-8B-Instruct,372,0,0,77,77,1.0
Llama-3.1-8B-Instruct,87,1,0,77,77,1.0
Llama-3.1-8B-Instruct,458,0,0,77,77,1.0
Llama-3.1-8B-Instruct,330,0,0,77,77,1.0
Llama-3.1-8B-Instruct,214,1,0,77,77,1.0
Llama-3.1-8B-Instruct,121,1,0,77,77,1.0
Llama-3.1-8B-Instruct,499,0,0,77,77,1.0
Llama-3.1-8B-Instruct,20,1,0,77,77,1.0
Llama-3.1-8B-Instruct,188,1,0,77,77,1.0
Llama-3.1-8B-Instruct,71,1,0,77,77,1.0
Llama-3.1-8B-Instruct,106,1,0,77,77,1.0
Llama-3.1-8B-Instruct,270,0,0,77,77,1.0
Llama-3.1-8B-Instruct,435,0,0,77,77,1.0
Llama-3.1-8B-Instruct,102,1,0,77,77,1.0
Llama-3.1-8B-Instruct,461,0,1,76,77,0.987012987012987
Llama-3.1-8B-Instruct,229,1,1,76,77,0.987012987012987
Llama-3.1-8B-Instruct,261,0,1,76,77,0.987012987012987
Llama-3.1-8B-Instruct,195,1,1,76,77,0.987012987012987
Llama-3.1-8B-Instruct,225,1,1,76,77,0.987012987012987
Llama-3.1-8B-Instruct,340,0,1,76,77,0.987012987012987
Llama-3.1-8B-Instruct,226,1,1,76,77,0.987012987012987
Llama-3.1-8B-Instruct,424,0,1,76,77,0.987012987012987
Llama-3.1-8B-Instruct,288,0,1,76,77,0.987012987012987
Llama-3.1-8B-Instruct,403,0,1,76,77,0.987012987012987
Llama-3.1-8B-Instruct,438,0,2,75,77,0.974025974025974
Llama-3.1-8B-Instruct,271,0,2,75,77,0.974025974025974
Llama-3.1-8B-Instruct,405,0,2,75,77,0.974025974025974
Llama-3.1-8B-Instruct,37,1,2,75,77,0.974025974025974
Llama-3.1-8B-Instruct,411,0,2,75,77,0.974025974025974
Llama-3.1-8B-Instruct,170,1,2,75,77,0.974025974025974
Llama-3.1-8B-Instruct,52,1,2,75,77,0.974025974025974
Llama-3.1-8B-Instruct,280,0,3,74,77,0.961038961038961
Llama-3.1-8B-Instruct,317,0,3,74,77,0.961038961038961
Llama-3.1-8B-Instruct,143,1,3,74,77,0.961038961038961
Llama-3.1-8B-Instruct,284,0,3,74,77,0.961038961038961
Llama-3.1-8B-Instruct,258,0,3,74,77,0.961038961038961
Llama-3.1-8B-Instruct,169,1,3,74,77,0.961038961038961
Llama-3.1-8B-Instruct,313,0,3,74,77,0.961038961038961
Llama-3.1-8B-Instruct,333,0,4,73,77,0.948051948051948
Llama-3.1-8B-Instruct,362,0,4,73,77,0.948051948051948
Llama-3.1-8B-Instruct,192,1,4,73,77,0.948051948051948
Llama-3.1-8B-Instruct,480,0,4,73,77,0.948051948051948
Llama-3.1-8B-Instruct,475,0,5,72,77,0.935064935064935
Llama-3.1-8B-Instruct,79,1,5,72,77,0.935064935064935
Llama-3.1-8B-Instruct,453,0,5,72,77,0.935064935064935
Llama-3.1-8B-Instruct,181,1,5,72,77,0.935064935064935
Llama-3.1-8B-Instruct,111,1,6,71,77,0.922077922077922
Llama-3.1-8B-Instruct,325,0,6,71,77,0.922077922077922
Llama-3.1-8B-Instruct,85,1,6,71,77,0.922077922077922
Llama-3.1-8B-Instruct,257,0,6,71,77,0.922077922077922
Llama-3.1-8B-Instruct,18,1,7,70,77,0.9090909090909091
Llama-3.1-8B-Instruct,302,0,7,70,77,0.9090909090909091
Llama-3.1-8B-Instruct,331,0,8,69,77,0.8961038961038961
Llama-3.1-8B-Instruct,464,0,8,69,77,0.8961038961038961
Llama-3.1-8B-Instruct,418,0,8,69,77,0.8961038961038961
Llama-3.1-8B-Instruct,204,1,11,66,77,0.8571428571428571
Llama-3.1-8B-Instruct,484,0,12,65,77,0.8441558441558441
Llama-3.1-8B-Instruct,219,1,13,64,77,0.8311688311688312
Llama-3.1-8B-Instruct,264,0,13,64,77,0.8311688311688312
Llama-3.1-8B-Instruct,306,0,13,64,77,0.8311688311688312
Llama-3.1-8B-Instruct,393,0,14,63,77,0.8181818181818182
Llama-3.1-8B-Instruct,482,0,14,63,77,0.8181818181818182
Llama-3.1-8B-Instruct,184,1,15,62,77,0.8051948051948052
Llama-3.1-8B-Instruct,391,0,16,61,77,0.7922077922077922
Llama-3.1-8B-Instruct,390,0,16,61,77,0.7922077922077922
Llama-3.1-8B-Instruct,497,0,17,60,77,0.7792207792207793
Llama-3.1-8B-Instruct,483,0,17,60,77,0.7792207792207793
Llama-3.1-8B-Instruct,472,0,18,59,77,0.7662337662337663
Llama-3.1-8B-Instruct,439,0,18,59,77,0.7662337662337663
Llama-3.1-8B-Instruct,364,0,23,54,77,0.7012987012987013
Llama-3.1-8B-Instruct,463,0,23,54,77,0.7012987012987013
Llama-3.1-8B-Instruct,344,0,24,53,77,0.6883116883116883
Llama-3.1-8B-Instruct,247,1,25,52,77,0.6753246753246753
Llama-3.1-8B-Instruct,442,0,25,52,77,0.6753246753246753
Llama-3.1-8B-Instruct,490,0,26,51,77,0.6623376623376623
Llama-3.1-8B-Instruct,436,0,26,51,77,0.6623376623376623
Llama-3.1-8B-Instruct,414,0,28,49,77,0.6363636363636364
Llama-3.1-8B-Instruct,416,0,28,49,77,0.6363636363636364
Llama-3.1-8B-Instruct,387,0,31,46,77,0.5974025974025974
Llama-3.1-8B-Instruct,307,0,32,45,77,0.5844155844155844
Llama-3.1-8B-Instruct,120,1,34,43,77,0.5584415584415584
Llama-3.1-8B-Instruct,382,0,35,42,77,0.5454545454545454
Llama-3.1-8B-Instruct,346,0,35,42,77,0.5454545454545454
Llama-3.1-8B-Instruct,177,1,35,42,77,0.5454545454545454
Llama-3.1-8B-Instruct,357,0,38,39,77,0.5064935064935064
Llama-3.1-8B-Instruct,123,1,38,39,77,0.5064935064935064
Llama-3.1-8B-Instruct,466,0,40,37,77,0.4805194805194805
Llama-3.1-8B-Instruct,159,1,41,36,77,0.4675324675324675
Llama-3.1-8B-Instruct,489,0,42,35,77,0.45454545454545453
Llama-3.1-8B-Instruct,455,0,43,34,77,0.44155844155844154
Llama-3.1-8B-Instruct,178,1,43,34,77,0.44155844155844154
Llama-3.1-8B-Instruct,26,1,46,31,77,0.4025974025974026
Llama-3.1-8B-Instruct,248,1,48,29,77,0.37662337662337664
Llama-3.1-8B-Instruct,293,0,52,25,77,0.3246753246753247
Llama-3.1-8B-Instruct,228,1,54,23,77,0.2987012987012987
Llama-3.1-8B-Instruct,392,0,57,20,77,0.2597402597402597
Llama-3.1-8B-Instruct,138,1,57,20,77,0.2597402597402597
Llama-3.1-8B-Instruct,465,0,59,18,77,0.23376623376623376
Llama-3.1-8B-Instruct,462,0,63,14,77,0.18181818181818182
Llama-3.1-8B-Instruct,429,0,63,14,77,0.18181818181818182
Llama-3.1-8B-Instruct,8,1,64,13,77,0.16883116883116883
Llama-3.1-8B-Instruct,155,1,65,12,77,0.15584415584415584
Llama-3.1-8B-Instruct,432,0,65,12,77,0.15584415584415584
Llama-3.1-8B-Instruct,17,1,67,10,77,0.12987012987012986
Llama-3.1-8B-Instruct,398,0,67,10,77,0.12987012987012986
Llama-3.1-8B-Instruct,282,0,67,10,77,0.12987012987012986
Llama-3.1-8B-Instruct,343,0,67,10,77,0.12987012987012986
Llama-3.1-8B-Instruct,377,0,68,9,77,0.11688311688311688
Llama-3.1-8B-Instruct,395,0,68,9,77,0.11688311688311688
Llama-3.1-8B-Instruct,328,0,68,9,77,0.11688311688311688
Llama-3.1-8B-Instruct,498,0,70,7,77,0.09090909090909091
Llama-3.1-8B-Instruct,275,0,71,6,77,0.07792207792207792
Llama-3.1-8B-Instruct,254,0,71,6,77,0.07792207792207792
Llama-3.1-8B-Instruct,381,0,72,5,77,0.06493506493506493
Llama-3.1-8B-Instruct,332,0,72,5,77,0.06493506493506493
Llama-3.1-8B-Instruct,348,0,72,5,77,0.06493506493506493
Llama-3.1-8B-Instruct,426,0,73,4,77,0.05194805194805195
Llama-3.1-8B-Instruct,76,1,74,3,77,0.03896103896103896
Llama-3.1-8B-Instruct,57,1,74,3,77,0.03896103896103896
Llama-3.1-8B-Instruct,311,0,74,3,77,0.03896103896103896
Llama-3.1-8B-Instruct,450,0,75,2,77,0.025974025974025976
Llama-3.1-8B-Instruct,495,0,75,2,77,0.025974025974025976
Llama-3.1-8B-Instruct,467,0,75,2,77,0.025974025974025976
Llama-3.1-8B-Instruct,255,0,75,2,77,0.025974025974025976
Llama-3.1-8B-Instruct,407,0,75,2,77,0.025974025974025976
Llama-3.1-8B-Instruct,263,0,75,2,77,0.025974025974025976
Llama-3.1-8B-Instruct,492,0,75,2,77,0.025974025974025976
Llama-3.1-8B-Instruct,477,0,76,1,77,0.012987012987012988
Llama-3.1-8B-Instruct,404,0,76,1,77,0.012987012987012988
Llama-3.1-8B-Instruct,260,0,76,1,77,0.012987012987012988
Llama-3.1-8B-Instruct,440,0,77,0,77,0.0
Llama-3.1-8B-Instruct,485,0,77,0,77,0.0
Llama-3.1-8B-Instruct,415,0,77,0,77,0.0
Llama-3.1-8B-Instruct,410,0,77,0,77,0.0
Llama-3.1-8B-Instruct,323,0,77,0,77,0.0
Llama-3.1-8B-Instruct,46,1,77,0,77,0.0
Llama-3.1-8B-Instruct,321,0,77,0,77,0.0
Llama-3.1-8B-Instruct,278,0,77,0,77,0.0
Llama-3.1-8B-Instruct,301,0,77,0,77,0.0
Llama-3.1-8B-Instruct,318,0,77,0,77,0.0
Llama-3.1-8B-Instruct,369,0,77,0,77,0.0
Llama-3.1-8B-Instruct,272,0,77,0,77,0.0
Llama-3.1-8B-Instruct,478,0,77,0,77,0.0
Llama-3.1-8B-Instruct,299,0,77,0,77,0.0
Llama-3.1-8B-Instruct,354,0,77,0,77,0.0
Llama-3.1-8B-Instruct,353,0,77,0,77,0.0
Llama-3.1-8B-Instruct,338,0,77,0,77,0.0
Llama-3.1-8B-Instruct,158,1,77,0,77,0.0
Llama-3.1-8B-Instruct,10,1,77,0,77,0.0
Llama-3.1-8B-Instruct,296,0,77,0,77,0.0
Llama-3.1-8B-Instruct,474,0,77,0,77,0.0
Llama-3.1-8B-Instruct,351,0,77,0,77,0.0
Llama-3.1-8B-Instruct,487,0,77,0,77,0.0
Llama-3.1-8B-Instruct,285,0,77,0,77,0.0
Llama-3.1-8B-Instruct,452,0,77,0,77,0.0
Llama-3.1-8B-Instruct,383,0,77,0,77,0.0
Llama-3.1-8B-Instruct,256,0,77,0,77,0.0
Llama-3.1-8B-Instruct,448,0,77,0,77,0.0
Llama-3.1-8B-Instruct,47,1,77,0,77,0.0
Llama-3.1-8B-Instruct,446,0,77,0,77,0.0
Llama-3.1-8B-Instruct,300,0,77,0,77,0.0
Llama-3.1-8B-Instruct,468,0,77,0,77,0.0
Llama-3.1-8B-Instruct,434,0,77,0,77,0.0
Llama-3.1-8B-Instruct,295,0,77,0,77,0.0
Llama-3.1-8B-Instruct,251,0,77,0,77,0.0
Llama-3.1-8B-Instruct,488,0,77,0,77,0.0
Llama-3.1-8B-Instruct,259,0,77,0,77,0.0
Llama-3.1-8B-Instruct,473,0,77,0,77,0.0
Llama-3.1-8B-Instruct,273,0,77,0,77,0.0
Llama-3.1-8B-Instruct,54,1,77,0,77,0.0
Llama-3.1-8B-Instruct,413,0,77,0,77,0.0
Llama-3.1-8B-Instruct,308,0,77,0,77,0.0
Llama-3.1-8B-Instruct,359,0,77,0,77,0.0
Ministral-3-8B-Instruct-2512,361,0,0,77,77,1.0
Ministral-3-8B-Instruct-2512,374,0,0,77,77,1.0
Ministral-3-8B-Instruct-2512,104,1,0,77,77,1.0
Ministral-3-8B-Instruct-2512,394,0,0,77,77,1.0
Ministral-3-8B-Instruct-2512,68,1,0,77,77,1.0
Ministral-3-8B-Instruct-2512,194,1,0,77,77,1.0
Ministral-3-8B-Instruct-2512,406,0,0,77,77,1.0
Ministral-3-8B-Instruct-2512,84,1,0,77,77,1.0
Ministral-3-8B-Instruct-2512,371,0,0,77,77,1.0
Ministral-3-8B-Instruct-2512,388,0,0,77,77,1.0
Ministral-3-8B-Instruct-2512,30,1,0,77,77,1.0
Ministral-3-8B-Instruct-2512,316,0,0,77,77,1.0
Ministral-3-8B-Instruct-2512,280,0,0,77,77,1.0
Ministral-3-8B-Instruct-2512,356,0,0,77,77,1.0
Ministral-3-8B-Instruct-2512,211,1,0,77,77,1.0
Ministral-3-8B-Instruct-2512,101,1,0,77,77,1.0
Ministral-3-8B-Instruct-2512,334,0,0,77,77,1.0
Ministral-3-8B-Instruct-2512,336,0,0,77,77,1.0
Ministral-3-8B-Instruct-2512,2,1,0,77,77,1.0
Ministral-3-8B-Instruct-2512,333,0,0,77,77,1.0
Ministral-3-8B-Instruct-2512,409,0,0,77,77,1.0
Ministral-3-8B-Instruct-2512,70,1,0,77,77,1.0
Ministral-3-8B-Instruct-2512,209,1,0,77,77,1.0
Ministral-3-8B-Instruct-2512,63,1,0,77,77,1.0
Ministral-3-8B-Instruct-2512,384,0,0,77,77,1.0
Ministral-3-8B-Instruct-2512,93,1,0,77,77,1.0
Ministral-3-8B-Instruct-2512,185,1,0,77,77,1.0
Ministral-3-8B-Instruct-2512,33,1,0,77,77,1.0
Ministral-3-8B-Instruct-2512,77,1,0,77,77,1.0
Ministral-3-8B-Instruct-2512,0,1,0,77,77,1.0
Ministral-3-8B-Instruct-2512,11,1,0,77,77,1.0
Ministral-3-8B-Instruct-2512,22,1,0,77,77,1.0
Ministral-3-8B-Instruct-2512,72,1,0,77,77,1.0
Ministral-3-8B-Instruct-2512,182,1,0,77,77,1.0
Ministral-3-8B-Instruct-2512,131,1,0,77,77,1.0
Ministral-3-8B-Instruct-2512,193,1,0,77,77,1.0
Ministral-3-8B-Instruct-2512,55,1,0,77,77,1.0
Ministral-3-8B-Instruct-2512,148,1,0,77,77,1.0
Ministral-3-8B-Instruct-2512,204,1,0,77,77,1.0
Ministral-3-8B-Instruct-2512,78,1,0,77,77,1.0
Ministral-3-8B-Instruct-2512,494,0,0,77,77,1.0
Ministral-3-8B-Instruct-2512,262,0,0,77,77,1.0
Ministral-3-8B-Instruct-2512,79,1,0,77,77,1.0
Ministral-3-8B-Instruct-2512,39,1,0,77,77,1.0
Ministral-3-8B-Instruct-2512,451,0,0,77,77,1.0
Ministral-3-8B-Instruct-2512,238,1,0,77,77,1.0
Ministral-3-8B-Instruct-2512,352,0,0,77,77,1.0
Ministral-3-8B-Instruct-2512,341,0,0,77,77,1.0
Ministral-3-8B-Instruct-2512,277,0,0,77,77,1.0
Ministral-3-8B-Instruct-2512,290,0,0,77,77,1.0
Ministral-3-8B-Instruct-2512,304,0,0,77,77,1.0
Ministral-3-8B-Instruct-2512,268,0,0,77,77,1.0
Ministral-3-8B-Instruct-2512,69,1,0,77,77,1.0
Ministral-3-8B-Instruct-2512,154,1,0,77,77,1.0
Ministral-3-8B-Instruct-2512,82,1,0,77,77,1.0
Ministral-3-8B-Instruct-2512,90,1,0,77,77,1.0
Ministral-3-8B-Instruct-2512,180,1,0,77,77,1.0
Ministral-3-8B-Instruct-2512,312,0,0,77,77,1.0
Ministral-3-8B-Instruct-2512,324,0,0,77,77,1.0
Ministral-3-8B-Instruct-2512,431,0,0,77,77,1.0
Ministral-3-8B-Instruct-2512,347,0,0,77,77,1.0
Ministral-3-8B-Instruct-2512,86,1,0,77,77,1.0
Ministral-3-8B-Instruct-2512,75,1,0,77,77,1.0
Ministral-3-8B-Instruct-2512,438,0,0,77,77,1.0
Ministral-3-8B-Instruct-2512,15,1,0,77,77,1.0
Ministral-3-8B-Instruct-2512,249,1,0,77,77,1.0
Ministral-3-8B-Instruct-2512,433,0,0,77,77,1.0
Ministral-3-8B-Instruct-2512,19,1,0,77,77,1.0
Ministral-3-8B-Instruct-2512,322,0,0,77,77,1.0
Ministral-3-8B-Instruct-2512,56,1,0,77,77,1.0
Ministral-3-8B-Instruct-2512,132,1,0,77,77,1.0
Ministral-3-8B-Instruct-2512,137,1,0,77,77,1.0
Ministral-3-8B-Instruct-2512,423,0,0,77,77,1.0
Ministral-3-8B-Instruct-2512,335,0,0,77,77,1.0
Ministral-3-8B-Instruct-2512,25,1,0,77,77,1.0
Ministral-3-8B-Instruct-2512,281,0,0,77,77,1.0
Ministral-3-8B-Instruct-2512,237,1,0,77,77,1.0
Ministral-3-8B-Instruct-2512,117,1,0,77,77,1.0
Ministral-3-8B-Instruct-2512,42,1,0,77,77,1.0
Ministral-3-8B-Instruct-2512,176,1,0,77,77,1.0
Ministral-3-8B-Instruct-2512,320,0,0,77,77,1.0
Ministral-3-8B-Instruct-2512,153,1,0,77,77,1.0
Ministral-3-8B-Instruct-2512,231,1,0,77,77,1.0
Ministral-3-8B-Instruct-2512,227,1,0,77,77,1.0
Ministral-3-8B-Instruct-2512,203,1,0,77,77,1.0
Ministral-3-8B-Instruct-2512,126,1,0,77,77,1.0
Ministral-3-8B-Instruct-2512,329,0,0,77,77,1.0
Ministral-3-8B-Instruct-2512,31,1,0,77,77,1.0
Ministral-3-8B-Instruct-2512,113,1,0,77,77,1.0
Ministral-3-8B-Instruct-2512,470,0,0,77,77,1.0
Ministral-3-8B-Instruct-2512,140,1,0,77,77,1.0
Ministral-3-8B-Instruct-2512,24,1,0,77,77,1.0
Ministral-3-8B-Instruct-2512,265,0,0,77,77,1.0
Ministral-3-8B-Instruct-2512,66,1,0,77,77,1.0
Ministral-3-8B-Instruct-2512,208,1,0,77,77,1.0
Ministral-3-8B-Instruct-2512,479,0,0,77,77,1.0
Ministral-3-8B-Instruct-2512,94,1,0,77,77,1.0
Ministral-3-8B-Instruct-2512,23,1,0,77,77,1.0
Ministral-3-8B-Instruct-2512,222,1,0,77,77,1.0
Ministral-3-8B-Instruct-2512,5,1,0,77,77,1.0
Ministral-3-8B-Instruct-2512,116,1,0,77,77,1.0
Ministral-3-8B-Instruct-2512,45,1,0,77,77,1.0
Ministral-3-8B-Instruct-2512,16,1,0,77,77,1.0
Ministral-3-8B-Instruct-2512,3,1,0,77,77,1.0
Ministral-3-8B-Instruct-2512,218,1,0,77,77,1.0
Ministral-3-8B-Instruct-2512,60,1,0,77,77,1.0
Ministral-3-8B-Instruct-2512,110,1,0,77,77,1.0
Ministral-3-8B-Instruct-2512,428,0,0,77,77,1.0
Ministral-3-8B-Instruct-2512,29,1,0,77,77,1.0
Ministral-3-8B-Instruct-2512,471,0,0,77,77,1.0
Ministral-3-8B-Instruct-2512,7,1,0,77,77,1.0
Ministral-3-8B-Instruct-2512,108,1,0,77,77,1.0
Ministral-3-8B-Instruct-2512,37,1,0,77,77,1.0
Ministral-3-8B-Instruct-2512,157,1,0,77,77,1.0
Ministral-3-8B-Instruct-2512,118,1,0,77,77,1.0
Ministral-3-8B-Instruct-2512,114,1,0,77,77,1.0
Ministral-3-8B-Instruct-2512,373,0,0,77,77,1.0
Ministral-3-8B-Instruct-2512,454,0,0,77,77,1.0
Ministral-3-8B-Instruct-2512,365,0,0,77,77,1.0
Ministral-3-8B-Instruct-2512,67,1,0,77,77,1.0
Ministral-3-8B-Instruct-2512,210,1,0,77,77,1.0
Ministral-3-8B-Instruct-2512,168,1,0,77,77,1.0
Ministral-3-8B-Instruct-2512,493,0,0,77,77,1.0
Ministral-3-8B-Instruct-2512,375,0,0,77,77,1.0
Ministral-3-8B-Instruct-2512,400,0,0,77,77,1.0
Ministral-3-8B-Instruct-2512,109,1,0,77,77,1.0
Ministral-3-8B-Instruct-2512,92,1,0,77,77,1.0
Ministral-3-8B-Instruct-2512,152,1,0,77,77,1.0
Ministral-3-8B-Instruct-2512,367,0,0,77,77,1.0
Ministral-3-8B-Instruct-2512,83,1,0,77,77,1.0
Ministral-3-8B-Instruct-2512,245,1,0,77,77,1.0
Ministral-3-8B-Instruct-2512,165,1,0,77,77,1.0
Ministral-3-8B-Instruct-2512,163,1,0,77,77,1.0
Ministral-3-8B-Instruct-2512,199,1,0,77,77,1.0
Ministral-3-8B-Instruct-2512,228,1,0,77,77,1.0
Ministral-3-8B-Instruct-2512,74,1,0,77,77,1.0
Ministral-3-8B-Instruct-2512,250,0,0,77,77,1.0
Ministral-3-8B-Instruct-2512,119,1,0,77,77,1.0
Ministral-3-8B-Instruct-2512,399,0,0,77,77,1.0
Ministral-3-8B-Instruct-2512,225,1,0,77,77,1.0
Ministral-3-8B-Instruct-2512,234,1,0,77,77,1.0
Ministral-3-8B-Instruct-2512,274,0,0,77,77,1.0
Ministral-3-8B-Instruct-2512,36,1,0,77,77,1.0
Ministral-3-8B-Instruct-2512,196,1,0,77,77,1.0
Ministral-3-8B-Instruct-2512,139,1,0,77,77,1.0
Ministral-3-8B-Instruct-2512,244,1,0,77,77,1.0
Ministral-3-8B-Instruct-2512,286,0,0,77,77,1.0
Ministral-3-8B-Instruct-2512,59,1,0,77,77,1.0
Ministral-3-8B-Instruct-2512,89,1,0,77,77,1.0
Ministral-3-8B-Instruct-2512,6,1,0,77,77,1.0
Ministral-3-8B-Instruct-2512,360,0,0,77,77,1.0
Ministral-3-8B-Instruct-2512,346,0,0,77,77,1.0
Ministral-3-8B-Instruct-2512,150,1,0,77,77,1.0
Ministral-3-8B-Instruct-2512,449,0,0,77,77,1.0
Ministral-3-8B-Instruct-2512,103,1,0,77,77,1.0
Ministral-3-8B-Instruct-2512,81,1,0,77,77,1.0
Ministral-3-8B-Instruct-2512,38,1,0,77,77,1.0
Ministral-3-8B-Instruct-2512,167,1,0,77,77,1.0
Ministral-3-8B-Instruct-2512,469,0,0,77,77,1.0
Ministral-3-8B-Instruct-2512,297,0,0,77,77,1.0
Ministral-3-8B-Instruct-2512,146,1,0,77,77,1.0
Ministral-3-8B-Instruct-2512,147,1,0,77,77,1.0
Ministral-3-8B-Instruct-2512,447,0,0,77,77,1.0
Ministral-3-8B-Instruct-2512,287,0,0,77,77,1.0
Ministral-3-8B-Instruct-2512,368,0,0,77,77,1.0
Ministral-3-8B-Instruct-2512,96,1,0,77,77,1.0
Ministral-3-8B-Instruct-2512,143,1,0,77,77,1.0
Ministral-3-8B-Instruct-2512,239,1,0,77,77,1.0
Ministral-3-8B-Instruct-2512,97,1,0,77,77,1.0
Ministral-3-8B-Instruct-2512,122,1,0,77,77,1.0
Ministral-3-8B-Instruct-2512,183,1,0,77,77,1.0
Ministral-3-8B-Instruct-2512,202,1,0,77,77,1.0
Ministral-3-8B-Instruct-2512,246,1,0,77,77,1.0
Ministral-3-8B-Instruct-2512,305,0,0,77,77,1.0
Ministral-3-8B-Instruct-2512,298,0,0,77,77,1.0
Ministral-3-8B-Instruct-2512,386,0,0,77,77,1.0
Ministral-3-8B-Instruct-2512,284,0,0,77,77,1.0
Ministral-3-8B-Instruct-2512,125,1,0,77,77,1.0
Ministral-3-8B-Instruct-2512,223,1,0,77,77,1.0
Ministral-3-8B-Instruct-2512,289,0,0,77,77,1.0
Ministral-3-8B-Instruct-2512,444,0,0,77,77,1.0
Ministral-3-8B-Instruct-2512,291,0,0,77,77,1.0
Ministral-3-8B-Instruct-2512,355,0,0,77,77,1.0
Ministral-3-8B-Instruct-2512,294,0,0,77,77,1.0
Ministral-3-8B-Instruct-2512,396,0,0,77,77,1.0
Ministral-3-8B-Instruct-2512,340,0,0,77,77,1.0
Ministral-3-8B-Instruct-2512,112,1,0,77,77,1.0
Ministral-3-8B-Instruct-2512,179,1,0,77,77,1.0
Ministral-3-8B-Instruct-2512,481,0,0,77,77,1.0
Ministral-3-8B-Instruct-2512,422,0,0,77,77,1.0
Ministral-3-8B-Instruct-2512,233,1,0,77,77,1.0
Ministral-3-8B-Instruct-2512,164,1,0,77,77,1.0
Ministral-3-8B-Instruct-2512,136,1,0,77,77,1.0
Ministral-3-8B-Instruct-2512,197,1,0,77,77,1.0
Ministral-3-8B-Instruct-2512,232,1,0,77,77,1.0
Ministral-3-8B-Instruct-2512,115,1,0,77,77,1.0
Ministral-3-8B-Instruct-2512,349,0,0,77,77,1.0
Ministral-3-8B-Instruct-2512,224,1,0,77,77,1.0
Ministral-3-8B-Instruct-2512,402,0,0,77,77,1.0
Ministral-3-8B-Instruct-2512,397,0,0,77,77,1.0
Ministral-3-8B-Instruct-2512,127,1,0,77,77,1.0
Ministral-3-8B-Instruct-2512,107,1,0,77,77,1.0
Ministral-3-8B-Instruct-2512,133,1,0,77,77,1.0
Ministral-3-8B-Instruct-2512,44,1,0,77,77,1.0
Ministral-3-8B-Instruct-2512,460,0,0,77,77,1.0
Ministral-3-8B-Instruct-2512,65,1,0,77,77,1.0
Ministral-3-8B-Instruct-2512,283,0,0,77,77,1.0
Ministral-3-8B-Instruct-2512,85,1,0,77,77,1.0
Ministral-3-8B-Instruct-2512,242,1,0,77,77,1.0
Ministral-3-8B-Instruct-2512,186,1,0,77,77,1.0
Ministral-3-8B-Instruct-2512,12,1,0,77,77,1.0
Ministral-3-8B-Instruct-2512,28,1,0,77,77,1.0
Ministral-3-8B-Instruct-2512,142,1,0,77,77,1.0
Ministral-3-8B-Instruct-2512,221,1,0,77,77,1.0
Ministral-3-8B-Instruct-2512,95,1,0,77,77,1.0
Ministral-3-8B-Instruct-2512,51,1,0,77,77,1.0
Ministral-3-8B-Instruct-2512,240,1,0,77,77,1.0
Ministral-3-8B-Instruct-2512,41,1,0,77,77,1.0
Ministral-3-8B-Instruct-2512,421,0,0,77,77,1.0
Ministral-3-8B-Instruct-2512,206,1,0,77,77,1.0
Ministral-3-8B-Instruct-2512,412,0,0,77,77,1.0
Ministral-3-8B-Instruct-2512,4,1,0,77,77,1.0
Ministral-3-8B-Instruct-2512,100,1,0,77,77,1.0
Ministral-3-8B-Instruct-2512,226,1,0,77,77,1.0
Ministral-3-8B-Instruct-2512,213,1,0,77,77,1.0
Ministral-3-8B-Instruct-2512,171,1,0,77,77,1.0
Ministral-3-8B-Instruct-2512,98,1,0,77,77,1.0
Ministral-3-8B-Instruct-2512,292,0,0,77,77,1.0
Ministral-3-8B-Instruct-2512,215,1,0,77,77,1.0
Ministral-3-8B-Instruct-2512,61,1,0,77,77,1.0
Ministral-3-8B-Instruct-2512,32,1,0,77,77,1.0
Ministral-3-8B-Instruct-2512,267,0,0,77,77,1.0
Ministral-3-8B-Instruct-2512,327,0,0,77,77,1.0
Ministral-3-8B-Instruct-2512,200,1,0,77,77,1.0
Ministral-3-8B-Instruct-2512,230,1,0,77,77,1.0
Ministral-3-8B-Instruct-2512,288,0,0,77,77,1.0
Ministral-3-8B-Instruct-2512,162,1,0,77,77,1.0
Ministral-3-8B-Instruct-2512,425,0,0,77,77,1.0
Ministral-3-8B-Instruct-2512,135,1,0,77,77,1.0
Ministral-3-8B-Instruct-2512,128,1,0,77,77,1.0
Ministral-3-8B-Instruct-2512,326,0,0,77,77,1.0
Ministral-3-8B-Instruct-2512,64,1,0,77,77,1.0
Ministral-3-8B-Instruct-2512,14,1,0,77,77,1.0
Ministral-3-8B-Instruct-2512,156,1,0,77,77,1.0
Ministral-3-8B-Instruct-2512,40,1,0,77,77,1.0
Ministral-3-8B-Instruct-2512,379,0,0,77,77,1.0
Ministral-3-8B-Instruct-2512,403,0,0,77,77,1.0
Ministral-3-8B-Instruct-2512,216,1,0,77,77,1.0
Ministral-3-8B-Instruct-2512,279,0,0,77,77,1.0
Ministral-3-8B-Instruct-2512,430,0,0,77,77,1.0
Ministral-3-8B-Instruct-2512,236,1,0,77,77,1.0
Ministral-3-8B-Instruct-2512,207,1,0,77,77,1.0
Ministral-3-8B-Instruct-2512,457,0,0,77,77,1.0
Ministral-3-8B-Instruct-2512,486,0,0,77,77,1.0
Ministral-3-8B-Instruct-2512,303,0,0,77,77,1.0
Ministral-3-8B-Instruct-2512,350,0,0,77,77,1.0
Ministral-3-8B-Instruct-2512,269,0,0,77,77,1.0
Ministral-3-8B-Instruct-2512,201,1,0,77,77,1.0
Ministral-3-8B-Instruct-2512,161,1,0,77,77,1.0
Ministral-3-8B-Instruct-2512,43,1,0,77,77,1.0
Ministral-3-8B-Instruct-2512,217,1,0,77,77,1.0
Ministral-3-8B-Instruct-2512,190,1,0,77,77,1.0
Ministral-3-8B-Instruct-2512,105,1,0,77,77,1.0
Ministral-3-8B-Instruct-2512,53,1,0,77,77,1.0
Ministral-3-8B-Instruct-2512,389,0,0,77,77,1.0
Ministral-3-8B-Instruct-2512,1,1,0,77,77,1.0
Ministral-3-8B-Instruct-2512,441,0,0,77,77,1.0
Ministral-3-8B-Instruct-2512,482,0,0,77,77,1.0
Ministral-3-8B-Instruct-2512,49,1,0,77,77,1.0
Ministral-3-8B-Instruct-2512,419,0,0,77,77,1.0
Ministral-3-8B-Instruct-2512,80,1,0,77,77,1.0
Ministral-3-8B-Instruct-2512,205,1,0,77,77,1.0
Ministral-3-8B-Instruct-2512,34,1,0,77,77,1.0
Ministral-3-8B-Instruct-2512,263,0,0,77,77,1.0
Ministral-3-8B-Instruct-2512,427,0,0,77,77,1.0
Ministral-3-8B-Instruct-2512,366,0,0,77,77,1.0
Ministral-3-8B-Instruct-2512,91,1,0,77,77,1.0
Ministral-3-8B-Instruct-2512,339,0,0,77,77,1.0
Ministral-3-8B-Instruct-2512,241,1,0,77,77,1.0
Ministral-3-8B-Instruct-2512,13,1,0,77,77,1.0
Ministral-3-8B-Instruct-2512,315,0,0,77,77,1.0
Ministral-3-8B-Instruct-2512,166,1,0,77,77,1.0
Ministral-3-8B-Instruct-2512,134,1,0,77,77,1.0
Ministral-3-8B-Instruct-2512,480,0,0,77,77,1.0
Ministral-3-8B-Instruct-2512,319,0,0,77,77,1.0
Ministral-3-8B-Instruct-2512,243,1,0,77,77,1.0
Ministral-3-8B-Instruct-2512,363,0,0,77,77,1.0
Ministral-3-8B-Instruct-2512,50,1,0,77,77,1.0
Ministral-3-8B-Instruct-2512,174,1,0,77,77,1.0
Ministral-3-8B-Instruct-2512,445,0,0,77,77,1.0
Ministral-3-8B-Instruct-2512,189,1,0,77,77,1.0
Ministral-3-8B-Instruct-2512,496,0,0,77,77,1.0
Ministral-3-8B-Instruct-2512,187,1,0,77,77,1.0
Ministral-3-8B-Instruct-2512,58,1,0,77,77,1.0
Ministral-3-8B-Instruct-2512,48,1,0,77,77,1.0
Ministral-3-8B-Instruct-2512,235,1,0,77,77,1.0
Ministral-3-8B-Instruct-2512,21,1,0,77,77,1.0
Ministral-3-8B-Instruct-2512,459,0,0,77,77,1.0
Ministral-3-8B-Instruct-2512,160,1,0,77,77,1.0
Ministral-3-8B-Instruct-2512,443,0,0,77,77,1.0
Ministral-3-8B-Instruct-2512,191,1,0,77,77,1.0
Ministral-3-8B-Instruct-2512,385,0,0,77,77,1.0
Ministral-3-8B-Instruct-2512,149,1,0,77,77,1.0
Ministral-3-8B-Instruct-2512,130,1,0,77,77,1.0
Ministral-3-8B-Instruct-2512,151,1,0,77,77,1.0
Ministral-3-8B-Instruct-2512,99,1,0,77,77,1.0
Ministral-3-8B-Instruct-2512,372,0,0,77,77,1.0
Ministral-3-8B-Instruct-2512,87,1,0,77,77,1.0
Ministral-3-8B-Instruct-2512,330,0,0,77,77,1.0
Ministral-3-8B-Instruct-2512,214,1,0,77,77,1.0
Ministral-3-8B-Instruct-2512,121,1,0,77,77,1.0
Ministral-3-8B-Instruct-2512,20,1,0,77,77,1.0
Ministral-3-8B-Instruct-2512,188,1,0,77,77,1.0
Ministral-3-8B-Instruct-2512,71,1,0,77,77,1.0
Ministral-3-8B-Instruct-2512,106,1,0,77,77,1.0
Ministral-3-8B-Instruct-2512,270,0,0,77,77,1.0
Ministral-3-8B-Instruct-2512,435,0,0,77,77,1.0
Ministral-3-8B-Instruct-2512,102,1,0,77,77,1.0
Ministral-3-8B-Instruct-2512,461,0,1,76,77,0.987012987012987
Ministral-3-8B-Instruct-2512,497,0,1,76,77,0.987012987012987
Ministral-3-8B-Instruct-2512,173,1,1,76,77,0.987012987012987
Ministral-3-8B-Instruct-2512,465,0,1,76,77,0.987012987012987
Ministral-3-8B-Instruct-2512,220,1,1,76,77,0.987012987012987
Ministral-3-8B-Instruct-2512,17,1,1,76,77,0.987012987012987
Ministral-3-8B-Instruct-2512,266,0,1,76,77,0.987012987012987
Ministral-3-8B-Instruct-2512,261,0,1,76,77,0.987012987012987
Ministral-3-8B-Instruct-2512,437,0,1,76,77,0.987012987012987
Ministral-3-8B-Instruct-2512,175,1,1,76,77,0.987012987012987
Ministral-3-8B-Instruct-2512,181,1,1,76,77,0.987012987012987
Ministral-3-8B-Instruct-2512,411,0,1,76,77,0.987012987012987
Ministral-3-8B-Instruct-2512,35,1,1,76,77,0.987012987012987
Ministral-3-8B-Instruct-2512,342,0,1,76,77,0.987012987012987
Ministral-3-8B-Instruct-2512,88,1,1,76,77,0.987012987012987
Ministral-3-8B-Instruct-2512,276,0,1,76,77,0.987012987012987
Ministral-3-8B-Instruct-2512,458,0,1,76,77,0.987012987012987
Ministral-3-8B-Instruct-2512,73,1,2,75,77,0.974025974025974
Ministral-3-8B-Instruct-2512,332,0,2,75,77,0.974025974025974
Ministral-3-8B-Instruct-2512,464,0,2,75,77,0.974025974025974
Ministral-3-8B-Instruct-2512,192,1,2,75,77,0.974025974025974
Ministral-3-8B-Instruct-2512,144,1,2,75,77,0.974025974025974
Ministral-3-8B-Instruct-2512,310,0,2,75,77,0.974025974025974
Ministral-3-8B-Instruct-2512,129,1,2,75,77,0.974025974025974
Ministral-3-8B-Instruct-2512,62,1,2,75,77,0.974025974025974
Ministral-3-8B-Instruct-2512,476,0,2,75,77,0.974025974025974
Ministral-3-8B-Instruct-2512,212,1,2,75,77,0.974025974025974
Ministral-3-8B-Instruct-2512,401,0,2,75,77,0.974025974025974
Ministral-3-8B-Instruct-2512,52,1,2,75,77,0.974025974025974
Ministral-3-8B-Instruct-2512,456,0,2,75,77,0.974025974025974
Ministral-3-8B-Instruct-2512,491,0,3,74,77,0.961038961038961
Ministral-3-8B-Instruct-2512,317,0,3,74,77,0.961038961038961
Ministral-3-8B-Instruct-2512,405,0,3,74,77,0.961038961038961
Ministral-3-8B-Instruct-2512,325,0,3,74,77,0.961038961038961
Ministral-3-8B-Instruct-2512,172,1,4,73,77,0.948051948051948
Ministral-3-8B-Instruct-2512,145,1,4,73,77,0.948051948051948
Ministral-3-8B-Instruct-2512,420,0,4,73,77,0.948051948051948
Ministral-3-8B-Instruct-2512,159,1,4,73,77,0.948051948051948
Ministral-3-8B-Instruct-2512,475,0,5,72,77,0.935064935064935
Ministral-3-8B-Instruct-2512,57,1,5,72,77,0.935064935064935
Ministral-3-8B-Instruct-2512,198,1,5,72,77,0.935064935064935
Ministral-3-8B-Instruct-2512,378,0,5,72,77,0.935064935064935
Ministral-3-8B-Instruct-2512,247,1,6,71,77,0.922077922077922
Ministral-3-8B-Instruct-2512,271,0,6,71,77,0.922077922077922
Ministral-3-8B-Instruct-2512,111,1,6,71,77,0.922077922077922
Ministral-3-8B-Instruct-2512,229,1,7,70,77,0.9090909090909091
Ministral-3-8B-Instruct-2512,380,0,7,70,77,0.9090909090909091
Ministral-3-8B-Instruct-2512,462,0,8,69,77,0.8961038961038961
Ministral-3-8B-Instruct-2512,26,1,9,68,77,0.8831168831168831
Ministral-3-8B-Instruct-2512,358,0,9,68,77,0.8831168831168831
Ministral-3-8B-Instruct-2512,158,1,9,68,77,0.8831168831168831
Ministral-3-8B-Instruct-2512,376,0,9,68,77,0.8831168831168831
Ministral-3-8B-Instruct-2512,382,0,10,67,77,0.8701298701298701
Ministral-3-8B-Instruct-2512,258,0,11,66,77,0.8571428571428571
Ministral-3-8B-Instruct-2512,313,0,11,66,77,0.8571428571428571
Ministral-3-8B-Instruct-2512,408,0,12,65,77,0.8441558441558441
Ministral-3-8B-Instruct-2512,439,0,12,65,77,0.8441558441558441
Ministral-3-8B-Instruct-2512,343,0,12,65,77,0.8441558441558441
Ministral-3-8B-Instruct-2512,455,0,13,64,77,0.8311688311688312
Ministral-3-8B-Instruct-2512,169,1,13,64,77,0.8311688311688312
Ministral-3-8B-Instruct-2512,499,0,13,64,77,0.8311688311688312
Ministral-3-8B-Instruct-2512,314,0,14,63,77,0.8181818181818182
Ministral-3-8B-Instruct-2512,8,1,14,63,77,0.8181818181818182
Ministral-3-8B-Instruct-2512,18,1,16,61,77,0.7922077922077922
Ministral-3-8B-Instruct-2512,362,0,17,60,77,0.7792207792207793
Ministral-3-8B-Instruct-2512,27,1,17,60,77,0.7792207792207793
Ministral-3-8B-Instruct-2512,307,0,18,59,77,0.7662337662337663
Ministral-3-8B-Instruct-2512,306,0,18,59,77,0.7662337662337663
Ministral-3-8B-Instruct-2512,120,1,19,58,77,0.7532467532467533
Ministral-3-8B-Instruct-2512,472,0,20,57,77,0.7402597402597403
Ministral-3-8B-Instruct-2512,177,1,20,57,77,0.7402597402597403
Ministral-3-8B-Instruct-2512,387,0,20,57,77,0.7402597402597403
Ministral-3-8B-Instruct-2512,331,0,24,53,77,0.6883116883116883
Ministral-3-8B-Instruct-2512,318,0,24,53,77,0.6883116883116883
Ministral-3-8B-Instruct-2512,337,0,25,52,77,0.6753246753246753
Ministral-3-8B-Instruct-2512,184,1,26,51,77,0.6623376623376623
Ministral-3-8B-Instruct-2512,477,0,28,49,77,0.6363636363636364
Ministral-3-8B-Instruct-2512,392,0,28,49,77,0.6363636363636364
Ministral-3-8B-Instruct-2512,253,0,29,48,77,0.6233766233766234
Ministral-3-8B-Instruct-2512,138,1,30,47,77,0.6103896103896104
Ministral-3-8B-Instruct-2512,309,0,30,47,77,0.6103896103896104
Ministral-3-8B-Instruct-2512,155,1,31,46,77,0.5974025974025974
Ministral-3-8B-Instruct-2512,417,0,31,46,77,0.5974025974025974
Ministral-3-8B-Instruct-2512,484,0,32,45,77,0.5844155844155844
Ministral-3-8B-Instruct-2512,124,1,33,44,77,0.5714285714285714
Ministral-3-8B-Instruct-2512,370,0,33,44,77,0.5714285714285714
Ministral-3-8B-Instruct-2512,195,1,35,42,77,0.5454545454545454
Ministral-3-8B-Instruct-2512,473,0,37,40,77,0.5194805194805194
Ministral-3-8B-Instruct-2512,345,0,37,40,77,0.5194805194805194
Ministral-3-8B-Instruct-2512,257,0,37,40,77,0.5194805194805194
Ministral-3-8B-Instruct-2512,47,1,38,39,77,0.5064935064935064
Ministral-3-8B-Instruct-2512,453,0,39,38,77,0.4935064935064935
Ministral-3-8B-Instruct-2512,170,1,39,38,77,0.4935064935064935
Ministral-3-8B-Instruct-2512,432,0,40,37,77,0.4805194805194805
Ministral-3-8B-Instruct-2512,390,0,42,35,77,0.45454545454545453
Ministral-3-8B-Instruct-2512,264,0,42,35,77,0.45454545454545453
Ministral-3-8B-Instruct-2512,391,0,43,34,77,0.44155844155844154
Ministral-3-8B-Instruct-2512,489,0,43,34,77,0.44155844155844154
Ministral-3-8B-Instruct-2512,141,1,43,34,77,0.44155844155844154
Ministral-3-8B-Instruct-2512,252,0,43,34,77,0.44155844155844154
Ministral-3-8B-Instruct-2512,490,0,47,30,77,0.38961038961038963
Ministral-3-8B-Instruct-2512,483,0,47,30,77,0.38961038961038963
Ministral-3-8B-Instruct-2512,418,0,48,29,77,0.37662337662337664
Ministral-3-8B-Instruct-2512,424,0,49,28,77,0.36363636363636365
Ministral-3-8B-Instruct-2512,123,1,50,27,77,0.35064935064935066
Ministral-3-8B-Instruct-2512,248,1,51,26,77,0.33766233766233766
Ministral-3-8B-Instruct-2512,393,0,53,24,77,0.3116883116883117
Ministral-3-8B-Instruct-2512,395,0,56,21,77,0.2727272727272727
Ministral-3-8B-Instruct-2512,463,0,57,20,77,0.2597402597402597
Ministral-3-8B-Instruct-2512,410,0,59,18,77,0.23376623376623376
Ministral-3-8B-Instruct-2512,414,0,59,18,77,0.23376623376623376
Ministral-3-8B-Instruct-2512,404,0,59,18,77,0.23376623376623376
Ministral-3-8B-Instruct-2512,219,1,63,14,77,0.18181818181818182
Ministral-3-8B-Instruct-2512,344,0,63,14,77,0.18181818181818182
Ministral-3-8B-Instruct-2512,311,0,65,12,77,0.15584415584415584
Ministral-3-8B-Instruct-2512,9,1,66,11,77,0.14285714285714285
Ministral-3-8B-Instruct-2512,76,1,66,11,77,0.14285714285714285
Ministral-3-8B-Instruct-2512,323,0,66,11,77,0.14285714285714285
Ministral-3-8B-Instruct-2512,467,0,66,11,77,0.14285714285714285
Ministral-3-8B-Instruct-2512,302,0,66,11,77,0.14285714285714285
Ministral-3-8B-Instruct-2512,492,0,66,11,77,0.14285714285714285
Ministral-3-8B-Instruct-2512,278,0,68,9,77,0.11688311688311688
Ministral-3-8B-Instruct-2512,282,0,68,9,77,0.11688311688311688
Ministral-3-8B-Instruct-2512,440,0,70,7,77,0.09090909090909091
Ministral-3-8B-Instruct-2512,377,0,71,6,77,0.07792207792207792
Ministral-3-8B-Instruct-2512,364,0,71,6,77,0.07792207792207792
Ministral-3-8B-Instruct-2512,254,0,71,6,77,0.07792207792207792
Ministral-3-8B-Instruct-2512,416,0,72,5,77,0.06493506493506493
Ministral-3-8B-Instruct-2512,260,0,72,5,77,0.06493506493506493
Ministral-3-8B-Instruct-2512,436,0,73,4,77,0.05194805194805195
Ministral-3-8B-Instruct-2512,398,0,73,4,77,0.05194805194805195
Ministral-3-8B-Instruct-2512,251,0,73,4,77,0.05194805194805195
Ministral-3-8B-Instruct-2512,348,0,73,4,77,0.05194805194805195
Ministral-3-8B-Instruct-2512,381,0,74,3,77,0.03896103896103896
Ministral-3-8B-Instruct-2512,338,0,74,3,77,0.03896103896103896
Ministral-3-8B-Instruct-2512,328,0,74,3,77,0.03896103896103896
Ministral-3-8B-Instruct-2512,293,0,74,3,77,0.03896103896103896
Ministral-3-8B-Instruct-2512,426,0,75,2,77,0.025974025974025976
Ministral-3-8B-Instruct-2512,357,0,75,2,77,0.025974025974025976
Ministral-3-8B-Instruct-2512,354,0,75,2,77,0.025974025974025976
Ministral-3-8B-Instruct-2512,10,1,75,2,77,0.025974025974025976
Ministral-3-8B-Instruct-2512,178,1,75,2,77,0.025974025974025976
Ministral-3-8B-Instruct-2512,498,0,75,2,77,0.025974025974025976
Ministral-3-8B-Instruct-2512,429,0,76,1,77,0.012987012987012988
Ministral-3-8B-Instruct-2512,450,0,77,0,77,0.0
Ministral-3-8B-Instruct-2512,495,0,77,0,77,0.0
Ministral-3-8B-Instruct-2512,485,0,77,0,77,0.0
Ministral-3-8B-Instruct-2512,415,0,77,0,77,0.0
Ministral-3-8B-Instruct-2512,46,1,77,0,77,0.0
Ministral-3-8B-Instruct-2512,321,0,77,0,77,0.0
Ministral-3-8B-Instruct-2512,301,0,77,0,77,0.0
Ministral-3-8B-Instruct-2512,369,0,77,0,77,0.0
Ministral-3-8B-Instruct-2512,275,0,77,0,77,0.0
Ministral-3-8B-Instruct-2512,272,0,77,0,77,0.0
Ministral-3-8B-Instruct-2512,478,0,77,0,77,0.0
Ministral-3-8B-Instruct-2512,299,0,77,0,77,0.0
Ministral-3-8B-Instruct-2512,255,0,77,0,77,0.0
Ministral-3-8B-Instruct-2512,353,0,77,0,77,0.0
Ministral-3-8B-Instruct-2512,296,0,77,0,77,0.0
Ministral-3-8B-Instruct-2512,474,0,77,0,77,0.0
Ministral-3-8B-Instruct-2512,442,0,77,0,77,0.0
Ministral-3-8B-Instruct-2512,407,0,77,0,77,0.0
Ministral-3-8B-Instruct-2512,351,0,77,0,77,0.0
Ministral-3-8B-Instruct-2512,487,0,77,0,77,0.0
Ministral-3-8B-Instruct-2512,285,0,77,0,77,0.0
Ministral-3-8B-Instruct-2512,452,0,77,0,77,0.0
Ministral-3-8B-Instruct-2512,383,0,77,0,77,0.0
Ministral-3-8B-Instruct-2512,256,0,77,0,77,0.0
Ministral-3-8B-Instruct-2512,448,0,77,0,77,0.0
Ministral-3-8B-Instruct-2512,446,0,77,0,77,0.0
Ministral-3-8B-Instruct-2512,300,0,77,0,77,0.0
Ministral-3-8B-Instruct-2512,468,0,77,0,77,0.0
Ministral-3-8B-Instruct-2512,434,0,77,0,77,0.0
Ministral-3-8B-Instruct-2512,295,0,77,0,77,0.0
Ministral-3-8B-Instruct-2512,488,0,77,0,77,0.0
Ministral-3-8B-Instruct-2512,259,0,77,0,77,0.0
Ministral-3-8B-Instruct-2512,273,0,77,0,77,0.0
Ministral-3-8B-Instruct-2512,54,1,77,0,77,0.0
Ministral-3-8B-Instruct-2512,413,0,77,0,77,0.0
Ministral-3-8B-Instruct-2512,308,0,77,0,77,0.0
Ministral-3-8B-Instruct-2512,359,0,77,0,77,0.0
Ministral-3-8B-Instruct-2512,466,0,77,0,77,0.0
Olmo-3-7B-Instruct,22,1,0,77,77,1.0
Olmo-3-7B-Instruct,277,0,0,77,77,1.0
Olmo-3-7B-Instruct,90,1,0,77,77,1.0
Olmo-3-7B-Instruct,237,1,0,77,77,1.0
Olmo-3-7B-Instruct,108,1,0,77,77,1.0
Olmo-3-7B-Instruct,83,1,0,77,77,1.0
Olmo-3-7B-Instruct,199,1,0,77,77,1.0
Olmo-3-7B-Instruct,250,0,0,77,77,1.0
Olmo-3-7B-Instruct,139,1,0,77,77,1.0
Olmo-3-7B-Instruct,150,1,0,77,77,1.0
Olmo-3-7B-Instruct,289,0,0,77,77,1.0
Olmo-3-7B-Instruct,107,1,0,77,77,1.0
Olmo-3-7B-Instruct,44,1,0,77,77,1.0
Olmo-3-7B-Instruct,142,1,0,77,77,1.0
Olmo-3-7B-Instruct,34,1,0,77,77,1.0
Olmo-3-7B-Instruct,427,0,0,77,77,1.0
Olmo-3-7B-Instruct,241,1,0,77,77,1.0
Olmo-3-7B-Instruct,166,1,0,77,77,1.0
Olmo-3-7B-Instruct,214,1,0,77,77,1.0
Olmo-3-7B-Instruct,84,1,1,76,77,0.987012987012987
Olmo-3-7B-Instruct,388,0,1,76,77,0.987012987012987
Olmo-3-7B-Instruct,336,0,1,76,77,0.987012987012987
Olmo-3-7B-Instruct,39,1,1,76,77,0.987012987012987
Olmo-3-7B-Instruct,154,1,1,76,77,0.987012987012987
Olmo-3-7B-Instruct,347,0,1,76,77,0.987012987012987
Olmo-3-7B-Instruct,15,1,1,76,77,0.987012987012987
Olmo-3-7B-Instruct,137,1,1,76,77,0.987012987012987
Olmo-3-7B-Instruct,176,1,1,76,77,0.987012987012987
Olmo-3-7B-Instruct,16,1,1,76,77,0.987012987012987
Olmo-3-7B-Instruct,114,1,1,76,77,0.987012987012987
Olmo-3-7B-Instruct,373,0,1,76,77,0.987012987012987
Olmo-3-7B-Instruct,375,0,1,76,77,0.987012987012987
Olmo-3-7B-Instruct,109,1,1,76,77,0.987012987012987
Olmo-3-7B-Instruct,469,0,1,76,77,0.987012987012987
Olmo-3-7B-Instruct,294,0,1,76,77,0.987012987012987
Olmo-3-7B-Instruct,41,1,1,76,77,0.987012987012987
Olmo-3-7B-Instruct,326,0,1,76,77,0.987012987012987
Olmo-3-7B-Instruct,80,1,1,76,77,0.987012987012987
Olmo-3-7B-Instruct,243,1,1,76,77,0.987012987012987
Olmo-3-7B-Instruct,160,1,1,76,77,0.987012987012987
Olmo-3-7B-Instruct,372,0,1,76,77,0.987012987012987
Olmo-3-7B-Instruct,106,1,1,76,77,0.987012987012987
Olmo-3-7B-Instruct,102,1,1,76,77,0.987012987012987
Olmo-3-7B-Instruct,104,1,2,75,77,0.974025974025974
Olmo-3-7B-Instruct,131,1,2,75,77,0.974025974025974
Olmo-3-7B-Instruct,494,0,2,75,77,0.974025974025974
Olmo-3-7B-Instruct,431,0,2,75,77,0.974025974025974
Olmo-3-7B-Instruct,167,1,2,75,77,0.974025974025974
Olmo-3-7B-Instruct,291,0,2,75,77,0.974025974025974
Olmo-3-7B-Instruct,460,0,2,75,77,0.974025974025974
Olmo-3-7B-Instruct,240,1,2,75,77,0.974025974025974
Olmo-3-7B-Instruct,98,1,2,75,77,0.974025974025974
Olmo-3-7B-Instruct,207,1,2,75,77,0.974025974025974
Olmo-3-7B-Instruct,217,1,2,75,77,0.974025974025974
Olmo-3-7B-Instruct,70,1,3,74,77,0.961038961038961
Olmo-3-7B-Instruct,23,1,3,74,77,0.961038961038961
Olmo-3-7B-Instruct,222,1,3,74,77,0.961038961038961
Olmo-3-7B-Instruct,36,1,3,74,77,0.961038961038961
Olmo-3-7B-Instruct,449,0,3,74,77,0.961038961038961
Olmo-3-7B-Instruct,103,1,3,74,77,0.961038961038961
Olmo-3-7B-Instruct,146,1,3,74,77,0.961038961038961
Olmo-3-7B-Instruct,112,1,3,74,77,0.961038961038961
Olmo-3-7B-Instruct,283,0,3,74,77,0.961038961038961
Olmo-3-7B-Instruct,186,1,3,74,77,0.961038961038961
Olmo-3-7B-Instruct,421,0,3,74,77,0.961038961038961
Olmo-3-7B-Instruct,135,1,3,74,77,0.961038961038961
Olmo-3-7B-Instruct,128,1,3,74,77,0.961038961038961
Olmo-3-7B-Instruct,459,0,3,74,77,0.961038961038961
Olmo-3-7B-Instruct,191,1,3,74,77,0.961038961038961
Olmo-3-7B-Instruct,330,0,3,74,77,0.961038961038961
Olmo-3-7B-Instruct,334,0,4,73,77,0.948051948051948
Olmo-3-7B-Instruct,33,1,4,73,77,0.948051948051948
Olmo-3-7B-Instruct,312,0,4,73,77,0.948051948051948
Olmo-3-7B-Instruct,153,1,4,73,77,0.948051948051948
Olmo-3-7B-Instruct,147,1,4,73,77,0.948051948051948
Olmo-3-7B-Instruct,202,1,4,73,77,0.948051948051948
Olmo-3-7B-Instruct,125,1,4,73,77,0.948051948051948
Olmo-3-7B-Instruct,28,1,4,73,77,0.948051948051948
Olmo-3-7B-Instruct,221,1,4,73,77,0.948051948051948
Olmo-3-7B-Instruct,457,0,4,73,77,0.948051948051948
Olmo-3-7B-Instruct,1,1,4,73,77,0.948051948051948
Olmo-3-7B-Instruct,187,1,4,73,77,0.948051948051948
Olmo-3-7B-Instruct,322,0,5,72,77,0.935064935064935
Olmo-3-7B-Instruct,320,0,5,72,77,0.935064935064935
Olmo-3-7B-Instruct,246,1,5,72,77,0.935064935064935
Olmo-3-7B-Instruct,341,0,6,71,77,0.922077922077922
Olmo-3-7B-Instruct,151,1,6,71,77,0.922077922077922
Olmo-3-7B-Instruct,63,1,7,70,77,0.9090909090909091
Olmo-3-7B-Instruct,140,1,7,70,77,0.9090909090909091
Olmo-3-7B-Instruct,97,1,7,70,77,0.9090909090909091
Olmo-3-7B-Instruct,342,0,7,70,77,0.9090909090909091
Olmo-3-7B-Instruct,95,1,7,70,77,0.9090909090909091
Olmo-3-7B-Instruct,14,1,7,70,77,0.9090909090909091
Olmo-3-7B-Instruct,236,1,7,70,77,0.9090909090909091
Olmo-3-7B-Instruct,78,1,8,69,77,0.8961038961038961
Olmo-3-7B-Instruct,268,0,8,69,77,0.8961038961038961
Olmo-3-7B-Instruct,129,1,8,69,77,0.8961038961038961
Olmo-3-7B-Instruct,425,0,8,69,77,0.8961038961038961
Olmo-3-7B-Instruct,279,0,8,69,77,0.8961038961038961
Olmo-3-7B-Instruct,53,1,8,69,77,0.8961038961038961
Olmo-3-7B-Instruct,174,1,8,69,77,0.8961038961038961
Olmo-3-7B-Instruct,77,1,9,68,77,0.8831168831168831
Olmo-3-7B-Instruct,55,1,9,68,77,0.8831168831168831
Olmo-3-7B-Instruct,210,1,9,68,77,0.8831168831168831
Olmo-3-7B-Instruct,367,0,9,68,77,0.8831168831168831
Olmo-3-7B-Instruct,59,1,9,68,77,0.8831168831168831
Olmo-3-7B-Instruct,297,0,9,68,77,0.8831168831168831
Olmo-3-7B-Instruct,411,0,9,68,77,0.8831168831168831
Olmo-3-7B-Instruct,134,1,9,68,77,0.8831168831168831
Olmo-3-7B-Instruct,87,1,9,68,77,0.8831168831168831
Olmo-3-7B-Instruct,179,1,10,67,77,0.8701298701298701
Olmo-3-7B-Instruct,215,1,10,67,77,0.8701298701298701
Olmo-3-7B-Instruct,162,1,10,67,77,0.8701298701298701
Olmo-3-7B-Instruct,350,0,10,67,77,0.8701298701298701
Olmo-3-7B-Instruct,21,1,10,67,77,0.8701298701298701
Olmo-3-7B-Instruct,361,0,11,66,77,0.8571428571428571
Olmo-3-7B-Instruct,220,1,11,66,77,0.8571428571428571
Olmo-3-7B-Instruct,60,1,11,66,77,0.8571428571428571
Olmo-3-7B-Instruct,428,0,11,66,77,0.8571428571428571
Olmo-3-7B-Instruct,119,1,11,66,77,0.8571428571428571
Olmo-3-7B-Instruct,224,1,11,66,77,0.8571428571428571
Olmo-3-7B-Instruct,238,1,12,65,77,0.8441558441558441
Olmo-3-7B-Instruct,290,0,12,65,77,0.8441558441558441
Olmo-3-7B-Instruct,317,0,12,65,77,0.8441558441558441
Olmo-3-7B-Instruct,304,0,13,64,77,0.8311688311688312
Olmo-3-7B-Instruct,69,1,13,64,77,0.8311688311688312
Olmo-3-7B-Instruct,335,0,13,64,77,0.8311688311688312
Olmo-3-7B-Instruct,117,1,13,64,77,0.8311688311688312
Olmo-3-7B-Instruct,3,1,13,64,77,0.8311688311688312
Olmo-3-7B-Instruct,400,0,13,64,77,0.8311688311688312
Olmo-3-7B-Instruct,197,1,13,64,77,0.8311688311688312
Olmo-3-7B-Instruct,242,1,13,64,77,0.8311688311688312
Olmo-3-7B-Instruct,12,1,13,64,77,0.8311688311688312
Olmo-3-7B-Instruct,82,1,14,63,77,0.8181818181818182
Olmo-3-7B-Instruct,208,1,14,63,77,0.8181818181818182
Olmo-3-7B-Instruct,118,1,14,63,77,0.8181818181818182
Olmo-3-7B-Instruct,196,1,14,63,77,0.8181818181818182
Olmo-3-7B-Instruct,50,1,15,62,77,0.8051948051948052
Olmo-3-7B-Instruct,211,1,16,61,77,0.7922077922077922
Olmo-3-7B-Instruct,31,1,16,61,77,0.7922077922077922
Olmo-3-7B-Instruct,152,1,16,61,77,0.7922077922077922
Olmo-3-7B-Instruct,74,1,16,61,77,0.7922077922077922
Olmo-3-7B-Instruct,81,1,16,61,77,0.7922077922077922
Olmo-3-7B-Instruct,96,1,16,61,77,0.7922077922077922
Olmo-3-7B-Instruct,188,1,16,61,77,0.7922077922077922
Olmo-3-7B-Instruct,244,1,17,60,77,0.7792207792207793
Olmo-3-7B-Instruct,206,1,17,60,77,0.7792207792207793
Olmo-3-7B-Instruct,267,0,17,60,77,0.7792207792207793
Olmo-3-7B-Instruct,401,0,17,60,77,0.7792207792207793
Olmo-3-7B-Instruct,209,1,18,59,77,0.7662337662337663
Olmo-3-7B-Instruct,132,1,18,59,77,0.7662337662337663
Olmo-3-7B-Instruct,94,1,18,59,77,0.7662337662337663
Olmo-3-7B-Instruct,266,0,18,59,77,0.7662337662337663
Olmo-3-7B-Instruct,232,1,18,59,77,0.7662337662337663
Olmo-3-7B-Instruct,213,1,18,59,77,0.7662337662337663
Olmo-3-7B-Instruct,303,0,18,59,77,0.7662337662337663
Olmo-3-7B-Instruct,269,0,18,59,77,0.7662337662337663
Olmo-3-7B-Instruct,276,0,18,59,77,0.7662337662337663
Olmo-3-7B-Instruct,68,1,19,58,77,0.7532467532467533
Olmo-3-7B-Instruct,40,1,19,58,77,0.7532467532467533
Olmo-3-7B-Instruct,205,1,19,58,77,0.7532467532467533
Olmo-3-7B-Instruct,91,1,19,58,77,0.7532467532467533
Olmo-3-7B-Instruct,67,1,20,57,77,0.7402597402597403
Olmo-3-7B-Instruct,200,1,20,57,77,0.7402597402597403
Olmo-3-7B-Instruct,309,0,20,57,77,0.7402597402597403
Olmo-3-7B-Instruct,377,0,21,56,77,0.7272727272727273
Olmo-3-7B-Instruct,223,1,21,56,77,0.7272727272727273
Olmo-3-7B-Instruct,51,1,21,56,77,0.7272727272727273
Olmo-3-7B-Instruct,384,0,22,55,77,0.7142857142857143
Olmo-3-7B-Instruct,274,0,22,55,77,0.7142857142857143
Olmo-3-7B-Instruct,233,1,22,55,77,0.7142857142857143
Olmo-3-7B-Instruct,35,1,22,55,77,0.7142857142857143
Olmo-3-7B-Instruct,32,1,22,55,77,0.7142857142857143
Olmo-3-7B-Instruct,316,0,23,54,77,0.7012987012987013
Olmo-3-7B-Instruct,66,1,23,54,77,0.7012987012987013
Olmo-3-7B-Instruct,447,0,23,54,77,0.7012987012987013
Olmo-3-7B-Instruct,164,1,23,54,77,0.7012987012987013
Olmo-3-7B-Instruct,121,1,23,54,77,0.7012987012987013
Olmo-3-7B-Instruct,193,1,24,53,77,0.6883116883116883
Olmo-3-7B-Instruct,100,1,24,53,77,0.6883116883116883
Olmo-3-7B-Instruct,64,1,24,53,77,0.6883116883116883
Olmo-3-7B-Instruct,389,0,24,53,77,0.6883116883116883
Olmo-3-7B-Instruct,319,0,24,53,77,0.6883116883116883
Olmo-3-7B-Instruct,165,1,25,52,77,0.6753246753246753
Olmo-3-7B-Instruct,444,0,25,52,77,0.6753246753246753
Olmo-3-7B-Instruct,397,0,25,52,77,0.6753246753246753
Olmo-3-7B-Instruct,234,1,27,50,77,0.6493506493506493
Olmo-3-7B-Instruct,390,0,28,49,77,0.6363636363636364
Olmo-3-7B-Instruct,156,1,28,49,77,0.6363636363636364
Olmo-3-7B-Instruct,379,0,28,49,77,0.6363636363636364
Olmo-3-7B-Instruct,422,0,29,48,77,0.6233766233766234
Olmo-3-7B-Instruct,148,1,30,47,77,0.6103896103896104
Olmo-3-7B-Instruct,329,0,30,47,77,0.6103896103896104
Olmo-3-7B-Instruct,2,1,32,45,77,0.5844155844155844
Olmo-3-7B-Instruct,20,1,32,45,77,0.5844155844155844
Olmo-3-7B-Instruct,56,1,33,44,77,0.5714285714285714
Olmo-3-7B-Instruct,287,0,33,44,77,0.5714285714285714
Olmo-3-7B-Instruct,298,0,33,44,77,0.5714285714285714
Olmo-3-7B-Instruct,71,1,33,44,77,0.5714285714285714
Olmo-3-7B-Instruct,42,1,34,43,77,0.5584415584415584
Olmo-3-7B-Instruct,110,1,34,43,77,0.5584415584415584
Olmo-3-7B-Instruct,360,0,34,43,77,0.5584415584415584
Olmo-3-7B-Instruct,49,1,34,43,77,0.5584415584415584
Olmo-3-7B-Instruct,75,1,35,42,77,0.5454545454545454
Olmo-3-7B-Instruct,281,0,35,42,77,0.5454545454545454
Olmo-3-7B-Instruct,292,0,35,42,77,0.5454545454545454
Olmo-3-7B-Instruct,72,1,36,41,77,0.5324675324675324
Olmo-3-7B-Instruct,226,1,36,41,77,0.5324675324675324
Olmo-3-7B-Instruct,86,1,37,40,77,0.5194805194805194
Olmo-3-7B-Instruct,249,1,37,40,77,0.5194805194805194
Olmo-3-7B-Instruct,227,1,37,40,77,0.5194805194805194
Olmo-3-7B-Instruct,349,0,37,40,77,0.5194805194805194
Olmo-3-7B-Instruct,161,1,37,40,77,0.5194805194805194
Olmo-3-7B-Instruct,445,0,37,40,77,0.5194805194805194
Olmo-3-7B-Instruct,48,1,37,40,77,0.5194805194805194
Olmo-3-7B-Instruct,182,1,38,39,77,0.5064935064935064
Olmo-3-7B-Instruct,423,0,38,39,77,0.5064935064935064
Olmo-3-7B-Instruct,479,0,38,39,77,0.5064935064935064
Olmo-3-7B-Instruct,172,1,39,38,77,0.4935064935064935
Olmo-3-7B-Instruct,133,1,39,38,77,0.4935064935064935
Olmo-3-7B-Instruct,65,1,39,38,77,0.4935064935064935
Olmo-3-7B-Instruct,412,0,39,38,77,0.4935064935064935
Olmo-3-7B-Instruct,149,1,40,37,77,0.4805194805194805
Olmo-3-7B-Instruct,11,1,41,36,77,0.4675324675324675
Olmo-3-7B-Instruct,352,0,41,36,77,0.4675324675324675
Olmo-3-7B-Instruct,419,0,41,36,77,0.4675324675324675
Olmo-3-7B-Instruct,356,0,42,35,77,0.45454545454545453
Olmo-3-7B-Instruct,115,1,42,35,77,0.45454545454545453
Olmo-3-7B-Instruct,313,0,42,35,77,0.45454545454545453
Olmo-3-7B-Instruct,358,0,43,34,77,0.44155844155844154
Olmo-3-7B-Instruct,481,0,43,34,77,0.44155844155844154
Olmo-3-7B-Instruct,171,1,43,34,77,0.44155844155844154
Olmo-3-7B-Instruct,92,1,44,33,77,0.42857142857142855
Olmo-3-7B-Instruct,218,1,45,32,77,0.4155844155844156
Olmo-3-7B-Instruct,386,0,45,32,77,0.4155844155844156
Olmo-3-7B-Instruct,376,0,45,32,77,0.4155844155844156
Olmo-3-7B-Instruct,370,0,45,32,77,0.4155844155844156
Olmo-3-7B-Instruct,450,0,47,30,77,0.38961038961038963
Olmo-3-7B-Instruct,127,1,47,30,77,0.38961038961038963
Olmo-3-7B-Instruct,235,1,47,30,77,0.38961038961038963
Olmo-3-7B-Instruct,203,1,49,28,77,0.36363636363636365
Olmo-3-7B-Instruct,37,1,50,27,77,0.35064935064935066
Olmo-3-7B-Instruct,437,0,51,26,77,0.33766233766233766
Olmo-3-7B-Instruct,245,1,52,25,77,0.3246753246753247
Olmo-3-7B-Instruct,355,0,52,25,77,0.3246753246753247
Olmo-3-7B-Instruct,230,1,52,25,77,0.3246753246753247
Olmo-3-7B-Instruct,190,1,52,25,77,0.3246753246753247
Olmo-3-7B-Instruct,371,0,53,24,77,0.3116883116883117
Olmo-3-7B-Instruct,175,1,53,24,77,0.3116883116883117
Olmo-3-7B-Instruct,499,0,53,24,77,0.3116883116883117
Olmo-3-7B-Instruct,366,0,54,23,77,0.2987012987012987
Olmo-3-7B-Instruct,270,0,54,23,77,0.2987012987012987
Olmo-3-7B-Instruct,394,0,55,22,77,0.2857142857142857
Olmo-3-7B-Instruct,280,0,55,22,77,0.2857142857142857
Olmo-3-7B-Instruct,399,0,56,21,77,0.2727272727272727
Olmo-3-7B-Instruct,306,0,56,21,77,0.2727272727272727
Olmo-3-7B-Instruct,79,1,57,20,77,0.2597402597402597
Olmo-3-7B-Instruct,396,0,57,20,77,0.2597402597402597
Olmo-3-7B-Instruct,288,0,57,20,77,0.2597402597402597
Olmo-3-7B-Instruct,409,0,58,19,77,0.24675324675324675
Olmo-3-7B-Instruct,7,1,58,19,77,0.24675324675324675
Olmo-3-7B-Instruct,286,0,58,19,77,0.24675324675324675
Olmo-3-7B-Instruct,62,1,58,19,77,0.24675324675324675
Olmo-3-7B-Instruct,189,1,59,18,77,0.23376623376623376
Olmo-3-7B-Instruct,496,0,59,18,77,0.23376623376623376
Olmo-3-7B-Instruct,173,1,60,17,77,0.22077922077922077
Olmo-3-7B-Instruct,25,1,60,17,77,0.22077922077922077
Olmo-3-7B-Instruct,464,0,61,16,77,0.2077922077922078
Olmo-3-7B-Instruct,385,0,62,15,77,0.19480519480519481
Olmo-3-7B-Instruct,380,0,63,14,77,0.18181818181818182
Olmo-3-7B-Instruct,382,0,64,13,77,0.16883116883116883
Olmo-3-7B-Instruct,30,1,65,12,77,0.15584415584415584
Olmo-3-7B-Instruct,122,1,65,12,77,0.15584415584415584
Olmo-3-7B-Instruct,486,0,65,12,77,0.15584415584415584
Olmo-3-7B-Instruct,484,0,66,11,77,0.14285714285714285
Olmo-3-7B-Instruct,453,0,67,10,77,0.12987012987012986
Olmo-3-7B-Instruct,454,0,67,10,77,0.12987012987012986
Olmo-3-7B-Instruct,168,1,67,10,77,0.12987012987012986
Olmo-3-7B-Instruct,27,1,67,10,77,0.12987012987012986
Olmo-3-7B-Instruct,201,1,67,10,77,0.12987012987012986
Olmo-3-7B-Instruct,433,0,68,9,77,0.11688311688311688
Olmo-3-7B-Instruct,480,0,68,9,77,0.11688311688311688
Olmo-3-7B-Instruct,0,1,69,8,77,0.1038961038961039
Olmo-3-7B-Instruct,231,1,69,8,77,0.1038961038961039
Olmo-3-7B-Instruct,183,1,69,8,77,0.1038961038961039
Olmo-3-7B-Instruct,363,0,69,8,77,0.1038961038961039
Olmo-3-7B-Instruct,451,0,70,7,77,0.09090909090909091
Olmo-3-7B-Instruct,45,1,70,7,77,0.09090909090909091
Olmo-3-7B-Instruct,6,1,70,7,77,0.09090909090909091
Olmo-3-7B-Instruct,476,0,70,7,77,0.09090909090909091
Olmo-3-7B-Instruct,374,0,71,6,77,0.07792207792207792
Olmo-3-7B-Instruct,145,1,71,6,77,0.07792207792207792
Olmo-3-7B-Instruct,38,1,71,6,77,0.07792207792207792
Olmo-3-7B-Instruct,378,0,71,6,77,0.07792207792207792
Olmo-3-7B-Instruct,403,0,71,6,77,0.07792207792207792
Olmo-3-7B-Instruct,406,0,72,5,77,0.06493506493506493
Olmo-3-7B-Instruct,5,1,72,5,77,0.06493506493506493
Olmo-3-7B-Instruct,305,0,72,5,77,0.06493506493506493
Olmo-3-7B-Instruct,315,0,72,5,77,0.06493506493506493
Olmo-3-7B-Instruct,185,1,73,4,77,0.05194805194805195
Olmo-3-7B-Instruct,465,0,73,4,77,0.05194805194805195
Olmo-3-7B-Instruct,180,1,73,4,77,0.05194805194805195
Olmo-3-7B-Instruct,17,1,73,4,77,0.05194805194805195
Olmo-3-7B-Instruct,275,0,73,4,77,0.05194805194805195
Olmo-3-7B-Instruct,99,1,73,4,77,0.05194805194805195
Olmo-3-7B-Instruct,471,0,74,3,77,0.03896103896103896
Olmo-3-7B-Instruct,368,0,74,3,77,0.03896103896103896
Olmo-3-7B-Instruct,430,0,74,3,77,0.03896103896103896
Olmo-3-7B-Instruct,443,0,74,3,77,0.03896103896103896
Olmo-3-7B-Instruct,93,1,75,2,77,0.025974025974025976
Olmo-3-7B-Instruct,271,0,75,2,77,0.025974025974025976
Olmo-3-7B-Instruct,192,1,75,2,77,0.025974025974025976
Olmo-3-7B-Instruct,426,0,75,2,77,0.025974025974025976
Olmo-3-7B-Instruct,365,0,75,2,77,0.025974025974025976
Olmo-3-7B-Instruct,239,1,75,2,77,0.025974025974025976
Olmo-3-7B-Instruct,284,0,75,2,77,0.025974025974025976
Olmo-3-7B-Instruct,85,1,75,2,77,0.025974025974025976
Olmo-3-7B-Instruct,73,1,76,1,77,0.012987012987012988
Olmo-3-7B-Instruct,408,0,76,1,77,0.012987012987012988
Olmo-3-7B-Instruct,333,0,76,1,77,0.012987012987012988
Olmo-3-7B-Instruct,472,0,76,1,77,0.012987012987012988
Olmo-3-7B-Instruct,116,1,76,1,77,0.012987012987012988
Olmo-3-7B-Instruct,89,1,76,1,77,0.012987012987012988
Olmo-3-7B-Instruct,219,1,76,1,77,0.012987012987012988
Olmo-3-7B-Instruct,340,0,76,1,77,0.012987012987012988
Olmo-3-7B-Instruct,258,0,76,1,77,0.012987012987012988
Olmo-3-7B-Instruct,159,1,76,1,77,0.012987012987012988
Olmo-3-7B-Instruct,216,1,76,1,77,0.012987012987012988
Olmo-3-7B-Instruct,43,1,76,1,77,0.012987012987012988
Olmo-3-7B-Instruct,105,1,76,1,77,0.012987012987012988
Olmo-3-7B-Instruct,466,0,76,1,77,0.012987012987012988
Olmo-3-7B-Instruct,155,1,77,0,77,0.0
Olmo-3-7B-Instruct,124,1,77,0,77,0.0
Olmo-3-7B-Instruct,9,1,77,0,77,0.0
Olmo-3-7B-Instruct,194,1,77,0,77,0.0
Olmo-3-7B-Instruct,495,0,77,0,77,0.0
Olmo-3-7B-Instruct,490,0,77,0,77,0.0
Olmo-3-7B-Instruct,491,0,77,0,77,0.0
Olmo-3-7B-Instruct,76,1,77,0,77,0.0
Olmo-3-7B-Instruct,461,0,77,0,77,0.0
Olmo-3-7B-Instruct,497,0,77,0,77,0.0
Olmo-3-7B-Instruct,101,1,77,0,77,0.0
Olmo-3-7B-Instruct,475,0,77,0,77,0.0
Olmo-3-7B-Instruct,440,0,77,0,77,0.0
Olmo-3-7B-Instruct,485,0,77,0,77,0.0
Olmo-3-7B-Instruct,415,0,77,0,77,0.0
Olmo-3-7B-Instruct,410,0,77,0,77,0.0
Olmo-3-7B-Instruct,18,1,77,0,77,0.0
Olmo-3-7B-Instruct,204,1,77,0,77,0.0
Olmo-3-7B-Instruct,262,0,77,0,77,0.0
Olmo-3-7B-Instruct,323,0,77,0,77,0.0
Olmo-3-7B-Instruct,483,0,77,0,77,0.0
Olmo-3-7B-Instruct,46,1,77,0,77,0.0
Olmo-3-7B-Instruct,391,0,77,0,77,0.0
Olmo-3-7B-Instruct,455,0,77,0,77,0.0
Olmo-3-7B-Instruct,477,0,77,0,77,0.0
Olmo-3-7B-Instruct,321,0,77,0,77,0.0
Olmo-3-7B-Instruct,414,0,77,0,77,0.0
Olmo-3-7B-Instruct,278,0,77,0,77,0.0
Olmo-3-7B-Instruct,381,0,77,0,77,0.0
Olmo-3-7B-Instruct,362,0,77,0,77,0.0
Olmo-3-7B-Instruct,324,0,77,0,77,0.0
Olmo-3-7B-Instruct,438,0,77,0,77,0.0
Olmo-3-7B-Instruct,19,1,77,0,77,0.0
Olmo-3-7B-Instruct,332,0,77,0,77,0.0
Olmo-3-7B-Instruct,301,0,77,0,77,0.0
Olmo-3-7B-Instruct,229,1,77,0,77,0.0
Olmo-3-7B-Instruct,331,0,77,0,77,0.0
Olmo-3-7B-Instruct,247,1,77,0,77,0.0
Olmo-3-7B-Instruct,417,0,77,0,77,0.0
Olmo-3-7B-Instruct,126,1,77,0,77,0.0
Olmo-3-7B-Instruct,113,1,77,0,77,0.0
Olmo-3-7B-Instruct,470,0,77,0,77,0.0
Olmo-3-7B-Instruct,57,1,77,0,77,0.0
Olmo-3-7B-Instruct,24,1,77,0,77,0.0
Olmo-3-7B-Instruct,265,0,77,0,77,0.0
Olmo-3-7B-Instruct,253,0,77,0,77,0.0
Olmo-3-7B-Instruct,261,0,77,0,77,0.0
Olmo-3-7B-Instruct,462,0,77,0,77,0.0
Olmo-3-7B-Instruct,357,0,77,0,77,0.0
Olmo-3-7B-Instruct,405,0,77,0,77,0.0
Olmo-3-7B-Instruct,318,0,77,0,77,0.0
Olmo-3-7B-Instruct,29,1,77,0,77,0.0
Olmo-3-7B-Instruct,26,1,77,0,77,0.0
Olmo-3-7B-Instruct,157,1,77,0,77,0.0
Olmo-3-7B-Instruct,489,0,77,0,77,0.0
Olmo-3-7B-Instruct,181,1,77,0,77,0.0
Olmo-3-7B-Instruct,144,1,77,0,77,0.0
Olmo-3-7B-Instruct,369,0,77,0,77,0.0
Olmo-3-7B-Instruct,195,1,77,0,77,0.0
Olmo-3-7B-Instruct,404,0,77,0,77,0.0
Olmo-3-7B-Instruct,141,1,77,0,77,0.0
Olmo-3-7B-Instruct,493,0,77,0,77,0.0
Olmo-3-7B-Instruct,272,0,77,0,77,0.0
Olmo-3-7B-Instruct,248,1,77,0,77,0.0
Olmo-3-7B-Instruct,467,0,77,0,77,0.0
Olmo-3-7B-Instruct,163,1,77,0,77,0.0
Olmo-3-7B-Instruct,228,1,77,0,77,0.0
Olmo-3-7B-Instruct,478,0,77,0,77,0.0
Olmo-3-7B-Instruct,310,0,77,0,77,0.0
Olmo-3-7B-Instruct,299,0,77,0,77,0.0
Olmo-3-7B-Instruct,255,0,77,0,77,0.0
Olmo-3-7B-Instruct,354,0,77,0,77,0.0
Olmo-3-7B-Instruct,225,1,77,0,77,0.0
Olmo-3-7B-Instruct,353,0,77,0,77,0.0
Olmo-3-7B-Instruct,364,0,77,0,77,0.0
Olmo-3-7B-Instruct,439,0,77,0,77,0.0
Olmo-3-7B-Instruct,111,1,77,0,77,0.0
Olmo-3-7B-Instruct,436,0,77,0,77,0.0
Olmo-3-7B-Instruct,346,0,77,0,77,0.0
Olmo-3-7B-Instruct,338,0,77,0,77,0.0
Olmo-3-7B-Instruct,158,1,77,0,77,0.0
Olmo-3-7B-Instruct,177,1,77,0,77,0.0
Olmo-3-7B-Instruct,393,0,77,0,77,0.0
Olmo-3-7B-Instruct,184,1,77,0,77,0.0
Olmo-3-7B-Instruct,10,1,77,0,77,0.0
Olmo-3-7B-Instruct,314,0,77,0,77,0.0
Olmo-3-7B-Instruct,296,0,77,0,77,0.0
Olmo-3-7B-Instruct,474,0,77,0,77,0.0
Olmo-3-7B-Instruct,198,1,77,0,77,0.0
Olmo-3-7B-Instruct,416,0,77,0,77,0.0
Olmo-3-7B-Instruct,392,0,77,0,77,0.0
Olmo-3-7B-Instruct,123,1,77,0,77,0.0
Olmo-3-7B-Instruct,143,1,77,0,77,0.0
Olmo-3-7B-Instruct,442,0,77,0,77,0.0
Olmo-3-7B-Instruct,407,0,77,0,77,0.0
Olmo-3-7B-Instruct,351,0,77,0,77,0.0
Olmo-3-7B-Instruct,395,0,77,0,77,0.0
Olmo-3-7B-Instruct,302,0,77,0,77,0.0
Olmo-3-7B-Instruct,418,0,77,0,77,0.0
Olmo-3-7B-Instruct,420,0,77,0,77,0.0
Olmo-3-7B-Instruct,307,0,77,0,77,0.0
Olmo-3-7B-Instruct,432,0,77,0,77,0.0
Olmo-3-7B-Instruct,487,0,77,0,77,0.0
Olmo-3-7B-Instruct,311,0,77,0,77,0.0
Olmo-3-7B-Instruct,136,1,77,0,77,0.0
Olmo-3-7B-Instruct,120,1,77,0,77,0.0
Olmo-3-7B-Instruct,402,0,77,0,77,0.0
Olmo-3-7B-Instruct,285,0,77,0,77,0.0
Olmo-3-7B-Instruct,325,0,77,0,77,0.0
Olmo-3-7B-Instruct,452,0,77,0,77,0.0
Olmo-3-7B-Instruct,383,0,77,0,77,0.0
Olmo-3-7B-Instruct,170,1,77,0,77,0.0
Olmo-3-7B-Instruct,398,0,77,0,77,0.0
Olmo-3-7B-Instruct,178,1,77,0,77,0.0
Olmo-3-7B-Instruct,498,0,77,0,77,0.0
Olmo-3-7B-Instruct,282,0,77,0,77,0.0
Olmo-3-7B-Instruct,254,0,77,0,77,0.0
Olmo-3-7B-Instruct,4,1,77,0,77,0.0
Olmo-3-7B-Instruct,256,0,77,0,77,0.0
Olmo-3-7B-Instruct,448,0,77,0,77,0.0
Olmo-3-7B-Instruct,429,0,77,0,77,0.0
Olmo-3-7B-Instruct,61,1,77,0,77,0.0
Olmo-3-7B-Instruct,47,1,77,0,77,0.0
Olmo-3-7B-Instruct,327,0,77,0,77,0.0
Olmo-3-7B-Instruct,446,0,77,0,77,0.0
Olmo-3-7B-Instruct,424,0,77,0,77,0.0
Olmo-3-7B-Instruct,260,0,77,0,77,0.0
Olmo-3-7B-Instruct,138,1,77,0,77,0.0
Olmo-3-7B-Instruct,8,1,77,0,77,0.0
Olmo-3-7B-Instruct,463,0,77,0,77,0.0
Olmo-3-7B-Instruct,300,0,77,0,77,0.0
Olmo-3-7B-Instruct,468,0,77,0,77,0.0
Olmo-3-7B-Instruct,434,0,77,0,77,0.0
Olmo-3-7B-Instruct,337,0,77,0,77,0.0
Olmo-3-7B-Instruct,212,1,77,0,77,0.0
Olmo-3-7B-Instruct,295,0,77,0,77,0.0
Olmo-3-7B-Instruct,251,0,77,0,77,0.0
Olmo-3-7B-Instruct,488,0,77,0,77,0.0
Olmo-3-7B-Instruct,259,0,77,0,77,0.0
Olmo-3-7B-Instruct,441,0,77,0,77,0.0
Olmo-3-7B-Instruct,482,0,77,0,77,0.0
Olmo-3-7B-Instruct,263,0,77,0,77,0.0
Olmo-3-7B-Instruct,339,0,77,0,77,0.0
Olmo-3-7B-Instruct,473,0,77,0,77,0.0
Olmo-3-7B-Instruct,52,1,77,0,77,0.0
Olmo-3-7B-Instruct,345,0,77,0,77,0.0
Olmo-3-7B-Instruct,264,0,77,0,77,0.0
Olmo-3-7B-Instruct,13,1,77,0,77,0.0
Olmo-3-7B-Instruct,88,1,77,0,77,0.0
Olmo-3-7B-Instruct,387,0,77,0,77,0.0
Olmo-3-7B-Instruct,273,0,77,0,77,0.0
Olmo-3-7B-Instruct,328,0,77,0,77,0.0
Olmo-3-7B-Instruct,492,0,77,0,77,0.0
Olmo-3-7B-Instruct,54,1,77,0,77,0.0
Olmo-3-7B-Instruct,456,0,77,0,77,0.0
Olmo-3-7B-Instruct,169,1,77,0,77,0.0
Olmo-3-7B-Instruct,58,1,77,0,77,0.0
Olmo-3-7B-Instruct,344,0,77,0,77,0.0
Olmo-3-7B-Instruct,252,0,77,0,77,0.0
Olmo-3-7B-Instruct,293,0,77,0,77,0.0
Olmo-3-7B-Instruct,413,0,77,0,77,0.0
Olmo-3-7B-Instruct,343,0,77,0,77,0.0
Olmo-3-7B-Instruct,257,0,77,0,77,0.0
Olmo-3-7B-Instruct,308,0,77,0,77,0.0
Olmo-3-7B-Instruct,130,1,77,0,77,0.0
Olmo-3-7B-Instruct,359,0,77,0,77,0.0
Olmo-3-7B-Instruct,458,0,77,0,77,0.0
Olmo-3-7B-Instruct,348,0,77,0,77,0.0
Olmo-3-7B-Instruct,435,0,77,0,77,0.0
Qwen3-8B,104,1,0,77,77,1.0
Qwen3-8B,394,0,0,77,77,1.0
Qwen3-8B,68,1,0,77,77,1.0
Qwen3-8B,194,1,0,77,77,1.0
Qwen3-8B,84,1,0,77,77,1.0
Qwen3-8B,211,1,0,77,77,1.0
Qwen3-8B,101,1,0,77,77,1.0
Qwen3-8B,336,0,0,77,77,1.0
Qwen3-8B,409,0,0,77,77,1.0
Qwen3-8B,70,1,0,77,77,1.0
Qwen3-8B,209,1,0,77,77,1.0
Qwen3-8B,63,1,0,77,77,1.0
Qwen3-8B,384,0,0,77,77,1.0
Qwen3-8B,185,1,0,77,77,1.0
Qwen3-8B,33,1,0,77,77,1.0
Qwen3-8B,0,1,0,77,77,1.0
Qwen3-8B,11,1,0,77,77,1.0
Qwen3-8B,22,1,0,77,77,1.0
Qwen3-8B,72,1,0,77,77,1.0
Qwen3-8B,182,1,0,77,77,1.0
Qwen3-8B,131,1,0,77,77,1.0
Qwen3-8B,55,1,0,77,77,1.0
Qwen3-8B,78,1,0,77,77,1.0
Qwen3-8B,494,0,0,77,77,1.0
Qwen3-8B,39,1,0,77,77,1.0
Qwen3-8B,238,1,0,77,77,1.0
Qwen3-8B,352,0,0,77,77,1.0
Qwen3-8B,277,0,0,77,77,1.0
Qwen3-8B,290,0,0,77,77,1.0
Qwen3-8B,268,0,0,77,77,1.0
Qwen3-8B,69,1,0,77,77,1.0
Qwen3-8B,154,1,0,77,77,1.0
Qwen3-8B,82,1,0,77,77,1.0
Qwen3-8B,90,1,0,77,77,1.0
Qwen3-8B,180,1,0,77,77,1.0
Qwen3-8B,431,0,0,77,77,1.0
Qwen3-8B,347,0,0,77,77,1.0
Qwen3-8B,86,1,0,77,77,1.0
Qwen3-8B,75,1,0,77,77,1.0
Qwen3-8B,438,0,0,77,77,1.0
Qwen3-8B,15,1,0,77,77,1.0
Qwen3-8B,249,1,0,77,77,1.0
Qwen3-8B,56,1,0,77,77,1.0
Qwen3-8B,132,1,0,77,77,1.0
Qwen3-8B,137,1,0,77,77,1.0
Qwen3-8B,25,1,0,77,77,1.0
Qwen3-8B,237,1,0,77,77,1.0
Qwen3-8B,117,1,0,77,77,1.0
Qwen3-8B,42,1,0,77,77,1.0
Qwen3-8B,176,1,0,77,77,1.0
Qwen3-8B,320,0,0,77,77,1.0
Qwen3-8B,153,1,0,77,77,1.0
Qwen3-8B,203,1,0,77,77,1.0
Qwen3-8B,126,1,0,77,77,1.0
Qwen3-8B,31,1,0,77,77,1.0
Qwen3-8B,113,1,0,77,77,1.0
Qwen3-8B,140,1,0,77,77,1.0
Qwen3-8B,66,1,0,77,77,1.0
Qwen3-8B,208,1,0,77,77,1.0
Qwen3-8B,479,0,0,77,77,1.0
Qwen3-8B,94,1,0,77,77,1.0
Qwen3-8B,23,1,0,77,77,1.0
Qwen3-8B,222,1,0,77,77,1.0
Qwen3-8B,116,1,0,77,77,1.0
Qwen3-8B,45,1,0,77,77,1.0
Qwen3-8B,3,1,0,77,77,1.0
Qwen3-8B,60,1,0,77,77,1.0
Qwen3-8B,110,1,0,77,77,1.0
Qwen3-8B,29,1,0,77,77,1.0
Qwen3-8B,108,1,0,77,77,1.0
Qwen3-8B,118,1,0,77,77,1.0
Qwen3-8B,114,1,0,77,77,1.0
Qwen3-8B,454,0,0,77,77,1.0
Qwen3-8B,210,1,0,77,77,1.0
Qwen3-8B,375,0,0,77,77,1.0
Qwen3-8B,400,0,0,77,77,1.0
Qwen3-8B,109,1,0,77,77,1.0
Qwen3-8B,145,1,0,77,77,1.0
Qwen3-8B,92,1,0,77,77,1.0
Qwen3-8B,152,1,0,77,77,1.0
Qwen3-8B,367,0,0,77,77,1.0
Qwen3-8B,83,1,0,77,77,1.0
Qwen3-8B,245,1,0,77,77,1.0
Qwen3-8B,163,1,0,77,77,1.0
Qwen3-8B,199,1,0,77,77,1.0
Qwen3-8B,74,1,0,77,77,1.0
Qwen3-8B,250,0,0,77,77,1.0
Qwen3-8B,234,1,0,77,77,1.0
Qwen3-8B,274,0,0,77,77,1.0
Qwen3-8B,36,1,0,77,77,1.0
Qwen3-8B,139,1,0,77,77,1.0
Qwen3-8B,244,1,0,77,77,1.0
Qwen3-8B,286,0,0,77,77,1.0
Qwen3-8B,59,1,0,77,77,1.0
Qwen3-8B,360,0,0,77,77,1.0
Qwen3-8B,150,1,0,77,77,1.0
Qwen3-8B,449,0,0,77,77,1.0
Qwen3-8B,103,1,0,77,77,1.0
Qwen3-8B,81,1,0,77,77,1.0
Qwen3-8B,167,1,0,77,77,1.0
Qwen3-8B,146,1,0,77,77,1.0
Qwen3-8B,147,1,0,77,77,1.0
Qwen3-8B,368,0,0,77,77,1.0
Qwen3-8B,96,1,0,77,77,1.0
Qwen3-8B,97,1,0,77,77,1.0
Qwen3-8B,202,1,0,77,77,1.0
Qwen3-8B,246,1,0,77,77,1.0
Qwen3-8B,298,0,0,77,77,1.0
Qwen3-8B,125,1,0,77,77,1.0
Qwen3-8B,223,1,0,77,77,1.0
Qwen3-8B,289,0,0,77,77,1.0
Qwen3-8B,291,0,0,77,77,1.0
Qwen3-8B,112,1,0,77,77,1.0
Qwen3-8B,179,1,0,77,77,1.0
Qwen3-8B,422,0,0,77,77,1.0
Qwen3-8B,233,1,0,77,77,1.0
Qwen3-8B,164,1,0,77,77,1.0
Qwen3-8B,136,1,0,77,77,1.0
Qwen3-8B,197,1,0,77,77,1.0
Qwen3-8B,232,1,0,77,77,1.0
Qwen3-8B,115,1,0,77,77,1.0
Qwen3-8B,107,1,0,77,77,1.0
Qwen3-8B,133,1,0,77,77,1.0
Qwen3-8B,44,1,0,77,77,1.0
Qwen3-8B,65,1,0,77,77,1.0
Qwen3-8B,283,0,0,77,77,1.0
Qwen3-8B,242,1,0,77,77,1.0
Qwen3-8B,186,1,0,77,77,1.0
Qwen3-8B,28,1,0,77,77,1.0
Qwen3-8B,142,1,0,77,77,1.0
Qwen3-8B,221,1,0,77,77,1.0
Qwen3-8B,95,1,0,77,77,1.0
Qwen3-8B,51,1,0,77,77,1.0
Qwen3-8B,240,1,0,77,77,1.0
Qwen3-8B,41,1,0,77,77,1.0
Qwen3-8B,421,0,0,77,77,1.0
Qwen3-8B,206,1,0,77,77,1.0
Qwen3-8B,100,1,0,77,77,1.0
Qwen3-8B,213,1,0,77,77,1.0
Qwen3-8B,98,1,0,77,77,1.0
Qwen3-8B,215,1,0,77,77,1.0
Qwen3-8B,32,1,0,77,77,1.0
Qwen3-8B,267,0,0,77,77,1.0
Qwen3-8B,425,0,0,77,77,1.0
Qwen3-8B,135,1,0,77,77,1.0
Qwen3-8B,326,0,0,77,77,1.0
Qwen3-8B,64,1,0,77,77,1.0
Qwen3-8B,14,1,0,77,77,1.0
Qwen3-8B,156,1,0,77,77,1.0
Qwen3-8B,279,0,0,77,77,1.0
Qwen3-8B,430,0,0,77,77,1.0
Qwen3-8B,236,1,0,77,77,1.0
Qwen3-8B,207,1,0,77,77,1.0
Qwen3-8B,457,0,0,77,77,1.0
Qwen3-8B,350,0,0,77,77,1.0
Qwen3-8B,161,1,0,77,77,1.0
Qwen3-8B,217,1,0,77,77,1.0
Qwen3-8B,190,1,0,77,77,1.0
Qwen3-8B,309,0,0,77,77,1.0
Qwen3-8B,53,1,0,77,77,1.0
Qwen3-8B,1,1,0,77,77,1.0
Qwen3-8B,80,1,0,77,77,1.0
Qwen3-8B,205,1,0,77,77,1.0
Qwen3-8B,91,1,0,77,77,1.0
Qwen3-8B,241,1,0,77,77,1.0
Qwen3-8B,166,1,0,77,77,1.0
Qwen3-8B,134,1,0,77,77,1.0
Qwen3-8B,319,0,0,77,77,1.0
Qwen3-8B,243,1,0,77,77,1.0
Qwen3-8B,50,1,0,77,77,1.0
Qwen3-8B,174,1,0,77,77,1.0
Qwen3-8B,189,1,0,77,77,1.0
Qwen3-8B,496,0,0,77,77,1.0
Qwen3-8B,235,1,0,77,77,1.0
Qwen3-8B,459,0,0,77,77,1.0
Qwen3-8B,160,1,0,77,77,1.0
Qwen3-8B,191,1,0,77,77,1.0
Qwen3-8B,151,1,0,77,77,1.0
Qwen3-8B,99,1,0,77,77,1.0
Qwen3-8B,372,0,0,77,77,1.0
Qwen3-8B,87,1,0,77,77,1.0
Qwen3-8B,330,0,0,77,77,1.0
Qwen3-8B,214,1,0,77,77,1.0
Qwen3-8B,20,1,0,77,77,1.0
Qwen3-8B,188,1,0,77,77,1.0
Qwen3-8B,106,1,0,77,77,1.0
Qwen3-8B,270,0,0,77,77,1.0
Qwen3-8B,102,1,0,77,77,1.0
Qwen3-8B,316,0,1,76,77,0.987012987012987
Qwen3-8B,356,0,1,76,77,0.987012987012987
Qwen3-8B,2,1,1,76,77,0.987012987012987
Qwen3-8B,148,1,1,76,77,0.987012987012987
Qwen3-8B,304,0,1,76,77,0.987012987012987
Qwen3-8B,335,0,1,76,77,0.987012987012987
Qwen3-8B,227,1,1,76,77,0.987012987012987
Qwen3-8B,16,1,1,76,77,0.987012987012987
Qwen3-8B,157,1,1,76,77,0.987012987012987
Qwen3-8B,365,0,1,76,77,0.987012987012987
Qwen3-8B,119,1,1,76,77,0.987012987012987
Qwen3-8B,196,1,1,76,77,0.987012987012987
Qwen3-8B,122,1,1,76,77,0.987012987012987
Qwen3-8B,294,0,1,76,77,0.987012987012987
Qwen3-8B,35,1,1,76,77,0.987012987012987
Qwen3-8B,200,1,1,76,77,0.987012987012987
Qwen3-8B,40,1,1,76,77,0.987012987012987
Qwen3-8B,201,1,1,76,77,0.987012987012987
Qwen3-8B,427,0,1,76,77,0.987012987012987
Qwen3-8B,363,0,1,76,77,0.987012987012987
Qwen3-8B,58,1,1,76,77,0.987012987012987
Qwen3-8B,149,1,1,76,77,0.987012987012987
Qwen3-8B,388,0,2,75,77,0.974025974025974
Qwen3-8B,218,1,2,75,77,0.974025974025974
Qwen3-8B,183,1,2,75,77,0.974025974025974
Qwen3-8B,481,0,2,75,77,0.974025974025974
Qwen3-8B,460,0,2,75,77,0.974025974025974
Qwen3-8B,105,1,2,75,77,0.974025974025974
Qwen3-8B,480,0,2,75,77,0.974025974025974
Qwen3-8B,361,0,3,74,77,0.961038961038961
Qwen3-8B,193,1,3,74,77,0.961038961038961
Qwen3-8B,172,1,3,74,77,0.961038961038961
Qwen3-8B,322,0,3,74,77,0.961038961038961
Qwen3-8B,447,0,3,74,77,0.961038961038961
Qwen3-8B,129,1,3,74,77,0.961038961038961
Qwen3-8B,411,0,3,74,77,0.961038961038961
Qwen3-8B,370,0,3,74,77,0.961038961038961
Qwen3-8B,12,1,3,74,77,0.961038961038961
Qwen3-8B,476,0,3,74,77,0.961038961038961
Qwen3-8B,34,1,3,74,77,0.961038961038961
Qwen3-8B,315,0,3,74,77,0.961038961038961
Qwen3-8B,371,0,4,73,77,0.948051948051948
Qwen3-8B,355,0,4,73,77,0.948051948051948
Qwen3-8B,171,1,4,73,77,0.948051948051948
Qwen3-8B,48,1,4,73,77,0.948051948051948
Qwen3-8B,423,0,5,72,77,0.935064935064935
Qwen3-8B,402,0,5,72,77,0.935064935064935
Qwen3-8B,127,1,5,72,77,0.935064935064935
Qwen3-8B,345,0,5,72,77,0.935064935064935
Qwen3-8B,456,0,5,72,77,0.935064935064935
Qwen3-8B,187,1,5,72,77,0.935064935064935
Qwen3-8B,399,0,6,71,77,0.922077922077922
Qwen3-8B,337,0,6,71,77,0.922077922077922
Qwen3-8B,266,0,7,70,77,0.9090909090909091
Qwen3-8B,349,0,7,70,77,0.9090909090909091
Qwen3-8B,224,1,7,70,77,0.9090909090909091
Qwen3-8B,61,1,7,70,77,0.9090909090909091
Qwen3-8B,230,1,7,70,77,0.9090909090909091
Qwen3-8B,4,1,8,69,77,0.8961038961038961
Qwen3-8B,292,0,10,67,77,0.8701298701298701
Qwen3-8B,303,0,10,67,77,0.8701298701298701
Qwen3-8B,85,1,11,66,77,0.8571428571428571
Qwen3-8B,13,1,11,66,77,0.8571428571428571
Qwen3-8B,77,1,12,65,77,0.8441558441558441
Qwen3-8B,19,1,12,65,77,0.8441558441558441
Qwen3-8B,287,0,12,65,77,0.8441558441558441
Qwen3-8B,169,1,12,65,77,0.8441558441558441
Qwen3-8B,433,0,14,63,77,0.8181818181818182
Qwen3-8B,71,1,15,62,77,0.8051948051948052
Qwen3-8B,333,0,16,61,77,0.7922077922077922
Qwen3-8B,30,1,17,60,77,0.7792207792207793
Qwen3-8B,175,1,17,60,77,0.7792207792207793
Qwen3-8B,165,1,18,59,77,0.7662337662337663
Qwen3-8B,219,1,18,59,77,0.7662337662337663
Qwen3-8B,469,0,19,58,77,0.7532467532467533
Qwen3-8B,397,0,19,58,77,0.7532467532467533
Qwen3-8B,269,0,19,58,77,0.7532467532467533
Qwen3-8B,419,0,21,56,77,0.7272727272727273
Qwen3-8B,310,0,23,54,77,0.7012987012987013
Qwen3-8B,389,0,23,54,77,0.7012987012987013
Qwen3-8B,334,0,24,53,77,0.6883116883116883
Qwen3-8B,486,0,25,52,77,0.6753246753246753
Qwen3-8B,93,1,26,51,77,0.6623376623376623
Qwen3-8B,451,0,26,51,77,0.6623376623376623
Qwen3-8B,231,1,26,51,77,0.6623376623376623
Qwen3-8B,21,1,27,50,77,0.6493506493506493
Qwen3-8B,380,0,28,49,77,0.6363636363636364
Qwen3-8B,464,0,30,47,77,0.6103896103896104
Qwen3-8B,170,1,30,47,77,0.6103896103896104
Qwen3-8B,216,1,30,47,77,0.6103896103896104
Qwen3-8B,386,0,33,44,77,0.5714285714285714
Qwen3-8B,49,1,33,44,77,0.5714285714285714
Qwen3-8B,225,1,34,43,77,0.5584415584415584
Qwen3-8B,358,0,35,42,77,0.5454545454545454
Qwen3-8B,306,0,35,42,77,0.5454545454545454
Qwen3-8B,43,1,37,40,77,0.5194805194805194
Qwen3-8B,458,0,37,40,77,0.5194805194805194
Qwen3-8B,121,1,37,40,77,0.5194805194805194
Qwen3-8B,401,0,38,39,77,0.5064935064935064
Qwen3-8B,324,0,39,38,77,0.4935064935064935
Qwen3-8B,437,0,40,37,77,0.4805194805194805
Qwen3-8B,67,1,40,37,77,0.4805194805194805
Qwen3-8B,204,1,42,35,77,0.45454545454545453
Qwen3-8B,258,0,42,35,77,0.45454545454545453
Qwen3-8B,73,1,43,34,77,0.44155844155844154
Qwen3-8B,428,0,44,33,77,0.42857142857142855
Qwen3-8B,412,0,44,33,77,0.42857142857142855
Qwen3-8B,128,1,45,32,77,0.4155844155844156
Qwen3-8B,312,0,50,27,77,0.35064935064935066
Qwen3-8B,373,0,50,27,77,0.35064935064935066
Qwen3-8B,144,1,51,26,77,0.33766233766233766
Qwen3-8B,5,1,53,24,77,0.3116883116883117
Qwen3-8B,62,1,53,24,77,0.3116883116883117
Qwen3-8B,441,0,53,24,77,0.3116883116883117
Qwen3-8B,417,0,54,23,77,0.2987012987012987
Qwen3-8B,38,1,54,23,77,0.2987012987012987
Qwen3-8B,482,0,56,21,77,0.2727272727272727
Qwen3-8B,229,1,58,19,77,0.24675324675324675
Qwen3-8B,37,1,58,19,77,0.24675324675324675
Qwen3-8B,262,0,59,18,77,0.23376623376623376
Qwen3-8B,313,0,59,18,77,0.23376623376623376
Qwen3-8B,499,0,59,18,77,0.23376623376623376
Qwen3-8B,314,0,60,17,77,0.22077922077922077
Qwen3-8B,288,0,61,16,77,0.2077922077922078
Qwen3-8B,444,0,63,14,77,0.18181818181818182
Qwen3-8B,366,0,63,14,77,0.18181818181818182
Qwen3-8B,265,0,64,13,77,0.16883116883116883
Qwen3-8B,27,1,64,13,77,0.16883116883116883
Qwen3-8B,124,1,66,11,77,0.14285714285714285
Qwen3-8B,305,0,66,11,77,0.14285714285714285
Qwen3-8B,325,0,66,11,77,0.14285714285714285
Qwen3-8B,143,1,67,10,77,0.12987012987012986
Qwen3-8B,79,1,68,9,77,0.11688311688311688
Qwen3-8B,6,1,68,9,77,0.11688311688311688
Qwen3-8B,123,1,68,9,77,0.11688311688311688
Qwen3-8B,239,1,68,9,77,0.11688311688311688
Qwen3-8B,317,0,69,8,77,0.1038961038961039
Qwen3-8B,24,1,69,8,77,0.1038961038961039
Qwen3-8B,253,0,69,8,77,0.1038961038961039
Qwen3-8B,327,0,70,7,77,0.09090909090909091
Qwen3-8B,379,0,70,7,77,0.09090909090909091
Qwen3-8B,344,0,70,7,77,0.09090909090909091
Qwen3-8B,341,0,71,6,77,0.07792207792207792
Qwen3-8B,89,1,71,6,77,0.07792207792207792
Qwen3-8B,436,0,71,6,77,0.07792207792207792
Qwen3-8B,212,1,71,6,77,0.07792207792207792
Qwen3-8B,88,1,71,6,77,0.07792207792207792
Qwen3-8B,443,0,71,6,77,0.07792207792207792
Qwen3-8B,465,0,72,5,77,0.06493506493506493
Qwen3-8B,248,1,72,5,77,0.06493506493506493
Qwen3-8B,393,0,72,5,77,0.06493506493506493
Qwen3-8B,340,0,73,4,77,0.05194805194805195
Qwen3-8B,484,0,73,4,77,0.05194805194805195
Qwen3-8B,9,1,74,3,77,0.03896103896103896
Qwen3-8B,281,0,74,3,77,0.03896103896103896
Qwen3-8B,271,0,74,3,77,0.03896103896103896
Qwen3-8B,198,1,74,3,77,0.03896103896103896
Qwen3-8B,284,0,74,3,77,0.03896103896103896
Qwen3-8B,302,0,74,3,77,0.03896103896103896
Qwen3-8B,162,1,74,3,77,0.03896103896103896
Qwen3-8B,461,0,75,2,77,0.025974025974025976
Qwen3-8B,247,1,75,2,77,0.025974025974025976
Qwen3-8B,7,1,75,2,77,0.025974025974025976
Qwen3-8B,181,1,75,2,77,0.025974025974025976
Qwen3-8B,168,1,75,2,77,0.025974025974025976
Qwen3-8B,382,0,75,2,77,0.025974025974025976
Qwen3-8B,439,0,75,2,77,0.025974025974025976
Qwen3-8B,297,0,75,2,77,0.025974025974025976
Qwen3-8B,226,1,75,2,77,0.025974025974025976
Qwen3-8B,374,0,76,1,77,0.012987012987012988
Qwen3-8B,406,0,76,1,77,0.012987012987012988
Qwen3-8B,490,0,76,1,77,0.012987012987012988
Qwen3-8B,280,0,76,1,77,0.012987012987012988
Qwen3-8B,76,1,76,1,77,0.012987012987012988
Qwen3-8B,483,0,76,1,77,0.012987012987012988
Qwen3-8B,220,1,76,1,77,0.012987012987012988
Qwen3-8B,329,0,76,1,77,0.012987012987012988
Qwen3-8B,470,0,76,1,77,0.012987012987012988
Qwen3-8B,192,1,76,1,77,0.012987012987012988
Qwen3-8B,17,1,76,1,77,0.012987012987012988
Qwen3-8B,261,0,76,1,77,0.012987012987012988
Qwen3-8B,493,0,76,1,77,0.012987012987012988
Qwen3-8B,467,0,76,1,77,0.012987012987012988
Qwen3-8B,420,0,76,1,77,0.012987012987012988
Qwen3-8B,396,0,76,1,77,0.012987012987012988
Qwen3-8B,307,0,76,1,77,0.012987012987012988
Qwen3-8B,432,0,76,1,77,0.012987012987012988
Qwen3-8B,387,0,76,1,77,0.012987012987012988
Qwen3-8B,435,0,76,1,77,0.012987012987012988
Qwen3-8B,155,1,77,0,77,0.0
Qwen3-8B,377,0,77,0,77,0.0
Qwen3-8B,450,0,77,0,77,0.0
Qwen3-8B,495,0,77,0,77,0.0
Qwen3-8B,408,0,77,0,77,0.0
Qwen3-8B,491,0,77,0,77,0.0
Qwen3-8B,497,0,77,0,77,0.0
Qwen3-8B,475,0,77,0,77,0.0
Qwen3-8B,440,0,77,0,77,0.0
Qwen3-8B,173,1,77,0,77,0.0
Qwen3-8B,485,0,77,0,77,0.0
Qwen3-8B,415,0,77,0,77,0.0
Qwen3-8B,410,0,77,0,77,0.0
Qwen3-8B,18,1,77,0,77,0.0
Qwen3-8B,323,0,77,0,77,0.0
Qwen3-8B,46,1,77,0,77,0.0
Qwen3-8B,391,0,77,0,77,0.0
Qwen3-8B,455,0,77,0,77,0.0
Qwen3-8B,477,0,77,0,77,0.0
Qwen3-8B,321,0,77,0,77,0.0
Qwen3-8B,414,0,77,0,77,0.0
Qwen3-8B,278,0,77,0,77,0.0
Qwen3-8B,381,0,77,0,77,0.0
Qwen3-8B,472,0,77,0,77,0.0
Qwen3-8B,362,0,77,0,77,0.0
Qwen3-8B,332,0,77,0,77,0.0
Qwen3-8B,301,0,77,0,77,0.0
Qwen3-8B,331,0,77,0,77,0.0
Qwen3-8B,57,1,77,0,77,0.0
Qwen3-8B,426,0,77,0,77,0.0
Qwen3-8B,462,0,77,0,77,0.0
Qwen3-8B,357,0,77,0,77,0.0
Qwen3-8B,405,0,77,0,77,0.0
Qwen3-8B,318,0,77,0,77,0.0
Qwen3-8B,471,0,77,0,77,0.0
Qwen3-8B,26,1,77,0,77,0.0
Qwen3-8B,453,0,77,0,77,0.0
Qwen3-8B,489,0,77,0,77,0.0
Qwen3-8B,369,0,77,0,77,0.0
Qwen3-8B,390,0,77,0,77,0.0
Qwen3-8B,195,1,77,0,77,0.0
Qwen3-8B,404,0,77,0,77,0.0
Qwen3-8B,275,0,77,0,77,0.0
Qwen3-8B,141,1,77,0,77,0.0
Qwen3-8B,272,0,77,0,77,0.0
Qwen3-8B,228,1,77,0,77,0.0
Qwen3-8B,478,0,77,0,77,0.0
Qwen3-8B,299,0,77,0,77,0.0
Qwen3-8B,255,0,77,0,77,0.0
Qwen3-8B,354,0,77,0,77,0.0
Qwen3-8B,353,0,77,0,77,0.0
Qwen3-8B,364,0,77,0,77,0.0
Qwen3-8B,111,1,77,0,77,0.0
Qwen3-8B,346,0,77,0,77,0.0
Qwen3-8B,338,0,77,0,77,0.0
Qwen3-8B,158,1,77,0,77,0.0
Qwen3-8B,177,1,77,0,77,0.0
Qwen3-8B,184,1,77,0,77,0.0
Qwen3-8B,10,1,77,0,77,0.0
Qwen3-8B,296,0,77,0,77,0.0
Qwen3-8B,474,0,77,0,77,0.0
Qwen3-8B,416,0,77,0,77,0.0
Qwen3-8B,392,0,77,0,77,0.0
Qwen3-8B,442,0,77,0,77,0.0
Qwen3-8B,407,0,77,0,77,0.0
Qwen3-8B,351,0,77,0,77,0.0
Qwen3-8B,395,0,77,0,77,0.0
Qwen3-8B,418,0,77,0,77,0.0
Qwen3-8B,376,0,77,0,77,0.0
Qwen3-8B,487,0,77,0,77,0.0
Qwen3-8B,311,0,77,0,77,0.0
Qwen3-8B,120,1,77,0,77,0.0
Qwen3-8B,285,0,77,0,77,0.0
Qwen3-8B,452,0,77,0,77,0.0
Qwen3-8B,383,0,77,0,77,0.0
Qwen3-8B,159,1,77,0,77,0.0
Qwen3-8B,398,0,77,0,77,0.0
Qwen3-8B,342,0,77,0,77,0.0
Qwen3-8B,378,0,77,0,77,0.0
Qwen3-8B,178,1,77,0,77,0.0
Qwen3-8B,498,0,77,0,77,0.0
Qwen3-8B,282,0,77,0,77,0.0
Qwen3-8B,254,0,77,0,77,0.0
Qwen3-8B,256,0,77,0,77,0.0
Qwen3-8B,448,0,77,0,77,0.0
Qwen3-8B,429,0,77,0,77,0.0
Qwen3-8B,47,1,77,0,77,0.0
Qwen3-8B,446,0,77,0,77,0.0
Qwen3-8B,424,0,77,0,77,0.0
Qwen3-8B,260,0,77,0,77,0.0
Qwen3-8B,138,1,77,0,77,0.0
Qwen3-8B,8,1,77,0,77,0.0
Qwen3-8B,463,0,77,0,77,0.0
Qwen3-8B,300,0,77,0,77,0.0
Qwen3-8B,468,0,77,0,77,0.0
Qwen3-8B,403,0,77,0,77,0.0
Qwen3-8B,434,0,77,0,77,0.0
Qwen3-8B,295,0,77,0,77,0.0
Qwen3-8B,251,0,77,0,77,0.0
Qwen3-8B,488,0,77,0,77,0.0
Qwen3-8B,259,0,77,0,77,0.0
Qwen3-8B,263,0,77,0,77,0.0
Qwen3-8B,339,0,77,0,77,0.0
Qwen3-8B,473,0,77,0,77,0.0
Qwen3-8B,52,1,77,0,77,0.0
Qwen3-8B,264,0,77,0,77,0.0
Qwen3-8B,273,0,77,0,77,0.0
Qwen3-8B,328,0,77,0,77,0.0
Qwen3-8B,492,0,77,0,77,0.0
Qwen3-8B,54,1,77,0,77,0.0
Qwen3-8B,445,0,77,0,77,0.0
Qwen3-8B,252,0,77,0,77,0.0
Qwen3-8B,276,0,77,0,77,0.0
Qwen3-8B,385,0,77,0,77,0.0
Qwen3-8B,293,0,77,0,77,0.0
Qwen3-8B,413,0,77,0,77,0.0
Qwen3-8B,343,0,77,0,77,0.0
Qwen3-8B,257,0,77,0,77,0.0
Qwen3-8B,308,0,77,0,77,0.0
Qwen3-8B,130,1,77,0,77,0.0
Qwen3-8B,359,0,77,0,77,0.0
Qwen3-8B,466,0,77,0,77,0.0
Qwen3-8B,348,0,77,0,77,0.0
