rater_id,mse_score,mse_polarity
R_2dzroRQ2uSeR5kh,1.5806451612903225,1.0
R_3sKDIHxmcW6hfUd,1.1142857142857143,0.5428571428571428
R_3nIyQhjRYe275AC,1.4242424242424243,1.121212121212121
R_3FKXkB2A9MBDAmc,1.2352941176470589,0.5882352941176471
R_bx6rt0lKsUTORvX,1.1764705882352942,0.5882352941176471
R_1o1h2Jdpj61CxBY,1.1470588235294117,0.5588235294117647
R_1jeL8FDSqA0H73N,1.7142857142857142,1.7142857142857142
R_3NRsIIcMpRpGaJb,1.2571428571428571,0.2857142857142857
R_3jSt7WA1JgWed4n,0.9032258064516129,0.7096774193548387
R_1FJxqOK5KQcN0yX,1.8857142857142857,1.8857142857142857
R_qOcNm76yHhOB877,1.3,0.9
R_110jt65DHeI6mCQ,1.6666666666666667,1.6666666666666667
R_2vdbF0ySkyPiO6b,1.6,0.22857142857142856
R_2SJ1pd4iukv75UO,1.542857142857143,1.3714285714285714
R_1QE0SiJa2Fo3BvI,1.2580645161290323,-0.0967741935483871
R_3sc8M4Agn43099a,1.3125,1.25
R_1d65QxvLGRNBlLw,1.2571428571428571,0.45714285714285713
R_1iliVpUjP4hdhF8,1.4,0.6571428571428571
R_YPTRAxBvU7tbHzP,1.3870967741935485,0.8064516129032258
R_1opuNqd9fnidRRL,1.0,0.7714285714285715
R_2SIxQnsugfsVHLC,1.1176470588235294,0.7647058823529411
R_p9n81m57g6tHL2h,1.2857142857142858,0.4857142857142857
R_2CdZw87NVCtnZTj,0.9705882352941176,0.029411764705882353
R_2bJNbBHWzGm1hju,1.2941176470588236,0.8235294117647058
R_1ptFEUUj9ctC9Cg,1.0303030303030303,-0.24242424242424243
R_1g5RvzWZZlbw49F,1.0588235294117647,0.29411764705882354
R_2CeyyTV0Qlva9Pw,1.4411764705882353,0.5588235294117647
R_A6RByQeNjVl8kgx,1.2571428571428571,0.8571428571428571
R_2thPrVAROh17DeF,1.5625,1.5625
R_30c4oPhCtTYQgvm,0.9705882352941176,0.5
R_By3tW7ItOVIwcYp,1.5925925925925926,1.3703703703703705
R_2S841CAoPjyovAh,1.2058823529411764,1.2058823529411764
R_1gpveiwKk3OMHap,1.303030303030303,1.121212121212121
R_1rMtyvEIJRsPeTi,1.6764705882352942,1.2058823529411764
R_1hMVgTaJkuUgaDQ,1.3714285714285714,0.8571428571428571
R_xyobtXOJ3cdyRpv,1.9411764705882353,1.9411764705882353
R_1lfuI7qEIUaDG9i,1.5161290322580645,0.8064516129032258
R_1EiI02DbdHnrXoE,1.2727272727272727,0.42424242424242425
R_1IT9X5nK7cvV72L,1.5294117647058822,1.4705882352941178
R_1DMYwgDU0QhF7Km,1.9142857142857144,1.9142857142857144
R_2urCv0wdfbA55LM,1.2,0.9142857142857143
R_3hDYi5Y49RfbqUZ,2.057142857142857,2.057142857142857
R_1Cg4i3rpfBDA5NA,2.057142857142857,2.057142857142857
R_309azCjkI71BRnZ,1.3636363636363635,-0.09090909090909091
R_2PhPVN4IVTe1Jww,1.4705882352941178,-0.8823529411764706
R_3iJVcI5GijVe7lf,1.6,1.3714285714285714
R_2xJDLFrKWPXrKnD,1.4666666666666666,0.9333333333333333
R_O3VRvSxIHElKqPf,1.6470588235294117,0.47058823529411764
R_3gXU6XX484oDKvk,1.588235294117647,0.6470588235294118
R_2fK7zJjY43ikmiB,1.3428571428571427,0.7142857142857143
R_O9cmq3uhHE3XLG1,1.7058823529411764,1.3529411764705883
R_1qh8qagfqsqDyzZ,1.1428571428571428,0.5714285714285714
R_2YsKlyCxsmqcsp3,1.3157894736842106,0.6842105263157895
R_2aWBpCPo98DaoVt,1.1764705882352942,0.8235294117647058
R_2SdV2MUYmu749IF,1.3636363636363635,1.121212121212121
R_2CQEPuZapiPiXh1,1.5294117647058822,1.4705882352941178
R_3NHYB9XWdxZ9BmY,1.4545454545454546,1.393939393939394
R_2YfdDEZi0gF4sob,1.4285714285714286,1.0857142857142856
R_1P2bafpz6pSKFNf,1.2,0.22857142857142856
R_upPD0bD6bUvzcE9,1.0285714285714285,0.6857142857142857
R_2EB03gEBC1vWxrc,1.2,0.45714285714285713
R_3GDrJm2XatCiVON,1.6285714285714286,1.457142857142857
R_1KpqioCgHIeOlAf,1.4285714285714286,-0.2857142857142857
R_3jSQ0sp8QADO06F,1.3142857142857143,0.5142857142857142
R_1eQtFYNM4BXWhG7,1.0285714285714285,0.45714285714285713
R_1LesT0xDdrupfPJ,1.6857142857142857,1.457142857142857
R_1fk0Q6phMc7h7xo,1.4545454545454546,1.2727272727272727
R_1LRny2lYhaIUzQE,1.4285714285714286,1.2
R_3R3govpjkKwaoSh,1.457142857142857,1.3428571428571427
R_wRgHob8uG42IE0x,1.2592592592592593,0.14814814814814814
R_W0Vu3UprFxG75Tj,1.0606060606060606,0.45454545454545453
R_3dZgbZZasRd4ayu,1.6129032258064515,1.1612903225806452
R_33DWFgJVIC7a3aK,2.3714285714285714,2.3714285714285714
R_29mk3CMPl9EDVun,1.4333333333333333,1.3
R_yUPaLOrYd0iLMMV,1.5,1.1470588235294117
R_OwKUW5H8SWo7tqV,2.057142857142857,2.0
R_T6pWIccpBTyyPAd,1.696969696969697,1.1515151515151516
R_2wuWMh5BHSiqq3A,2.5142857142857142,2.5142857142857142
R_s7gcBO7gNCdgo5r,1.8285714285714285,1.7714285714285714
R_2ZEqwWc64j842lt,1.3142857142857143,1.2571428571428571
R_124RaLXWh9F0tdY,1.2058823529411764,0.029411764705882353
R_1pnCW6SdaNLeG1T,1.0588235294117647,0.8235294117647058
R_2PuoJouIbTdi6T4,1.457142857142857,1.4
R_1KoIT5iAOWCeqmd,1.5,1.4285714285714286
R_1IyFMbFsVQlocL7,1.457142857142857,1.457142857142857
R_294HaZSgzDyae9O,1.5142857142857142,-0.14285714285714285
R_2AG7ATckFfb4zPD,1.6571428571428573,0.6857142857142857
R_1FQCEKkeKNxxklQ,1.4242424242424243,0.15151515151515152
R_Y66wqewvt7edwDT,1.7714285714285714,1.4857142857142858
R_32VLWYL8Wmzzdyt,1.4285714285714286,1.0857142857142856
R_2xyjajFSWkSHdFX,1.4857142857142858,1.1428571428571428
R_SC2UMzxJsrOnwit,1.0,0.8235294117647058
R_1OQ4dxBspGweWyV,1.4,1.3428571428571427
R_2fB7GKzPJKw94hs,1.0571428571428572,0.2
R_2QX1w7ihmHRV1dD,1.0285714285714285,0.05714285714285714
R_3neZyWzz0hvufoC,1.2857142857142858,1.2285714285714286
R_2cbeFcRigOFdc3r,1.40625,0.59375
R_refeoYyPXztmeOJ,0.65625,0.59375
R_3jUuTsmFQRB21X3,1.967741935483871,1.6451612903225807
R_3hxQa83fS6nZDPP,1.8571428571428572,1.8
R_3n2SDzytkAubbre,2.2285714285714286,2.2285714285714286
R_3DnE0t3MO4L6QTb,1.2857142857142858,1.1142857142857143
R_10CuNCjPv408VLD,1.4857142857142858,1.1428571428571428
R_0pSKBB9gKLw5UFX,1.2571428571428571,0.8571428571428571
R_1daf3Bq3aLjm7eQ,1.2413793103448276,1.1724137931034482
R_UKM5qKwu7dOGkKt,1.4411764705882353,1.3235294117647058
R_29vpETM5h8goAOV,1.4857142857142858,0.8571428571428571
R_2xXdVsek3HLjJrR,1.236842105263158,1.1842105263157894
R_3DuojyDsl7Ps0I0,1.5517241379310345,1.2758620689655173
R_1imK7JeeqD1IlDx,2.0526315789473686,2.0526315789473686
R_3kpkaSMlmbUBCsd,1.4473684210526316,1.1842105263157894
R_2qEKc05ip6w8vNK,1.7894736842105263,1.7894736842105263
R_2TvqKt1FOkECf8u,1.0526315789473684,0.6842105263157895
R_21o0ME2xOxSMz5R,1.394736842105263,0.8157894736842105
R_2tmwUif4eS2rdkz,1.619047619047619,0.6666666666666666
R_3L75zfVZkBJGO5b,1.1666666666666667,0.7777777777777778
R_eKBmnJc4esRREdj,2.0526315789473686,2.0526315789473686
R_1K2O3JNFD35Nj99,1.394736842105263,-0.5
R_2ZVMi56rbjD69wL,1.0,0.3333333333333333
R_6JzM0F72P108PCx,1.5161290322580645,0.0967741935483871
R_3qJYV5FeQXTlegX,1.263157894736842,1.0526315789473684
R_1eqJ28zOtno7wxO,1.4736842105263157,1.368421052631579
R_zVC56mL5POZEeQx,2.0526315789473686,2.0526315789473686
R_29bQHOYGGSbrpkO,1.2432432432432432,0.8648648648648649
R_2dEHrZyK7eTZ0AR,1.6842105263157894,1.6842105263157894
R_3pgJJpzPXBv30zV,1.605263157894737,0.4473684210526316
R_1QaOahIYuYQu7CU,1.75,1.75
R_3NINn3ID5rq964W,1.5526315789473684,1.394736842105263
R_2q7vtQDF0rx1phq,0.9459459459459459,0.2972972972972973
R_1dLYp0Sh05ZWPS4,1.6,1.542857142857143
R_1ILAfrZodxKWtpC,1.3703703703703705,0.7777777777777778
R_3fOw4fnMdncmSTG,1.394736842105263,-0.39473684210526316
R_1FJLdJFnh0OuZHH,2.0526315789473686,2.0526315789473686
R_9tMWfZYeuw3thyV,1.6842105263157894,1.6842105263157894
R_1pmM4J16Ds6M5S4,1.2894736842105263,1.131578947368421
R_3RfQgZ7evEonzrW,1.5161290322580645,0.6774193548387096
R_2WDuRX70HSHt6i8,1.5263157894736843,1.3157894736842106
R_2D6MUFNriwKmybr,1.864864864864865,1.864864864864865
R_2OGtAaYNILtDrgY,0.9736842105263158,0.4473684210526316
R_1i9zlioeqeGkMXe,2.1724137931034484,2.103448275862069
R_u31cxgMGSWvKAlr,1.2702702702702702,0.9459459459459459
R_27QCADWRcKdPOma,1.2105263157894737,0.7368421052631579
R_SQ0039B5J1GpT4R,1.0526315789473684,0.21052631578947367
R_2TYJwQZZ12lwTUV,2.0,2.0
R_3sBaMP1ekPCFCCP,1.837837837837838,1.7297297297297298
R_UAPRshmD0ih0xI5,1.631578947368421,-0.10526315789473684
R_22wXb5ixfPcfxsq,1.7105263157894737,1.4473684210526316
R_12SEDx7TCUEkHyp,1.736842105263158,1.631578947368421
R_SZbV7RpxwUAhbcR,1.3157894736842106,0.5789473684210527
R_28U0WQIHa0vT9GY,1.763157894736842,0.07894736842105263
R_YPlrKfA7JPBnKMN,1.6666666666666667,1.6666666666666667
R_10o7g8exNCzrmSR,1.8108108108108107,1.8108108108108107
R_ylJh3rbmSBlJemJ,1.135135135135135,0.43243243243243246
R_yrlPlDgKHPHPsaJ,1.4473684210526316,-0.02631578947368421
R_2WP5UP6JvoJW5gR,1.3333333333333333,-0.2222222222222222
R_1IXgqh8MtkIWlGg,1.6486486486486487,1.1081081081081081
R_3HobCNOZsKHZwju,1.3055555555555556,0.4722222222222222
R_AMvZgqKC4ET5U9H,1.7428571428571429,1.2857142857142858
R_1GCb5YwID3USjzR,2.1052631578947367,1.9473684210526316
R_2zXU3MArS0Ibx9l,1.4736842105263157,1.368421052631579
R_8FV0mwpamuzDavv,1.7837837837837838,1.0810810810810811
R_2Y5ngzHPdynrpfy,1.7105263157894737,1.3421052631578947
R_2tmMY4t45ZiAYih,1.605263157894737,0.4473684210526316
R_ODcilpbgEKmrA4N,2.324324324324324,2.324324324324324
R_6A5g8I3TabFgB57,1.2424242424242424,1.121212121212121
R_BR2pq17Ja5fcIRb,1.8421052631578947,1.5789473684210527
R_UKDo3ArTxk6lttf,1.5263157894736843,1.263157894736842
R_2Vjsi5yH1y4UETE,1.6842105263157894,0.5789473684210527
R_1CvIhB7tWlTBPug,1.8421052631578947,1.1578947368421053
R_1EahdQlKmdvTveH,1.8157894736842106,1.2894736842105263
R_1rv6SlQGwEuITUT,1.135135135135135,0.5945945945945946
R_OvCNJyC6OKIszdL,1.6578947368421053,0.868421052631579
R_3HHYdLYDEQlOHAf,1.5833333333333333,1.3611111111111112
R_Zaw9tJEuNuGz89H,1.4324324324324325,0.9459459459459459
R_D0QYIf28dApzrIR,1.5,1.5
R_suiAhWAZF9n4CVH,1.7297297297297298,1.3513513513513513
R_2U3k0cesJQihIT7,1.2972972972972974,1.2432432432432432
R_3dEREEJk6FLtxJQ,2.0526315789473686,2.0526315789473686
R_vkPNRMd0cNP4XDP,1.4473684210526316,1.1842105263157894
R_1GK2yQiRSplThjv,1.763157894736842,1.763157894736842
R_prP93NoxR5qJFv3,1.864864864864865,1.7567567567567568
R_1GPakWmavZJKEi5,1.5526315789473684,1.131578947368421
R_3P5COEgCM8xhfVc,1.6216216216216217,0.7567567567567568
R_b2fmfRLauauQBXz,2.27027027027027,2.27027027027027
R_1MYaYsMMCtntO9U,1.4324324324324325,0.7837837837837838
R_1cUMa2ZYVZmCjLk,1.9210526315789473,1.9210526315789473
R_2dgo9rMYvlay8xL,1.9189189189189189,1.9189189189189189
R_pLEJDojpaR4S0r7,1.0555555555555556,0.6666666666666666
R_2CwQRhHsGKo9FEc,1.0789473684210527,0.7105263157894737
R_3ggpeSfgLOsM0Ip,1.1842105263157894,0.5
R_7QHh8Cy2t8YfDdT,2.1578947368421053,2.1578947368421053
R_2YzgKZdltrXIWfm,0.8484848484848485,0.42424242424242425
R_1gIT2e9Q1ZW4wRN,1.8108108108108107,1.6486486486486487
R_3dYu5BOpi7dokJf,1.837837837837838,1.5675675675675675
R_3oNtXw8aXkhr195,1.2285714285714286,1.1714285714285715
R_3HZW7MMe2u8pwk4,1.894736842105263,1.894736842105263
R_1E6xqbFBpw1YDFg,1.027027027027027,0.43243243243243246
R_3njiNM4PZ4qiqcf,1.0,0.4857142857142857
R_1dzVrOUKpQoLHyR,1.5151515151515151,0.0
R_2qf7Co9V6Ok2Dx0,1.4411764705882353,1.3823529411764706
R_3L23yppQZufCpU7,1.6571428571428573,1.6571428571428573
R_1pESUkFphiERdx4,1.8235294117647058,1.8235294117647058
R_2DZUccB3q8WNAm6,1.2,0.05714285714285714
R_Z3OzjYC4NFKUPXH,1.4,1.2857142857142858
R_2zwgLuovwHFHcE3,1.9705882352941178,1.9705882352941178
R_3D1iWPSX3cvfy48,1.7714285714285714,1.7142857142857142
R_3qIGRLPhQ5AYa6h,1.1714285714285715,0.6571428571428571
R_2OVy83tjYEAo0xg,1.3142857142857143,-0.11428571428571428
R_1PUGO6a1YpyUf5m,1.2,1.0285714285714285
R_2wvOly7p7SWn4BE,1.32,0.6
R_2SpYT6SHBZzjgs0,1.9705882352941178,1.9705882352941178
R_2uwYAwDnWbylfsr,1.457142857142857,0.02857142857142857
R_2ur2v4mQbwMOHMe,1.3142857142857143,1.0285714285714285
R_1Nm0XBQjovAbAji,2.0285714285714285,2.0285714285714285
R_2OGEhAdwKYxpHCw,2.1142857142857143,1.8285714285714285
R_2ZD28Kftj0HXUD3,1.6363636363636365,0.7878787878787878
R_1hYG91XcqjxUmEC,1.7142857142857142,0.8571428571428571
R_UDCpxXfm9U4ca53,1.8285714285714285,1.542857142857143
R_2zpxOAfc0DIAm9e,2.057142857142857,2.057142857142857
R_2952NxI7eQgF7mA,1.2727272727272727,1.0303030303030303
R_pyfwtr7Z0Xzpiff,1.3870967741935485,1.3870967741935485
R_2EBnEdb8b7yLyxW,2.2285714285714286,2.2285714285714286
R_31gy6kJNMg23vbT,1.3714285714285714,0.5714285714285714
R_3efaEOlJ0dUwSmU,0.8823529411764706,0.47058823529411764
R_2rucRa8cnLzpvCP,1.3823529411764706,1.1470588235294117
R_w1pslQh2UxRiQBr,1.1428571428571428,1.0285714285714285
R_27BXywrOagpZpLV,1.5,1.3888888888888888
R_2TGdKOhs6Ef1Xc8,1.2857142857142858,1.1142857142857143
R_2TtTAgcATuIJAF2,1.0571428571428572,-0.8857142857142857
R_5uK5icU4ZIhzTVv,1.1875,0.125
R_1ik66jyEp2b40WM,1.0285714285714285,0.2857142857142857
R_1cUmcpR4hpQbiNX,1.7272727272727273,1.606060606060606
R_2do6kqzIqBe40bL,1.3636363636363635,1.303030303030303
R_2VmzZiBGyRxRBeB,1.6,1.2666666666666666
R_xAzH4rOkwvrZ1Dz,0.9714285714285714,0.7428571428571429
R_1KqJErdzoDpcSdz,2.2285714285714286,2.2285714285714286
R_1n9KYJBx3q4P1u5,0.7142857142857143,0.2571428571428571
R_2PtbnoyROv8z0i9,2.2,2.2
R_bIRigrArBsw78KR,1.0857142857142856,-0.17142857142857143
R_2WIMxrAq5ExkU7a,1.0,0.3142857142857143
R_2zhye6hESK2Orq2,1.0571428571428572,0.5428571428571428
R_2aM0z429USG31yr,1.5714285714285714,1.457142857142857
R_ub3pU0ztPBLJW5X,2.242424242424242,2.242424242424242
R_23180axkzfDs5Xv,0.8529411764705882,-0.14705882352941177
R_1DSTUMCesLpTj8g,1.4324324324324325,0.8918918918918919
R_3nTUdpVgeCpYjhv,2.0,2.0
R_UasLFBmYrOrIZYR,1.5789473684210527,0.6842105263157895
R_1ov9PBGWQ8vbXQE,1.2894736842105263,0.6052631578947368
R_1f0Ivhk7kwUps2f,1.631578947368421,1.4210526315789473
R_1N1X7SYaUWwhFUh,1.7894736842105263,1.7894736842105263
R_1KshIh9a4FPBDhC,1.40625,1.03125
R_3sAHJpTBUSU6ysC,1.131578947368421,0.868421052631579
R_XX5nDlL5gjfrCE1,1.5789473684210527,1.5263157894736843
R_2TH26GNtWqezlt7,1.5263157894736843,0.7894736842105263
R_POu4512SfDcgLHX,1.7567567567567568,1.7027027027027026
R_1r06TXih3rG5egq,1.4210526315789473,1.263157894736842
R_3lVy5i8KGkdBT2u,1.7222222222222223,1.6111111111111112
R_3GcXFBm5Vh1o3kB,1.5294117647058822,1.2941176470588236
R_27OJY7uhTO8kOwO,1.0526315789473684,0.3684210526315789
R_3QS0aP4X9S3Qifo,1.2894736842105263,0.07894736842105263
R_2aeLRGduIjKnU6b,1.8421052631578947,1.8421052631578947
R_21BoGYYF6WHdjB2,2.026315789473684,2.026315789473684
R_1Ol5vAztd9pjghR,1.5789473684210527,1.263157894736842
R_8e1lqRSvb6EQQ1j,1.631578947368421,1.5789473684210527
R_1OpiGLobTYBXRau,1.2571428571428571,1.1428571428571428
R_ywfzIDKDlL3w61r,1.4594594594594594,1.2432432432432432
R_2XhDlcuaYwx4bje,1.3714285714285714,1.0857142857142856
R_22ltMkK4jnCdj3M,1.8,-1.1714285714285715
R_3ELHwk936PWmLmY,1.6,-1.2
R_qxRR9TECQhMmtwt,2.032258064516129,2.032258064516129
R_2wsMbQjBghKVwKU,1.1714285714285715,1.1142857142857143
R_2R53sLIEfE7Qjn7,1.7428571428571429,1.3428571428571427
R_1gMGvOeh9CEyKVA,1.4827586206896552,1.4137931034482758
R_21npSY4progDtXe,1.4285714285714286,1.3142857142857143
R_2QVWccaGUFxIsUY,1.7714285714285714,1.7714285714285714
R_25zKFIjqwKDee4P,1.696969696969697,1.393939393939394
R_2v6bseWkSIZKfar,1.6451612903225807,0.6129032258064516
R_3Dj7cr6X4CoJxmI,1.4857142857142858,1.2
R_3h5YET28ToUi6OO,1.2121212121212122,0.8484848484848485
R_2CVAxZhzMAoVLqJ,1.121212121212121,0.9393939393939394
R_yx2zAK9Szt3EbCh,1.1714285714285715,0.8285714285714286
R_2a9zNVS9pXETsoq,1.3428571428571427,0.3142857142857143
R_1PcIlQD7EXj75a2,1.542857142857143,1.3142857142857143
R_3KC4aFK0IQbepTc,2.142857142857143,2.142857142857143
R_3kHdF1ftMfBxQhv,2.142857142857143,2.142857142857143
R_296RGOaEiEJCA7Y,1.3928571428571428,0.8214285714285714
R_eXS5CKtyw6YBKRr,1.6571428571428573,1.6
R_3KZQ2LBUmq9Xh9b,1.3714285714285714,0.9714285714285714
R_zULc7GKeV25avgB,1.0294117647058822,0.7941176470588235
R_2f8QvwNymikOJYf,1.5714285714285714,1.5142857142857142
R_3nTact3LqxTGKiI,1.0,0.6363636363636364
R_3Ga0hYhNjLFjRAl,1.7142857142857142,1.3714285714285714
R_27eaFcvFAEsxQed,1.8235294117647058,1.8235294117647058
R_3qlZF4LXvOlImyL,1.2941176470588236,0.5882352941176471
R_1gSdusasBjXxQcN,1.8823529411764706,1.6470588235294117
R_1jwR9V21yDZYHpv,1.9393939393939394,1.9393939393939394
R_2aOKyeVEfD4keMl,1.2857142857142858,1.2857142857142858
R_1BXHiEpkqfXLj7r,1.9714285714285715,1.9714285714285715
R_128Qu1k8DrfLFpc,1.7714285714285714,1.6571428571428573
R_es2uLP96FmltJ7P,1.0857142857142856,0.8571428571428571
R_33CgF3J8IDvHmlK,1.4074074074074074,0.8888888888888888
R_12sA9O5HNqQasmJ,1.3448275862068966,0.8620689655172413
R_AM2CRES4tXQBHsl,2.0434782608695654,1.9565217391304348
R_blqy5QBhlOJ7YTD,2.5625,2.5625
R_XQVy2HGLU9aZ7SV,1.1714285714285715,0.8857142857142857
R_1HogEnTi7G9jYGn,2.28125,1.78125
R_3oTmKkQuN2JMhJV,2.411764705882353,2.411764705882353
R_1rB0pJMQLJniEgX,2.3714285714285714,2.3714285714285714
R_Rgy0hjqbHltqiU9,2.4857142857142858,2.4857142857142858
R_2Tt6sLc1LtpYMiK,1.4857142857142858,0.5714285714285714
R_POLO1YzY7WrfeiR,1.3714285714285714,1.0857142857142856
R_2VyvYz9bpVDqYFt,2.4,2.4
R_2fAOYQ8YRi0cI1x,1.2962962962962963,0.7777777777777778
R_OrhESCO1j7t6NvX,1.8857142857142857,1.8857142857142857
R_2eWjmOyXkhRfOWn,2.0,2.0
R_3MnCPefK3IdAwjp,1.3142857142857143,0.8571428571428571
R_2ZKVr4Lyx14typ0,1.457142857142857,1.0
R_1LqyNdtTNedDdKC,1.8285714285714285,0.8
R_3FWe6gdkQ8PkqkW,1.3714285714285714,0.5714285714285714
R_21GjeoLj2WRcwSo,1.1714285714285715,0.8285714285714286
R_YYsosRPb5IB1t29,1.2058823529411764,0.5588235294117647
R_3NTPzEIlnDsibbr,1.1428571428571428,0.2857142857142857
R_1OH4XxaZEKPTZLS,0.8571428571428571,0.6857142857142857
R_3Ea1mtcjmZndAN2,1.1714285714285715,0.8285714285714286
R_1ietgSJW3hUP2dC,1.3125,-0.5
R_1eVPBrTdlgr0W28,1.1818181818181819,0.9393939393939394
R_2B984tCeYgNff5B,2.0,1.8857142857142857
R_2EsguB3cz1z3n3r,1.2941176470588236,0.47058823529411764
R_2xQWTsUatNa7PEa,1.5142857142857142,1.2857142857142858
R_3MiG1VH2O9Hl70H,1.6857142857142857,1.5714285714285714
R_2ckAzTylldLBXOm,1.0571428571428572,0.9428571428571428
R_OPU36UyhyR3uuXv,2.1142857142857143,2.1142857142857143
R_2YtzK83kAD0nqAv,1.1428571428571428,-0.11428571428571428
R_YaJtaEZs0NSqmA1,1.6,1.542857142857143
R_3j84NXYhs0BcdGh,1.0,-0.14285714285714285
R_cYjLNvKOedfsT73,1.457142857142857,0.8857142857142857
R_SZbjzskMQYxgyJ3,1.3142857142857143,0.8
R_ZESunjzzvNYjlRf,1.1142857142857143,0.5428571428571428
R_8qfllyiK1sErVC1,1.7941176470588236,1.6764705882352942
R_8pKH6CZ0fghwHct,1.3529411764705883,0.7647058823529411
R_2alRfFjNi1hwRjj,2.0588235294117645,1.8235294117647058
R_1CIs2UctKkW5lUS,1.5625,1.5625
R_3jDq264XJRQ0aNr,1.3142857142857143,0.6285714285714286
R_3qfmVWMXAe5yJF5,1.6571428571428573,0.2857142857142857
R_0qwqsV8JhjqRfc5,1.2,0.6857142857142857
R_1NDE9ldRSWvQF9E,2.6,2.6
R_3dTcFbgud4MA6zy,1.4,1.4
R_1eEIQoSiUzFKy0t,0.9428571428571428,0.2
R_1NzhxvX0DLesyLP,1.3103448275862069,0.4827586206896552
R_yO2togTV543hHRn,1.1481481481481481,0.48148148148148145
R_3C27U2F1TXjT1tv,0.9714285714285714,0.8
R_TjUnicil3P34kSJ,2.4857142857142858,2.4857142857142858
R_12ECZ23oImmh3jT,1.4,0.8857142857142857
R_2qpz0VQVKjhyzaM,2.6285714285714286,2.6285714285714286
R_1ePfRHWX2Cm9g6v,1.9655172413793103,1.9655172413793103
R_2c6DT5Nu9x1kB2f,2.085714285714286,2.085714285714286
R_3FRkZtU5qZLzuUJ,1.7714285714285714,1.4285714285714286
R_1r6wn3ZnRDnni6W,0.9714285714285714,0.6285714285714286
R_1ikVcVRBIFqMAo9,1.75,1.5625
R_OGSyAtk2BEvmQKd,1.5588235294117647,1.3235294117647058
R_29tQTwFi2theuYa,1.9714285714285715,1.8571428571428572
R_1INxk5di9q9kqAj,1.368421052631579,0.3157894736842105
R_2U41dr3SDodtspd,1.1081081081081081,-0.2972972972972973
R_23fPZFNqxcVpkkR,1.96,1.88
R_3nSL1apwFwdqDo7,1.394736842105263,0.8157894736842105
R_2c1vCL25FziCeKV,2.0526315789473686,2.0
R_UQuL1VD5zTKM2vT,1.8157894736842106,1.8157894736842106
R_QnqeXqPMkdM2l7H,1.0,-0.21052631578947367
R_1gGFJYKFuanImsq,1.3513513513513513,1.0810810810810811
R_u7A9UJvtQ4I8wLv,1.605263157894737,1.605263157894737
R_2zOOkl5AUNHSHF8,1.3333333333333333,0.9444444444444444
R_2VwPf58oYccVqKT,1.5,1.3333333333333333
R_3GBWiJ61iGGjoPo,1.263157894736842,0.7894736842105263
R_3GrZymNvpWS7768,1.4444444444444444,1.0555555555555556
R_2ylKpQQSMCvVgE0,2.0294117647058822,2.0294117647058822
R_2wTfWKgYbHzQMHK,2.027027027027027,2.027027027027027
R_2xzulsz0GGkISyR,0.868421052631579,0.5526315789473685
R_rqccb4cU2rysgVj,1.2432432432432432,0.21621621621621623
R_0SzqZhWZPIvzfDX,1.7575757575757576,1.7575757575757576
R_3lE6LN4jp1vzk3J,1.7567567567567568,1.2162162162162162
R_8k5HJz2mo6wyQal,1.4594594594594594,0.918918918918919
R_2Pe88XvWAXlGJED,1.1142857142857143,0.37142857142857144
R_1MPT6DdDScx2SXC,1.4285714285714286,1.2857142857142858
R_1Nlvo71nBb6l5aE,1.4516129032258065,1.4516129032258065
R_DiWVWrjlqI1Xxu1,1.2702702702702702,1.162162162162162
R_2dEG8i9pQIK8Ydy,1.1142857142857143,0.7142857142857143
R_24BhLoR5DLsrFI2,0.8857142857142857,0.4857142857142857
R_1mszYsREu2oejYs,1.1470588235294117,0.5
R_31RAWLxDZm5ZxPD,1.088235294117647,0.38235294117647056
R_3njBDO2SUKyhRmH,1.4857142857142858,1.3142857142857143
R_Q4i821pHyacCBHP,1.4411764705882353,1.1470588235294117
R_2P5zQ8f0ctlP5x9,1.457142857142857,1.4
R_31aWtTxBk6Jf0PV,1.4,1.0571428571428572
R_1JWKs7Uim5oKonQ,2.342857142857143,2.1714285714285713
R_1NmomdE0y2nux18,1.8529411764705883,1.8529411764705883
R_pF35rr4I0Z20QOl,1.3428571428571427,1.0
R_3FIOAns2CSl8BAf,1.8571428571428572,1.8571428571428572
R_3O3tYGMYPxkpPi4,1.6785714285714286,1.6071428571428572
R_1lzcfsgO6ktbGuS,1.8,1.8
R_12913wTbAHTxjeN,1.2,0.17142857142857143
R_2QSacybpQOwVNas,1.4,1.2857142857142858
R_pzaQm0YYd60jBND,2.4,2.4
R_3HYOqANVOUFGxh7,1.0857142857142856,0.4
R_2uyXVimWd87uQz8,1.7142857142857142,1.542857142857143
R_2WYgDiEilw8kVb9,1.4857142857142858,0.6857142857142857
R_3KPApaN4ZD0tSHe,1.8285714285714285,1.542857142857143
R_2fy43ee1i9Litxm,2.2,2.2
R_2tz0InvjLO88Moh,0.9714285714285714,0.6285714285714286
R_T7a8NDb69nGjfIR,1.9142857142857144,1.8571428571428572
R_1MqI9OldKti68JH,1.1142857142857143,0.9428571428571428
R_dpzfnu3ntwrVoad,1.6571428571428573,1.6571428571428573
R_3gN73D7OynlFdQi,1.878787878787879,1.878787878787879
R_YXjLMhhyhH1VNYd,1.8285714285714285,1.8285714285714285
R_5APS5S1ZkrXNofT,1.3428571428571427,0.37142857142857144
R_2ruthZOz4HLu4G9,1.2571428571428571,1.1428571428571428
R_2fcYQItvMVSXfyS,1.5142857142857142,0.2
R_V3ZwV12qUJwZwmR,1.2857142857142858,1.0
R_3EVYZrFGRmaMFef,1.7428571428571429,1.6857142857142857
R_2AKZe7KtQxImZPu,1.2727272727272727,1.0909090909090908
R_em0m2zBDgvdWyXf,1.7714285714285714,1.6571428571428573
R_2rSXoPIQqh7Ms5k,1.6,1.6
R_Oe5bW1mpJyhCcRr,1.7333333333333334,1.6666666666666667
R_7NyzuCPML4IO9AR,2.342857142857143,2.057142857142857
R_26mOgGm5N2z1ijx,1.1142857142857143,-0.08571428571428572
R_3qOd6Lab0gHBb5n,1.5142857142857142,1.5142857142857142
R_2f8yIpwEG5QYzDD,1.1142857142857143,0.08571428571428572
R_1jpuKggkdO3aJTI,1.6206896551724137,1.2758620689655173
R_1fa1AOyduKmCioU,1.6857142857142857,1.2285714285714286
R_3p5tblURnClsfyd,1.457142857142857,0.4857142857142857
R_32W2dS4F36xs0ZE,1.4166666666666667,1.4166666666666667
R_2PgT2TQNBzUJT20,1.3142857142857143,0.6857142857142857
R_2talmlCekEHA5ii,1.5769230769230769,1.1923076923076923
R_9ttrrBjb0R1La7L,1.394736842105263,0.868421052631579
R_819Nw22PZ9eyVln,1.5,1.2894736842105263
R_um6bc2YHVOnWrNn,1.263157894736842,0.6842105263157895
R_3LdbsdVkxwUYD05,1.394736842105263,0.6052631578947368
R_UR9p8SH6KfrRdQd,0.7058823529411765,0.0
R_6gsOvn7YOW55UOt,1.25,0.5833333333333334
R_3KNq5Yy6BY4jZWl,0.8157894736842105,0.23684210526315788
R_1exGh6UNBQZ3o4S,1.4594594594594594,1.4594594594594594
R_3gZBXxWqg3xj7bf,1.1578947368421053,0.7894736842105263
R_31AbP21YJPYxkAn,1.3243243243243243,0.7837837837837838
R_eqtOe7PjjJYk66R,1.0263157894736843,0.2894736842105263
R_2RWC5bNwHvGbukP,1.5526315789473684,0.4473684210526316
R_215NWMZSrbqrKbc,1.9166666666666667,1.75
R_Y3rGgo8hykUJ8Ix,1.263157894736842,1.1578947368421053
R_3gZuDwLoFNMEzQz,1.1891891891891893,-0.2702702702702703
R_3R92GnVZWw3P3Oc,1.105263157894737,0.5789473684210527
R_2X7jfgzixDbha5w,0.9428571428571428,0.42857142857142855
R_3gREGhpsLzxI7gL,1.3611111111111112,1.0277777777777777
R_3G1ZgVDlc1CEUwY,1.7105263157894737,1.605263157894737
R_3gXEqpvjftJ4etO,1.605263157894737,1.236842105263158
R_3GCczPoc27YdEZf,0.9473684210526315,0.7368421052631579
R_3iWmf7K8FFafAQd,1.394736842105263,1.131578947368421
R_psohRtJa4i56ytj,1.368421052631579,0.7368421052631579
R_0Vs5a4dtR1lBaPT,2.0277777777777777,1.6944444444444444
R_1IZx8j36HdCPU6w,1.6,1.4285714285714286
R_2V9OiOQThkQIccF,2.342857142857143,2.342857142857143
R_NVFdzfWpNVSd9fz,0.9428571428571428,0.42857142857142855
R_3JtnV8IJF9q3ro1,1.6285714285714286,1.5714285714285714
R_1dxVPOX3skFBUrv,1.6571428571428573,1.6571428571428573
R_3ETjRywC0EJ1FcO,1.4857142857142858,1.4857142857142858
R_3rYhY9ZqltdscX8,1.457142857142857,0.3142857142857143
R_00wQLzB0CBCpsLT,0.8846153846153846,0.5
R_exQPP9uuk1T2DM5,2.257142857142857,2.257142857142857
R_2zvTIbE2t8uPMBm,2.1176470588235294,1.7647058823529411
R_W0wvS1Bd0IAFR73,1.4838709677419355,1.4838709677419355
R_3I3lflV2I5M21Fm,0.7714285714285715,0.2571428571428571
R_1GT7Ox9FN1qfKr8,1.8285714285714285,1.6
R_RF9B2mu3Tkk9U3L,0.90625,0.71875
R_1F9bP1iT7QVWUQm,1.8857142857142857,1.8857142857142857
R_0vnvTwAnDu0vLy1,2.5142857142857142,2.5142857142857142
R_2WZ33ug7KGhaa0o,2.5142857142857142,2.5142857142857142
R_UDOm9vJbOirAOXv,1.6571428571428573,1.6
R_3iKix6mwPndTjkU,1.2941176470588236,0.7647058823529411
R_3MF249C0ZzJGTOK,2.4,2.342857142857143
R_Y3oHWiY7ytgBGYp,1.542857142857143,1.1428571428571428
R_2CrnaDQWaZseJfg,2.1666666666666665,2.1666666666666665
R_3s1yQStzHMQR961,0.9428571428571428,0.4857142857142857
R_w5ZAaD2dpaGlA65,0.7428571428571429,-0.05714285714285714
R_3meIuPh3YZZaZO5,1.3142857142857143,0.5714285714285714
R_2YJ6Chx1quuCgj2,1.4411764705882353,-0.14705882352941177
R_vZ9R9eDN31wfvXj,1.5714285714285714,1.2285714285714286
R_29sGb1oDKUss9Uj,2.0,1.8285714285714285
R_1d4vFRxJvKQvtzq,1.7058823529411764,1.7058823529411764
R_8idZjUX99Et8MuJ,1.1515151515151516,0.7878787878787878
R_25YhDwfZxSIPlxA,1.4285714285714286,0.8571428571428571
R_2dtnhBnhVs0jLL2,1.0,0.11764705882352941
R_DBiXM2HPT4DmYRX,1.0285714285714285,0.05714285714285714
R_3DbB7yS6trTwGcp,1.0285714285714285,0.17142857142857143
R_2SGe8s5qin8xHm2,1.6571428571428573,1.4285714285714286
R_1HenrvxMgPy4nZX,1.1875,-0.125
R_28Ajxt067WnVj1G,1.8,1.7428571428571429
R_1dN2vs9YKpfp4ZY,1.2142857142857142,1.0
R_28GNg3RTGaZTFp4,1.1142857142857143,0.42857142857142855
R_3HAHAJ4cmjojaeM,1.9142857142857144,1.9142857142857144
R_2yl2yramodpNVRS,0.8285714285714286,0.2
R_1M4YWuUQR7YQyUf,2.142857142857143,2.142857142857143
R_2zZPZuEYlfvty2q,1.3428571428571427,0.8857142857142857
R_u2frWAp3PqU6xI5,1.4411764705882353,1.1470588235294117
R_cCjxQ8cAhzkiVkR,1.5714285714285714,0.9428571428571428
R_2VOsfjwTqklpe97,1.588235294117647,1.588235294117647
R_3m3muzmDuomysum,1.0571428571428572,0.7714285714285715
R_2pMloeTpTKOezEG,2.057142857142857,2.057142857142857
R_2CTJAAGmRk0hwka,1.2857142857142858,0.6571428571428571
R_1eJhanXsWSzUJ45,1.7714285714285714,1.542857142857143
R_3xhzd2wsgQ2BMKB,2.176470588235294,1.6470588235294117
R_1kLkSVcHxHsAtwE,1.631578947368421,1.105263157894737
R_3NKze35GZJaUerX,1.6956521739130435,1.0
R_3EZisd89fI41qOP,1.75,1.5357142857142858
R_2vZZBXelAQTYkJ2,2.103448275862069,2.103448275862069
R_1IYlM9lKUfJMXHH,1.7428571428571429,0.08571428571428572
R_2ZK2IimTlmbExkt,2.4285714285714284,2.4285714285714284
R_BKzRRcer1IoqDAZ,2.4411764705882355,2.264705882352941
R_3O1hrjk1TTc8z0G,1.793103448275862,1.793103448275862
R_ZKV3nAYEf1WGjy9,2.142857142857143,1.9714285714285715
R_2rIpOKhRHGvxRTF,2.0294117647058822,1.6764705882352942
R_yUxHO85myPvCkhP,2.0,1.7714285714285714
R_1jd3524C9M8Na6O,1.2285714285714286,0.8285714285714286
R_2OZNGYSiph6r7NS,1.6,1.6
R_xszWQCJqbhjFAGZ,0.9411764705882353,0.7058823529411765
R_2CqRBHk726Zh24m,1.8235294117647058,1.588235294117647
R_3e4fLpkLddN6mJT,1.7878787878787878,0.8787878787878788
R_2fwGOiif4HYVQBI,2.1142857142857143,2.057142857142857
R_2wRe1WvsTf3sBAa,1.8823529411764706,1.8235294117647058
R_1NfSKC2aCnukoL5,2.1714285714285713,2.1714285714285713
R_2rrttVNZO0iqdPr,1.28125,0.46875
R_XjNTzKpm9SB8Nln,1.5555555555555556,1.5
R_2QyPyllHF3dBGjD,1.6842105263157894,1.4736842105263157
R_3dKTsMn6mEIFJL0,1.5789473684210527,1.4210526315789473
R_1j8s8M6OaEpMIYR,1.3243243243243243,0.6216216216216216
R_2zhGOM4XnhpAMSK,1.7105263157894737,1.7105263157894737
R_1NeN3wA7ZnHGPOb,1.6216216216216217,0.7567567567567568
R_1hSjt7Vcn2ostaa,1.394736842105263,0.9210526315789473
R_3dQiqlldtNKMWo8,1.131578947368421,0.9736842105263158
R_3kaY8OGshp8s4jE,1.4210526315789473,-0.05263157894736842
R_2tnxUxwV3sRsSQ7,1.236842105263158,1.0789473684210527
R_sNb8TuNMjkcbu5H,1.5526315789473684,-0.02631578947368421
R_2SfCAKY43XRpMiL,1.3636363636363635,0.15151515151515152
R_22tpSyBkLMyCJP2,1.2432432432432432,1.1891891891891893
R_1GT7wYwRJ9kizU1,1.2903225806451613,0.967741935483871
R_7Qf3FICEUHYKKwp,1.5,1.3888888888888888
R_1Cr3TlK2kBsG0sM,1.736842105263158,1.5789473684210527
R_1jVyKBL8XYXSBS1,1.2894736842105263,0.868421052631579
R_0qeVLe0IZpObstz,0.9473684210526315,0.47368421052631576
R_5jRQ3DnCH5tawyB,1.7105263157894737,1.7105263157894737
R_3kocnzDZJrPIYv5,1.2894736842105263,1.0263157894736843
R_3F4lIIT2b69x8JB,1.7105263157894737,1.5
R_AbYqHzes7KRappf,1.3421052631578947,1.1842105263157894
R_3iUB7bKF74RzTH6,1.894736842105263,1.894736842105263
R_3rSV8gKDy1SOMEM,1.4210526315789473,1.368421052631579
R_1eEr8baMK5FHJIG,2.3421052631578947,2.3421052631578947
R_RzyiXeJ5W4uFTeF,1.236842105263158,0.6052631578947368
R_AMsuZ853L4VXSBX,1.5789473684210527,1.2105263157894737
R_2cABgNv1loy9DRk,1.4736842105263157,0.5789473684210527
R_vMsvuYbMrwJ1CGR,1.5714285714285714,1.457142857142857
R_Z2UlLCKai6nKApz,1.394736842105263,0.2894736842105263
R_Z2cO6516Kooo0dr,1.4473684210526316,1.131578947368421
R_1LAl7oDSTuEzoNy,1.5789473684210527,1.105263157894737
R_1LA0EfQ9QtONaB4,2.0526315789473686,2.0526315789473686
R_vMHqfy6BbKRm6Gt,1.4736842105263157,0.42105263157894735
R_3iOo47kdvJ2eugb,1.763157894736842,1.6578947368421053
R_3QRweNxivQpB3LG,1.4736842105263157,1.3157894736842106
R_302l5UduZnKMBpb,2.473684210526316,2.473684210526316
R_1r7gpwUNLlFDB8H,1.7647058823529411,1.6470588235294117
R_1GUrR1KgYhuHWnr,1.736842105263158,1.6842105263157894
R_3kO2W2fopa3UO5I,2.473684210526316,2.473684210526316
R_1q3OTJoOdEwlsfq,2.473684210526316,2.473684210526316
R_VLst34FyRgONdHb,1.6842105263157894,1.6842105263157894
R_12rMniWZ1M4TbPn,1.4864864864864864,1.054054054054054
R_1gbjVRFOKByBmDC,1.394736842105263,1.1842105263157894
R_339H161CwwzP7ru,2.1052631578947367,2.1052631578947367
R_2rhYyfMXPtyf7Zq,1.5,1.2058823529411764
R_22QQezMqpYJBIeL,1.0526315789473684,0.5263157894736842
R_2X7fIitYrrhI317,1.5526315789473684,1.3421052631578947
R_Wj7xPyCOOJ52ctH,1.4285714285714286,1.2571428571428571
R_3HGtbL47UXAn2rL,1.542857142857143,1.1428571428571428
R_3O64GAZO1TkIlJF,1.457142857142857,-0.6571428571428571
R_2eX8a4olMDMIPkC,1.0,0.6571428571428571
R_Dq98XrboArQxENH,1.4285714285714286,0.45714285714285713
R_1plBBt8eUEX569a,1.84375,1.71875
R_2s0CNlzFyqzdSxM,1.5714285714285714,0.02857142857142857
R_BVYIt2R8ZAcZO0x,2.4,2.4
R_2eOpXfVMG1m9rGY,1.8125,1.1875
R_6G9emMeoUWoFuJH,2.264705882352941,2.264705882352941
R_1g5zQUHVORR3MTO,2.090909090909091,2.090909090909091
R_XHZKvpw4gisN561,2.2857142857142856,2.2285714285714286
R_1EXVxrflj0pD5WV,2.057142857142857,2.0
R_2vcEwEYGMN5WBOr,2.125,2.125
R_1py7ozJUbnNQiy8,1.4705882352941178,1.0
R_31ABqP4PyNmrWFX,1.2285714285714286,1.0571428571428572
R_3nvYwgm10L30BCQ,1.6,1.4857142857142858
R_1eIWWd1ayZR2gLD,1.457142857142857,1.1142857142857143
R_28XTn1O7vpfrcRu,1.7619047619047619,1.7619047619047619
R_2U0hVlDUW6jOvMP,1.911764705882353,1.0294117647058822
R_24pdOo9CkRkYhLf,1.8285714285714285,1.7714285714285714
R_12Rw7A4iRSo7QwK,1.8857142857142857,1.8857142857142857
R_OjSMrvFyfTd7PpL,1.6857142857142857,1.1142857142857143
R_2ebDouK57jBVT04,1.121212121212121,0.030303030303030304
R_2antCpGrS2EqOKO,1.4390243902439024,0.6097560975609756
R_1IZvFfuOY2n3xM4,1.435897435897436,1.2820512820512822
R_2VkkAf5QKFVSBvI,1.5609756097560976,1.4634146341463414
R_z6kJAFb9czAZNlL,1.3157894736842106,1.0
R_1ez50STJXdxMOpk,1.4878048780487805,1.2439024390243902
R_2CWzdmYp7Mihvcw,1.3658536585365855,0.6829268292682927
R_3KrrhXF6pZrmRZH,1.3170731707317074,0.2926829268292683
R_eE8hWezTRkshX0t,1.475,0.125
R_26bR8idaut8ui87,1.4871794871794872,1.3333333333333333
R_bxBrlohgfDRNWVz,1.4634146341463414,-0.3902439024390244
R_1ieCBfGPSvAeUCi,1.736842105263158,1.4736842105263157
R_3kKQ4EBar9Jl0hj,1.9487179487179487,1.5897435897435896
R_1oih1KrTbFT8yoA,2.2195121951219514,2.2195121951219514
R_2t4CdRgkfFxMReO,1.5384615384615385,0.9743589743589743
R_37MEbYW3CbdvIyt,1.4390243902439024,0.8048780487804879
R_0oKg8sVNeXV3XmF,1.5128205128205128,0.02564102564102564
R_1i4KoRwkdiqQ5u4,1.4615384615384615,0.8974358974358975
R_1GUELPc33AfzXFZ,1.4871794871794872,1.435897435897436
R_udFhrw5TWrc5dBv,1.6857142857142857,1.5714285714285714
R_2B3w3NCgQCfSk5R,0.8108108108108109,0.2702702702702703
R_zUMbDbeFfmUNsvn,1.7317073170731707,1.146341463414634
R_2YM9QYqBsRBIX4c,1.9714285714285715,1.8571428571428572
R_3ho2Zn2c8eWJVDr,1.8,0.6571428571428571
R_2wbJiH1ocGRPa4v,2.0285714285714285,1.0
R_1IFBPymEY9sf1q5,1.8857142857142857,1.2571428571428571
R_81vEgMhr0eE6yg9,1.71875,1.21875
R_1mfvhYU1N49rRmU,1.0285714285714285,0.34285714285714286
R_2D5IZ0mwKalRuMe,1.542857142857143,0.9714285714285714
R_1C9Kbm57ktEjUyW,1.6285714285714286,1.6285714285714286
R_3RjSaGNcapEYJF9,1.4857142857142858,0.6857142857142857
R_3PHavAaeoQr2veq,1.8181818181818181,1.696969696969697
R_3j881Ynl0Z0QhfO,1.8571428571428572,1.7428571428571429
R_3hfrIGgTpLEfto3,1.6875,0.9375
R_31H6I0EBy2kmwkj,1.1818181818181819,0.5454545454545454
R_CjcUiQyoiNqgsmZ,2.085714285714286,2.0285714285714285
R_1DCnrEw56UASVkl,2.4571428571428573,2.4571428571428573
R_2RUk6ljN3BjFPib,1.7142857142857142,1.3142857142857143
R_XocmO7C1vPjU7W9,1.2058823529411764,0.7941176470588235
R_xfuL6EFZD6fSni9,2.0588235294117645,1.7058823529411764
R_2X5a2aWuYFzlbw0,1.6857142857142857,1.0
R_uvP3NooUo5olZKN,1.7142857142857142,0.9714285714285714
R_QoEwye3oX29rXyx,1.9142857142857144,1.5714285714285714
R_OdsQkHX1Ntb837P,2.3548387096774195,2.3548387096774195
R_1DHetSE3uc64WoT,2.085714285714286,2.085714285714286
R_3npjUjnNAeEiwNp,1.3571428571428572,1.2857142857142858
R_25tI2lqfGJDyh5u,1.7142857142857142,-0.17142857142857143
R_VLk2R57SJdbGlOh,1.1724137931034482,0.7586206896551724
R_2f3RLNUworPjKd0,1.542857142857143,0.7428571428571429
R_2YSAduQqTKCwXn7,1.4,-0.02857142857142857
R_1HpDqTWcdrg6obi,1.3714285714285714,0.9142857142857143
R_2X0a8bTrMrE1Pmg,1.4,-0.02857142857142857
R_O9VF2luqE1LqGR3,1.6176470588235294,0.14705882352941177
R_BxrjiLCUeyTE545,1.1714285714285715,0.2
R_123bCaCPm820Yw4,1.4285714285714286,0.6857142857142857
R_1ow41fTJV0aeoR1,1.4857142857142858,1.0857142857142856
R_2nTxw1YhFyBAVRn,1.2903225806451613,1.096774193548387
R_b2gVpFScUfU9w2J,1.5,1.4333333333333333
R_9AEranenUNK7XeF,1.4285714285714286,1.4285714285714286
R_3n1oVznPDiCRjTn,2.2285714285714286,2.2285714285714286
R_RaSCnDTFDitRpcd,1.75,1.75
R_3Rf3vdw2yWdw8NF,2.2285714285714286,2.2285714285714286
R_3RxQIHD0UJAVe2r,1.0571428571428572,0.9428571428571428
R_1ikWoVA6kppc28i,1.6571428571428573,0.5142857142857142
R_1mmvJRyO7o1QZyC,1.696969696969697,1.6363636363636365
R_1nMAFU19zZRXU4y,2.057142857142857,2.057142857142857
R_CdlE4MOaAFaTlTj,2.1714285714285713,2.1714285714285713
R_24kn8zGLolacUEI,1.121212121212121,0.8181818181818182
R_sC2IPLxmAVma5TH,1.4,1.2666666666666666
R_2qwr4yiME6fwIh8,1.0571428571428572,0.4857142857142857
R_qD6F6N1zIatRk3f,1.2,0.5
R_3NHZNDIpY1OBk07,1.56,1.48
R_2X5kpoWWq4ahAs1,1.625,-0.375
R_3MfaE419jO72Ynb,1.7567567567567568,1.5945945945945945
R_2R2CuEoidaOEvSG,1.325,0.575
R_24w38zHq85FtzEJ,1.4,0.6
R_A4mrXpseYmLRWp3,1.4,1.2
R_12ro8vheEn0b6Ud,1.125,0.525
R_1DValQ6kTmcWGdi,1.28125,0.90625
R_3hDuYP1HenYu0DA,1.0789473684210527,0.6052631578947368
R_33DA3clKOfmHc7S,1.9142857142857144,0.7714285714285715
R_0cVqDSV6o2HUdDH,1.6923076923076923,1.6153846153846154
R_10OFraEsw9Lp84Y,1.9487179487179487,1.9487179487179487
R_278bHu2HA7NiqYz,1.2162162162162162,0.9459459459459459
R_tLJzWb5nM6CtcWd,1.675,1.675
R_2AHCztFaJasqpLy,0.975,0.775
R_8fe0sO4xDuXu6pr,1.225,0.725
R_zVlKzLkSRXORBU5,1.6111111111111112,0.5555555555555556
R_27EHqeRA7pjKK6Q,1.775,1.375
R_2Qgly3yWpUKbezJ,1.263157894736842,0.8947368421052632
R_1dMrcIRAhwMD0u0,2.025,2.025
R_agGAQ4rzjyjMlep,1.275,1.175
R_1JWOLlVnI7YgDW2,1.875,1.75
R_8vxd7CTZrYQIhLX,1.5,1.2647058823529411
R_Td6aWUW1mCFhKqR,1.236842105263158,0.9210526315789473
R_5irlUIQpRblyM8N,1.5454545454545454,1.4848484848484849
R_xlUNNJvvTqcPBAd,1.6578947368421053,0.868421052631579
R_9oeSWck2bxDVsbv,1.0526315789473684,0.47368421052631576
R_1dh98ZA4r27bpDo,1.2105263157894737,0.8947368421052632
R_8D5C6Lg8Q1ojfXP,1.7027027027027026,1.162162162162162
R_1mnp8zA9kJ4VAfJ,1.894736842105263,1.894736842105263
R_12s4E1xsM5vWQIX,1.7333333333333334,0.8
R_2dzijJoi2MDPlKh,1.6666666666666667,1.3636363636363635
R_2y74f1k6Hs0cP47,1.375,1.0416666666666667
R_2X0bLjuuKdyTpmH,1.605263157894737,1.4473684210526316
R_1ogWSWBHAG8etPO,1.4545454545454546,-0.24242424242424243
R_p6oSKnXg1E7W2rf,1.8157894736842106,1.8157894736842106
R_3EWLOVK5mgOCFSj,2.027027027027027,1.7027027027027026
R_1rGH06iowoxVYdY,2.0277777777777777,2.0277777777777777
R_2CTIbQMv787plyH,1.4473684210526316,0.5
R_2f1ErbFoffyrGsM,2.3421052631578947,2.3421052631578947
R_3pu95zJrI3MiEcI,1.5,0.39473684210526316
R_28zyrekfRwAdDQt,2.1052631578947367,2.0
R_2QDSVzOpFWvQdn8,1.5789473684210527,1.1578947368421053
R_Y9qHWolDgGgU9EJ,2.0526315789473686,2.0
R_3szc3csHWcjxTZn,2.3157894736842106,2.3157894736842106
R_2TBMFbMNz8jdoGI,1.542857142857143,1.0857142857142856
R_WuKbfBegOeygqnD,1.7428571428571429,0.7714285714285715
R_0CEI9iJX3pR8wQV,1.3823529411764706,1.088235294117647
R_2YJrLhhGW2uk8iT,1.1428571428571428,0.22857142857142856
R_22YpnQ92q70qbw4,1.3142857142857143,0.2857142857142857
R_2Ed6naLmNrdMDIP,1.2941176470588236,1.1176470588235294
R_2qdZRDlIgfdjYKX,1.0285714285714285,0.5714285714285714
R_2VpE48sbd64QPdl,1.6571428571428573,1.4857142857142858
R_2SAj1mdGune9od2,1.4,1.0
R_2Uc4R3lTId2uJwa,1.7941176470588236,1.7941176470588236
R_2tarb4ne4UCQEx3,2.235294117647059,2.235294117647059
R_3Eyw3GG8IVgvshJ,1.7714285714285714,1.542857142857143
R_3sp0k7XmbbD3gXm,1.1142857142857143,0.5428571428571428
R_332aCR9l2LbAeLD,1.5483870967741935,0.5161290322580645
R_2VdmXQhMEXboKWl,1.28125,0.96875
R_3oUf4TLhcGiKpPP,2.1142857142857143,2.1142857142857143
R_2U4rYPuxDWW0oXr,2.2,2.2
R_9YqEuXbpPecqovL,1.3636363636363635,1.303030303030303
R_pATWOnQqIqYciFH,1.6176470588235294,1.2647058823529411
R_1CI3OE2eeIubO7x,1.4,1.0
R_Z8KudQDlyHHFnJT,1.9411764705882353,0.7647058823529411
R_3IQuIt6NaSM1q5j,1.1714285714285715,0.9428571428571428
R_2U2UBpEmOYajyu4,1.2,1.1428571428571428
R_1QmY6RauwR5TLzT,1.7272727272727273,1.7272727272727273
R_2S8ET6z4UEL9GHe,1.1428571428571428,-0.2857142857142857
R_3HnLNtLasuGIwpg,1.6,1.3714285714285714
R_3EXwWevLG33PocH,1.6,1.2
R_2dZqvM1FyodSlal,1.2857142857142858,-0.02857142857142857
R_ZquQg6UPvF3f5HH,2.0,2.0
R_3NTZJoiyCEXBY9K,2.088235294117647,0.20588235294117646
R_2duu1x8JZMeKXRo,1.3142857142857143,0.9714285714285714
R_1kMoiHCPcAmGn05,1.4857142857142858,1.4285714285714286
R_2OYFe3Nn0weEfnA,1.4705882352941178,0.5294117647058824
R_DHkuniuI4mcUyjv,1.6571428571428573,1.4857142857142858
R_5d9w1hLGl0ii2I1,1.457142857142857,1.0571428571428572
R_2U584F6DmtIfOGr,2.375,2.375
R_1OPSzLyJI98T4YR,1.46875,1.40625
R_3posPrtto0Hx05I,1.878787878787879,1.878787878787879
R_3hgoiWMwJ2eYrgg,2.2,2.2
R_1nNGhY8mhK8qovp,1.09375,0.71875
R_1jVXHL6Oq814lAm,1.8857142857142857,1.8285714285714285
R_1PRIdhZE46Vxtdr,2.342857142857143,2.342857142857143
R_3kMS3DEmUdbH26J,1.4285714285714286,1.2142857142857142
R_1f8zgxYkc2XbF37,1.606060606060606,1.606060606060606
R_3dXnOC88XAKuE0F,1.4857142857142858,1.3142857142857143
R_begxEBPOHTuZlq9,2.2,2.2
R_1mKRPMAQxb5jlmk,1.9714285714285715,1.9714285714285715
R_2OOvsUTuxoJdlFV,1.0588235294117647,0.8235294117647058
R_BDHi2v6Tao6ECvT,1.5517241379310345,1.4137931034482758
R_3oNmuGs5E98FdGd,1.5294117647058822,0.9411764705882353
R_3RlKhiFc0iE0pkT,1.0285714285714285,-0.05714285714285714
R_1NlAFT8KbQzAD0p,1.6764705882352942,0.20588235294117646
R_2sasQpLQOjkkSql,1.5161290322580645,0.22580645161290322
R_3KpBuhu5GWC3jlM,1.6571428571428573,0.9714285714285714
R_2OHmpCYguFyhrf0,1.5294117647058822,1.2941176470588236
R_cx0wNy4oaRvnelb,1.1515151515151516,-0.36363636363636365
R_2B3a8dtwsB74xm2,1.1764705882352942,0.11764705882352941
R_3rTxgNTzSnm73mA,0.8,0.6285714285714286
R_22xKLf9L738tht1,1.0294117647058822,1.0294117647058822
R_6DSgnOfVjSVwzjX,1.411764705882353,0.7647058823529411
R_1hzDFe0qwc3N4Vo,1.2,0.8571428571428571
R_1hYKXQHSGTbHhFW,1.2727272727272727,1.0303030303030303
R_31YHm6VQFYK4azW,1.3714285714285714,0.9714285714285714
R_su7a5O5IwyDmkUx,1.2857142857142858,0.7142857142857143
R_2RalpTlonl7LheF,1.6285714285714286,1.2285714285714286
R_uqz6tmOVhzcGs93,0.9142857142857143,0.34285714285714286
R_2VrsCQHasYp7lN8,1.542857142857143,1.542857142857143
R_uh8l4PLyDfE77G1,1.4,1.4
R_2XbzgLGUshAZdyV,1.3428571428571427,1.1142857142857143
R_2ZEaXgTLZUQ87Lu,1.542857142857143,1.4285714285714286
R_6eUa9EzFeUr5CKJ,1.6470588235294117,1.588235294117647
R_2xPN8d1lcmKC3OH,0.9333333333333333,0.8666666666666667
R_1QhGFhCVnKNVFRm,1.1470588235294117,0.9117647058823529
R_3KxwXuR9vJ5eUq7,1.0869565217391304,0.9130434782608695
R_xGjrwqhzbNsEeYh,1.3142857142857143,0.17142857142857143
R_diNxCQn7oa867El,1.6571428571428573,1.6
R_3jUwnCPx1xe6O5v,1.7741935483870968,1.6451612903225807
R_3CNK2zKaDNn9Q9H,0.9714285714285714,0.34285714285714286
R_1n1GmJGIxWFVrS4,1.6285714285714286,1.1142857142857143
R_29ijEwJJyqioH0V,1.3333333333333333,0.9090909090909091
R_33EmnyfzYWoP0Dp,1.3448275862068966,1.2758620689655173
R_1o859WAU8ChYd1Q,1.7941176470588236,1.7941176470588236
R_2czoN4TGnUPucl2,1.2,1.1428571428571428
R_3GxnOxqJINMIaRg,1.4857142857142858,1.4857142857142858
R_2OYzod1onJdcHh6,1.5217391304347827,1.5217391304347827
R_22Wigpa3SRZFCSn,1.3714285714285714,1.0285714285714285
R_NWuHpbtkc9SbXj3,1.121212121212121,0.8787878787878788
R_eJ2BdKZMmMGG4U1,1.4285714285714286,0.8571428571428571
R_2tbv4hdBSIzc8tI,1.71875,1.71875
R_21Fh8j7MZkRK7rX,1.7058823529411764,1.7058823529411764
R_2S62kgUkRNGOy57,1.78125,1.78125
R_1Ld1IjrzmjTvZgC,1.2121212121212122,0.8484848484848485
R_1kZTtbXvHAbRN0z,2.0,2.0
R_R9UX5KdewNjNMC5,1.5769230769230769,1.5
R_1GZYooXoZQCKThh,1.8529411764705883,1.6176470588235294
R_24eiLPrt8zEJ8x2,0.9714285714285714,0.7428571428571429
R_2QyPpxUscfB3htG,1.6,1.6
R_zSVWqnZ0rZGCjaF,1.5142857142857142,1.5142857142857142
R_1LoKjCB0wmjohX6,1.4857142857142858,0.9714285714285714
R_3kv5VLUe21QtcG6,2.264705882352941,2.264705882352941
R_pzT1zlKmCWa6mPv,0.8484848484848485,0.42424242424242425
R_3LiOMQh6EPzXJ1A,1.2857142857142858,1.0571428571428572
R_vYzrS4suxTQJQml,1.3428571428571427,0.5428571428571428
R_1FKBPUio6dyay2I,1.2571428571428571,0.7428571428571429
R_2TYj9yZOiNedNaP,1.2941176470588236,0.8235294117647058
R_27jJtGLxrmFXPXU,1.6571428571428573,1.3714285714285714
R_2P6ZKb84LxwffQ6,1.8857142857142857,1.6571428571428573
R_12L6lzXYXfMM3xI,1.1428571428571428,0.5714285714285714
R_3HnbeBVaei668FR,0.8125,0.375
R_CjFOcfVWq0HQd2N,1.75,1.375
R_3Rwu6FWTkjETwvj,1.8571428571428572,1.8571428571428572
R_3PNvWgIuWyYseKm,1.1764705882352942,-0.29411764705882354
R_3fUyve7rUtc414y,1.125,1.0625
R_5njrgOgyEHI0Xhn,1.0,0.8857142857142857
R_3MS7b5IfyZt28r6,1.542857142857143,1.542857142857143
R_2PpOLmBx7hDlUnE,1.5172413793103448,-0.6896551724137931
R_3NTV7OWlXiUDQKw,1.0857142857142856,0.5714285714285714
R_1ITAiRCaWQiolOF,1.5142857142857142,1.1714285714285715
R_31Nut7JZ2eNrOIu,1.5714285714285714,0.4857142857142857
R_1K3xDrucJE71u8j,1.6764705882352942,1.6176470588235294
R_25tpawNGPf3ScfG,1.5714285714285714,1.5142857142857142
R_2ckqOFFzNjfOOWr,2.03125,1.84375
R_1H00PTKJaT84jWh,0.8571428571428571,0.4
R_3JdQEDMLr5cwqin,1.6363636363636365,1.3636363636363635
R_2BycJpWTmXvkKVk,1.3333333333333333,0.36363636363636365
R_2DMs7qSnXD0xEet,1.9142857142857144,1.7428571428571429
R_2fk3xfppiTH8iRC,1.088235294117647,0.6176470588235294
R_2bUcayhxQXArnEf,1.5333333333333334,1.2
R_79EDTAerVvQNZoB,1.542857142857143,1.4857142857142858
R_1I5ephu5x4i0qPS,1.3714285714285714,0.6285714285714286
R_0HrEdPUv57cAc3n,2.2,2.2
R_3g1whB1Vo9P02Dg,2.1,2.1
R_phHM1Zca5Zl9XEZ,2.085714285714286,2.085714285714286
R_1BRxAudWYRMC043,1.6571428571428573,1.4857142857142858
R_2EuzyqexVxT6R2s,1.2,0.34285714285714286
R_1ist5cW0dk8KYT0,2.4285714285714284,2.257142857142857
R_12FMlYTNzAFeWaR,1.3529411764705883,1.0
R_1OVJiycxOrnC86m,1.303030303030303,0.696969696969697
R_1gGFVB60rQMQUKM,1.7916666666666667,1.4583333333333333
R_111pZt1jAK0aIQF,1.6857142857142857,1.6285714285714286
R_1EalgP7Wb0ClIqy,1.4,1.2857142857142858
R_31vCjK2um8pTcaG,1.2352941176470589,-0.5294117647058824
R_bIso5lPuj2dC69r,1.0857142857142856,0.9142857142857143
R_OkwS5hQMeuJ8F2h,1.3235294117647058,1.1470588235294117
R_T6CymlqVRNf9I6l,1.3125,1.0625
R_3kuXUsKwKjl4N66,0.9705882352941176,0.6764705882352942
R_2Crbijj3gWvFyE3,1.0285714285714285,0.8571428571428571
R_RI967Fc5DiSfgXf,1.3428571428571427,0.9428571428571428
R_0MRUAPdm4VOMRBT,1.542857142857143,1.4857142857142858
R_80mXlk4KYEq9mZb,1.8181818181818181,1.8181818181818181
R_2CTziKTO4ryVvMj,1.6,1.4857142857142858
R_1g1Lndia5cVEgWx,1.5714285714285714,1.5714285714285714
R_28GrhnIkWPVDCE4,1.4545454545454546,1.4545454545454546
R_2f1fktQOtRIGO4B,1.0571428571428572,0.8857142857142857
R_3O2F6uLJpJpRmbJ,0.9428571428571428,0.7714285714285715
R_1C92scfssj6QbFF,1.8571428571428572,1.8571428571428572
R_Wx7nerrF1IHflfj,0.9705882352941176,0.029411764705882353
R_12Ra9eDU7gta0UO,0.8529411764705882,0.08823529411764706
R_3CS0vZHm6eaPWwh,1.3428571428571427,0.2
R_OPaFS4cSav36DCh,1.3714285714285714,0.05714285714285714
R_YbgNxThMuqH862Z,1.8181818181818181,1.8181818181818181
R_ZJfyk2M1YoPsrlL,1.6,1.1428571428571428
R_3O86AOkzyRyHcHD,1.2,0.5142857142857142
R_29nsibxOhwJeFof,1.1956521739130435,0.717391304347826
R_3Rqt19xvcixdIeL,1.6956521739130435,1.6956521739130435
R_1eCCkAxXhcpHDA8,1.5434782608695652,1.065217391304348
R_3rTEvi56dO76zqj,1.441860465116279,1.441860465116279
R_vc9BZWOmA20pRId,1.048780487804878,1.0
R_2yfrmKtd82yHyca,1.288888888888889,0.35555555555555557
R_307UVaqXfGpynJL,1.3043478260869565,0.7391304347826086
R_2uvn8LCRLIrBeVe,1.3695652173913044,1.108695652173913
R_2cqrSu6NuT44dLQ,1.2045454545454546,0.7954545454545454
R_3JrQ9sszmy5SW6c,2.0217391304347827,2.0217391304347827
R_3dL0P9aXW8DmTKF,1.4565217391304348,1.2391304347826086
R_2f3uwNb8pBxLS6D,1.4878048780487805,1.3414634146341464
R_7UwEFpkpjBfN3Lb,1.5681818181818181,1.5227272727272727
R_1rCDez77rIL8aMA,1.3043478260869565,1.0869565217391304
R_2qgAmGDvxc7iIH1,1.2222222222222223,1.0444444444444445
R_sHfYQVIFjCagWZP,1.3421052631578947,0.7631578947368421
R_21uAVT6YQrqhKHf,1.6956521739130435,1.6956521739130435
R_3EWRLtyebxdZDPw,2.0217391304347827,2.0217391304347827
R_1mW9o5mBFXM1BkR,1.434782608695652,1.391304347826087
R_a90Spjpc5cCovjb,1.2666666666666666,1.0888888888888888
R_1N93mDR726A2d9U,1.3043478260869565,1.2173913043478262
R_2Ufm4NGrwVZ3Iza,1.7826086956521738,1.7826086956521738
R_3s7auv3W7GRne2J,1.3111111111111111,1.1777777777777778
R_3OqwYKMGd956aZX,1.108695652173913,0.9782608695652174
R_1PdXXn95eI8qXJ8,1.6136363636363635,1.1590909090909092
R_2th5Q6gmcNMJOUF,1.558139534883721,1.0465116279069768
R_rpb3hdhLGQfV5jH,1.2619047619047619,-0.35714285714285715
R_3CC9mBDCoWPGF4g,1.2857142857142858,0.6666666666666666
R_3PZTdu8W5FYluXV,1.3409090909090908,0.3409090909090909
R_1DNKgZSV3Ai10co,1.372093023255814,-0.3488372093023256
R_10rBxJ0ZtUA3YPi,1.375,1.075
R_1QgdlEvHbChZDH1,1.8636363636363635,1.1363636363636365
R_33js2LxCgrLX3UW,1.5909090909090908,1.2272727272727273
R_301pobv6ioCgFRn,2.0697674418604652,2.0697674418604652
R_wM0mrPu5Z9Qd9N7,1.4545454545454546,1.2727272727272727
R_2sTqgXkDHNvccGL,1.5681818181818181,1.4772727272727273
R_3IX26SG7MFbBzix,1.8409090909090908,1.4318181818181819
R_BxiUsiYnsFygWzv,1.4545454545454546,0.09090909090909091
R_1OJgD1Hlwb8khu2,1.3409090909090908,1.0681818181818181
R_Tjw166ayUA0M51L,2.2954545454545454,2.2954545454545454
R_5uyjZAwLywlWvDj,1.8863636363636365,1.8409090909090908
R_3L0Sf1cwhdLXSz8,1.631578947368421,1.631578947368421
R_1KZnNJQJjYix5n3,1.4090909090909092,-0.09090909090909091
R_3pbDVlSAXfMQHxE,2.0952380952380953,1.8571428571428572
R_2Vjx3f5cxQ1DDWo,1.4772727272727273,1.3409090909090908
R_2bZAeckyPROa7B4,1.457142857142857,1.0
R_1rqzWERYLt1rWjv,1.7428571428571429,1.457142857142857
R_wMOa5rQEcJx8jct,0.8529411764705882,0.2647058823529412
R_22lcTa3bFcNGLTx,1.2857142857142858,-0.14285714285714285
R_2TKMHILyTH585v4,1.2857142857142858,-0.4857142857142857
R_1JLa1ZPET7dkpQ6,1.3428571428571427,1.2285714285714286
R_29aTSPyuUnGhW1z,1.0857142857142856,0.6285714285714286
R_2fpRLzhHKxh1P8A,1.3142857142857143,0.34285714285714286
R_21iAmwqrHT8u20H,1.0571428571428572,0.08571428571428572
R_2ckAAajUtmsuK4P,1.0857142857142856,0.22857142857142856
R_3fNqKLFImhCyPit,1.2857142857142858,0.08571428571428572
R_30q8MP7SRqrRZ1D,1.2571428571428571,0.6857142857142857
R_2xMpLe0Vaiq5kSn,1.4285714285714286,0.5714285714285714
R_Uy8JzMnRt6inIuB,0.9705882352941176,0.20588235294117646
R_2ivPp6N0yWSewAp,1.6285714285714286,1.6285714285714286
R_zeg0ZLc2l75nGRb,1.3333333333333333,1.037037037037037
R_11hnc9J1MpKQwK4,1.1142857142857143,0.3142857142857143
R_2sRMG2n9e741eOk,0.9714285714285714,-0.17142857142857143
R_2B5tpixzC8bbh56,0.9714285714285714,-0.11428571428571428
R_27EEv1YJFUoX31m,1.457142857142857,0.2
R_3CIXBg2huMWxab3,1.4285714285714286,0.05714285714285714
R_1jkWgiZmtQmxgZK,1.8,1.5714285714285714
R_1zcP90Aab4AgQvL,1.2857142857142858,1.1142857142857143
R_2fkyOIECpjb24rt,1.2352941176470589,0.6470588235294118
R_2EmJRGoV8E3H6D3,1.1515151515151516,0.8484848484848485
R_sGYvTK2ZHAcvsTT,1.3170731707317074,1.3170731707317074
R_1HkJ95nPpsRGZHK,1.175,-0.125
R_23Tqzi4RERR4gpr,1.1025641025641026,0.4358974358974359
R_74ArCndwUwFl8qJ,1.6097560975609757,1.5121951219512195
R_2CqBmnBAxhVQhWW,1.1951219512195121,1.048780487804878
R_1YAupzUp1USnG1P,1.2682926829268293,0.7317073170731707
R_22xji30ruOXnM25,1.2682926829268293,1.0731707317073171
R_bsjRHrerGnlHglj,1.4878048780487805,0.2682926829268293
R_3qD75HEgefhsZH5,1.146341463414634,1.146341463414634
R_2QmUdzF4gAXMEEe,1.368421052631579,1.3157894736842106
R_1jJrW6UaQBnhk9L,0.9,0.0
R_30jB3YyYT5rW0h0,1.736842105263158,1.5263157894736843
R_3jSPaftw33ozXab,1.1951219512195121,0.5609756097560976
R_1o14lCGfOOl5rYd,0.9166666666666666,0.4166666666666667
R_PXqp4pHSP0tQuxr,1.7435897435897436,-0.717948717948718
R_1mxFItLuuG2dMQx,1.2162162162162162,0.5675675675675675
R_3KIwQVqomkOFBJL,1.4634146341463414,0.0975609756097561
R_3p5QGVMPZwk5G3a,1.3658536585365855,1.2682926829268293
R_2X6ywFWvHeb07Z0,1.3658536585365855,1.2682926829268293
R_1n3I7T8jSSB9b21,1.3333333333333333,1.0
R_1E5JWrbaVr7zR7H,1.4864864864864864,1.2162162162162162
R_2ci0R6HfngncFct,1.6829268292682926,1.6829268292682926
R_2SrfjNbzRmQTmiw,0.9743589743589743,0.7692307692307693
R_3fjj5TK5usm54rU,1.0731707317073171,0.7317073170731707
R_2Qu3bxqTAGwxAiE,1.2571428571428571,0.8571428571428571
R_3KZ0nbxWYYYiph5,1.7428571428571429,1.457142857142857
R_Wxsuy2pFwa2p4fT,1.457142857142857,1.2285714285714286
R_25LBxve5Pkmj3XU,1.9142857142857144,1.3428571428571427
R_UQoD5U72axbTwaZ,1.2258064516129032,0.8387096774193549
R_cZnHvkdgXm7fa1z,1.4411764705882353,0.7352941176470589
R_SUg1IM9dcxp38zf,1.7142857142857142,1.6571428571428573
R_C4tOI4fvghxj9Dj,1.6285714285714286,0.4857142857142857
R_6L8nj2rZDld2609,1.3142857142857143,-0.05714285714285714
R_3kcQcYwXOPpzArq,1.3714285714285714,-0.5142857142857142
R_tRMjG4xdJrvYkbn,1.1379310344827587,0.7241379310344828
R_1BQuWQQheUWOzES,1.0571428571428572,0.5428571428571428
R_3Lba5UARBvcuhd4,1.411764705882353,1.2941176470588236
R_2thdz3HguNeWiwm,1.878787878787879,1.8181818181818181
R_6fM5ZOcQtpGeYSJ,1.9142857142857144,1.9142857142857144
R_3GCfwGc2KwbHlPR,1.1290322580645162,0.3548387096774194
R_2rvIXMCChcWZDTM,1.0285714285714285,0.5142857142857142
R_OANgz5f0Gn6emDD,1.1428571428571428,0.5142857142857142
R_3JgxcxpMfHyr4Y0,1.5294117647058822,0.4117647058823529
R_6tHMqPGt31mrmal,1.21875,-0.21875
R_1NfvjYA0joyfxZ5,1.8571428571428572,1.8571428571428572
R_2Sq882ORdXORaUM,1.6857142857142857,1.6857142857142857
R_Z97lPHArpAdtLHP,2.03125,2.03125
R_1nUR5CZ05NOfrte,1.35,1.05
R_2D8lwMXFpow6LhQ,1.5365853658536586,0.3170731707317073
R_2dR3rwc9rzBnTrI,1.6153846153846154,1.4615384615384615
R_2wt7QsGV7MySYJo,1.1538461538461537,0.28205128205128205
R_PNEQKKURCjK1Vtv,1.4054054054054055,0.6486486486486487
R_1IWPbvrtWsgPiyX,1.5365853658536586,1.5365853658536586
R_wTuQKAKWliOAehH,1.0,0.42105263157894735
R_3MzHsjoDmFZJ5Lq,1.4166666666666667,1.0833333333333333
R_1ZWXgwQmmplmSjf,1.0,-0.17073170731707318
R_2EABCYRlTMl43S2,1.146341463414634,-0.6097560975609756
R_ZlNSSrLLPI7DhlL,1.9024390243902438,1.7560975609756098
R_a9jw6r1HJCQHe9P,0.95,0.5
R_3KH0ac5auhLrLje,1.65,1.45
R_122Q0u6ELNAmPix,1.4634146341463414,1.4146341463414633
R_1n9E0bn6pU7FFVn,1.9024390243902438,1.8048780487804879
R_3EYKjH9k1qGpsY8,0.9736842105263158,0.02631578947368421
R_3DhI7uGixd4yx68,1.5365853658536586,0.07317073170731707
R_80mOvoH0MZpJ8EF,1.205128205128205,0.28205128205128205
R_3qvQI1tqTCQJv0W,1.358974358974359,1.3076923076923077
R_3oXB1tEBixGOD0r,1.5588235294117647,0.9117647058823529
R_2Tq9GfdbxALpPlz,1.4137931034482758,1.3448275862068966
R_R7Us1yltWAQtthn,1.1282051282051282,0.9743589743589743
R_RaIElBqwy0a0Mnf,1.5263157894736843,-0.3684210526315789
R_27fKqPFngdWca4F,1.1176470588235294,0.5294117647058824
R_2CyveRzbZsr4mb2,1.631578947368421,1.631578947368421
R_1LujcPQKzDmM2Id,1.263157894736842,0.8947368421052632
R_2OHgbdalWEBe3mc,1.631578947368421,1.631578947368421
R_BXOKTlYJRjPzLSV,1.5789473684210527,1.5789473684210527
R_2UXcgPVZN8mLsdD,1.5526315789473684,0.868421052631579
R_9Hpww8XJjsF9b1f,1.763157894736842,1.7105263157894737
R_2DUjyImuErc6MCf,1.6666666666666667,1.6666666666666667
R_3lMIxGtK0AbVQbY,1.5,0.16666666666666666
R_3FJbELzD9tEY388,0.868421052631579,0.8157894736842105
R_2X4EFL1OgKoqNdr,1.4594594594594594,1.3513513513513513
R_b30IY2ifw0wcl4l,1.4473684210526316,1.131578947368421
R_x9tkmFr0jSDm6jf,1.6486486486486487,0.5135135135135135
R_22AdkBT0C61fqxe,1.972972972972973,1.972972972972973
R_UWmMrvsG7AfPi2B,1.7027027027027026,-1.5405405405405406
R_07EVuCrrv9iU7kd,1.4210526315789473,1.1578947368421053
R_1LcJpAWlAKFEGM4,1.6842105263157894,1.6842105263157894
R_D7uYDEtz5T5IvC1,1.394736842105263,-0.13157894736842105
R_1dnrj553XmJJpqE,1.837837837837838,1.7837837837837838
R_1nO8bZ8UNnFQL2e,1.7894736842105263,1.7894736842105263
R_3PS2ZKhngZk4JIO,1.6578947368421053,1.605263157894737
R_1Cwpfs1fwk93usV,1.588235294117647,1.2352941176470589
R_1rlxC00OSkrzNKT,1.394736842105263,0.5526315789473685
R_OCN9miBCCIhgkHT,1.34375,0.15625
R_3QWCpAva7diOzl2,1.457142857142857,0.2
R_23gbzOOL5BgeS12,2.142857142857143,2.142857142857143
R_3HiEu06GJNevi5R,1.5142857142857142,-0.2
R_1M0amfj7rOPhAE9,1.9714285714285715,1.9142857142857144
R_3MunVPxEYaafIXE,1.5714285714285714,0.2
R_1j9a2FaZNoYS3kk,1.4705882352941178,1.2352941176470589
R_RaDOKeliC97kF2N,1.6857142857142857,1.1142857142857143
R_2Pu5mznU2qCE9GV,1.6285714285714286,1.457142857142857
R_1hEyWU0zaHXFdFG,1.542857142857143,1.3714285714285714
R_1IA8KdjyFvYdnX7,1.2941176470588236,1.1176470588235294
R_2aUG84gRcg7As9s,1.5588235294117647,1.1470588235294117
R_3L6Vg4ckPJLoc1D,1.6428571428571428,1.0714285714285714
R_2rGeg9ukGKnTJLl,1.2941176470588236,0.5294117647058824
R_3GE3wL6XL9guW5e,0.9428571428571428,0.6571428571428571
R_x3OobpIS8uY5aqR,2.323529411764706,2.323529411764706
R_31vf6mNNGwhWY1b,2.2285714285714286,2.2285714285714286
R_1GUkK2fztNkVPzv,1.6,1.0285714285714285
R_3lzxRnRGPgz7xQl,1.7714285714285714,1.4857142857142858
R_240J2EcO7pRa7M0,1.6176470588235294,0.4411764705882353
R_ehrhEV4pJcqBdrb,1.5142857142857142,1.2857142857142858
R_1K87olfUqHSh72v,1.6176470588235294,1.4411764705882353
R_2e4l1suOlFWc0jg,1.2285714285714286,0.2571428571428571
R_3kzc0SsTt3LSMZK,1.5,-0.5588235294117647
R_1d6x7sNF0EwBKxB,1.8387096774193548,1.5161290322580645
R_3RgajNhtHlzBC1w,1.5714285714285714,1.2857142857142858
R_10TujHBM4tmFeRR,1.7714285714285714,1.6
R_24OwgAHB6pT3cWC,1.4242424242424243,0.8181818181818182
R_2TH0a8MMudG67AI,1.2285714285714286,1.0
R_3MhY1bdAEKvb47l,1.542857142857143,1.2571428571428571
R_2XpJcWxpy4unX2r,1.0857142857142856,0.45714285714285713
R_2YWKNWXeGHztE9e,2.0303030303030303,1.9696969696969697
R_ptIHxaWyrsHAcal,2.057142857142857,1.9428571428571428
R_10SI0Zvw1LOlOrG,1.7575757575757576,1.696969696969697
R_2dWQPubRKS7sJsg,1.3448275862068966,1.206896551724138
R_1Ka44AQokiT8Uuv,1.8181818181818181,1.7575757575757576
R_3Lj38xRB8C1Urc1,1.542857142857143,1.4285714285714286
R_2YnRvf1xQJH2sGM,1.5,1.4333333333333333
R_cu3P9uKXcsqLL6F,1.4193548387096775,1.4193548387096775
R_2CZhgJ96c8KDOAZ,1.8823529411764706,1.8823529411764706
R_2vjGQhNjtXzBlm2,1.9142857142857144,1.0571428571428572
R_332WmMC952t4zLK,2.6857142857142855,2.6857142857142855
R_2bZ9JTYnXkSDVWG,2.1470588235294117,1.9705882352941178
R_2rkZ4e56qrJtYOD,2.4705882352941178,2.4705882352941178
R_eKCUbglNixhP7Fv,2.0,1.7142857142857142
R_3D0cvh3mksm0pcf,0.8666666666666667,0.4
R_C8Exz0hxdy1PvgJ,1.088235294117647,1.0294117647058822
R_zeC4CXukv6kGk5b,1.5714285714285714,1.2857142857142858
R_1CftX8rIoE7y1fc,1.8,1.6285714285714286
R_e4gf7yViZxnSdmp,1.2857142857142858,-0.2571428571428571
R_29nehH6VcmxTjDb,1.1142857142857143,0.8857142857142857
R_AjtkW8ddT4sYBlT,1.3428571428571427,1.1714285714285715
R_2yezRNcFUspiQjZ,1.3714285714285714,1.3714285714285714
R_1ITbKN9iiBQNfHm,1.3428571428571427,0.02857142857142857
R_1DpU236uV6imHhy,1.3142857142857143,1.2571428571428571
R_2cupuI6ixrkFT2N,1.3428571428571427,1.1142857142857143
R_wLRM1XK31QsiuaJ,1.0909090909090908,0.6060606060606061
R_1jTKfwetKL2wiCB,1.5714285714285714,-0.37142857142857144
R_PYWCtAiq8JjMDZf,1.0303030303030303,0.36363636363636365
R_cUZESDFjulTNsUV,1.9696969696969697,1.7878787878787878
R_2sBJA9yhV6mUPtf,1.4444444444444444,1.0
R_2b3GUkzZeGcYiFv,1.7714285714285714,1.7142857142857142
R_3Jw5T4J23vamsSh,1.7714285714285714,1.7142857142857142
R_1Qgsm6LnN68t69j,2.0285714285714285,2.0285714285714285
R_3kFzsUYUzUCqeb5,1.6571428571428573,1.4857142857142858
R_2urDIBPHtSBZZdk,1.121212121212121,0.5757575757575758
R_1rks52A7PBH9s25,1.457142857142857,1.0
R_AoOBZgnU5ZuuL0R,1.2857142857142858,-0.2
R_QboPInkwKbrdNOV,1.5714285714285714,1.5714285714285714
R_32W7KeUCCyUgj1L,1.8,1.8
R_tPujJhoc90PmnPb,1.5909090909090908,1.5909090909090908
R_1FOJvzGfBFOSEtT,1.4186046511627908,0.9534883720930233
R_6fz4DuhdNhTRO1j,1.1363636363636365,0.09090909090909091
R_2fDKVFIbXtcRxas,1.4736842105263157,1.1578947368421053
R_1jjp2b0pRJ4aQGD,1.25,1.2045454545454546
R_1rcyjDCswh0g4fF,1.6046511627906976,1.2790697674418605
R_w7972OqUM0w5m1j,1.7560975609756098,1.7073170731707317
R_1OpDZs6mSEWC0k0,1.4318181818181819,1.3409090909090908
R_1C1mnbTmbO5uxxw,1.1951219512195121,1.0
R_2atSrz3KEOE7Wsw,1.4285714285714286,1.2380952380952381
R_3kc5xvhmr2nZQiw,1.6046511627906976,1.6046511627906976
R_2xxbfN0PVCXqbR7,1.1162790697674418,0.7906976744186046
R_ZlfX7bwjpnfJCet,1.7073170731707317,1.7073170731707317
R_1IF0UFaLXgupvIT,1.0930232558139534,1.0465116279069768
R_6rIqRJ6yXKTaNzz,1.2954545454545454,1.1136363636363635
R_ufdKpg3O1Qa1Ka5,1.9318181818181819,1.9318181818181819
R_2Vqqe5sxwaIafzQ,1.225,0.875
R_2w1wPSEzrTIC2Fj,1.7045454545454546,1.7045454545454546
R_3PGpydqzTXZ6Ub8,1.186046511627907,1.1395348837209303
R_yDr8xqX5MMkea4h,1.4390243902439024,1.3414634146341464
R_3COVRmFPzAn5fIm,1.75,1.75
R_2z8PAnwZAFCQ2Rs,1.8888888888888888,1.8333333333333333
R_28TFOcRmz1fr8Ea,1.4090909090909092,1.2727272727272727
R_511HLMC907WcwBH,1.8285714285714285,1.0285714285714285
R_3CVHhrKZ4UbHRR8,1.2727272727272727,0.6666666666666666
R_3HAEQlxUc3simry,1.0810810810810811,0.43243243243243246
R_3kuObiFIERxxqzD,1.394736842105263,0.07894736842105263
R_338wnOfXaqvChDX,1.6842105263157894,1.6842105263157894
R_1eKmcGQNSZ070v5,1.7297297297297298,1.5135135135135136
R_3OpsldJWcjCgCmq,1.1578947368421053,0.631578947368421
R_CmPeaHpyaJsNyg1,1.0571428571428572,0.2571428571428571
R_3FVS386lDCcwPzg,1.131578947368421,0.9210526315789473
R_yvHOm43Tilu0YOR,1.3783783783783783,1.0
R_VKkjcW2Fr8n4d33,1.9393939393939394,1.878787878787879
R_2wcOB3K0kU9ik2t,1.8421052631578947,1.6842105263157894
R_1EWFC1SV7gIDIkJ,1.4473684210526316,0.7105263157894737
R_1LwdJbYQRDjQSLd,1.2894736842105263,0.7631578947368421
R_2tgtCHc7VpomBqB,2.1315789473684212,2.1315789473684212
R_12eTSBqtZbveEzc,1.7105263157894737,1.5526315789473684
R_9vG07jUh3gTqtd7,1.605263157894737,1.1842105263157894
R_5AQsnlax10DZ0lz,1.9473684210526316,1.9473684210526316
R_2CVwaTczjvTDw9m,1.8157894736842106,1.7105263157894737
R_3m4PG1NW4ECa4gP,1.868421052631579,1.868421052631579
R_1lizDfykuNKoB36,1.625,1.375
R_3hooomTEipbL5hY,1.5833333333333333,1.5833333333333333
R_2dFPX8rU2I22jcx,1.3428571428571427,0.7714285714285715
R_33dpyeR5U40hyXi,1.4166666666666667,1.1666666666666667
R_3fZ45LcOVKAP1Lx,1.542857142857143,0.8
R_pEi0B3JBh7oL9uN,2.0,2.0
R_T5DCTgrvLLmhmNj,2.235294117647059,2.235294117647059
R_Z4Zyj6hUwOOXoFH,1.542857142857143,1.2571428571428571
R_3O2iLp6IHAbyfRN,2.085714285714286,2.0285714285714285
R_6nEH3EAQGah6woh,1.4,0.7142857142857143
R_Anu5TpE6zLc3tTP,1.8285714285714285,1.7142857142857142
R_2AXV3sDMsOaiRga,1.6,1.2571428571428571
R_r85qVexEyh7QpsB,1.8,1.8
R_8oaVTn763z9fU4N,1.9411764705882353,1.9411764705882353
R_Zn7N2XnRUMy5fbz,1.3714285714285714,1.2
R_UbyJte5rmwOjBe1,1.588235294117647,1.411764705882353
R_2CdqjaxI6J8k72W,2.212121212121212,2.212121212121212
R_3e8qBv9h5Dsoo7I,2.3823529411764706,2.3823529411764706
R_1eQTRhTJbOoVz9s,2.3714285714285714,2.3714285714285714
R_XMr2wUIo8ZshsD7,1.4857142857142858,1.2
R_2tFmUHy4hZjuTsH,1.8,1.8
R_5sxbuZfuWeHmbiV,1.878787878787879,1.393939393939394
R_zUuyqGjz5tXRtRf,1.121212121212121,0.696969696969697
R_3kLCjfn1IFfrbVA,2.085714285714286,2.085714285714286
R_2Vx2vlvBay6c0HO,0.9117647058823529,0.38235294117647056
R_3g7RVio5eruUUEl,1.1666666666666667,0.3
R_2P25bSPY8KNKg9L,0.8571428571428571,0.22857142857142856
R_3NBX5IKNQTNRTBv,1.5588235294117647,1.2058823529411764
R_2ZTQAqCPMSy5OxN,1.2857142857142858,1.0
R_sjIRCeowv8Pl1lv,1.0833333333333333,0.5833333333333334
R_2VqFh518Fqw1JOg,1.3548387096774193,1.1612903225806452
R_1mWMU0lvAFH6GpB,1.3142857142857143,0.5142857142857142
R_1flMWOvHKPE75YY,2.0,2.0
R_1hBi2t5v13kDh7f,1.4411764705882353,0.9705882352941176
R_3R41WKKV4S8lWKE,2.1142857142857143,2.1142857142857143
R_1Ne5zQ8PwY5FFDl,2.0,1.9166666666666667
R_21Fc33l9L1IEMOH,1.6,1.0857142857142856
R_bvCkwhuJ8wKgC09,2.40625,2.40625
R_2wSUkiGkeaTlvlx,1.0857142857142856,0.34285714285714286
R_1NmoWgaPuOQ0mXh,1.1142857142857143,-0.6
R_3WVsXwmPWpr4c3D,2.2285714285714286,2.2285714285714286
R_1Kj92iV6mZGkqrM,1.6,0.9714285714285714
R_1f9o3yGw4h1YdGT,1.7428571428571429,1.6857142857142857
R_1Nf4SJlx6yGjx2g,1.8285714285714285,1.4285714285714286
R_2wtMWLYAyv04g9M,1.2285714285714286,0.42857142857142855
R_31bDV8kmCKRqesk,1.6470588235294117,1.1176470588235294
R_2ANGK4jl7Uydf47,1.0,0.37142857142857144
R_3oRgDqtapRGc5mg,2.057142857142857,2.057142857142857
R_2UXeLLtt7Iak9Dn,1.3428571428571427,0.02857142857142857
R_p67kD8SkpWseCLT,1.6,0.9142857142857143
R_2fbvZZ3WFOaY9eV,1.4516129032258065,1.3870967741935485
R_3MLsd34KAKCgCtm,1.8,1.7428571428571429
R_2c6Cefn8fauNbZP,0.9090909090909091,0.12121212121212122
R_brOLDFIzvANS9WN,2.0,1.8461538461538463
R_1QmSd94szjzNHkY,1.5,-0.125
R_11dpVlzpABeIFq4,1.3428571428571427,-0.9428571428571428
R_D2yySwxG5xePsYx,1.90625,1.71875
R_2eaSX1pKYSpkQFk,1.8666666666666667,1.3333333333333333
R_2XbNI3alsHVbyOX,1.6571428571428573,1.1428571428571428
R_tSe2iBZGejau3rr,1.9428571428571428,1.9428571428571428
R_2ClGDuHJUeJef3B,2.3714285714285714,2.3714285714285714
R_Cl7FLk7rvqUJ6KJ,2.3714285714285714,2.3714285714285714
R_1KeSu7dlTos6HCA,1.542857142857143,1.3714285714285714
R_1IhN6SvWarp1pLj,1.5142857142857142,1.0
R_1kYPYNJ7r3sMVu4,1.6857142857142857,0.6571428571428571
R_24JloDYxBAPiX6k,1.7714285714285714,1.2571428571428571
R_3JCZUg71bNCIYuJ,2.242424242424242,2.1818181818181817
R_1r3pV73LvP8W0oK,2.235294117647059,1.7647058823529411
R_vlcdvVeG11KMuTT,1.7428571428571429,1.6285714285714286
R_1pYl0fUaYc5bqqo,1.8157894736842106,1.605263157894737
R_enUBLvL0yzAg2Q1,1.8108108108108107,1.4324324324324325
R_1gHLbhLXHZj94w0,1.1111111111111112,1.0
R_RUERJFcQN6xFcNH,1.606060606060606,0.5757575757575758
R_NWtjZthN1YAxgAh,1.394736842105263,1.236842105263158
R_33fHCSMectCicJT,1.4210526315789473,0.8947368421052632
R_1CdQf01xgtUHrjB,1.394736842105263,1.2894736842105263
R_3k0nxLZNeXhiUe9,1.6111111111111112,1.1666666666666667
R_2V2uqNr0Oys2LjY,1.3421052631578947,1.2894736842105263
R_2EHwcsJMmIbuoI8,1.5789473684210527,1.5789473684210527
R_voSIeH3huZygeOJ,1.9393939393939394,1.9393939393939394
R_1oheNwUIjw8wMII,1.5454545454545454,1.4242424242424243
R_2RQh5iWe2sCT9vr,1.588235294117647,1.588235294117647
R_3qwVWyNEM7iynUj,2.1315789473684212,2.1315789473684212
R_2du1IqA8XzOz1uR,1.6296296296296295,1.6296296296296295
R_3iwMddBcTWfKBhy,1.1388888888888888,1.0277777777777777
R_Rw3SAyZSkDKSVKF,2.236842105263158,2.236842105263158
R_2ciKRE8vKtyodpo,1.631578947368421,1.631578947368421
R_0Jo7SIRQYBCmocF,1.2894736842105263,0.9736842105263158
R_3oMWkKgLKj08gT7,1.5526315789473684,1.2894736842105263
R_est8hoWRufWqn97,1.9411764705882353,1.9411764705882353
R_3PXCTYfuXDzfPio,2.236842105263158,2.236842105263158
R_yIlvK9jnYKAdrPz,1.1944444444444444,1.1944444444444444
R_3F1Z7Wwe56oJ71A,0.9736842105263158,0.18421052631578946
R_12nBil6HzjTErBs,1.0444444444444445,0.9555555555555556
R_1gnJLtLtSNB1DHi,1.7391304347826086,1.4782608695652173
R_2XiFoSWhsUBbmxe,1.0952380952380953,0.6190476190476191
R_2DM0Ksd7ZXEfrj7,1.4130434782608696,0.5869565217391305
R_2ClXZXNZi22ub4j,2.391304347826087,2.391304347826087
R_2Tnl4hVYksxYGUS,1.326086956521739,0.8043478260869565
R_e3AbXEwXrpKjfod,1.3478260869565217,1.1304347826086956
R_1HtVVN0zmIuu9ot,1.119047619047619,0.7857142857142857
R_2EB4laEbrTjggFe,1.6904761904761905,1.5476190476190477
R_1CehoXVafo1bG9U,1.2926829268292683,1.2926829268292683
R_yPXPNxDZpW875vz,1.8695652173913044,1.8695652173913044
R_2zvxS6mchVk57SX,1.6511627906976745,1.6046511627906976
R_3KIVCWFyzAAs4C1,2.391304347826087,2.391304347826087
R_bjfwd01vJDyspNv,0.9782608695652174,0.3695652173913043
R_1kHTNJjuRoCyn5O,1.4,1.3555555555555556
R_2B3P24Hht2nTpem,1.4782608695652173,1.434782608695652
R_23digQdJ3bovOrP,2.347826086956522,2.347826086956522
R_3dYypcVrUCLBcDh,2.130434782608696,2.130434782608696
R_2tsthVlr58QSkA0,1.1111111111111112,0.6666666666666666
R_2aDJgDmKhAO6OtB,1.9565217391304348,1.608695652173913
R_3oFJMXIFOqlgAq9,0.6956521739130435,0.43478260869565216
R_3P7uDYwVdaeTcbB,1.391304347826087,1.2173913043478262
R_1OWh9y4ktPhl3Cz,1.2954545454545454,0.1590909090909091
R_1lif6MfuoIhDVPW,1.1891891891891893,-0.16216216216216217
R_1eLYfoAQcsyvEI9,1.5769230769230769,0.6538461538461539
R_2i3xbN31bR2DU0p,1.0526315789473684,-0.05263157894736842
R_1IMA7xzHRVcl4p2,1.5,0.8333333333333334
R_2PveDngGiCfKEz2,0.9210526315789473,0.4473684210526316
R_3lMQfevVXF92md5,1.2777777777777777,1.1111111111111112
R_1OVtheETFr0a6mH,1.4324324324324325,0.5135135135135135
R_3O1wIRqrl0Tj6Qc,1.5789473684210527,1.1578947368421053
R_Z3pEGX7pE0bbmud,1.6666666666666667,1.6111111111111112
R_xzmWHSVa8uypbnH,1.5142857142857142,1.457142857142857
R_7QcqhkheStr2Ei5,2.2972972972972974,2.2972972972972974
R_25NlE2S63VtdebE,2.1578947368421053,2.1578947368421053
R_2cdNidRY0Wfan33,1.5,1.0555555555555556
R_6R8a7kgvSlpR5K1,2.3947368421052633,2.3947368421052633
R_PXKM5S3DDhBcP6N,1.263157894736842,0.0
R_ewB63RET0AVY4UN,1.4,0.5428571428571428
R_3ENlCbodKzrtR7R,1.5789473684210527,1.368421052631579
R_22PrpZy4L9AE5S8,2.0526315789473686,1.9473684210526316
R_0UoRQwU52oYuF4l,1.3333333333333333,1.0
R_1QMXLEMCh9c7MUH,1.2105263157894737,0.3157894736842105
R_24bIB3JVnxiNp6M,1.6285714285714286,1.3428571428571427
R_aY0llDwAYIgv37X,1.105263157894737,0.10526315789473684
R_1lcs5hxXUMVpGlR,1.4375,0.3125
R_2zPlsZDbpat2l1M,1.3823529411764706,1.2058823529411764
R_1EXU6oMbfZYmhHQ,1.3333333333333333,0.6666666666666666
R_1ruIP3KIMY9lQJW,1.3142857142857143,1.0857142857142856
R_ve6TyHbiKLapLq1,1.2285714285714286,-0.08571428571428572
R_3NEVQbPGvXZgNaO,1.6,1.2
R_3FXQZ96qs4hDmFW,1.2857142857142858,1.2285714285714286
R_3qZI3UoRmkvrKLT,1.9714285714285715,1.9714285714285715
R_1DOssToerY3hjX8,1.0294117647058822,0.14705882352941177
R_25zoqWob9aWKKks,1.7352941176470589,1.5588235294117647
R_tFgYjwxrZa0u5wt,1.3870967741935485,0.8709677419354839
R_1eWTDiaoxmsoMxP,1.2058823529411764,-0.3235294117647059
R_32VzGyigLIXzoPp,1.0571428571428572,0.37142857142857144
R_31cKZ2vFpzjPPnj,1.2941176470588236,1.0
R_2e2L2Ahp9QXCQrS,1.3428571428571427,0.2
R_6L2dMq9Ml5qe62t,1.0857142857142856,-0.05714285714285714
R_2trgVCjL6VEOWye,0.9142857142857143,0.5142857142857142
R_2wBq0NDujaOiCsK,1.457142857142857,1.0
R_2TpiJNWq9KYhB2F,1.542857142857143,1.1428571428571428
R_3iIsJAxexDWbyQx,1.4857142857142858,1.3142857142857143
R_2AMcHme2zkcHm2X,1.3636363636363635,1.0606060606060606
R_1nZNboEeFh5pTEc,1.5714285714285714,0.42857142857142855
R_3hc3cPDEDfKn0fT,1.7105263157894737,1.4473684210526316
R_2YOZlBaA4tiIm8S,2.0526315789473686,2.0526315789473686
R_2Qfb30riIoFuw6f,1.4054054054054055,-0.43243243243243246
R_1BWAjHjdCkn9PAV,2.026315789473684,2.026315789473684
R_2rUsMQXJum3GevE,1.6842105263157894,1.368421052631579
R_3EiO2XIA9vDcKea,1.903225806451613,1.903225806451613
R_1F4l1TXO0tdRz7T,1.131578947368421,0.5526315789473685
R_3gSp7SmWRLQjnal,1.5294117647058822,0.11764705882352941
R_1K7SRVlYH8i7H0B,1.394736842105263,1.236842105263158
R_2xYteR8oHrg4tJK,1.5294117647058822,1.5294117647058822
R_1d7dBQV815NI9jF,1.5,1.1111111111111112
R_2yq2TGs1aaXvJKh,1.394736842105263,0.18421052631578946
R_24GaSZLwHf4f5UN,1.3157894736842106,0.42105263157894735
R_0Ap4o4zDiTO8ipH,1.5833333333333333,1.1944444444444444
R_AGKX8f82XJ2deH7,1.6666666666666667,1.5555555555555556
R_3fZhxPElxIaIs5l,1.2894736842105263,0.34210526315789475
R_2VL168VfkzCmYQ4,2.0526315789473686,2.0526315789473686
R_1K2SDFG49VMRUHH,1.4864864864864864,0.35135135135135137
R_1dphXnvurE89Ydc,1.4736842105263157,1.0
R_3EXWULoD1WIzQJQ,1.4210526315789473,1.105263157894737
R_2wH7nI7pr4GLlFq,1.5,0.8529411764705882
R_3JxvwNdHPFnjrMv,2.0526315789473686,2.0526315789473686
R_cIMytAlgwfl0l33,1.605263157894737,0.9210526315789473
R_1IRXiOBU4rY42oY,2.026315789473684,2.026315789473684
R_DFRwYV7xjk3GK8V,1.3636363636363635,0.09090909090909091
R_2Srar3OPjhPTw8L,1.4166666666666667,-0.9166666666666666
R_2ePgEJa3CKtVJDE,1.3157894736842106,0.47368421052631576
R_OdmO0c8DlnxEpTr,1.3421052631578947,0.8157894736842105
R_2bOEIHiOcmwk75I,2.324324324324324,2.324324324324324
R_3luDAKsUXmbj1wC,1.605263157894737,1.605263157894737
R_33efFTwE0sLSYie,1.9473684210526316,1.9473684210526316
R_2cpb5PWdsFMmyX8,0.9736842105263158,0.13157894736842105
R_3MDWIShvcerVV5q,1.5789473684210527,1.4210526315789473
R_31uRFZ7Gdg9Xelz,1.6944444444444444,0.9722222222222222
R_1k0KFyuXSK9cwUq,1.5945945945945945,0.35135135135135137
R_3iwpG8AiQ3MaV23,1.4864864864864864,1.2162162162162162
R_2D0jpLVsFqPlcM0,2.263157894736842,2.263157894736842
R_PSWTYnrUVX0trBD,1.7714285714285714,1.7714285714285714
R_1QuSHpVXC3FYFUz,1.5,1.1842105263157894
R_p9RXBfCXBSG2PBL,1.4324324324324325,0.8918918918918919
R_3CVmE31dTD2P4m8,1.6486486486486487,0.8378378378378378
R_1NqPxov7diAcptv,1.605263157894737,1.1842105263157894
R_vCZnTlmSsAJXz69,1.3243243243243243,0.9459459459459459
R_3qOncsC05oWoabg,1.2894736842105263,-0.5
R_1GJNvTvEj666zvH,1.7297297297297298,1.2972972972972974
R_2t059WUEEKlDiGF,1.4210526315789473,1.4210526315789473
R_1IAikg6nLpFfYyK,1.3714285714285714,-1.1428571428571428
R_3fLcBrv2h7KIuJP,1.4,0.4857142857142857
R_1mwq7YiGplPhdCw,0.7142857142857143,0.37142857142857144
R_2ATMKorXtMyM6e4,1.0571428571428572,-0.6571428571428571
R_2fj7a0ytMag1NYX,0.8529411764705882,0.6176470588235294
R_2zPheM42IkNaORn,1.7428571428571429,1.6285714285714286
R_3Gvoj9HIv9dz1OG,1.1428571428571428,1.1428571428571428
R_3hAaFHDJy4sVYHH,1.2857142857142858,-1.0
R_3jdjDoqQ3N7QFhd,0.7647058823529411,0.17647058823529413
R_1BQTFqdm0cysYDW,1.9428571428571428,1.9428571428571428
R_Qi6R5VA9J46CCTn,1.1428571428571428,0.2857142857142857
R_p5caJpRlqqUGTM5,1.6571428571428573,-0.17142857142857143
R_3IQTh0p10wDrL08,1.5151515151515151,0.9696969696969697
R_2EELT9V7NXKpRR4,1.8571428571428572,1.8571428571428572
R_3e1X3zqOLSeGhhI,1.4,-0.9428571428571428
R_3G0wiQRSIMPc39k,1.4666666666666666,1.4666666666666666
R_3PprpyjPKvv5CRa,1.9428571428571428,1.9428571428571428
R_6yQQmvDEuIbC4AF,1.4848484848484849,1.303030303030303
R_3KHqDbzdAqqVtMs,0.9142857142857143,-0.6285714285714286
R_2wSqCxnZL37QV86,1.5151515151515151,-1.3333333333333333
R_3dYebNWHAqR8RQZ,1.9428571428571428,1.9428571428571428
R_Om2xwiqDSR6Ib3H,1.9142857142857144,1.9142857142857144
R_3gLbNOpx46lsyq6,1.8571428571428572,1.8571428571428572
R_3dEeemx3SOT6d3I,1.4137931034482758,0.8620689655172413
R_2cuU8IoqlL64aBa,1.5151515151515151,1.393939393939394
R_ZEPLopDgXponhjH,1.40625,1.40625
R_1li3jOfPE2pVhA6,1.3529411764705883,1.3529411764705883
R_2pPRYaA7XoBSoK5,1.2285714285714286,0.6571428571428571
R_1joKnD8VpWDJcIh,1.5714285714285714,1.457142857142857
R_xxslLMPKk8wgLpD,1.2,1.0285714285714285
R_p5hxd9srrrddCLL,1.542857142857143,-0.5714285714285714
R_5yTVThwZzz0taSZ,1.2285714285714286,1.1714285714285715
R_UKHopurGp7X2qoV,1.1142857142857143,0.02857142857142857
R_22yQSqNIWJ3SNKF,1.3529411764705883,1.2352941176470589
R_3khSclHhVXG7Pbi,0.9714285714285714,0.6857142857142857
R_2tuvkG83JnP5wCM,1.5714285714285714,1.5714285714285714
R_2tEbnAHz82BW2gb,1.1142857142857143,0.2571428571428571
R_1KkiWnmlz7MFKMG,1.6285714285714286,1.5714285714285714
R_2D8G5x72xFarqX0,1.8333333333333333,1.8333333333333333
R_tJRe1Q99Vve1yGl,1.3142857142857143,1.0857142857142856
R_p0HwfvAtWKKoN9L,1.6571428571428573,1.542857142857143
R_1pG5FXsAx94YRcJ,1.3142857142857143,1.2
R_2wNtGp6rpgDHyWC,2.1142857142857143,2.1142857142857143
R_NXcGNWBq4VvHcR3,1.3714285714285714,0.34285714285714286
R_3GrCsSgiZ2Df12e,1.75,1.1875
R_1QMHJknyH1wem9i,1.6571428571428573,1.2571428571428571
R_1IZyYfV1ESiXQTq,2.057142857142857,2.057142857142857
R_2Ww2QgFBusRAB4R,1.7714285714285714,-0.34285714285714286
R_pQbSYuf5zlxSuBj,1.3529411764705883,0.8235294117647058
R_6R7wfnPA85JG5Hz,1.4411764705882353,1.2647058823529411
R_9HOyay495y3ja9j,1.0,0.28
R_Dwpewozeafl4e1X,1.3142857142857143,1.2571428571428571
R_BFas5KnBEZPzEc1,1.2857142857142858,1.1142857142857143
R_3MxwNmoajHN0D5D,1.393939393939394,0.9090909090909091
R_279iQn9Y0jKGuVc,1.3142857142857143,0.5714285714285714
R_1FafOTKlAsKanM6,1.4285714285714286,1.2
R_2ScPNxf9p0JOgzu,2.0285714285714285,2.0285714285714285
R_xbBptqTJxGdusrD,1.8,0.6571428571428571
R_24OiKweEMXhgMS6,1.6,1.0857142857142856
R_3iCLPXBDwVuO98t,1.4285714285714286,0.8
R_Aaoa4jXlxkFMsfv,1.3142857142857143,0.8571428571428571
R_21srJR7sr1MbsP0,1.6285714285714286,1.2285714285714286
R_2P5OHM8rVZ9J794,1.4,0.2
R_1lc96wGMmjiCmCv,1.2352941176470589,0.7647058823529411
R_5BB4B45DydiCTOV,1.7105263157894737,1.5526315789473684
R_3Ma5epCAum1h1ZK,1.4864864864864864,-0.35135135135135137
R_1M4GE1XWwdC2Uqp,2.3157894736842106,2.3157894736842106
R_1Lhg9jrvJn41wdT,1.0,-0.02702702702702703
R_2mc1ZcVqDm9l32h,1.3157894736842106,0.8421052631578947
R_1OIF2XcX2EoVQ7T,1.394736842105263,1.1842105263157894
R_2zG4bGbH5UN85YV,1.3513513513513513,0.7027027027027027
R_ub4gKR4UKRiJXkB,1.631578947368421,1.368421052631579
R_1QKRREyxPdCJLkR,1.236842105263158,1.236842105263158
R_cSWt6iaBwi9a5Vv,1.9333333333333333,1.6
R_2agefuhT0wVopaj,1.6216216216216217,1.4594594594594594
R_3fq5uw3ZlsY6Y9M,1.8,1.5714285714285714
R_Z1wIWAP5nJ8mnfj,1.5,0.9736842105263158
R_1NCZKglme0rZQ6n,1.7105263157894737,1.6578947368421053
R_Xh8Rp6ppK1xcE5r,0.7894736842105263,-0.42105263157894735
R_2t3YG3b8QzDIpSj,2.0526315789473686,2.0
R_50VztJIvRV8acuZ,2.0789473684210527,1.9736842105263157
R_1jeO0XrxZGmAAGi,0.9210526315789473,0.7105263157894737
R_2xSs9H60ABjPY89,1.763157894736842,1.0263157894736843
R_1o07HF92aCZKyS8,1.9210526315789473,1.2894736842105263
R_3ESWgmulnFStnHM,1.5945945945945945,1.4864864864864864
R_3oYKKmivbfZSohF,1.3421052631578947,1.1842105263157894
R_2TSkVyIEvZEZhRQ,1.263157894736842,1.105263157894737
R_2a99jSFvRjaEaTy,1.1395348837209303,0.813953488372093
R_3kGiGQSc4moLBwv,1.4285714285714286,-0.19047619047619047
R_2TENelIbRuadUq1,1.6046511627906976,0.4418604651162791
R_1qX8yI7u3mjZirO,2.0,1.9534883720930232
R_3O2ejcdieEDYZqx,1.457142857142857,1.1142857142857143
R_1FEBojBM1DFiS0k,1.5116279069767442,1.372093023255814
R_3EcYdPkZqTppIgC,1.302325581395349,1.2093023255813953
R_1OUpZfU8VRpDFBc,1.1538461538461537,-0.1794871794871795
R_27TJNPUKh7638Sd,1.6046511627906976,1.4651162790697674
R_1mO5ypuiarUaKqO,1.4186046511627908,1.2790697674418605
R_27mzWa8DB8dhw6X,1.6046511627906976,1.3255813953488371
R_2trssk3hPhQxHD3,0.9285714285714286,0.6428571428571429
R_bkiUfJTamGyESeB,1.7209302325581395,1.7209302325581395
R_2VxsyB6L9aggwKI,1.5121951219512195,1.2682926829268293
R_3JmWf5pNYZGSLSw,1.0256410256410255,0.5641025641025641
R_1fZNjLdvazXE3vd,1.4047619047619047,1.2619047619047619
R_2c6f6kw48m54y7G,1.5348837209302326,1.255813953488372
R_1gwqchK3JuqvcqM,1.2790697674418605,1.0465116279069768
R_2TuAjtnJ9KY2Ba7,1.7209302325581395,1.7209302325581395
R_3JK91pfOHGWxDYB,1.558139534883721,1.186046511627907
R_1GVQk5BWDk88iAH,1.375,1.025
R_UbdS46Lecu2aaGt,1.0930232558139534,0.627906976744186
R_1GWwEji0gLkMWCX,1.7906976744186047,1.558139534883721
R_6gtRLQcK0M4crOp,1.368421052631579,0.631578947368421
R_3PnqcbLGwvNMU86,1.393939393939394,1.2727272727272727
R_2tEYWFXqGPQvHOZ,1.263157894736842,0.05263157894736842
R_3kNAMz3k3El3AJo,1.2105263157894737,0.631578947368421
R_2dPY6kvrYRyENtB,1.131578947368421,0.9210526315789473
R_33rwgOjk40t2zqY,1.2105263157894737,0.3157894736842105
R_SC93jEfM0CTtHJD,1.1428571428571428,0.8571428571428571
R_2v5GxujKjHfMuPh,1.263157894736842,1.0
R_3fC6pCUinvTue3n,1.0,0.7297297297297297
R_RmGDW86MxN4vAiJ,1.4666666666666666,1.0
R_1FfhislcBleZwMJ,1.4210526315789473,1.0
R_3PjdO6grT6LmKLr,1.605263157894737,1.605263157894737
R_2D8o5clucw9neLI,1.2105263157894737,0.7894736842105263
R_3n1bIXG23HcPEuG,1.9166666666666667,1.9166666666666667
R_3lJrbZDFws5vZaJ,1.1111111111111112,0.3333333333333333
R_12y8xRBMiNzKElY,1.894736842105263,1.894736842105263
R_3I3rojOZAKISCks,1.2647058823529411,1.0294117647058822
R_w183X3wUSmCtHUd,1.3421052631578947,1.131578947368421
R_2zoNe6x4rdwXQvS,1.1842105263157894,1.0263157894736843
R_3g7ALOWm45SgI1K,1.0789473684210527,0.34210526315789475
R_1lmWpolZE0vSNPY,1.3478260869565217,0.6521739130434783
R_POEfjhnXbWKhgRj,1.8421052631578947,1.8421052631578947
R_1DArBF96pUAoMoO,1.5405405405405406,1.4324324324324325
R_sTDsELwncX3vZG9,1.40625,0.78125
R_Xijmvo6PKSeHvC9,1.2432432432432432,0.21621621621621623
R_2ZKazjRim3B6Lil,1.4666666666666666,0.6666666666666666
R_6PyZ0rF6rVN8v2p,1.8055555555555556,1.6944444444444444
R_3s4TCOoLGJM0enq,2.090909090909091,2.090909090909091
R_42V2JKayeHzAIQ9,1.3243243243243243,0.40540540540540543
R_216eLH8bXQUtFDM,2.0,1.945945945945946
R_e5oIn3cHYcHofdL,1.394736842105263,1.131578947368421
R_Tqu6nS59qsXV985,1.368421052631579,0.42105263157894735
R_301d6o8k0L8MMZO,1.1578947368421053,0.47368421052631576
R_6YcGoFO6rAhS4MN,2.1842105263157894,2.0789473684210527
R_3rYWpuHPmMN2fF5,2.323529411764706,1.7941176470588236
R_1DFNLVDaryhfx17,1.9736842105263157,1.9736842105263157
R_1Qfn4oE0zbJCrlc,1.4594594594594594,1.3513513513513513
R_29vr3KNMpB7QwOH,0.8947368421052632,-0.05263157894736842
R_2907jHdkNUA8J21,1.5675675675675675,1.2432432432432432
R_UfnwpA4xbVRikhP,2.289473684210526,2.289473684210526
R_3E9Got0Oa0MUywU,1.3243243243243243,0.5135135135135135
R_24DYaJOJcA9r9zH,2.0526315789473686,2.0526315789473686
R_22sSiQp7jbIuNVT,0.9210526315789473,0.23684210526315788
R_cGwJtGVQat3n64p,1.4473684210526316,-0.5526315789473685
R_2us3iFaZeYi56Ho,2.2916666666666665,2.2916666666666665
R_3prHmIQx3vBEEq9,1.9189189189189189,1.9189189189189189
R_3ndUl8A7uNaJyei,1.542857142857143,0.5714285714285714
R_3NVWJplXqBXlrE2,1.4473684210526316,1.236842105263158
R_2QRiWSf8fytgXC9,1.7560975609756098,1.170731707317073
R_wRylIhrU1NZ0HN7,1.7317073170731707,1.7317073170731707
R_2s5XwPdJsh6CKm7,1.2926829268292683,0.2682926829268293
R_2s15JXqiaIKDEH9,1.2682926829268293,1.0731707317073171
R_24IAIwk5mDTpq5U,1.170731707317073,0.8780487804878049
R_Q073awYIEIfjkyt,1.725,1.725
R_Y60v33lWWn3fax3,1.0731707317073171,-0.0975609756097561
R_1CkBvw7lZxW5CEl,1.5,1.4
R_1PXAY2Qyu6b8dQT,1.7419354838709677,1.6774193548387097
R_1ePEKvK7XhZxinT,1.2,0.25
R_OoLRQaMKH0KAT4J,1.5588235294117647,1.5588235294117647
R_3JtwxktGEooDiNI,1.105263157894737,0.5789473684210527
R_DqagC1AxhHUz4jf,1.2222222222222223,1.2222222222222223
R_1ruWs92N3FngRTq,1.175,-0.325
R_3EmQfsAVmtZLUaz,1.5365853658536586,0.5609756097560976
R_ZCQ8KnRNx5CWbM5,1.1875,0.6875
R_2bPJM5yUo2ucGgc,1.075,1.025
R_2SuhFu4JCOemI4U,1.829268292682927,1.829268292682927
R_1g1kp1sJr0TcMfu,1.5609756097560976,1.170731707317073
R_1MS6tjc5L3ToKLm,1.0769230769230769,0.8205128205128205
R_XjgxuTDBDbp7ujT,1.2105263157894737,0.0
R_3qvXCUyhqigB4yC,1.1951219512195121,0.8536585365853658
R_2WwN5bIChsAzBrt,1.5526315789473684,1.2894736842105263
R_1o83ud1ShVE47DB,1.054054054054054,0.8918918918918919
R_tZ0bfjlgsWCQYNP,1.4444444444444444,1.2222222222222223
R_rrx9IrbjvMD4Y49,1.2,0.9142857142857143
R_1Oqm89ad1ZQ8ph9,1.4242424242424243,1.0606060606060606
R_3J4qvIZiHtGvMMb,1.8,1.7333333333333334
R_1H06DgNaAGATpyy,1.303030303030303,0.6363636363636364
R_2aPvA3nu18TF4TU,1.1612903225806452,0.12903225806451613
R_1Hoz3kQ86XLdJsf,1.1875,-0.375
R_2bJDHHusxqtIRH1,1.3142857142857143,0.9142857142857143
R_30bGUVGWkgcyRVv,1.34375,1.34375
R_2E4q85r2P83PXPh,1.7419354838709677,1.7419354838709677
R_1fmhwPflf70yJhO,1.1142857142857143,0.8857142857142857
R_3qJr9245aVDoSv3,1.1428571428571428,0.45714285714285713
R_2dAR1dtIMtZnxay,2.1714285714285713,2.1714285714285713
R_RjWIMqM2oQdjhqV,2.057142857142857,2.057142857142857
R_1CINCpSOdFSfRnb,0.896551724137931,0.6206896551724138
R_1KxPW93gQr7eTBV,1.457142857142857,1.4
R_1cUGnpUq9D8z1T0,2.342857142857143,2.342857142857143
R_269eVilGyNlYZvL,1.1428571428571428,0.6857142857142857
R_2vekIhUxwaIasCd,2.3714285714285714,2.2
R_2AM469hj8v2RTM2,1.46875,1.34375
R_3JlKAxSmGMK47Av,1.1428571428571428,0.9714285714285714
R_1NqCslNp5QzwAq0,1.5714285714285714,1.457142857142857
R_2bIhlA17lhDwXoF,1.3636363636363635,0.45454545454545453
R_1K1Mj0UzhKQ3ccF,0.96875,0.65625
R_2tFfUwEWAVcvPwJ,1.5357142857142858,1.3928571428571428
R_1LHFDdBNHQ8fMBk,1.5789473684210527,-0.7368421052631579
R_3GBVPLRzGMYwqnP,1.368421052631579,1.0
R_2ASyUqwkjzlMelN,1.763157894736842,1.763157894736842
R_2OHJnM3OWqGLgAC,1.4864864864864864,1.2702702702702702
R_2fJN9GWxnNPuRqu,1.5789473684210527,0.9473684210526315
R_2VjStE6CPBrLf6i,1.6470588235294117,1.411764705882353
R_1ojsifRWGv7vM34,1.1891891891891893,0.7027027027027027
R_2tsr0K3KQqOxRON,1.6842105263157894,1.263157894736842
R_1Kqp8UcUwIxHJd8,1.894736842105263,1.8421052631578947
R_3feBDPYqcNCc6op,1.1842105263157894,0.7105263157894737
R_2tlobfpVnJpmsh8,1.1714285714285715,1.0571428571428572
R_rpB3QnYAKiIx85P,1.736842105263158,1.4210526315789473
R_pLTJZp22I5vzdkZ,1.3888888888888888,1.3888888888888888
R_1HkQ7ryUUNSEe2R,1.3243243243243243,1.162162162162162
R_TttY1KCK0BfwqZ3,1.1578947368421053,-0.5263157894736842
R_2OILHr0ygqWRE2W,1.6842105263157894,1.6842105263157894
R_6LjxyzMLS2vAOlj,1.2162162162162162,-0.13513513513513514
R_2AYgPs54BTIJ2ti,1.054054054054054,0.24324324324324326
R_3qHZOlCLFOkEHji,1.8857142857142857,0.9714285714285714
R_27vqz5MLBVnchfO,1.8421052631578947,1.736842105263158
R_QiwS4HvZGzcMaXL,1.1578947368421053,0.5263157894736842
R_1mrUT0XeEtfcIO8,1.5675675675675675,1.3513513513513513
R_1Isi39CfpHJihf0,1.868421052631579,1.868421052631579
R_dpCmUtQGo4LHpgB,1.1578947368421053,0.47368421052631576
R_3FLPMh6B8ePs7RR,1.1388888888888888,0.1388888888888889
R_3mltH9NVLtzs9SZ,1.5789473684210527,1.4736842105263157
R_214Kr6XImocKuNl,1.2105263157894737,1.0526315789473684
R_1HnOaN81URnNeqt,1.5263157894736843,1.5263157894736843
R_1CgoorlzhW2l5vl,0.9736842105263158,0.07894736842105263
R_1rlxkgEftPsBTD2,1.394736842105263,1.131578947368421
R_ONlstOMKdC8D5aV,1.3157894736842106,0.6842105263157895
R_uf53VA2TcmkGx1f,1.0526315789473684,0.15789473684210525
R_6yXJfsoncJyk5W1,1.105263157894737,0.21052631578947367
R_1hS71b2c5kWmM1d,1.5454545454545454,1.3636363636363635
R_9EVOmmjWjJlRSIV,1.631578947368421,1.3157894736842106
R_2TBnXPW9BQmFzuf,0.8648648648648649,0.5405405405405406
R_31gdWXwOBlqUNb3,1.2894736842105263,0.18421052631578946
R_3fTaivWBHJF7lbc,2.3421052631578947,2.3421052631578947
R_3GwEJmezTOwn5xn,2.0,1.7297297297297298
R_sMTz9JVD1UAs89j,1.263157894736842,0.42105263157894735
R_1JORsfxOYopsbgF,1.2972972972972974,0.3783783783783784
R_28S7dQSoA2CGFDn,1.4054054054054055,0.7567567567567568
R_3snTEziRDQbI042,1.2352941176470589,0.9411764705882353
R_3ikU1mQf1uTYqmc,1.972972972972973,1.972972972972973
R_3EszIJiRe99TvLl,1.236842105263158,0.6052631578947368
R_Uge5u18yMoxHORH,1.3513513513513513,0.5405405405405406
R_1mrNHwhmElCGzZa,1.2105263157894737,0.10526315789473684
R_2Yxnd0UKZhdDkB8,1.236842105263158,1.0263157894736843
R_3kq3mDGHZvpBTAC,0.9428571428571428,0.4857142857142857
R_3it1gLi62bJGOPT,1.3333333333333333,1.1515151515151516
R_2qq3nm85KXEgxCK,2.0,2.0
R_8BpwxKnLYicMVS9,1.5526315789473684,1.5
R_3gM0VOqkxCiCtiJ,1.3157894736842106,1.3157894736842106
R_3QS1DiP2ubF1UoO,1.2105263157894737,0.5263157894736842
R_1MK8cP9OwdRBmww,2.0789473684210527,2.0789473684210527
R_6nS1uPe848Cf6et,1.894736842105263,1.8421052631578947
R_2TLV08niNsG7J8p,1.394736842105263,-0.23684210526315788
R_1HpcEUcaESfAhlI,1.054054054054054,0.7837837837837838
R_XMvsOwj1Wvx0Pv3,1.0555555555555556,0.8888888888888888
R_1qUl86GxgHqEz86,1.2222222222222223,0.2222222222222222
R_vYwC1WQ5stM3gLn,1.4210526315789473,1.368421052631579
R_2tbc6OneJJFvhmW,1.3783783783783783,1.3243243243243243
R_3JmwVdLGswPiI5F,1.4230769230769231,1.3461538461538463
R_10HltU4JQnIF53s,1.736842105263158,1.368421052631579
R_3FRuZ8tZShcx8rq,1.5263157894736843,1.368421052631579
R_2Qxp5lkNDaKeU6B,1.394736842105263,1.0263157894736843
R_1Ns8tYbkQOT9Jxl,1.25,1.25
R_ZxjExzS7kjPOAlr,1.1891891891891893,0.918918918918919
R_XHCPKsjIKlCt4JP,1.6216216216216217,1.5675675675675675
R_1mL87trW9hRv9Bc,1.5945945945945945,1.162162162162162
R_SDbQq4UpR3HOqvn,1.7878787878787878,1.606060606060606
R_oZBhCou1VdK7qlX,1.5789473684210527,1.368421052631579
R_2QoAkDDoTpjhF7S,1.763157894736842,1.1842105263157894
R_2VrnkamAcOiWen2,1.5,1.0789473684210527
R_2xJmnYQuFfBUGzp,2.1315789473684212,1.9210526315789473
R_1i3R8JarQGDS1kK,0.9090909090909091,0.5454545454545454
R_qJT1wamfGZexJ2p,1.5789473684210527,1.105263157894737
R_AG2VqG3r8pRk8X7,1.763157894736842,1.763157894736842
R_3qjNy2aqK7rE5z5,1.5526315789473684,1.4473684210526316
R_2VI3psLsR9uXfyA,1.375,0.041666666666666664
R_d0bL3FBuiZ1iiR3,1.1875,0.4375
R_1LetqgwxajObXhw,1.5833333333333333,1.0833333333333333
R_3JC2LrUuuW6xgMX,1.9210526315789473,1.9210526315789473
R_Uh9zBQU3LQ3yYYF,1.34375,0.65625
R_RqLY21foeNtGINj,1.878787878787879,1.7575757575757576
R_SYGslfn0bKwlkbL,1.1818181818181819,0.8787878787878788
R_3PsJZU5vZDEDw0f,1.5789473684210527,1.2105263157894737
R_3HhpYBiQU80l7uo,1.5405405405405406,1.2162162162162162
R_2s57RnD75wanLls,1.394736842105263,1.0263157894736843
R_43cS4Vrwz5V2Gdj,2.36,2.12
R_1QLNQRqVwa8YwUG,1.2105263157894737,1.0526315789473684
R_3p5SN63Y4OcCHO6,1.0833333333333333,0.6944444444444444
R_p3DEQdZ2MQzKhsR,1.2195121951219512,0.6341463414634146
R_3EKKf33P1uK6tBl,0.975609756097561,0.24390243902439024
R_3nfuj8E4C0PvesJ,1.6097560975609757,1.4146341463414633
R_12bQxpHzfZNeAvv,1.5121951219512195,0.6341463414634146
R_SVJYAHvirTGvjMd,1.5853658536585367,1.5365853658536586
R_1K9Y7wiiBON16ci,1.146341463414634,0.9024390243902439
R_BG5kVGaOehatGQF,1.3414634146341464,1.0975609756097562
R_2R1G8ibkIf0zAKk,1.170731707317073,0.43902439024390244
R_1NCTjmRBKLE1gtI,1.1,-0.15
R_2s0x1k3qeQqkbxy,1.170731707317073,0.24390243902439024
R_1CqCDQGbTJx5oTy,1.5,1.5
R_3n8cQ6791wPQskY,0.7804878048780488,0.2926829268292683
R_1GPsOakYkJ2pq4E,1.4054054054054055,1.1891891891891893
R_2D7SaqTVoEUVXqy,2.107142857142857,2.107142857142857
R_3aSM6z3MOwGwMzD,2.1219512195121952,2.1219512195121952
R_29uhHLFFbq7WO7C,1.4390243902439024,1.2439024390243902
R_1hZqHnPU7dw6u9W,1.4634146341463414,1.4634146341463414
R_3F3dboGX6yEw0Cd,1.3414634146341464,0.7560975609756098
R_1DqY3suzcmjXkoA,1.4444444444444444,1.2777777777777777
R_2xQxePpMgPO8Y6p,1.4634146341463414,1.3658536585365855
R_3RgyxgWvZBV1ovk,1.1951219512195121,1.0975609756097562
R_vdalsFGuROTIjpn,1.1891891891891893,1.0810810810810811
R_9vInJWuOWYlbBsJ,1.2571428571428571,0.17142857142857143
R_3dWUyg6IzO1Q0KM,2.0,1.7142857142857142
R_3JkJJVuOvcHg2O6,1.78125,1.71875
R_79uLePIGeRPkcg1,1.6,1.0857142857142856
R_2f9WfFdMqvKsEG9,1.0,0.5428571428571428
R_0oom44vlGAGMruN,2.103448275862069,2.0344827586206895
R_2uvwjpETUtCpmgg,2.0303030303030303,1.9090909090909092
R_3Hq5sPuhWfiSzgy,1.6571428571428573,1.6
R_SAAz80gbumY2Ig1,2.2857142857142856,2.2857142857142856
R_29tgoZWNKQeQA3B,1.457142857142857,1.1142857142857143
R_1f2TlrnIAshxR3l,1.7714285714285714,1.4857142857142858
R_2agacMAWHQdvoaS,1.9714285714285715,1.9714285714285715
R_3mgC4sgbDEwzOQv,2.3142857142857145,1.5714285714285714
R_qRsR7C2Yt5UiuXL,1.6857142857142857,1.457142857142857
R_2uCyjLcQlCawTOr,1.8285714285714285,1.8285714285714285
R_1lcMzgdW3iwNkPl,2.142857142857143,2.142857142857143
R_0fC005uI6zelQXf,1.8857142857142857,1.8285714285714285
R_3oBGtSUBjRnaRSo,1.34375,1.03125
R_1msfw8SEkKqjWAO,1.6470588235294117,1.4705882352941178
R_2uwVXHxMvTeKdJQ,1.4285714285714286,0.22857142857142856
R_31yC7pok2vIBcXL,2.1818181818181817,2.0606060606060606
R_4MVtYlO5TW1voxb,1.2058823529411764,0.6764705882352942
R_3HSnO6ab3aPToHa,2.2857142857142856,2.2857142857142856
R_3fMJO3qEjMcxaAF,1.3142857142857143,-0.5714285714285714
R_2AL7KUKrDyIap0t,1.7878787878787878,1.0
R_1k04kRX2w7BbUEw,1.4285714285714286,1.4285714285714286
R_3g7ce1xb4BAJ1YV,2.161290322580645,2.161290322580645
R_3rTYZGThItlGt2h,1.7307692307692308,1.1923076923076923
R_TcpeXNw2O2S6P5f,1.3428571428571427,0.6
R_33fNgFbVqfSgT5c,2.235294117647059,1.8823529411764706
R_1jqYNcmJ690NojD,1.2121212121212122,0.9090909090909091
R_z0AkIzNIztr9jfb,1.8571428571428572,1.8
R_tZ25FFYGwEC0U5b,2.5142857142857142,2.5142857142857142
R_1jJ5nUvqmUTAq7Q,1.7428571428571429,1.5714285714285714
R_x3LrBLfyaTfnjdT,2.0285714285714285,1.9714285714285715
R_3imcnQxZT7WdxWo,2.096774193548387,1.7741935483870968
R_1MuUFneQS24pNx7,1.2857142857142858,0.3142857142857143
R_Ug4cUGyONaBJG81,2.1666666666666665,2.1666666666666665
R_23fosG1ANmfOKnK,1.6470588235294117,1.6470588235294117
R_2zBhszzHIdni6UX,2.125,2.125
R_5ojV8QCpEVKMFtn,1.1627906976744187,1.0232558139534884
R_2q1SIX8LbnQmFIR,1.2,0.9
R_ApTjxdSe55HyhRD,1.0731707317073171,0.8780487804878049
R_AL3r6kb4i45M0vL,1.2325581395348837,0.3488372093023256
R_2UXXtSvmrNUHe0P,1.1388888888888888,1.0277777777777777
R_plOIlE2WidAlEuB,1.1395348837209303,0.6744186046511628
R_10YIaqaYaDYaLzD,1.4883720930232558,1.4883720930232558
R_22Q4FfTuRdqqhaj,1.1162790697674418,-0.13953488372093023
R_C1RqxGJU52bzjzz,1.255813953488372,0.5581395348837209
R_1MSvQUyzk3ne18n,1.6764705882352942,1.1470588235294117
R_6GrS2nQFKagybDP,1.2093023255813953,0.9767441860465116
R_2dYpovhCLQEPuKB,1.375,0.175
R_4ORieLFihtnLyXn,1.302325581395349,1.255813953488372
R_1kOAHxxLGjZIgMC,1.8604651162790697,1.8604651162790697
R_2uqeBoDRScbW3d0,1.3255813953488371,0.4883720930232558
R_2xwLmeDd2gev5jO,1.186046511627907,1.1395348837209303
R_8c6RXOMDIrJrmJH,0.8837209302325582,0.5116279069767442
R_BrCBYGEq8biSzol,1.2325581395348837,0.6744186046511628
R_pav3hxdCe73TOj7,1.5813953488372092,0.6976744186046512
R_1JUyAi0yPrcnEFc,1.2857142857142858,1.2285714285714286
R_3KCJYd3vDK3ePPE,1.7906976744186047,1.7906976744186047
R_Og8IeDwoQgqfusp,1.162162162162162,1.054054054054054
R_1IsAdoo3iD8UQo2,1.2058823529411764,-0.20588235294117646
R_1pyWlOTz6gRkfHD,1.7647058823529411,0.8823529411764706
R_2uZL8xiygrFyXtO,1.65625,1.59375
R_Ab1v68UVpcCyF5n,2.1470588235294117,2.1470588235294117
R_12Kdw0CKKDCsTc1,2.142857142857143,2.142857142857143
R_1DoJ0nwvdwuE4f4,2.1176470588235294,1.9411764705882353
R_2WBk44562eRhGYF,2.757575757575758,2.757575757575758
R_5C1438cm29oh8gF,1.411764705882353,1.2352941176470589
R_qPcqpL3tMJqZgnn,1.4857142857142858,1.0285714285714285
R_3PKXARABW4DEs3j,1.3823529411764706,1.2058823529411764
R_3iq0hDxOy2Y1hbw,1.8,1.6857142857142857
R_2s4O8V4skMwTDtw,1.0571428571428572,0.8857142857142857
R_1LXzdSt9xxLfhac,1.6470588235294117,1.3529411764705883
R_3KqM8kCLgno29PO,1.5714285714285714,1.457142857142857
R_30eFOZOE34IJbf7,1.3823529411764706,0.9117647058823529
R_2xMmBZN31hFdMZr,1.6176470588235294,0.7941176470588235
R_1gpFppP7UdftHae,2.0,1.8285714285714285
R_UxXEB35ZFoqteIF,2.7037037037037037,2.6296296296296298
R_5BDrlfE1R57f8WZ,1.1818181818181819,1.121212121212121
R_Qi9GYl6BmW50toJ,1.2592592592592593,0.7407407407407407
R_3psxH0rpPeWjI5f,2.0,1.7894736842105263
R_bOuaTgFfTeELx61,2.289473684210526,1.236842105263158
R_12zmMtcTxt8tf3m,1.5517241379310345,1.206896551724138
R_2gwbXUUQ9Cxwmn7,1.368421052631579,0.3157894736842105
R_26bzkM2pK9nzZq5,2.0833333333333335,1.5833333333333333
R_T7LYtfi1EneLrgJ,1.631578947368421,0.5263157894736842
R_2B5sV44TG0SryUn,1.5555555555555556,1.2777777777777777
R_2QR3id0DfXNADqg,1.368421052631579,0.3684210526315789
R_24AC3KAckeSSlKX,1.9736842105263157,0.8157894736842105
R_ym67XDShYNn0b6h,1.3428571428571427,1.1714285714285715
R_1lbhxwRj0Sa086G,1.8148148148148149,0.7777777777777778
R_bNlnZGS3M4oq1MJ,1.6666666666666667,1.6666666666666667
R_1oqk40NjRCKw0Bf,2.096774193548387,1.903225806451613
R_2E3GZiRRQG8w9n3,1.5135135135135136,1.2432432432432432
R_UPWqHri9I7155kd,2.4473684210526314,2.4473684210526314
R_1gIIEryhUjvrJF7,1.236842105263158,0.8157894736842105
R_3MDVt9k1w39vvmv,1.394736842105263,1.131578947368421
R_WjPDJAR00jlkRTb,1.9210526315789473,1.0789473684210527
R_125C5r6hQ4GFVKt,1.5526315789473684,1.394736842105263
R_1mwNJU5vsBETcdN,1.3157894736842106,0.9473684210526315
R_10vZrpyWEijiGX6,1.1842105263157894,0.39473684210526316
R_2nKbL4AS7yUT8xr,1.054054054054054,0.2972972972972973
R_3gS0gq5nLzieR5K,1.4285714285714286,0.6857142857142857
R_2qdTLHigT1GvNl9,1.9090909090909092,1.4242424242424243
R_b9klIvCujXPoiml,1.6,0.45714285714285713
R_1exeqrbfidefIUr,1.696969696969697,1.6363636363636365
R_1q9PM9GHmRFII6k,1.411764705882353,1.2352941176470589
R_2rqj3VyLTtbSmmg,1.8857142857142857,1.8857142857142857
R_DTucgVc5vZMKHf3,1.4705882352941178,1.4705882352941178
R_3P6nZzlE2NwdyAR,1.0857142857142856,0.6857142857142857
R_323XybOdcs05MFN,1.5294117647058822,1.2941176470588236
R_23ahKt2rCMimNlz,2.1142857142857143,2.1142857142857143
R_3qIJwEJOTx9CEoh,1.5142857142857142,1.4
R_tEbaXE2DRQIb1V7,1.8,1.5714285714285714
R_qPVYB9D7888N3VL,1.6857142857142857,1.6285714285714286
R_1kNwd5EiKoYhUD8,1.3870967741935485,0.8064516129032258
R_3qU48uCepvzWqK4,1.2857142857142858,1.0
R_3COe2YG5VnKE9b6,2.0588235294117645,2.0588235294117645
R_1OVNNSSIzj50kZH,2.1714285714285713,2.0
R_1gFvQeUd7vdFHIs,1.5714285714285714,1.3428571428571427
R_1C3CBOR28snn7Sd,1.8285714285714285,1.3714285714285714
R_2wiy1iEqZ1Tvs0a,1.4411764705882353,0.9117647058823529
R_1BQvedPYC6Az0cW,1.2285714285714286,0.6571428571428571
R_2UcqUZg5kTgcIVH,1.5357142857142858,1.4642857142857142
R_2wuc7dDp2au0BzC,1.7419354838709677,1.5483870967741935
R_xDYkor6L53dLnXz,1.3142857142857143,1.1428571428571428
R_TuQAcWBk9sD7zJ7,1.027027027027027,-0.10810810810810811
R_3LaT34Ju4vVludC,1.4736842105263157,1.368421052631579
R_3jcfFKFIHJNV2Cf,1.3157894736842106,1.2105263157894737
R_yOWYuV8Oq5hLzPj,1.3157894736842106,-0.10526315789473684
R_2zOveGk0hMBaUoK,1.236842105263158,1.0789473684210527
R_2ZOhc9OcLPfli3p,1.457142857142857,1.4
R_2tu3mcaxg1noyp5,1.0263157894736843,0.7631578947368421
R_3Ey7qW3fo46rBJk,1.605263157894737,-1.605263157894737
R_3KSEU78CsuENZNs,0.7837837837837838,0.7837837837837838
R_AFCAbTQHoX9TtsZ,1.1470588235294117,0.8529411764705882
R_WqS0cByZ3GKHA9H,0.918918918918919,0.8648648648648649
R_cCOQGrsKGKStO5X,1.3142857142857143,1.3142857142857143
R_2tePMLQud7H8bYe,0.6571428571428571,-0.37142857142857144
R_1BVl1E11Wi3jdpO,1.3421052631578947,-1.236842105263158
R_3O6Liz40nOB3YUo,1.105263157894737,-0.3684210526315789
R_1ImcJwHMDKIsD9O,1.6578947368421053,1.6578947368421053
R_1PeeXtsyVRvjXwn,0.868421052631579,0.4473684210526316
R_x9RcCsaTGec9YUV,1.7894736842105263,1.7894736842105263
R_3r3cd7vgJNCYHuz,1.0,0.5135135135135135
R_2dosj73le47jFnB,0.9736842105263158,0.5
R_3iWgtPM0n6Q3xP8,0.9210526315789473,0.6052631578947368
R_AMNgUcbi25lCEQV,1.4864864864864864,1.4864864864864864
R_2YQvnc2z6jlEGwe,1.25,0.3125
R_3CPIB9Qk0GrcyyW,1.0333333333333334,0.6333333333333333
R_2rMGF3hIl6lMpD0,1.131578947368421,0.5
R_2rYJIPWTvnCXmXc,1.2432432432432432,1.135135135135135
R_1H2y6zxuZkmdInk,1.394736842105263,1.394736842105263
R_1Dur34ykcsGjhDP,1.736842105263158,1.736842105263158
R_3KDgB98ei6fyTwJ,1.7894736842105263,1.7894736842105263
R_06w1AH73d5x2rER,1.7894736842105263,1.7894736842105263
R_29c9swnfN9RyiCd,1.105263157894737,0.7894736842105263
R_2Cpku6BXZDq3Fe1,1.394736842105263,0.868421052631579
R_1hLKm2wuKOdlhTE,1.0526315789473684,0.9473684210526315
R_30rdXnoX3eR3Cc7,1.763157894736842,1.763157894736842
R_da5rxwF21ZjIFCF,1.394736842105263,1.394736842105263
R_1jvuIMEz6lXeGr2,1.4736842105263157,0.8947368421052632
R_32XZzoCbmXjfI9q,0.8947368421052632,0.6842105263157895
R_1LTeV3DxAkxQhdH,1.054054054054054,0.24324324324324326
R_vpEuyv63LdbtStH,1.2894736842105263,1.0263157894736843
R_2aXiADWZkdoecmd,0.9142857142857143,0.45714285714285713
R_1kRM5FqzngIulgZ,1.4444444444444444,1.3888888888888888
R_10C3ZsXg2J7iOIM,0.8571428571428571,0.17142857142857143
R_QmPvgPdd0Ql5ixj,1.8055555555555556,-0.08333333333333333
R_3MKIYQv2W7F9XCv,1.3243243243243243,-0.24324324324324326
R_2zM7mMfnz3SYBZa,2.210526315789474,2.210526315789474
R_1GTbCHcHzxOrbQk,1.236842105263158,1.0263157894736843
R_1QiwcG1vvJlmiJs,1.6216216216216217,1.6216216216216217
R_1DV8E1BlFns9Jwl,1.605263157894737,1.605263157894737
R_2wnUKs7bTLD5NM6,1.6842105263157894,1.0
R_6G1TWdhlmClNUHL,1.3513513513513513,0.05405405405405406
R_2ZUZfDSk6XtLQ9N,1.0526315789473684,-0.10526315789473684
R_1hZsvfknL7xoxO8,1.5789473684210527,0.8421052631578947
R_1daEmfaaaK872PV,1.5526315789473684,1.131578947368421
R_zZ67osfC5WcuIgx,1.606060606060606,0.9393939393939394
R_1Oy6xRD7mEum9yU,1.4473684210526316,-0.13157894736842105
R_5on7iXNnlnBw3SN,1.236842105263158,0.9736842105263158
R_2VKEvb1mohGbXAB,1.5,0.6052631578947368
R_2PbXzyC2Si64VFz,2.263157894736842,2.263157894736842
R_82BSYqZ7vgLXgJ3,2.236842105263158,2.236842105263158
R_3m2V3bJ3Fp65ngU,1.6571428571428573,0.22857142857142856
R_xgQbE4tgTRr7Rp7,1.2894736842105263,0.6578947368421053
R_3GrALAiMqFO18md,1.7105263157894737,0.6578947368421053
R_3GBw4pOOVR6t6jU,1.736842105263158,1.736842105263158
R_3O8ibnLOLAQFaMi,1.911764705882353,1.8529411764705883
R_30jH5GtrHe6Sy0c,1.236842105263158,0.8157894736842105
R_33dMLjn5EhBYuIm,1.2647058823529411,0.3235294117647059
R_2BtXaUffdHCqwlR,1.3142857142857143,0.11428571428571428
R_3CPLIKScHOARFf3,1.1714285714285715,-0.02857142857142857
R_us695MM07kr5Tod,1.7142857142857142,1.6
R_27mo6KRl8HHXIGK,1.9428571428571428,1.7142857142857142
R_2Si9FFzyVMaUFRC,1.4193548387096775,0.5806451612903226
R_2tDO5rmrBtoIGuE,1.3714285714285714,0.8
R_10IOdFjG0tYTR0w,2.085714285714286,2.0285714285714285
R_1rlcRxmFeYq6Db5,1.2058823529411764,1.0294117647058822
R_3IT9YOLl4IewFtg,1.5142857142857142,1.1142857142857143
R_2Ppo4zF5zuMWguR,1.1515151515151516,0.0
R_1GZ8Z5B3V0NicFY,1.7272727272727273,1.7272727272727273
R_rkIcVvwn2hOQ705,0.8857142857142857,0.5428571428571428
R_3dDHJKvHMh6eq1c,1.0857142857142856,0.9142857142857143
R_27wfxg3yL4Qb1sG,1.9428571428571428,1.8285714285714285
R_217oyL8LcLMdN21,1.0857142857142856,0.7428571428571429
R_30dd4DnrdEQx55z,1.5714285714285714,1.457142857142857
R_UH1IxhssudqL51D,1.1142857142857143,-0.02857142857142857
R_2EsfspvnIiAuAdD,1.1714285714285715,0.8857142857142857
R_6J5F42CgbweIEeZ,1.3225806451612903,0.9354838709677419
R_3FLjYbhK7HREDHw,1.1428571428571428,0.7428571428571429
R_3OoXKc730oZVDxG,2.0285714285714285,1.8571428571428572
R_0xO5bDc5JevlcgF,1.1714285714285715,0.42857142857142855
R_Djxw7F85akZUy5P,1.457142857142857,1.457142857142857
R_2EgTeQNzWCsmoSc,1.2941176470588236,0.8235294117647058
R_1OIXxHiCjMJdvhq,1.2424242424242424,-0.09090909090909091
R_1cTWb7Py2UKIGjm,1.5862068965517242,1.3793103448275863
R_DFPZz3mFqRuFVDP,2.0,1.8823529411764706
R_3dLi8W9ZC9itLd3,1.1875,1.0
R_1DGQfOTdVaAU0JE,2.235294117647059,2.235294117647059
R_2WD5TBS410gxdrA,1.4411764705882353,1.1470588235294117
R_2pYukkdwahihlon,1.3235294117647058,1.088235294117647
R_2DZzQ0QbZTId5ao,1.84375,1.84375
R_3oHIWOIdy7ehCaP,1.2647058823529411,-0.3235294117647059
R_1OZgLZMmJn7yhtN,1.4411764705882353,1.3823529411764706
R_2B3Y42IzvYv5nND,1.2413793103448276,0.27586206896551724
R_20MaNd55QhRlrvw,1.2258064516129032,1.096774193548387
R_2dvjgaaifM8ue6a,1.0,0.29411764705882354
R_24nOxo0uGu99eNp,1.2647058823529411,0.7941176470588235
R_piou4uZOfPUU1up,1.1764705882352942,0.8235294117647058
R_2OTQPixbdUSsq4f,1.3103448275862069,0.41379310344827586
R_2OVZHKNu0UUS81d,1.3823529411764706,0.6764705882352942
R_2uwBb8Re7bbVor9,1.4705882352941178,0.5294117647058824
R_3CCpqifzugvRu7A,1.7647058823529411,1.7647058823529411
R_30cVnQBHVNz1mOB,1.3548387096774193,1.032258064516129
R_3s0wxo5g5loQJ63,1.0333333333333334,-0.23333333333333334
R_3qli4ucbZw3Jzi1,1.5161290322580645,1.064516129032258
R_2CWmYAp70pjZpmO,1.3823529411764706,1.088235294117647
R_2w02zeurVHUT5Sl,1.542857142857143,1.0285714285714285
R_3JaD7iZ3Ro9JbtG,1.2666666666666666,0.7333333333333333
R_29tqOCNKOMGP88M,1.1142857142857143,0.4857142857142857
R_5vwJAJHSfeLB02Z,1.1142857142857143,-0.2571428571428571
R_DzWeM4AKz76sfg5,1.2,0.7428571428571429
R_3fwlYJBcC6GtFSN,0.9714285714285714,-0.05714285714285714
R_vJMcN5y1vDByEWR,2.142857142857143,2.142857142857143
R_9LBvWSpVvmxtXVv,1.2857142857142858,1.1142857142857143
R_7UTSAnK5nkGu0kV,1.3529411764705883,1.1764705882352942
R_2154VfXLH4HcgAv,1.6129032258064515,0.967741935483871
R_2qqLdMLFEwvQEAI,1.393939393939394,1.0303030303030303
R_3rGSDmnhuMEyoqA,2.1142857142857143,1.7714285714285714
R_0uCz9edSlreQoRH,2.142857142857143,2.142857142857143
R_2DTbx9uf4j6oyqQ,1.542857142857143,1.4285714285714286
R_1pniIyYlkHYigBo,1.2352941176470589,0.8235294117647058
R_3MutwSzdnQycz2m,1.0,0.42857142857142855
R_Qox6QVIFpz0sHhT,1.7142857142857142,0.6285714285714286
R_2Qxoo4nwKo6gufR,1.6285714285714286,1.5714285714285714
R_2ARSmFbmqFnhoud,2.0606060606060606,2.0606060606060606
R_9B9rW7YWJebc06Z,1.7,1.5
R_2wgxOyAY6PZVGJa,1.3243243243243243,1.162162162162162
R_1OCxoK5Qr4uIFC2,1.368421052631579,1.1578947368421053
R_3RaysilyHSbTBOs,1.6666666666666667,1.1666666666666667
R_12JCcGbFh48NCLe,1.7105263157894737,1.605263157894737
R_3CPH2FqfoW5XSIJ,1.9473684210526316,1.8421052631578947
R_tGpjbuKghPlRyed,1.7105263157894737,1.0263157894736843
R_UX7LUwGXR4OQN8d,1.368421052631579,1.0
R_qvYVL1LSd1oMBwd,0.9473684210526315,0.631578947368421
R_2ZUFGE1PIfIAFsw,1.1944444444444444,0.9722222222222222
R_1MMRmmuGw8wsfWu,1.105263157894737,1.0
R_UKHMvHOShGjJCcV,1.2222222222222223,0.2777777777777778
R_9NQJYFU0YrqxdgR,1.4864864864864864,1.2162162162162162
R_voj2i80kmxVoJrj,0.967741935483871,0.06451612903225806
R_6sw8uVvckR4Ge41,1.4736842105263157,1.368421052631579
R_2s5u4Zmkba7Zeri,1.105263157894737,1.0526315789473684
R_2WA1AcVHRas2pLE,2.1818181818181817,2.1818181818181817
R_xc2NgnhtJfGekxz,2.236842105263158,2.236842105263158
R_PtRMaTmjH6nIFq1,1.0810810810810811,0.918918918918919
R_3D5XQe6aEKRajLI,1.3157894736842106,0.8947368421052632
R_2ypFTlg0JjxAs3g,1.7105263157894737,1.605263157894737
R_ONG1XMy8gwbMa4N,1.3157894736842106,0.42105263157894735
R_3RmAux3MBYnYbV2,2.236842105263158,2.236842105263158
R_UPHIWcoitK5ZfCF,1.135135135135135,0.972972972972973
R_1GvIY7ZU6Tm8myp,1.1578947368421053,0.9473684210526315
R_1n6enuzf8YqxOsj,2.1052631578947367,2.1052631578947367
R_Z2D5z7HW32wBfgd,1.368421052631579,0.0
R_8D5OghPhXsUjJWp,1.3421052631578947,0.868421052631579
R_sYIa2LARVDS8Hsd,1.2,0.5333333333333333
R_1nNukdsboGIiHsK,1.6944444444444444,1.6944444444444444
R_1dsNMkiWn48CTXH,1.3157894736842106,0.7894736842105263
R_r8OrxebuxUOFAEF,1.3157894736842106,0.6842105263157895
R_2xQ4qfUgwKLJ5Ii,1.0571428571428572,-0.6571428571428571
R_1K90oNoACgnWFoz,1.2972972972972974,-0.21621621621621623
R_1ILypORo5wsPaIc,1.6842105263157894,0.42105263157894735
R_27B5Fjox2yXvP9w,1.1923076923076923,1.0384615384615385
R_2Sw2bbaHHWrDdoL,1.3055555555555556,0.9166666666666666
R_2ARP3J4Lk7j6sQM,1.40625,1.34375
R_UcfdsBPwarQGPrr,1.7058823529411764,1.3529411764705883
R_3CTs38Hy7E55Zr3,1.605263157894737,1.3421052631578947
R_33BCSJwYxS01Goq,1.763157894736842,1.0789473684210527
R_1hG5gPt3Epbcr6e,2.1578947368421053,2.1578947368421053
R_SBretuOfwP4SnuN,1.8620689655172413,1.793103448275862
R_2EuD6A2Q5y2kJB1,1.4473684210526316,0.07894736842105263
R_1imOAFqAQVmLIMj,1.0526315789473684,0.7894736842105263
R_bvyhtgu0vnaIDAd,1.7297297297297298,1.5675675675675675
R_1H1Rpd6aJ2EBk2U,1.9523809523809523,1.9523809523809523
R_3Htvw6oFY7RRaRD,1.6842105263157894,1.5789473684210527
R_1QGeMJUjiy8gb5W,1.4736842105263157,1.4736842105263157
R_2rGWkfEsCMmZfCp,1.4285714285714286,1.0857142857142856
R_3fuYsBv0LfLsCNs,1.6764705882352942,-0.9705882352941176
R_2rSgWsnPOq1oCAO,1.5588235294117647,1.1470588235294117
R_1NhldqGeNrdnaDl,1.78125,1.28125
R_3n8Xv4kNRXo6ZlT,1.3529411764705883,1.0588235294117647
R_3FLGPFX3qViWjt4,1.0285714285714285,0.2857142857142857
R_2QlhcqyR3rCFRMq,1.0909090909090908,0.6666666666666666
R_3qfFMbE0vitFW5S,1.0,0.02857142857142857
R_2xzTf8p5I01zCA4,1.5714285714285714,1.457142857142857
R_blTI0JVRlfuHMGJ,1.5806451612903225,1.4516129032258065
R_1AqGB6tNSlXoyjf,1.5806451612903225,1.064516129032258
R_2riGBNuvBL6ir8z,1.9714285714285715,1.8571428571428572
R_31yJwaWdHZUJf3C,1.6571428571428573,1.3142857142857143
R_tG4J5TfjOOsxwLD,1.457142857142857,0.7142857142857143
R_ZKTGIHXLIDYeLjX,1.3448275862068966,1.2758620689655173
R_3isdwBoXfDDArvt,1.542857142857143,1.0285714285714285
R_XOoTrS1AA1lftdL,1.2121212121212122,0.9090909090909091
R_3HS6gYkbLVe3oSt,1.3428571428571427,1.2857142857142858
R_2ZUIFSb8A2izfyk,1.3235294117647058,0.7352941176470589
R_03zHCPW7jmu3zUt,1.542857142857143,0.0
R_3lxdkA8n8xJP9ze,1.542857142857143,1.0857142857142856
R_1K8VIFfejYPtNZ8,1.7428571428571429,1.7428571428571429
R_1j70tYP9NBBnuqT,0.875,0.0625
R_3kLjgmdwkx6pru7,1.2413793103448276,1.2413793103448276
R_pSEKHuT8BGkZ2Sd,1.40625,1.40625
R_1FkVbPay4Z9807n,0.8125,0.3125
R_2WUadBE8WFCEhwv,1.1935483870967742,0.5483870967741935
R_2ZP3tpwiIYB2iX6,1.588235294117647,1.1764705882352942
R_3EaszMFFyYmFaTO,1.6571428571428573,1.4857142857142858
R_1cVaeAsoPdd1P4E,1.0,0.42857142857142855
R_3slfY2aZGdROOn7,1.6571428571428573,1.3142857142857143
R_9oanSkiUXmFCpMt,1.25,0.8125
R_1dhk2AxvIDNPvQV,1.0285714285714285,0.5714285714285714
R_31KM16NQ5pwT3zR,1.2424242424242424,0.5757575757575758
R_302elAcxH5xf2DP,1.4482758620689655,1.3793103448275863
R_23eJm2pjU0Y25ZB,1.6571428571428573,1.542857142857143
R_1hGzYOBe82Ck1Dw,2.142857142857143,2.142857142857143
R_2QPQDA2R0usGOng,1.8275862068965518,1.8275862068965518
R_cPd3KxVhDErUJHP,1.8,1.2
R_RmArJYEHiY74upH,1.542857142857143,0.8571428571428571
R_2vhULtfQCx2trJf,1.8,1.8
R_OvgkqZ1VCLJCzlv,1.7142857142857142,1.7142857142857142
R_4HEaXbKuhPsI6d3,1.90625,1.90625
R_3lxEAFAHO0i2Qlw,1.9142857142857144,1.9142857142857144
R_2EEk4NT3k7tqHRd,1.9714285714285715,1.8571428571428572
R_1KvuAbCD2Ja4HiK,1.4838709677419355,1.096774193548387
R_UH00jSGLr57RgZj,1.8235294117647058,1.0
R_2WCK1j5XJBRTarQ,1.588235294117647,1.1764705882352942
R_2uHVQUjsqdYY2mv,1.0,0.7647058823529411
R_esqubT8ZIt9RjH3,1.3870967741935485,0.5483870967741935
R_qz4Cekxtd1rrFmh,1.2258064516129032,0.9032258064516129
R_3PpGYQKN465eoQf,1.103448275862069,0.0
R_2ctcLITx7EUb8VH,1.8181818181818181,1.6363636363636365
R_vfymm0PLYWXVV1T,1.0294117647058822,0.7352941176470589
R_WCf0iHBB66ZrkNr,1.4838709677419355,1.032258064516129
R_2zMWvGXttQ4XzHd,1.2727272727272727,0.24242424242424243
R_2doSxNZtbyP8rDY,1.16,0.92
R_AvWxWG5sQTotJ0l,1.0909090909090908,0.7878787878787878
R_3LX79Bo2GIi7s0O,1.3529411764705883,0.9411764705882353
R_p0p2NARTogyJmwN,1.0909090909090908,0.5454545454545454
R_1mRA0uURdioaNBV,1.1470588235294117,0.5
R_ZyjhV12IeFqovYZ,1.1764705882352942,0.8235294117647058
R_Wd2nwn0AvVTz3ep,1.3529411764705883,0.35294117647058826
R_2OIq4glMO3qOMJz,1.4242424242424243,0.030303030303030304
R_23ZC1gnvjnMXeC5,1.411764705882353,1.1764705882352942
R_qDsMepz8hr0rZLz,1.3225806451612903,0.22580645161290322
R_25FUvBp1xfr7JJA,1.7352941176470589,1.4411764705882353
R_XnP8uFkjumFVVzr,1.0303030303030303,0.48484848484848486
R_3e3amHkcC0GRUaF,1.457142857142857,0.7142857142857143
R_1lxyqYgghel0Vty,1.303030303030303,1.0606060606060606
R_1GBJWWUT0gFQo9V,2.1142857142857143,2.1142857142857143
R_2TmF3AM88VbziEi,1.0571428571428572,-0.2571428571428571
R_3L86rX3aWu7L4Vl,0.7142857142857143,0.2571428571428571
R_1HdIfOkAWUaBW1y,1.5142857142857142,0.7142857142857143
R_12ndYOtbo1FY8E1,2.125,1.8125
R_wZZfqrtQtxGlm4p,1.2903225806451613,0.5161290322580645
R_BDNI1tcmyqpz8Yx,1.4857142857142858,0.8
R_1NkKbDAvB6TfWGn,1.1875,-0.125
R_8J0URIdT3n9ozMB,1.542857142857143,0.8571428571428571
R_d4i9hGfxtrTQfcJ,2.057142857142857,2.057142857142857
R_1pFrQcPUI3tnYJg,1.6206896551724137,1.6206896551724137
R_27vAAVTRGXzOW3A,1.3142857142857143,-0.11428571428571428
R_pKqxMzeyDXT6izv,1.2424242424242424,0.696969696969697
R_SVsdWNFlDbytRLP,2.1142857142857143,2.1142857142857143
R_D5BBsCprZteTvnH,1.5454545454545454,1.303030303030303
R_21pwrj4HkmGleuw,1.3428571428571427,1.2857142857142858
R_YVmIEHKaVmLXdQt,1.457142857142857,1.3428571428571427
R_1eRez8oEY6HXdVO,1.3823529411764706,0.7941176470588235
R_2TvBIAQiEynjSKQ,1.6666666666666667,1.4848484848484849
R_1pxlTx6T293ceYT,1.8857142857142857,1.8857142857142857
R_33qJNsjgST4dwGU,1.3714285714285714,1.3714285714285714
R_2UWNdASJN8dFFBQ,1.3714285714285714,1.2
R_1qaqHKxHi8Dpk3m,1.9428571428571428,0.34285714285714286
R_1gOOqCpT2rqic9S,1.3428571428571427,0.14285714285714285
R_3EciNc6mRmnPgKR,1.878787878787879,1.8181818181818181
R_336UCzaKifLTssr,1.4,0.14285714285714285
R_UW14ip0rvwj8jsZ,1.9705882352941178,1.7352941176470589
R_2RVcgRyntzCMvLO,1.2,1.0
R_3fVscHZzib9ju6a,1.8235294117647058,1.8235294117647058
R_3nSm76kaNqOKPwg,0.7878787878787878,0.5454545454545454
R_SHLf0GJ71FwKKvn,1.7272727272727273,1.4848484848484849
R_2sbzqa04SOiLXHT,1.7419354838709677,1.5483870967741935
R_2zDgvxs8CxOsxFc,1.4848484848484849,1.4848484848484849
R_UsgfiQzc2ZhULYd,0.8857142857142857,-0.08571428571428572
R_2uDwHg9WL6ljTzJ,1.5357142857142858,1.3928571428571428
R_3078jA1EPTmIxkB,1.1428571428571428,1.0285714285714285
R_1QhgzNQLcT1cpcn,1.7714285714285714,1.4285714285714286
R_3iNYXN9r0NLnHFy,2.4285714285714284,2.4285714285714284
R_2THkFtw1R0P4Y6V,1.6,1.0666666666666667
R_1pKfrkeCVY1e1zr,1.4857142857142858,0.5142857142857142
R_3RlKsix2mo0wPgf,1.6571428571428573,1.0857142857142856
R_3NNU5qcQx6L9mmB,1.3870967741935485,0.8064516129032258
R_2dFLJsasePJ7aa0,1.0571428571428572,0.8285714285714286
R_3feDtDVL3krFShC,2.037037037037037,2.037037037037037
R_3MJTicQGm0OWR92,1.2571428571428571,0.9714285714285714
R_Q5PIgRqxlhRjvjj,1.1081081081081081,0.8378378378378378
R_10CNb5sRmpElYmL,1.2894736842105263,0.5
R_1QPFGcqh3rlHpWV,1.7222222222222223,-0.16666666666666666
R_29gJRTEtl3rK9f7,1.4473684210526316,1.0789473684210527
R_2sbwMli5E4O0Ufl,1.6785714285714286,1.25
R_1mXie6HLhcpBpqB,1.7105263157894737,1.7105263157894737
R_2Ym1yWemE1yyWqE,1.303030303030303,0.21212121212121213
R_27g2ozlz2WQ3XgR,0.868421052631579,0.18421052631578946
R_2QFNdviJSOtlvnc,1.5526315789473684,1.236842105263158
R_8cVwqe0JFcWt95L,1.7837837837837838,1.5135135135135136
R_3n2yqRVw5Hlbx0K,1.7272727272727273,1.2424242424242424
R_2ZHAv6oZQcQu33B,1.4736842105263157,1.4736842105263157
R_1NxBVkPKVoxVwR7,0.8387096774193549,0.5806451612903226
R_2DLXo4TrzNz1KUz,1.2432432432432432,1.135135135135135
R_5z5svvzgZVxN2jT,1.7222222222222223,1.6111111111111112
R_2YyT4jmMYJgEbDz,1.303030303030303,0.8181818181818182
R_1NsKDP8ZVTYHfkd,2.0789473684210527,2.0789473684210527
R_Y4vynyHmJr34bTj,1.131578947368421,0.9210526315789473
R_22QvsRjXZRmPAOY,1.3421052631578947,0.8157894736842105
R_ZfQBWj707wb7RyV,1.3823529411764706,1.088235294117647
R_28IexvMhPDR19AY,2.0789473684210527,2.0789473684210527
R_2CEc0uxFtAHR3PX,1.8235294117647058,1.8235294117647058
R_3k85PRBQx1O1Jsw,1.7027027027027026,1.2702702702702702
R_29jehtqi8n6hoYC,1.1081081081081081,0.8918918918918919
R_WD2EMjjZwlYPdtL,1.4864864864864864,0.40540540540540543
R_1GObAOnIBy5cs2O,1.6,0.34285714285714286
R_2bPOf5tnd5vuIl7,1.4473684210526316,1.2894736842105263
R_26lFR8siw8fAH0T,1.605263157894737,1.605263157894737
R_vIAjJnk92Kn9yU1,1.4857142857142858,0.45714285714285713
R_3JEDTAAFGVbWAVS,1.0857142857142856,0.5714285714285714
R_1gwrYlZfR1YwEpF,1.2857142857142858,-0.02857142857142857
R_3M5SJQhoflNd4aB,1.0,0.5555555555555556
R_Remb9iICL2QJovT,1.0,-0.6842105263157895
R_3HZXzsIzyzmYM8c,1.0571428571428572,0.8285714285714286
R_Orj7BTpHeYQpWLL,1.631578947368421,1.631578947368421
R_3Em2b5Irs40hZgR,1.1714285714285715,0.37142857142857144
R_24Hmq5evGCnEkFd,1.027027027027027,0.4864864864864865
R_p0Kmsbzzs6stmvf,1.457142857142857,0.14285714285714285
R_2VJDG9MyaSPjDmk,1.8,1.7428571428571429
R_2eVXASAwa60paJF,1.4848484848484849,1.3636363636363635
R_25yCzhm4PvrVs3w,0.9705882352941176,0.4411764705882353
R_22PxsIV7UdLTsR6,1.0810810810810811,0.5405405405405406
R_1qfwBila76zpXN1,1.0,0.10526315789473684
R_yKoZfiHOEnakUqR,1.3714285714285714,1.2
R_1ghjpjpcdbbLvXY,1.6,0.2857142857142857
R_2WU4Dqj1I7TUcnh,1.0571428571428572,0.7142857142857143
R_1dajjJYKmhJPz02,1.3243243243243243,-0.5675675675675675
R_3hfrtO5B3oKoxjJ,1.2777777777777777,1.1111111111111112
R_AC0b4RpP38QcF6V,1.0526315789473684,0.7894736842105263
R_3DdVgJEnHJ7kWlA,1.368421052631579,1.368421052631579
R_BFm9KdMpfckf6Ex,1.4,1.2857142857142858
R_qL8WnV4CR8Xwdyh,1.1481481481481481,1.1481481481481481
R_1opewwUCLgnOanI,1.6857142857142857,0.7714285714285715
R_2e5a54XGrc8E5j9,1.3714285714285714,0.6857142857142857
R_zSI1AoFicWT6HYZ,1.5135135135135136,1.4594594594594594
R_9EPYuqtvfOoCAvf,1.0,0.0
R_1rrBBE54RvEbXal,0.9705882352941176,0.3235294117647059
R_3MfIR6gTk0CUURv,1.064516129032258,0.6129032258064516
R_2Pu85mglZHjRJpG,1.1875,1.1875
R_2ZTZ1oBBEQc4vAJ,0.8611111111111112,0.25
R_3KSDoEZ0PLySizN,1.90625,0.53125
R_1i29LnNO8anX3JP,1.1764705882352942,1.0588235294117647
R_2zCvPs8E1HRTURP,1.7647058823529411,1.7058823529411764
R_9yrxuE3Y7ksmhJ7,2.1470588235294117,2.088235294117647
R_tGMVfZ8gfJPPmi5,0.8421052631578947,-0.5789473684210527
R_1cZjlNZ1thR6aND,1.1578947368421053,0.6842105263157895
R_114x9rvCZ2Yn2a5,0.8611111111111112,0.5833333333333334
R_3D6YjnPTttsoSH7,2.0285714285714285,1.9714285714285715
R_3a9ni09poNRUqxH,2.1714285714285713,2.1714285714285713
R_Tef4X47n6c4EzTz,2.342857142857143,2.342857142857143
R_306UkR8hwEjDGA4,1.2105263157894737,0.42105263157894735
R_2zpVA1R3E2JJ28U,1.1764705882352942,1.1176470588235294
R_23ZzAxLc88GSw4S,1.2105263157894737,0.9473684210526315
R_C4aA8UOC0xQ0i0p,2.129032258064516,2.064516129032258
R_2f9gGNygpf8TT0L,1.15625,1.15625
R_3EJSPWkjMGhS3ea,1.1818181818181819,-0.2727272727272727
R_3kwiCRandNFmP5V,1.1818181818181819,0.21212121212121213
R_1KqKJS9lu6j67Ii,1.2727272727272727,0.8484848484848485
R_2yl1gXE8zoM6Tcg,1.263157894736842,1.263157894736842
R_11WJEv8QhkbJMza,1.411764705882353,1.1176470588235294
R_2xVGCEp2Ufe0QNy,2.393939393939394,2.212121212121212
R_3nAFRShabZAMxYC,1.1764705882352942,1.1764705882352942
R_27EgfHx1tCD2A9C,1.0666666666666667,1.0
R_0dpAINcze7j1uIp,1.6176470588235294,0.3235294117647059
R_sjNmHbxwRiyF9iF,1.8235294117647058,1.7058823529411764
R_eQCabAHZRCIDKpP,1.5454545454545454,1.5454545454545454
R_bxgHlvKEqQUAYpz,1.8235294117647058,1.8235294117647058
R_2Y8KJto3wWL4uWQ,1.303030303030303,1.0606060606060606
R_WciwtQZPT9YMBax,1.4411764705882353,0.7352941176470589
R_2OSJguZJzFN1pJA,1.7272727272727273,1.4242424242424243
R_1hNlqPTiL7O5IBV,1.6857142857142857,1.6285714285714286
R_3IQSrdPm64jfYlu,1.542857142857143,1.542857142857143
R_11bgxyCloszL4Vt,1.0857142857142856,0.22857142857142856
R_3HH7PpYH7oQh41a,1.7058823529411764,1.4705882352941178
R_WkA7K0BlfdCEdiN,1.1470588235294117,1.1470588235294117
R_3Nw897w4DsqHSBI,1.9428571428571428,1.9428571428571428
R_1n9nfAG4cW1ltou,1.6764705882352942,1.6176470588235294
R_vf4DCMSCQxupH7H,1.7714285714285714,1.6571428571428573
R_2zealrReSvIDCAH,2.2941176470588234,2.2941176470588234
R_2WCmqkZw3mdFHri,1.4411764705882353,0.4411764705882353
R_3e3NYXmXEzCl5Le,1.2571428571428571,0.45714285714285713
R_21vawzx2mmxFZm0,1.2857142857142858,1.0571428571428572
R_2Qy46RVYOdF5Pfy,2.3142857142857145,2.3142857142857145
R_3mb40jeOQrPDE7b,1.0909090909090908,0.36363636363636365
R_wZtgngcKRYuY8Yp,1.1764705882352942,0.47058823529411764
R_2qEo5llUrCscUmQ,1.3714285714285714,1.0285714285714285
R_2U3CzsBhLahDhZj,1.4411764705882353,-0.029411764705882353
R_3P6stqnVq9tOvoC,1.6,1.1428571428571428
R_3MJxo8hg7vCsLB8,1.4516129032258065,0.4838709677419355
R_2SIxtsCgvenEEk7,1.9411764705882353,1.8235294117647058
R_2bGVh8notnp0TDD,1.1714285714285715,1.0571428571428572
R_1dmqtzorHb7u6s4,2.2857142857142856,2.2857142857142856
R_3EX5TNH8ax9UVZQ,1.6285714285714286,1.1714285714285715
R_1mlbW2Ski2JTmuP,1.5,1.3235294117647058
R_Tw1XLsTDieSj1Lj,2.257142857142857,2.085714285714286
R_1CCqBJ4MVeG57SM,1.28125,0.96875
R_z0gpE6zTYUzK1hv,2.24,2.0
R_2ZPI1aa2BNcJsNP,1.5714285714285714,1.5142857142857142
R_OJOkIUtYHiJAcxz,1.9428571428571428,1.7714285714285714
R_tRvlOEX5j3GXmXT,1.6571428571428573,1.0857142857142856
R_2QujsIFEtZtItkt,1.0666666666666667,0.8666666666666667
R_31o3ZirEiMo7Uje,1.4,1.3428571428571427
R_2wAdkmAeMOm1tPZ,1.0857142857142856,0.8571428571428571
R_1Cf3kUdfww3vBeV,1.2571428571428571,0.2857142857142857
R_2wvEpay6hgDwp5i,1.457142857142857,0.8857142857142857
R_2ttV1GT9T2BxEVy,1.3142857142857143,0.05714285714285714
R_9meBV3Gr5hjsQ7f,1.5862068965517242,1.4482758620689655
R_300LdxRvW8HWuyz,1.3428571428571427,1.1714285714285715
R_2OGrnZKEpWclet6,1.0606060606060606,0.6363636363636364
R_2VDBr0Wk33ZkdMh,1.5789473684210527,0.7894736842105263
R_3oAEco3SSCsv8mH,1.9473684210526316,1.6842105263157894
R_3j7BflcXTIeURXo,1.8709677419354838,1.8064516129032258
R_20VabABa66FgWBd,1.2894736842105263,1.1842105263157894
R_1ifEMLfdW3bwHZa,2.526315789473684,1.9473684210526316
R_2VyahebZrQusBvn,1.5789473684210527,0.2631578947368421
R_2rqJR2OdzHMPOH8,2.1842105263157894,2.1842105263157894
R_1dBnnQjRcT1vKKM,1.605263157894737,1.394736842105263
R_uzb9OXNA6K2iKXL,2.1578947368421053,2.1578947368421053
R_1OuUYY2lJh9xuy0,1.2972972972972974,0.7027027027027027
R_22y4tSNAfB8F9TY,1.5,1.5
R_3NQJgNilprKVcVw,1.236842105263158,1.131578947368421
R_QmGmoAbZfGsPgNX,1.5,1.3235294117647058
R_28MwbD9KGfbHMP4,1.4705882352941178,1.1176470588235294
R_1Q9sKmZdY1QAxBF,1.868421052631579,1.3421052631578947
R_enUQeVHtRuoSHkJ,1.5,1.1923076923076923
R_3QWUJ75IFMMTMj7,1.7105263157894737,0.9210526315789473
R_5i4GRYIANQdSodr,1.4210526315789473,0.8947368421052632
R_d6DrUtod10NJcNb,1.9090909090909092,1.2424242424242424
R_pGGtH33Vmti1L1f,1.1081081081081081,0.2972972972972973
R_24jx9nfgKdOa0m6,2.236842105263158,2.236842105263158
R_3KTQkdT0ij26RJn,1.2692307692307692,0.34615384615384615
R_2Yb7sMwW9okjpSC,1.263157894736842,0.9473684210526315
R_2DTw2fu6QkLyW2R,1.894736842105263,1.736842105263158
R_XZBOCVMLHqCxDmV,1.9189189189189189,1.6486486486486487
R_1hM6qi1JSC5Lhpw,1.394736842105263,-0.6578947368421053
R_21EvNOeYgrvAbth,2.6486486486486487,2.4864864864864864
R_eQ0IH0mZJQ9UJrP,0.96875,0.90625
R_3pi0QUxRHwhGN6N,1.0263157894736843,-0.02631578947368421
R_2QQGfPHvlkmeGSX,2.236842105263158,2.1842105263157894
R_1I4QO55G5NSqg6C,1.894736842105263,1.8421052631578947
R_U9YuY8UyS1dFABj,2.236842105263158,2.236842105263158
R_2WC3i5h5FwzqgEj,1.5,1.2222222222222223
R_1Nk52n8IVmjuMRD,1.736842105263158,1.631578947368421
R_1QuCNedEQtVjnZw,1.8888888888888888,1.8333333333333333
R_XAJHUHyTsj2cyl3,1.763157894736842,1.5
R_2bJidfVOkgTp0jq,1.763157894736842,1.605263157894737
R_2VxvlkQnXaRddSR,1.6578947368421053,1.1842105263157894
R_Y06OyvxxzqwvE7D,1.263157894736842,0.7894736842105263
R_2t4G2TKorW3FTR9,2.263157894736842,2.1578947368421053
R_3qJurYFZVFvU5EQ,1.3513513513513513,0.4864864864864865
R_SBppiYTsiy9a3gl,1.6756756756756757,1.2972972972972974
R_6zlMfIQSxRWN0Ah,1.5263157894736843,1.0
R_Or6PbgNAiWTWTrX,1.3243243243243243,1.1081081081081081
R_2CZbBBpKFB5ohUe,1.8888888888888888,1.7777777777777777
R_x9tHFMlH7KOdMv7,1.7837837837837838,1.4594594594594594
R_XAHAGtgHv1v2B7X,1.605263157894737,1.4473684210526316
R_3oXZOfO89RV2HWh,1.5121951219512195,1.2195121951219512
R_1KfM5BkMPQC02IJ,1.542857142857143,1.3714285714285714
R_2dzKvGHuTpwRLGl,1.5925925925925926,0.7777777777777778
R_31Qz1AN9EZgcQ0S,1.6097560975609757,1.5609756097560976
R_1rGq0Ph340gUqa2,1.425,0.875
R_3fBOtVPEr4jEhIM,1.225,0.425
R_3R9F2fAWXmaCKjL,1.3902439024390243,1.0
R_3CP0TNTyw9yYTL7,1.175,-0.225
R_2ccnjx5zYEOiN9g,1.7428571428571429,1.7428571428571429
R_uy5m35pjx2J1bNL,1.725,0.575
R_2TSMzkyv3K3K5Lm,1.5,1.4411764705882353
R_urzc8NKS7WKZLhL,2.1052631578947367,2.1052631578947367
R_23ZSlVHiQrzB80c,2.1951219512195124,2.1951219512195124
R_23911RJ6Wvtc9HS,1.3636363636363635,1.3636363636363635
R_3M6iK1V4ouMRF28,1.829268292682927,1.3414634146341464
R_eKT2WwSq9asyeYh,1.4146341463414633,1.4146341463414633
R_3HtSOWjAoVoUzZN,1.8285714285714285,1.7142857142857142
R_3shOwrEbhP9NXvv,1.2926829268292683,1.048780487804878
R_UJSU5aGc3Kj49SV,2.026315789473684,2.026315789473684
R_12sTUkpj7fobiK9,1.775,1.725
R_24bZpV44cWPAONk,1.1891891891891893,0.918918918918919
R_2zLJZ4LIgW6R64e,0.9565217391304348,0.6086956521739131
R_3qjoGX08Qmo33FK,1.4054054054054055,1.2972972972972974
R_3w8PorQLQ8W0YTv,1.4166666666666667,1.25
R_3q9YtZXENyIj8EX,1.5675675675675675,1.5675675675675675
R_2f2mixMvC11wAy4,1.1842105263157894,0.9210526315789473
R_22tMRueeapD8krj,1.394736842105263,1.1842105263157894
R_RklcKREq9hnGQ1P,1.1891891891891893,0.972972972972973
R_1EceyvEPVYVUCCd,1.6842105263157894,1.6842105263157894
R_2VdqR8ZaV8A4ahG,1.631578947368421,1.4736842105263157
R_1IXc94qKYsNZmXi,1.763157894736842,1.763157894736842
R_1mC5iGnYtwamXjP,1.5,0.3333333333333333
R_3hoLD4LRPveoAAg,1.131578947368421,1.0263157894736843
R_pQbP88Zn2cEEjip,1.5135135135135136,1.2972972972972974
R_2y2xmLXYOLxmCgC,1.8157894736842106,1.605263157894737
R_AHxjY8SvJd1DmWB,1.1842105263157894,0.9210526315789473
R_1QbaADt76w1JqnW,1.5806451612903225,1.5806451612903225
R_24c9tP1Idf3K14v,1.1578947368421053,1.1578947368421053
R_2D7utEbmZ86TeXb,1.0,0.3684210526315789
R_3hG8j8WZZ2kW34u,1.763157894736842,1.763157894736842
R_3nwPedG1oER7SuA,1.4054054054054055,1.135135135135135
R_24Hi90spaO8HQsu,1.394736842105263,1.1842105263157894
R_CdyXT8cFIIoKmJP,1.8,1.0571428571428572
R_1rHY9joJjMTYjHt,1.7142857142857142,0.7428571428571429
R_3ludx1mLhLs9d6D,1.6571428571428573,1.2
R_1KlgLY6amniHNYA,1.8571428571428572,1.457142857142857
R_1eRkLsya16NhXFf,2.3714285714285714,2.3714285714285714
R_2rIMfuE0osK7Mnc,1.65625,1.46875
R_2dDSoJ5DExmylZ6,1.8,1.8
R_2UhFYxgAuft6wRx,1.1428571428571428,0.45714285714285713
R_8Guzj98rCX5Z81r,1.5142857142857142,1.2285714285714286
R_eJyMFGnoIq4um8F,1.8857142857142857,1.7714285714285714
R_3Gpql572fwcauiH,1.2571428571428571,0.9142857142857143
R_3gUaJa5UGeAT1eA,1.5294117647058822,1.1176470588235294
R_1Hc2wph7Jnzy9xu,2.3142857142857145,2.3142857142857145
R_3O0SBtlFpRP2bA7,1.5,1.3823529411764706
R_1GVcflMRrQBI0Q4,1.4285714285714286,0.6857142857142857
R_10P0lXhi2zHKREl,2.3714285714285714,2.3714285714285714
R_3azsAvsp1LWyFCV,1.5294117647058822,1.1764705882352942
R_2fIBHSLzcwe0laY,1.542857142857143,1.4857142857142858
R_25Np3Gj6fb4kvAN,1.0571428571428572,0.4857142857142857
R_1JIslQDe3g37UuC,1.9714285714285715,1.8
R_BP6rFM8nmxNbuil,1.59375,1.46875
R_3QXVtOxKxA9n4zu,1.1428571428571428,0.6285714285714286
R_2bHoJnO8dZ51neZ,1.7714285714285714,1.542857142857143
R_3mleqdTq0eRb1Jd,1.2857142857142858,0.2
R_5hdfQ4o47W3hGE1,1.28125,-0.21875
R_3M3ae3K8XGiDAg0,1.8285714285714285,1.8285714285714285
R_3ly6M9AeWntGKoE,2.25,2.25
R_1q4VFFELPgQVi3e,2.3142857142857145,2.3142857142857145
R_1jxGFDcVlE53QRG,1.5714285714285714,1.457142857142857
R_1Cap6qZhWNGcjAI,1.6,1.4285714285714286
R_1Cm6O9By8yOnbvb,2.057142857142857,2.057142857142857
R_3PSwmQqNjlkXDWg,1.65625,1.53125
R_Z1wFNMWV47uutTH,1.4,1.2857142857142858
R_w6OTdUtQiF6YhTb,1.3076923076923077,1.0
R_2UfJsvKndtthWfb,2.3142857142857145,2.3142857142857145
R_bEIbpl10W1qO1t7,1.4074074074074074,1.037037037037037
R_25z2GgnBexT5czD,1.1714285714285715,0.9428571428571428
R_2YKie2YWYU4NHfN,1.911764705882353,1.911764705882353
R_Og3AzH3v4TTj6gh,1.088235294117647,0.6176470588235294
R_eyfAvAkwcmxRhHH,1.1428571428571428,0.8
R_3I3jAqW9LrZugfp,1.8,1.2857142857142858
R_21nUEgAlcUGvE4R,1.3142857142857143,0.2857142857142857
R_1Qyg8VW1raWUW73,1.5161290322580645,1.1935483870967742
R_2fH60JJHbk2Keo1,1.457142857142857,1.3428571428571427
R_pEkco9SSjkggY3n,0.9705882352941176,0.6176470588235294
R_1oBlZQxhBIkyUtv,1.837837837837838,1.7297297297297298
R_2OGvE917vMNm5cA,1.3421052631578947,-0.34210526315789475
R_3O6ypyKOhtMDUye,1.868421052631579,1.868421052631579
R_1QikiI0He2Kb8Ij,1.105263157894737,0.5263157894736842
R_cAuMtTwZdRI833r,1.3157894736842106,0.631578947368421
R_3MR8kodMpaUtbpD,1.5526315789473684,1.1842105263157894
R_54to1WFdOhxyjdL,1.3157894736842106,0.47368421052631576
R_1GZVlWusXm6yPfq,1.4864864864864864,1.054054054054054
R_TqtDAEhY9tBRLHj,1.6216216216216217,1.6216216216216217
R_2eQ3HlMHh7F2Snv,1.135135135135135,0.918918918918919
R_RUeSQmv1HCa2PQd,1.5,1.5
R_1mza61hTxUFqSgF,1.3421052631578947,0.7105263157894737
R_1IS3Bqc0RWJdZD6,1.105263157894737,0.7368421052631579
R_spyutWNKh5xVXrz,1.0,-0.21212121212121213
R_d0Gz9eZIsxKWVMd,2.289473684210526,2.289473684210526
R_1LAPnrJE6WCVUA5,2.1578947368421053,2.1578947368421053
R_291funtaAzIoLb4,2.289473684210526,2.289473684210526
R_31d8uX2KMHzB0c6,1.1578947368421053,-0.15789473684210525
R_1ptf7mYfDJ7Njxf,1.263157894736842,1.0
R_1nTlejeKC8N0Nu6,1.605263157894737,1.5526315789473684
R_25LpDiegTQoOQOj,1.3421052631578947,1.236842105263158
R_3fV5brft7E9cf3E,1.696969696969697,1.5757575757575757
R_3lJOpA0nB2nPWin,1.0294117647058822,0.9705882352941176
R_2Wxr0ZgKBfUPYiz,1.8571428571428572,1.8571428571428572
R_1gCujbWA6aDe3m7,1.4285714285714286,1.2
R_1gV21PUJVLD5hsE,1.8571428571428572,1.8
R_3MQIxWwMbSP0eus,2.4,2.4
R_6zgR0mEw6Vnhjkl,1.7777777777777777,1.4074074074074074
R_1etTirkpaRHIgsV,1.7419354838709677,1.5483870967741935
R_24q3aaZM8Qq1ioZ,1.8148148148148149,1.4444444444444444
R_1Gw7KM0M6PZL9EN,1.3142857142857143,0.6857142857142857
R_3MFnyHMvg3xHmaI,2.142857142857143,1.9714285714285715
R_UJQTMFhIaN7KrzX,1.8333333333333333,1.75
R_AgP6Iioc5xbM3Sh,1.7428571428571429,1.5142857142857142
R_DAWgbbAikZ1krpT,2.212121212121212,2.0303030303030303
R_27QFmf8WzELxu86,2.3529411764705883,2.3529411764705883
R_Rs5ut3TKNW0vahP,2.342857142857143,2.342857142857143
R_efIJAQkFJCwukJX,2.4285714285714284,2.4285714285714284
R_24Hvd0961JIsLmz,1.8571428571428572,1.7428571428571429
R_RW7J25FVVtVBwuR,2.0,1.3529411764705883
R_QoaCdZGdOAy6X4J,1.3823529411764706,0.9705882352941176
R_1NnzQ8easp2mobj,1.3142857142857143,0.8571428571428571
R_8x03FjKl1YneobT,2.085714285714286,1.7428571428571429
R_1nUSbmp78pzTAxM,1.8857142857142857,1.7142857142857142
R_1gOoyVrWur3BRuN,2.15625,2.15625
R_2cqsTmdXv7EGdDa,1.4848484848484849,0.45454545454545453
R_ptSFrMvt3d8oPhT,1.7878787878787878,1.5454545454545454
R_1jvWm0424P9RnYm,1.5142857142857142,-0.14285714285714285
R_2uQYymoCMQA2AiA,1.5555555555555556,0.07407407407407407
R_qKikf489FepjCNj,1.7142857142857142,1.3142857142857143
R_a91TpLsYxJshxK1,1.2571428571428571,0.6285714285714286
R_2t58pf8Xs6ZsPMA,1.457142857142857,0.6
R_3hrq8c0ejHQUGtl,1.7352941176470589,0.4411764705882353
R_OfBZmSrtRbEh3pf,1.59375,1.21875
R_2YfzP0eo5bqW0FS,1.2,0.17142857142857143
R_3nHhihAx2uOJsps,1.7941176470588236,1.6764705882352942
R_wYiXfROmPkQQLol,2.142857142857143,2.142857142857143
R_3dRGsM4An0nlAzp,1.9696969696969697,1.9090909090909092
R_1C8AoDwln2sLpna,2.1714285714285713,2.1714285714285713
R_1Ckop4RnLlQdWDz,1.4857142857142858,0.6285714285714286
R_9FV1vkWDVa7HO8N,2.2857142857142856,2.2857142857142856
R_1NrDLR91oRsdfmF,1.3823529411764706,1.3823529411764706
R_3iDAWQ7wUGAeYIQ,1.7714285714285714,1.0285714285714285
R_pAZUtfZxWVffCaB,1.411764705882353,0.9411764705882353
R_BPn7ECMTT8flC9P,2.142857142857143,2.142857142857143
R_Q0NZrFlg121w9KF,1.6,1.4285714285714286
R_24cN9dI7NtwBM7A,1.4,0.7142857142857143
R_BqXmgkhtKhJJbcB,1.2941176470588236,0.11764705882352941
R_2rDh7cU30lsHa4O,1.3529411764705883,1.0588235294117647
R_2urCgC4fja7zWK5,1.2857142857142858,0.42857142857142855
R_1PTRcRBmQZDLdLU,1.1290322580645162,0.6129032258064516
R_3q9fK8MHw4NOhhY,1.2571428571428571,0.34285714285714286
R_10UvkYWUOekEYwO,1.6285714285714286,1.1142857142857143
R_29bKABaOBZE3o3t,1.8235294117647058,1.7647058823529411
R_1OrT3Q7V627PzfT,0.9142857142857143,0.11428571428571428
R_1jkt7UsxwWAi02d,0.8857142857142857,-0.2571428571428571
R_2wtpfNLXztDvhHm,1.457142857142857,1.457142857142857
R_2fjQCBoVwC5eHWO,1.4482758620689655,0.7586206896551724
R_31gEC1UROAOgYBg,1.3666666666666667,0.9666666666666667
R_vDg313oHXEXcgM1,1.1379310344827587,0.5172413793103449
R_3Kx2oxG0MOAWvXw,1.542857142857143,1.4857142857142858
R_37VIb9N1WjZlw0F,1.75,1.75
R_3KvDOBLWoBRDwzM,1.2571428571428571,0.8
R_WoZTI1B6EdDtPIl,1.1304347826086956,0.34782608695652173
R_2feLGfXmNG2GR4M,1.3714285714285714,0.6857142857142857
R_2dtOKP4slZx1rZQ,1.6285714285714286,1.5714285714285714
R_73vRqhsqdldM8P7,1.8571428571428572,1.5714285714285714
R_3PoEIKdKextXIPj,1.1142857142857143,0.14285714285714285
R_WDTCtHCHQrv2GfD,1.7647058823529411,1.2941176470588236
R_2RRgoaAdF6Lwk6s,1.7741935483870968,1.7096774193548387
R_YSIuQTAqSliKVkB,1.0294117647058822,0.6176470588235294
R_1DuPcPRBHk28WaO,2.0,2.0
R_3M0EDv01vIubAs2,1.457142857142857,-1.0571428571428572
R_3FV5Pb8GcVI1uWj,1.3823529411764706,0.9117647058823529
R_tPuKjtP0ztvjoiZ,1.7142857142857142,1.7142857142857142
R_1jrCUPwchnHhdM4,1.1470588235294117,0.08823529411764706
R_11YGl2EwwPLoKh5,1.7428571428571429,1.7428571428571429
R_3rVqEOYzTk3DZSJ,1.0571428571428572,1.0
R_2QsJW2yMZz2XKxj,1.1470588235294117,1.1470588235294117
R_1Ca7Ozsdq1ukVXi,1.1764705882352942,0.11764705882352941
R_31bAOUk2wLI9ab7,0.9117647058823529,0.6176470588235294
R_32KCBc11UUKS2tm,1.78125,0.34375
R_1jUGLzdEwX90uqG,1.8,1.6285714285714286
R_2xyrY5tq0Kh4GTl,1.3428571428571427,0.7142857142857143
R_XnTrmsX2oVNCdDb,1.9714285714285715,1.9714285714285715
R_3pf1djWMJ8ICLlW,1.2285714285714286,0.8857142857142857
R_1lt8I6iQXSw6kR7,1.2727272727272727,0.7878787878787878
R_1Lds6QdTJSYC99Q,1.4,0.5428571428571428
R_1pmlTxjkC1G4C4q,1.4242424242424243,1.121212121212121
R_1lieC6gfPlIUz4A,1.457142857142857,0.9428571428571428
R_DOxhhmgD8yWV7lD,1.6129032258064515,1.1612903225806452
R_1dhKCMrStdRd6YM,1.4848484848484849,1.303030303030303
R_33fObQhUNgsMCQs,1.8709677419354838,1.8064516129032258
R_4NkxQmBGz1yLZdf,1.2571428571428571,1.2571428571428571
R_12ycFTBG53nouzJ,1.3214285714285714,0.8214285714285714
R_3LhYhA0qHurokKh,2.3714285714285714,2.3714285714285714
R_1poKhiz9CaTcj6n,1.6857142857142857,1.2285714285714286
R_qVFcposKjPKT2F3,0.9428571428571428,0.2
R_6Pc1KTSNyXOUYzn,1.2571428571428571,0.4
R_3M9BGcEfVp3niOX,1.6857142857142857,1.6857142857142857
R_W1cpK8lnL8eeXN7,1.8285714285714285,1.8285714285714285
R_2VEnI6lZPe6zX2R,1.6,1.542857142857143
R_3Emxk6oON6jccsJ,1.4857142857142858,0.9714285714285714
R_1Fh43AvhxLI9ZOd,1.6571428571428573,1.4857142857142858
R_24eM8Wk69kT6EWs,1.2571428571428571,0.8571428571428571
R_d717tkoecHYdtgR,1.5714285714285714,1.1142857142857143
R_3s5IJyCrmpRwIfg,1.15625,0.15625
R_3F4Jo2PRt76MurT,1.5,1.088235294117647
R_24dXCtTBecgN17i,1.3636363636363635,1.0
R_0j6bkMARjboMWE9,1.1142857142857143,0.2571428571428571
R_1lnlbu6oJ51cPWE,1.542857142857143,1.2571428571428571
R_3HHODAP5JctevGN,1.542857142857143,1.3714285714285714
R_vdIdRvlUAZ0jbvb,1.6285714285714286,1.2857142857142858
R_3LiIxLgaboQ3yjW,1.4285714285714286,1.0857142857142856
R_2sdTImxbxpdIsOb,1.4411764705882353,1.088235294117647
R_1LbQLV5cLDsUA9W,1.411764705882353,0.35294117647058826
R_1gNn3uZIdnP8U1f,1.8620689655172413,1.5862068965517242
R_3EhY9jAXOiWmQXL,1.3666666666666667,0.5
R_uyW0ADGP7SFAkGl,1.4705882352941178,0.6470588235294118
R_3EWHJvWwkprEKHI,1.2857142857142858,0.6571428571428571
R_3s7ESFY5TnujpYD,1.2285714285714286,0.6
R_YbRALUq8uSRl8kx,1.7941176470588236,1.7352941176470589
R_1HnxhsqzJ4pIw8t,1.903225806451613,1.903225806451613
R_6Q0OgVZDuonLbTb,1.78125,1.59375
R_ehfXqCTN0f5Bmi5,2.1714285714285713,2.1714285714285713
R_2XaPk9Q3GzvbkQj,1.5714285714285714,1.1142857142857143
R_6Pecvdh1TaeOlAB,0.7941176470588235,-0.38235294117647056
R_sX3x87fp76WWQXn,1.3142857142857143,0.9142857142857143
R_3iqkJnGih8N9wWz,2.0625,2.0
R_2dZ5UPdnmoSw0o3,1.8571428571428572,1.6857142857142857
R_3h9NTD6fHFOVRWd,2.1176470588235294,2.1176470588235294
R_1pXteFPO6NLadNF,1.7058823529411764,1.6470588235294117
R_1MXNwICefU9Iw0d,1.9428571428571428,1.6571428571428573
R_vlAVBfWUFRg1Xgt,1.8,1.3428571428571427
R_3hGZI91NxJBahzb,2.5428571428571427,2.5428571428571427
R_Aaf34o0OGdBK0fv,1.5142857142857142,1.1142857142857143
R_2YLDRitht5IouEJ,2.057142857142857,1.8285714285714285
R_21GrJfT9dxXMWYs,1.1142857142857143,0.7714285714285715
R_2az4Q3ulRgfwmpS,1.2,0.05714285714285714
R_DN6PCvr8fnlOS8p,1.6571428571428573,1.2571428571428571
R_tYw5e02wnMJz8sx,2.057142857142857,2.0
R_2w7DwPxtTbEGd8o,1.3428571428571427,1.1714285714285715
R_2YQXUzMeQp5FbKF,2.25,2.125
R_3PzvLSGbkfs3CFe,1.1714285714285715,0.5428571428571428
R_2wFZeoPt2b9Ok3G,1.3333333333333333,0.06060606060606061
R_1mUvvAJO2JQ8IAW,1.6666666666666667,1.0606060606060606
R_2QX39vP9jTAVsjU,1.28125,1.09375
R_3RdVGQH1d34KLFn,1.3823529411764706,0.7941176470588235
R_9LvPS2qdALSX01r,1.0571428571428572,0.6
R_2QMWmdiLo2zvkBi,1.4285714285714286,1.0857142857142856
R_1LSsw6aBqBNZnYy,1.3529411764705883,0.8823529411764706
R_10r5gRppZOGXDix,1.5142857142857142,0.2571428571428571
R_2qfpUH2bL9S5n5E,1.0,0.3142857142857143
R_2sTMgra0niZh17V,1.1142857142857143,1.1142857142857143
R_2tx289rHVeB2tKB,1.8235294117647058,1.4705882352941178
R_2TLETUNWFRJDSk9,2.057142857142857,2.057142857142857
R_3m8BAKhkNMxuLwl,1.935483870967742,1.935483870967742
R_3GvzhuKxLJHQwTk,1.9142857142857144,1.8
R_3D0hgtW1838pnwy,1.4857142857142858,1.1428571428571428
R_3lWDyD4QdqocgRa,1.3714285714285714,0.22857142857142856
R_3LYopycqjz6E7GF,1.542857142857143,1.4857142857142858
R_2uVyYClXg6TfSvW,1.3142857142857143,0.34285714285714286
R_O0ugCNyPns8At3P,2.0,1.8285714285714285
R_dhtynr8FCyhoXex,1.7142857142857142,1.3714285714285714
R_2TpGmpmK2JTeBap,1.2857142857142858,0.8857142857142857
R_2fxJ0lSl8UMxh8M,1.4242424242424243,1.0606060606060606
R_5mOlyfzhT9w0w7L,2.2222222222222223,2.2222222222222223
R_ANEm1Zq7f9ISVXz,1.631578947368421,1.631578947368421
R_2WU1kPmBGACDINu,1.5135135135135136,0.918918918918919
R_33fIYzDbfVbespI,1.7777777777777777,1.7777777777777777
R_3F4LGvEbT35oYat,2.0789473684210527,2.026315789473684
R_3QLD4VmxcRD0dyg,1.236842105263158,0.07894736842105263
R_3Rw89bnvUwcAor8,1.9210526315789473,1.7105263157894737
R_1IWwexWeCZ2GMNU,1.3243243243243243,0.40540540540540543
R_sXnOTJkZBWBHK9z,1.4210526315789473,1.4210526315789473
R_1QFLdbA4OyFJtzj,1.4166666666666667,0.6388888888888888
R_qVg820N4v0b9w3v,1.7894736842105263,1.736842105263158
R_3h3LKHIALQ0LTd6,1.3157894736842106,0.9473684210526315
R_dio237VA6wNIK2t,2.1578947368421053,2.1578947368421053
R_3UxrG0QNgYGxnHz,1.105263157894737,0.2631578947368421
R_2CpFYELqziauIwr,2.1315789473684212,1.9210526315789473
R_3D2BPbrASFUPtd7,1.4473684210526316,1.236842105263158
R_wL8iNQz13CA427D,1.7567567567567568,1.7027027027027026
R_3HUrvtqrVlZjVnU,1.5526315789473684,0.6578947368421053
R_2RP5I9WF5sJwmDv,1.1891891891891893,1.135135135135135
R_2bK9399qs8u5Jht,1.131578947368421,0.6052631578947368
R_3nrr7HNqXbPV5Pa,1.8157894736842106,1.8157894736842106
R_2an3aAQJ2ZZLdbS,1.925,0.275
R_21nDv4sOa7tOJsh,1.3170731707317074,1.170731707317073
R_1kUgVptsjObSFq9,1.2926829268292683,0.5121951219512195
R_11Yruxzazyz7jyT,1.7837837837837838,1.5135135135135136
R_3RaOhTKTOiGy9Kr,1.7073170731707317,1.6585365853658536
R_2EgbkN0lxHsIWx9,2.282051282051282,2.282051282051282
R_12u38CP0ANoR9dV,1.7317073170731707,1.5853658536585367
R_26hhFkcX0OcGUWM,0.8974358974358975,0.6923076923076923
R_24pjXSJTZbbg0xl,1.641025641025641,0.5128205128205128
R_3DkgpcF1LnVaf05,1.048780487804878,0.6585365853658537
R_1N2hChBOCk0J2zl,2.225,2.225
R_3a6lKrVJCo42exr,1.475,1.425
R_0umyUs1041lSjMl,1.0476190476190477,0.47619047619047616
R_1MXoDk41sUKfSGT,1.6756756756756757,1.6756756756756757
R_2UXkBMpJyvawo2A,2.4634146341463414,2.4634146341463414
R_29fXozItuN7Wzn9,1.8048780487804879,1.8048780487804879
R_11iG5w3Dq2kCHwg,1.5609756097560976,1.5121951219512195
R_W3v1QGYMZsrmUAF,1.7560975609756098,0.8292682926829268
R_2CPsqOPqsRqGcxI,1.45,1.1
R_3Jsjr3ebbsGe8Ex,2.4634146341463414,1.7804878048780488
R_1ovZCzFrH2e7mVz,1.435897435897436,1.2307692307692308
R_3P5FDPmRGRIxHZg,1.4736842105263157,1.368421052631579
R_2YX0yQbmWHUeu9z,0.90625,0.71875
R_1ooINi520XPdTdo,1.6216216216216217,1.2972972972972974
R_D16mc67RYMHRYJz,1.2432432432432432,-0.3783783783783784
R_YSqARku3Mrq77sl,1.7837837837837838,1.7297297297297298
R_2qjWnX2HstFLClC,1.2727272727272727,0.5454545454545454
R_YPJE1HuYCcHcWlP,1.5405405405405406,1.4324324324324325
R_2QtTxrarnP5FKLN,1.1578947368421053,1.0
R_3OizyAxFCYuVWyc,1.0526315789473684,-0.05263157894736842
R_vw9yeiP5vjWUCtz,1.3243243243243243,1.1081081081081081
R_2COYJaayWCxdKZ7,2.026315789473684,2.026315789473684
R_1rNgyKWPRDhBTFc,2.0526315789473686,2.0526315789473686
R_Y5KnPZLf7122SD7,1.868421052631579,1.4473684210526316
R_295MqbizdEgECkm,2.3461538461538463,2.3461538461538463
R_1DAJLyY67tKBhnq,1.3055555555555556,1.0277777777777777
R_AM5hXoFq0grfbFL,0.8421052631578947,0.47368421052631576
R_W2TS028ZsqlTSwh,2.1578947368421053,2.1578947368421053
R_O75UtKmTdoSCRUJ,2.1578947368421053,2.1578947368421053
R_24hFY4thEHMD5ZL,1.368421052631579,0.3157894736842105
R_RRJywNtYMNsuvT3,1.0555555555555556,0.8888888888888888
R_3kO4iOq0btQlQ9q,1.3055555555555556,0.9722222222222222
R_2tldWMST4B1H03a,1.28125,0.96875
R_2rD6Y0y7l6bpWuf,1.3888888888888888,1.2222222222222223
R_10VnjnhDIRVnz5s,1.5526315789473684,1.4473684210526316
R_2ClDGWZiquWjfHI,1.475,-0.575
R_2qruYVkFstVcPLP,1.5121951219512195,0.1951219512195122
R_3HOeee1nVNelWab,1.5365853658536586,1.4878048780487805
R_3kDm4JDFW4d5SuZ,1.7317073170731707,1.5853658536585367
R_qUAmoEsHn2flc4h,1.5121951219512195,1.0731707317073171
R_2YM9SStzl1cVcdA,1.3902439024390243,1.146341463414634
R_2VPJ3HzkzEmZeQY,1.5853658536585367,1.5853658536585367
R_2TYO1aJRBf73MqR,1.0975609756097562,0.5609756097560976
R_cDaxowLszNDKfUl,1.25,0.35
R_3kERcY1tCoEVFlw,1.0,0.8048780487804879
R_UcjwusS5SakJxe1,1.775,1.275
R_ekxiIEbuziynrK9,1.2439024390243902,1.146341463414634
R_24qNSMBelz2pywu,1.7560975609756098,1.7073170731707317
R_1IzP2OYDF5e6DqN,1.4871794871794872,1.4871794871794872
R_1oBvMG27C7E9Cyk,1.1951219512195121,0.17073170731707318
R_3F2xc0ypEWWFQOP,1.975609756097561,1.975609756097561
R_vBOc4nVzs6t7JqF,1.146341463414634,0.7073170731707317
R_1FE48lIU8tJ04O5,1.3902439024390243,-0.8536585365853658
R_1daCpXuNpKwyM2V,1.3170731707317074,0.3902439024390244
R_3r355mNCyXIPgBV,1.4390243902439024,0.9024390243902439
R_3O95dFXHRS4FZbx,1.6097560975609757,1.4634146341463414
R_3pfl3C0Qq7Acqz3,1.5135135135135136,1.4594594594594594
R_0POTr13HtSf8si5,1.5121951219512195,1.4146341463414633
R_ZvChPdpDXCZUQ4F,0.925,0.875
R_tYdOAMmclaaEhIB,1.2972972972972974,0.16216216216216217
R_2tiiHCdbaZMTtRI,1.4210526315789473,1.3157894736842106
R_1H1u9RAnDPRSWGn,1.3333333333333333,0.8888888888888888
R_1OK95XJh7BF3jNX,1.368421052631579,1.105263157894737
R_2YVc5ULHZi5p2z8,1.1842105263157894,0.7105263157894737
R_2fm5Hw4AKlm71U6,0.7,-0.1
R_3fldRJeffqdjMY1,0.7368421052631579,0.47368421052631576
R_3syxLS0Jc8zZMjl,1.2894736842105263,1.236842105263158
R_3LX2CvavXvVu1Kw,1.605263157894737,0.6052631578947368
R_1JXjsMXXEJJXFng,1.394736842105263,1.0789473684210527
R_ONbOplTRFnCmVwZ,1.0277777777777777,0.5277777777777778
R_yWOeV6PkIM8eEjD,1.2857142857142858,1.0571428571428572
R_3kyRH46nZq1EWTo,0.8611111111111112,0.8611111111111112
R_3QJZWEHc3gkExOh,1.09375,-0.03125
R_2U56SrAyE1p9SpF,1.236842105263158,-1.0789473684210527
R_3EiHrjJfmqlYKXm,0.8235294117647058,0.7647058823529411
R_1j8PIHvf4JWHAEy,1.5555555555555556,1.4444444444444444
R_2cjFjBsLGERysv5,1.7941176470588236,1.6176470588235294
R_1k02u2AGxp8275Y,1.605263157894737,1.605263157894737
R_3rGtQ9vL7O6GyBk,1.0810810810810811,-0.4864864864864865
R_3n0nR7yZtVYr3Kb,1.0952380952380953,1.0
R_22xX01i0AI0tnoV,1.105263157894737,0.631578947368421
R_2qpJbBldFGweE8Q,1.605263157894737,1.605263157894737
R_1Nyldc06dBAQAjn,1.2352941176470589,1.2352941176470589
R_31GlXDBmo9x7Hi3,1.9736842105263157,-1.1842105263157894
R_3JDCWD3vUb0DYOq,1.868421052631579,1.868421052631579
R_1LczH3It9zWNijn,1.0526315789473684,-0.2631578947368421
R_2DMF5LuABSo2RMK,1.7714285714285714,1.7714285714285714
R_ZtbCsgyhXWc6oHn,1.135135135135135,1.135135135135135
R_3m4gcEdStQgHuic,0.9333333333333333,0.7333333333333333
R_SOjSLsXAfqTw0TL,1.394736842105263,1.2894736842105263
R_1LIhQ6fk6sbQfL9,1.1153846153846154,0.11538461538461539
R_21GI2cF0d2cKLQM,1.4210526315789473,1.2105263157894737
R_RUXZvqj9Qzzp7QR,1.131578947368421,0.5526315789473685
R_3oAtguDV1ChsRbK,1.736842105263158,1.736842105263158
R_2wNuTdX9nYbLx7G,1.5833333333333333,1.1944444444444444
R_3jexLvqWNWagsNb,1.131578947368421,0.8157894736842105
R_3jcDo2RHgJCEH8f,1.0,1.0
R_DBS5uoT2ToIr86R,1.1578947368421053,1.1578947368421053
R_6WHo575Ssv03itr,0.8157894736842105,0.7105263157894737
R_0xFJcA7W6H3JB85,1.054054054054054,0.08108108108108109
R_w0CFYN9ey9Idoyt,1.5555555555555556,1.4444444444444444
R_30waxkMvt4tWPjO,1.1666666666666667,1.1666666666666667
R_3JrcsHcRrtulkJ4,1.4,0.8857142857142857
R_2QffpzTY4VtUVs2,1.6,1.1428571428571428
R_eldHF2nBKWBibo5,1.2857142857142858,0.5428571428571428
R_2DZgRidoMxm4LJT,2.0606060606060606,2.0
R_1pFH7QAgEHHoSf0,1.3714285714285714,1.2
R_PU7IzecgxgaVR2p,1.3428571428571427,1.1714285714285715
R_27stf4LH6vFSxEE,2.142857142857143,2.142857142857143
R_3fZv3squBRBas02,1.5714285714285714,1.2857142857142858
R_1LoHjrrLArFLPj0,2.142857142857143,2.142857142857143
R_1FnvRcDX014DWI1,1.2285714285714286,1.0
R_26nznsIpK1u4lnc,1.71875,1.59375
R_1qgs4rQyY3gvYIB,2.1818181818181817,2.1818181818181817
R_20TKsA2cevcci6B,0.9705882352941176,0.6764705882352942
R_BrDMaLTuGVEcoM1,1.5714285714285714,1.2857142857142858
R_3r0USFa8IsiR1ix,2.090909090909091,2.090909090909091
R_1OSGQIhytXnGz9y,1.5714285714285714,1.3428571428571427
R_23e1bMkpFzNKIuT,1.7575757575757576,0.9696969696969697
R_1NCC3aXhmXgEiQZ,1.1142857142857143,0.14285714285714285
R_yINro4dMPGl2Ywh,1.5833333333333333,1.4166666666666667
R_yOdmZqeblWQTGjT,1.3333333333333333,1.2727272727272727
R_2VkgeW3n7glhFRs,1.4137931034482758,1.3448275862068966
R_PGaFHgcmArjbIKR,1.935483870967742,1.935483870967742
R_0fA3HNBDy2n0EI9,1.7105263157894737,-0.7105263157894737
R_3fw4T6DSbtFgE04,1.3157894736842106,0.631578947368421
R_1FtQwPDIYGN19et,1.263157894736842,0.7894736842105263
R_voZSo6lyLbHUWGt,1.868421052631579,1.868421052631579
R_237wWIgRqPWnIP4,1.236842105263158,-0.02631578947368421
R_2qF1MzA21bYZhTv,1.0789473684210527,0.2894736842105263
R_1hX8RZjGsIstfsO,1.162162162162162,0.5135135135135135
R_79yyjA3etTDEHWV,1.3513513513513513,0.2702702702702703
R_1LtVYKSxuM9oU0R,0.7368421052631579,0.2631578947368421
R_1rMSzprOkePmiHV,1.2692307692307692,0.8076923076923077
R_25swKny4rUMGiv1,1.837837837837838,1.837837837837838
R_1mfPB5U3BFxkzXM,0.918918918918919,0.3783783783783784
R_UROxbfDvykbTNhD,1.2105263157894737,0.42105263157894735
R_VWsblL51HFjaAc9,1.6578947368421053,1.5526315789473684
R_12Gg16xvVQ8XM9j,1.0,0.7714285714285715
R_3shUtMbgodaCfmt,1.4473684210526316,1.3421052631578947
R_UEneNNiFbuoq50Z,1.3421052631578947,1.0789473684210527
R_216Y8hznD9a8crP,1.5,1.4473684210526316
R_2qsiJqPYCDd4nFl,1.1578947368421053,0.9473684210526315
R_bqmgSOMUzyuOtdn,1.0,0.6470588235294118
R_3envUei9Vq3ePFZ,1.3157894736842106,0.21052631578947367
R_3lDZqeHOYFQJ7RK,1.3142857142857143,-0.6857142857142857
R_1n3B0Y6S0PM8ry2,0.9393939393939394,-0.2727272727272727
R_qRyYyV13hrGWZKV,1.4,1.3428571428571427
R_2tomwawEfVjvQl2,1.3714285714285714,0.2857142857142857
R_2pYxksIBDfRjfcN,1.3428571428571427,0.8857142857142857
R_1DoQlb3Zbki4jYa,1.4285714285714286,1.0857142857142856
R_3Kq0ahdZlSJEYmB,1.3142857142857143,1.1428571428571428
R_vMsUajhLfAxDa7f,1.2285714285714286,0.7714285714285715
R_a4wd5MkqK2YkfIZ,1.5714285714285714,1.5714285714285714
R_3fNOvO7TMfYOq5A,0.8823529411764706,0.5294117647058824
R_6XAQv39x3se3ao1,1.3703703703703705,0.7777777777777778
R_3FKvUZe9BH89xrC,1.6666666666666667,1.6
R_2AEyQ4zhDy08N9y,1.1142857142857143,0.8285714285714286
R_2c8DEvKYVb49tCz,0.9714285714285714,0.5714285714285714
R_1n8aHW5PXbIi8sT,1.4857142857142858,1.1428571428571428
R_237FH5dcfsOPXOB,1.7142857142857142,1.7142857142857142
R_2dLXjP4sYgAZx1O,1.3333333333333333,0.12121212121212122
R_3MFMffFM0BkztU2,1.0,0.5294117647058824
R_1q3TkUwDFNRbvh1,1.2058823529411764,-0.20588235294117646
R_2vdzaWGFWAMw7gq,1.5454545454545454,0.7575757575757576
R_TnKjeyGFQ75FPt7,0.9142857142857143,-0.34285714285714286
R_Pv4xNaDno76z5zb,1.103448275862069,0.9655172413793104
R_1DBdqJXrcROJu7a,1.2647058823529411,1.088235294117647
R_VKixA9SmK1zY6Ih,1.2333333333333334,0.5
R_1rMl64HZGhxLStM,1.46875,-0.40625
R_BQgsOQyhFqRTxIZ,1.4242424242424243,-1.1818181818181819
R_wOfxmqJRZXPNkpr,1.0285714285714285,-0.22857142857142856
R_2zJj8CoaIshlYRi,1.2285714285714286,1.1714285714285715
R_1Icqo0kyo2j5Qiu,1.4285714285714286,1.0285714285714285
R_1gFouIaR884oXTz,2.257142857142857,1.8571428571428572
R_3DbtXJrtTCUKNtY,1.1176470588235294,-0.35294117647058826
R_UA3le42Gdvldmoh,1.21875,0.78125
R_2s4GEUhr99mcToB,2.057142857142857,2.057142857142857
R_4ZQ8qsNI7N7krUl,1.4166666666666667,0.6666666666666666
R_qUa6y4eBAgGWUud,2.2285714285714286,2.2285714285714286
R_QcvLp8QI7BVJI2d,1.5588235294117647,1.2058823529411764
R_21HZfQ7bd0YfraG,1.2285714285714286,1.0
R_2S30Ierfyoc1drA,1.1764705882352942,0.9411764705882353
R_1nYBP8Bn5e325K0,1.088235294117647,0.3235294117647059
R_3NIfXT757JWgYpm,1.542857142857143,1.4285714285714286
R_3OlAOTtnif3Mf9H,2.2285714285714286,2.2285714285714286
R_2dgywAW2HJ31l9e,1.2571428571428571,0.5714285714285714
R_7Us0qxg53lLlDwZ,1.7714285714285714,1.4857142857142858
R_3qmnnC0MsEu4emN,1.5714285714285714,1.5142857142857142
R_1Q4lVVLT8j7rbww,1.2,1.1428571428571428
R_1IB33xjOsLIcGjq,1.3333333333333333,-0.24242424242424243
R_3oC4TZBvA6OP2JH,0.9696969696969697,-0.24242424242424243
R_3fdj3AbRpjpeS9x,1.7714285714285714,0.8
R_3PdUAEbS3MeF0Le,1.4,0.7142857142857143
R_3PyGR307kvsnocq,2.0,1.9428571428571428
R_1i4d0BIkgqUcIE0,1.2857142857142858,0.5428571428571428
R_3MgL6zDOBJLRuYK,1.7142857142857142,1.4857142857142858
R_erZpMvKR1OfsK9b,1.8285714285714285,1.7714285714285714
R_2zkWOLLiUhLvmPB,1.7575757575757576,1.6363636363636365
R_1obZhPXVyaOZRhV,1.7714285714285714,1.6571428571428573
R_1eyJhyptQmUItSS,1.9696969696969697,1.4848484848484849
R_r6fghsTZLlyEnQd,1.6666666666666667,0.3333333333333333
R_2aRzRnBV4sCTn1q,1.4333333333333333,0.43333333333333335
R_2P5rBIwEuFUayI8,1.4857142857142858,1.1428571428571428
R_YVK36EQElLwuQWR,1.8,1.5714285714285714
R_1N5irnXXay9BLKD,1.8,1.6285714285714286
R_p4YxWO4TOYMi5ix,1.393939393939394,0.9090909090909091
R_3MKCoDXMArCgrls,2.4857142857142858,2.4857142857142858
R_RkHxsK7VwGzV2Zb,2.4571428571428573,2.4571428571428573
R_1C9h0LlHhkq1tWW,2.1739130434782608,1.826086956521739
R_1IFTpcmpYms9oKw,2.129032258064516,2.129032258064516
R_2D0n4xBV0muRiIX,1.6857142857142857,0.7714285714285715
R_7WgGyAiLxH6O2hH,1.8333333333333333,0.7666666666666667
R_1hWl2bjdyexHC4e,1.5714285714285714,1.0571428571428572
R_1puLbmcUPwmDNWF,2.4857142857142858,2.4857142857142858
R_4I3WBfgWdq36Kbv,1.75,1.4375
R_27U3vlb9VTqg0ql,1.6857142857142857,1.2285714285714286
R_3Hhum45X0zeuMfZ,1.4722222222222223,0.8055555555555556
R_28MtoEZcsKvbvKa,1.105263157894737,-0.21052631578947367
R_2AYh1oJkEpEIEV3,2.0526315789473686,1.105263157894737
R_1LiMRK22R9tbBPo,1.5,0.7631578947368421
R_bC451MwrfewzKKZ,2.1052631578947367,2.1052631578947367
R_2Vq09chm748Yl6M,0.7777777777777778,0.16666666666666666
R_3Oe3I0LowNPPsfk,1.5454545454545454,1.4242424242424243
R_2fuI2WFifyrp37d,0.7941176470588235,-0.029411764705882353
R_21b34dHBvFmugFi,1.6551724137931034,0.7586206896551724
R_2rUtYUVOyNhiyUi,1.894736842105263,1.631578947368421
R_24Np31cObjUyCeW,1.7027027027027026,1.5945945945945945
R_3PKThSm5dlUM2Zf,1.3421052631578947,0.9736842105263158
R_2YFgnRDjZYOsOTW,2.1666666666666665,1.8888888888888888
R_3EcWJWJZvM9u7PI,1.5263157894736843,0.7368421052631579
R_a2zVaaRLeKFHX4B,1.394736842105263,0.7631578947368421
R_3lE97nt2WwDj5yM,2.5789473684210527,2.5789473684210527
R_29vrjoIMc07b69I,2.5789473684210527,2.5789473684210527
R_1ONSjOHGjt7SYP1,1.894736842105263,1.8421052631578947
R_3OfteFjZ33vFMhn,1.631578947368421,1.1578947368421053
R_1N2IhhwFYSFLQJg,1.0263157894736843,0.13157894736842105
R_2uKdKqwFxyHUapy,1.6486486486486487,1.4324324324324325
R_1P0MP34pRbkvrMJ,1.4594594594594594,1.2972972972972974
R_1mgyB0ZuB5FlnkR,1.2571428571428571,1.1428571428571428
R_8k52upM85adIzXX,1.1666666666666667,0.9666666666666667
R_1diE9fW9JJUFD69,0.967741935483871,0.8387096774193549
R_1l3IulqnCsnzCFQ,1.1142857142857143,0.6571428571428571
R_1kLADUxaN29SY3c,1.0285714285714285,0.6285714285714286
R_1relIsYmF5PdK37,0.9142857142857143,0.11428571428571428
R_vcU8zQqF8mVYlvX,1.8529411764705883,1.7941176470588236
R_2YbKqPHDT4NVh7F,1.6764705882352942,1.2647058823529411
R_3PpDRFtSDONr3Aa,1.8,1.7428571428571429
R_6Vx995q9qkdFrW1,1.3571428571428572,1.0
R_11X6apMkv3zZXKc,1.5714285714285714,1.4
R_3suopIykHoDcWaU,0.8285714285714286,-0.02857142857142857
R_3Po5P0FSeRpg0Vm,1.1714285714285715,0.8857142857142857
R_1Eg578NrInE736G,1.1470588235294117,0.029411764705882353
R_3KqrCXXimgv6XS0,1.2058823529411764,0.6764705882352942
R_2Yidu3xQH2B8h80,1.0571428571428572,0.3142857142857143
R_1ozptIhuCqTPg2K,1.2285714285714286,0.7142857142857143
R_2PjRWpKQ72aZOFA,1.4285714285714286,0.17142857142857143
R_PU4kSMgEFMp0LRv,1.4285714285714286,1.3714285714285714
R_3nxzzyQ15EUNlSb,1.3142857142857143,0.34285714285714286
R_3Mfe30LWbtXHG0Y,1.8285714285714285,1.7142857142857142
R_Z34ZaMuyhZ6Athf,1.588235294117647,1.588235294117647
R_xDSNvtwhcqdaFBD,1.9142857142857144,1.9142857142857144
R_UbRpg9EAXNvWxdn,1.6571428571428573,1.542857142857143
R_1OUFxEjQL14EnIf,1.1764705882352942,-0.058823529411764705
R_Y93svv8HtyQTPUd,1.542857142857143,1.3714285714285714
R_xGbjJ7BM7LUgCRz,1.457142857142857,1.0571428571428572
R_33lue0lDlV5ubmP,1.7428571428571429,1.6857142857142857
R_DUE0pEplSRoElPz,0.7714285714285715,0.2571428571428571
R_1l0lfdqeb1lbSxb,1.2121212121212122,1.1515151515151516
R_23ZBRfktYeUTbkT,1.2666666666666666,1.2666666666666666
R_1GHVYjSC1XMtE12,1.3142857142857143,0.05714285714285714
R_rrm5ZiVVRLMYAg1,1.5714285714285714,1.5142857142857142
R_WwXyadp77kOFTgt,1.6,1.6
R_12DSlK3HHrvekcY,1.2285714285714286,0.42857142857142855
R_2zAYkZSEGHK95dI,1.3142857142857143,1.3142857142857143
R_1nNMmfcZZeScMX4,1.6571428571428573,1.3142857142857143
R_1IbcGWdJ2iPhJtt,1.2857142857142858,-0.37142857142857144
R_z3bDoxc17yZ7Y3L,0.7714285714285715,0.2571428571428571
R_3h0FToNjemJUR4I,1.0571428571428572,0.7714285714285715
R_6msLhpVEX22Zu13,1.34375,1.21875
R_12MyVeDY1UCMlXu,1.4193548387096775,0.7096774193548387
R_u2HVVPzPpLAc66B,1.8857142857142857,1.8285714285714285
R_3NPU9uve11MpqcA,1.5142857142857142,1.457142857142857
R_31HSkA3SI4By2pe,1.5294117647058822,1.5294117647058822
R_1IzOa3wON0VHOgM,1.2058823529411764,-0.2647058823529412
R_XhAv4pmQu7L5Q9b,1.21875,1.03125
R_3Dj8aeAhZnumlBn,1.9714285714285715,1.9714285714285715
R_3R43qng8qth5duN,2.0,2.0
R_2QGtnK6KlgG07Ym,1.7647058823529411,1.7647058823529411
R_UWHDx5lyIYHa8il,1.0,1.0
R_3MhZrFJfr3qdzAt,1.2285714285714286,0.6
R_2XdRvlIDHV3rpjR,1.4827586206896552,1.4137931034482758
R_1jpvaOdTQfplzeG,1.1818181818181819,-0.2727272727272727
R_3haQbt8KzwYH6Jh,1.4857142857142858,0.9142857142857143
R_2zzMRJF3c8G469z,1.1714285714285715,-0.08571428571428572
R_1fdYuikCRspn2hL,1.2285714285714286,1.1142857142857143
R_pmeFCYofXXczU09,1.088235294117647,0.7352941176470589
R_552msIRu2ZWN8m5,0.8571428571428571,0.4
R_24bG5oIW2Stohjl,1.6764705882352942,1.6764705882352942
R_1hEVap6Fdda9jlQ,1.0285714285714285,1.0285714285714285
R_1GW8BekQzygPaUM,1.7428571428571429,1.7428571428571429
R_2SHnURpAXCX55VI,1.186046511627907,1.0930232558139534
R_3q9W4LEHIb0m56a,1.3076923076923077,0.5897435897435898
R_RRBZgd9PxR6MNYR,1.8372093023255813,1.6511627906976745
R_2txUEr6gW52poRw,1.7209302325581395,1.5813953488372092
R_3R31zih6fnouc66,1.4523809523809523,1.0714285714285714
R_31LatfPhDFEV9Gf,1.5813953488372092,0.5116279069767442
R_125MHmkQ9rmv9Jj,1.2790697674418605,1.2325581395348837
R_ebcYrD3E73lV9Pr,1.2325581395348837,0.7674418604651163
R_1JFUxHG8P2ZeNaQ,1.3255813953488371,0.6744186046511628
R_1IlPlXf3U11F0WV,1.325,1.125
R_2tJB7kurzwrOUib,1.5263157894736843,1.5263157894736843
R_x5YzJ7I3gqRLyIV,1.1395348837209303,1.0
R_ysS7toXvtjTFe37,1.5476190476190477,1.5
R_2usLm1brXel20lj,1.8571428571428572,1.6666666666666667
R_1KvhWmug8Op864U,1.725,1.725
R_3OlxZ5rStKH4rDE,1.2790697674418605,1.1395348837209303
R_OPSmoLEXNGNJPDr,1.7380952380952381,1.7380952380952381
R_1kXFSQPWjr0YhE1,1.5348837209302326,1.5348837209302326
R_3BLKDbZRIurWPkZ,1.8837209302325582,1.8372093023255813
R_56aeZR5oZYoeHkJ,1.6341463414634145,1.6341463414634145
R_4TOHCqVeORvd3JD,1.2325581395348837,1.0465116279069768
R_1jNaYzN5OmXtOOd,1.0857142857142856,0.8571428571428571
R_1DoqmklJD6E0dwT,1.0416666666666667,0.7916666666666666
R_2eQjSVZCwp2w7cv,0.9230769230769231,0.8205128205128205
R_3mlfYjt0oMTl6KL,1.3548387096774193,-0.967741935483871
R_2QoLVYEVgX0N32w,1.2903225806451613,0.1935483870967742
R_3fHME3C51De4RUq,1.0,0.5757575757575758
R_10I5qhuAPp2fOkq,1.391304347826087,1.3043478260869565
R_3Dkm46WLrHxEMy3,1.1470588235294117,0.7941176470588235
R_3qUnll3w41e996z,1.2058823529411764,0.4411764705882353
R_3hDE1HvHOH1Khhl,1.2222222222222223,0.18518518518518517
R_1jIgQDdPUPXBFg7,1.121212121212121,0.21212121212121213
R_xr7biZ7CSfIo5Et,0.9705882352941176,0.8529411764705882
R_22siYqX4cbiREQB,0.8823529411764706,0.35294117647058826
R_1hLu9mdf5kHxfQZ,1.3529411764705883,1.0588235294117647
R_eQdV8lBf99razNn,1.3333333333333333,0.0
R_A5ycP8jRSQX0lVL,1.9411764705882353,1.9411764705882353
R_ZJeWaf7nf15shDX,2.0588235294117645,2.0588235294117645
R_9vng4uLlpq3xDOx,1.1764705882352942,0.8235294117647058
R_2rNGvYsstDb1eTc,2.0588235294117645,2.0588235294117645
R_1BQtqBYQFVEKQot,1.9705882352941178,1.2647058823529411
R_24BllmIx4BcjbzG,1.6470588235294117,1.0588235294117647
R_3QGCtiWATFUMSkB,1.2941176470588236,0.5882352941176471
R_1Qn175Y8HCYCJi7,1.5454545454545454,0.9393939393939394
R_2Xn5KZn8HVCqxpX,1.375,0.625
R_2CJorwxIGMASAEl,1.6764705882352942,0.9705882352941176
R_DOVRZYeQQxMH4Vr,1.8823529411764706,1.8823529411764706
R_6FHFIjBxV8kHItz,1.1224489795918366,1.0408163265306123
R_AuPPFCs3wx75Ll7,1.0833333333333333,0.5
R_1OTrkOXS7fYvSdd,1.9183673469387754,1.9183673469387754
R_1obd5Mm7Z0PnqSk,1.5,0.7727272727272727
R_1DAQm16vftXLTlL,1.0,0.42857142857142855
R_2zpSgYL9q71Sikw,1.2040816326530612,0.9183673469387755
R_Wd0OaqlAkdk2peF,1.8541666666666667,1.8541666666666667
R_ym9haJaeAbXAUmt,1.2653061224489797,0.8571428571428571
R_A5kQNSK4L6ucd3j,1.25,1.1388888888888888
R_2c17v9qUdIwyhEf,1.3877551020408163,1.3061224489795917
R_24N5CxClypQLaJC,1.2444444444444445,0.8
R_3PddUTkfFK4200w,1.0476190476190477,0.6666666666666666
R_2q41F6pF7bLi3U9,0.9795918367346939,0.6122448979591837
R_1oFsbCPtWluQMXm,1.7083333333333333,1.625
R_ALiaCbLwDrysPFD,1.9591836734693877,1.9591836734693877
R_3rSJi5bsrBeht6x,1.608695652173913,1.608695652173913
R_6mtQV9TOOJaiIIV,1.0816326530612246,0.8775510204081632
R_2qwI5N4gvx2lOvQ,1.6734693877551021,1.510204081632653
R_3lFhnJqdYPrZXyH,1.2857142857142858,0.9183673469387755
R_1K76K82rADZNjg6,1.3061224489795917,0.4489795918367347
R_25z62xP2qNAk6TE,1.530612244897959,1.4081632653061225
R_1j8MvbNcuOVXvPa,1.4285714285714286,0.5714285714285714
R_1nN2L0vpQB8B76p,1.7428571428571429,0.8857142857142857
R_3MQDFw4tY2XgLWA,1.4411764705882353,1.3235294117647058
R_3RraoqiQFTOi8vp,1.4285714285714286,1.3142857142857143
R_XGqbSirgB7SOkNz,2.1142857142857143,2.1142857142857143
R_djybaKBwoViIpDb,1.8,0.2
R_AM0T8XFgEILIzVn,1.3714285714285714,1.0857142857142856
R_3aqXhja2dVRLQUF,1.3823529411764706,0.14705882352941177
R_1P1WUWJquH4MjQk,1.8,0.7714285714285715
R_1Lnu65wH4iN5hY5,1.4285714285714286,0.5142857142857142
R_21nOMRrDO8QXw39,1.411764705882353,1.2352941176470589
R_3HOoD4G1YkCX5UZ,2.057142857142857,2.0
R_Rwsu1qvJSFLIuYh,1.5925925925925926,1.0
R_3D5Xt2P3kNRYMe1,1.3235294117647058,1.2058823529411764
R_2uCn2tn3TMbWjJU,1.3235294117647058,1.3235294117647058
R_1ItqQ2AjsLkRBMy,1.2857142857142858,0.6
R_xaSq3Cw9t4yRGxz,1.1428571428571428,1.1428571428571428
R_2Y3coW73Tj9GSpR,1.3870967741935485,0.03225806451612903
R_cuLBVaDDHndzUv7,1.7142857142857142,1.3714285714285714
R_1P0FzwqNowiGVEl,1.6857142857142857,1.5714285714285714
R_2qkFW8ql2lpayoP,1.6666666666666667,0.09090909090909091
R_27cWIT0obkuiGwH,1.4516129032258065,0.6129032258064516
R_x4NLYCitM4kzKDL,1.2571428571428571,1.2
R_3fZ8JOK4Hep0YIf,1.1,0.6333333333333333
R_2pLdkxhOEScgaPk,1.2857142857142858,1.1142857142857143
R_2oCEwI09olsTrxv,1.5142857142857142,1.0571428571428572
R_3rMpa22z0A550WI,1.4285714285714286,0.8571428571428571
R_Ah5Z5mU8E2LY4Y9,1.9411764705882353,1.9411764705882353
R_yHDrYznjySjHPTX,1.4,0.6
R_1IsjQ1CTMChNbqA,1.2571428571428571,0.11428571428571428
R_2robHBWvE39S0Nf,1.3428571428571427,-1.0571428571428572
R_27NnSedX6lld9Gr,0.9714285714285714,0.9142857142857143
R_3iLvy9toRtxKbB2,1.3529411764705883,1.3529411764705883
R_1oumq1iJBLc31z4,1.3235294117647058,1.2058823529411764
R_1iqutUI7QgqIosC,1.6857142857142857,1.3428571428571427
R_RE3HyFss2ZMnTe9,0.9428571428571428,-0.42857142857142855
R_3elRqIVRipF1TBu,1.7714285714285714,1.7714285714285714
R_3phFeWt7WttMDvm,1.0571428571428572,1.0
R_27fDafeBMvIf50q,1.8235294117647058,1.8235294117647058
R_3QK6WUU7HvSzHMy,1.103448275862069,0.6206896551724138
R_DrhB3uS8NmUA9Pj,1.7142857142857142,1.4285714285714286
R_31Lu8Fl7r9nwktU,1.2941176470588236,1.0588235294117647
R_12nH7ANvXnB329L,0.9117647058823529,0.6176470588235294
R_Uot2iuRN1bk6grT,1.878787878787879,1.878787878787879
R_ab2mtzshxuxeFhf,1.9142857142857144,1.9142857142857144
R_28OmtG0yNvq2De9,1.206896551724138,0.7931034482758621
R_8dDHVwEvD5dTBlf,1.4,1.4
R_2B5Ts4sV7dE7BEf,1.4411764705882353,1.3235294117647058
R_3qV8bbu78soBjiX,1.0833333333333333,0.6666666666666666
R_XByNdNil02MPRZL,1.3703703703703705,1.3703703703703705
R_usmlPCj3qX0zpDj,1.9714285714285715,1.9714285714285715
R_3p2Xf2B5GCH8Gew,1.3235294117647058,1.3235294117647058
R_1g7k5qtPR46KPIM,0.8571428571428571,0.7428571428571429
R_2UWcNjqLHU3qRVe,1.3235294117647058,1.3235294117647058
R_3G7ARVKr4BkNN3g,1.0,0.9428571428571428
R_1r9aU3hThJsUkQ6,1.8285714285714285,1.7142857142857142
R_3k0x9FjvmsTPWpz,1.3870967741935485,-0.16129032258064516
R_1OB674h34rklHF6,1.3428571428571427,1.0571428571428572
R_1P1Sd8SuFhwzIJt,1.4375,0.8125
R_AoittttcEXSs6lz,1.6,1.542857142857143
R_3spOuS8ps1Nlg7G,1.1818181818181819,0.8787878787878788
R_2qaUipWxBqDUBJO,1.4,1.2857142857142858
R_UEC7CBVarFZ4xrj,1.9428571428571428,1.9428571428571428
R_3fVJM8CVdbt6vSP,1.8857142857142857,1.8857142857142857
R_SVoaafplI6dTKg1,1.5588235294117647,1.5588235294117647
R_ZzdyAYOtHwPIcBX,1.3823529411764706,0.3235294117647059
R_1TFLM47sB1yVS4F,1.3703703703703705,0.037037037037037035
R_3kug4ddy2KHMw5q,1.542857142857143,1.4285714285714286
R_1meXjRmQHgYARkD,1.4,0.08571428571428572
R_28AoyZwaFvRfxQK,2.0,2.0
R_3qCqg2lm4sHSMIG,1.3142857142857143,1.0285714285714285
R_Ao0JjEWHnESsoyB,1.7428571428571429,1.7428571428571429
R_D7sK16Pu3dUaaJz,1.3428571428571427,1.2285714285714286
R_WC1ILgU73tqxctj,1.8857142857142857,1.8285714285714285
R_3IPK3BwttHy4IoO,1.2857142857142858,0.5428571428571428
R_2PvznvKKMt7NH6K,1.6285714285714286,0.37142857142857144
R_2xWWtA4dUxMWPyf,1.032258064516129,0.06451612903225806
R_Y90qWkBW8JCzryN,1.7714285714285714,1.7714285714285714
R_2uDGKvH5DLnK5XT,1.2571428571428571,0.9714285714285714
R_UW9HBBs409jmzPX,1.3235294117647058,1.2647058823529411
R_10SkDDMlGzhCErh,1.3529411764705883,1.0588235294117647
R_2qeIDSBeoWLmgPl,1.8571428571428572,1.8571428571428572
R_3qWMqhuwuYqzcES,2.1142857142857143,2.1142857142857143
R_3ijSmu01VTa13Ur,1.4,1.3428571428571427
R_1ookVcyFT9OH8xB,1.6,1.3714285714285714
R_ZJi9iIHbHIUHYnn,1.5714285714285714,1.457142857142857
R_3HMvB65m5EghSSI,1.542857142857143,1.0285714285714285
R_OvzMMIZSkMMKTcJ,1.3142857142857143,0.9714285714285714
R_2uWgGPKqxdRs6qT,1.2727272727272727,0.5454545454545454
R_31MJmbCe8UzpnRx,1.6285714285714286,1.2285714285714286
R_1NratNN5yTTyWIU,1.121212121212121,0.3939393939393939
R_pyiovveUthbdOGB,1.5714285714285714,-0.8285714285714286
R_9NZSZ8SZ5NM81S9,2.142857142857143,2.142857142857143
R_2sYeUWH1YuJqItV,1.8857142857142857,1.6571428571428573
R_3r1g6aVs5HRQ7M0,1.1176470588235294,0.11764705882352941
R_1FewtaW5wCAbNrJ,1.6470588235294117,1.4705882352941178
R_2B8T9HVROP3PPOA,1.2285714285714286,0.2571428571428571
R_UApTo9EVFdxLVol,1.0571428571428572,0.6
R_25ygqbdTxcC5Nra,2.142857142857143,2.142857142857143
R_1nORDWYAOHmFES9,1.2352941176470589,0.47058823529411764
R_3k7K1C7OArwMpqB,1.3333333333333333,0.7272727272727273
R_3qfLxbM9jbKVU5O,1.6,1.6
R_3ktD0B58D1GgfNj,0.8857142857142857,0.2
R_2Tz07AE0N3goCz9,2.142857142857143,2.142857142857143
R_3gYlUuawkZzPX0u,1.3125,-0.0625
R_1qaH0TcAxqBun8k,1.4411764705882353,1.3235294117647058
R_3PySUCo33j106l5,1.1935483870967742,-0.03225806451612903
R_5tGP5diybEptfZn,0.9714285714285714,0.17142857142857143
R_2fr0w4VIYxVP03t,1.2903225806451613,1.1612903225806452
R_2wFhF10aHEibu5e,1.5588235294117647,1.3823529411764706
R_1IXAQQoWHpkHNwQ,1.3428571428571427,1.2285714285714286
R_0cyJgV1GUVj7ytr,1.0810810810810811,0.8108108108108109
R_2wsiKetDSh9DaJe,1.394736842105263,0.868421052631579
R_3Pc79xV7QUMXxlD,1.3055555555555556,0.9722222222222222
R_1NrKqfs6wMZ4nSY,1.2285714285714286,0.6571428571428571
R_tJz2nP8CzYEuNAR,1.4864864864864864,1.2702702702702702
R_3irstIP9eIuHdKC,1.2105263157894737,0.47368421052631576
R_w7w5F2gGCEU1qO5,1.131578947368421,0.13157894736842105
R_1MVYVIkMBdHYfRR,2.0789473684210527,2.0789473684210527
R_2VlOXY95dxKrdmw,1.763157894736842,1.763157894736842
R_3QK8svzx6YJ736f,1.4375,1.3125
R_1JXB6NbS3qHF5ch,2.0,1.631578947368421
R_3G7Xu9zI6bMdPHw,1.0263157894736843,0.23684210526315788
R_2S8k7IQS4LYREzM,1.6470588235294117,1.6470588235294117
R_1HBKiTC7s7MmHwB,1.4864864864864864,1.4864864864864864
R_XB8d8l7AEx05ceR,1.7894736842105263,0.15789473684210525
R_3Kr73qpQsHMAzWE,0.8421052631578947,0.15789473684210525
R_1pQDLnocBmmXQ1h,2.1315789473684212,2.1315789473684212
R_RPNJ1I1ytcvcT1n,0.9459459459459459,0.2972972972972973
R_CdXv7AZs4sZkUwN,1.0,0.2631578947368421
R_8llcrJGMe652u4h,1.0263157894736843,0.8157894736842105
R_272MRD2Fqrfk32P,1.2105263157894737,1.0
R_1ltwb2cqokJCJ7o,1.0,-0.05263157894736842
R_2fkB57LvCCjM0PL,1.25,1.0357142857142858
R_1Hk7Qegnm2fDsVT,1.1818181818181819,0.21212121212121213
R_3jS69EFOdTsjHhL,1.945945945945946,1.945945945945946
R_BPpveXAlgggsQFz,1.0,0.2631578947368421
R_A6a8RmAOXR76PCx,1.0526315789473684,0.3684210526315789
R_1pLPDqOkl4gkgU9,1.131578947368421,-0.4473684210526316
R_2zoSMQ0IqXHgRom,1.0789473684210527,0.18421052631578946
R_31LtRBby8Dzxy8g,1.105263157894737,0.7894736842105263
R_DOE9oWV2DPIhYJj,1.0810810810810811,-0.7027027027027027
R_3HBusq4hSbYyrbA,0.9736842105263158,0.07894736842105263
R_1rkqMTrO6OMZwak,1.21875,1.15625
R_3FJtHVMJQhfSQKf,1.5454545454545454,1.4242424242424243
R_9nUufo63bLKYnEl,1.3636363636363635,-0.21212121212121213
R_8AnAbUU8gHDhSWl,1.1578947368421053,0.8947368421052632
R_3fwtBWDJhwOGWaO,1.394736842105263,0.9210526315789473
R_yrwJtxLPMGiLMo9,1.5526315789473684,1.5526315789473684
R_sTk5zElkUMUZUxb,1.9736842105263157,1.9736842105263157
R_29bRHdveDhPLTqH,2.0,2.0
R_eFj7PB21GOJTQZj,1.5789473684210527,1.4210526315789473
R_OrKicFVnZGZ3tIJ,1.4166666666666667,1.4166666666666667
R_2fcUhCxvE3fZvaY,1.605263157894737,1.3421052631578947
R_3lLUYgkkW8uddvK,1.1388888888888888,-0.19444444444444445
R_s5ociIzXsoVKPkZ,1.8823529411764706,1.8823529411764706
R_2DRXhTl2CtJVAR2,0.8947368421052632,0.21052631578947367
R_2D7v1YZfTPa78Xq,1.2105263157894737,1.105263157894737
R_2xQrWBSVy1X4jr2,1.6571428571428573,1.542857142857143
R_1rJFwyUQVJMrOLN,1.0,0.6875
R_1kIaKXcRF6fD41N,1.5714285714285714,0.02857142857142857
R_1hKoUVzLhAEsjIB,1.1290322580645162,0.8064516129032258
R_2f9tGfPxdHLzX8Y,2.2,2.2
R_3fK0iMT1RmMNL0c,1.542857142857143,1.4857142857142858
R_2v62CVMwkvPQqYf,1.7272727272727273,1.2424242424242424
R_vTE2Kg6Qs5OJjS9,1.457142857142857,1.457142857142857
R_3MxtcZmmqe8jWbe,1.2571428571428571,1.0857142857142856
R_D97KbzuDgmvmncZ,1.606060606060606,1.5454545454545454
R_DNQmJykmS4paOmB,1.9090909090909092,1.8484848484848484
R_2WCssYyxIkIdFiG,1.4,1.2285714285714286
R_CmBLYLlfthxfqg1,1.9411764705882353,1.2352941176470589
R_1d6yVBVu2ycneQf,1.5,1.1470588235294117
R_sXy4PcFoZsT4yZz,1.6571428571428573,1.6
R_2CBzZqgHBMtZ6YF,2.2,2.2
R_2rpcmWDtNbhCx3R,1.4285714285714286,1.3714285714285714
R_1nPYi4sWKBEAlpK,1.71875,1.71875
R_Uu4jIg5ibB28cX7,1.9375,1.9375
R_2feNcUiz85meYvH,1.2857142857142858,0.9428571428571428
R_vvhqk4IaaeSOZRD,1.2857142857142858,0.8857142857142857
R_1pQc7glcdX96xT0,1.2285714285714286,0.2571428571428571
R_2dhCcnn2gnqq5Fs,1.3823529411764706,0.7352941176470589
R_1BPIGXK21JzrwOn,1.2,0.9142857142857143
R_3kirEu4ZNQjXJWF,1.1142857142857143,0.7714285714285715
R_UGEtx8aSCByGFtD,1.3714285714285714,1.3142857142857143
R_2YqO6wf50wD3tpn,1.2285714285714286,-0.37142857142857144
R_2TnQeE2fGm1jkS7,1.1714285714285715,-0.6571428571428571
R_1gcIbGhJUThhKN2,1.7575757575757576,1.6363636363636365
R_1pY9uHC5qLV8MeY,1.0285714285714285,0.9142857142857143
R_3eh2RfUQYrcTlEZ,0.96875,0.59375
R_3qJOXcGlhon3sxt,0.9714285714285714,0.4
R_1PdYyFFAsrVB16X,1.6285714285714286,1.2857142857142858
R_XsNYtN54HIzrWkF,1.2,0.05714285714285714
R_Weqgy8hFao0AtWx,1.411764705882353,1.0
R_3kKAOJkgYDhzAbL,1.5588235294117647,1.5
R_25HOgTFvBknhaho,1.1818181818181819,-0.15151515151515152
R_yqGpbljJ0qrcZgt,1.5142857142857142,1.457142857142857
R_1oImLVKxxmAnHcb,1.7096774193548387,1.7096774193548387
R_w5Xu7KvNPFlEloJ,0.9714285714285714,0.34285714285714286
R_2cB34UusLqVehdW,2.057142857142857,2.057142857142857
R_1QiP242DlJHne2p,1.457142857142857,1.1142857142857143
R_z2nX9RQWOZdzaw1,1.5185185185185186,0.4074074074074074
R_2ckkzFR2iVIKsLk,1.457142857142857,0.5428571428571428
R_2zNn2VuYWv3QT2a,1.2,-0.8571428571428571
R_2c5iDC14Lw9GzBo,0.8285714285714286,0.6571428571428571
R_UXylijO1Jl3fMg9,1.0294117647058822,0.6764705882352942
R_12nYGmp62U5itNW,1.7142857142857142,1.6428571428571428
R_oZDrYYlI0S5oFBn,1.0,0.5294117647058824
R_2uEb8U1szbNf5qB,1.588235294117647,1.0
R_33d4kOm6yTzoq8d,2.0303030303030303,1.7878787878787878
R_3CASh42v71FbP4n,2.0294117647058822,1.9705882352941178
R_9sJdZdLKoLm5uvL,1.411764705882353,1.2352941176470589
R_3hhCuwcmNa5QM9O,1.6764705882352942,1.3235294117647058
R_3HAqyqObL2mivQC,2.2941176470588234,2.1176470588235294
R_3EQq7NOkSgjP3KJ,1.5757575757575757,1.2727272727272727
R_2zd4QNZyJSiT2Jf,2.2,1.9333333333333333
R_3k7jZWOtwWhqPfV,1.125,0.625
R_ZkpsmBzhLINaJlT,1.6764705882352942,1.6764705882352942
R_8zRgFVdUujb88fL,1.65625,1.28125
R_2BzVqeKc51kZCOb,1.4411764705882353,0.5588235294117647
R_TdRDxCImxUwHKIV,1.6764705882352942,1.6764705882352942
R_40mKYWtClLLDM2J,1.7575757575757576,1.393939393939394
R_1Neq6zJg5emqmJe,1.6153846153846154,1.3846153846153846
R_1NEaJBZtKgwtlAs,1.2666666666666666,0.06666666666666667
R_2xWBXwfjSeGdlZS,1.6176470588235294,1.088235294117647
R_BXkj1Grbbd8rFn3,1.8620689655172413,1.5862068965517242
R_b8SsKWghk8EYcKd,1.5294117647058822,1.0
R_1lc4zDQArFrIvk4,2.1176470588235294,1.8823529411764706
R_2XccdFfrnRrqGpy,2.264705882352941,2.264705882352941
R_2tg6oKuk5UhrpxQ,1.575,1.575
R_11gx9sPl5MZz29C,1.5365853658536586,1.4878048780487805
R_DIBqIBA3mN2FQJ3,1.6585365853658536,1.6585365853658536
R_A54FSoUptwbVPZT,1.55,1.5
R_12bBOjRJoZbBkwG,0.8717948717948718,0.5128205128205128
R_21cTOvPl6k11rWT,1.4878048780487805,1.4878048780487805
R_3qs4lwbn1ISpjnT,1.170731707317073,-0.6829268292682927
R_2WAMgIaVVpSFUfL,1.6097560975609757,0.926829268292683
R_8H4Se5Yq2SkSvM5,1.4390243902439024,-1.1951219512195121
R_DBt6ppLMMXmo1Oh,1.4390243902439024,1.3902439024390243
R_yPI5wxnYvvJLfsR,1.2926829268292683,1.0975609756097562
R_9ZVkHkqCCeVF7hL,1.024390243902439,0.8780487804878049
R_3hA6n0EtwvlZkAL,0.775,-0.025
R_2tFodwRxsitPYcp,1.9024390243902438,1.9024390243902438
R_ub5xaqQ4tdwmSvD,1.45,0.4
R_1hyzwqXj8qH23UT,1.4871794871794872,1.0769230769230769
R_3a7LoIgGuR3iEud,1.631578947368421,1.5789473684210527
R_1JWPWwOEbtjOf49,0.7804878048780488,0.6341463414634146
R_9EpRvbahNb0AB2x,1.4390243902439024,1.4390243902439024
R_3qVXjuG801W7b6l,1.1578947368421053,1.105263157894737
R_XYSwHmq8pnm1u9j,1.5,1.5
R_3dKAj49MfXGi9DB,1.096774193548387,0.967741935483871
R_1mntUUS7jWx5zOY,1.951219512195122,1.951219512195122
R_yrmNW7sjs1GZ8WJ,1.951219512195122,1.951219512195122
R_DJ3w2CsUEeFkVuF,1.8717948717948718,1.8717948717948718
R_727vPy1Ua3v5Akx,1.4,0.25
R_23VonuvGmvGhlJs,1.4390243902439024,0.9024390243902439
R_1GWjGVNJzPXLWLn,1.0731707317073171,0.0975609756097561
R_2SJmO49KDTxmE7p,1.3658536585365855,0.975609756097561
R_22QX0t60VdIOd9d,1.7317073170731707,1.7317073170731707
R_1GUhvHxao1V0BaO,1.170731707317073,0.7804878048780488
R_QocaHoJfojYHIhr,1.2926829268292683,0.5609756097560976
R_12MiCh8eqHpIu6s,1.9024390243902438,1.9024390243902438
R_1ifbqt50wg8knD5,1.2,0.75
R_10H19BWp0vPCdPK,0.7317073170731707,0.5853658536585366
R_3g5XGHnhaWKRGTk,1.024390243902439,0.1951219512195122
R_5aJsAmzM2cFwqeB,0.8780487804878049,-0.04878048780487805
R_6POUWR1qhtQVIA1,1.236842105263158,1.131578947368421
R_25yWBkcbKE43t7L,1.131578947368421,-0.02631578947368421
R_uyrT6raomc1FCBH,1.0,0.631578947368421
R_2Yxoqc5behRUmZO,1.0,0.2777777777777778
R_2zijZ4OjfgLktMZ,1.605263157894737,1.394736842105263
R_3kgCC9yqpWcw9yI,1.4736842105263157,1.4210526315789473
R_2b36rlQ7zdmE7UX,1.088235294117647,0.4411764705882353
R_RV8lnSFtVspffNf,1.2894736842105263,0.7105263157894737
R_1oCjNbMzUbr6DH1,1.4736842105263157,1.0526315789473684
R_2zdOoGQjgWFcBIk,1.6842105263157894,1.263157894736842
R_1NDrKqHseYnFh3y,1.4473684210526316,0.6052631578947368
R_1Ke5Q6fvnqR7wCW,1.2916666666666667,0.375
R_3GiE6957lF2JzWX,1.393939393939394,0.5454545454545454
R_3hG4PAMw2drerS7,2.1315789473684212,2.1315789473684212
R_w5UWqzmgqDOOLHH,1.2162162162162162,0.8918918918918919
R_29n0uZZLhN2elnq,1.1081081081081081,0.7297297297297297
R_sveMQS9Jg5FAGv7,1.7894736842105263,1.0526315789473684
R_bPGrVDumwEpC3tf,1.631578947368421,1.4736842105263157
R_2Br4fyvi1XcAUCQ,1.236842105263158,0.34210526315789475
R_2YfzPjFX4yleKw6,1.5526315789473684,1.3421052631578947
R_1ZDTNIUtAv0CozT,1.236842105263158,0.9210526315789473
R_3DnAKYsg1Xqw6JV,1.6896551724137931,0.2413793103448276
R_25zlYBciXqhZ5R4,1.868421052631579,1.7105263157894737
R_2QKY2UUA1V3UYpt,1.16,0.28
R_1o71anAWFoACDos,1.2972972972972974,0.32432432432432434
R_3LclgMroJNsPcuJ,1.2105263157894737,0.3157894736842105
R_2cbbLHyDuFm9ALf,1.5,1.2894736842105263
R_2pVv8XuN9GRxFOD,1.0625,0.375
R_1IcGRoFMyOhaGTo,1.1842105263157894,0.18421052631578946
R_3NOsXKIBZwBiLGp,1.162162162162162,1.054054054054054
R_1M0VZViWvXhyE1m,1.4210526315789473,1.2105263157894737
R_3Oe8trYpY4orMYX,1.131578947368421,0.9736842105263158
R_26o6GjLcefiLR2U,0.8947368421052632,0.5263157894736842
R_WoJJbGOLJqbNPW1,2.3947368421052633,2.3947368421052633
R_1NwhMiXf785pOqG,1.2894736842105263,0.6578947368421053
R_294UapGFsK8Uwad,1.6486486486486487,1.3243243243243243
R_3MGNXTmVpztWwhg,1.368421052631579,1.105263157894737
R_31mFznIBMJGmKjd,2.0,1.9473684210526316
R_6Dc6hLlPgZtRdlL,2.3947368421052633,2.3947368421052633
R_1Ybl1NK0Pq7ulK9,1.0526315789473684,0.15789473684210525
R_3rTjn5RZqd1uwEZ,1.3421052631578947,1.236842105263158
R_3KO88ho20NvLjoG,1.9736842105263157,1.9736842105263157
R_3rM6d1cMZfQn8NQ,1.868421052631579,1.868421052631579
R_tYsS1oMxvq0gmrv,1.3157894736842106,1.105263157894737
R_2SprBaVdB20u1Rw,1.9166666666666667,1.8055555555555556
R_1HdB8ZBgmsaTLQ4,1.457142857142857,1.3428571428571427
R_1PaXd0nZVzH7hLJ,0.9444444444444444,0.3888888888888889
R_1P5yJCudbY2kG7h,1.2,1.2
R_vB6LXoyqbTAZRGV,1.3448275862068966,0.7241379310344828
R_22Xrx8ibTiRvfkp,1.3428571428571427,1.2285714285714286
R_1NqR7dg6WzNzX1H,1.0,1.0
R_qWlulxJki4BryPn,1.2,1.1428571428571428
R_1mz6NLAKKOImUFh,1.4285714285714286,0.9714285714285714
R_3jVicX84FhIfvP1,2.142857142857143,-2.142857142857143
R_3qywLFaSWEPc0Jy,1.5142857142857142,1.457142857142857
R_xmkiOahpVfvhWCd,1.0285714285714285,0.7428571428571429
R_2y2G056uT5Xj3tv,1.46875,1.34375
R_zcF16EBBUAawM8x,1.4857142857142858,-0.4
R_1JVqKqgI49gh4FY,0.8857142857142857,-0.08571428571428572
R_2uQX7BtWKZC7gBa,1.3714285714285714,0.6857142857142857
R_2aIZwu1FllxauE6,1.6571428571428573,1.6571428571428573
R_3rURBwtnMscyzw1,1.6,1.6
R_0UI4VrrussCTiRH,1.0857142857142856,-0.22857142857142856
R_TebtItId2ty2Bmp,1.5294117647058822,1.5294117647058822
R_3EE8Hc6aJyk2TpS,1.6857142857142857,1.6857142857142857
R_24dQi99gJbVtLJC,1.0857142857142856,0.8571428571428571
R_2dpf5e3ERsvYWPF,1.72,1.72
R_1jGKPSVWqay5Kpk,1.3142857142857143,0.9714285714285714
R_12sxDYZTY5frbJ0,1.4,0.9428571428571428
R_3G17OsE377fkw1b,1.2,-0.5142857142857142
R_25ZrmWtP4GwAQpg,1.0571428571428572,0.9428571428571428
R_1r8LYXDT26LHb2y,1.71875,0.53125
R_3ni1CKYplySvM56,1.3428571428571427,1.3428571428571427
R_1hR0RWoorVE4naZ,1.7428571428571429,1.7428571428571429
R_1plCMDa0Jh4m0r5,1.2285714285714286,0.7142857142857143
R_2CvlI9dXNxoDhGx,1.4242424242424243,1.303030303030303
R_2ZBwMRVTUaMLYRJ,1.0285714285714285,0.9142857142857143
R_3Ge5SsiLg9DKCJD,1.4857142857142858,1.4857142857142858
R_8nQwLgeDOXP8FKp,1.2352941176470589,1.2352941176470589
R_3HiaUdcEIEwWp2U,1.8484848484848484,1.8484848484848484
R_1QlNCgt0XWdye1C,1.0285714285714285,-0.11428571428571428
R_3Di5EMZ2qe7DGR3,1.7142857142857142,1.6
R_1rDjGz7kgZDEZ2H,1.7352941176470589,1.3235294117647058
R_3RaLJzdWkhCtkRV,2.111111111111111,1.9444444444444444
R_1qWAOUiCBCBo5Lo,1.394736842105263,0.5526315789473685
R_2VJxOzxInqycHD7,2.324324324324324,1.8918918918918919
R_0iJv8Dh2CEwHFzX,1.5526315789473684,0.13157894736842105
R_3L6kupcqguZnCUP,1.4166666666666667,0.75
R_55vwiJxLcMqaqpX,1.5675675675675675,1.027027027027027
R_1DopV5LI0jsLzDA,1.4166666666666667,0.1388888888888889
R_2y1TEGx8DNhb130,2.4864864864864864,2.4864864864864864
R_12SA4obKgXvGMch,1.4444444444444444,0.5555555555555556
R_26w1oDk4UmONsxX,1.3157894736842106,1.263157894736842
R_3pbbrBqr7cm61fl,1.3888888888888888,1.2777777777777777
R_BPLKyZ1clIybqY9,2.3947368421052633,2.3947368421052633
R_qV22PP9oPQKOO4N,2.0476190476190474,1.0
R_3NJIrpWIEh34RCC,1.9444444444444444,1.9444444444444444
R_2taqU6Zbtc2NpKd,2.473684210526316,2.473684210526316
R_27Bj5oO5rfZjZvl,1.3157894736842106,1.2105263157894737
R_1IXHeUyAc7zeD4P,1.368421052631579,1.1578947368421053
R_3qppPeq1TH3tq4m,1.394736842105263,1.236842105263158
R_1gAszkwYkOavmlQ,1.131578947368421,0.5
R_Z2Hs0fFkGiveZwd,1.5,1.5
R_2ON1acCzns8Epko,1.3823529411764706,0.8529411764705882
R_NWqcGyr16nAGJnH,1.6,1.4285714285714286
R_wLfT3kAQYuY1y8h,1.5365853658536586,1.0
R_3e4RhgLTqXPk0jD,1.15,0.65
R_28T0PZ00t2AKUk6,1.5609756097560976,1.5121951219512195
R_6iqdy7e8kYvYyPf,1.2439024390243902,0.6097560975609756
R_BXG9UHxeS3DVq9z,1.4878048780487805,1.4390243902439024
R_eesNOaURcBYAueB,1.925,1.925
R_3QDzuoNgU7aQneO,1.84375,1.84375
R_SHmbTrAYY4Ck7tv,1.6585365853658536,0.34146341463414637
R_PXR6ZcnFzLQplKN,1.829268292682927,1.6341463414634145
R_3j3eA57i4rthFpG,1.9743589743589745,1.9743589743589745
R_1j9xreVXgnJWlcx,1.2682926829268293,0.975609756097561
R_4IKuVHOk7sJMfjr,1.9666666666666666,1.9666666666666666
R_tKYIWVCu4G45qGl,2.0,2.0
R_DuVUm3hob2VBBJv,0.9,0.55
R_27gqyzwnebOFHc6,1.2195121951219512,0.975609756097561
R_OpwwGzWGXekydJT,1.2195121951219512,0.8780487804878049
R_1kTxx5tL2BzXLtk,1.7073170731707317,0.34146341463414637
R_ykVkUWljqMmFqFj,0.9629629629629629,0.0
R_28V9FWNL0tTuB5O,1.5,1.375
R_1LtHKsTkyj5BZOp,1.1764705882352942,1.0588235294117647
R_217GkYwjG0qnyRi,1.2352941176470589,-0.17647058823529413
R_1I3Dc1HiZKKimWA,1.1818181818181819,-0.09090909090909091
R_6zAod8Cj9w8QW41,1.3428571428571427,1.0
R_2uqQFF2yQCaOSUg,1.9142857142857144,1.9142857142857144
R_2xPKVOGO3RuOu8W,1.2285714285714286,0.8285714285714286
R_20NXQAWlxESLVeX,2.4,1.7714285714285714
R_3k70Avh778iS5E1,1.1142857142857143,0.8857142857142857
R_3QDFHT30B14Wnok,1.7894736842105263,1.4736842105263157
R_3qsW7j9NfmBYVK5,1.2647058823529411,0.9705882352941176
R_2axbOloEfArE2kn,1.4,1.2857142857142858
R_1JPE6GXUjcRJWfu,1.1714285714285715,0.8285714285714286
R_1P7cGAVPxi02BCg,1.4516129032258065,1.0
R_1d0S9xdBNZN5tc9,1.0,0.6470588235294118
R_2CksXKrIGBmJYTK,1.96875,1.96875
R_3IY6hmD67AG7BlL,1.8333333333333333,1.8333333333333333
R_ai2VcgsDvc09aN3,1.9142857142857144,1.9142857142857144
R_3NCBSpYNotlSTBj,1.1428571428571428,0.17142857142857143
R_3MnAzvFB5pamMXG,1.6764705882352942,1.6176470588235294
R_24eZ1vrmag946yF,1.3428571428571427,-0.08571428571428572
R_1KfM26VWQGVL2ko,1.4705882352941178,1.2941176470588236
R_3I3R5dfpQ5290aM,2.057142857142857,2.057142857142857
R_UhjluqB1oewcHD3,1.40625,1.21875
R_1MXlDWxn1I63wxg,1.2571428571428571,1.0857142857142856
R_1kM6KpauHLufAho,0.9696969696969697,0.48484848484848486
R_2w7ggZcZjSLWgIa,1.1142857142857143,0.7142857142857143
R_yISZzdjdpBJhZ0l,1.6857142857142857,1.6857142857142857
R_3P5LKghRHqkSWC7,1.0857142857142856,0.8571428571428571
R_3HktQ2PEjsh2Qut,1.7142857142857142,1.7142857142857142
R_2wvHuTdU0cpeR8C,1.3636363636363635,1.303030303030303
R_ywksMBcjwAwKZc5,1.0857142857142856,1.0285714285714285
R_2bJcwsNdS42sfBM,1.1428571428571428,1.0285714285714285
R_1FM9NN8qREFj4u6,1.2352941176470589,0.29411764705882354
R_3EgrgSdl94peowi,1.2727272727272727,1.0909090909090908
R_7VRxzoP1Qrjz7G1,1.4857142857142858,1.4857142857142858
R_21mHgYB0uFK5aCC,1.6764705882352942,1.6764705882352942
R_uev9O3qdjXNAPbH,1.457142857142857,1.2857142857142858
R_ypYFStgNVikDew1,1.1142857142857143,1.0
R_3lzsbxmLR4Y5FdW,1.6571428571428573,1.6571428571428573
R_2ykO6GWhtBtV4RW,1.088235294117647,0.7352941176470589
R_3m4eSuZsCDFQyiu,0.6428571428571429,0.42857142857142855
R_2qmdmYHDpdThdTt,1.0,0.2
R_2a9wPGvkMYEj1SX,1.0,1.0
R_3JEnKb1Ydu6zeVe,1.2307692307692308,0.8461538461538461
R_6nxs2M0NG6dAjKh,1.125,1.0
R_1lmD2oQXWpvCQB3,1.7941176470588236,1.7941176470588236
R_2V8wFH5yKgED6eN,1.0303030303030303,0.6060606060606061
R_3FPDGX8cYf3JKlm,0.9428571428571428,0.08571428571428572
R_Zfw60H3O90iVk2d,1.4285714285714286,1.4285714285714286
R_71CJUkdLMVQGTlL,1.4285714285714286,1.2571428571428571
R_2ZDgMikIxcrz0KC,1.3870967741935485,0.6129032258064516
R_1jwRHPwer7F4EKY,1.3428571428571427,0.3142857142857143
R_vIzF3yN5wEunxpT,1.4482758620689655,-0.4827586206896552
R_1feEusiTYPGKYNh,1.2285714285714286,0.37142857142857144
R_2cuqFFL9Tb0Mbql,1.7428571428571429,1.6857142857142857
R_2BlLxgt6Vc0rDKb,1.2571428571428571,0.9142857142857143
R_2OISbOiJCZoc4z4,1.1142857142857143,0.14285714285714285
R_qPe9TCZLQogkdqh,1.2571428571428571,0.4
R_11WLq18nFHsxDbQ,1.6,1.0857142857142856
R_yqj20ht9kU2dVGF,1.0571428571428572,-0.5428571428571428
R_1Ii76w8hCaiFbD9,0.9428571428571428,0.02857142857142857
R_3HGiyh2AGzEzqMa,1.1142857142857143,-0.02857142857142857
R_31YIBJ5gUnIk6Qu,1.542857142857143,1.542857142857143
R_1feix8fyDGmtP9Q,1.4285714285714286,1.4285714285714286
R_3kuqf1NoDbWJ6bQ,1.2580645161290323,0.41935483870967744
R_2dNlw7TuZgozEaJ,1.3142857142857143,0.8
R_ALiYNDUMCI5bIEF,1.4285714285714286,-0.45714285714285713
R_50XxDTgrrwK9Ybf,1.8,1.7428571428571429
R_ApmYShthgpHWhJn,1.2,0.2857142857142857
R_1DqdDgk7g6cPwRL,1.6857142857142857,1.6857142857142857
R_wRw8btiaKWCgCAh,1.1142857142857143,1.0
R_2sS8wR7Lmxgil03,0.9714285714285714,0.5714285714285714
R_3k1B5Rwhpg9NluS,1.2,1.0285714285714285
R_We7NwNWCFW87ikp,2.272727272727273,2.1515151515151514
R_2fKkG3wOgy9LLci,1.9714285714285715,1.9714285714285715
R_2ToYfryjBpaC9q2,1.7714285714285714,1.7142857142857142
R_2vcxoA8PEaMZSF5,1.5161290322580645,1.064516129032258
R_3O6B936rUjqgVES,1.3225806451612903,1.064516129032258
R_2rMYzrGVZYFMAyY,1.3428571428571427,1.3428571428571427
R_2XmyaKfBaT3EOQP,0.8,0.5142857142857142
R_30bOBNfpjQcZygD,0.9428571428571428,0.8857142857142857
R_2aK0hbANc1J9yl8,2.2857142857142856,2.2857142857142856
R_2fy5qlRXhTtdjOo,1.457142857142857,1.0
R_1r1ajnQeyEwier5,1.4,1.2285714285714286
R_29s2NgakCk5nyBB,1.0,0.22580645161290322
R_3k0LNZUfdMkXr5L,1.2,0.6666666666666666
R_2Qxl4JMHO2OFS8l,2.057142857142857,2.0
R_11Z4xZP2BXmjh55,1.3636363636363635,1.1818181818181819
R_2yeGVY2GqoCYcdz,1.3714285714285714,0.9714285714285714
R_2Su9a9UYleORojb,1.6857142857142857,1.6857142857142857
R_3Jlopsl6BhLiCi5,1.2571428571428571,-0.22857142857142856
R_1n6YuTG7nt8h4pu,0.7714285714285715,0.02857142857142857
R_1GNdF1EWh7aeUkg,1.3333333333333333,1.3333333333333333
R_2cvDZ8xdkj3JlVg,1.4857142857142858,1.3714285714285714
R_1pSsiQVXYiq7kKa,1.457142857142857,0.6
R_NXPXOlmfvSkDm2l,0.8857142857142857,0.08571428571428572
R_25N1QltmlRivu5s,0.9428571428571428,0.7714285714285715
R_1DClFtvZSKHlmJR,1.4,1.3428571428571427
R_11d0LMqdVF2vH9p,1.4545454545454546,-0.5454545454545454
R_2Y2NZGmiI5LKScY,1.5,1.5
R_2fDLA7jbFO3tgZL,1.6,1.6
R_3fMKxALVLyokq7k,1.6571428571428573,1.6571428571428573
R_2otQWfmDeQ1sZjP,1.15625,-0.21875
R_1ruyFQY47tXuMzc,0.9714285714285714,0.8571428571428571
R_123XDUs0tMzNUCT,1.09375,0.84375
R_3HvvLADhuK3bgUG,1.4857142857142858,1.2571428571428571
R_2fI0in0gvvxnZIp,0.9142857142857143,0.22857142857142856
R_sHkSiqXphQhwY0N,1.4516129032258065,1.1935483870967742
R_3DqIqqQQ55tvFDR,1.1714285714285715,-0.7714285714285715
R_22zRi6qgckeh1jI,1.7142857142857142,1.7142857142857142
R_2YWCngvMlh8wJgb,1.542857142857143,1.3714285714285714
R_2QodKnh8Hau0E1i,1.542857142857143,0.9714285714285714
R_31cPh9v6EIpVGZm,1.6285714285714286,1.6285714285714286
R_1ILZ2gofm1LpXOL,1.1290322580645162,1.1290322580645162
R_7VsWx6Pku6vi5dn,1.1428571428571428,-0.34285714285714286
R_1Crn8mLxCtaRGWz,1.7058823529411764,1.7058823529411764
R_1Qm6zF8bSFWQiku,1.1142857142857143,0.7714285714285715
R_2z5D4AQbnB6EJxV,1.1290322580645162,0.9354838709677419
R_Q5NbXrzBRdtDTwt,1.2105263157894737,1.1578947368421053
R_qOwg1fEZa4Vfe6J,0.9473684210526315,0.6842105263157895
R_1pA0tg08uu3U2JO,1.4722222222222223,1.25
R_2WJ4EuhXspgfgfP,1.875,1.875
R_1FDI4hx1Zu389tx,0.9210526315789473,-0.18421052631578946
R_3MbsRuxQcjNqBjc,1.3225806451612903,1.1935483870967742
R_26o49FxanoNafwe,1.0,0.8421052631578947
R_1ODdzerfL3P9dr4,1.4736842105263157,-0.05263157894736842
R_d6W7VTDtgnLNsB3,1.5789473684210527,1.4736842105263157
R_30czBJEqO3O1fmZ,1.263157894736842,0.5263157894736842
R_1hWPXLSkV07ZAVh,1.5526315789473684,1.5526315789473684
R_DHlPxJk35kifhSN,1.4054054054054055,-1.0810810810810811
R_1ezUpLhDihmWJgH,1.4666666666666666,1.4666666666666666
R_2PA11qqCHdLukJr,1.9189189189189189,1.8108108108108107
R_2EmhTzUdYlCE1m8,1.8421052631578947,1.8421052631578947
R_BthYPWKbMjCXQB3,1.6923076923076923,1.6923076923076923
R_2RQUr0VLqtiXUb5,1.763157894736842,1.763157894736842
R_begQUM0I2nipeOB,1.1935483870967742,1.1935483870967742
R_3JLA2vxr58rtCpX,1.894736842105263,1.6842105263157894
R_2CNY9AHOI6wNyv1,1.6842105263157894,1.5263157894736843
R_xfQSGM7WxioMhWx,1.8709677419354838,1.8709677419354838
R_sbR9zokMWjdKqTT,1.1842105263157894,0.7631578947368421
R_1eWTrCLIZglL4pG,0.7631578947368421,0.7105263157894737
R_10YMvLAwCoBLRZb,1.6,1.4857142857142858
R_1ika83RqR94aUEM,1.2105263157894737,0.8947368421052632
R_1IxTEWRVpHTh94d,1.2105263157894737,0.631578947368421
R_8x2Vb9v1SfK6i9H,1.0555555555555556,0.9444444444444444
R_UygoHAMbXWQ1urT,0.9393939393939394,0.8787878787878788
R_231tAOnkcWcUTUA,0.8947368421052632,0.3684210526315789
R_TmXxl3knWgXBAOZ,1.263157894736842,0.3157894736842105
R_UPBZ5UKaM5KeXrH,1.2105263157894737,0.8421052631578947
R_3koHhkkpLYNbWHi,1.1578947368421053,0.9473684210526315
R_2wTzvNv8kR2L0x8,1.5526315789473684,1.5526315789473684
R_2VjT7kOjQJ4wnLU,0.9736842105263158,0.7105263157894737
R_2bVHE8X947ysH8T,1.0526315789473684,0.9473684210526315
R_265AiD3yYJpBtRJ,1.2105263157894737,-0.15789473684210525
R_1QiQnpCNzFIqgcg,1.5263157894736843,1.5263157894736843
R_1mQQ8lFUkezbE4s,0.8421052631578947,0.6842105263157895
R_1pLSErY9Bxd7DwL,1.0526315789473684,0.8947368421052632
R_2axnnuoiarslNhc,1.135135135135135,1.135135135135135
R_2flzj1KDx4IUznI,1.1590909090909092,0.5681818181818182
R_25F5o5hlRzmhPX2,1.2272727272727273,-0.22727272727272727
R_2qxzi9vTA6FJH7a,1.2954545454545454,0.06818181818181818
R_1oGTkZywLBM2EvP,1.5227272727272727,1.3409090909090908
R_1gLMigOEbtMGPzB,1.0,0.11764705882352941
R_UzRFHArGmGEt1Yt,1.5681818181818181,-0.8863636363636364
R_XUrs93qix8mcAzT,1.4318181818181819,0.9772727272727273
R_2rxBYyGXNSgXONY,1.1136363636363635,-0.06818181818181818
R_pLtHc7iGLcUoRzP,1.4772727272727273,1.3863636363636365
R_12nZ9NGJ0EGFnpz,1.394736842105263,1.0789473684210527
R_uzijhjC7FJC2V0J,1.75,1.6590909090909092
R_2WvDG5USu6v7VHv,1.0909090909090908,1.0909090909090908
R_1pyhvn9utQ1zW8a,1.6590909090909092,1.3863636363636365
R_qyjWtWnt2pR2c93,1.0465116279069768,0.627906976744186
R_12D4FDZygCOGI38,1.3181818181818181,0.6818181818181818
R_2ePgJNMrCBlFuA6,2.0,2.0
R_1jwyKOobLp1cO0n,2.0,2.0
R_1q4CyvjD5bmWxvs,1.3409090909090908,0.6590909090909091
R_22sJplL2PghNmtl,1.3658536585365855,1.170731707317073
R_Weetqs95I07GhaN,1.5681818181818181,1.3409090909090908
R_6eSHYrfYB7fgSsh,1.255813953488372,1.0232558139534884
R_1IGUy0zfXGOiISK,1.4318181818181819,1.0681818181818181
R_WuGvFnMFQgbgWVr,1.6578947368421053,0.02631578947368421
R_3kdgyvGN2eScieO,1.763157894736842,1.6578947368421053
R_0GmAJcYHmwHRJ7j,2.289473684210526,2.289473684210526
R_RCvDjPFlpa66jHr,1.4210526315789473,0.8947368421052632
R_3gZaeBwJtdMqOYA,1.7105263157894737,1.1842105263157894
R_29oyZyWoLFqk9vv,2.210526315789474,2.210526315789474
R_2VdvHy0loZrr04E,1.1891891891891893,0.8648648648648649
R_1Qlr71eLRwz8lhW,1.6486486486486487,0.9459459459459459
R_1Cav7cfh0ZGybcP,2.236842105263158,2.236842105263158
R_1IYrISkbiKZxVRv,2.263157894736842,2.263157894736842
R_26nGmaDUk9gikzW,1.7894736842105263,1.105263157894737
R_3GrkxDJYQ0ZT4JW,1.3157894736842106,1.0
R_3noWBmO4eqfEOcM,1.6571428571428573,1.3142857142857143
R_DSnzSSmYjxluqxr,1.53125,1.40625
R_AGKRZog9VpEAHEB,1.7105263157894737,1.3421052631578947
R_31R7Bt9MhTeDoTa,1.4473684210526316,1.0263157894736843
R_A5PBcjDx7tcc1ep,2.289473684210526,2.289473684210526
R_2wQww4ubFTyRiXV,1.868421052631579,1.868421052631579
R_2SkQ0hrjzTaaOH7,1.605263157894737,1.236842105263158
R_2XjtfNAhZKAoXzj,1.8611111111111112,1.8611111111111112
R_1gIRz1WD2v5xoF5,1.394736842105263,1.1842105263157894
R_b8cKtQOuioOTspr,2.289473684210526,2.289473684210526
R_puY4gP6DDwwhLBn,1.837837837837838,1.4054054054054055
R_1oAo2FqMdeFFwBP,1.2105263157894737,0.47368421052631576
R_2ZJpKClu26KhRPH,0.972972972972973,0.10810810810810811
R_r1nYfHaNrRg0M0h,1.0263157894736843,0.868421052631579
R_2w6Q6r4Q7R715o5,1.7894736842105263,1.7894736842105263
R_10vcsmEZhvQY0tD,1.0526315789473684,1.0
R_27g9CDe4F70xMwc,1.5526315789473684,1.5526315789473684
R_3hyxOF1yOnYsuSY,1.631578947368421,-1.368421052631579
R_Q0O1ROlmzWSsPUl,1.3783783783783783,1.054054054054054
R_1DU2jr5PuR4n3KU,1.3055555555555556,1.25
R_1gG6vxc2s6YfX3q,1.3421052631578947,-0.9736842105263158
R_3jfCQihTjnAtP0u,1.0789473684210527,1.0789473684210527
R_2wcViy2XKJKvKed,1.1578947368421053,0.05263157894736842
R_2xQPt2FDxSu6vE8,0.8947368421052632,0.15789473684210525
R_3HjGlKdchAUdOxl,1.25,0.9722222222222222
R_3IzBdqu9fm7NV4J,1.236842105263158,1.1842105263157894
R_3Lkh4oxYOLU95YK,1.2222222222222223,1.2222222222222223
R_3D29Jn5LJZTCGcd,1.5806451612903225,1.5161290322580645
R_1OiQmqiFvhhPnGf,1.8157894736842106,1.8157894736842106
R_3JF2s0SO10biiSN,1.8157894736842106,1.8157894736842106
R_erH57eKfbbFH4KB,1.6578947368421053,1.605263157894737
R_2WJ5zuubGaL7j4V,1.6486486486486487,1.6486486486486487
R_2bZBwDqHO9ZjFCu,1.2727272727272727,1.2121212121212122
R_2tr3FgO3UG51JW0,1.7567567567567568,1.7567567567567568
R_vP3zbn469MIelax,1.763157894736842,1.763157894736842
R_2TAbwzhGQpxMLIJ,1.3125,1.3125
R_3j989eXVcseiVtm,0.9210526315789473,0.2894736842105263
R_2R8QXs8Yez09aVD,1.8157894736842106,1.8157894736842106
R_1Ke7sp6wJd6JpFj,1.2432432432432432,0.16216216216216217
R_23ZWr24aWnSiDXr,1.4210526315789473,1.3157894736842106
R_3OiB5dfVDmfZbfQ,1.263157894736842,0.21052631578947367
R_2Cx3QYbnxhpBhbo,1.3421052631578947,1.3421052631578947
R_1JWtXw6k3JURHaD,1.0,0.3684210526315789
R_8Gqi2Wlab3ffpWF,0.9736842105263158,-0.5526315789473685
R_1nSAtzqIrHXzuNP,1.1388888888888888,0.4166666666666667
R_3nr6ZbxxnQ0kVP2,1.394736842105263,1.3421052631578947
R_3MKmQKuwrjuKTN0,1.6842105263157894,1.6842105263157894
R_1QGchO6VYtOv93f,1.0555555555555556,0.9444444444444444
R_2whKsZLJze6rsyo,1.736842105263158,1.105263157894737
R_22m3xvJEvNwjOOp,1.2105263157894737,0.8421052631578947
R_2THocdwmDuuHWTH,0.8,0.5714285714285714
R_27PD9zbpVv3VyRd,1.3235294117647058,1.1470588235294117
R_6D05c1FIFM0spnr,1.0285714285714285,0.8571428571428571
R_3nfuF1tdDs6GwTx,1.2058823529411764,1.0294117647058822
R_3j7LQ6LjsF7ACkE,1.8857142857142857,1.8285714285714285
R_3OctHD5JtKHK25Z,1.8,1.7428571428571429
R_spASreZDmKKBHnX,1.3714285714285714,1.2571428571428571
R_1mqP6MtbkqIOPMF,1.8285714285714285,1.8285714285714285
R_3KPKFmogyzWoZ6h,2.057142857142857,2.057142857142857
R_3ekIFaO9DaVtpV2,1.7352941176470589,1.6764705882352942
R_2z6oM1dj7DLS8bf,1.7428571428571429,1.7428571428571429
R_3R3ZnjKWYjetrgh,1.6571428571428573,1.542857142857143
R_2RUnfFBZgGTLXYw,1.9428571428571428,1.9428571428571428
R_xgrREQc5pHht1Nn,1.3714285714285714,1.1428571428571428
R_DctcqvEXMtYS4Pn,1.8571428571428572,1.8571428571428572
R_79Gks2brP1yiD8R,1.7096774193548387,1.4516129032258065
R_eOOZOH5k2J7J2TL,1.9285714285714286,1.9285714285714286
R_2OTQ5bGdXgOeEBk,2.085714285714286,2.085714285714286
R_8i7LHad5mDmSfe1,2.085714285714286,2.085714285714286
R_1pxnTPI0tIVSAKt,1.2857142857142858,1.0571428571428572
R_3Emc95pmSttTgvi,1.2857142857142858,1.2857142857142858
R_1lnMJH8sCKrEMyQ,2.085714285714286,2.085714285714286
R_6zioWlABwsrxOZX,1.6285714285714286,1.5714285714285714
R_2U2UECZBF2iLSdG,1.7083333333333333,1.625
R_1n8Ht88FRBhntJz,2.0285714285714285,2.0285714285714285
R_3n2UMaP2SjW3vB0,1.8571428571428572,1.8
R_110AKOjI84xnrkQ,1.0303030303030303,0.8484848484848485
R_1NkU9R6VlCULghb,1.4137931034482758,0.7931034482758621
R_2uweozLUFSzS79v,1.542857142857143,1.542857142857143
R_d0xmtHPkrG1dTih,1.1714285714285715,0.7714285714285715
R_AtjOKiIEJqvRPP3,1.8857142857142857,1.8285714285714285
R_1Iow1Rstc1X0R8W,1.303030303030303,0.6363636363636364
R_1fZYRRQEJgMijFA,2.0294117647058822,2.0294117647058822
R_1Hk3E1qY76vtNZN,1.3142857142857143,1.3142857142857143
R_1jqTzHyZtIaKaUs,2.085714285714286,2.085714285714286
R_2QXV7yYonFwKtqu,1.2285714285714286,1.0571428571428572
R_1BRWgfjn6RNlF4O,2.8285714285714287,2.8285714285714287
R_3Ok0A51YzBYB2nz,1.7941176470588236,1.0294117647058822
R_3fkrtj6XLLHTm9Y,1.8571428571428572,1.5714285714285714
R_24pbmiLDtWRjBeA,1.3714285714285714,1.0285714285714285
R_2YxoZdoWmeBXsfa,1.4,0.6
R_1P6JVTGuQE2Aej6,1.5769230769230769,1.2692307692307692
R_WB6PeRh10ENdngt,1.3714285714285714,0.6857142857142857
R_1IpgY3bPoeEZfoh,1.8285714285714285,1.542857142857143
R_1zvP8hTfX9L8NsB,2.2,2.0285714285714285
R_2TuEONm2abaLyAm,2.2,2.2
R_d6xiImcDq7FD2oN,1.0588235294117647,1.0
R_1RGOPx4cdfL22Ot,1.8823529411764706,1.7647058823529411
R_3ErQC5BX3q8tPDQ,1.8529411764705883,1.6176470588235294
R_XzVDze3kAhlZCM1,1.2285714285714286,0.2
R_3G2tqzW5PhqWeaf,2.5714285714285716,2.5714285714285716
R_325FzV2aeZlzgNX,1.8857142857142857,1.8857142857142857
R_s6uT99wvUxWAE49,2.8285714285714287,2.8285714285714287
R_5ur1AAqZKa4v1yV,2.0294117647058822,1.8529411764705883
R_2taOIwVTUJyT4bN,1.4,0.7142857142857143
R_3QFCsFKlUqyUzGd,2.3714285714285714,2.257142857142857
R_1E0U21oaFzXUn5r,1.1142857142857143,0.2571428571428571
R_PTepy7o7S26tTih,2.04,1.96
R_2QuKsJSYuPjcReo,1.96,1.96
R_1jJHSMEwAkGHfoO,1.9411764705882353,1.9411764705882353
R_p9KhRA1ngrfmFmp,1.3714285714285714,1.1428571428571428
R_3MnfSveERObIS1r,1.0857142857142856,0.7428571428571429
R_31c1llbYlX6S8Lc,1.7714285714285714,0.11428571428571428
R_28XV1vMlKdg6X0I,1.7714285714285714,-1.6571428571428573
R_3nHhQBfadokJk88,1.0,1.0
R_1HocaVEEMidIFfk,1.7142857142857142,1.7142857142857142
R_1lmIRwurnEKxkXG,1.6571428571428573,1.542857142857143
R_1ojLwrLFQmnCPBP,1.6571428571428573,1.6
R_25Splt4XkZg0Dbd,1.088235294117647,-0.5588235294117647
R_1KUJE7XI1d3EqqJ,1.4857142857142858,1.3142857142857143
R_0lgRCenpHOEQ3zb,1.121212121212121,0.45454545454545453
R_RkurCKXIUCeuHeN,1.457142857142857,1.3428571428571427
R_vxdpoNdZaJXtmNj,1.7142857142857142,1.7142857142857142
R_1DGBxG19IrLNHDK,1.1379310344827587,1.0
R_3ktX7XOpV8OD8Ju,1.6857142857142857,1.457142857142857
R_1OPnZrLJJuMtjOX,0.8787878787878788,0.21212121212121213
R_25tiMCsWIFbYyYs,1.5517241379310345,1.5517241379310345
R_zcJdDs8iakKmWul,1.5151515151515151,1.3333333333333333
R_3DAtPjNHb08NeVP,1.0571428571428572,-0.37142857142857144
R_1QxZZHEx9xJyzA2,1.15,0.65
R_3HOBx8Ocxa7Gieo,1.2,0.9714285714285714
R_3rUP2ovVAn3CjZh,0.9428571428571428,-0.6
R_27COlQu4y5t2Moo,1.606060606060606,1.606060606060606
R_ypzFEapuSTb5I2t,1.1714285714285715,0.9428571428571428
R_1pJyzu15QGfNWeq,1.0,0.35294117647058826
R_3ozOuAQ4XVFvdAj,1.3333333333333333,1.1111111111111112
R_8uZKxaSwn3axktz,1.2285714285714286,-0.08571428571428572
R_3oZ1FUJQkZlCelT,1.3125,0.3125
R_1CKhVNaTVpghcJq,1.4,1.2857142857142858
R_2f0YQYTbnt3bEgC,1.1714285714285715,0.6
R_125B0In5B6oIsUM,1.2058823529411764,1.088235294117647
R_573UTYGJB5Z2CRz,0.8484848484848485,0.6666666666666666
R_20VBCUe14a0GGPI,1.3846153846153846,-0.6923076923076923
R_1jx1mYeCUbLSTmm,1.6666666666666667,1.4761904761904763
R_9zqpFpOATvllPxv,1.0294117647058822,-0.029411764705882353
R_2TA8qqhLUBtrW2w,0.7647058823529411,-0.058823529411764705
R_7PeewgvJHgMAz3b,1.0303030303030303,-0.12121212121212122
R_2cCu7aDmVoCw6Nl,0.8571428571428571,0.05714285714285714
R_1rjEQN527IeBJPo,1.0294117647058822,0.5588235294117647
R_4Mmr1b8RLQ0nmp3,1.3125,1.125
R_2wbj7dXC1G8q6RB,1.4242424242424243,0.5757575757575758
R_1pJXxTOE4Px77Sb,0.9428571428571428,0.37142857142857144
R_2qt0NQq2WcWdtzh,1.5714285714285714,1.0
R_2ttd71NyPmMgs4K,1.21875,1.21875
R_ykxDSBX0C1cGWIh,1.2285714285714286,1.1714285714285715
R_2zhJsXKIthQfAoo,2.0,2.0
R_x4xi22tcRUDt3Yl,1.2285714285714286,-0.6
R_yDBkdVzSfPVpMeB,0.8,0.4
R_2wTAfUcB3H3tJhk,1.40625,0.65625
R_RaYLp1gLFsYDsxX,1.4857142857142858,0.6857142857142857
R_2P21h63aNWpL3nm,1.3142857142857143,0.7428571428571429
R_3Eaq9NIIHzhPMXz,1.0,0.14285714285714285
R_12KhZZRfRlGUwDb,1.9142857142857144,1.9142857142857144
R_3KIoyd6nTikaU2g,1.0285714285714285,0.22857142857142856
R_XMKvPi1LjdSweC5,1.2,1.1428571428571428
R_10GzkFvQJyHn4oS,1.1470588235294117,0.8529411764705882
R_1g0XgnAjanyct7c,1.9375,1.9375
R_3P25tYkf4z3d7Tr,1.6774193548387097,1.6129032258064515
R_3k0V9wWFqCmcwSg,1.25,-0.3125
R_3s4TI1EmzXHbsSA,1.0285714285714285,0.05714285714285714
R_2veMmi7rOlJ2BEt,1.28125,0.03125
R_0BSFHrCnP43QFXP,1.542857142857143,1.3142857142857143
R_3G7hXcXOnJY95gD,1.2121212121212122,0.42424242424242425
R_1rkrgvlFhAKWxqf,1.9142857142857144,1.9142857142857144
R_2v2I2OkStfiy0We,1.2571428571428571,-0.22857142857142856
R_2fvnUCzlJmauI58,0.8285714285714286,-0.08571428571428572
R_UY19H1wjUn9FR2V,1.0740740740740742,0.5555555555555556
R_23e2nZEl1KGBC9T,1.5142857142857142,0.08571428571428572
R_3dJPiHNA4ZZneVJ,0.6857142857142857,0.11428571428571428
R_cNlFxwt3mVYfznH,1.2285714285714286,0.4857142857142857
R_3GDPf0OP9mmgGM7,0.9705882352941176,0.4411764705882353
R_2QFpSgV7F420ufI,1.3428571428571427,1.2285714285714286
R_1MM6J6lx7LxEhWa,1.2285714285714286,-0.5428571428571428
R_24dawe0sNu04F9C,1.0,0.9428571428571428
R_1Q9DqOg8IpN7JbO,1.2,0.4
R_9AETPVyc8XKglJT,1.2424242424242424,0.21212121212121213
R_2CeJ5PXZUoeFeLO,1.0357142857142858,0.4642857142857143
R_1hPUSsP2gTiImw5,0.8,0.8
R_2xPGLEVVaiYkudA,1.0,0.5428571428571428
R_3fC2XAoduiijcjc,1.0357142857142858,0.9642857142857143
R_11aLFiujI3I0oGd,1.5588235294117647,1.5588235294117647
R_DcQqsmN6GJQaSs1,1.3714285714285714,1.2571428571428571
R_2CDERRTsetbSqti,0.75,0.0
R_1lmbKYIEfP4pZ1J,0.9,0.16666666666666666
R_3RenSPirlQXJlzQ,1.0,0.7931034482758621
R_3g61WJfrZ0tKJjj,1.0666666666666667,0.9333333333333333
R_2XbWvODqQyuT2sA,1.4137931034482758,0.9310344827586207
R_1IuAxufxEdgvPjY,0.75,0.25
R_1JEDu5mFkBdKRbm,1.6363636363636365,1.6363636363636365
R_6G0bHjmGwkgVClb,1.393939393939394,1.3333333333333333
R_OIS9hkHqXFM7X4B,1.3142857142857143,1.2
R_3EmRLLS64lhxzOH,1.75,1.75
R_1GIIpvYSCu05LEL,1.6285714285714286,1.6285714285714286
R_3iULrXYHnKtl9DC,0.8181818181818182,0.7575757575757576
R_DoS2jr5PqClWDgR,1.2413793103448276,1.1724137931034482
R_2D80z3BLgQXJyjU,1.4857142857142858,1.0857142857142856
R_23TCBdPKtXkH4wj,1.1428571428571428,-0.05714285714285714
R_bkptbFkRsjZoVqh,1.3823529411764706,1.1470588235294117
R_XB9ujviYycVvMNX,0.8857142857142857,0.08571428571428572
R_2DSmrCMDgzZu2Sr,1.088235294117647,0.5588235294117647
R_1j8Itci3lzqzcCJ,1.4857142857142858,0.6857142857142857
R_2uy7B2qUANFU3bY,1.0,0.37142857142857144
R_1Lio2yuoYsjXyJa,1.0857142857142856,0.6285714285714286
R_4TkuaS4Jd0mHP7H,1.3214285714285714,1.1785714285714286
R_ddwEZuBcMKmn1ex,0.8285714285714286,0.37142857142857144
R_2dimJDwfm0awgbx,1.03125,0.21875
R_5hv6STDpdEu9R9n,1.0,0.8857142857142857
R_12l6qzrwRVBrxHc,1.03125,1.03125
R_3hs6tiw7MlT4atb,1.0857142857142856,0.9142857142857143
R_1g0CtAKiIYyIhuJ,1.5142857142857142,1.4
R_3hiQozmX2kbz1oW,0.9714285714285714,-0.11428571428571428
R_efzFjAu8qZMUzYZ,1.2666666666666666,0.2
R_dmxNeGMz4efBpXX,1.5142857142857142,1.4
R_4VMmzGuQeYd56jn,1.2592592592592593,-0.2222222222222222
R_ZrzZHyDwfmVV96h,1.6470588235294117,-1.1176470588235294
R_3nrtcl1Z6ggc9TF,1.3571428571428572,-1.0
R_xnDVinwTydYmRWN,1.8888888888888888,1.8888888888888888
R_3fvh0BkjuE8sTmk,1.0,-0.6571428571428571
R_1pSelAJC0daBA2O,1.6857142857142857,1.6285714285714286
R_3qsM7wALFDgPuDT,1.0,0.75
R_1mCyNd7inC6L5j4,1.4,1.0
R_1dbgvlkMXNbS7se,1.25,0.375
R_yHNjq2T3IFo07uN,1.6857142857142857,1.6857142857142857
R_Y4zOv6GdLiMmXWF,1.7941176470588236,1.7941176470588236
R_24qpQhSNgDsUJas,1.6857142857142857,1.6285714285714286
R_2QJVDeTtU8jND13,1.3235294117647058,1.1470588235294117
R_1IoTTf88hiKUCRc,1.5,1.5
R_2BriVY8dCGGmqIJ,1.6363636363636365,1.5151515151515151
R_2tsdaBijdfTc0Ia,1.0,0.42857142857142855
R_1mRfE1Lhmf0urQZ,1.2758620689655173,1.0
R_1Edupug2osCLnvT,1.7272727272727273,1.7272727272727273
R_1hSgmEEL4D7wuJQ,1.5142857142857142,0.7142857142857143
R_2TObd9rNne3TFWr,0.9714285714285714,0.4
R_1fkjMkzLTUfnsfF,1.0,0.08571428571428572
R_2rVdIFEpk250Y3u,1.1935483870967742,0.7419354838709677
R_3iWFtFCpRZuF94F,1.6176470588235294,1.5
R_32SgKl7xrR9UUzP,1.3125,0.5625
R_5svy7H1CgpUqjrb,1.8,1.0
R_1j6N7ZlxnizRPnU,1.5142857142857142,1.5142857142857142
R_1Ow4uF6ClG37eny,1.1428571428571428,-0.34285714285714286
R_3ek4tzPvcM11Qfb,1.457142857142857,-0.02857142857142857
R_2aXh8JTIK8RiDID,1.1714285714285715,0.9428571428571428
R_AijMCfyUwQRhLPj,1.0,-0.5428571428571428
R_2fCdo0k82vEletm,1.1538461538461537,-0.23076923076923078
R_21FK2tGAeUDg5Yq,1.9375,1.875
R_28Z36dg1pw1fvEL,1.6,1.6
R_3KJGnobm2aOevis,0.9375,0.6875
R_1dH6RKg6q9xMfu1,1.1428571428571428,0.6285714285714286
R_28UnC65PbUbwggz,1.8,1.8
R_0OsPhC57tiO8gsp,1.5714285714285714,1.0
R_3kcFGgUR5HV52He,1.3225806451612903,0.4838709677419355
R_2zMAZZ7yJzUQyas,1.2,0.05714285714285714
R_2Va5PcjBKAkRhcx,1.8387096774193548,1.8387096774193548
R_2q9KANZflhymlIr,1.6285714285714286,1.6285714285714286
R_2bIhkVRmnDUbZEb,1.457142857142857,1.457142857142857
R_2pQNeTnZ929nwXy,2.057142857142857,2.057142857142857
R_rfeqXWMQJyEATOF,1.2,0.0
R_2dtjVT9vdCLZxgC,1.1428571428571428,0.9285714285714286
R_26hdOpWdNtU1GW4,1.0857142857142856,0.5714285714285714
R_ukb9DudLk14KL2p,0.9166666666666666,0.08333333333333333
R_1ovztcRVh0GfLme,2.0285714285714285,1.9142857142857144
R_2AYmw7Kk5zllfSt,0.6666666666666666,0.0
R_ac7rdKvhmUH9Je1,1.8857142857142857,1.8857142857142857
R_byeLD2z2JRT0Fbz,2.1142857142857143,2.1142857142857143
R_1BQpsVOtMh5lvCk,2.1142857142857143,2.1142857142857143
R_2uDQyd2lWBuFzhG,1.2,0.7428571428571429
R_daFKPyc3Cyq10Od,1.4285714285714286,1.3714285714285714
R_tKSNUROgDnnPgiJ,1.2,0.22857142857142856
R_1FtXntpYIrbFpxI,2.0,2.0
R_eJrxFtUNTgq5OsV,1.5,1.4411764705882353
R_eIE22tG60MGQ4Lf,2.0285714285714285,1.6857142857142857
R_325CiooZfVXMfGc,1.8857142857142857,1.7142857142857142
R_UzkhMHlXYK4YN2h,1.4390243902439024,1.146341463414634
R_xu5OhLya4lNgk4V,1.0975609756097562,1.0975609756097562
R_6ildWxDFHhnpZzX,1.3902439024390243,1.3414634146341464
R_DvI3MnvTWxs9zvb,1.2926829268292683,1.1951219512195121
R_3HiE81iZCfiCuJI,1.3076923076923077,1.0
R_3eyovULTcGN1VE4,1.2195121951219512,0.6829268292682927
R_32KCYPTPc6vOyoC,1.35,1.35
R_2aKWnwQGCQOftW7,1.170731707317073,0.4878048780487805
R_3KMIt5D19CdUqH2,1.0,0.17073170731707318
R_1LLMd7z4U0h5Lha,1.024390243902439,0.2926829268292683
R_1jUksDfVONTrxxb,1.6216216216216217,0.2702702702702703
R_1NmgWiHkOM3W7Pa,1.4146341463414633,1.2682926829268293
R_D308rQwHaOzvGV3,1.2926829268292683,-0.17073170731707318
R_ehDzPKD9n6yHGTL,1.725,1.725
R_3eavhNP3cfD8jce,1.6829268292682926,1.5853658536585367
R_2amkb29N5VbXLTw,0.9666666666666667,0.6333333333333333
R_2EBkwHD3E9h9QjS,1.4705882352941178,0.7058823529411765
R_sZQrobbrMdjd7vH,1.5853658536585367,1.5853658536585367
R_RwsWmvS8xZzb9MR,1.4054054054054055,1.4054054054054055
R_QlWfPpUWJ02jyWl,1.6341463414634145,1.6341463414634145
R_3fBr89dSh3ilaHb,1.4838709677419355,1.3548387096774193
R_3rwHGsrco6PLOUx,1.5,1.5
R_1QhlIuDJBYsM40Y,1.1428571428571428,1.0
R_3HzZQsVX7mhh9R3,1.2432432432432432,1.027027027027027
R_xGaEdcjSSADAsrD,1.6341463414634145,1.6341463414634145
R_afoU7tInUFZcP3r,1.3902439024390243,1.2926829268292683
R_2Eg9XVMba5FF4TJ,1.3902439024390243,1.3902439024390243
R_2YDoQSdouRiLYc9,1.4634146341463414,0.4878048780487805
R_3Pcs6hg60pF3hnG,1.5609756097560976,1.5609756097560976
R_11j4G6A82vjqZMU,1.170731707317073,0.975609756097561
R_1pFO1qPjMcmXhRp,1.435897435897436,1.2307692307692308
R_2zqIZRDBtQvGG1m,1.0975609756097562,0.17073170731707318
R_27Kx3GsOuIHzAXo,1.3157894736842106,0.8421052631578947
R_1ohiTwWUgsbCkNG,1.2941176470588236,1.2941176470588236
R_3n7Wwn2UCo8VR6y,1.35,1.35
R_sbfzzHFXgct6gmZ,1.3414634146341464,1.2926829268292683
R_2c5yKd3nFxo83nk,1.2857142857142858,0.7142857142857143
R_2EAfiBAkeBQt72k,1.0512820512820513,0.9487179487179487
R_2YwXahX5gNWottG,1.025,-0.075
R_3EbR3UoYTZQx2pn,1.6829268292682926,1.4878048780487805
R_3CI8AtgRU1urkCO,1.2105263157894737,1.2105263157894737
R_cJfUPmZB8vZ62Sl,1.368421052631579,1.3157894736842106
R_1j7o3A7vhdxvXLZ,1.8157894736842106,1.8157894736842106
R_1rohW09ujFjA0vd,0.9736842105263158,0.8157894736842105
R_ApNr9GOd4PII8o1,0.9473684210526315,-0.2631578947368421
R_afwk5MhZuq1oQY9,1.2105263157894737,0.9473684210526315
R_eRRVPe4sBr4yAMN,1.131578947368421,1.131578947368421
R_2DLBmvhORVNwAkr,1.135135135135135,1.135135135135135
R_vSLkYoqDNcJcQ3T,1.2,1.0285714285714285
R_2BrP9W80xLS5EpH,1.393939393939394,1.393939393939394
R_3lWTLFqXjoqmMZm,0.8333333333333334,-0.1111111111111111
R_32PW3adMmkzCGMo,1.368421052631579,0.05263157894736842
R_2aEUdiwrUvqoIk6,1.1578947368421053,1.0
R_1QrW65aVhpgmg0w,1.2894736842105263,0.39473684210526316
R_1jE5H62kBUOP3cw,1.394736842105263,1.394736842105263
R_ZBGIuUICrA0hmTf,1.088235294117647,0.4411764705882353
R_UWswJFFWLkj2iAh,1.394736842105263,1.2894736842105263
R_1HUvqBKOwTEXCBr,1.4411764705882353,-0.029411764705882353
R_2X7dL5iKiW72uB8,1.5172413793103448,-0.41379310344827586
R_1M0NdQ4MD79GCSV,1.6842105263157894,1.6842105263157894
R_RQWZbWc3KUw13Pj,1.6578947368421053,1.6578947368421053
R_1IhD8EJSFlcRQHs,1.096774193548387,0.25806451612903225
R_1RgFLe2m79zwGFb,0.92,0.52
R_3nVn3ltBEl2BcO2,1.7894736842105263,1.7894736842105263
R_1dmH1681bF7N6nq,1.2702702702702702,1.162162162162162
R_3niQtUMrhvYZN9W,1.4166666666666667,1.3611111111111112
R_26nztPynbwHlLRU,0.8055555555555556,0.8055555555555556
R_31B01340hAjppEN,1.3333333333333333,1.2777777777777777
R_2YxHpJwuvuP9nD1,0.8611111111111112,-0.4722222222222222
R_3iqkpqezrU4Y7Sc,1.2058823529411764,-0.08823529411764706
R_emtkTGTiOk8yxz3,1.0263157894736843,0.8157894736842105
R_2QMbp4kV5nS4DLG,1.6666666666666667,0.9444444444444444
R_2Pp6iYUiIWie83v,1.105263157894737,0.3684210526315789
R_DSq36LkoqQXF201,1.4473684210526316,1.4473684210526316
R_3QKQJANqmyzhMQg,1.5526315789473684,1.5526315789473684
R_2cvCgolwWxIvq9e,1.368421052631579,1.263157894736842
R_29nQrzpzx3Db3Do,1.5483870967741935,0.9032258064516129
R_3FQcA9D5eD0H4Kq,1.8157894736842106,1.8157894736842106
R_3HuZSWuDrYmyZIw,0.8947368421052632,-0.47368421052631576
R_ugii0brIA6aMaAN,0.9473684210526315,0.47368421052631576
R_vi6hbjqRD61QHsd,0.8918918918918919,0.08108108108108109
R_2zGSDPj5QhAYHM2,0.631578947368421,0.47368421052631576
R_1f2ZtF20wOfsdX2,1.631578947368421,1.4210526315789473
R_32OTF5HsazY9N5F,1.3333333333333333,0.9444444444444444
R_2EoehkqqpDbRENn,1.0263157894736843,0.9210526315789473
R_2tr0sA9yqNhkGA7,1.0571428571428572,-0.08571428571428572
R_2y2vE0oRynjO1Z0,1.2702702702702702,0.6756756756756757
R_3sphfrpvAx8GBca,1.394736842105263,1.394736842105263
R_3Delc2DcTzR5tmg,0.9714285714285714,-0.45714285714285713
R_2dn1y85Bfm836Gj,1.457142857142857,0.2571428571428571
R_XHfvFS8VNJQ6Anv,1.2571428571428571,1.1428571428571428
R_yrS0MKI0OB7sX0l,1.1428571428571428,0.5714285714285714
R_2fqaw1M6FZSsCea,1.3225806451612903,-1.064516129032258
R_8f9C9QPOvr3tkPv,1.2571428571428571,0.6285714285714286
R_3nBfVNGh8fAwCjB,1.0285714285714285,0.45714285714285713
R_2EmBhShluDOMsH8,1.8285714285714285,1.6
R_3q88sIvHEod1hnx,1.1142857142857143,0.8857142857142857
R_2EaXo5K5dtf9ib9,1.4242424242424243,0.6363636363636364
R_4HfaK9Ew1oBLGnv,1.4411764705882353,0.6176470588235294
R_2AXx7aHVSIFVt1N,1.2,0.17142857142857143
R_2chHPYVB1pPT65Y,0.9714285714285714,0.6857142857142857
R_1JR6SwcrPo7YwWB,1.2571428571428571,0.8571428571428571
R_a5UtVc2MWarFtdL,1.6857142857142857,1.2857142857142858
R_1EbaYu2O4IWKpWE,1.3235294117647058,1.1470588235294117
R_z9jdt2UszQ0b4Pv,1.4285714285714286,1.4285714285714286
R_tSt6ob3eKt1PbsB,1.3142857142857143,1.2
R_1OvKmq0PW6jf0yR,0.8857142857142857,-0.14285714285714285
R_2YxoMKMNzR0EvD2,1.46875,1.21875
R_2rMlxSCTX2HDdUZ,2.0,2.0
R_3R4LLGqVDSo6mou,1.4,-1.0
R_XH96ozsnl79xnYB,1.71875,1.59375
R_bEoHcqyeRZYX7Al,1.2,0.7428571428571429
R_2YhzJCfSjabgUiO,0.7428571428571429,0.6857142857142857
R_3Rm68mFNLjNcNp7,1.2058823529411764,0.7352941176470589
R_cGaAYFepugiWHmx,1.542857142857143,1.542857142857143
R_33l6fF9Mmon7KZG,1.3142857142857143,0.6285714285714286
R_2tDxNnt2m5eJMwJ,1.4285714285714286,1.2
R_1o5aULEwmxo297d,1.5142857142857142,1.2857142857142858
R_1irEmD4K8CeF0Mi,1.9714285714285715,1.1142857142857143
R_2VgBQyCJypdU1b4,1.3823529411764706,1.0294117647058822
R_3EgtSu9LDmwzrSl,1.4857142857142858,1.3714285714285714
R_3RpWPrjqvhoY5HL,1.9714285714285715,1.9142857142857144
R_28RKAjh2Z5UFFcS,1.3823529411764706,0.8529411764705882
R_2dW80OrrSQZHG3U,1.6571428571428573,1.542857142857143
R_2SJqfqlPHe8zSWo,1.3714285714285714,-0.45714285714285713
R_3DezHVG9SsHrsA1,1.7058823529411764,1.6470588235294117
R_2zMxNBgr85P5Efh,1.4,1.24
R_3J8UehWvwlDRxWV,1.0285714285714285,0.17142857142857143
R_2vdMJd6xKnsy6Fn,1.1538461538461537,0.4358974358974359
R_qVKYoYQLsFwQr5f,1.6341463414634145,1.4878048780487805
R_r1Of9VOlZV2h44N,1.0512820512820513,1.0
R_3Gv1bVZz169y7Hw,1.024390243902439,0.43902439024390244
R_3346CSPZOjAiNJ3,1.8048780487804879,1.8048780487804879
R_2D5lxCnaxuidKWP,1.0,-0.3
R_3HYPwGBlS0aONPO,1.125,-0.675
R_pbA54tlir1fCN1f,1.1538461538461537,-0.7435897435897436
R_11XtMWCiog4wZQg,1.3414634146341464,-0.21951219512195122
R_2WGTmP0fqaKHxGu,1.103448275862069,0.896551724137931
R_OeTfR4XJ9zDWyop,0.9512195121951219,0.21951219512195122
R_xgOH0fUiBBieHLj,1.2439024390243902,0.8048780487804879
R_1M00OD5VJxu1ncN,1.024390243902439,0.975609756097561
R_2D5o6I65EtlmXpw,1.853658536585366,-0.14634146341463414
R_1lyLEe8Chy6SrQw,1.1,0.5
R_1DMSNKRa38Jb2ke,1.2307692307692308,-0.20512820512820512
R_1n7ULwxFfx8VIg1,1.0,0.8181818181818182
R_O6zmP3uydanLyRr,0.9655172413793104,0.4827586206896552
R_9RiwxbUlfuhhbGh,1.7073170731707317,1.3170731707317074
R_1Oq1jnrkZcAPRmD,1.4736842105263157,1.4210526315789473
R_2oipBLM64XQnisV,1.1794871794871795,0.9743589743589743
R_a8GbBe7yvQRinNT,1.6341463414634145,1.6341463414634145
R_2Csvt97FOTAm30N,1.5384615384615385,1.2307692307692308
R_3DuRH4bt37yyETv,1.2105263157894737,0.3157894736842105
R_31TJRq7pth8Dtqr,1.2972972972972974,0.8648648648648649
R_1Q0gh7H5oRWMgES,1.829268292682927,0.4146341463414634
R_3j3xyQUf5zVcyyt,1.7837837837837838,1.7837837837837838
R_24d4DKVHIcKXazW,0.9166666666666666,0.027777777777777776
R_1M52C5GiSChRdck,1.0731707317073171,0.04878048780487805
R_2TNNHrkctst3n9A,1.1025641025641026,0.38461538461538464
R_WuFc5g4vN6cRGQp,1.170731707317073,0.5365853658536586
R_1hLoCgElOuafIX7,1.0731707317073171,0.43902439024390244
R_2tKFZpKDgbyddlW,1.4878048780487805,1.4878048780487805
R_20T2pQYXwaopvA3,1.25,0.5
R_3xxQOUUw2EwGqR3,1.1219512195121952,0.43902439024390244
R_AsKpYxIBvapDhfP,1.4102564102564104,1.1025641025641026
R_shwKXBSdqKcNw1X,1.8048780487804879,1.8048780487804879
R_3262UaSq8Ewgc7z,1.368421052631579,1.3157894736842106
R_2zbZM513b4JCUGd,1.146341463414634,0.024390243902439025
R_10UH7YoKjl3aSyj,0.9166666666666666,0.8611111111111112
R_22u00XL8UbYSI3l,1.1142857142857143,0.8285714285714286
R_1dBrs0EcAYos55M,1.3548387096774193,1.096774193548387
R_32J8SzP7QjKk0WK,1.4285714285714286,-0.9142857142857143
R_6tyxDrs1nuWTsYh,1.2857142857142858,1.2285714285714286
R_1pmNAmfwOpZV9mB,1.2285714285714286,1.2285714285714286
R_26nnplApzX5NRLn,1.2857142857142858,0.7714285714285715
R_1N4Zq4wWzirs9Gj,1.5,1.4333333333333333
R_22ojByckqm9GXVP,1.1428571428571428,1.0857142857142856
R_XBspBwSTJ4Cj3i1,1.0,0.3142857142857143
R_123AFMQaT9UEEuw,1.1818181818181819,1.1818181818181819
R_2chKGX3Km7PgERD,1.3428571428571427,1.1714285714285715
R_2TLDa7LA59xbper,1.3714285714285714,1.3142857142857143
R_1mOFzoWn66OFXdl,1.6,1.4857142857142858
R_1Gy59n13mfunTEp,1.5142857142857142,1.5142857142857142
R_2BeNPxGPvsnFNES,1.1379310344827587,0.4482758620689655
R_3nMmByuPIo3OQLL,1.3235294117647058,0.4411764705882353
R_3NKFCj6ngf01lGU,1.3714285714285714,1.1428571428571428
R_1LXAJt1CFKSGjRX,1.0,0.8235294117647058
R_1gFJtHhkZAiPZ7U,1.457142857142857,1.457142857142857
R_3EtiWq2tXGzqOdY,1.4285714285714286,1.4285714285714286
R_33D38w88e9ZOUZ2,1.6,1.4285714285714286
R_3PjfyDjHZJrClzA,1.4285714285714286,0.7428571428571429
R_3GwFKep8ixxzVS8,1.4285714285714286,1.2380952380952381
R_czEx5NsBUJ3hzm9,1.8857142857142857,1.8857142857142857
R_3ezCxYI5wY0iEEA,1.1764705882352942,1.1764705882352942
R_3nCUY34diffIzne,1.6571428571428573,1.6571428571428573
R_3hzRM7rTmiG9qmg,1.375,1.3125
R_2zw5LtSd4fixonW,1.4857142857142858,1.2
R_3kO2RaiHVoaeYWO,1.3428571428571427,1.2857142857142858
R_aguHwQScDpy5BpT,1.3529411764705883,1.2941176470588236
R_1mlx9dPMGrvVA6R,1.2285714285714286,0.8857142857142857
R_xirYgVe4hr0mlEZ,1.8857142857142857,1.8857142857142857
R_1dN95JZbuOkVyEO,1.2333333333333334,1.1
R_phDfgthYHAh7epj,1.0571428571428572,1.0571428571428572
R_25BKN5uALtSPF5D,0.8857142857142857,0.5428571428571428
R_2AN0DeqWB1aapfs,1.0526315789473684,0.47368421052631576
R_1K8ysmzpwCYlErJ,1.236842105263158,1.1842105263157894
R_DotdTMHK9PmVOhj,1.236842105263158,0.4473684210526316
R_3NypMPDBW6UhdJH,1.2105263157894737,0.3684210526315789
R_ZDCAm2dXab4JvmF,1.2972972972972974,1.135135135135135
R_2qkFKkaCjxynhTd,1.5405405405405406,-1.162162162162162
R_3iWL8p4rzGtMVTs,1.0526315789473684,0.8421052631578947
R_3POcqLBGA0MC5F2,1.236842105263158,-0.9736842105263158
R_7NGTXQ23Uju0RLX,1.0,0.8461538461538461
R_1dhv5AtNikt6rzg,1.263157894736842,1.263157894736842
R_3FVDeUlQiWAo5rQ,1.5,1.4473684210526316
R_3rILVm0hHD2EWzh,1.0810810810810811,0.972972972972973
R_BEvMtAMSK9m59rH,1.1111111111111112,1.037037037037037
R_1iqcO4TbJAcpKeN,1.0789473684210527,0.8157894736842105
R_xgVMBLxfo4UZsL7,1.2972972972972974,0.43243243243243246
R_1GCaKJMvx5jT7YJ,1.9473684210526316,-1.9473684210526316
R_2RWkt2Va3GkKnRN,1.162162162162162,1.054054054054054
R_2UWudwRyGbwFlIp,1.1111111111111112,1.0555555555555556
R_1NFxsU7RHpXmU71,1.2105263157894737,1.0
R_XmKSNn1dcTQfGXn,1.3157894736842106,1.3157894736842106
R_2VvCLfNTxT0wk1I,1.3421052631578947,1.1842105263157894
R_byDLNfxQVkgvcLn,1.4285714285714286,0.11428571428571428
R_2fjHPkNuCS1qKM0,1.2647058823529411,0.4411764705882353
R_SITBkbMJx17b6aR,1.263157894736842,0.8421052631578947
R_2y7SmTIGAgqGUrG,0.9736842105263158,0.5
R_02E7TPf0hcFBzvX,1.2894736842105263,0.4473684210526316
R_2U5zJmP6MXBO2Bb,1.5555555555555556,1.5555555555555556
R_ZEJr9cMhzbrr8Q1,1.0789473684210527,0.5
R_3R2fp8Khpnwrjtn,1.6842105263157894,1.6842105263157894
R_08k0oEpLpOfXfHP,1.5675675675675675,1.5135135135135136
R_1rxEk5nH4O7Vk6n,1.4210526315789473,1.368421052631579
R_Q9AJ5JMA4Qm55vz,1.236842105263158,1.0263157894736843
R_1gzuk1CppeoYS5C,1.4473684210526316,1.394736842105263
R_2WGR25utSFu9Efi,1.0526315789473684,0.2631578947368421
R_3h0yhNQqbGdjS4e,1.605263157894737,1.605263157894737
R_rlJeNF0q6I40fJf,1.263157894736842,1.0526315789473684
R_2CU19iLeUP6hYQT,0.8947368421052632,0.47368421052631576
R_27wFBzzrW6unwbW,0.8947368421052632,0.7368421052631579
R_3ikdIwtHXDPw27D,1.1578947368421053,1.105263157894737
R_3dM2OhZkDvYpgWb,1.1842105263157894,0.5
R_27vev84lYdE8jP6,1.4324324324324325,1.4324324324324325
R_2akvCHO6s2RZqjC,1.1842105263157894,1.1842105263157894
R_2WBWCwsKqjFRoKL,1.5263157894736843,1.5263157894736843
R_3ETgV9wXTQqpjYC,0.4117647058823529,0.058823529411764705
R_2z6Zo37KK0kWIMg,1.0789473684210527,0.868421052631579
R_1kI8Upuv7EwmXjp,1.2571428571428571,1.2
R_SPk74FHzw8HvqEx,1.2432432432432432,0.918918918918919
R_Wkaieu2q0rssuPv,1.4,1.4
R_cTvCcUM3nMcy2Ln,1.6176470588235294,1.6176470588235294
R_2dGPwehNzHOsN80,1.6571428571428573,1.2
R_vxB2cAqBeF156HD,1.6,1.6
R_23f6Z0VMNuE1cPk,1.6,1.542857142857143
R_1CkCweTuFFIR8ks,1.0571428571428572,-0.14285714285714285
R_2zdRDDm649MLlOW,1.3214285714285714,1.25
R_2dzFQlZQ7bjqusu,1.7058823529411764,1.5294117647058822
R_3fK915CmnLJVdoW,1.967741935483871,1.967741935483871
R_1P4SkYuKIvc9Nya,1.2,-0.22857142857142856
R_1q4dvR5GfU6Z06Z,1.5454545454545454,0.7575757575757576
R_2fxqfDylqRNPmtG,1.56,1.16
R_831e7fZjOw441Cp,1.3823529411764706,1.3235294117647058
R_3feBK7Vfvx3W6l1,1.9142857142857144,1.9142857142857144
R_22RpmXbF5Xzw9Ws,1.3125,1.25
R_3Rn4beV0NHjL7pP,1.8,1.8
R_3e2EZXzDf67UKkJ,1.3714285714285714,1.2
R_yUZEfvWOdmlRwZ3,1.542857142857143,1.3714285714285714
R_1CJunnv4P2KeBal,1.7058823529411764,1.7058823529411764
R_1LY9orXtoecyprb,0.8857142857142857,-0.08571428571428572
R_25MdiIqGC493PZc,1.6,1.3714285714285714
R_1db4FbRj6d2GTRr,1.3235294117647058,1.2647058823529411
R_1QLpcYPsdocjouv,1.9714285714285715,1.9714285714285715
R_siJmH1OwMhbldCx,1.6,1.3714285714285714
R_120eAtkOdwHv5IE,1.2285714285714286,0.08571428571428572
R_3sn5SoKXyK7NtW3,1.7428571428571429,1.7428571428571429
R_3fwSDALMLEqazzp,1.3714285714285714,0.0
R_2XhODdMMEKO53iz,1.4857142857142858,-0.34285714285714286
R_31HnvCTCByE975N,1.3235294117647058,0.6764705882352942
R_2e3TNPpZrhMWMUf,1.4285714285714286,-0.8
R_1NmI1WFaAp9nAJq,1.8285714285714285,1.7714285714285714
R_111P4kHf4jAIbxh,1.1142857142857143,0.2
R_bdYN3ZLAlZqVcEF,1.9428571428571428,1.9428571428571428
R_3GdkVEqpGd9pYRM,1.0,0.5428571428571428
R_3rNxYWKoVVDVC0y,1.2258064516129032,0.45161290322580644
R_30f4MeFa7Jo7vGU,1.0,0.29411764705882354
R_2pMJ5fsEKbRk9mF,1.3428571428571427,0.8857142857142857
R_NVI6JKzvyE8Ycvv,1.8181818181818181,1.7575757575757576
R_1KeZrVQAH7abJLa,1.1428571428571428,0.6285714285714286
R_cvYu4gcEiWhcGR3,1.3333333333333333,-0.13333333333333333
R_wWTLyI2L22JQFod,1.0909090909090908,0.7878787878787878
R_27JcPIPFF43pTsF,1.2352941176470589,0.4117647058823529
R_3QWRpV7Pr4T6ebn,1.0285714285714285,0.11428571428571428
R_3FP8fnV7yf6hw2h,1.5588235294117647,1.5
R_277QxXq3GsVTIxV,1.1142857142857143,0.08571428571428572
R_12LUhs1YiDOP2gv,1.0285714285714285,0.11428571428571428
R_2U3ZJj4bhzNmx4A,1.2857142857142858,0.14285714285714285
R_3DtfSTYh0IbzBdv,1.6363636363636365,1.5757575757575757
R_23adZhziTuaJ8y6,1.1176470588235294,0.35294117647058826
R_3hlvI13xastHzkS,1.064516129032258,0.41935483870967744
R_3PHNyVH16J297VC,2.235294117647059,2.235294117647059
R_x4Mz4LdAXCPucVP,1.793103448275862,1.793103448275862
R_2X1y7MX5SF78l8l,0.8181818181818182,0.7575757575757576
R_XtsRTYBoXbivVFn,1.2857142857142858,1.2285714285714286
R_1qgR9Au3HMLBXF2,1.9142857142857144,1.9142857142857144
R_7WoV6nNIwfvMzyp,1.5757575757575757,1.4545454545454546
R_1eV53a38LhQHgNK,1.8235294117647058,1.5294117647058822
R_cvzExfJp9Pas9hf,1.9142857142857144,1.8571428571428572
R_w1r0ZIzFnDLamcN,1.5142857142857142,1.457142857142857
R_doo0hYi4sHGHidr,0.9714285714285714,0.11428571428571428
R_3lPTYSRazQ0ZlFx,1.4857142857142858,1.0857142857142856
R_DovT9ZaUB7BnwFb,2.057142857142857,2.057142857142857
R_vlimjB9xoVTmwbD,1.6129032258064515,0.5806451612903226
R_1SLZ1rwRLvgrOWl,2.3142857142857145,2.3142857142857145
R_phlslvhHPC1WZfr,2.0285714285714285,1.9142857142857144
R_2eRc3IjAaU7fBA4,0.9428571428571428,0.14285714285714285
R_1dE1bMHPb5nAVxz,1.3421052631578947,1.236842105263158
R_3Eznjy6399FCHci,1.9210526315789473,1.9210526315789473
R_3iwiFT2jsambwXg,1.2105263157894737,1.2105263157894737
R_3I9UtfPE1NPlH20,1.1714285714285715,0.7142857142857143
R_31j6sjK40altYbi,1.7297297297297298,1.7297297297297298
R_3MQfrOWy9Cbh61o,1.131578947368421,-0.23684210526315788
R_3dQ702g7wRCAEaZ,1.2758620689655173,1.2758620689655173
R_2du4DAv3IdkgQRX,1.4864864864864864,1.3243243243243243
R_1NaKQZTRijEhBWV,1.631578947368421,-1.368421052631579
R_3qs6U8Ki1VkdfAG,1.5,-0.9736842105263158
R_1ocKWs67A1pOhwS,1.236842105263158,0.2894736842105263
R_6DTIqaeNTGKasXD,1.3243243243243243,0.35135135135135137
R_Rf45Hont426SCRj,1.9210526315789473,1.9210526315789473
R_2ebwuyifaYozPdY,1.3243243243243243,1.2162162162162162
R_3E3Ulk9FfZ3Grap,0.868421052631579,0.18421052631578946
R_2AQollEsU3cxBU5,1.7894736842105263,1.7894736842105263
R_Ok7JnCZgkT1buJX,1.0526315789473684,0.8421052631578947
R_3MnH8qmdstZIzUK,1.1666666666666667,0.2777777777777778
R_0k1Nmdsqnk92fmx,1.6551724137931034,1.0344827586206897
R_AMOUyv90Tw8zft7,1.4375,1.3125
R_1OPnlUcdULnDqBi,1.2058823529411764,-0.38235294117647056
R_1cTA51N3zK26eXZ,1.9166666666666667,1.9166666666666667
R_3IOW1w52JI37qOR,1.3157894736842106,1.0
R_3Ep3blpjk60DQ0h,1.736842105263158,1.6842105263157894
R_1riS5WiMamdCwP1,1.0285714285714285,0.5142857142857142
R_z6fCXrNPsyfQ7Ad,1.3611111111111112,1.1944444444444444
R_DOVIsyGWIgY6QBr,1.5,1.4166666666666667
R_2PgT6jEjKqosmIG,1.4736842105263157,1.4210526315789473
R_232nbSzwq5oYzBJ,1.7027027027027026,1.6486486486486487
R_3JIDuYDGFgTNpkK,1.3157894736842106,1.2105263157894737
R_2YfCYM7PVijkUVu,1.4210526315789473,0.3684210526315789
R_3htEXtJGzCFlYwY,1.8157894736842106,1.6578947368421053
R_3dMuvUD4LtaJwDm,1.2162162162162162,-0.7297297297297297
R_2PoiCqHFTXma5o8,1.5,1.3333333333333333
R_3lPIUesuajLH5mn,1.2105263157894737,0.6842105263157895
R_2bVJdb195namvGi,1.4473684210526316,1.1842105263157894
R_3fBgD4V6zSQio7H,1.0526315789473684,1.0526315789473684
R_3fDUVnAUb5loCJq,1.1428571428571428,1.1428571428571428
R_Wkew5F3sXWGkabv,1.4,1.4
R_1nUSONaS3ER66II,0.9142857142857143,0.4
R_125Bj9fNULmJGoD,1.0285714285714285,0.8
R_3j7LBjimnHSI09W,1.0857142857142856,0.6285714285714286
R_3MGW9n7CGwoBHMr,1.2580645161290323,1.2580645161290323
R_3fxxLaPvmccHtVl,2.0285714285714285,-1.3428571428571427
R_3EQoJYSRoPlMY0l,1.0588235294117647,-0.35294117647058826
R_u9t0Kd7ia1MmOwV,1.6571428571428573,1.6571428571428573
R_8hRVMVzOZdfZCdb,1.1142857142857143,0.7714285714285715
R_2frFhg1xDmvMH72,1.2571428571428571,1.2
R_3HoV4yqeKYYQJXO,1.1071428571428572,0.10714285714285714
R_cvXILDTIL0MvAtj,1.4857142857142858,1.4857142857142858
R_31BecV3vyQtvKjh,1.7142857142857142,1.7142857142857142
R_BRNjHxQIcpYnQjv,0.8571428571428571,0.4
R_25s98lZKBiCOLlp,1.5142857142857142,1.5142857142857142
R_3G3cHPKY6zo5Kvh,1.2647058823529411,1.2647058823529411
R_8iiyL2Fpn4y40nv,1.0,0.42857142857142855
R_em5F15fOQxDllip,1.457142857142857,-0.6571428571428571
R_RVmBgfI7YiKtfNv,0.6666666666666666,0.3333333333333333
R_3QFr7vuekjWfELH,1.2058823529411764,-0.5
R_1GTdW1oitl9xWdi,1.2285714285714286,1.2285714285714286
R_10SZDvqlrWB3aNa,1.2941176470588236,0.7647058823529411
R_yEWtu8afTdT9kyt,0.9230769230769231,0.7692307692307693
R_1FwECrQaNsNjn2v,1.1612903225806452,0.5161290322580645
R_1Lp0gyAxTIfvNp4,1.1142857142857143,0.14285714285714285
R_27CD68tr1hMFRjD,1.4516129032258065,1.3870967741935485
R_2Cd0dhAW0Clwayq,0.9090909090909091,0.7272727272727273
R_6J4CsAPF1Q2sQSd,1.0571428571428572,0.6571428571428571
R_BV9Djyjv9aKyJmp,1.6,1.6
R_2cAZJi3PB6NQUZp,0.8,0.6857142857142857
R_1LpaAqP9PMpqXlc,1.0333333333333334,0.6333333333333333
R_T02IVdlWHcWBzd7,0.8333333333333334,0.36666666666666664
R_2TubmbVqpe4SaTx,0.8285714285714286,0.42857142857142855
R_3esjiYZit51ithy,1.2571428571428571,1.1428571428571428
R_2c2vpwJKR0I6lXQ,1.0571428571428572,0.7142857142857143
R_3nAgIvPGMxdzTyZ,1.1428571428571428,1.0857142857142856
R_3hbvt16QK17tNXf,1.5333333333333334,1.5333333333333334
R_bx48esZjHaxvXPj,1.2571428571428571,1.1428571428571428
R_3MG2Oh7FPFW5WV2,1.3428571428571427,-0.14285714285714285
R_1nSJhuS1f020nAu,1.2647058823529411,1.088235294117647
R_3j0TUDo8YFxX3rd,1.1142857142857143,0.6571428571428571
R_3FVyJCzmEf1Bksb,1.03125,0.71875
R_3G36MQsuPmGwFx6,1.0,0.35294117647058826
R_2YbxxlEIjogO83c,1.4,1.0
R_1KcEw6PR1gsLKzm,1.8823529411764706,1.8823529411764706
R_3g6eXwhDzo7j2TA,1.1714285714285715,0.6571428571428571
R_3NJNxX4M7LjxZPe,1.3428571428571427,0.6571428571428571
R_1pPQCQjE0NXgGsC,1.1818181818181819,0.2727272727272727
R_31d9YSxBZ15YK9E,1.46875,-1.09375
R_20ZIosjbsnoRst7,1.0,0.6
R_3Ph3w8S1PRZRIAV,1.5,0.9705882352941176
R_3fIPizwg4hx3RYk,1.3666666666666667,1.3666666666666667
R_0etnb4hkBrJIOOZ,1.2962962962962963,1.2222222222222223
R_2wsHRQuOkYWhkQy,1.0,0.8857142857142857
R_3fHPnSzZt4x9JVV,1.0294117647058822,0.38235294117647056
R_2R1BADP4AeIzyMv,1.2571428571428571,0.8571428571428571
R_w5xoCqiHNdLxEAh,1.4705882352941178,1.1764705882352942
R_2zpbCQWUYmOfiRo,1.0344827586206897,0.41379310344827586
R_2RajLYPST7akQru,1.15625,0.84375
R_SNbNjGjmqaRu1jP,1.4857142857142858,1.3714285714285714
R_3DngLGqUgNp5ReP,1.4838709677419355,1.4838709677419355
R_3Pu8q8DaOkiDRa7,0.8787878787878788,0.5757575757575758
R_1JXttupaYEdrj9V,1.78125,1.78125
R_PCG9jgu7YKE6NDH,1.15625,0.96875
R_3n2vlMeQyosFeX7,1.588235294117647,1.5294117647058822
R_3nD8hG9wNxHZXfR,0.9714285714285714,0.34285714285714286
R_2fx79t60cylNlow,1.0740740740740742,0.18518518518518517
R_3Lhwrnq8uQtnFjr,1.5142857142857142,1.5142857142857142
R_1dEpvWor65pKrzb,1.3125,0.9375
R_3rTAkaBEi2onj2c,1.6857142857142857,1.5142857142857142
R_wMOL6RWgDOGZv33,1.7307692307692308,1.2692307692307692
R_3EQh9S0zxN3oat1,1.2647058823529411,0.5588235294117647
R_Ox4dZPaQHGMbJaF,1.2285714285714286,-0.37142857142857144
R_2sBZxo0u4rD1qcp,1.696969696969697,1.696969696969697
R_12hwutWSNFvNoro,1.3142857142857143,0.45714285714285713
R_1HouwapKPVrV4zt,1.542857142857143,1.3142857142857143
R_ba1bkFrxuIvJssN,0.8285714285714286,0.14285714285714285
R_28A663laCqnQ7Wo,1.3870967741935485,0.2903225806451613
R_31u80DY35020aEI,1.2285714285714286,1.1142857142857143
R_3J9PvEp12q3S2m6,1.7241379310344827,0.6206896551724138
R_3MAlZPuv8kQpQG5,1.3823529411764706,1.2058823529411764
R_1JPY5x1au87zpQJ,1.0571428571428572,0.5428571428571428
R_1hMaP1ZHtmZsnH9,1.5757575757575757,1.5151515151515151
R_3TYtbWrZy033Knf,1.3636363636363635,0.2727272727272727
R_2WDnr96FvC6bXdB,1.7083333333333333,1.625
R_3oASca5ldO1kO8b,1.3636363636363635,1.2424242424242424
R_3iJzsbxfwH4BEac,1.8823529411764706,1.8823529411764706
R_OJwreLuCX8w4Ay5,1.2,-0.6857142857142857
R_oYNcF4zzpKCi4eJ,1.7586206896551724,1.7586206896551724
R_Ol2ZqZFhI12YudP,1.4545454545454546,1.4545454545454546
R_2VlJavGr8jLaZbz,0.8529411764705882,0.14705882352941177
R_3fiN0bsii6Ajvoo,1.2580645161290323,-0.8064516129032258
R_2ZUMHqUgd9gilK6,1.0909090909090908,0.0
R_3qIKHM0hW6voUUt,1.0,0.3142857142857143
R_2S0M40QGo6STozi,1.1515151515151516,0.7272727272727273
R_2agbeXtwHcvrsre,1.588235294117647,1.2941176470588236
R_eaGnLIE3nsX9UCR,1.6,1.4
R_1IBiaMy17TyKRDz,2.1818181818181817,2.1818181818181817
R_20OiqKlGPYO6Qil,2.1142857142857143,2.1142857142857143
R_2c5DL4FVrOKAXfU,2.142857142857143,2.142857142857143
R_3RapfmzA8v9a2lJ,1.0285714285714285,0.22857142857142856
R_2teSxiJYHQZ42nx,1.6470588235294117,1.2941176470588236
R_pENaU8cXdxV66hX,1.0857142857142856,1.0285714285714285
R_2cdflUzIm3icvek,1.3636363636363635,1.0
R_3dMPtJy9hvWxlHX,1.3235294117647058,-0.6176470588235294
R_41MFnjlSamtSIZr,1.5142857142857142,1.2857142857142858
R_1NxEKnduYSJpiJR,1.1714285714285715,-0.2
R_1It4mCPNZtks1qB,0.90625,-0.15625
R_2dLptjwNjgqonAs,1.3428571428571427,1.0571428571428572
R_3RgWHiJESiXSCOX,1.5142857142857142,1.5142857142857142
R_8rggSOSHYNWHF4J,0.9714285714285714,0.9142857142857143
R_2YEYqFiXq56aOu1,1.911764705882353,1.911764705882353
R_1LvOT78AnVcEx4j,1.2,0.8571428571428571
R_30qnN03PVM7wcAQ,1.3636363636363635,0.5757575757575758
R_2pKch9HWSUbQnfx,1.4,-0.02857142857142857
R_1iglf8NeUdOsZfy,1.5757575757575757,1.4545454545454546
R_Okfj4m3HQVCCyCB,0.7428571428571429,0.45714285714285713
R_2TMqNVLvMU8Ln44,1.911764705882353,1.8529411764705883
R_R9RoIxhjMup44pz,0.9428571428571428,-0.2
R_C4DMyTtPGAZLhdL,1.5151515151515151,1.4545454545454546
R_31saXZM7aH12ElY,1.15625,0.03125
R_2tCZhG5GzRLOoFD,2.057142857142857,2.057142857142857
R_2cbgecT6LWJcuhs,1.0857142857142856,0.8
R_2ZOXUztHh7kaopH,0.8857142857142857,0.6571428571428571
R_301d1qzypoJMEN0,1.1714285714285715,1.0
R_1hAsCKCvxxwqXUk,1.2857142857142858,1.1714285714285715
R_2bT5nzwmahVbVc5,1.4074074074074074,1.1851851851851851
R_1mJIi5xX6UWeZli,1.2142857142857142,1.0714285714285714
R_237CqI0Jr9kqPb4,1.28125,1.15625
R_3g74wvFvooeaByt,1.8857142857142857,1.8285714285714285
R_2zd2AMo0kp85nWY,1.7714285714285714,1.0857142857142856
R_2Vg86TNm8Yve9Gx,2.057142857142857,2.057142857142857
R_NWNb0dIU6GJ3hxT,1.303030303030303,1.1818181818181819
R_XCi5V6VyswIccwx,1.1714285714285715,0.14285714285714285
R_02Kt90m9vxg3qx3,1.6571428571428573,-0.22857142857142856
R_1F9ue1HaVucwtWR,1.40625,1.03125
R_2qrau3NjTbfBA87,1.088235294117647,0.9705882352941176
R_2f1CnqHV5qoegV4,1.6,1.0857142857142856
R_udzzmsufiFdoB3P,1.3428571428571427,1.0571428571428572
