rater_id,mse_score,mse_polarity
R_2dzroRQ2uSeR5kh,2.5161290322580645,2.4516129032258065
R_3sKDIHxmcW6hfUd,2.142857142857143,2.085714285714286
R_3nIyQhjRYe275AC,2.606060606060606,2.606060606060606
R_3FKXkB2A9MBDAmc,2.264705882352941,2.088235294117647
R_bx6rt0lKsUTORvX,2.2058823529411766,2.088235294117647
R_1o1h2Jdpj61CxBY,2.088235294117647,2.088235294117647
R_1jeL8FDSqA0H73N,2.9714285714285715,2.9714285714285715
R_3NRsIIcMpRpGaJb,1.7142857142857142,1.542857142857143
R_3jSt7WA1JgWed4n,2.064516129032258,2.064516129032258
R_1FJxqOK5KQcN0yX,3.4285714285714284,3.4285714285714284
R_qOcNm76yHhOB877,2.4,2.4
R_110jt65DHeI6mCQ,3.1818181818181817,3.1818181818181817
R_2vdbF0ySkyPiO6b,1.6571428571428573,1.4857142857142858
R_2SJ1pd4iukv75UO,2.6285714285714286,2.6285714285714286
R_1QE0SiJa2Fo3BvI,1.5161290322580645,1.2580645161290323
R_3sc8M4Agn43099a,2.6875,2.6875
R_1d65QxvLGRNBlLw,2.057142857142857,2.0
R_1iliVpUjP4hdhF8,2.257142857142857,2.2
R_YPTRAxBvU7tbHzP,2.2903225806451615,2.2903225806451615
R_1opuNqd9fnidRRL,2.0285714285714285,2.0285714285714285
R_2SIxQnsugfsVHLC,2.0588235294117645,2.0588235294117645
R_p9n81m57g6tHL2h,1.9142857142857144,1.7428571428571429
R_2CdZw87NVCtnZTj,1.6470588235294117,1.5294117647058822
R_2bJNbBHWzGm1hju,2.323529411764706,2.323529411764706
R_1ptFEUUj9ctC9Cg,1.4242424242424243,1.2424242424242424
R_1g5RvzWZZlbw49F,1.8529411764705883,1.7941176470588236
R_2CeyyTV0Qlva9Pw,2.1176470588235294,2.0588235294117645
R_A6RByQeNjVl8kgx,2.342857142857143,2.1142857142857143
R_2thPrVAROh17DeF,2.875,2.875
R_30c4oPhCtTYQgvm,1.8823529411764706,1.7647058823529411
R_By3tW7ItOVIwcYp,2.925925925925926,2.925925925925926
R_2S841CAoPjyovAh,2.7058823529411766,2.7058823529411766
R_1gpveiwKk3OMHap,2.727272727272727,2.606060606060606
R_1rMtyvEIJRsPeTi,2.764705882352941,2.7058823529411766
R_1hMVgTaJkuUgaDQ,2.342857142857143,2.1142857142857143
R_xyobtXOJ3cdyRpv,3.235294117647059,3.235294117647059
R_1lfuI7qEIUaDG9i,2.161290322580645,2.161290322580645
R_1EiI02DbdHnrXoE,2.0606060606060606,1.9393939393939394
R_1IT9X5nK7cvV72L,2.9705882352941178,2.9705882352941178
R_1DMYwgDU0QhF7Km,3.4571428571428573,3.4571428571428573
R_2urCv0wdfbA55LM,2.1714285714285713,2.1714285714285713
R_3hDYi5Y49RfbqUZ,3.3142857142857145,3.3142857142857145
R_1Cg4i3rpfBDA5NA,3.3142857142857145,3.3142857142857145
R_309azCjkI71BRnZ,1.5454545454545454,1.3636363636363635
R_2PhPVN4IVTe1Jww,1.1470588235294117,0.6176470588235294
R_3iJVcI5GijVe7lf,2.914285714285714,2.914285714285714
R_2xJDLFrKWPXrKnD,2.6333333333333333,2.433333333333333
R_O3VRvSxIHElKqPf,2.088235294117647,1.9705882352941178
R_3gXU6XX484oDKvk,2.4411764705882355,2.1470588235294117
R_2fK7zJjY43ikmiB,2.142857142857143,1.9714285714285715
R_O9cmq3uhHE3XLG1,2.6470588235294117,2.6470588235294117
R_1qh8qagfqsqDyzZ,1.9428571428571428,1.8285714285714285
R_2YsKlyCxsmqcsp3,2.473684210526316,2.1578947368421053
R_2aWBpCPo98DaoVt,2.4411764705882355,2.323529411764706
R_2SdV2MUYmu749IF,2.727272727272727,2.606060606060606
R_2CQEPuZapiPiXh1,3.0294117647058822,3.0294117647058822
R_3NHYB9XWdxZ9BmY,2.878787878787879,2.878787878787879
R_2YfdDEZi0gF4sob,2.4571428571428573,2.342857142857143
R_1P2bafpz6pSKFNf,1.8285714285714285,1.4857142857142858
R_upPD0bD6bUvzcE9,2.1142857142857143,1.9428571428571428
R_2EB03gEBC1vWxrc,1.8571428571428572,1.8
R_3GDrJm2XatCiVON,2.8,2.8
R_1KpqioCgHIeOlAf,1.3428571428571427,1.0571428571428572
R_3jSQ0sp8QADO06F,1.9714285714285715,1.8571428571428572
R_1eQtFYNM4BXWhG7,1.8,1.8
R_1LesT0xDdrupfPJ,2.8,2.8
R_1fk0Q6phMc7h7xo,2.5454545454545454,2.5454545454545454
R_1LRny2lYhaIUzQE,2.5428571428571427,2.5428571428571427
R_3R3govpjkKwaoSh,2.6857142857142855,2.6857142857142855
R_wRgHob8uG42IE0x,1.6666666666666667,1.5185185185185186
R_W0Vu3UprFxG75Tj,1.9393939393939394,1.7575757575757576
R_3dZgbZZasRd4ayu,2.4193548387096775,2.4193548387096775
R_33DWFgJVIC7a3aK,3.7142857142857144,3.7142857142857144
R_29mk3CMPl9EDVun,2.566666666666667,2.566666666666667
R_yUPaLOrYd0iLMMV,2.5588235294117645,2.5
R_OwKUW5H8SWo7tqV,3.342857142857143,3.342857142857143
R_T6pWIccpBTyyPAd,2.5454545454545454,2.484848484848485
R_2wuWMh5BHSiqq3A,3.857142857142857,3.857142857142857
R_s7gcBO7gNCdgo5r,3.1714285714285713,3.1142857142857143
R_2ZEqwWc64j842lt,2.6,2.6
R_124RaLXWh9F0tdY,1.588235294117647,1.3529411764705883
R_1pnCW6SdaNLeG1T,2.1470588235294117,2.1470588235294117
R_2PuoJouIbTdi6T4,2.742857142857143,2.742857142857143
R_1KoIT5iAOWCeqmd,2.7142857142857144,2.7142857142857144
R_1IyFMbFsVQlocL7,2.914285714285714,2.914285714285714
R_294HaZSgzDyae9O,1.6,1.3142857142857143
R_2AG7ATckFfb4zPD,2.3142857142857145,2.142857142857143
R_1FQCEKkeKNxxklQ,1.696969696969697,1.6363636363636365
R_Y66wqewvt7edwDT,2.942857142857143,2.942857142857143
R_32VLWYL8Wmzzdyt,2.5428571428571427,2.5428571428571427
R_2xyjajFSWkSHdFX,2.6,2.6
R_SC2UMzxJsrOnwit,2.323529411764706,2.323529411764706
R_1OQ4dxBspGweWyV,2.8,2.8
R_2fB7GKzPJKw94hs,1.8285714285714285,1.6571428571428573
R_2QX1w7ihmHRV1dD,1.5142857142857142,1.5142857142857142
R_3neZyWzz0hvufoC,2.6857142857142855,2.6857142857142855
R_2cbeFcRigOFdc3r,2.03125,2.03125
R_refeoYyPXztmeOJ,2.0625,2.0625
R_3jUuTsmFQRB21X3,3.161290322580645,3.161290322580645
R_3hxQa83fS6nZDPP,3.257142857142857,3.257142857142857
R_3n2SDzytkAubbre,3.6857142857142855,3.6857142857142855
R_3DnE0t3MO4L6QTb,2.5714285714285716,2.5714285714285716
R_10CuNCjPv408VLD,2.657142857142857,2.6
R_0pSKBB9gKLw5UFX,2.4857142857142858,2.3142857142857145
R_1daf3Bq3aLjm7eQ,2.4827586206896552,2.4827586206896552
R_UKM5qKwu7dOGkKt,2.823529411764706,2.823529411764706
R_29vpETM5h8goAOV,2.3714285714285714,2.3142857142857145
R_2xXdVsek3HLjJrR,2.6052631578947367,2.6052631578947367
R_3DuojyDsl7Ps0I0,2.6206896551724137,2.6206896551724137
R_1imK7JeeqD1IlDx,3.473684210526316,3.473684210526316
R_3kpkaSMlmbUBCsd,2.6052631578947367,2.6052631578947367
R_2qEKc05ip6w8vNK,3.210526315789474,3.210526315789474
R_2TvqKt1FOkECf8u,2.210526315789474,2.1052631578947367
R_21o0ME2xOxSMz5R,2.289473684210526,2.236842105263158
R_2tmwUif4eS2rdkz,2.5714285714285716,2.2857142857142856
R_3L75zfVZkBJGO5b,2.4166666666666665,2.138888888888889
R_eKBmnJc4esRREdj,3.473684210526316,3.473684210526316
R_1K2O3JNFD35Nj99,1.4473684210526316,0.9210526315789473
R_2ZVMi56rbjD69wL,1.8888888888888888,1.6666666666666667
R_6JzM0F72P108PCx,1.6129032258064515,1.3548387096774193
R_3qJYV5FeQXTlegX,2.473684210526316,2.473684210526316
R_1eqJ28zOtno7wxO,2.8421052631578947,2.789473684210526
R_zVC56mL5POZEeQx,3.473684210526316,3.473684210526316
R_29bQHOYGGSbrpkO,2.3783783783783785,2.27027027027027
R_2dEHrZyK7eTZ0AR,3.1052631578947367,3.1052631578947367
R_3pgJJpzPXBv30zV,2.6578947368421053,1.868421052631579
R_1QaOahIYuYQu7CU,3.1666666666666665,3.1666666666666665
R_3NINn3ID5rq964W,2.8157894736842106,2.8157894736842106
R_2q7vtQDF0rx1phq,1.7837837837837838,1.6756756756756757
R_1dLYp0Sh05ZWPS4,2.942857142857143,2.942857142857143
R_1ILAfrZodxKWtpC,2.0,1.7777777777777777
R_3fOw4fnMdncmSTG,1.1842105263157894,0.7105263157894737
R_1FJLdJFnh0OuZHH,3.1578947368421053,3.1578947368421053
R_9tMWfZYeuw3thyV,2.789473684210526,2.789473684210526
R_1pmM4J16Ds6M5S4,2.289473684210526,2.236842105263158
R_3RfQgZ7evEonzrW,2.161290322580645,1.5806451612903225
R_2WDuRX70HSHt6i8,2.5789473684210527,2.4210526315789473
R_2D6MUFNriwKmybr,2.918918918918919,2.918918918918919
R_2OGtAaYNILtDrgY,1.763157894736842,1.5526315789473684
R_1i9zlioeqeGkMXe,3.103448275862069,3.103448275862069
R_u31cxgMGSWvKAlr,2.081081081081081,2.027027027027027
R_27QCADWRcKdPOma,2.1578947368421053,1.8421052631578947
R_SQ0039B5J1GpT4R,1.5789473684210527,1.3157894736842106
R_2TYJwQZZ12lwTUV,3.1052631578947367,3.1052631578947367
R_3sBaMP1ekPCFCCP,2.864864864864865,2.864864864864865
R_UAPRshmD0ih0xI5,1.368421052631579,1.0
R_22wXb5ixfPcfxsq,2.6052631578947367,2.5526315789473686
R_12SEDx7TCUEkHyp,2.789473684210526,2.736842105263158
R_SZbV7RpxwUAhbcR,1.894736842105263,1.6842105263157894
R_28U0WQIHa0vT9GY,1.763157894736842,1.1842105263157894
R_YPlrKfA7JPBnKMN,2.7777777777777777,2.7777777777777777
R_10o7g8exNCzrmSR,2.945945945945946,2.945945945945946
R_ylJh3rbmSBlJemJ,1.6486486486486487,1.5405405405405406
R_yrlPlDgKHPHPsaJ,1.4736842105263157,1.368421052631579
R_2WP5UP6JvoJW5gR,1.3611111111111112,1.1944444444444444
R_1IXgqh8MtkIWlGg,2.6216216216216215,2.4594594594594597
R_3HobCNOZsKHZwju,1.8888888888888888,1.8888888888888888
R_AMvZgqKC4ET5U9H,2.742857142857143,2.6857142857142855
R_1GCb5YwID3USjzR,3.3947368421052633,3.3421052631578947
R_2zXU3MArS0Ibx9l,2.8684210526315788,2.763157894736842
R_8FV0mwpamuzDavv,2.6486486486486487,2.4864864864864864
R_2Y5ngzHPdynrpfy,2.736842105263158,2.736842105263158
R_2tmMY4t45ZiAYih,2.0526315789473686,1.8421052631578947
R_ODcilpbgEKmrA4N,3.7567567567567566,3.7567567567567566
R_6A5g8I3TabFgB57,2.606060606060606,2.606060606060606
R_BR2pq17Ja5fcIRb,2.973684210526316,2.973684210526316
R_UKDo3ArTxk6lttf,2.710526315789474,2.6578947368421053
R_2Vjsi5yH1y4UETE,2.0789473684210527,1.9736842105263157
R_1CvIhB7tWlTBPug,2.710526315789474,2.5526315789473686
R_1EahdQlKmdvTveH,2.789473684210526,2.6842105263157894
R_1rv6SlQGwEuITUT,2.2432432432432434,2.027027027027027
R_OvCNJyC6OKIszdL,2.4210526315789473,2.263157894736842
R_3HHYdLYDEQlOHAf,2.8333333333333335,2.7222222222222223
R_Zaw9tJEuNuGz89H,2.6216216216216215,2.4054054054054053
R_D0QYIf28dApzrIR,3.0,3.0
R_suiAhWAZF9n4CVH,2.810810810810811,2.810810810810811
R_2U3k0cesJQihIT7,2.7027027027027026,2.7027027027027026
R_3dEREEJk6FLtxJQ,3.5526315789473686,3.5526315789473686
R_vkPNRMd0cNP4XDP,2.736842105263158,2.6842105263157894
R_1GK2yQiRSplThjv,3.263157894736842,3.263157894736842
R_prP93NoxR5qJFv3,3.27027027027027,3.2162162162162162
R_1GPakWmavZJKEi5,2.6842105263157894,2.6315789473684212
R_3P5COEgCM8xhfVc,2.2162162162162162,2.2162162162162162
R_b2fmfRLauauQBXz,3.72972972972973,3.72972972972973
R_1MYaYsMMCtntO9U,2.5675675675675675,2.2432432432432434
R_1cUMa2ZYVZmCjLk,3.4210526315789473,3.4210526315789473
R_2dgo9rMYvlay8xL,3.3783783783783785,3.3783783783783785
R_pLEJDojpaR4S0r7,2.2222222222222223,2.111111111111111
R_2CwQRhHsGKo9FEc,2.3157894736842106,2.210526315789474
R_3ggpeSfgLOsM0Ip,2.0526315789473686,2.0
R_7QHh8Cy2t8YfDdT,3.6578947368421053,3.6578947368421053
R_2YzgKZdltrXIWfm,2.0606060606060606,2.0
R_1gIT2e9Q1ZW4wRN,3.108108108108108,3.108108108108108
R_3dYu5BOpi7dokJf,3.189189189189189,3.027027027027027
R_3oNtXw8aXkhr195,2.6285714285714286,2.6285714285714286
R_3HZW7MMe2u8pwk4,3.3947368421052633,3.3947368421052633
R_1E6xqbFBpw1YDFg,1.8918918918918919,1.8918918918918919
R_3njiNM4PZ4qiqcf,1.7714285714285714,1.7714285714285714
R_1dzVrOUKpQoLHyR,1.6363636363636365,1.393939393939394
R_2qf7Co9V6Ok2Dx0,2.676470588235294,2.676470588235294
R_3L23yppQZufCpU7,2.942857142857143,2.942857142857143
R_1pESUkFphiERdx4,3.088235294117647,3.088235294117647
R_2DZUccB3q8WNAm6,1.457142857142857,1.3428571428571427
R_Z3OzjYC4NFKUPXH,2.5714285714285716,2.5714285714285716
R_2zwgLuovwHFHcE3,3.2941176470588234,3.2941176470588234
R_3D1iWPSX3cvfy48,3.0,3.0
R_3qIGRLPhQ5AYa6h,2.057142857142857,1.9428571428571428
R_2OVy83tjYEAo0xg,1.2857142857142858,1.1714285714285715
R_1PUGO6a1YpyUf5m,2.3142857142857145,2.3142857142857145
R_2wvOly7p7SWn4BE,2.0,1.76
R_2SpYT6SHBZzjgs0,3.2058823529411766,3.2058823529411766
R_2uwYAwDnWbylfsr,1.7142857142857142,1.3142857142857143
R_2ur2v4mQbwMOHMe,2.3142857142857145,2.3142857142857145
R_1Nm0XBQjovAbAji,3.3142857142857145,3.3142857142857145
R_2OGEhAdwKYxpHCw,3.1714285714285713,3.1142857142857143
R_2ZD28Kftj0HXUD3,2.1515151515151514,2.1515151515151514
R_1hYG91XcqjxUmEC,2.3142857142857145,2.142857142857143
R_UDCpxXfm9U4ca53,2.8285714285714287,2.8285714285714287
R_2zpxOAfc0DIAm9e,3.342857142857143,3.342857142857143
R_2952NxI7eQgF7mA,2.303030303030303,2.303030303030303
R_pyfwtr7Z0Xzpiff,2.6451612903225805,2.6451612903225805
R_2EBnEdb8b7yLyxW,3.742857142857143,3.742857142857143
R_31gy6kJNMg23vbT,2.257142857142857,2.085714285714286
R_3efaEOlJ0dUwSmU,2.0,1.9411764705882353
R_2rucRa8cnLzpvCP,2.6176470588235294,2.6176470588235294
R_w1pslQh2UxRiQBr,2.6,2.5428571428571427
R_27BXywrOagpZpLV,3.0555555555555554,3.0555555555555554
R_2TGdKOhs6Ef1Xc8,2.6285714285714286,2.6285714285714286
R_2TtTAgcATuIJAF2,0.9714285714285714,0.6285714285714286
R_5uK5icU4ZIhzTVv,1.65625,1.59375
R_1ik66jyEp2b40WM,1.8,1.8
R_1cUmcpR4hpQbiNX,3.242424242424242,3.1818181818181817
R_2do6kqzIqBe40bL,2.8181818181818183,2.8181818181818183
R_2VmzZiBGyRxRBeB,2.8,2.8
R_xAzH4rOkwvrZ1Dz,2.3142857142857145,2.257142857142857
R_1KqJErdzoDpcSdz,3.742857142857143,3.742857142857143
R_1n9KYJBx3q4P1u5,1.7714285714285714,1.7714285714285714
R_2PtbnoyROv8z0i9,3.7142857142857144,3.7142857142857144
R_bIRigrArBsw78KR,1.5142857142857142,1.3428571428571427
R_2WIMxrAq5ExkU7a,2.0,1.8285714285714285
R_2zhye6hESK2Orq2,2.1142857142857143,2.057142857142857
R_2aM0z429USG31yr,3.0285714285714285,2.9714285714285715
R_ub3pU0ztPBLJW5X,3.727272727272727,3.727272727272727
R_23180axkzfDs5Xv,1.4705882352941178,1.411764705882353
R_1DSTUMCesLpTj8g,2.054054054054054,2.054054054054054
R_3nTUdpVgeCpYjhv,3.1842105263157894,3.1842105263157894
R_UasLFBmYrOrIZYR,2.1842105263157894,1.868421052631579
R_1ov9PBGWQ8vbXQE,2.1052631578947367,1.7894736842105263
R_1f0Ivhk7kwUps2f,2.6578947368421053,2.6052631578947367
R_1N1X7SYaUWwhFUh,2.973684210526316,2.973684210526316
R_1KshIh9a4FPBDhC,2.21875,2.15625
R_3sAHJpTBUSU6ysC,2.263157894736842,2.0526315789473686
R_XX5nDlL5gjfrCE1,2.710526315789474,2.710526315789474
R_2TH26GNtWqezlt7,2.236842105263158,1.9736842105263157
R_POu4512SfDcgLHX,2.891891891891892,2.891891891891892
R_1r06TXih3rG5egq,2.4473684210526314,2.4473684210526314
R_3lVy5i8KGkdBT2u,2.2777777777777777,2.2777777777777777
R_3GcXFBm5Vh1o3kB,2.5294117647058822,2.4705882352941178
R_27OJY7uhTO8kOwO,1.763157894736842,1.5526315789473684
R_3QS0aP4X9S3Qifo,1.4736842105263157,1.263157894736842
R_2aeLRGduIjKnU6b,3.026315789473684,3.026315789473684
R_21BoGYYF6WHdjB2,3.210526315789474,3.210526315789474
R_1Ol5vAztd9pjghR,2.6578947368421053,2.4473684210526314
R_8e1lqRSvb6EQQ1j,2.763157894736842,2.763157894736842
R_1OpiGLobTYBXRau,2.3714285714285714,2.3142857142857145
R_ywfzIDKDlL3w61r,2.5135135135135136,2.4594594594594597
R_2XhDlcuaYwx4bje,2.4285714285714284,2.2
R_22ltMkK4jnCdj3M,1.0571428571428572,0.3142857142857143
R_3ELHwk936PWmLmY,0.7428571428571429,0.2857142857142857
R_qxRR9TECQhMmtwt,3.4838709677419355,3.4838709677419355
R_2wsMbQjBghKVwKU,2.6,2.6
R_2R53sLIEfE7Qjn7,2.942857142857143,2.8285714285714287
R_1gMGvOeh9CEyKVA,3.0,3.0
R_21npSY4progDtXe,2.8,2.8
R_2QVWccaGUFxIsUY,3.257142857142857,3.257142857142857
R_25zKFIjqwKDee4P,2.878787878787879,2.878787878787879
R_2v6bseWkSIZKfar,2.225806451612903,2.032258064516129
R_3Dj7cr6X4CoJxmI,2.6857142857142855,2.6857142857142855
R_3h5YET28ToUi6OO,2.3333333333333335,2.3333333333333335
R_2CVAxZhzMAoVLqJ,2.4242424242424243,2.4242424242424243
R_yx2zAK9Szt3EbCh,2.3714285714285714,2.3142857142857145
R_2a9zNVS9pXETsoq,2.0285714285714285,1.8
R_1PcIlQD7EXj75a2,2.8,2.8
R_3KC4aFK0IQbepTc,3.6285714285714286,3.6285714285714286
R_3kHdF1ftMfBxQhv,3.6285714285714286,3.6285714285714286
R_296RGOaEiEJCA7Y,2.2142857142857144,2.142857142857143
R_eXS5CKtyw6YBKRr,3.085714285714286,3.085714285714286
R_3KZQ2LBUmq9Xh9b,2.5714285714285716,2.4571428571428573
R_zULc7GKeV25avgB,2.323529411764706,2.264705882352941
R_2f8QvwNymikOJYf,3.0,3.0
R_3nTact3LqxTGKiI,2.212121212121212,2.1515151515151514
R_3Ga0hYhNjLFjRAl,2.8,2.742857142857143
R_27eaFcvFAEsxQed,3.176470588235294,3.176470588235294
R_3qlZF4LXvOlImyL,1.9411764705882353,1.9411764705882353
R_1gSdusasBjXxQcN,3.1470588235294117,3.0294117647058822
R_1jwR9V21yDZYHpv,3.303030303030303,3.303030303030303
R_2aOKyeVEfD4keMl,2.657142857142857,2.657142857142857
R_1BXHiEpkqfXLj7r,3.342857142857143,3.342857142857143
R_128Qu1k8DrfLFpc,3.0285714285714285,3.0285714285714285
R_es2uLP96FmltJ7P,2.2285714285714286,2.2285714285714286
R_33CgF3J8IDvHmlK,2.2222222222222223,2.2222222222222223
R_12sA9O5HNqQasmJ,2.2758620689655173,2.206896551724138
R_AM2CRES4tXQBHsl,3.0434782608695654,3.0434782608695654
R_blqy5QBhlOJ7YTD,3.875,3.875
R_XQVy2HGLU9aZ7SV,2.257142857142857,2.257142857142857
R_1HogEnTi7G9jYGn,3.09375,3.09375
R_3oTmKkQuN2JMhJV,3.7941176470588234,3.7941176470588234
R_1rB0pJMQLJniEgX,3.742857142857143,3.742857142857143
R_Rgy0hjqbHltqiU9,3.857142857142857,3.857142857142857
R_2Tt6sLc1LtpYMiK,1.9428571428571428,1.9428571428571428
R_POLO1YzY7WrfeiR,2.4571428571428573,2.4571428571428573
R_2VyvYz9bpVDqYFt,3.7714285714285714,3.7714285714285714
R_2fAOYQ8YRi0cI1x,2.074074074074074,2.074074074074074
R_OrhESCO1j7t6NvX,3.257142857142857,3.257142857142857
R_2eWjmOyXkhRfOWn,3.25,3.25
R_3MnCPefK3IdAwjp,2.2285714285714286,2.2285714285714286
R_2ZKVr4Lyx14typ0,2.3714285714285714,2.3714285714285714
R_1LqyNdtTNedDdKC,2.4571428571428573,2.1714285714285713
R_3FWe6gdkQ8PkqkW,2.0,1.9428571428571428
R_21GjeoLj2WRcwSo,2.2,2.2
R_YYsosRPb5IB1t29,2.1470588235294117,1.9705882352941178
R_3NTPzEIlnDsibbr,1.8285714285714285,1.6571428571428573
R_1OH4XxaZEKPTZLS,2.057142857142857,2.057142857142857
R_3Ea1mtcjmZndAN2,2.2,2.2
R_1ietgSJW3hUP2dC,1.25,0.8125
R_1eVPBrTdlgr0W28,2.393939393939394,2.393939393939394
R_2B984tCeYgNff5B,3.257142857142857,3.257142857142857
R_2EsguB3cz1z3n3r,1.8823529411764706,1.8823529411764706
R_2xQWTsUatNa7PEa,2.7142857142857144,2.657142857142857
R_3MiG1VH2O9Hl70H,2.942857142857143,2.942857142857143
R_2ckAzTylldLBXOm,2.3142857142857145,2.3142857142857145
R_OPU36UyhyR3uuXv,3.4857142857142858,3.4857142857142858
R_2YtzK83kAD0nqAv,1.4857142857142858,1.2571428571428571
R_YaJtaEZs0NSqmA1,2.914285714285714,2.914285714285714
R_3j84NXYhs0BcdGh,1.2857142857142858,1.2285714285714286
R_cYjLNvKOedfsT73,2.257142857142857,2.257142857142857
R_SZbjzskMQYxgyJ3,2.2857142857142856,2.1714285714285713
R_ZESunjzzvNYjlRf,2.0285714285714285,1.9142857142857144
R_8qfllyiK1sErVC1,2.9411764705882355,2.9411764705882355
R_8pKH6CZ0fghwHct,2.176470588235294,2.0588235294117645
R_2alRfFjNi1hwRjj,3.0588235294117645,3.0588235294117645
R_1CIs2UctKkW5lUS,2.84375,2.84375
R_3jDq264XJRQ0aNr,2.057142857142857,1.8857142857142857
R_3qfmVWMXAe5yJF5,1.7714285714285714,1.542857142857143
R_0qwqsV8JhjqRfc5,2.0,1.9428571428571428
R_1NDE9ldRSWvQF9E,3.857142857142857,3.857142857142857
R_3dTcFbgud4MA6zy,2.533333333333333,2.533333333333333
R_1eEIQoSiUzFKy0t,1.5714285714285714,1.457142857142857
R_1NzhxvX0DLesyLP,1.7586206896551724,1.7586206896551724
R_yO2togTV543hHRn,1.6296296296296295,1.6296296296296295
R_3C27U2F1TXjT1tv,2.057142857142857,2.057142857142857
R_TjUnicil3P34kSJ,3.742857142857143,3.742857142857143
R_12ECZ23oImmh3jT,2.2,2.142857142857143
R_2qpz0VQVKjhyzaM,3.8857142857142857,3.8857142857142857
R_1ePfRHWX2Cm9g6v,3.3448275862068964,3.3448275862068964
R_2c6DT5Nu9x1kB2f,3.342857142857143,3.342857142857143
R_3FRkZtU5qZLzuUJ,2.742857142857143,2.6857142857142855
R_1r6wn3ZnRDnni6W,1.8857142857142857,1.8857142857142857
R_1ikVcVRBIFqMAo9,2.78125,2.78125
R_OGSyAtk2BEvmQKd,2.5588235294117645,2.5588235294117645
R_29tQTwFi2theuYa,3.1142857142857143,3.1142857142857143
R_1INxk5di9q9kqAj,1.9473684210526316,1.6842105263157894
R_2U41dr3SDodtspd,1.6216216216216217,1.0810810810810811
R_23fPZFNqxcVpkkR,3.32,3.32
R_3nSL1apwFwdqDo7,2.3947368421052633,2.1842105263157894
R_2c1vCL25FziCeKV,3.3684210526315788,3.3684210526315788
R_UQuL1VD5zTKM2vT,3.1842105263157894,3.1842105263157894
R_QnqeXqPMkdM2l7H,1.5263157894736843,1.1578947368421053
R_1gGFJYKFuanImsq,2.5135135135135136,2.4054054054054053
R_u7A9UJvtQ4I8wLv,2.973684210526316,2.973684210526316
R_2zOOkl5AUNHSHF8,2.4166666666666665,2.3055555555555554
R_2VwPf58oYccVqKT,2.7916666666666665,2.7083333333333335
R_3GBWiJ61iGGjoPo,2.4210526315789473,2.1578947368421053
R_3GrZymNvpWS7768,2.5,2.4444444444444446
R_2ylKpQQSMCvVgE0,3.323529411764706,3.323529411764706
R_2wTfWKgYbHzQMHK,3.4054054054054053,3.4054054054054053
R_2xzulsz0GGkISyR,1.9210526315789473,1.9210526315789473
R_rqccb4cU2rysgVj,1.9189189189189189,1.5405405405405406
R_0SzqZhWZPIvzfDX,3.0,3.0
R_3lE6LN4jp1vzk3J,2.6486486486486487,2.5405405405405403
R_8k5HJz2mo6wyQal,2.324324324324324,2.324324324324324
R_2Pe88XvWAXlGJED,2.057142857142857,1.8285714285714285
R_1MPT6DdDScx2SXC,2.75,2.75
R_1Nlvo71nBb6l5aE,2.838709677419355,2.838709677419355
R_DiWVWrjlqI1Xxu1,2.4864864864864864,2.4864864864864864
R_2dEG8i9pQIK8Ydy,1.9142857142857144,1.8571428571428572
R_24BhLoR5DLsrFI2,1.7428571428571429,1.6285714285714286
R_1mszYsREu2oejYs,1.7352941176470589,1.6176470588235294
R_31RAWLxDZm5ZxPD,1.6176470588235294,1.5588235294117647
R_3njBDO2SUKyhRmH,2.4571428571428573,2.4571428571428573
R_Q4i821pHyacCBHP,2.323529411764706,2.323529411764706
R_2P5zQ8f0ctlP5x9,2.5428571428571427,2.5428571428571427
R_31aWtTxBk6Jf0PV,2.257142857142857,2.2
R_1JWKs7Uim5oKonQ,3.4857142857142858,3.3142857142857145
R_1NmomdE0y2nux18,3.0,3.0
R_pF35rr4I0Z20QOl,2.4285714285714284,2.142857142857143
R_3FIOAns2CSl8BAf,3.0,3.0
R_3O3tYGMYPxkpPi4,2.607142857142857,2.607142857142857
R_1lzcfsgO6ktbGuS,2.966666666666667,2.966666666666667
R_12913wTbAHTxjeN,1.6,1.3142857142857143
R_2QSacybpQOwVNas,2.4285714285714284,2.4285714285714284
R_pzaQm0YYd60jBND,3.5428571428571427,3.5428571428571427
R_3HYOqANVOUFGxh7,1.7142857142857142,1.542857142857143
R_2uyXVimWd87uQz8,2.742857142857143,2.6857142857142855
R_2WYgDiEilw8kVb9,2.057142857142857,1.8285714285714285
R_3KPApaN4ZD0tSHe,2.914285714285714,2.6857142857142855
R_2fy43ee1i9Litxm,3.342857142857143,3.342857142857143
R_2tz0InvjLO88Moh,1.8285714285714285,1.7714285714285714
R_T7a8NDb69nGjfIR,3.0,3.0
R_1MqI9OldKti68JH,2.142857142857143,2.142857142857143
R_dpzfnu3ntwrVoad,2.857142857142857,2.857142857142857
R_3gN73D7OynlFdQi,3.1515151515151514,3.090909090909091
R_YXjLMhhyhH1VNYd,3.0285714285714285,3.0285714285714285
R_5APS5S1ZkrXNofT,1.9142857142857144,1.5714285714285714
R_2ruthZOz4HLu4G9,2.4,2.342857142857143
R_2fcYQItvMVSXfyS,1.8571428571428572,1.4
R_V3ZwV12qUJwZwmR,2.257142857142857,2.2
R_3EVYZrFGRmaMFef,2.8857142857142857,2.8857142857142857
R_2AKZe7KtQxImZPu,2.303030303030303,2.303030303030303
R_em0m2zBDgvdWyXf,2.914285714285714,2.857142857142857
R_2rSXoPIQqh7Ms5k,2.8,2.8
R_Oe5bW1mpJyhCcRr,2.7666666666666666,2.7666666666666666
R_7NyzuCPML4IO9AR,3.3142857142857145,3.257142857142857
R_26mOgGm5N2z1ijx,1.3428571428571427,1.1142857142857143
R_3qOd6Lab0gHBb5n,2.7142857142857144,2.7142857142857144
R_2f8yIpwEG5QYzDD,1.457142857142857,1.2857142857142858
R_1jpuKggkdO3aJTI,2.3793103448275863,2.3793103448275863
R_1fa1AOyduKmCioU,2.5428571428571427,2.4285714285714284
R_3p5tblURnClsfyd,1.9714285714285715,1.6857142857142857
R_32W2dS4F36xs0ZE,2.625,2.625
R_2PgT2TQNBzUJT20,2.0,1.8857142857142857
R_2talmlCekEHA5ii,2.5,2.269230769230769
R_9ttrrBjb0R1La7L,2.526315789473684,2.210526315789474
R_819Nw22PZ9eyVln,2.6315789473684212,2.6315789473684212
R_um6bc2YHVOnWrNn,2.1842105263157894,2.026315789473684
R_3LdbsdVkxwUYD05,2.1578947368421053,1.9473684210526316
R_UR9p8SH6KfrRdQd,1.588235294117647,1.2941176470588236
R_6gsOvn7YOW55UOt,2.0555555555555554,1.9444444444444444
R_3KNq5Yy6BY4jZWl,1.7894736842105263,1.5789473684210527
R_1exGh6UNBQZ3o4S,2.7837837837837838,2.7837837837837838
R_3gZBXxWqg3xj7bf,2.1315789473684212,2.1315789473684212
R_31AbP21YJPYxkAn,2.3783783783783785,2.1621621621621623
R_eqtOe7PjjJYk66R,1.8421052631578947,1.631578947368421
R_2RWC5bNwHvGbukP,2.3157894736842106,1.7894736842105263
R_215NWMZSrbqrKbc,3.0277777777777777,3.0277777777777777
R_Y3rGgo8hykUJ8Ix,2.5,2.5
R_3gZuDwLoFNMEzQz,1.6216216216216217,1.135135135135135
R_3R92GnVZWw3P3Oc,2.026315789473684,1.9210526315789473
R_2X7jfgzixDbha5w,1.8,1.8
R_3gREGhpsLzxI7gL,2.388888888888889,2.3333333333333335
R_3G1ZgVDlc1CEUwY,3.1052631578947367,2.9473684210526314
R_3gXEqpvjftJ4etO,2.6315789473684212,2.5789473684210527
R_3GCczPoc27YdEZf,2.0789473684210527,2.0789473684210527
R_3iWmf7K8FFafAQd,2.473684210526316,2.473684210526316
R_psohRtJa4i56ytj,2.236842105263158,2.0789473684210527
R_0Vs5a4dtR1lBaPT,3.0833333333333335,3.0833333333333335
R_1IZx8j36HdCPU6w,2.6,2.6
R_2V9OiOQThkQIccF,3.5142857142857142,3.5142857142857142
R_NVFdzfWpNVSd9fz,1.8857142857142857,1.6
R_3JtnV8IJF9q3ro1,2.742857142857143,2.742857142857143
R_1dxVPOX3skFBUrv,2.8285714285714287,2.8285714285714287
R_3ETjRywC0EJ1FcO,2.657142857142857,2.657142857142857
R_3rYhY9ZqltdscX8,1.6,1.4857142857142858
R_00wQLzB0CBCpsLT,1.6923076923076923,1.6923076923076923
R_exQPP9uuk1T2DM5,3.4285714285714284,3.4285714285714284
R_2zvTIbE2t8uPMBm,2.911764705882353,2.911764705882353
R_W0wvS1Bd0IAFR73,2.6129032258064515,2.6129032258064515
R_3I3lflV2I5M21Fm,1.4857142857142858,1.4285714285714286
R_1GT7Ox9FN1qfKr8,2.7714285714285714,2.7714285714285714
R_RF9B2mu3Tkk9U3L,1.84375,1.84375
R_1F9bP1iT7QVWUQm,3.057142857142857,3.057142857142857
R_0vnvTwAnDu0vLy1,3.6857142857142855,3.6857142857142855
R_2WZ33ug7KGhaa0o,3.6857142857142855,3.6857142857142855
R_UDOm9vJbOirAOXv,2.7714285714285714,2.7714285714285714
R_3iKix6mwPndTjkU,1.9705882352941178,1.911764705882353
R_3MF249C0ZzJGTOK,3.5714285714285716,3.5142857142857142
R_Y3oHWiY7ytgBGYp,2.4285714285714284,2.3142857142857145
R_2CrnaDQWaZseJfg,3.2333333333333334,3.2333333333333334
R_3s1yQStzHMQR961,1.6571428571428573,1.6571428571428573
R_w5ZAaD2dpaGlA65,1.1714285714285715,1.1142857142857143
R_3meIuPh3YZZaZO5,2.2857142857142856,2.1142857142857143
R_2YJ6Chx1quuCgj2,1.5,1.4411764705882353
R_vZ9R9eDN31wfvXj,2.7714285714285714,2.7714285714285714
R_29sGb1oDKUss9Uj,3.4285714285714284,3.3714285714285714
R_1d4vFRxJvKQvtzq,3.235294117647059,3.235294117647059
R_8idZjUX99Et8MuJ,2.3636363636363638,2.3636363636363638
R_25YhDwfZxSIPlxA,2.4571428571428573,2.4
R_2dtnhBnhVs0jLL2,1.7058823529411764,1.6470588235294117
R_DBiXM2HPT4DmYRX,1.6,1.6
R_3DbB7yS6trTwGcp,1.8285714285714285,1.7142857142857142
R_2SGe8s5qin8xHm2,2.9714285714285715,2.9714285714285715
R_1HenrvxMgPy4nZX,1.4375,1.4375
R_28Ajxt067WnVj1G,3.2857142857142856,3.2857142857142856
R_1dN2vs9YKpfp4ZY,2.5714285714285716,2.5
R_28GNg3RTGaZTFp4,1.9714285714285715,1.9714285714285715
R_3HAHAJ4cmjojaeM,3.4571428571428573,3.4571428571428573
R_2yl2yramodpNVRS,1.7428571428571429,1.7428571428571429
R_1M4YWuUQR7YQyUf,3.6857142857142855,3.6857142857142855
R_2zZPZuEYlfvty2q,2.5428571428571427,2.4285714285714284
R_u2frWAp3PqU6xI5,2.676470588235294,2.676470588235294
R_cCjxQ8cAhzkiVkR,2.657142857142857,2.4857142857142858
R_2VOsfjwTqklpe97,3.1176470588235294,3.1176470588235294
R_3m3muzmDuomysum,2.3142857142857145,2.3142857142857145
R_2pMloeTpTKOezEG,3.6,3.6
R_2CTJAAGmRk0hwka,1.7428571428571429,1.7428571428571429
R_1eJhanXsWSzUJ45,2.6285714285714286,2.6285714285714286
R_3xhzd2wsgQ2BMKB,2.735294117647059,2.735294117647059
R_1kLkSVcHxHsAtwE,2.526315789473684,2.210526315789474
R_3NKze35GZJaUerX,2.347826086956522,2.0
R_3EZisd89fI41qOP,2.607142857142857,2.392857142857143
R_2vZZBXelAQTYkJ2,3.206896551724138,3.206896551724138
R_1IYlM9lKUfJMXHH,1.4,1.1714285714285715
R_2ZK2IimTlmbExkt,3.5142857142857142,3.5142857142857142
R_BKzRRcer1IoqDAZ,3.2941176470588234,3.2941176470588234
R_3O1hrjk1TTc8z0G,2.7586206896551726,2.7586206896551726
R_ZKV3nAYEf1WGjy9,3.1714285714285713,3.057142857142857
R_2rIpOKhRHGvxRTF,2.823529411764706,2.7058823529411766
R_yUxHO85myPvCkhP,2.857142857142857,2.857142857142857
R_1jd3524C9M8Na6O,1.9714285714285715,1.9142857142857144
R_2OZNGYSiph6r7NS,2.6857142857142855,2.6857142857142855
R_xszWQCJqbhjFAGZ,1.7647058823529411,1.7647058823529411
R_2CqRBHk726Zh24m,2.676470588235294,2.676470588235294
R_3e4fLpkLddN6mJT,2.1515151515151514,1.9090909090909092
R_2fwGOiif4HYVQBI,3.2,3.142857142857143
R_2wRe1WvsTf3sBAa,2.9411764705882355,2.9411764705882355
R_1NfSKC2aCnukoL5,3.257142857142857,3.257142857142857
R_2rrttVNZO0iqdPr,1.9375,1.6875
R_XjNTzKpm9SB8Nln,2.8055555555555554,2.8055555555555554
R_2QyPyllHF3dBGjD,3.026315789473684,2.8157894736842106
R_3dKTsMn6mEIFJL0,2.763157894736842,2.763157894736842
R_1j8s8M6OaEpMIYR,2.027027027027027,1.972972972972973
R_2zhGOM4XnhpAMSK,3.0526315789473686,3.0526315789473686
R_1NeN3wA7ZnHGPOb,2.3513513513513513,2.081081081081081
R_1hSjt7Vcn2ostaa,2.263157894736842,2.263157894736842
R_3dQiqlldtNKMWo8,2.3157894736842106,2.3157894736842106
R_3kaY8OGshp8s4jE,1.9210526315789473,1.2894736842105263
R_2tnxUxwV3sRsSQ7,2.5789473684210527,2.4210526315789473
R_sNb8TuNMjkcbu5H,1.9473684210526316,1.3157894736842106
R_2SfCAKY43XRpMiL,2.1515151515151514,1.4242424242424243
R_22tpSyBkLMyCJP2,2.5405405405405403,2.5405405405405403
R_1GT7wYwRJ9kizU1,2.3548387096774195,2.225806451612903
R_7Qf3FICEUHYKKwp,2.7222222222222223,2.6666666666666665
R_1Cr3TlK2kBsG0sM,2.9210526315789473,2.9210526315789473
R_1jVyKBL8XYXSBS1,2.210526315789474,2.210526315789474
R_0qeVLe0IZpObstz,2.026315789473684,1.8157894736842106
R_5jRQ3DnCH5tawyB,3.0526315789473686,3.0526315789473686
R_3kocnzDZJrPIYv5,2.3684210526315788,2.3684210526315788
R_3F4lIIT2b69x8JB,2.8421052631578947,2.8421052631578947
R_AbYqHzes7KRappf,2.526315789473684,2.526315789473684
R_3iUB7bKF74RzTH6,3.236842105263158,3.236842105263158
R_3rSV8gKDy1SOMEM,2.710526315789474,2.710526315789474
R_1eEr8baMK5FHJIG,3.6315789473684212,3.6315789473684212
R_RzyiXeJ5W4uFTeF,2.0,1.894736842105263
R_AMsuZ853L4VXSBX,2.5526315789473686,2.5
R_2cABgNv1loy9DRk,2.026315789473684,1.868421052631579
R_vMsvuYbMrwJ1CGR,2.7714285714285714,2.7142857142857144
R_Z2UlLCKai6nKApz,1.7894736842105263,1.5789473684210527
R_Z2cO6516Kooo0dr,2.473684210526316,2.4210526315789473
R_1LAl7oDSTuEzoNy,2.4473684210526314,2.3947368421052633
R_1LA0EfQ9QtONaB4,3.3421052631578947,3.3421052631578947
R_vMHqfy6BbKRm6Gt,1.9736842105263157,1.7105263157894737
R_3iOo47kdvJ2eugb,2.9473684210526314,2.9473684210526314
R_3QRweNxivQpB3LG,2.6052631578947367,2.6052631578947367
R_302l5UduZnKMBpb,3.763157894736842,3.763157894736842
R_1r7gpwUNLlFDB8H,2.9705882352941178,2.911764705882353
R_1GUrR1KgYhuHWnr,2.973684210526316,2.973684210526316
R_3kO2W2fopa3UO5I,3.763157894736842,3.763157894736842
R_1q3OTJoOdEwlsfq,3.763157894736842,3.763157894736842
R_VLst34FyRgONdHb,3.026315789473684,2.973684210526316
R_12rMniWZ1M4TbPn,2.5945945945945947,2.3783783783783785
R_1gbjVRFOKByBmDC,2.473684210526316,2.473684210526316
R_339H161CwwzP7ru,3.3947368421052633,3.3947368421052633
R_2rhYyfMXPtyf7Zq,2.4705882352941178,2.411764705882353
R_22QQezMqpYJBIeL,1.9210526315789473,1.8157894736842106
R_2X7fIitYrrhI317,2.6315789473684212,2.6315789473684212
R_Wj7xPyCOOJ52ctH,2.6,2.5428571428571427
R_3HGtbL47UXAn2rL,2.5428571428571427,2.4285714285714284
R_3O64GAZO1TkIlJF,1.2571428571428571,0.6285714285714286
R_2eX8a4olMDMIPkC,2.057142857142857,1.9428571428571428
R_Dq98XrboArQxENH,1.7428571428571429,1.7428571428571429
R_1plBBt8eUEX569a,3.0,2.9375
R_2s0CNlzFyqzdSxM,1.4285714285714286,1.3142857142857143
R_BVYIt2R8ZAcZO0x,3.6857142857142855,3.6857142857142855
R_2eOpXfVMG1m9rGY,2.46875,2.46875
R_6G9emMeoUWoFuJH,3.588235294117647,3.588235294117647
R_1g5zQUHVORR3MTO,3.3333333333333335,3.3333333333333335
R_XHZKvpw4gisN561,3.5142857142857142,3.5142857142857142
R_1EXVxrflj0pD5WV,3.2857142857142856,3.2857142857142856
R_2vcEwEYGMN5WBOr,3.4375,3.4375
R_1py7ozJUbnNQiy8,2.5,2.323529411764706
R_31ABqP4PyNmrWFX,2.342857142857143,2.342857142857143
R_3nvYwgm10L30BCQ,2.7714285714285714,2.7714285714285714
R_1eIWWd1ayZR2gLD,2.5142857142857142,2.4
R_28XTn1O7vpfrcRu,2.9047619047619047,2.9047619047619047
R_2U0hVlDUW6jOvMP,2.588235294117647,2.3529411764705883
R_24pdOo9CkRkYhLf,3.057142857142857,3.057142857142857
R_12Rw7A4iRSo7QwK,3.1714285714285713,3.1714285714285713
R_OjSMrvFyfTd7PpL,2.4571428571428573,2.4
R_2ebDouK57jBVT04,1.4848484848484849,1.303030303030303
R_2antCpGrS2EqOKO,2.4390243902439024,1.8048780487804879
R_1IZvFfuOY2n3xM4,2.7435897435897436,2.4871794871794872
R_2VkkAf5QKFVSBvI,2.707317073170732,2.658536585365854
R_z6kJAFb9czAZNlL,2.6578947368421053,2.1842105263157894
R_1ez50STJXdxMOpk,2.4878048780487805,2.4390243902439024
R_2CWzdmYp7Mihvcw,1.975609756097561,1.8780487804878048
R_3KrrhXF6pZrmRZH,2.1219512195121952,1.4878048780487805
R_eE8hWezTRkshX0t,1.925,1.275
R_26bR8idaut8ui87,2.6666666666666665,2.5641025641025643
R_bxBrlohgfDRNWVz,1.6829268292682926,0.8048780487804879
R_1ieCBfGPSvAeUCi,2.710526315789474,2.6578947368421053
R_3kKQ4EBar9Jl0hj,2.923076923076923,2.769230769230769
R_1oih1KrTbFT8yoA,3.4146341463414633,3.4146341463414633
R_2t4CdRgkfFxMReO,2.3076923076923075,2.2564102564102564
R_37MEbYW3CbdvIyt,2.682926829268293,2.0
R_0oKg8sVNeXV3XmF,2.2051282051282053,1.1794871794871795
R_1i4KoRwkdiqQ5u4,2.3333333333333335,2.128205128205128
R_1GUELPc33AfzXFZ,2.6923076923076925,2.6923076923076925
R_udFhrw5TWrc5dBv,2.8857142857142857,2.8857142857142857
R_2B3w3NCgQCfSk5R,1.6756756756756757,1.5135135135135136
R_zUMbDbeFfmUNsvn,2.4878048780487805,2.341463414634146
R_2YM9QYqBsRBIX4c,3.142857142857143,3.142857142857143
R_3ho2Zn2c8eWJVDr,2.2285714285714286,1.9428571428571428
R_2wbJiH1ocGRPa4v,2.2857142857142856,2.2857142857142856
R_1IFBPymEY9sf1q5,2.5428571428571427,2.5428571428571427
R_81vEgMhr0eE6yg9,2.71875,2.53125
R_1mfvhYU1N49rRmU,1.6285714285714286,1.6285714285714286
R_2D5IZ0mwKalRuMe,2.257142857142857,2.257142857142857
R_1C9Kbm57ktEjUyW,2.914285714285714,2.914285714285714
R_3RjSaGNcapEYJF9,2.142857142857143,1.9714285714285715
R_3PHavAaeoQr2veq,3.0606060606060606,3.0606060606060606
R_3j881Ynl0Z0QhfO,3.0285714285714285,3.0285714285714285
R_3hfrIGgTpLEfto3,2.34375,2.21875
R_31H6I0EBy2kmwkj,1.9090909090909092,1.9090909090909092
R_CjcUiQyoiNqgsmZ,3.3142857142857145,3.3142857142857145
R_1DCnrEw56UASVkl,3.742857142857143,3.742857142857143
R_2RUk6ljN3BjFPib,2.6,2.6
R_XocmO7C1vPjU7W9,2.1176470588235294,2.1176470588235294
R_xfuL6EFZD6fSni9,3.088235294117647,2.9705882352941178
R_2X5a2aWuYFzlbw0,2.5142857142857142,2.2857142857142856
R_uvP3NooUo5olZKN,2.7142857142857144,2.257142857142857
R_QoEwye3oX29rXyx,2.914285714285714,2.857142857142857
R_OdsQkHX1Ntb837P,3.6774193548387095,3.6774193548387095
R_1DHetSE3uc64WoT,3.3714285714285714,3.3714285714285714
R_3npjUjnNAeEiwNp,2.5714285714285716,2.5714285714285716
R_25tI2lqfGJDyh5u,1.4857142857142858,1.2571428571428571
R_VLk2R57SJdbGlOh,2.4827586206896552,2.206896551724138
R_2f3RLNUworPjKd0,2.2285714285714286,2.1714285714285713
R_2YSAduQqTKCwXn7,1.6857142857142857,1.4
R_1HpDqTWcdrg6obi,2.342857142857143,2.342857142857143
R_2X0a8bTrMrE1Pmg,1.5142857142857142,1.4
R_O9VF2luqE1LqGR3,1.8823529411764706,1.588235294117647
R_BxrjiLCUeyTE545,1.8571428571428572,1.6285714285714286
R_123bCaCPm820Yw4,2.2285714285714286,2.1142857142857143
R_1ow41fTJV0aeoR1,2.5142857142857142,2.5142857142857142
R_2nTxw1YhFyBAVRn,2.5806451612903225,2.5806451612903225
R_b2gVpFScUfU9w2J,2.933333333333333,2.933333333333333
R_9AEranenUNK7XeF,2.857142857142857,2.857142857142857
R_3n1oVznPDiCRjTn,3.657142857142857,3.657142857142857
R_RaSCnDTFDitRpcd,3.25,3.25
R_3Rf3vdw2yWdw8NF,3.657142857142857,3.657142857142857
R_3RxQIHD0UJAVe2r,2.3714285714285714,2.3714285714285714
R_1ikWoVA6kppc28i,2.1142857142857143,1.9428571428571428
R_1mmvJRyO7o1QZyC,3.1818181818181817,3.1818181818181817
R_1nMAFU19zZRXU4y,3.4857142857142858,3.4857142857142858
R_CdlE4MOaAFaTlTj,3.6,3.6
R_24kn8zGLolacUEI,2.3636363636363638,2.303030303030303
R_sC2IPLxmAVma5TH,2.7666666666666666,2.7666666666666666
R_2qwr4yiME6fwIh8,2.085714285714286,1.9142857142857144
R_qD6F6N1zIatRk3f,1.975,1.775
R_3NHZNDIpY1OBk07,2.72,2.64
R_2X5kpoWWq4ahAs1,1.55,0.9
R_3MfaE419jO72Ynb,2.864864864864865,2.864864864864865
R_2R2CuEoidaOEvSG,2.15,1.85
R_24w38zHq85FtzEJ,2.075,1.875
R_A4mrXpseYmLRWp3,2.525,2.475
R_12ro8vheEn0b6Ud,2.0,1.8
R_1DValQ6kTmcWGdi,2.375,2.0625
R_3hDuYP1HenYu0DA,2.1842105263157894,1.868421052631579
R_33DA3clKOfmHc7S,2.2285714285714286,2.0
R_0cVqDSV6o2HUdDH,2.8461538461538463,2.8461538461538463
R_10OFraEsw9Lp84Y,3.2564102564102564,3.2564102564102564
R_278bHu2HA7NiqYz,2.2972972972972974,2.189189189189189
R_tLJzWb5nM6CtcWd,2.95,2.95
R_2AHCztFaJasqpLy,2.05,2.05
R_8fe0sO4xDuXu6pr,2.15,2.0
R_zVlKzLkSRXORBU5,1.9722222222222223,1.75
R_27EHqeRA7pjKK6Q,2.95,2.65
R_2Qgly3yWpUKbezJ,2.263157894736842,2.1578947368421053
R_1dMrcIRAhwMD0u0,3.3,3.3
R_agGAQ4rzjyjMlep,2.5,2.45
R_1JWOLlVnI7YgDW2,2.9375,2.9375
R_8vxd7CTZrYQIhLX,2.235294117647059,2.235294117647059
R_Td6aWUW1mCFhKqR,1.9210526315789473,1.9210526315789473
R_5irlUIQpRblyM8N,2.4242424242424243,2.4242424242424243
R_xlUNNJvvTqcPBAd,2.5,1.868421052631579
R_9oeSWck2bxDVsbv,1.6842105263157894,1.4736842105263157
R_1dh98ZA4r27bpDo,1.9473684210526316,1.894736842105263
R_8D5C6Lg8Q1ojfXP,2.3513513513513513,2.135135135135135
R_1mnp8zA9kJ4VAfJ,2.8947368421052633,2.8947368421052633
R_12s4E1xsM5vWQIX,2.7666666666666666,1.9
R_2dzijJoi2MDPlKh,2.121212121212121,2.121212121212121
R_2y74f1k6Hs0cP47,1.9166666666666667,1.75
R_2X0bLjuuKdyTpmH,2.5526315789473686,2.4473684210526314
R_1ogWSWBHAG8etPO,1.8181818181818181,0.7878787878787878
R_p6oSKnXg1E7W2rf,2.8157894736842106,2.8157894736842106
R_3EWLOVK5mgOCFSj,2.72972972972973,2.675675675675676
R_1rGH06iowoxVYdY,3.0,3.0
R_2CTIbQMv787plyH,1.7105263157894737,1.5
R_2f1ErbFoffyrGsM,3.3421052631578947,3.3421052631578947
R_3pu95zJrI3MiEcI,1.5,1.394736842105263
R_28zyrekfRwAdDQt,3.0526315789473686,3.0
R_2QDSVzOpFWvQdn8,2.210526315789474,2.1578947368421053
R_Y9qHWolDgGgU9EJ,3.0,3.0
R_3szc3csHWcjxTZn,3.3157894736842106,3.3157894736842106
R_2TBMFbMNz8jdoGI,2.6285714285714286,2.4571428571428573
R_WuKbfBegOeygqnD,2.5428571428571427,2.142857142857143
R_0CEI9iJX3pR8wQV,2.588235294117647,2.411764705882353
R_2YJrLhhGW2uk8iT,1.7142857142857142,1.6
R_22YpnQ92q70qbw4,1.8285714285714285,1.6571428571428573
R_2Ed6naLmNrdMDIP,2.4705882352941178,2.4705882352941178
R_2qdZRDlIgfdjYKX,1.9428571428571428,1.9428571428571428
R_2VpE48sbd64QPdl,2.914285714285714,2.857142857142857
R_2SAj1mdGune9od2,2.3714285714285714,2.3714285714285714
R_2Uc4R3lTId2uJwa,3.1176470588235294,3.1176470588235294
R_2tarb4ne4UCQEx3,3.5588235294117645,3.5588235294117645
R_3Eyw3GG8IVgvshJ,2.914285714285714,2.914285714285714
R_3sp0k7XmbbD3gXm,2.0285714285714285,1.9142857142857144
R_332aCR9l2LbAeLD,1.967741935483871,1.7096774193548387
R_2VdmXQhMEXboKWl,2.4375,2.3125
R_3oUf4TLhcGiKpPP,3.4857142857142858,3.4857142857142858
R_2U4rYPuxDWW0oXr,3.5714285714285716,3.5714285714285716
R_9YqEuXbpPecqovL,2.5757575757575757,2.5757575757575757
R_pATWOnQqIqYciFH,2.676470588235294,2.6176470588235294
R_1CI3OE2eeIubO7x,2.3714285714285714,2.3714285714285714
R_Z8KudQDlyHHFnJT,2.3529411764705883,2.1176470588235294
R_3IQuIt6NaSM1q5j,2.4285714285714284,2.3142857142857145
R_2U2UBpEmOYajyu4,2.5714285714285716,2.5142857142857142
R_1QmY6RauwR5TLzT,3.090909090909091,3.090909090909091
R_2S8ET6z4UEL9GHe,1.457142857142857,1.0571428571428572
R_3HnLNtLasuGIwpg,2.7714285714285714,2.7142857142857144
R_3EXwWevLG33PocH,2.657142857142857,2.5428571428571427
R_2dZqvM1FyodSlal,1.4285714285714286,1.3142857142857143
R_ZquQg6UPvF3f5HH,3.342857142857143,3.342857142857143
R_3NTZJoiyCEXBY9K,2.176470588235294,1.5294117647058822
R_2duu1x8JZMeKXRo,2.3714285714285714,2.3142857142857145
R_1kMoiHCPcAmGn05,2.7714285714285714,2.7714285714285714
R_2OYFe3Nn0weEfnA,2.2058823529411766,1.8529411764705883
R_DHkuniuI4mcUyjv,2.8285714285714287,2.8285714285714287
R_5d9w1hLGl0ii2I1,2.6285714285714286,2.4
R_2U584F6DmtIfOGr,3.75,3.75
R_1OPSzLyJI98T4YR,2.65625,2.65625
R_3posPrtto0Hx05I,3.1515151515151514,3.1515151515151514
R_3hgoiWMwJ2eYrgg,3.5428571428571427,3.5428571428571427
R_1nNGhY8mhK8qovp,2.1875,2.125
R_1jVXHL6Oq814lAm,3.1714285714285713,3.1714285714285713
R_1PRIdhZE46Vxtdr,3.6857142857142855,3.6857142857142855
R_3kMS3DEmUdbH26J,2.5714285714285716,2.4285714285714284
R_1f8zgxYkc2XbF37,2.909090909090909,2.909090909090909
R_3dXnOC88XAKuE0F,2.657142857142857,2.657142857142857
R_begxEBPOHTuZlq9,3.5428571428571427,3.5428571428571427
R_1mKRPMAQxb5jlmk,3.3142857142857145,3.3142857142857145
R_2OOvsUTuxoJdlFV,2.235294117647059,2.176470588235294
R_BDHi2v6Tao6ECvT,2.9655172413793105,2.9655172413793105
R_3oNmuGs5E98FdGd,2.588235294117647,2.5294117647058822
R_3RlKhiFc0iE0pkT,1.542857142857143,1.4857142857142858
R_1NlAFT8KbQzAD0p,2.235294117647059,1.7647058823529411
R_2sasQpLQOjkkSql,1.7096774193548387,1.3225806451612903
R_3KpBuhu5GWC3jlM,2.3714285714285714,2.142857142857143
R_2OHmpCYguFyhrf0,2.5588235294117645,2.5
R_cx0wNy4oaRvnelb,1.5757575757575757,1.1515151515151516
R_2B3a8dtwsB74xm2,1.8823529411764706,1.7058823529411764
R_3rTxgNTzSnm73mA,2.1714285714285713,2.1714285714285713
R_22xKLf9L738tht1,2.6176470588235294,2.6176470588235294
R_6DSgnOfVjSVwzjX,2.4411764705882355,2.323529411764706
R_1hzDFe0qwc3N4Vo,2.4571428571428573,2.4
R_1hYKXQHSGTbHhFW,2.6363636363636362,2.6363636363636362
R_31YHm6VQFYK4azW,2.3142857142857145,2.142857142857143
R_su7a5O5IwyDmkUx,1.8857142857142857,1.8857142857142857
R_2RalpTlonl7LheF,2.4571428571428573,2.4
R_uqz6tmOVhzcGs93,2.0,1.8857142857142857
R_2VrsCQHasYp7lN8,3.085714285714286,3.085714285714286
R_uh8l4PLyDfE77G1,2.942857142857143,2.942857142857143
R_2XbzgLGUshAZdyV,2.342857142857143,2.2857142857142856
R_2ZEaXgTLZUQ87Lu,2.6,2.6
R_6eUa9EzFeUr5CKJ,3.176470588235294,3.176470588235294
R_2xPN8d1lcmKC3OH,2.533333333333333,2.533333333333333
R_1QhGFhCVnKNVFRm,2.411764705882353,2.411764705882353
R_3KxwXuR9vJ5eUq7,2.4782608695652173,2.391304347826087
R_xGjrwqhzbNsEeYh,1.8857142857142857,1.7142857142857142
R_diNxCQn7oa867El,3.142857142857143,3.142857142857143
R_3jUwnCPx1xe6O5v,2.870967741935484,2.870967741935484
R_3CNK2zKaDNn9Q9H,1.5142857142857142,1.5142857142857142
R_1n1GmJGIxWFVrS4,2.5142857142857142,2.2857142857142856
R_29ijEwJJyqioH0V,2.5454545454545454,2.5454545454545454
R_33EmnyfzYWoP0Dp,2.793103448275862,2.793103448275862
R_1o859WAU8ChYd1Q,3.2941176470588234,3.2941176470588234
R_2czoN4TGnUPucl2,2.6857142857142855,2.6857142857142855
R_3GxnOxqJINMIaRg,3.0285714285714285,3.0285714285714285
R_2OYzod1onJdcHh6,3.347826086956522,3.347826086956522
R_22Wigpa3SRZFCSn,2.6285714285714286,2.5714285714285716
R_NWuHpbtkc9SbXj3,2.5757575757575757,2.4545454545454546
R_eJ2BdKZMmMGG4U1,2.5142857142857142,2.4
R_2tbv4hdBSIzc8tI,3.28125,3.28125
R_21Fh8j7MZkRK7rX,3.2941176470588234,3.2941176470588234
R_2S62kgUkRNGOy57,3.28125,3.28125
R_1Ld1IjrzmjTvZgC,2.0,2.0
R_1kZTtbXvHAbRN0z,3.1176470588235294,3.1176470588235294
R_R9UX5KdewNjNMC5,2.576923076923077,2.576923076923077
R_1GZYooXoZQCKThh,3.2058823529411766,3.1470588235294117
R_24eiLPrt8zEJ8x2,2.2857142857142856,2.2857142857142856
R_2QyPpxUscfB3htG,3.0,3.0
R_zSVWqnZ0rZGCjaF,3.057142857142857,3.057142857142857
R_1LoKjCB0wmjohX6,2.3714285714285714,2.142857142857143
R_3kv5VLUe21QtcG6,3.4705882352941178,3.4705882352941178
R_pzT1zlKmCWa6mPv,1.6363636363636365,1.5757575757575757
R_3LiOMQh6EPzXJ1A,2.657142857142857,2.6
R_vYzrS4suxTQJQml,2.2,2.085714285714286
R_1FKBPUio6dyay2I,2.342857142857143,2.2857142857142856
R_2TYj9yZOiNedNaP,2.323529411764706,2.323529411764706
R_27jJtGLxrmFXPXU,2.5428571428571427,2.5428571428571427
R_2P6ZKb84LxwffQ6,2.8285714285714287,2.8285714285714287
R_12L6lzXYXfMM3xI,1.7428571428571429,1.7428571428571429
R_3HnbeBVaei668FR,2.0625,1.9375
R_CjFOcfVWq0HQd2N,2.875,2.875
R_3Rwu6FWTkjETwvj,3.5,3.5
R_3PNvWgIuWyYseKm,1.4705882352941178,1.2941176470588236
R_3fUyve7rUtc414y,2.71875,2.71875
R_5njrgOgyEHI0Xhn,2.1142857142857143,2.057142857142857
R_3MS7b5IfyZt28r6,2.7142857142857144,2.7142857142857144
R_2PpOLmBx7hDlUnE,0.896551724137931,0.4827586206896552
R_3NTV7OWlXiUDQKw,1.9714285714285715,1.8571428571428572
R_1ITAiRCaWQiolOF,2.4571428571428573,2.4571428571428573
R_31Nut7JZ2eNrOIu,2.0,1.7714285714285714
R_1K3xDrucJE71u8j,2.911764705882353,2.911764705882353
R_25tpawNGPf3ScfG,2.8,2.8
R_2ckqOFFzNjfOOWr,3.03125,3.03125
R_1H00PTKJaT84jWh,1.7428571428571429,1.6857142857142857
R_3JdQEDMLr5cwqin,2.8181818181818183,2.727272727272727
R_2BycJpWTmXvkKVk,1.8484848484848484,1.7272727272727273
R_2DMs7qSnXD0xEet,3.0285714285714285,3.0285714285714285
R_2fk3xfppiTH8iRC,1.8823529411764706,1.8823529411764706
R_2bUcayhxQXArnEf,2.3333333333333335,2.3333333333333335
R_79EDTAerVvQNZoB,2.7714285714285714,2.7714285714285714
R_1I5ephu5x4i0qPS,2.085714285714286,1.9142857142857144
R_0HrEdPUv57cAc3n,3.4857142857142858,3.4857142857142858
R_3g1whB1Vo9P02Dg,3.3666666666666667,3.3666666666666667
R_phHM1Zca5Zl9XEZ,3.3714285714285714,3.3714285714285714
R_1BRxAudWYRMC043,2.8285714285714287,2.7714285714285714
R_2EuzyqexVxT6R2s,1.9142857142857144,1.6285714285714286
R_1ist5cW0dk8KYT0,3.5428571428571427,3.5428571428571427
R_12FMlYTNzAFeWaR,2.264705882352941,2.264705882352941
R_1OVJiycxOrnC86m,1.878787878787879,1.878787878787879
R_1gGFVB60rQMQUKM,2.7083333333333335,2.7083333333333335
R_111pZt1jAK0aIQF,3.2857142857142856,3.2857142857142856
R_1EalgP7Wb0ClIqy,3.0,2.942857142857143
R_31vCjK2um8pTcaG,1.5294117647058822,1.1176470588235294
R_bIso5lPuj2dC69r,2.742857142857143,2.5714285714285716
R_OkwS5hQMeuJ8F2h,2.8529411764705883,2.8529411764705883
R_T6CymlqVRNf9I6l,2.90625,2.71875
R_3kuXUsKwKjl4N66,2.3823529411764706,2.3823529411764706
R_2Crbijj3gWvFyE3,2.5714285714285716,2.5142857142857142
R_RI967Fc5DiSfgXf,2.8857142857142857,2.6
R_0MRUAPdm4VOMRBT,3.2,3.142857142857143
R_80mXlk4KYEq9mZb,3.4242424242424243,3.4242424242424243
R_2CTziKTO4ryVvMj,3.142857142857143,3.142857142857143
R_1g1Lndia5cVEgWx,3.2285714285714286,3.2285714285714286
R_28GrhnIkWPVDCE4,3.0606060606060606,3.0606060606060606
R_2f1fktQOtRIGO4B,2.5428571428571427,2.5428571428571427
R_3O2F6uLJpJpRmbJ,2.4857142857142858,2.4285714285714284
R_1C92scfssj6QbFF,3.5142857142857142,3.5142857142857142
R_Wx7nerrF1IHflfj,1.8823529411764706,1.7058823529411764
R_12Ra9eDU7gta0UO,1.911764705882353,1.7352941176470589
R_3CS0vZHm6eaPWwh,2.142857142857143,1.8571428571428572
R_OPaFS4cSav36DCh,1.8857142857142857,1.7142857142857142
R_YbgNxThMuqH862Z,3.4545454545454546,3.4545454545454546
R_ZJfyk2M1YoPsrlL,2.8,2.8
R_3O86AOkzyRyHcHD,2.4571428571428573,2.1714285714285713
R_29nsibxOhwJeFof,1.7391304347826086,1.6956521739130435
R_3Rqt19xvcixdIeL,2.6739130434782608,2.6739130434782608
R_1eCCkAxXhcpHDA8,2.4347826086956523,2.0434782608695654
R_3rTEvi56dO76zqj,2.372093023255814,2.372093023255814
R_vc9BZWOmA20pRId,2.0,2.0
R_2yfrmKtd82yHyca,1.488888888888889,1.3555555555555556
R_307UVaqXfGpynJL,1.7173913043478262,1.7173913043478262
R_2uvn8LCRLIrBeVe,2.0869565217391304,2.0869565217391304
R_2cqrSu6NuT44dLQ,1.8409090909090908,1.7954545454545454
R_3JrQ9sszmy5SW6c,3.0,3.0
R_3dL0P9aXW8DmTKF,2.217391304347826,2.217391304347826
R_2f3uwNb8pBxLS6D,2.3902439024390243,2.3902439024390243
R_7UwEFpkpjBfN3Lb,2.4545454545454546,2.4545454545454546
R_1rCDez77rIL8aMA,2.152173913043478,2.0652173913043477
R_2qgAmGDvxc7iIH1,2.111111111111111,2.066666666666667
R_sHfYQVIFjCagWZP,1.736842105263158,1.5789473684210527
R_21uAVT6YQrqhKHf,2.6739130434782608,2.6739130434782608
R_3EWRLtyebxdZDPw,3.0,3.0
R_1mW9o5mBFXM1BkR,2.369565217391304,2.369565217391304
R_a90Spjpc5cCovjb,2.0444444444444443,2.0444444444444443
R_1N93mDR726A2d9U,2.1956521739130435,2.1956521739130435
R_2Ufm4NGrwVZ3Iza,2.760869565217391,2.760869565217391
R_3s7auv3W7GRne2J,2.2444444444444445,2.2
R_3OqwYKMGd956aZX,1.9565217391304348,1.9565217391304348
R_1PdXXn95eI8qXJ8,2.5,2.5
R_2th5Q6gmcNMJOUF,2.4651162790697674,2.372093023255814
R_rpb3hdhLGQfV5jH,1.0952380952380953,0.9523809523809523
R_3CC9mBDCoWPGF4g,2.0714285714285716,2.0238095238095237
R_3PZTdu8W5FYluXV,1.7727272727272727,1.6818181818181819
R_1DNKgZSV3Ai10co,1.0232558139534884,0.9767441860465116
R_10rBxJ0ZtUA3YPi,2.425,2.425
R_1QgdlEvHbChZDH1,2.5681818181818183,2.477272727272727
R_33js2LxCgrLX3UW,2.5681818181818183,2.5681818181818183
R_301pobv6ioCgFRn,3.4651162790697674,3.4651162790697674
R_wM0mrPu5Z9Qd9N7,2.6666666666666665,2.606060606060606
R_2sTqgXkDHNvccGL,2.8181818181818183,2.8181818181818183
R_3IX26SG7MFbBzix,2.772727272727273,2.772727272727273
R_BxiUsiYnsFygWzv,1.4318181818181819,1.4318181818181819
R_1OJgD1Hlwb8khu2,2.409090909090909,2.409090909090909
R_Tjw166ayUA0M51L,3.6363636363636362,3.6363636363636362
R_5uyjZAwLywlWvDj,3.1818181818181817,3.1818181818181817
R_3L0Sf1cwhdLXSz8,2.973684210526316,2.973684210526316
R_1KZnNJQJjYix5n3,1.3409090909090908,1.25
R_3pbDVlSAXfMQHxE,3.1904761904761907,3.1904761904761907
R_2Vjx3f5cxQ1DDWo,2.6818181818181817,2.6818181818181817
R_2bZAeckyPROa7B4,2.3714285714285714,2.257142857142857
R_1rqzWERYLt1rWjv,2.742857142857143,2.742857142857143
R_wMOa5rQEcJx8jct,1.6470588235294117,1.588235294117647
R_22lcTa3bFcNGLTx,1.2,1.1428571428571428
R_2TKMHILyTH585v4,1.0285714285714285,0.8
R_1JLa1ZPET7dkpQ6,2.5142857142857142,2.5142857142857142
R_29aTSPyuUnGhW1z,1.9142857142857144,1.9142857142857144
R_2fpRLzhHKxh1P8A,1.6285714285714286,1.6285714285714286
R_21iAmwqrHT8u20H,1.3714285714285714,1.3714285714285714
R_2ckAAajUtmsuK4P,1.6857142857142857,1.5142857142857142
R_3fNqKLFImhCyPit,1.542857142857143,1.3714285714285714
R_30q8MP7SRqrRZ1D,1.9714285714285715,1.9714285714285715
R_2xMpLe0Vaiq5kSn,1.9142857142857144,1.8571428571428572
R_Uy8JzMnRt6inIuB,1.6764705882352942,1.5
R_2ivPp6N0yWSewAp,2.914285714285714,2.914285714285714
R_zeg0ZLc2l75nGRb,2.185185185185185,2.185185185185185
R_11hnc9J1MpKQwK4,1.6,1.6
R_2sRMG2n9e741eOk,1.1142857142857143,1.1142857142857143
R_2B5tpixzC8bbh56,1.2285714285714286,1.1714285714285715
R_27EEv1YJFUoX31m,1.6571428571428573,1.4857142857142858
R_3CIXBg2huMWxab3,1.5714285714285714,1.3428571428571427
R_1jkWgiZmtQmxgZK,2.914285714285714,2.857142857142857
R_1zcP90Aab4AgQvL,2.4,2.4
R_2fkyOIECpjb24rt,1.911764705882353,1.911764705882353
R_2EmJRGoV8E3H6D3,2.1515151515151514,2.1515151515151514
R_sGYvTK2ZHAcvsTT,2.975609756097561,2.975609756097561
R_1HkJ95nPpsRGZHK,1.65,1.55
R_23Tqzi4RERR4gpr,2.230769230769231,2.128205128205128
R_74ArCndwUwFl8qJ,3.1707317073170733,3.1707317073170733
R_2CqBmnBAxhVQhWW,2.7560975609756095,2.707317073170732
R_1YAupzUp1USnG1P,2.5365853658536586,2.3902439024390243
R_22xji30ruOXnM25,2.731707317073171,2.731707317073171
R_bsjRHrerGnlHglj,2.1219512195121952,1.9268292682926829
R_3qD75HEgefhsZH5,2.8048780487804876,2.8048780487804876
R_2QmUdzF4gAXMEEe,3.0,3.0
R_1jJrW6UaQBnhk9L,1.65,1.65
R_30jB3YyYT5rW0h0,3.236842105263158,3.1842105263157894
R_3jSPaftw33ozXab,2.268292682926829,2.2195121951219514
R_1o14lCGfOOl5rYd,2.0555555555555554,2.0555555555555554
R_PXqp4pHSP0tQuxr,1.3333333333333333,0.9230769230769231
R_1mxFItLuuG2dMQx,2.3513513513513513,2.2972972972972974
R_3KIwQVqomkOFBJL,2.048780487804878,1.7560975609756098
R_3p5QGVMPZwk5G3a,2.926829268292683,2.926829268292683
R_2X6ywFWvHeb07Z0,2.975609756097561,2.926829268292683
R_1n3I7T8jSSB9b21,2.8055555555555554,2.638888888888889
R_1E5JWrbaVr7zR7H,2.891891891891892,2.8378378378378377
R_2ci0R6HfngncFct,3.341463414634146,3.341463414634146
R_2SrfjNbzRmQTmiw,2.4615384615384617,2.4615384615384617
R_3fjj5TK5usm54rU,2.4390243902439024,2.3902439024390243
R_2Qu3bxqTAGwxAiE,2.2285714285714286,2.057142857142857
R_3KZ0nbxWYYYiph5,2.7714285714285714,2.657142857142857
R_Wxsuy2pFwa2p4fT,2.4285714285714284,2.4285714285714284
R_25LBxve5Pkmj3XU,2.657142857142857,2.5428571428571427
R_UQoD5U72axbTwaZ,2.129032258064516,2.129032258064516
R_cZnHvkdgXm7fa1z,2.1470588235294117,1.911764705882353
R_SUg1IM9dcxp38zf,2.914285714285714,2.857142857142857
R_C4tOI4fvghxj9Dj,2.085714285714286,1.6857142857142857
R_6L8nj2rZDld2609,1.7142857142857142,1.1428571428571428
R_3kcQcYwXOPpzArq,1.3142857142857143,0.6857142857142857
R_tRMjG4xdJrvYkbn,2.0689655172413794,1.8620689655172413
R_1BQuWQQheUWOzES,2.0285714285714285,1.7428571428571429
R_3Lba5UARBvcuhd4,2.5294117647058822,2.5294117647058822
R_2thdz3HguNeWiwm,3.090909090909091,3.0303030303030303
R_6fM5ZOcQtpGeYSJ,3.1142857142857143,3.1142857142857143
R_3GCfwGc2KwbHlPR,1.7419354838709677,1.4838709677419355
R_2rvIXMCChcWZDTM,2.057142857142857,1.7142857142857142
R_OANgz5f0Gn6emDD,1.8857142857142857,1.7142857142857142
R_3JgxcxpMfHyr4Y0,2.0,1.588235294117647
R_6tHMqPGt31mrmal,1.40625,0.90625
R_1NfvjYA0joyfxZ5,3.057142857142857,3.057142857142857
R_2Sq882ORdXORaUM,2.8857142857142857,2.8857142857142857
R_Z97lPHArpAdtLHP,3.28125,3.28125
R_1nUR5CZ05NOfrte,2.15,2.15
R_2D8lwMXFpow6LhQ,1.9024390243902438,1.6585365853658536
R_2dR3rwc9rzBnTrI,2.923076923076923,2.923076923076923
R_2wt7QsGV7MySYJo,1.9487179487179487,1.641025641025641
R_PNEQKKURCjK1Vtv,2.1621621621621623,1.945945945945946
R_1IWPbvrtWsgPiyX,2.8780487804878048,2.8780487804878048
R_wTuQKAKWliOAehH,1.8421052631578947,1.7894736842105263
R_3MzHsjoDmFZJ5Lq,2.5277777777777777,2.4166666666666665
R_1ZWXgwQmmplmSjf,1.4634146341463414,1.170731707317073
R_2EABCYRlTMl43S2,1.2195121951219512,0.7317073170731707
R_ZlNSSrLLPI7DhlL,3.097560975609756,3.097560975609756
R_a9jw6r1HJCQHe9P,1.875,1.875
R_3KH0ac5auhLrLje,2.775,2.775
R_122Q0u6ELNAmPix,2.8048780487804876,2.7560975609756095
R_1n9E0bn6pU7FFVn,3.1463414634146343,3.1463414634146343
R_3EYKjH9k1qGpsY8,1.5263157894736843,1.368421052631579
R_3DhI7uGixd4yx68,2.1463414634146343,1.4146341463414633
R_80mOvoH0MZpJ8EF,1.6666666666666667,1.564102564102564
R_3qvQI1tqTCQJv0W,2.6666666666666665,2.6666666666666665
R_3oXB1tEBixGOD0r,2.323529411764706,2.323529411764706
R_2Tq9GfdbxALpPlz,2.5517241379310347,2.5517241379310347
R_R7Us1yltWAQtthn,2.3333333333333335,2.3333333333333335
R_RaIElBqwy0a0Mnf,1.5263157894736843,1.1578947368421053
R_27fKqPFngdWca4F,2.1470588235294117,2.088235294117647
R_2CyveRzbZsr4mb2,3.1578947368421053,3.1578947368421053
R_1LujcPQKzDmM2Id,2.4210526315789473,2.4210526315789473
R_2OHgbdalWEBe3mc,3.1578947368421053,3.1578947368421053
R_BXOKTlYJRjPzLSV,3.1052631578947367,3.1052631578947367
R_2UXcgPVZN8mLsdD,2.3947368421052633,2.3947368421052633
R_9Hpww8XJjsF9b1f,3.236842105263158,3.236842105263158
R_2DUjyImuErc6MCf,3.1666666666666665,3.1666666666666665
R_3lMIxGtK0AbVQbY,2.0555555555555554,1.6666666666666667
R_3FJbELzD9tEY388,2.3421052631578947,2.3421052631578947
R_2X4EFL1OgKoqNdr,2.864864864864865,2.864864864864865
R_b30IY2ifw0wcl4l,2.6578947368421053,2.6578947368421053
R_x9tkmFr0jSDm6jf,2.135135135135135,2.027027027027027
R_22AdkBT0C61fqxe,3.5405405405405403,3.5405405405405403
R_UWmMrvsG7AfPi2B,0.7297297297297297,-0.02702702702702703
R_07EVuCrrv9iU7kd,2.736842105263158,2.6842105263157894
R_1LcJpAWlAKFEGM4,3.210526315789474,3.210526315789474
R_D7uYDEtz5T5IvC1,1.763157894736842,1.394736842105263
R_1dnrj553XmJJpqE,3.324324324324324,3.324324324324324
R_1nO8bZ8UNnFQL2e,3.3157894736842106,3.3157894736842106
R_3PS2ZKhngZk4JIO,3.1842105263157894,3.1315789473684212
R_1Cwpfs1fwk93usV,2.823529411764706,2.823529411764706
R_1rlxC00OSkrzNKT,2.0789473684210527,2.0789473684210527
R_OCN9miBCCIhgkHT,1.875,1.6875
R_3QWCpAva7diOzl2,1.8857142857142857,1.8285714285714285
R_23gbzOOL5BgeS12,3.7714285714285714,3.7714285714285714
R_3HiEu06GJNevi5R,1.7142857142857142,1.4285714285714286
R_1M0amfj7rOPhAE9,3.5428571428571427,3.5428571428571427
R_3MunVPxEYaafIXE,1.8285714285714285,1.8285714285714285
R_1j9a2FaZNoYS3kk,2.823529411764706,2.823529411764706
R_RaDOKeliC97kF2N,2.742857142857143,2.742857142857143
R_2Pu5mznU2qCE9GV,3.085714285714286,3.085714285714286
R_1hEyWU0zaHXFdFG,3.0,3.0
R_1IA8KdjyFvYdnX7,2.764705882352941,2.764705882352941
R_2aUG84gRcg7As9s,2.735294117647059,2.735294117647059
R_3L6Vg4ckPJLoc1D,2.642857142857143,2.5714285714285716
R_2rGeg9ukGKnTJLl,2.1470588235294117,2.1470588235294117
R_3GE3wL6XL9guW5e,2.2857142857142856,2.2857142857142856
R_x3OobpIS8uY5aqR,3.9411764705882355,3.9411764705882355
R_31vf6mNNGwhWY1b,3.857142857142857,3.857142857142857
R_1GUkK2fztNkVPzv,2.657142857142857,2.657142857142857
R_3lzxRnRGPgz7xQl,3.1142857142857143,3.1142857142857143
R_240J2EcO7pRa7M0,2.2941176470588234,2.1176470588235294
R_ehrhEV4pJcqBdrb,2.9714285714285715,2.914285714285714
R_1K87olfUqHSh72v,3.0588235294117645,3.0588235294117645
R_2e4l1suOlFWc0jg,1.9428571428571428,1.8857142857142857
R_3kzc0SsTt3LSMZK,1.2058823529411764,1.0294117647058822
R_1d6x7sNF0EwBKxB,2.7096774193548385,2.5806451612903225
R_3RgajNhtHlzBC1w,2.4,2.4
R_10TujHBM4tmFeRR,2.7714285714285714,2.7142857142857144
R_24OwgAHB6pT3cWC,2.1818181818181817,1.9393939393939394
R_2TH0a8MMudG67AI,2.2285714285714286,2.1142857142857143
R_3MhY1bdAEKvb47l,2.4285714285714284,2.3714285714285714
R_2XpJcWxpy4unX2r,1.6857142857142857,1.5714285714285714
R_2YWKNWXeGHztE9e,3.1515151515151514,3.1515151515151514
R_ptIHxaWyrsHAcal,3.057142857142857,3.057142857142857
R_10SI0Zvw1LOlOrG,2.8181818181818183,2.8181818181818183
R_2dWQPubRKS7sJsg,2.3448275862068964,2.3448275862068964
R_1Ka44AQokiT8Uuv,2.878787878787879,2.878787878787879
R_3Lj38xRB8C1Urc1,2.5428571428571427,2.5428571428571427
R_2YnRvf1xQJH2sGM,2.533333333333333,2.533333333333333
R_cu3P9uKXcsqLL6F,2.6129032258064515,2.6129032258064515
R_2CZhgJ96c8KDOAZ,3.1176470588235294,3.0588235294117645
R_2vjGQhNjtXzBlm2,2.4,2.1714285714285713
R_332WmMC952t4zLK,3.8,3.8
R_2bZ9JTYnXkSDVWG,3.2058823529411766,3.0294117647058822
R_2rkZ4e56qrJtYOD,3.5294117647058822,3.5294117647058822
R_eKCUbglNixhP7Fv,3.1142857142857143,2.8285714285714287
R_3D0cvh3mksm0pcf,1.6666666666666667,1.4
R_C8Exz0hxdy1PvgJ,2.1470588235294117,2.1470588235294117
R_zeC4CXukv6kGk5b,2.2142857142857144,2.2142857142857144
R_1CftX8rIoE7y1fc,2.657142857142857,2.6
R_e4gf7yViZxnSdmp,1.0571428571428572,0.7142857142857143
R_29nehH6VcmxTjDb,1.9714285714285715,1.8571428571428572
R_AjtkW8ddT4sYBlT,2.142857142857143,2.142857142857143
R_2yezRNcFUspiQjZ,2.342857142857143,2.342857142857143
R_1ITbKN9iiBQNfHm,1.5142857142857142,1.0
R_1DpU236uV6imHhy,2.2857142857142856,2.2285714285714286
R_2cupuI6ixrkFT2N,2.142857142857143,2.085714285714286
R_wLRM1XK31QsiuaJ,1.5757575757575757,1.5151515151515151
R_1jTKfwetKL2wiCB,1.3428571428571427,0.6
R_PYWCtAiq8JjMDZf,1.2727272727272727,1.2727272727272727
R_cUZESDFjulTNsUV,2.757575757575758,2.757575757575758
R_2sBJA9yhV6mUPtf,2.074074074074074,1.8518518518518519
R_2b3GUkzZeGcYiFv,2.6857142857142855,2.6857142857142855
R_3Jw5T4J23vamsSh,2.742857142857143,2.6857142857142855
R_1Qgsm6LnN68t69j,3.0,3.0
R_3kFzsUYUzUCqeb5,2.4571428571428573,2.4571428571428573
R_2urDIBPHtSBZZdk,1.5151515151515151,1.5151515151515151
R_1rks52A7PBH9s25,2.2,1.9714285714285715
R_AoOBZgnU5ZuuL0R,1.0571428571428572,0.7714285714285715
R_QboPInkwKbrdNOV,2.5428571428571427,2.5428571428571427
R_32W7KeUCCyUgj1L,2.7714285714285714,2.7714285714285714
R_tPujJhoc90PmnPb,2.3636363636363638,2.3636363636363638
R_1FOJvzGfBFOSEtT,2.0232558139534884,2.0232558139534884
R_6fz4DuhdNhTRO1j,1.4318181818181819,1.1136363636363635
R_2fDKVFIbXtcRxas,2.1578947368421053,2.1052631578947367
R_1jjp2b0pRJ4aQGD,2.227272727272727,2.227272727272727
R_1rcyjDCswh0g4fF,2.395348837209302,2.3488372093023258
R_w7972OqUM0w5m1j,2.731707317073171,2.731707317073171
R_1OpDZs6mSEWC0k0,2.4545454545454546,2.3636363636363638
R_1C1mnbTmbO5uxxw,2.048780487804878,2.0
R_2atSrz3KEOE7Wsw,2.4523809523809526,2.3095238095238093
R_3kc5xvhmr2nZQiw,2.604651162790698,2.604651162790698
R_2xxbfN0PVCXqbR7,1.9534883720930232,1.8604651162790697
R_ZlfX7bwjpnfJCet,2.682926829268293,2.682926829268293
R_1IF0UFaLXgupvIT,2.116279069767442,2.116279069767442
R_6rIqRJ6yXKTaNzz,2.1818181818181817,2.1363636363636362
R_ufdKpg3O1Qa1Ka5,3.0,2.9545454545454546
R_2Vqqe5sxwaIafzQ,2.05,1.85
R_2w1wPSEzrTIC2Fj,2.727272727272727,2.727272727272727
R_3PGpydqzTXZ6Ub8,2.2093023255813953,2.2093023255813953
R_yDr8xqX5MMkea4h,2.3658536585365852,2.3658536585365852
R_3COVRmFPzAn5fIm,2.772727272727273,2.772727272727273
R_2z8PAnwZAFCQ2Rs,2.75,2.6944444444444446
R_28TFOcRmz1fr8Ea,2.2954545454545454,2.2954545454545454
R_511HLMC907WcwBH,2.2,1.9714285714285715
R_3CVHhrKZ4UbHRR8,2.242424242424242,2.1818181818181817
R_3HAEQlxUc3simry,2.1621621621621623,2.054054054054054
R_3kuObiFIERxxqzD,1.7105263157894737,1.7105263157894737
R_338wnOfXaqvChDX,3.3157894736842106,3.3157894736842106
R_1eKmcGQNSZ070v5,3.1621621621621623,3.1621621621621623
R_3OpsldJWcjCgCmq,2.3684210526315788,2.263157894736842
R_CmPeaHpyaJsNyg1,1.9142857142857144,1.9142857142857144
R_3FVS386lDCcwPzg,2.5526315789473686,2.5526315789473686
R_yvHOm43Tilu0YOR,2.6486486486486487,2.6486486486486487
R_VKkjcW2Fr8n4d33,3.484848484848485,3.484848484848485
R_2wcOB3K0kU9ik2t,3.3157894736842106,3.3157894736842106
R_1EWFC1SV7gIDIkJ,2.3947368421052633,2.3421052631578947
R_1LwdJbYQRDjQSLd,2.4473684210526314,2.3947368421052633
R_2tgtCHc7VpomBqB,3.763157894736842,3.763157894736842
R_12eTSBqtZbveEzc,3.1842105263157894,3.1842105263157894
R_9vG07jUh3gTqtd7,2.8684210526315788,2.8157894736842106
R_5AQsnlax10DZ0lz,3.5789473684210527,3.5789473684210527
R_2CVwaTczjvTDw9m,3.3421052631578947,3.3421052631578947
R_3m4PG1NW4ECa4gP,3.5,3.5
R_1lizDfykuNKoB36,2.9375,2.9375
R_3hooomTEipbL5hY,3.2222222222222223,3.2222222222222223
R_2dFPX8rU2I22jcx,1.9428571428571428,1.8285714285714285
R_33dpyeR5U40hyXi,2.1666666666666665,2.1666666666666665
R_3fZ45LcOVKAP1Lx,2.2,1.8571428571428572
R_pEi0B3JBh7oL9uN,3.057142857142857,3.057142857142857
R_T5DCTgrvLLmhmNj,3.264705882352941,3.264705882352941
R_Z4Zyj6hUwOOXoFH,2.4857142857142858,2.3142857142857145
R_3O2iLp6IHAbyfRN,3.085714285714286,3.085714285714286
R_6nEH3EAQGah6woh,2.1142857142857143,1.7714285714285714
R_Anu5TpE6zLc3tTP,2.7714285714285714,2.7714285714285714
R_2AXV3sDMsOaiRga,2.3714285714285714,2.3142857142857145
R_r85qVexEyh7QpsB,2.857142857142857,2.857142857142857
R_8oaVTn763z9fU4N,3.0588235294117645,3.0588235294117645
R_Zn7N2XnRUMy5fbz,2.257142857142857,2.257142857142857
R_UbyJte5rmwOjBe1,2.676470588235294,2.5
R_2CdqjaxI6J8k72W,3.272727272727273,3.272727272727273
R_3e8qBv9h5Dsoo7I,3.411764705882353,3.411764705882353
R_1eQTRhTJbOoVz9s,3.4285714285714284,3.4285714285714284
R_XMr2wUIo8ZshsD7,2.257142857142857,2.257142857142857
R_2tFmUHy4hZjuTsH,2.857142857142857,2.857142857142857
R_5sxbuZfuWeHmbiV,2.6666666666666665,2.4242424242424243
R_zUuyqGjz5tXRtRf,2.0606060606060606,1.7575757575757576
R_3kLCjfn1IFfrbVA,3.142857142857143,3.142857142857143
R_2Vx2vlvBay6c0HO,1.4705882352941178,1.411764705882353
R_3g7RVio5eruUUEl,1.8,1.2666666666666666
R_2P25bSPY8KNKg9L,1.4857142857142858,1.4285714285714286
R_3NBX5IKNQTNRTBv,2.411764705882353,2.3529411764705883
R_2ZTQAqCPMSy5OxN,2.2,2.2
R_sjIRCeowv8Pl1lv,1.9583333333333333,1.9583333333333333
R_2VqFh518Fqw1JOg,2.225806451612903,2.225806451612903
R_1mWMU0lvAFH6GpB,1.9428571428571428,1.7142857142857142
R_1flMWOvHKPE75YY,3.2,3.2
R_1hBi2t5v13kDh7f,2.235294117647059,2.235294117647059
R_3R41WKKV4S8lWKE,3.3142857142857145,3.3142857142857145
R_1Ne5zQ8PwY5FFDl,3.0,3.0
R_21Fc33l9L1IEMOH,2.2857142857142856,2.2857142857142856
R_bvCkwhuJ8wKgC09,3.5625,3.5625
R_2wSUkiGkeaTlvlx,1.6,1.542857142857143
R_1NmoWgaPuOQ0mXh,0.7142857142857143,0.6
R_3WVsXwmPWpr4c3D,3.4285714285714284,3.4285714285714284
R_1Kj92iV6mZGkqrM,2.2857142857142856,2.1714285714285713
R_1f9o3yGw4h1YdGT,2.8857142857142857,2.8857142857142857
R_1Nf4SJlx6yGjx2g,2.6285714285714286,2.6285714285714286
R_2wtMWLYAyv04g9M,1.7428571428571429,1.6285714285714286
R_31bDV8kmCKRqesk,2.323529411764706,2.264705882352941
R_2ANGK4jl7Uydf47,1.5714285714285714,1.5714285714285714
R_3oRgDqtapRGc5mg,3.257142857142857,3.257142857142857
R_2UXeLLtt7Iak9Dn,1.6,1.3142857142857143
R_p67kD8SkpWseCLT,2.4285714285714284,2.2
R_2fbvZZ3WFOaY9eV,2.6774193548387095,2.6774193548387095
R_3MLsd34KAKCgCtm,3.085714285714286,3.0285714285714285
R_2c6Cefn8fauNbZP,1.606060606060606,1.4242424242424243
R_brOLDFIzvANS9WN,3.3461538461538463,3.3461538461538463
R_1QmSd94szjzNHkY,1.4375,1.125
R_11dpVlzpABeIFq4,0.8,0.34285714285714286
R_D2yySwxG5xePsYx,3.03125,3.03125
R_2eaSX1pKYSpkQFk,2.7333333333333334,2.466666666666667
R_2XbNI3alsHVbyOX,2.5428571428571427,2.4285714285714284
R_tSe2iBZGejau3rr,3.2285714285714286,3.2285714285714286
R_2ClGDuHJUeJef3B,3.657142857142857,3.657142857142857
R_Cl7FLk7rvqUJ6KJ,3.657142857142857,3.657142857142857
R_1KeSu7dlTos6HCA,2.657142857142857,2.657142857142857
R_1IhN6SvWarp1pLj,2.342857142857143,2.2857142857142856
R_1kYPYNJ7r3sMVu4,2.1142857142857143,1.9428571428571428
R_24JloDYxBAPiX6k,2.657142857142857,2.5428571428571427
R_3JCZUg71bNCIYuJ,3.484848484848485,3.484848484848485
R_1r3pV73LvP8W0oK,3.0588235294117645,3.0588235294117645
R_vlcdvVeG11KMuTT,2.914285714285714,2.914285714285714
R_1pYl0fUaYc5bqqo,2.6315789473684212,2.526315789473684
R_enUBLvL0yzAg2Q1,2.5405405405405403,2.324324324324324
R_1gHLbhLXHZj94w0,2.0555555555555554,1.9444444444444444
R_RUERJFcQN6xFcNH,2.1515151515151514,1.6666666666666667
R_NWtjZthN1YAxgAh,2.1578947368421053,2.1578947368421053
R_33fHCSMectCicJT,1.868421052631579,1.8157894736842106
R_1CdQf01xgtUHrjB,2.3684210526315788,2.210526315789474
R_3k0nxLZNeXhiUe9,2.2222222222222223,2.0555555555555554
R_2V2uqNr0Oys2LjY,2.210526315789474,2.210526315789474
R_2EHwcsJMmIbuoI8,2.5526315789473686,2.5
R_voSIeH3huZygeOJ,3.0,3.0
R_1oheNwUIjw8wMII,2.515151515151515,2.4545454545454546
R_2RQh5iWe2sCT9vr,2.411764705882353,2.411764705882353
R_3qwVWyNEM7iynUj,3.0526315789473686,3.0526315789473686
R_2du1IqA8XzOz1uR,2.4444444444444446,2.4444444444444446
R_3iwMddBcTWfKBhy,2.111111111111111,2.0
R_Rw3SAyZSkDKSVKF,3.1578947368421053,3.1578947368421053
R_2ciKRE8vKtyodpo,2.6052631578947367,2.5526315789473686
R_0Jo7SIRQYBCmocF,1.9473684210526316,1.894736842105263
R_3oMWkKgLKj08gT7,2.210526315789474,2.210526315789474
R_est8hoWRufWqn97,2.8823529411764706,2.8823529411764706
R_3PXCTYfuXDzfPio,3.1578947368421053,3.1578947368421053
R_yIlvK9jnYKAdrPz,2.111111111111111,2.0555555555555554
R_3F1Z7Wwe56oJ71A,1.1578947368421053,1.105263157894737
R_12nBil6HzjTErBs,1.8444444444444446,1.8444444444444446
R_1gnJLtLtSNB1DHi,2.391304347826087,2.391304347826087
R_2XiFoSWhsUBbmxe,1.5,1.4523809523809523
R_2DM0Ksd7ZXEfrj7,1.7173913043478262,1.5
R_2ClXZXNZi22ub4j,3.3043478260869565,3.3043478260869565
R_2Tnl4hVYksxYGUS,1.7173913043478262,1.7173913043478262
R_e3AbXEwXrpKjfod,2.0434782608695654,2.0434782608695654
R_1HtVVN0zmIuu9ot,1.7142857142857142,1.6666666666666667
R_2EB4laEbrTjggFe,2.357142857142857,2.357142857142857
R_1CehoXVafo1bG9U,2.1951219512195124,2.1951219512195124
R_yPXPNxDZpW875vz,2.782608695652174,2.782608695652174
R_2zvxS6mchVk57SX,2.441860465116279,2.441860465116279
R_3KIVCWFyzAAs4C1,3.3043478260869565,3.3043478260869565
R_bjfwd01vJDyspNv,1.2826086956521738,1.2826086956521738
R_1kHTNJjuRoCyn5O,2.2444444444444445,2.2444444444444445
R_2B3P24Hht2nTpem,2.391304347826087,2.347826086956522
R_23digQdJ3bovOrP,3.260869565217391,3.260869565217391
R_3dYypcVrUCLBcDh,3.0434782608695654,3.0434782608695654
R_2tsthVlr58QSkA0,1.6222222222222222,1.5777777777777777
R_2aDJgDmKhAO6OtB,2.5217391304347827,2.5217391304347827
R_3oFJMXIFOqlgAq9,1.3478260869565217,1.3478260869565217
R_3P7uDYwVdaeTcbB,2.130434782608696,2.130434782608696
R_1OWh9y4ktPhl3Cz,1.2045454545454546,1.0681818181818181
R_1lif6MfuoIhDVPW,1.1891891891891893,0.918918918918919
R_1eLYfoAQcsyvEI9,1.9230769230769231,1.6153846153846154
R_2i3xbN31bR2DU0p,1.3157894736842106,1.0
R_1IMA7xzHRVcl4p2,2.0555555555555554,1.9444444444444444
R_2PveDngGiCfKEz2,1.763157894736842,1.5
R_3lMQfevVXF92md5,2.2222222222222223,2.1666666666666665
R_1OVtheETFr0a6mH,1.7567567567567568,1.5945945945945945
R_3O1wIRqrl0Tj6Qc,2.3684210526315788,2.210526315789474
R_Z3pEGX7pE0bbmud,2.611111111111111,2.611111111111111
R_xzmWHSVa8uypbnH,2.5428571428571427,2.5428571428571427
R_7QcqhkheStr2Ei5,3.3513513513513513,3.3513513513513513
R_25NlE2S63VtdebE,3.210526315789474,3.210526315789474
R_2cdNidRY0Wfan33,2.25,2.0833333333333335
R_6R8a7kgvSlpR5K1,3.4473684210526314,3.4473684210526314
R_PXKM5S3DDhBcP6N,1.2105263157894737,1.0526315789473684
R_ewB63RET0AVY4UN,1.6571428571428573,1.6571428571428573
R_3ENlCbodKzrtR7R,2.5789473684210527,2.4210526315789473
R_22PrpZy4L9AE5S8,3.1052631578947367,3.0
R_0UoRQwU52oYuF4l,2.2222222222222223,2.0555555555555554
R_1QMXLEMCh9c7MUH,1.5263157894736843,1.368421052631579
R_24bIB3JVnxiNp6M,2.4285714285714284,2.4285714285714284
R_aY0llDwAYIgv37X,1.3157894736842106,1.1578947368421053
R_1lcs5hxXUMVpGlR,2.03125,1.84375
R_2zPlsZDbpat2l1M,2.6176470588235294,2.6176470588235294
R_1EXU6oMbfZYmhHQ,2.3666666666666667,2.1
R_1ruIP3KIMY9lQJW,2.657142857142857,2.5428571428571427
R_ve6TyHbiKLapLq1,1.8285714285714285,1.3714285714285714
R_3NEVQbPGvXZgNaO,2.7142857142857144,2.657142857142857
R_3FXQZ96qs4hDmFW,2.8,2.6857142857142855
R_3qZI3UoRmkvrKLT,3.4285714285714284,3.4285714285714284
R_1DOssToerY3hjX8,1.7058823529411764,1.588235294117647
R_25zoqWob9aWKKks,3.0294117647058822,3.0294117647058822
R_tFgYjwxrZa0u5wt,2.4516129032258065,2.3870967741935485
R_1eWTDiaoxmsoMxP,1.411764705882353,1.1764705882352942
R_32VzGyigLIXzoPp,1.8285714285714285,1.8285714285714285
R_31cKZ2vFpzjPPnj,2.4705882352941178,2.4705882352941178
R_2e2L2Ahp9QXCQrS,2.1142857142857143,1.6571428571428573
R_6L2dMq9Ml5qe62t,1.5714285714285714,1.4
R_2trgVCjL6VEOWye,2.3142857142857145,1.9714285714285715
R_2wBq0NDujaOiCsK,2.5142857142857142,2.4571428571428573
R_2TpiJNWq9KYhB2F,2.7142857142857144,2.6
R_3iIsJAxexDWbyQx,2.7714285714285714,2.7714285714285714
R_2AMcHme2zkcHm2X,2.515151515151515,2.515151515151515
R_1nZNboEeFh5pTEc,1.9642857142857142,1.75
R_3hc3cPDEDfKn0fT,3.0,2.8421052631578947
R_2YOZlBaA4tiIm8S,3.4473684210526314,3.4473684210526314
R_2Qfb30riIoFuw6f,1.1891891891891893,0.972972972972973
R_1BWAjHjdCkn9PAV,3.4210526315789473,3.4210526315789473
R_2rUsMQXJum3GevE,2.8157894736842106,2.763157894736842
R_3EiO2XIA9vDcKea,3.2903225806451615,3.2903225806451615
R_1F4l1TXO0tdRz7T,2.0526315789473686,1.9473684210526316
R_3gSp7SmWRLQjnal,1.7058823529411764,1.411764705882353
R_1K7SRVlYH8i7H0B,2.6315789473684212,2.6315789473684212
R_2xYteR8oHrg4tJK,3.0,3.0
R_1d7dBQV815NI9jF,2.5555555555555554,2.5555555555555554
R_2yq2TGs1aaXvJKh,1.7894736842105263,1.5789473684210527
R_24GaSZLwHf4f5UN,2.026315789473684,1.8157894736842106
R_0Ap4o4zDiTO8ipH,2.611111111111111,2.5555555555555554
R_AGKX8f82XJ2deH7,2.9444444444444446,2.9444444444444446
R_3fZhxPElxIaIs5l,1.894736842105263,1.736842105263158
R_2VL168VfkzCmYQ4,3.4473684210526314,3.4473684210526314
R_1K2SDFG49VMRUHH,1.837837837837838,1.7297297297297298
R_1dphXnvurE89Ydc,2.5526315789473686,2.3947368421052633
R_3EXWULoD1WIzQJQ,2.6052631578947367,2.5
R_2wH7nI7pr4GLlFq,2.676470588235294,2.2058823529411766
R_3JxvwNdHPFnjrMv,3.4473684210526314,3.4473684210526314
R_cIMytAlgwfl0l33,2.526315789473684,2.3157894736842106
R_1IRXiOBU4rY42oY,3.4210526315789473,3.4210526315789473
R_DFRwYV7xjk3GK8V,1.4242424242424243,1.4242424242424243
R_2Srar3OPjhPTw8L,0.75,0.3611111111111111
R_2ePgEJa3CKtVJDE,1.894736842105263,1.7894736842105263
R_OdmO0c8DlnxEpTr,2.1842105263157894,2.1315789473684212
R_2bOEIHiOcmwk75I,3.6216216216216215,3.6216216216216215
R_3luDAKsUXmbj1wC,2.9210526315789473,2.9210526315789473
R_33efFTwE0sLSYie,3.263157894736842,3.263157894736842
R_2cpb5PWdsFMmyX8,1.5526315789473684,1.4473684210526316
R_3MDWIShvcerVV5q,2.736842105263158,2.736842105263158
R_31uRFZ7Gdg9Xelz,2.388888888888889,2.2777777777777777
R_1k0KFyuXSK9cwUq,1.864864864864865,1.6486486486486487
R_3iwpG8AiQ3MaV23,2.5675675675675675,2.5135135135135136
R_2D0jpLVsFqPlcM0,3.5789473684210527,3.5789473684210527
R_PSWTYnrUVX0trBD,3.1142857142857143,3.1142857142857143
R_1QuSHpVXC3FYFUz,2.5,2.5
R_p9RXBfCXBSG2PBL,2.324324324324324,2.1621621621621623
R_3CVmE31dTD2P4m8,2.2432432432432434,2.189189189189189
R_1NqPxov7diAcptv,2.5526315789473686,2.5
R_vCZnTlmSsAJXz69,2.2432432432432434,2.2432432432432434
R_3qOncsC05oWoabg,1.236842105263158,0.8157894736842105
R_1GJNvTvEj666zvH,2.72972972972973,2.6216216216216215
R_2t059WUEEKlDiGF,2.736842105263158,2.736842105263158
R_1IAikg6nLpFfYyK,1.1142857142857143,0.42857142857142855
R_3fLcBrv2h7KIuJP,2.2285714285714286,2.057142857142857
R_1mwq7YiGplPhdCw,2.057142857142857,1.9428571428571428
R_2ATMKorXtMyM6e4,1.2,0.9142857142857143
R_2fj7a0ytMag1NYX,2.2058823529411766,2.1470588235294117
R_2zPheM42IkNaORn,3.257142857142857,3.2
R_3Gvoj9HIv9dz1OG,2.7142857142857144,2.7142857142857144
R_3hAaFHDJy4sVYHH,1.0857142857142856,0.5714285714285714
R_3jdjDoqQ3N7QFhd,1.7647058823529411,1.7058823529411764
R_1BQTFqdm0cysYDW,3.5142857142857142,3.5142857142857142
R_Qi6R5VA9J46CCTn,2.0285714285714285,1.8571428571428572
R_p5caJpRlqqUGTM5,1.457142857142857,1.4
R_3IQTh0p10wDrL08,2.787878787878788,2.484848484848485
R_2EELT9V7NXKpRR4,3.4285714285714284,3.4285714285714284
R_3e1X3zqOLSeGhhI,1.2,0.6285714285714286
R_3G0wiQRSIMPc39k,3.2,3.2
R_3PprpyjPKvv5CRa,3.5142857142857142,3.5142857142857142
R_6yQQmvDEuIbC4AF,3.090909090909091,2.9696969696969697
R_3KHqDbzdAqqVtMs,1.4,0.9428571428571428
R_2wSqCxnZL37QV86,0.7575757575757576,0.15151515151515152
R_3dYebNWHAqR8RQZ,3.5142857142857142,3.5142857142857142
R_Om2xwiqDSR6Ib3H,3.4857142857142858,3.4857142857142858
R_3gLbNOpx46lsyq6,3.4285714285714284,3.4285714285714284
R_3dEeemx3SOT6d3I,2.586206896551724,2.3793103448275863
R_2cuU8IoqlL64aBa,2.9696969696969697,2.9696969696969697
R_ZEPLopDgXponhjH,3.0,3.0
R_1li3jOfPE2pVhA6,2.9705882352941178,2.9705882352941178
R_2pPRYaA7XoBSoK5,2.342857142857143,2.2285714285714286
R_1joKnD8VpWDJcIh,3.085714285714286,3.0285714285714285
R_xxslLMPKk8wgLpD,2.6,2.6
R_p5hxd9srrrddCLL,1.5142857142857142,1.0
R_5yTVThwZzz0taSZ,2.742857142857143,2.742857142857143
R_UKHopurGp7X2qoV,1.8285714285714285,1.6
R_22yQSqNIWJ3SNKF,2.823529411764706,2.823529411764706
R_3khSclHhVXG7Pbi,2.257142857142857,2.257142857142857
R_2tuvkG83JnP5wCM,3.142857142857143,3.142857142857143
R_2tEbnAHz82BW2gb,2.1142857142857143,1.8285714285714285
R_1KkiWnmlz7MFKMG,3.142857142857143,3.142857142857143
R_2D8G5x72xFarqX0,3.4,3.4
R_tJRe1Q99Vve1yGl,2.8285714285714287,2.657142857142857
R_p0HwfvAtWKKoN9L,3.085714285714286,3.085714285714286
R_1pG5FXsAx94YRcJ,2.742857142857143,2.742857142857143
R_2wNtGp6rpgDHyWC,3.657142857142857,3.657142857142857
R_NXcGNWBq4VvHcR3,2.0,1.8857142857142857
R_3GrCsSgiZ2Df12e,2.6875,2.6875
R_1QMHJknyH1wem9i,2.857142857142857,2.8
R_1IZyYfV1ESiXQTq,3.6,3.6
R_2Ww2QgFBusRAB4R,1.7142857142857142,1.2
R_pQbSYuf5zlxSuBj,2.3529411764705883,2.3529411764705883
R_6R7wfnPA85JG5Hz,2.8529411764705883,2.7941176470588234
R_9HOyay495y3ja9j,1.8,1.72
R_Dwpewozeafl4e1X,2.857142857142857,2.8
R_BFas5KnBEZPzEc1,2.657142857142857,2.657142857142857
R_3MxwNmoajHN0D5D,2.5454545454545454,2.4242424242424243
R_279iQn9Y0jKGuVc,2.1714285714285713,2.1142857142857143
R_1FafOTKlAsKanM6,2.8,2.742857142857143
R_2ScPNxf9p0JOgzu,3.5714285714285716,3.5714285714285716
R_xbBptqTJxGdusrD,2.4857142857142858,2.2
R_24OiKweEMXhgMS6,2.6285714285714286,2.6285714285714286
R_3iCLPXBDwVuO98t,2.4571428571428573,2.342857142857143
R_Aaoa4jXlxkFMsfv,2.4,2.4
R_21srJR7sr1MbsP0,2.942857142857143,2.7714285714285714
R_2P5OHM8rVZ9J794,1.72,1.48
R_1lc96wGMmjiCmCv,2.3823529411764706,2.264705882352941
R_5BB4B45DydiCTOV,2.763157894736842,2.6578947368421053
R_3Ma5epCAum1h1ZK,1.0810810810810811,0.8108108108108109
R_1M4GE1XWwdC2Uqp,3.4210526315789473,3.4210526315789473
R_1Lhg9jrvJn41wdT,1.1891891891891893,1.0810810810810811
R_2mc1ZcVqDm9l32h,2.0,1.9473684210526316
R_1OIF2XcX2EoVQ7T,2.289473684210526,2.289473684210526
R_2zG4bGbH5UN85YV,2.054054054054054,1.7837837837837838
R_ub4gKR4UKRiJXkB,2.526315789473684,2.473684210526316
R_1QKRREyxPdCJLkR,2.3421052631578947,2.3421052631578947
R_cSWt6iaBwi9a5Vv,2.8,2.6
R_2agefuhT0wVopaj,2.5405405405405403,2.5405405405405403
R_3fq5uw3ZlsY6Y9M,2.6285714285714286,2.6285714285714286
R_Z1wIWAP5nJ8mnfj,2.236842105263158,2.0789473684210527
R_1NCZKglme0rZQ6n,2.8684210526315788,2.763157894736842
R_Xh8Rp6ppK1xcE5r,1.0,0.6842105263157895
R_2t3YG3b8QzDIpSj,3.1052631578947367,3.1052631578947367
R_50VztJIvRV8acuZ,3.0789473684210527,3.0789473684210527
R_1jeO0XrxZGmAAGi,1.9736842105263157,1.8157894736842106
R_2xSs9H60ABjPY89,2.289473684210526,2.1315789473684212
R_1o07HF92aCZKyS8,2.5526315789473686,2.3947368421052633
R_3ESWgmulnFStnHM,2.5675675675675675,2.5675675675675675
R_3oYKKmivbfZSohF,2.289473684210526,2.289473684210526
R_2TSkVyIEvZEZhRQ,2.210526315789474,2.210526315789474
R_2a99jSFvRjaEaTy,1.7906976744186047,1.744186046511628
R_3kGiGQSc4moLBwv,1.1666666666666667,0.7380952380952381
R_2TENelIbRuadUq1,1.5116279069767442,1.372093023255814
R_1qX8yI7u3mjZirO,2.9302325581395348,2.883720930232558
R_3O2ejcdieEDYZqx,1.8857142857142857,1.8857142857142857
R_1FEBojBM1DFiS0k,2.302325581395349,2.302325581395349
R_3EcYdPkZqTppIgC,2.13953488372093,2.13953488372093
R_1OUpZfU8VRpDFBc,1.0,0.7435897435897436
R_27TJNPUKh7638Sd,2.441860465116279,2.395348837209302
R_1mO5ypuiarUaKqO,2.2093023255813953,2.2093023255813953
R_27mzWa8DB8dhw6X,2.3488372093023258,2.255813953488372
R_2trssk3hPhQxHD3,1.6904761904761905,1.5476190476190477
R_bkiUfJTamGyESeB,2.6511627906976742,2.6511627906976742
R_2VxsyB6L9aggwKI,2.317073170731707,2.2195121951219514
R_3JmWf5pNYZGSLSw,1.4615384615384615,1.4102564102564104
R_1fZNjLdvazXE3vd,2.1666666666666665,2.1666666666666665
R_2c6f6kw48m54y7G,2.186046511627907,2.186046511627907
R_1gwqchK3JuqvcqM,2.0232558139534884,1.9767441860465116
R_2TuAjtnJ9KY2Ba7,2.6511627906976742,2.6511627906976742
R_3JK91pfOHGWxDYB,2.302325581395349,2.116279069767442
R_1GVQk5BWDk88iAH,2.175,1.875
R_UbdS46Lecu2aaGt,1.6511627906976745,1.558139534883721
R_1GWwEji0gLkMWCX,2.488372093023256,2.488372093023256
R_6gtRLQcK0M4crOp,2.1842105263157894,1.8157894736842106
R_3PnqcbLGwvNMU86,2.4242424242424243,2.303030303030303
R_2tEYWFXqGPQvHOZ,1.6578947368421053,1.236842105263158
R_3kNAMz3k3El3AJo,1.9210526315789473,1.8157894736842106
R_2dPY6kvrYRyENtB,2.210526315789474,2.1052631578947367
R_33rwgOjk40t2zqY,2.0789473684210527,1.5
R_SC93jEfM0CTtHJD,2.0285714285714285,2.0285714285714285
R_2v5GxujKjHfMuPh,2.289473684210526,2.1842105263157894
R_3fC6pCUinvTue3n,2.108108108108108,1.8918918918918919
R_RmGDW86MxN4vAiJ,2.4,2.2666666666666666
R_1FfhislcBleZwMJ,2.3421052631578947,2.1842105263157894
R_3PjdO6grT6LmKLr,2.789473684210526,2.789473684210526
R_2D8o5clucw9neLI,2.236842105263158,1.9736842105263157
R_3n1bIXG23HcPEuG,3.0833333333333335,3.0833333333333335
R_3lJrbZDFws5vZaJ,1.8333333333333333,1.5555555555555556
R_12y8xRBMiNzKElY,3.0789473684210527,3.0789473684210527
R_3I3rojOZAKISCks,2.264705882352941,2.088235294117647
R_w183X3wUSmCtHUd,2.3684210526315788,2.3157894736842106
R_2zoNe6x4rdwXQvS,2.263157894736842,2.210526315789474
R_3g7ALOWm45SgI1K,1.736842105263158,1.5263157894736843
R_1lmWpolZE0vSNPY,1.9565217391304348,1.6956521739130435
R_POEfjhnXbWKhgRj,3.026315789473684,3.026315789473684
R_1DArBF96pUAoMoO,2.6486486486486487,2.5945945945945947
R_sTDsELwncX3vZG9,2.25,2.25
R_Xijmvo6PKSeHvC9,1.7567567567567568,1.7027027027027026
R_2ZKazjRim3B6Lil,2.1,2.1
R_6PyZ0rF6rVN8v2p,3.1666666666666665,3.1666666666666665
R_3s4TCOoLGJM0enq,3.6363636363636362,3.6363636363636362
R_42V2JKayeHzAIQ9,1.945945945945946,1.837837837837838
R_216eLH8bXQUtFDM,3.4054054054054053,3.4054054054054053
R_e5oIn3cHYcHofdL,2.6052631578947367,2.6052631578947367
R_Tqu6nS59qsXV985,1.894736842105263,1.894736842105263
R_301d6o8k0L8MMZO,1.9473684210526316,1.9473684210526316
R_6YcGoFO6rAhS4MN,3.6052631578947367,3.5526315789473686
R_3rYWpuHPmMN2fF5,3.2058823529411766,3.2058823529411766
R_1DFNLVDaryhfx17,3.4473684210526314,3.4473684210526314
R_1Qfn4oE0zbJCrlc,2.7837837837837838,2.7837837837837838
R_29vr3KNMpB7QwOH,1.5263157894736843,1.4210526315789473
R_2907jHdkNUA8J21,2.7837837837837838,2.7837837837837838
R_UfnwpA4xbVRikhP,3.763157894736842,3.763157894736842
R_3E9Got0Oa0MUywU,1.972972972972973,1.972972972972973
R_24DYaJOJcA9r9zH,3.526315789473684,3.526315789473684
R_22sSiQp7jbIuNVT,1.763157894736842,1.7105263157894737
R_cGwJtGVQat3n64p,1.2894736842105263,0.9210526315789473
R_2us3iFaZeYi56Ho,3.6666666666666665,3.6666666666666665
R_3prHmIQx3vBEEq9,3.3513513513513513,3.3513513513513513
R_3ndUl8A7uNaJyei,2.1714285714285713,2.0
R_3NVWJplXqBXlrE2,2.1315789473684212,2.1315789473684212
R_2QRiWSf8fytgXC9,2.5853658536585367,2.048780487804878
R_wRylIhrU1NZ0HN7,2.6097560975609757,2.6097560975609757
R_2s5XwPdJsh6CKm7,1.8780487804878048,1.146341463414634
R_2s15JXqiaIKDEH9,1.951219512195122,1.951219512195122
R_24IAIwk5mDTpq5U,1.9024390243902438,1.7560975609756098
R_Q073awYIEIfjkyt,2.625,2.625
R_Y60v33lWWn3fax3,1.8048780487804879,0.7804878048780488
R_1CkBvw7lZxW5CEl,2.25,2.25
R_1PXAY2Qyu6b8dQT,2.3870967741935485,2.3225806451612905
R_1ePEKvK7XhZxinT,1.55,1.1
R_OoLRQaMKH0KAT4J,2.2941176470588234,2.2941176470588234
R_3JtwxktGEooDiNI,1.763157894736842,1.3421052631578947
R_DqagC1AxhHUz4jf,1.9444444444444444,1.9444444444444444
R_1ruWs92N3FngRTq,1.825,0.575
R_3EmQfsAVmtZLUaz,2.073170731707317,1.4390243902439024
R_ZCQ8KnRNx5CWbM5,1.53125,1.40625
R_2bPJM5yUo2ucGgc,2.15,1.9
R_2SuhFu4JCOemI4U,2.707317073170732,2.707317073170732
R_1g1kp1sJr0TcMfu,2.6341463414634148,2.048780487804878
R_1MS6tjc5L3ToKLm,1.8974358974358974,1.6923076923076923
R_XjgxuTDBDbp7ujT,1.5526315789473684,0.9210526315789473
R_3qvXCUyhqigB4yC,1.7317073170731707,1.7317073170731707
R_2WwN5bIChsAzBrt,2.1578947368421053,2.1052631578947367
R_1o83ud1ShVE47DB,2.135135135135135,1.864864864864865
R_tZ0bfjlgsWCQYNP,2.611111111111111,2.611111111111111
R_rrx9IrbjvMD4Y49,2.2857142857142856,2.2285714285714286
R_1Oqm89ad1ZQ8ph9,2.4242424242424243,2.3636363636363638
R_3J4qvIZiHtGvMMb,3.1666666666666665,3.1666666666666665
R_1H06DgNaAGATpyy,2.242424242424242,2.0
R_2aPvA3nu18TF4TU,1.5483870967741935,1.5483870967741935
R_1Hoz3kQ86XLdJsf,1.0,0.9375
R_2bJDHHusxqtIRH1,2.2857142857142856,2.2285714285714286
R_30bGUVGWkgcyRVv,2.625,2.625
R_2E4q85r2P83PXPh,3.193548387096774,3.193548387096774
R_1fmhwPflf70yJhO,2.2,2.2
R_3qJr9245aVDoSv3,1.8857142857142857,1.7714285714285714
R_2dAR1dtIMtZnxay,3.4857142857142858,3.4857142857142858
R_RjWIMqM2oQdjhqV,3.3714285714285714,3.3714285714285714
R_1CINCpSOdFSfRnb,1.8620689655172413,1.8620689655172413
R_1KxPW93gQr7eTBV,2.7142857142857144,2.7142857142857144
R_1cUGnpUq9D8z1T0,3.657142857142857,3.657142857142857
R_269eVilGyNlYZvL,2.0,2.0
R_2vekIhUxwaIasCd,3.5142857142857142,3.5142857142857142
R_2AM469hj8v2RTM2,2.75,2.75
R_3JlKAxSmGMK47Av,2.2857142857142856,2.2857142857142856
R_1NqCslNp5QzwAq0,2.7714285714285714,2.7714285714285714
R_2bIhlA17lhDwXoF,1.7878787878787878,1.7272727272727273
R_1K1Mj0UzhKQ3ccF,2.09375,2.03125
R_2tFfUwEWAVcvPwJ,2.8214285714285716,2.8214285714285716
R_1LHFDdBNHQ8fMBk,1.0789473684210527,0.6052631578947368
R_3GBVPLRzGMYwqnP,2.4473684210526314,2.3421052631578947
R_2ASyUqwkjzlMelN,3.1052631578947367,3.1052631578947367
R_2OHJnM3OWqGLgAC,2.5945945945945947,2.5945945945945947
R_2fJN9GWxnNPuRqu,2.289473684210526,2.289473684210526
R_2VjStE6CPBrLf6i,2.735294117647059,2.676470588235294
R_1ojsifRWGv7vM34,2.108108108108108,2.054054054054054
R_2tsr0K3KQqOxRON,2.6052631578947367,2.6052631578947367
R_1Kqp8UcUwIxHJd8,3.1842105263157894,3.1842105263157894
R_3feBDPYqcNCc6op,2.0526315789473686,2.0526315789473686
R_2tlobfpVnJpmsh8,2.3714285714285714,2.3714285714285714
R_rpB3QnYAKiIx85P,2.763157894736842,2.763157894736842
R_pLTJZp22I5vzdkZ,2.7777777777777777,2.7777777777777777
R_1HkQ7ryUUNSEe2R,2.4864864864864864,2.4864864864864864
R_TttY1KCK0BfwqZ3,1.131578947368421,0.8157894736842105
R_2OILHr0ygqWRE2W,3.026315789473684,3.026315789473684
R_6LjxyzMLS2vAOlj,1.3783783783783783,1.2162162162162162
R_2AYgPs54BTIJ2ti,1.6216216216216217,1.6216216216216217
R_3qHZOlCLFOkEHji,2.4857142857142858,2.257142857142857
R_27vqz5MLBVnchfO,3.0789473684210527,3.0789473684210527
R_QiwS4HvZGzcMaXL,1.9736842105263157,1.868421052631579
R_1mrUT0XeEtfcIO8,2.7027027027027026,2.7027027027027026
R_1Isi39CfpHJihf0,3.3157894736842106,3.3157894736842106
R_dpCmUtQGo4LHpgB,1.9736842105263157,1.9210526315789473
R_3FLPMh6B8ePs7RR,1.6666666666666667,1.6666666666666667
R_3mltH9NVLtzs9SZ,2.9210526315789473,2.9210526315789473
R_214Kr6XImocKuNl,2.5,2.5
R_1HnOaN81URnNeqt,2.973684210526316,2.973684210526316
R_1CgoorlzhW2l5vl,1.5263157894736843,1.5263157894736843
R_1rlxkgEftPsBTD2,2.5789473684210527,2.5789473684210527
R_ONlstOMKdC8D5aV,2.1842105263157894,2.1315789473684212
R_uf53VA2TcmkGx1f,1.6578947368421053,1.605263157894737
R_6yXJfsoncJyk5W1,1.8157894736842106,1.6578947368421053
R_1hS71b2c5kWmM1d,2.878787878787879,2.8181818181818183
R_9EVOmmjWjJlRSIV,2.763157894736842,2.763157894736842
R_2TBnXPW9BQmFzuf,1.972972972972973,1.972972972972973
R_31gdWXwOBlqUNb3,1.631578947368421,1.631578947368421
R_3fTaivWBHJF7lbc,3.789473684210526,3.789473684210526
R_3GwEJmezTOwn5xn,3.135135135135135,3.135135135135135
R_sMTz9JVD1UAs89j,1.9736842105263157,1.868421052631579
R_1JORsfxOYopsbgF,1.9189189189189189,1.864864864864865
R_28S7dQSoA2CGFDn,2.3513513513513513,2.2432432432432434
R_3snTEziRDQbI042,2.4411764705882355,2.3823529411764706
R_3ikU1mQf1uTYqmc,3.3783783783783785,3.3783783783783785
R_3EszIJiRe99TvLl,2.1052631578947367,2.0526315789473686
R_Uge5u18yMoxHORH,1.6486486486486487,1.5945945945945945
R_1mrNHwhmElCGzZa,1.1842105263157894,1.131578947368421
R_2Yxnd0UKZhdDkB8,2.0526315789473686,2.0526315789473686
R_3kq3mDGHZvpBTAC,1.4285714285714286,1.3714285714285714
R_3it1gLi62bJGOPT,2.121212121212121,2.121212121212121
R_2qq3nm85KXEgxCK,3.026315789473684,3.026315789473684
R_8BpwxKnLYicMVS9,2.526315789473684,2.526315789473684
R_3gM0VOqkxCiCtiJ,2.3421052631578947,2.3421052631578947
R_3QS1DiP2ubF1UoO,1.5526315789473684,1.5526315789473684
R_1MK8cP9OwdRBmww,3.1052631578947367,3.1052631578947367
R_6nS1uPe848Cf6et,2.8684210526315788,2.8684210526315788
R_2TLV08niNsG7J8p,1.6842105263157894,0.7894736842105263
R_1HpcEUcaESfAhlI,1.7837837837837838,1.7837837837837838
R_XMvsOwj1Wvx0Pv3,1.8611111111111112,1.8611111111111112
R_1qUl86GxgHqEz86,1.7777777777777777,1.3333333333333333
R_vYwC1WQ5stM3gLn,2.3947368421052633,2.3947368421052633
R_2tbc6OneJJFvhmW,2.3783783783783785,2.3783783783783785
R_3JmwVdLGswPiI5F,2.269230769230769,2.269230769230769
R_10HltU4JQnIF53s,2.3947368421052633,2.3947368421052633
R_3FRuZ8tZShcx8rq,2.3947368421052633,2.3947368421052633
R_2Qxp5lkNDaKeU6B,2.0526315789473686,2.0526315789473686
R_1Ns8tYbkQOT9Jxl,2.40625,2.40625
R_ZxjExzS7kjPOAlr,1.9189189189189189,1.9189189189189189
R_XHCPKsjIKlCt4JP,2.6486486486486487,2.6486486486486487
R_1mL87trW9hRv9Bc,2.3513513513513513,2.3513513513513513
R_SDbQq4UpR3HOqvn,2.8484848484848486,2.8484848484848486
R_oZBhCou1VdK7qlX,2.6578947368421053,2.6052631578947367
R_2QoAkDDoTpjhF7S,2.4210526315789473,2.4210526315789473
R_2VrnkamAcOiWen2,2.3157894736842106,2.3157894736842106
R_2xJmnYQuFfBUGzp,3.1578947368421053,3.1578947368421053
R_1i3R8JarQGDS1kK,1.7575757575757576,1.7575757575757576
R_qJT1wamfGZexJ2p,2.3421052631578947,2.3421052631578947
R_AG2VqG3r8pRk8X7,3.0,3.0
R_3qjNy2aqK7rE5z5,2.6842105263157894,2.6842105263157894
R_2VI3psLsR9uXfyA,1.2916666666666667,1.2916666666666667
R_d0bL3FBuiZ1iiR3,1.65625,1.65625
R_1LetqgwxajObXhw,2.25,2.25
R_3JC2LrUuuW6xgMX,3.1578947368421053,3.1578947368421053
R_Uh9zBQU3LQ3yYYF,1.875,1.875
R_RqLY21foeNtGINj,2.909090909090909,2.909090909090909
R_SYGslfn0bKwlkbL,1.9696969696969697,1.9696969696969697
R_3PsJZU5vZDEDw0f,2.4473684210526314,2.4473684210526314
R_3HhpYBiQU80l7uo,2.4054054054054053,2.4054054054054053
R_2s57RnD75wanLls,2.263157894736842,2.263157894736842
R_43cS4Vrwz5V2Gdj,3.32,3.32
R_1QLNQRqVwa8YwUG,2.289473684210526,2.289473684210526
R_3p5SN63Y4OcCHO6,2.0277777777777777,2.0277777777777777
R_p3DEQdZ2MQzKhsR,2.2195121951219514,2.2195121951219514
R_3EKKf33P1uK6tBl,1.829268292682927,1.829268292682927
R_3nfuj8E4C0PvesJ,3.0,3.0
R_12bQxpHzfZNeAvv,2.2195121951219514,2.2195121951219514
R_SVJYAHvirTGvjMd,3.1219512195121952,3.1219512195121952
R_1K9Y7wiiBON16ci,2.4878048780487805,2.4878048780487805
R_BG5kVGaOehatGQF,2.682926829268293,2.682926829268293
R_2R1G8ibkIf0zAKk,2.024390243902439,2.024390243902439
R_1NCTjmRBKLE1gtI,1.4,1.4
R_2s0x1k3qeQqkbxy,1.829268292682927,1.829268292682927
R_1CqCDQGbTJx5oTy,3.05,3.05
R_3n8cQ6791wPQskY,1.8780487804878048,1.8780487804878048
R_1GPsOakYkJ2pq4E,2.675675675675676,2.675675675675676
R_2D7SaqTVoEUVXqy,3.5,3.5
R_3aSM6z3MOwGwMzD,3.707317073170732,3.707317073170732
R_29uhHLFFbq7WO7C,2.8292682926829267,2.8292682926829267
R_1hZqHnPU7dw6u9W,3.048780487804878,3.048780487804878
R_3F3dboGX6yEw0Cd,2.341463414634146,2.341463414634146
R_1DqY3suzcmjXkoA,2.861111111111111,2.861111111111111
R_2xQxePpMgPO8Y6p,2.951219512195122,2.951219512195122
R_3RgyxgWvZBV1ovk,2.682926829268293,2.682926829268293
R_vdalsFGuROTIjpn,2.7027027027027026,2.7027027027027026
R_9vInJWuOWYlbBsJ,1.4857142857142858,1.3142857142857143
R_3dWUyg6IzO1Q0KM,2.914285714285714,2.857142857142857
R_3JkJJVuOvcHg2O6,2.875,2.875
R_79uLePIGeRPkcg1,2.2285714285714286,2.2285714285714286
R_2f9WfFdMqvKsEG9,1.7428571428571429,1.6857142857142857
R_0oom44vlGAGMruN,3.206896551724138,3.206896551724138
R_2uvwjpETUtCpmgg,3.0606060606060606,3.0606060606060606
R_3Hq5sPuhWfiSzgy,2.742857142857143,2.742857142857143
R_SAAz80gbumY2Ig1,3.4285714285714284,3.4285714285714284
R_29tgoZWNKQeQA3B,2.257142857142857,2.257142857142857
R_1f2TlrnIAshxR3l,2.857142857142857,2.6285714285714286
R_2agacMAWHQdvoaS,3.1142857142857143,3.1142857142857143
R_3mgC4sgbDEwzOQv,3.0,2.7142857142857144
R_qRsR7C2Yt5UiuXL,2.7142857142857144,2.6
R_2uCyjLcQlCawTOr,2.9714285714285715,2.9714285714285715
R_1lcMzgdW3iwNkPl,3.2857142857142856,3.2857142857142856
R_0fC005uI6zelQXf,2.9714285714285715,2.9714285714285715
R_3oBGtSUBjRnaRSo,2.3125,2.3125
R_1msfw8SEkKqjWAO,2.7058823529411766,2.6470588235294117
R_2uwVXHxMvTeKdJQ,1.6285714285714286,1.457142857142857
R_31yC7pok2vIBcXL,3.3333333333333335,3.3333333333333335
R_4MVtYlO5TW1voxb,2.0294117647058822,1.8529411764705883
R_3HSnO6ab3aPToHa,3.5142857142857142,3.5142857142857142
R_3fMJO3qEjMcxaAF,0.8857142857142857,0.6571428571428571
R_2AL7KUKrDyIap0t,2.393939393939394,2.212121212121212
R_1k04kRX2w7BbUEw,2.657142857142857,2.657142857142857
R_3g7ce1xb4BAJ1YV,3.3548387096774195,3.3548387096774195
R_3rTYZGThItlGt2h,2.4615384615384617,2.4615384615384617
R_TcpeXNw2O2S6P5f,1.8285714285714285,1.8285714285714285
R_33fNgFbVqfSgT5c,3.235294117647059,3.0588235294117645
R_1jqYNcmJ690NojD,2.090909090909091,2.090909090909091
R_z0AkIzNIztr9jfb,3.0285714285714285,3.0285714285714285
R_tZ25FFYGwEC0U5b,3.742857142857143,3.742857142857143
R_1jJ5nUvqmUTAq7Q,2.8,2.8
R_x3LrBLfyaTfnjdT,3.2,3.2
R_3imcnQxZT7WdxWo,3.225806451612903,3.032258064516129
R_1MuUFneQS24pNx7,1.6,1.542857142857143
R_Ug4cUGyONaBJG81,3.1666666666666665,3.1666666666666665
R_23fosG1ANmfOKnK,2.911764705882353,2.911764705882353
R_2zBhszzHIdni6UX,3.4375,3.4375
R_5ojV8QCpEVKMFtn,2.3255813953488373,2.3255813953488373
R_2q1SIX8LbnQmFIR,2.275,2.175
R_ApTjxdSe55HyhRD,2.317073170731707,2.2195121951219514
R_AL3r6kb4i45M0vL,1.6511627906976745,1.6511627906976745
R_2UXXtSvmrNUHe0P,2.3055555555555554,2.3055555555555554
R_plOIlE2WidAlEuB,2.0697674418604652,1.9767441860465116
R_10YIaqaYaDYaLzD,2.7906976744186047,2.7906976744186047
R_22Q4FfTuRdqqhaj,1.2093023255813953,1.1627906976744187
R_C1RqxGJU52bzjzz,2.0,1.8604651162790697
R_1MSvQUyzk3ne18n,2.588235294117647,2.411764705882353
R_6GrS2nQFKagybDP,2.2790697674418605,2.2790697674418605
R_2dYpovhCLQEPuKB,1.65,1.5
R_4ORieLFihtnLyXn,2.558139534883721,2.558139534883721
R_1kOAHxxLGjZIgMC,3.1627906976744184,3.1627906976744184
R_2uqeBoDRScbW3d0,1.8837209302325582,1.7906976744186047
R_2xwLmeDd2gev5jO,2.441860465116279,2.441860465116279
R_8c6RXOMDIrJrmJH,1.813953488372093,1.813953488372093
R_BrCBYGEq8biSzol,1.9767441860465116,1.9767441860465116
R_pav3hxdCe73TOj7,2.046511627906977,2.0
R_1JUyAi0yPrcnEFc,2.6,2.6
R_3KCJYd3vDK3ePPE,3.0930232558139537,3.0930232558139537
R_Og8IeDwoQgqfusp,2.2972972972972974,2.2972972972972974
R_1IsAdoo3iD8UQo2,0.9117647058823529,0.8529411764705882
R_1pyWlOTz6gRkfHD,2.0588235294117645,1.9411764705882353
R_2uZL8xiygrFyXtO,2.71875,2.71875
R_Ab1v68UVpcCyF5n,3.264705882352941,3.264705882352941
R_12Kdw0CKKDCsTc1,3.257142857142857,3.257142857142857
R_1DoJ0nwvdwuE4f4,3.0294117647058822,3.0294117647058822
R_2WBk44562eRhGYF,3.909090909090909,3.909090909090909
R_5C1438cm29oh8gF,2.2941176470588234,2.2941176470588234
R_qPcqpL3tMJqZgnn,2.142857142857143,2.142857142857143
R_3PKXARABW4DEs3j,2.264705882352941,2.264705882352941
R_3iq0hDxOy2Y1hbw,2.8,2.8
R_2s4O8V4skMwTDtw,2.0,2.0
R_1LXzdSt9xxLfhac,2.4705882352941178,2.4705882352941178
R_3KqM8kCLgno29PO,2.5714285714285716,2.5714285714285716
R_30eFOZOE34IJbf7,2.0294117647058822,2.0294117647058822
R_2xMmBZN31hFdMZr,1.9705882352941178,1.911764705882353
R_1gpFppP7UdftHae,2.942857142857143,2.942857142857143
R_UxXEB35ZFoqteIF,3.6296296296296298,3.6296296296296298
R_5BDrlfE1R57f8WZ,2.272727272727273,2.272727272727273
R_Qi9GYl6BmW50toJ,1.8518518518518519,1.8518518518518519
R_3psxH0rpPeWjI5f,3.1578947368421053,3.1052631578947367
R_bOuaTgFfTeELx61,2.8157894736842106,2.5526315789473686
R_12zmMtcTxt8tf3m,2.5172413793103448,2.5172413793103448
R_2gwbXUUQ9Cxwmn7,2.0,1.631578947368421
R_26bzkM2pK9nzZq5,2.9166666666666665,2.861111111111111
R_T7LYtfi1EneLrgJ,2.0,1.8421052631578947
R_2B5sV44TG0SryUn,2.8055555555555554,2.638888888888889
R_2QR3id0DfXNADqg,1.894736842105263,1.6842105263157894
R_24AC3KAckeSSlKX,2.289473684210526,2.1315789473684212
R_ym67XDShYNn0b6h,2.5428571428571427,2.5428571428571427
R_1lbhxwRj0Sa086G,2.5185185185185186,2.074074074074074
R_bNlnZGS3M4oq1MJ,3.0,3.0
R_1oqk40NjRCKw0Bf,3.064516129032258,3.064516129032258
R_2E3GZiRRQG8w9n3,2.5405405405405403,2.5405405405405403
R_UPWqHri9I7155kd,3.763157894736842,3.763157894736842
R_1gIIEryhUjvrJF7,2.289473684210526,2.1315789473684212
R_3MDVt9k1w39vvmv,2.4473684210526314,2.4473684210526314
R_WjPDJAR00jlkRTb,2.5,2.3947368421052633
R_125C5r6hQ4GFVKt,2.710526315789474,2.710526315789474
R_1mwNJU5vsBETcdN,2.263157894736842,2.263157894736842
R_10vZrpyWEijiGX6,1.9210526315789473,1.7105263157894737
R_2nKbL4AS7yUT8xr,1.7837837837837838,1.6216216216216217
R_3gS0gq5nLzieR5K,2.2,2.142857142857143
R_2qdTLHigT1GvNl9,2.9696969696969697,2.9696969696969697
R_b9klIvCujXPoiml,2.085714285714286,1.9142857142857144
R_1exeqrbfidefIUr,3.0606060606060606,3.0606060606060606
R_1q9PM9GHmRFII6k,2.7058823529411766,2.6470588235294117
R_2rqj3VyLTtbSmmg,3.342857142857143,3.342857142857143
R_DTucgVc5vZMKHf3,2.911764705882353,2.911764705882353
R_3P6nZzlE2NwdyAR,2.142857142857143,2.142857142857143
R_323XybOdcs05MFN,2.7941176470588234,2.7941176470588234
R_23ahKt2rCMimNlz,3.5714285714285716,3.5714285714285716
R_3qIJwEJOTx9CEoh,2.857142857142857,2.857142857142857
R_tEbaXE2DRQIb1V7,3.0285714285714285,3.0285714285714285
R_qPVYB9D7888N3VL,3.085714285714286,3.085714285714286
R_1kNwd5EiKoYhUD8,2.2580645161290325,2.193548387096774
R_3qU48uCepvzWqK4,2.5142857142857142,2.4571428571428573
R_3COe2YG5VnKE9b6,3.5588235294117645,3.5588235294117645
R_1OVNNSSIzj50kZH,3.6285714285714286,3.4571428571428573
R_1gFvQeUd7vdFHIs,2.8,2.8
R_1C3CBOR28snn7Sd,2.8285714285714287,2.8285714285714287
R_2wiy1iEqZ1Tvs0a,2.4705882352941178,2.411764705882353
R_1BQvedPYC6Az0cW,2.1142857142857143,2.1142857142857143
R_2UcqUZg5kTgcIVH,2.857142857142857,2.857142857142857
R_2wuc7dDp2au0BzC,3.193548387096774,3.193548387096774
R_xDYkor6L53dLnXz,2.6,2.6
R_TuQAcWBk9sD7zJ7,1.8108108108108107,1.4864864864864864
R_3LaT34Ju4vVludC,2.9210526315789473,2.9210526315789473
R_3jcfFKFIHJNV2Cf,2.8157894736842106,2.763157894736842
R_yOWYuV8Oq5hLzPj,1.763157894736842,1.4473684210526316
R_2zOveGk0hMBaUoK,2.6842105263157894,2.6315789473684212
R_2ZOhc9OcLPfli3p,3.085714285714286,3.085714285714286
R_2tu3mcaxg1noyp5,2.4210526315789473,2.3157894736842106
R_3Ey7qW3fo46rBJk,0.7894736842105263,-0.05263157894736842
R_3KSEU78CsuENZNs,2.2972972972972974,2.2972972972972974
R_AFCAbTQHoX9TtsZ,2.6176470588235294,2.4411764705882355
R_WqS0cByZ3GKHA9H,2.4324324324324325,2.3783783783783785
R_cCOQGrsKGKStO5X,2.8857142857142857,2.8285714285714287
R_2tePMLQud7H8bYe,1.6571428571428573,1.1428571428571428
R_1BVl1E11Wi3jdpO,1.1578947368421053,0.3157894736842105
R_3O6Liz40nOB3YUo,1.4473684210526316,1.1842105263157894
R_1ImcJwHMDKIsD9O,3.210526315789474,3.210526315789474
R_1PeeXtsyVRvjXwn,2.0526315789473686,2.0
R_x9RcCsaTGec9YUV,3.3421052631578947,3.3421052631578947
R_3r3cd7vgJNCYHuz,2.3783783783783785,2.108108108108108
R_2dosj73le47jFnB,2.263157894736842,2.0526315789473686
R_3iWgtPM0n6Q3xP8,2.3157894736842106,2.1578947368421053
R_AMNgUcbi25lCEQV,3.081081081081081,3.081081081081081
R_2YQvnc2z6jlEGwe,2.21875,2.03125
R_3CPIB9Qk0GrcyyW,2.2666666666666666,2.1333333333333333
R_2rMGF3hIl6lMpD0,2.263157894736842,2.0526315789473686
R_2rYJIPWTvnCXmXc,2.7567567567567566,2.7567567567567566
R_1H2y6zxuZkmdInk,2.9473684210526314,2.9473684210526314
R_1Dur34ykcsGjhDP,3.289473684210526,3.289473684210526
R_3KDgB98ei6fyTwJ,3.3421052631578947,3.3421052631578947
R_06w1AH73d5x2rER,3.3421052631578947,3.3421052631578947
R_29c9swnfN9RyiCd,2.5,2.3421052631578947
R_2Cpku6BXZDq3Fe1,2.473684210526316,2.4210526315789473
R_1hLKm2wuKOdlhTE,2.5,2.5
R_30rdXnoX3eR3Cc7,3.3157894736842106,3.3157894736842106
R_da5rxwF21ZjIFCF,3.0,2.9473684210526314
R_1jvuIMEz6lXeGr2,2.4473684210526314,2.4473684210526314
R_32XZzoCbmXjfI9q,2.3421052631578947,2.236842105263158
R_1LTeV3DxAkxQhdH,2.0,1.837837837837838
R_vpEuyv63LdbtStH,2.736842105263158,2.5789473684210527
R_2aXiADWZkdoecmd,2.1142857142857143,2.1142857142857143
R_1kRM5FqzngIulgZ,2.9444444444444446,2.9444444444444446
R_10C3ZsXg2J7iOIM,1.9428571428571428,1.8857142857142857
R_QmPvgPdd0Ql5ixj,1.6944444444444444,1.1944444444444444
R_3MKIYQv2W7F9XCv,1.3243243243243243,1.1081081081081081
R_2zM7mMfnz3SYBZa,3.5789473684210527,3.5789473684210527
R_1GTbCHcHzxOrbQk,2.4473684210526314,2.3947368421052633
R_1QiwcG1vvJlmiJs,3.054054054054054,3.054054054054054
R_1DV8E1BlFns9Jwl,2.973684210526316,2.973684210526316
R_2wnUKs7bTLD5NM6,2.3684210526315788,2.3684210526315788
R_6G1TWdhlmClNUHL,1.6216216216216217,1.4054054054054055
R_2ZUZfDSk6XtLQ9N,1.4736842105263157,1.263157894736842
R_1hZsvfknL7xoxO8,2.473684210526316,2.210526315789474
R_1daEmfaaaK872PV,2.6052631578947367,2.5
R_zZ67osfC5WcuIgx,2.4242424242424243,2.242424242424242
R_1Oy6xRD7mEum9yU,1.605263157894737,1.236842105263158
R_5on7iXNnlnBw3SN,2.5,2.3421052631578947
R_2VKEvb1mohGbXAB,2.1842105263157894,1.9736842105263157
R_2PbXzyC2Si64VFz,3.6315789473684212,3.6315789473684212
R_82BSYqZ7vgLXgJ3,3.6052631578947367,3.6052631578947367
R_3m2V3bJ3Fp65ngU,1.9714285714285715,1.6285714285714286
R_xgQbE4tgTRr7Rp7,2.289473684210526,2.026315789473684
R_3GrALAiMqFO18md,2.1842105263157894,2.026315789473684
R_3GBw4pOOVR6t6jU,3.1052631578947367,3.1052631578947367
R_3O8ibnLOLAQFaMi,3.3823529411764706,3.323529411764706
R_30jH5GtrHe6Sy0c,2.3421052631578947,2.1842105263157894
R_33dMLjn5EhBYuIm,1.7941176470588236,1.7352941176470589
R_2BtXaUffdHCqwlR,1.6,1.4857142857142858
R_3CPLIKScHOARFf3,1.4,1.3428571428571427
R_us695MM07kr5Tod,2.9714285714285715,2.9714285714285715
R_27mo6KRl8HHXIGK,3.085714285714286,3.085714285714286
R_2Si9FFzyVMaUFRC,1.935483870967742,1.935483870967742
R_2tDO5rmrBtoIGuE,2.1714285714285713,2.1714285714285713
R_10IOdFjG0tYTR0w,3.4,3.4
R_1rlcRxmFeYq6Db5,2.411764705882353,2.411764705882353
R_3IT9YOLl4IewFtg,2.4857142857142858,2.4857142857142858
R_2Ppo4zF5zuMWguR,1.4242424242424243,1.3636363636363635
R_1GZ8Z5B3V0NicFY,3.0303030303030303,3.0303030303030303
R_rkIcVvwn2hOQ705,1.9142857142857144,1.9142857142857144
R_3dDHJKvHMh6eq1c,2.342857142857143,2.2857142857142856
R_27wfxg3yL4Qb1sG,3.2,3.2
R_217oyL8LcLMdN21,2.1714285714285713,2.1142857142857143
R_30dd4DnrdEQx55z,2.8285714285714287,2.8285714285714287
R_UH1IxhssudqL51D,1.4,1.3428571428571427
R_2EsfspvnIiAuAdD,2.257142857142857,2.257142857142857
R_6J5F42CgbweIEeZ,2.2903225806451615,2.2903225806451615
R_3FLjYbhK7HREDHw,2.1142857142857143,2.1142857142857143
R_3OoXKc730oZVDxG,3.2285714285714286,3.2285714285714286
R_0xO5bDc5JevlcgF,1.8,1.8
R_Djxw7F85akZUy5P,2.8285714285714287,2.8285714285714287
R_2EgTeQNzWCsmoSc,2.1470588235294117,1.911764705882353
R_1OIXxHiCjMJdvhq,1.3636363636363635,0.9393939393939394
R_1cTWb7Py2UKIGjm,2.6206896551724137,2.413793103448276
R_DFPZz3mFqRuFVDP,2.9705882352941178,2.9705882352941178
R_3dLi8W9ZC9itLd3,2.21875,2.09375
R_1DGQfOTdVaAU0JE,3.323529411764706,3.323529411764706
R_2WD5TBS410gxdrA,2.411764705882353,2.235294117647059
R_2pYukkdwahihlon,2.3529411764705883,2.176470588235294
R_2DZzQ0QbZTId5ao,2.96875,2.96875
R_3oHIWOIdy7ehCaP,1.1176470588235294,0.7647058823529411
R_1OZgLZMmJn7yhtN,2.4705882352941178,2.4705882352941178
R_2B3Y42IzvYv5nND,1.5172413793103448,1.4482758620689655
R_20MaNd55QhRlrvw,2.2903225806451615,2.161290322580645
R_2dvjgaaifM8ue6a,1.5588235294117647,1.3823529411764706
R_24nOxo0uGu99eNp,2.0,1.8823529411764706
R_piou4uZOfPUU1up,2.1470588235294117,1.911764705882353
R_2OTQPixbdUSsq4f,1.9655172413793103,1.4827586206896552
R_2OVZHKNu0UUS81d,1.8235294117647058,1.7647058823529411
R_2uwBb8Re7bbVor9,2.0294117647058822,1.6176470588235294
R_3CCpqifzugvRu7A,2.8529411764705883,2.8529411764705883
R_30cVnQBHVNz1mOB,2.2580645161290325,2.129032258064516
R_3s0wxo5g5loQJ63,1.0333333333333334,0.7666666666666667
R_3qli4ucbZw3Jzi1,2.6451612903225805,2.6451612903225805
R_2CWmYAp70pjZpmO,2.6470588235294117,2.6470588235294117
R_2w02zeurVHUT5Sl,2.6285714285714286,2.6285714285714286
R_3JaD7iZ3Ro9JbtG,2.433333333333333,2.3666666666666667
R_29tqOCNKOMGP88M,2.085714285714286,2.085714285714286
R_5vwJAJHSfeLB02Z,1.5142857142857142,1.3428571428571427
R_DzWeM4AKz76sfg5,2.342857142857143,2.342857142857143
R_3fwlYJBcC6GtFSN,1.6571428571428573,1.542857142857143
R_vJMcN5y1vDByEWR,3.742857142857143,3.742857142857143
R_9LBvWSpVvmxtXVv,2.7142857142857144,2.7142857142857144
R_7UTSAnK5nkGu0kV,2.7941176470588234,2.735294117647059
R_2154VfXLH4HcgAv,2.7419354838709675,2.6774193548387095
R_2qqLdMLFEwvQEAI,2.5757575757575757,2.5757575757575757
R_3rGSDmnhuMEyoqA,3.3714285714285714,3.3714285714285714
R_0uCz9edSlreQoRH,3.742857142857143,3.742857142857143
R_2DTbx9uf4j6oyqQ,3.0285714285714285,3.0285714285714285
R_1pniIyYlkHYigBo,2.4705882352941178,2.4705882352941178
R_3MutwSzdnQycz2m,2.085714285714286,2.0285714285714285
R_Qox6QVIFpz0sHhT,2.5142857142857142,2.2285714285714286
R_2Qxoo4nwKo6gufR,3.1714285714285713,3.1714285714285713
R_2ARSmFbmqFnhoud,3.5757575757575757,3.5757575757575757
R_9B9rW7YWJebc06Z,3.066666666666667,3.0
R_2wgxOyAY6PZVGJa,2.5135135135135136,2.5135135135135136
R_1OCxoK5Qr4uIFC2,2.473684210526316,2.473684210526316
R_3RaysilyHSbTBOs,2.5,2.4444444444444446
R_12JCcGbFh48NCLe,2.9210526315789473,2.9210526315789473
R_3CPH2FqfoW5XSIJ,3.1578947368421053,3.1578947368421053
R_tGpjbuKghPlRyed,2.3421052631578947,2.3421052631578947
R_UX7LUwGXR4OQN8d,2.3157894736842106,2.3157894736842106
R_qvYVL1LSd1oMBwd,2.0,1.9473684210526316
R_2ZUFGE1PIfIAFsw,2.25,2.25
R_1MMRmmuGw8wsfWu,2.4210526315789473,2.3157894736842106
R_UKHMvHOShGjJCcV,1.5555555555555556,1.5555555555555556
R_9NQJYFU0YrqxdgR,2.5135135135135136,2.5135135135135136
R_voj2i80kmxVoJrj,1.5161290322580645,1.3225806451612903
R_6sw8uVvckR4Ge41,2.6842105263157894,2.6842105263157894
R_2s5u4Zmkba7Zeri,2.4210526315789473,2.3684210526315788
R_2WA1AcVHRas2pLE,3.1818181818181817,3.1818181818181817
R_xc2NgnhtJfGekxz,3.5526315789473686,3.5526315789473686
R_PtRMaTmjH6nIFq1,2.2432432432432434,2.2432432432432434
R_3D5XQe6aEKRajLI,2.526315789473684,2.210526315789474
R_2ypFTlg0JjxAs3g,2.9210526315789473,2.9210526315789473
R_ONG1XMy8gwbMa4N,1.8421052631578947,1.736842105263158
R_3RmAux3MBYnYbV2,3.5526315789473686,3.5526315789473686
R_UPHIWcoitK5ZfCF,2.27027027027027,2.27027027027027
R_1GvIY7ZU6Tm8myp,2.263157894736842,2.263157894736842
R_1n6enuzf8YqxOsj,3.6052631578947367,3.6052631578947367
R_Z2D5z7HW32wBfgd,1.7105263157894737,1.5
R_8D5OghPhXsUjJWp,2.473684210526316,2.3684210526315788
R_sYIa2LARVDS8Hsd,2.066666666666667,1.9333333333333333
R_1nNukdsboGIiHsK,3.1944444444444446,3.1944444444444446
R_1dsNMkiWn48CTXH,2.3421052631578947,2.289473684210526
R_r8OrxebuxUOFAEF,2.1842105263157894,2.1842105263157894
R_2xQ4qfUgwKLJ5Ii,1.0285714285714285,0.7428571428571429
R_1K90oNoACgnWFoz,1.7567567567567568,1.2702702702702702
R_1ILypORo5wsPaIc,2.1315789473684212,1.9210526315789473
R_27B5Fjox2yXvP9w,2.6153846153846154,2.4615384615384617
R_2Sw2bbaHHWrDdoL,2.5,2.388888888888889
R_2ARP3J4Lk7j6sQM,2.75,2.75
R_UcfdsBPwarQGPrr,2.8823529411764706,2.8823529411764706
R_3CTs38Hy7E55Zr3,2.8947368421052633,2.8421052631578947
R_33BCSJwYxS01Goq,2.736842105263158,2.5789473684210527
R_1hG5gPt3Epbcr6e,3.6578947368421053,3.6578947368421053
R_SBretuOfwP4SnuN,3.3448275862068964,3.3448275862068964
R_2EuD6A2Q5y2kJB1,1.894736842105263,1.5789473684210527
R_1imOAFqAQVmLIMj,2.289473684210526,2.289473684210526
R_bvyhtgu0vnaIDAd,3.054054054054054,3.054054054054054
R_1H1Rpd6aJ2EBk2U,3.4761904761904763,3.4761904761904763
R_3Htvw6oFY7RRaRD,3.1315789473684212,3.0789473684210527
R_1QGeMJUjiy8gb5W,2.973684210526316,2.973684210526316
R_2rGWkfEsCMmZfCp,2.5142857142857142,2.342857142857143
R_3fuYsBv0LfLsCNs,1.0588235294117647,0.29411764705882354
R_2rSgWsnPOq1oCAO,2.4411764705882355,2.4411764705882355
R_1NhldqGeNrdnaDl,2.8125,2.5625
R_3n8Xv4kNRXo6ZlT,2.3529411764705883,2.2941176470588234
R_3FLGPFX3qViWjt4,1.8857142857142857,1.542857142857143
R_2QlhcqyR3rCFRMq,2.1515151515151514,1.9090909090909092
R_3qfFMbE0vitFW5S,1.5142857142857142,1.2857142857142858
R_2xzTf8p5I01zCA4,2.7142857142857144,2.7142857142857144
R_blTI0JVRlfuHMGJ,2.838709677419355,2.6451612903225805
R_1AqGB6tNSlXoyjf,2.5806451612903225,2.2580645161290325
R_2riGBNuvBL6ir8z,3.1142857142857143,3.1142857142857143
R_31yJwaWdHZUJf3C,2.5714285714285716,2.5714285714285716
R_tG4J5TfjOOsxwLD,2.257142857142857,1.9714285714285715
R_ZKTGIHXLIDYeLjX,2.4827586206896552,2.413793103448276
R_3isdwBoXfDDArvt,2.342857142857143,2.2857142857142856
R_XOoTrS1AA1lftdL,2.272727272727273,2.1515151515151514
R_3HS6gYkbLVe3oSt,2.657142857142857,2.5428571428571427
R_2ZUIFSb8A2izfyk,2.1470588235294117,1.9705882352941178
R_03zHCPW7jmu3zUt,1.542857142857143,1.2571428571428571
R_3lxdkA8n8xJP9ze,2.342857142857143,2.342857142857143
R_1K8VIFfejYPtNZ8,3.057142857142857,3.0
R_1j70tYP9NBBnuqT,1.46875,1.28125
R_3kLjgmdwkx6pru7,2.4827586206896552,2.413793103448276
R_pSEKHuT8BGkZ2Sd,2.78125,2.78125
R_1FkVbPay4Z9807n,1.75,1.75
R_2WUadBE8WFCEhwv,2.032258064516129,1.903225806451613
R_2ZP3tpwiIYB2iX6,2.676470588235294,2.6176470588235294
R_3EaszMFFyYmFaTO,2.914285714285714,2.914285714285714
R_1cVaeAsoPdd1P4E,1.9714285714285715,1.8571428571428572
R_3slfY2aZGdROOn7,2.8,2.742857142857143
R_9oanSkiUXmFCpMt,2.1875,2.1875
R_1dhk2AxvIDNPvQV,2.057142857142857,2.0
R_31KM16NQ5pwT3zR,2.0,1.9393939393939394
R_302elAcxH5xf2DP,2.8620689655172415,2.8620689655172415
R_23eJm2pjU0Y25ZB,2.9714285714285715,2.9714285714285715
R_1hGzYOBe82Ck1Dw,3.5714285714285716,3.5714285714285716
R_2QPQDA2R0usGOng,3.206896551724138,3.206896551724138
R_cPd3KxVhDErUJHP,3.0,2.8
R_RmArJYEHiY74upH,2.2857142857142856,2.2857142857142856
R_2vhULtfQCx2trJf,3.2285714285714286,3.2285714285714286
R_OvgkqZ1VCLJCzlv,3.142857142857143,3.142857142857143
R_4HEaXbKuhPsI6d3,3.25,3.25
R_3lxEAFAHO0i2Qlw,3.342857142857143,3.342857142857143
R_2EEk4NT3k7tqHRd,3.2857142857142856,3.2857142857142856
R_1KvuAbCD2Ja4HiK,2.5161290322580645,2.5161290322580645
R_UH00jSGLr57RgZj,2.5294117647058822,2.411764705882353
R_2WCK1j5XJBRTarQ,2.588235294117647,2.588235294117647
R_2uHVQUjsqdYY2mv,2.235294117647059,2.176470588235294
R_esqubT8ZIt9RjH3,2.064516129032258,2.0
R_qz4Cekxtd1rrFmh,2.4516129032258065,2.4516129032258065
R_3PpGYQKN465eoQf,1.3793103448275863,1.3793103448275863
R_2ctcLITx7EUb8VH,3.212121212121212,3.090909090909091
R_vfymm0PLYWXVV1T,2.2058823529411766,2.1470588235294117
R_WCf0iHBB66ZrkNr,2.4838709677419355,2.4838709677419355
R_2zMWvGXttQ4XzHd,1.8181818181818181,1.696969696969697
R_2doSxNZtbyP8rDY,2.36,2.36
R_AvWxWG5sQTotJ0l,2.242424242424242,2.242424242424242
R_3LX79Bo2GIi7s0O,2.4705882352941178,2.3529411764705883
R_p0p2NARTogyJmwN,2.0606060606060606,2.0
R_1mRA0uURdioaNBV,1.911764705882353,1.911764705882353
R_ZyjhV12IeFqovYZ,2.2941176470588234,2.235294117647059
R_Wd2nwn0AvVTz3ep,2.0,1.7647058823529411
R_2OIq4glMO3qOMJz,1.7575757575757576,1.393939393939394
R_23ZC1gnvjnMXeC5,2.588235294117647,2.588235294117647
R_qDsMepz8hr0rZLz,1.7419354838709677,1.7419354838709677
R_25FUvBp1xfr7JJA,3.0294117647058822,2.8529411764705883
R_XnP8uFkjumFVVzr,2.0,1.9393939393939394
R_3e3amHkcC0GRUaF,2.257142857142857,2.0285714285714285
R_1lxyqYgghel0Vty,2.303030303030303,2.303030303030303
R_1GBJWWUT0gFQo9V,3.4285714285714284,3.4285714285714284
R_2TmF3AM88VbziEi,1.2857142857142858,1.0571428571428572
R_3L86rX3aWu7L4Vl,1.6285714285714286,1.5714285714285714
R_1HdIfOkAWUaBW1y,2.085714285714286,2.0285714285714285
R_12ndYOtbo1FY8E1,3.3125,3.0625
R_wZZfqrtQtxGlm4p,2.096774193548387,1.7096774193548387
R_BDNI1tcmyqpz8Yx,2.1142857142857143,2.1142857142857143
R_1NkKbDAvB6TfWGn,1.53125,1.09375
R_8J0URIdT3n9ozMB,2.1714285714285713,2.1714285714285713
R_d4i9hGfxtrTQfcJ,3.3714285714285714,3.3714285714285714
R_1pFrQcPUI3tnYJg,2.896551724137931,2.896551724137931
R_27vAAVTRGXzOW3A,1.7142857142857142,1.2
R_pKqxMzeyDXT6izv,2.1818181818181817,2.0606060606060606
R_SVsdWNFlDbytRLP,3.4285714285714284,3.4285714285714284
R_D5BBsCprZteTvnH,2.8181818181818183,2.5757575757575757
R_21pwrj4HkmGleuw,2.6,2.6
R_YVmIEHKaVmLXdQt,2.657142857142857,2.657142857142857
R_1eRez8oEY6HXdVO,2.176470588235294,2.1176470588235294
R_2TvBIAQiEynjSKQ,2.8484848484848486,2.8484848484848486
R_1pxlTx6T293ceYT,3.2,3.2
R_33qJNsjgST4dwGU,2.6857142857142855,2.6857142857142855
R_2UWNdASJN8dFFBQ,2.5142857142857142,2.5142857142857142
R_1qaqHKxHi8Dpk3m,1.8571428571428572,1.457142857142857
R_1gOOqCpT2rqic9S,1.7714285714285714,1.2571428571428571
R_3EciNc6mRmnPgKR,3.0,3.0
R_336UCzaKifLTssr,1.4285714285714286,1.2571428571428571
R_UW14ip0rvwj8jsZ,2.911764705882353,2.8529411764705883
R_2RVcgRyntzCMvLO,2.3333333333333335,2.2
R_3fVscHZzib9ju6a,2.8823529411764706,2.8823529411764706
R_3nSm76kaNqOKPwg,1.6666666666666667,1.6666666666666667
R_SHLf0GJ71FwKKvn,2.6666666666666665,2.6666666666666665
R_2sbzqa04SOiLXHT,2.5483870967741935,2.4838709677419355
R_2zDgvxs8CxOsxFc,2.5757575757575757,2.5757575757575757
R_UsgfiQzc2ZhULYd,1.2,1.0285714285714285
R_2uDwHg9WL6ljTzJ,2.5,2.5
R_3078jA1EPTmIxkB,2.2,2.142857142857143
R_1QhgzNQLcT1cpcn,2.5428571428571427,2.5428571428571427
R_3iNYXN9r0NLnHFy,3.5428571428571427,3.5428571428571427
R_2THkFtw1R0P4Y6V,2.1666666666666665,2.1666666666666665
R_1pKfrkeCVY1e1zr,1.9714285714285715,1.6285714285714286
R_3RlKsix2mo0wPgf,2.257142857142857,2.2
R_3NNU5qcQx6L9mmB,1.8387096774193548,1.8387096774193548
R_2dFLJsasePJ7aa0,2.0,1.9428571428571428
R_3feDtDVL3krFShC,3.074074074074074,3.074074074074074
R_3MJTicQGm0OWR92,2.3714285714285714,2.085714285714286
R_Q5PIgRqxlhRjvjj,2.108108108108108,2.108108108108108
R_10CNb5sRmpElYmL,1.894736842105263,1.736842105263158
R_1QPFGcqh3rlHpWV,1.4722222222222223,1.0833333333333333
R_29gJRTEtl3rK9f7,2.3684210526315788,2.3157894736842106
R_2sbwMli5E4O0Ufl,2.5357142857142856,2.5357142857142856
R_1mXie6HLhcpBpqB,2.9473684210526314,2.9473684210526314
R_2Ym1yWemE1yyWqE,1.393939393939394,1.393939393939394
R_27g2ozlz2WQ3XgR,1.4736842105263157,1.4210526315789473
R_2QFNdviJSOtlvnc,2.5789473684210527,2.473684210526316
R_8cVwqe0JFcWt95L,2.891891891891892,2.7837837837837838
R_3n2yqRVw5Hlbx0K,2.5757575757575757,2.5757575757575757
R_2ZHAv6oZQcQu33B,2.710526315789474,2.710526315789474
R_1NxBVkPKVoxVwR7,1.903225806451613,1.7741935483870968
R_2DLXo4TrzNz1KUz,2.4594594594594597,2.4054054054054053
R_5z5svvzgZVxN2jT,2.8333333333333335,2.8333333333333335
R_2YyT4jmMYJgEbDz,2.212121212121212,2.1515151515151514
R_1NsKDP8ZVTYHfkd,3.3157894736842106,3.3157894736842106
R_Y4vynyHmJr34bTj,2.1578947368421053,2.1578947368421053
R_22QvsRjXZRmPAOY,2.0526315789473686,2.0526315789473686
R_ZfQBWj707wb7RyV,2.5294117647058822,2.4705882352941178
R_28IexvMhPDR19AY,3.3157894736842106,3.3157894736842106
R_2CEc0uxFtAHR3PX,3.088235294117647,3.088235294117647
R_3k85PRBQx1O1Jsw,2.675675675675676,2.4594594594594597
R_29jehtqi8n6hoYC,2.135135135135135,2.081081081081081
R_WD2EMjjZwlYPdtL,2.2972972972972974,2.135135135135135
R_1GObAOnIBy5cs2O,2.3142857142857145,2.142857142857143
R_2bPOf5tnd5vuIl7,3.0526315789473686,3.0526315789473686
R_26lFR8siw8fAH0T,3.3684210526315788,3.3684210526315788
R_vIAjJnk92Kn9yU1,1.8285714285714285,1.8285714285714285
R_3JEDTAAFGVbWAVS,2.0,1.9428571428571428
R_1gwrYlZfR1YwEpF,1.5142857142857142,1.3428571428571427
R_3M5SJQhoflNd4aB,2.388888888888889,2.2777777777777777
R_Remb9iICL2QJovT,1.2894736842105263,1.0789473684210527
R_3HZXzsIzyzmYM8c,2.6285714285714286,2.6285714285714286
R_Orj7BTpHeYQpWLL,3.3947368421052633,3.3947368421052633
R_3Em2b5Irs40hZgR,2.4285714285714284,2.257142857142857
R_24Hmq5evGCnEkFd,2.2432432432432434,2.2432432432432434
R_p0Kmsbzzs6stmvf,1.6857142857142857,1.5142857142857142
R_2VJDG9MyaSPjDmk,3.1142857142857143,3.1142857142857143
R_2eVXASAwa60paJF,2.727272727272727,2.727272727272727
R_25yCzhm4PvrVs3w,2.264705882352941,2.1470588235294117
R_22PxsIV7UdLTsR6,2.5135135135135136,2.2972972972972974
R_1qfwBila76zpXN1,2.026315789473684,1.868421052631579
R_yKoZfiHOEnakUqR,2.5714285714285716,2.5714285714285716
R_1ghjpjpcdbbLvXY,1.7142857142857142,1.6571428571428573
R_2WU4Dqj1I7TUcnh,2.085714285714286,2.085714285714286
R_1dajjJYKmhJPz02,1.7297297297297298,1.2432432432432432
R_3hfrtO5B3oKoxjJ,2.9722222222222223,2.9166666666666665
R_AC0b4RpP38QcF6V,2.5526315789473686,2.5526315789473686
R_3DdVgJEnHJ7kWlA,3.1315789473684212,3.1315789473684212
R_BFm9KdMpfckf6Ex,3.2,3.2
R_qL8WnV4CR8Xwdyh,3.037037037037037,3.037037037037037
R_1opewwUCLgnOanI,2.3142857142857145,2.142857142857143
R_2e5a54XGrc8E5j9,2.057142857142857,2.057142857142857
R_zSI1AoFicWT6HYZ,3.189189189189189,3.189189189189189
R_9EPYuqtvfOoCAvf,1.868421052631579,1.763157894736842
R_1rrBBE54RvEbXal,2.176470588235294,2.0
R_3MfIR6gTk0CUURv,2.4193548387096775,2.4193548387096775
R_2Pu85mglZHjRJpG,2.90625,2.90625
R_2ZTZ1oBBEQc4vAJ,2.3055555555555554,2.0277777777777777
R_3KSDoEZ0PLySizN,2.53125,2.21875
R_1i29LnNO8anX3JP,2.4411764705882355,2.4411764705882355
R_2zCvPs8E1HRTURP,3.088235294117647,3.088235294117647
R_9yrxuE3Y7ksmhJ7,3.4705882352941178,3.4705882352941178
R_tGMVfZ8gfJPPmi5,1.4473684210526316,1.1842105263157894
R_1cZjlNZ1thR6aND,2.5526315789473686,2.4473684210526314
R_114x9rvCZ2Yn2a5,2.4722222222222223,2.361111111111111
R_3D6YjnPTttsoSH7,3.342857142857143,3.342857142857143
R_3a9ni09poNRUqxH,3.5428571428571427,3.5428571428571427
R_Tef4X47n6c4EzTz,3.7142857142857144,3.7142857142857144
R_306UkR8hwEjDGA4,2.3421052631578947,2.1842105263157894
R_2zpVA1R3E2JJ28U,2.8529411764705883,2.8529411764705883
R_23ZzAxLc88GSw4S,2.8684210526315788,2.710526315789474
R_C4aA8UOC0xQ0i0p,3.5161290322580645,3.5161290322580645
R_2f9gGNygpf8TT0L,2.59375,2.59375
R_3EJSPWkjMGhS3ea,1.303030303030303,1.0606060606060606
R_3kwiCRandNFmP5V,2.121212121212121,2.0606060606060606
R_1KqKJS9lu6j67Ii,2.515151515151515,2.515151515151515
R_2yl1gXE8zoM6Tcg,3.026315789473684,3.026315789473684
R_11WJEv8QhkbJMza,2.5,2.5
R_2xVGCEp2Ufe0QNy,3.6363636363636362,3.5757575757575757
R_3nAFRShabZAMxYC,2.5294117647058822,2.5294117647058822
R_27EgfHx1tCD2A9C,2.1666666666666665,2.1666666666666665
R_0dpAINcze7j1uIp,2.0,1.4705882352941178
R_sjNmHbxwRiyF9iF,2.8529411764705883,2.8529411764705883
R_eQCabAHZRCIDKpP,2.606060606060606,2.606060606060606
R_bxgHlvKEqQUAYpz,2.9705882352941178,2.9705882352941178
R_2Y8KJto3wWL4uWQ,2.242424242424242,2.242424242424242
R_WciwtQZPT9YMBax,2.0588235294117645,1.8823529411764706
R_2OSJguZJzFN1pJA,2.606060606060606,2.606060606060606
R_1hNlqPTiL7O5IBV,2.8,2.742857142857143
R_3IQSrdPm64jfYlu,2.657142857142857,2.657142857142857
R_11bgxyCloszL4Vt,1.6857142857142857,1.3428571428571427
R_3HH7PpYH7oQh41a,2.6176470588235294,2.6176470588235294
R_WkA7K0BlfdCEdiN,2.264705882352941,2.2058823529411766
R_3Nw897w4DsqHSBI,3.057142857142857,3.057142857142857
R_1n9nfAG4cW1ltou,2.823529411764706,2.764705882352941
R_vf4DCMSCQxupH7H,2.7714285714285714,2.7714285714285714
R_2zealrReSvIDCAH,3.4411764705882355,3.4411764705882355
R_2WCmqkZw3mdFHri,1.6470588235294117,1.588235294117647
R_3e3NYXmXEzCl5Le,1.6857142857142857,1.5714285714285714
R_21vawzx2mmxFZm0,2.2285714285714286,2.1714285714285713
R_2Qy46RVYOdF5Pfy,3.4285714285714284,3.4285714285714284
R_3mb40jeOQrPDE7b,1.606060606060606,1.5454545454545454
R_wZtgngcKRYuY8Yp,1.7352941176470589,1.6176470588235294
R_2qEo5llUrCscUmQ,2.4571428571428573,2.4571428571428573
R_2U3CzsBhLahDhZj,1.6176470588235294,1.4411764705882353
R_3P6stqnVq9tOvoC,2.6285714285714286,2.5714285714285716
R_3MJxo8hg7vCsLB8,1.903225806451613,1.903225806451613
R_2SIxtsCgvenEEk7,3.2941176470588234,3.2941176470588234
R_2bGVh8notnp0TDD,2.4857142857142858,2.4857142857142858
R_1dmqtzorHb7u6s4,3.7142857142857144,3.7142857142857144
R_3EX5TNH8ax9UVZQ,2.657142857142857,2.6
R_1mlbW2Ski2JTmuP,2.7941176470588234,2.7941176470588234
R_Tw1XLsTDieSj1Lj,3.5142857142857142,3.5142857142857142
R_1CCqBJ4MVeG57SM,2.4375,2.375
R_z0gpE6zTYUzK1hv,3.32,3.32
R_2ZPI1aa2BNcJsNP,2.942857142857143,2.942857142857143
R_OJOkIUtYHiJAcxz,3.2,3.2
R_tRvlOEX5j3GXmXT,2.5142857142857142,2.5142857142857142
R_2QujsIFEtZtItkt,2.1333333333333333,2.1333333333333333
R_31o3ZirEiMo7Uje,2.7714285714285714,2.7714285714285714
R_2wAdkmAeMOm1tPZ,2.342857142857143,2.2857142857142856
R_1Cf3kUdfww3vBeV,1.7714285714285714,1.7142857142857142
R_2wvEpay6hgDwp5i,2.3142857142857145,2.3142857142857145
R_2ttV1GT9T2BxEVy,1.4857142857142858,1.4857142857142858
R_9meBV3Gr5hjsQ7f,2.8275862068965516,2.8275862068965516
R_300LdxRvW8HWuyz,2.6,2.6
R_2OGrnZKEpWclet6,2.0303030303030303,2.0303030303030303
R_2VDBr0Wk33ZkdMh,2.026315789473684,2.026315789473684
R_3oAEco3SSCsv8mH,2.6052631578947367,2.6052631578947367
R_3j7BflcXTIeURXo,2.7419354838709675,2.6774193548387095
R_20VabABa66FgWBd,2.473684210526316,2.4210526315789473
R_1ifEMLfdW3bwHZa,3.026315789473684,2.8684210526315788
R_2VyahebZrQusBvn,1.5,1.5
R_2rqJR2OdzHMPOH8,3.4210526315789473,3.4210526315789473
R_1dBnnQjRcT1vKKM,2.6315789473684212,2.6315789473684212
R_uzb9OXNA6K2iKXL,3.0789473684210527,3.0789473684210527
R_1OuUYY2lJh9xuy0,1.9189189189189189,1.6486486486486487
R_22y4tSNAfB8F9TY,2.736842105263158,2.736842105263158
R_3NQJgNilprKVcVw,2.473684210526316,2.3684210526315788
R_QmGmoAbZfGsPgNX,2.2058823529411766,2.2058823529411766
R_28MwbD9KGfbHMP4,2.264705882352941,2.088235294117647
R_1Q9sKmZdY1QAxBF,2.5789473684210527,2.5789473684210527
R_enUQeVHtRuoSHkJ,2.0,2.0
R_3QWUJ75IFMMTMj7,2.3684210526315788,1.8421052631578947
R_5i4GRYIANQdSodr,2.0789473684210527,1.8157894736842106
R_d6DrUtod10NJcNb,2.3636363636363638,2.1818181818181817
R_pGGtH33Vmti1L1f,1.7297297297297298,1.5135135135135136
R_24jx9nfgKdOa0m6,3.473684210526316,3.473684210526316
R_3KTQkdT0ij26RJn,1.7692307692307692,1.3846153846153846
R_2Yb7sMwW9okjpSC,2.289473684210526,2.1842105263157894
R_2DTw2fu6QkLyW2R,2.8157894736842106,2.6578947368421053
R_XZBOCVMLHqCxDmV,2.891891891891892,2.8378378378378377
R_1hM6qi1JSC5Lhpw,0.8421052631578947,0.2631578947368421
R_21EvNOeYgrvAbth,3.5945945945945947,3.4324324324324325
R_eQ0IH0mZJQ9UJrP,1.75,1.6875
R_3pi0QUxRHwhGN6N,1.368421052631579,0.8947368421052632
R_2QQGfPHvlkmeGSX,3.1052631578947367,3.1052631578947367
R_1I4QO55G5NSqg6C,2.763157894736842,2.763157894736842
R_U9YuY8UyS1dFABj,3.473684210526316,3.473684210526316
R_2WC3i5h5FwzqgEj,2.5833333333333335,2.4722222222222223
R_1Nk52n8IVmjuMRD,2.8684210526315788,2.8684210526315788
R_1QuCNedEQtVjnZw,2.888888888888889,2.7777777777777777
R_XAJHUHyTsj2cyl3,2.5789473684210527,2.4210526315789473
R_2bJidfVOkgTp0jq,2.8421052631578947,2.8421052631578947
R_2VxvlkQnXaRddSR,2.4210526315789473,2.4210526315789473
R_Y06OyvxxzqwvE7D,2.1315789473684212,2.026315789473684
R_2t4G2TKorW3FTR9,3.0789473684210527,3.0789473684210527
R_3qJurYFZVFvU5EQ,1.6756756756756757,1.4054054054054055
R_SBppiYTsiy9a3gl,2.72972972972973,2.5675675675675675
R_6zlMfIQSxRWN0Ah,2.026315789473684,1.9210526315789473
R_Or6PbgNAiWTWTrX,2.2972972972972974,2.2972972972972974
R_2CZbBBpKFB5ohUe,2.6666666666666665,2.6666666666666665
R_x9tHFMlH7KOdMv7,2.5135135135135136,2.4054054054054053
R_XAHAGtgHv1v2B7X,2.6842105263157894,2.6842105263157894
R_3oXZOfO89RV2HWh,2.6341463414634148,2.2439024390243905
R_1KfM5BkMPQC02IJ,2.6285714285714286,2.4
R_2dzKvGHuTpwRLGl,1.8888888888888888,1.8888888888888888
R_31Qz1AN9EZgcQ0S,2.5853658536585367,2.5853658536585367
R_1rGq0Ph340gUqa2,2.525,1.925
R_3fBOtVPEr4jEhIM,1.725,1.425
R_3R9F2fAWXmaCKjL,2.4146341463414633,2.024390243902439
R_3CP0TNTyw9yYTL7,1.475,0.825
R_2ccnjx5zYEOiN9g,2.5142857142857142,2.5142857142857142
R_uy5m35pjx2J1bNL,2.2,1.6
R_2TSMzkyv3K3K5Lm,2.235294117647059,2.235294117647059
R_urzc8NKS7WKZLhL,3.0526315789473686,3.0526315789473686
R_23ZSlVHiQrzB80c,3.2195121951219514,3.2195121951219514
R_23911RJ6Wvtc9HS,2.5454545454545454,2.303030303030303
R_3M6iK1V4ouMRF28,2.4634146341463414,2.3658536585365852
R_eKT2WwSq9asyeYh,2.6341463414634148,2.4390243902439024
R_3HtSOWjAoVoUzZN,2.8285714285714287,2.8285714285714287
R_3shOwrEbhP9NXvv,2.073170731707317,2.073170731707317
R_UJSU5aGc3Kj49SV,3.0,3.0
R_12sTUkpj7fobiK9,2.7,2.7
R_24bZpV44cWPAONk,2.081081081081081,1.864864864864865
R_2zLJZ4LIgW6R64e,1.9565217391304348,1.8695652173913044
R_3qjoGX08Qmo33FK,2.324324324324324,2.324324324324324
R_3w8PorQLQ8W0YTv,2.2222222222222223,2.2222222222222223
R_3q9YtZXENyIj8EX,2.5405405405405403,2.5405405405405403
R_2f2mixMvC11wAy4,1.9736842105263157,1.9210526315789473
R_22tMRueeapD8krj,2.3421052631578947,2.1842105263157894
R_RklcKREq9hnGQ1P,2.027027027027027,1.972972972972973
R_1EceyvEPVYVUCCd,2.6842105263157894,2.6842105263157894
R_2VdqR8ZaV8A4ahG,2.5789473684210527,2.473684210526316
R_1IXc94qKYsNZmXi,2.763157894736842,2.763157894736842
R_1mC5iGnYtwamXjP,1.8888888888888888,1.3333333333333333
R_3hoLD4LRPveoAAg,2.026315789473684,2.026315789473684
R_pQbP88Zn2cEEjip,2.4594594594594597,2.2972972972972974
R_2y2xmLXYOLxmCgC,2.6578947368421053,2.6052631578947367
R_AHxjY8SvJd1DmWB,2.0789473684210527,1.9210526315789473
R_1QbaADt76w1JqnW,2.6129032258064515,2.6129032258064515
R_24c9tP1Idf3K14v,2.1578947368421053,2.1578947368421053
R_2D7utEbmZ86TeXb,1.6842105263157894,1.368421052631579
R_3hG8j8WZZ2kW34u,2.763157894736842,2.763157894736842
R_3nwPedG1oER7SuA,2.2162162162162162,2.1621621621621623
R_24Hi90spaO8HQsu,2.236842105263158,2.1842105263157894
R_CdyXT8cFIIoKmJP,2.4,2.2857142857142856
R_1rHY9joJjMTYjHt,2.0285714285714285,1.9714285714285715
R_3ludx1mLhLs9d6D,2.4285714285714284,2.4285714285714284
R_1KlgLY6amniHNYA,2.6857142857142855,2.6857142857142855
R_1eRkLsya16NhXFf,3.6,3.6
R_2rIMfuE0osK7Mnc,2.71875,2.65625
R_2dDSoJ5DExmylZ6,3.0285714285714285,3.0285714285714285
R_2UhFYxgAuft6wRx,1.7428571428571429,1.6857142857142857
R_8Guzj98rCX5Z81r,2.4571428571428573,2.4571428571428573
R_eJyMFGnoIq4um8F,3.0,3.0
R_3Gpql572fwcauiH,2.257142857142857,2.142857142857143
R_3gUaJa5UGeAT1eA,2.3823529411764706,2.3823529411764706
R_1Hc2wph7Jnzy9xu,3.5428571428571427,3.5428571428571427
R_3O0SBtlFpRP2bA7,2.6470588235294117,2.6470588235294117
R_1GVcflMRrQBI0Q4,1.9142857142857144,1.9142857142857144
R_10P0lXhi2zHKREl,3.6,3.6
R_3azsAvsp1LWyFCV,2.4411764705882355,2.4411764705882355
R_2fIBHSLzcwe0laY,2.7142857142857144,2.7142857142857144
R_25Np3Gj6fb4kvAN,1.7142857142857142,1.7142857142857142
R_1JIslQDe3g37UuC,3.0285714285714285,3.0285714285714285
R_BP6rFM8nmxNbuil,2.625,2.625
R_3QXVtOxKxA9n4zu,1.9142857142857144,1.8571428571428572
R_2bHoJnO8dZ51neZ,2.942857142857143,2.7714285714285714
R_3mleqdTq0eRb1Jd,1.2,1.1428571428571428
R_5hdfQ4o47W3hGE1,1.125,0.625
R_3M3ae3K8XGiDAg0,2.7714285714285714,2.7714285714285714
R_3ly6M9AeWntGKoE,3.125,3.125
R_1q4VFFELPgQVi3e,3.257142857142857,3.257142857142857
R_1jxGFDcVlE53QRG,2.4571428571428573,2.4
R_1Cap6qZhWNGcjAI,2.3714285714285714,2.3714285714285714
R_1Cm6O9By8yOnbvb,3.0,3.0
R_3PSwmQqNjlkXDWg,2.40625,2.40625
R_Z1wFNMWV47uutTH,2.2857142857142856,2.2285714285714286
R_w6OTdUtQiF6YhTb,1.8846153846153846,1.8846153846153846
R_2UfJsvKndtthWfb,3.257142857142857,3.257142857142857
R_bEIbpl10W1qO1t7,2.0,1.9259259259259258
R_25z2GgnBexT5czD,2.0,1.8857142857142857
R_2YKie2YWYU4NHfN,2.8529411764705883,2.8529411764705883
R_Og3AzH3v4TTj6gh,1.7058823529411764,1.588235294117647
R_eyfAvAkwcmxRhHH,1.7428571428571429,1.7428571428571429
R_3I3jAqW9LrZugfp,2.2285714285714286,2.2285714285714286
R_21nUEgAlcUGvE4R,1.6857142857142857,1.2285714285714286
R_1Qyg8VW1raWUW73,2.161290322580645,2.161290322580645
R_2fH60JJHbk2Keo1,2.4,2.2857142857142856
R_pEkco9SSjkggY3n,1.7941176470588236,1.5588235294117647
R_1oBlZQxhBIkyUtv,2.864864864864865,2.864864864864865
R_2OGvE917vMNm5cA,1.1842105263157894,0.7631578947368421
R_3O6ypyKOhtMDUye,2.973684210526316,2.973684210526316
R_1QikiI0He2Kb8Ij,1.7894736842105263,1.631578947368421
R_cAuMtTwZdRI833r,1.894736842105263,1.736842105263158
R_3MR8kodMpaUtbpD,2.3421052631578947,2.289473684210526
R_54to1WFdOhxyjdL,1.6842105263157894,1.5789473684210527
R_1GZVlWusXm6yPfq,2.2432432432432434,2.135135135135135
R_TqtDAEhY9tBRLHj,2.72972972972973,2.72972972972973
R_2eQ3HlMHh7F2Snv,2.081081081081081,2.027027027027027
R_RUeSQmv1HCa2PQd,2.6052631578947367,2.6052631578947367
R_1mza61hTxUFqSgF,1.9736842105263157,1.8157894736842106
R_1IS3Bqc0RWJdZD6,1.8421052631578947,1.8421052631578947
R_spyutWNKh5xVXrz,0.9696969696969697,0.7272727272727273
R_d0Gz9eZIsxKWVMd,3.3947368421052633,3.3947368421052633
R_1LAPnrJE6WCVUA5,3.263157894736842,3.263157894736842
R_291funtaAzIoLb4,3.3947368421052633,3.3947368421052633
R_31d8uX2KMHzB0c6,1.3157894736842106,0.9473684210526315
R_1ptf7mYfDJ7Njxf,2.1052631578947367,2.1052631578947367
R_1nTlejeKC8N0Nu6,2.710526315789474,2.6578947368421053
R_25LpDiegTQoOQOj,2.3421052631578947,2.3421052631578947
R_3fV5brft7E9cf3E,2.787878787878788,2.727272727272727
R_3lJOpA0nB2nPWin,2.176470588235294,2.1176470588235294
R_2Wxr0ZgKBfUPYiz,2.857142857142857,2.857142857142857
R_1gCujbWA6aDe3m7,2.257142857142857,2.2
R_1gV21PUJVLD5hsE,2.914285714285714,2.8
R_3MQIxWwMbSP0eus,3.4,3.4
R_6zgR0mEw6Vnhjkl,2.5555555555555554,2.4814814814814814
R_1etTirkpaRHIgsV,2.6451612903225805,2.5806451612903225
R_24q3aaZM8Qq1ioZ,2.6296296296296298,2.4074074074074074
R_1Gw7KM0M6PZL9EN,1.8571428571428572,1.6857142857142857
R_3MFnyHMvg3xHmaI,3.2,2.9714285714285715
R_UJQTMFhIaN7KrzX,2.75,2.75
R_AgP6Iioc5xbM3Sh,2.6285714285714286,2.5142857142857142
R_DAWgbbAikZ1krpT,3.0303030303030303,3.0303030303030303
R_27QFmf8WzELxu86,3.3529411764705883,3.3529411764705883
R_Rs5ut3TKNW0vahP,3.342857142857143,3.342857142857143
R_efIJAQkFJCwukJX,3.4285714285714284,3.4285714285714284
R_24Hvd0961JIsLmz,2.742857142857143,2.742857142857143
R_RW7J25FVVtVBwuR,2.6176470588235294,2.3823529411764706
R_QoaCdZGdOAy6X4J,2.0588235294117645,1.9411764705882353
R_1NnzQ8easp2mobj,2.085714285714286,1.8571428571428572
R_8x03FjKl1YneobT,2.742857142857143,2.742857142857143
R_1nUSbmp78pzTAxM,2.7714285714285714,2.7142857142857144
R_1gOoyVrWur3BRuN,3.1875,3.1875
R_2cqsTmdXv7EGdDa,2.090909090909091,1.9090909090909092
R_ptSFrMvt3d8oPhT,2.9696969696969697,2.9696969696969697
R_1jvWm0424P9RnYm,1.6,1.3714285714285714
R_2uQYymoCMQA2AiA,1.8148148148148149,1.5185185185185186
R_qKikf489FepjCNj,2.8285714285714287,2.8285714285714287
R_a91TpLsYxJshxK1,2.2,2.142857142857143
R_2t58pf8Xs6ZsPMA,2.1142857142857143,2.1142857142857143
R_3hrq8c0ejHQUGtl,2.176470588235294,1.9411764705882353
R_OfBZmSrtRbEh3pf,2.6875,2.6875
R_2YfzP0eo5bqW0FS,1.8571428571428572,1.6857142857142857
R_3nHhihAx2uOJsps,3.1470588235294117,3.1470588235294117
R_wYiXfROmPkQQLol,3.657142857142857,3.657142857142857
R_3dRGsM4An0nlAzp,3.393939393939394,3.393939393939394
R_1C8AoDwln2sLpna,3.6857142857142855,3.6857142857142855
R_1Ckop4RnLlQdWDz,2.257142857142857,2.142857142857143
R_9FV1vkWDVa7HO8N,3.8,3.8
R_1NrDLR91oRsdfmF,2.8529411764705883,2.8529411764705883
R_3iDAWQ7wUGAeYIQ,2.6,2.5428571428571427
R_pAZUtfZxWVffCaB,2.4705882352941178,2.411764705882353
R_BPn7ECMTT8flC9P,3.657142857142857,3.657142857142857
R_Q0NZrFlg121w9KF,2.942857142857143,2.942857142857143
R_24cN9dI7NtwBM7A,2.2285714285714286,2.2285714285714286
R_BqXmgkhtKhJJbcB,1.6764705882352942,1.6176470588235294
R_2rDh7cU30lsHa4O,2.6176470588235294,2.5588235294117645
R_2urCgC4fja7zWK5,2.057142857142857,1.8857142857142857
R_1PTRcRBmQZDLdLU,2.096774193548387,2.032258064516129
R_3q9fK8MHw4NOhhY,1.9714285714285715,1.8
R_10UvkYWUOekEYwO,2.914285714285714,2.5714285714285716
R_29bKABaOBZE3o3t,3.264705882352941,3.264705882352941
R_1OrT3Q7V627PzfT,1.8,1.5714285714285714
R_1jkt7UsxwWAi02d,1.6571428571428573,1.2
R_2wtpfNLXztDvhHm,2.914285714285714,2.914285714285714
R_2fjQCBoVwC5eHWO,2.413793103448276,2.206896551724138
R_31gEC1UROAOgYBg,2.566666666666667,2.5
R_vDg313oHXEXcgM1,2.1379310344827585,2.0
R_3Kx2oxG0MOAWvXw,3.0,2.942857142857143
R_37VIb9N1WjZlw0F,3.25,3.25
R_3KvDOBLWoBRDwzM,2.4285714285714284,2.257142857142857
R_WoZTI1B6EdDtPIl,1.9130434782608696,1.826086956521739
R_2feLGfXmNG2GR4M,2.257142857142857,2.142857142857143
R_2dtOKP4slZx1rZQ,3.0285714285714285,3.0285714285714285
R_73vRqhsqdldM8P7,3.0285714285714285,3.0285714285714285
R_3PoEIKdKextXIPj,1.6571428571428573,1.6
R_WDTCtHCHQrv2GfD,2.7941176470588234,2.7941176470588234
R_2RRgoaAdF6Lwk6s,3.096774193548387,3.096774193548387
R_YSIuQTAqSliKVkB,2.235294117647059,2.1176470588235294
R_1DuPcPRBHk28WaO,3.5,3.5
R_3M0EDv01vIubAs2,1.2571428571428571,0.4
R_3FV5Pb8GcVI1uWj,2.411764705882353,2.411764705882353
R_tPuKjtP0ztvjoiZ,3.1714285714285713,3.1714285714285713
R_1jrCUPwchnHhdM4,1.7647058823529411,1.588235294117647
R_11YGl2EwwPLoKh5,3.2,3.2
R_3rVqEOYzTk3DZSJ,2.4571428571428573,2.4571428571428573
R_2QsJW2yMZz2XKxj,2.6470588235294117,2.6470588235294117
R_1Ca7Ozsdq1ukVXi,1.6176470588235294,1.5588235294117647
R_31bAOUk2wLI9ab7,2.1470588235294117,2.088235294117647
R_32KCBc11UUKS2tm,2.125,1.75
R_1jUGLzdEwX90uqG,3.257142857142857,3.085714285714286
R_2xyrY5tq0Kh4GTl,2.4,2.1714285714285713
R_XnTrmsX2oVNCdDb,3.4285714285714284,3.4285714285714284
R_3pf1djWMJ8ICLlW,2.5142857142857142,2.342857142857143
R_1lt8I6iQXSw6kR7,2.272727272727273,2.212121212121212
R_1Lds6QdTJSYC99Q,2.1714285714285713,2.0
R_1pmlTxjkC1G4C4q,2.6666666666666665,2.6666666666666665
R_1lieC6gfPlIUz4A,2.4571428571428573,2.4
R_DOxhhmgD8yWV7lD,2.806451612903226,2.6774193548387095
R_1dhKCMrStdRd6YM,2.8484848484848486,2.8484848484848486
R_33fObQhUNgsMCQs,3.3225806451612905,3.3225806451612905
R_4NkxQmBGz1yLZdf,2.7142857142857144,2.7142857142857144
R_12ycFTBG53nouzJ,2.2142857142857144,2.0714285714285716
R_3LhYhA0qHurokKh,3.657142857142857,3.657142857142857
R_1poKhiz9CaTcj6n,2.5142857142857142,2.5142857142857142
R_qVFcposKjPKT2F3,1.542857142857143,1.4857142857142858
R_6Pc1KTSNyXOUYzn,1.7428571428571429,1.6857142857142857
R_3M9BGcEfVp3niOX,2.9714285714285715,2.9714285714285715
R_W1cpK8lnL8eeXN7,3.1142857142857143,3.1142857142857143
R_2VEnI6lZPe6zX2R,2.8285714285714287,2.8285714285714287
R_3Emxk6oON6jccsJ,2.257142857142857,2.257142857142857
R_1Fh43AvhxLI9ZOd,2.7714285714285714,2.7714285714285714
R_24eM8Wk69kT6EWs,2.142857142857143,2.142857142857143
R_d717tkoecHYdtgR,2.4,2.4
R_3s5IJyCrmpRwIfg,1.5625,1.4375
R_3F4Jo2PRt76MurT,2.3529411764705883,2.3529411764705883
R_24dXCtTBecgN17i,2.242424242424242,2.242424242424242
R_0j6bkMARjboMWE9,1.542857142857143,1.542857142857143
R_1lnlbu6oJ51cPWE,2.5428571428571427,2.5428571428571427
R_3HHODAP5JctevGN,2.7142857142857144,2.657142857142857
R_vdIdRvlUAZ0jbvb,2.5714285714285716,2.5714285714285716
R_3LiIxLgaboQ3yjW,2.3714285714285714,2.3714285714285714
R_2sdTImxbxpdIsOb,2.411764705882353,2.411764705882353
R_1LbQLV5cLDsUA9W,1.588235294117647,1.588235294117647
R_1gNn3uZIdnP8U1f,2.8620689655172415,2.8620689655172415
R_3EhY9jAXOiWmQXL,1.9666666666666666,1.7
R_uyW0ADGP7SFAkGl,1.9411764705882353,1.9411764705882353
R_3EWHJvWwkprEKHI,2.057142857142857,2.057142857142857
R_3s7ESFY5TnujpYD,2.0,2.0
R_YbRALUq8uSRl8kx,3.1470588235294117,3.1470588235294117
R_1HnxhsqzJ4pIw8t,3.2580645161290325,3.2580645161290325
R_6Q0OgVZDuonLbTb,3.0,3.0
R_ehfXqCTN0f5Bmi5,3.5714285714285716,3.5714285714285716
R_2XaPk9Q3GzvbkQj,2.5142857142857142,2.5142857142857142
R_6Pecvdh1TaeOlAB,1.0588235294117647,1.0588235294117647
R_sX3x87fp76WWQXn,2.3142857142857145,2.3142857142857145
R_3iqkJnGih8N9wWz,3.34375,3.34375
R_2dZ5UPdnmoSw0o3,3.085714285714286,3.085714285714286
R_3h9NTD6fHFOVRWd,3.5588235294117645,3.5588235294117645
R_1pXteFPO6NLadNF,3.0294117647058822,3.0294117647058822
R_1MXNwICefU9Iw0d,3.057142857142857,3.057142857142857
R_vlAVBfWUFRg1Xgt,2.742857142857143,2.742857142857143
R_3hGZI91NxJBahzb,3.942857142857143,3.942857142857143
R_Aaf34o0OGdBK0fv,2.5142857142857142,2.5142857142857142
R_2YLDRitht5IouEJ,3.2285714285714286,3.2285714285714286
R_21GrJfT9dxXMWYs,2.1714285714285713,2.1714285714285713
R_2az4Q3ulRgfwmpS,1.457142857142857,1.457142857142857
R_DN6PCvr8fnlOS8p,2.657142857142857,2.657142857142857
R_tYw5e02wnMJz8sx,3.4,3.4
R_2w7DwPxtTbEGd8o,2.5714285714285716,2.5714285714285716
R_2YQXUzMeQp5FbKF,3.5,3.5
R_3PzvLSGbkfs3CFe,1.9428571428571428,1.9428571428571428
R_2wFZeoPt2b9Ok3G,1.8484848484848484,1.3636363636363635
R_1mUvvAJO2JQ8IAW,2.6363636363636362,2.393939393939394
R_2QX39vP9jTAVsjU,2.375,2.375
R_3RdVGQH1d34KLFn,2.176470588235294,2.0588235294117645
R_9LvPS2qdALSX01r,1.8857142857142857,1.8857142857142857
R_2QMWmdiLo2zvkBi,2.3714285714285714,2.3714285714285714
R_1LSsw6aBqBNZnYy,2.2058823529411766,2.1470588235294117
R_10r5gRppZOGXDix,1.6,1.542857142857143
R_2qfpUH2bL9S5n5E,1.8285714285714285,1.6
R_2sTMgra0niZh17V,2.4,2.4
R_2tx289rHVeB2tKB,2.7941176470588234,2.7941176470588234
R_2TLETUNWFRJDSk9,3.342857142857143,3.342857142857143
R_3m8BAKhkNMxuLwl,3.2580645161290325,3.2580645161290325
R_3GvzhuKxLJHQwTk,3.085714285714286,3.085714285714286
R_3D0hgtW1838pnwy,2.6,2.4285714285714284
R_3lWDyD4QdqocgRa,1.8,1.5142857142857142
R_3LYopycqjz6E7GF,2.7714285714285714,2.7714285714285714
R_2uVyYClXg6TfSvW,1.9142857142857144,1.6285714285714286
R_O0ugCNyPns8At3P,3.1142857142857143,3.1142857142857143
R_dhtynr8FCyhoXex,3.0,2.657142857142857
R_2TpGmpmK2JTeBap,2.4,2.1714285714285713
R_2fxJ0lSl8UMxh8M,2.4545454545454546,2.393939393939394
R_5mOlyfzhT9w0w7L,3.638888888888889,3.638888888888889
R_ANEm1Zq7f9ISVXz,2.9473684210526314,2.9473684210526314
R_2WU1kPmBGACDINu,2.4324324324324325,2.2162162162162162
R_33fIYzDbfVbespI,3.0555555555555554,3.0555555555555554
R_3F4LGvEbT35oYat,3.3421052631578947,3.3421052631578947
R_3QLD4VmxcRD0dyg,1.4473684210526316,1.394736842105263
R_3Rw89bnvUwcAor8,3.0789473684210527,3.026315789473684
R_1IWwexWeCZ2GMNU,1.7567567567567568,1.7567567567567568
R_sXnOTJkZBWBHK9z,2.736842105263158,2.736842105263158
R_1QFLdbA4OyFJtzj,2.138888888888889,1.9166666666666667
R_qVg820N4v0b9w3v,3.0526315789473686,3.0526315789473686
R_3h3LKHIALQ0LTd6,2.263157894736842,2.263157894736842
R_dio237VA6wNIK2t,3.473684210526316,3.473684210526316
R_3UxrG0QNgYGxnHz,1.5789473684210527,1.5789473684210527
R_2CpFYELqziauIwr,3.236842105263158,3.236842105263158
R_3D2BPbrASFUPtd7,2.5526315789473686,2.5526315789473686
R_wL8iNQz13CA427D,3.0,3.0
R_3HUrvtqrVlZjVnU,2.026315789473684,1.9736842105263157
R_2RP5I9WF5sJwmDv,2.4864864864864864,2.4324324324324325
R_2bK9399qs8u5Jht,1.9210526315789473,1.9210526315789473
R_3nrr7HNqXbPV5Pa,3.1315789473684212,3.1315789473684212
R_2an3aAQJ2ZZLdbS,1.7,1.65
R_21nDv4sOa7tOJsh,2.5365853658536586,2.5365853658536586
R_1kUgVptsjObSFq9,1.8780487804878048,1.8780487804878048
R_11Yruxzazyz7jyT,2.864864864864865,2.864864864864865
R_3RaOhTKTOiGy9Kr,3.024390243902439,3.024390243902439
R_2EgbkN0lxHsIWx9,3.6666666666666665,3.6666666666666665
R_12u38CP0ANoR9dV,2.951219512195122,2.951219512195122
R_26hhFkcX0OcGUWM,2.1794871794871793,2.076923076923077
R_24pjXSJTZbbg0xl,1.8205128205128205,1.8205128205128205
R_3DkgpcF1LnVaf05,2.024390243902439,2.024390243902439
R_1N2hChBOCk0J2zl,3.575,3.575
R_3a6lKrVJCo42exr,2.775,2.775
R_0umyUs1041lSjMl,2.0,1.9047619047619047
R_1MXoDk41sUKfSGT,3.135135135135135,3.135135135135135
R_2UXkBMpJyvawo2A,3.8292682926829267,3.8292682926829267
R_29fXozItuN7Wzn9,3.1707317073170733,3.1707317073170733
R_11iG5w3Dq2kCHwg,2.8780487804878048,2.8780487804878048
R_W3v1QGYMZsrmUAF,2.2439024390243905,2.1951219512195124
R_2CPsqOPqsRqGcxI,2.45,2.45
R_3Jsjr3ebbsGe8Ex,3.1463414634146343,3.1463414634146343
R_1ovZCzFrH2e7mVz,2.6153846153846154,2.6153846153846154
R_3P5FDPmRGRIxHZg,2.6578947368421053,2.6578947368421053
R_2YX0yQbmWHUeu9z,1.875,1.875
R_1ooINi520XPdTdo,2.6216216216216215,2.4594594594594597
R_D16mc67RYMHRYJz,1.3783783783783783,0.8378378378378378
R_YSqARku3Mrq77sl,2.972972972972973,2.972972972972973
R_2qjWnX2HstFLClC,1.8484848484848484,1.7272727272727273
R_YPJE1HuYCcHcWlP,2.6486486486486487,2.5945945945945947
R_2QtTxrarnP5FKLN,2.263157894736842,2.210526315789474
R_3OizyAxFCYuVWyc,1.5263157894736843,1.1578947368421053
R_vw9yeiP5vjWUCtz,2.324324324324324,2.27027027027027
R_2COYJaayWCxdKZ7,3.236842105263158,3.236842105263158
R_1rNgyKWPRDhBTFc,3.263157894736842,3.263157894736842
R_Y5KnPZLf7122SD7,2.8157894736842106,2.6578947368421053
R_295MqbizdEgECkm,3.3461538461538463,3.3461538461538463
R_1DAJLyY67tKBhnq,2.25,2.1944444444444446
R_AM5hXoFq0grfbFL,1.8421052631578947,1.6842105263157894
R_W2TS028ZsqlTSwh,3.3684210526315788,3.3684210526315788
R_O75UtKmTdoSCRUJ,3.3684210526315788,3.3684210526315788
R_24hFY4thEHMD5ZL,1.6842105263157894,1.5263157894736843
R_RRJywNtYMNsuvT3,2.1944444444444446,2.0833333333333335
R_3kO4iOq0btQlQ9q,2.111111111111111,2.111111111111111
R_2tldWMST4B1H03a,2.4375,2.25
R_2rD6Y0y7l6bpWuf,2.4722222222222223,2.4166666666666665
R_10VnjnhDIRVnz5s,2.8157894736842106,2.6578947368421053
R_2ClDGWZiquWjfHI,0.95,0.65
R_2qruYVkFstVcPLP,1.6097560975609757,1.4634146341463414
R_3HOeee1nVNelWab,2.7560975609756095,2.7560975609756095
R_3kDm4JDFW4d5SuZ,2.8536585365853657,2.8536585365853657
R_qUAmoEsHn2flc4h,2.3902439024390243,2.341463414634146
R_2YM9SStzl1cVcdA,2.5121951219512195,2.4146341463414633
R_2VPJ3HzkzEmZeQY,2.8536585365853657,2.8536585365853657
R_2TYO1aJRBf73MqR,1.8780487804878048,1.829268292682927
R_cDaxowLszNDKfUl,1.625,1.575
R_3kERcY1tCoEVFlw,2.1219512195121952,2.073170731707317
R_UcjwusS5SakJxe1,2.65,2.55
R_ekxiIEbuziynrK9,2.4146341463414633,2.4146341463414633
R_24qNSMBelz2pywu,2.975609756097561,2.975609756097561
R_1IzP2OYDF5e6DqN,2.7948717948717947,2.7948717948717947
R_1oBvMG27C7E9Cyk,2.1219512195121952,1.4390243902439024
R_3F2xc0ypEWWFQOP,3.2439024390243905,3.2439024390243905
R_vBOc4nVzs6t7JqF,2.073170731707317,1.975609756097561
R_1FE48lIU8tJ04O5,1.2926829268292683,0.4146341463414634
R_1daCpXuNpKwyM2V,1.8048780487804879,1.6585365853658536
R_3r355mNCyXIPgBV,2.1707317073170733,2.1707317073170733
R_3O95dFXHRS4FZbx,2.731707317073171,2.731707317073171
R_3pfl3C0Qq7Acqz3,2.7567567567567566,2.7567567567567566
R_0POTr13HtSf8si5,2.682926829268293,2.682926829268293
R_ZvChPdpDXCZUQ4F,2.15,2.1
R_tYdOAMmclaaEhIB,1.837837837837838,1.6756756756756757
R_2tiiHCdbaZMTtRI,2.8421052631578947,2.8421052631578947
R_1H1u9RAnDPRSWGn,2.5555555555555554,2.388888888888889
R_1OK95XJh7BF3jNX,2.8421052631578947,2.6315789473684212
R_2YVc5ULHZi5p2z8,2.289473684210526,2.236842105263158
R_2fm5Hw4AKlm71U6,1.5666666666666667,1.4333333333333333
R_3fldRJeffqdjMY1,2.0,2.0
R_3syxLS0Jc8zZMjl,2.763157894736842,2.763157894736842
R_3LX2CvavXvVu1Kw,2.3947368421052633,2.1315789473684212
R_1JXjsMXXEJJXFng,2.6052631578947367,2.6052631578947367
R_ONbOplTRFnCmVwZ,2.138888888888889,2.138888888888889
R_yWOeV6PkIM8eEjD,2.5714285714285716,2.5714285714285716
R_3kyRH46nZq1EWTo,2.3055555555555554,2.3055555555555554
R_3QJZWEHc3gkExOh,1.53125,1.46875
R_2U56SrAyE1p9SpF,0.868421052631579,0.4473684210526316
R_3EiHrjJfmqlYKXm,2.2941176470588234,2.2941176470588234
R_1j8PIHvf4JWHAEy,2.9722222222222223,2.9722222222222223
R_2cjFjBsLGERysv5,3.2058823529411766,3.1470588235294117
R_1k02u2AGxp8275Y,3.1315789473684212,3.1315789473684212
R_3rGtQ9vL7O6GyBk,1.054054054054054,1.0
R_3n0nR7yZtVYr3Kb,2.2857142857142856,2.2857142857142856
R_22xX01i0AI0tnoV,2.1578947368421053,2.1578947368421053
R_2qpJbBldFGweE8Q,3.1315789473684212,3.1315789473684212
R_1Nyldc06dBAQAjn,2.6470588235294117,2.6470588235294117
R_31GlXDBmo9x7Hi3,0.868421052631579,0.34210526315789475
R_3JDCWD3vUb0DYOq,3.3947368421052633,3.3947368421052633
R_1LczH3It9zWNijn,1.368421052631579,1.263157894736842
R_2DMF5LuABSo2RMK,3.257142857142857,3.257142857142857
R_ZtbCsgyhXWc6oHn,2.6216216216216215,2.6216216216216215
R_3m4gcEdStQgHuic,2.2,2.2
R_SOjSLsXAfqTw0TL,2.8157894736842106,2.8157894736842106
R_1LIhQ6fk6sbQfL9,1.6923076923076923,1.5384615384615385
R_21GI2cF0d2cKLQM,2.8947368421052633,2.736842105263158
R_RUXZvqj9Qzzp7QR,2.236842105263158,2.0789473684210527
R_3oAtguDV1ChsRbK,3.263157894736842,3.263157894736842
R_2wNuTdX9nYbLx7G,2.6666666666666665,2.6666666666666665
R_3jexLvqWNWagsNb,2.3421052631578947,2.3421052631578947
R_3jcDo2RHgJCEH8f,2.484848484848485,2.484848484848485
R_DBS5uoT2ToIr86R,2.6842105263157894,2.6842105263157894
R_6WHo575Ssv03itr,2.236842105263158,2.236842105263158
R_0xFJcA7W6H3JB85,1.864864864864865,1.5945945945945945
R_w0CFYN9ey9Idoyt,2.9166666666666665,2.9166666666666665
R_30waxkMvt4tWPjO,2.6666666666666665,2.6666666666666665
R_3JrcsHcRrtulkJ4,1.8857142857142857,1.7714285714285714
R_2QffpzTY4VtUVs2,2.085714285714286,2.0285714285714285
R_eldHF2nBKWBibo5,1.6571428571428573,1.4285714285714286
R_2DZgRidoMxm4LJT,2.9696969696969697,2.8484848484848486
R_1pFH7QAgEHHoSf0,2.085714285714286,2.085714285714286
R_PU7IzecgxgaVR2p,2.1714285714285713,2.057142857142857
R_27stf4LH6vFSxEE,3.0285714285714285,3.0285714285714285
R_3fZv3squBRBas02,2.2857142857142856,2.1714285714285713
R_1LoHjrrLArFLPj0,3.0285714285714285,3.0285714285714285
R_1FnvRcDX014DWI1,2.0,1.8857142857142857
R_26nznsIpK1u4lnc,2.40625,2.40625
R_1qgs4rQyY3gvYIB,3.121212121212121,3.121212121212121
R_20TKsA2cevcci6B,1.6470588235294117,1.588235294117647
R_BrDMaLTuGVEcoM1,2.2857142857142856,2.1714285714285713
R_3r0USFa8IsiR1ix,2.9393939393939394,2.9393939393939394
R_1OSGQIhytXnGz9y,2.2285714285714286,2.2285714285714286
R_23e1bMkpFzNKIuT,2.121212121212121,1.878787878787879
R_1NCC3aXhmXgEiQZ,1.3714285714285714,1.0285714285714285
R_yINro4dMPGl2Ywh,2.25,2.1666666666666665
R_yOdmZqeblWQTGjT,2.242424242424242,2.1818181818181817
R_2VkgeW3n7glhFRs,2.206896551724138,2.206896551724138
R_PGaFHgcmArjbIKR,2.806451612903226,2.806451612903226
R_0fA3HNBDy2n0EI9,1.2105263157894737,0.9473684210526315
R_3fw4T6DSbtFgE04,2.3421052631578947,2.289473684210526
R_1FtQwPDIYGN19et,2.5526315789473686,2.4473684210526314
R_voZSo6lyLbHUWGt,3.526315789473684,3.526315789473684
R_237wWIgRqPWnIP4,1.894736842105263,1.631578947368421
R_2qF1MzA21bYZhTv,1.9473684210526316,1.9473684210526316
R_1hX8RZjGsIstfsO,2.2162162162162162,2.2162162162162162
R_79yyjA3etTDEHWV,2.135135135135135,1.972972972972973
R_1LtVYKSxuM9oU0R,2.026315789473684,1.9210526315789473
R_1rMSzprOkePmiHV,2.769230769230769,2.6153846153846154
R_25swKny4rUMGiv1,3.4594594594594597,3.4594594594594597
R_1mfPB5U3BFxkzXM,2.135135135135135,2.081081081081081
R_UROxbfDvykbTNhD,2.1315789473684212,2.0789473684210527
R_VWsblL51HFjaAc9,3.3684210526315788,3.210526315789474
R_12Gg16xvVQ8XM9j,2.5142857142857142,2.4571428571428573
R_3shUtMbgodaCfmt,3.1578947368421053,3.0
R_UEneNNiFbuoq50Z,2.736842105263158,2.736842105263158
R_216Y8hznD9a8crP,3.1052631578947367,3.1052631578947367
R_2qsiJqPYCDd4nFl,2.6578947368421053,2.6052631578947367
R_bqmgSOMUzyuOtdn,2.323529411764706,2.323529411764706
R_3envUei9Vq3ePFZ,1.9736842105263157,1.868421052631579
R_3lDZqeHOYFQJ7RK,1.4,1.0
R_1n3B0Y6S0PM8ry2,1.606060606060606,1.4242424242424243
R_qRyYyV13hrGWZKV,3.0285714285714285,3.0285714285714285
R_2tomwawEfVjvQl2,2.3142857142857145,1.9714285714285715
R_2pYxksIBDfRjfcN,2.6285714285714286,2.5714285714285716
R_1DoQlb3Zbki4jYa,2.8285714285714287,2.7714285714285714
R_3Kq0ahdZlSJEYmB,2.8857142857142857,2.8285714285714287
R_vMsUajhLfAxDa7f,2.4571428571428573,2.4571428571428573
R_a4wd5MkqK2YkfIZ,3.257142857142857,3.257142857142857
R_3fNOvO7TMfYOq5A,2.264705882352941,2.264705882352941
R_6XAQv39x3se3ao1,2.4814814814814814,2.4074074074074074
R_3FKvUZe9BH89xrC,3.3333333333333335,3.3333333333333335
R_2AEyQ4zhDy08N9y,2.5142857142857142,2.5142857142857142
R_2c8DEvKYVb49tCz,2.257142857142857,2.257142857142857
R_1n8aHW5PXbIi8sT,2.8857142857142857,2.8285714285714287
R_237FH5dcfsOPXOB,3.4,3.4
R_2dLXjP4sYgAZx1O,1.878787878787879,1.8181818181818181
R_3MFMffFM0BkztU2,2.264705882352941,2.264705882352941
R_1q3TkUwDFNRbvh1,1.6470588235294117,1.5294117647058822
R_2vdzaWGFWAMw7gq,2.4545454545454546,2.4545454545454546
R_TnKjeyGFQ75FPt7,1.6285714285714286,1.3428571428571427
R_Pv4xNaDno76z5zb,2.5172413793103448,2.5172413793103448
R_1DBdqJXrcROJu7a,2.823529411764706,2.823529411764706
R_VKixA9SmK1zY6Ih,2.2,2.1333333333333333
R_1rMl64HZGhxLStM,1.09375,0.84375
R_BQgsOQyhFqRTxIZ,0.45454545454545453,0.030303030303030304
R_wOfxmqJRZXPNkpr,1.0571428571428572,1.0
R_2zJj8CoaIshlYRi,2.4,2.4
R_1Icqo0kyo2j5Qiu,2.5428571428571427,2.257142857142857
R_1gFouIaR884oXTz,3.257142857142857,3.085714285714286
R_3DbtXJrtTCUKNtY,0.9705882352941176,0.8529411764705882
R_UA3le42Gdvldmoh,2.15625,2.03125
R_2s4GEUhr99mcToB,3.2857142857142856,3.2857142857142856
R_4ZQ8qsNI7N7krUl,1.875,1.875
R_qUa6y4eBAgGWUud,3.4571428571428573,3.4571428571428573
R_QcvLp8QI7BVJI2d,2.4705882352941178,2.4705882352941178
R_21HZfQ7bd0YfraG,2.2285714285714286,2.2285714285714286
R_2S30Ierfyoc1drA,2.2058823529411766,2.2058823529411766
R_1nYBP8Bn5e325K0,1.7352941176470589,1.5
R_3NIfXT757JWgYpm,2.7714285714285714,2.657142857142857
R_3OlAOTtnif3Mf9H,3.4571428571428573,3.4571428571428573
R_2dgywAW2HJ31l9e,1.8571428571428572,1.8
R_7Us0qxg53lLlDwZ,2.7714285714285714,2.7142857142857144
R_3qmnnC0MsEu4emN,2.742857142857143,2.742857142857143
R_1Q4lVVLT8j7rbww,2.3714285714285714,2.3714285714285714
R_1IB33xjOsLIcGjq,1.5151515151515151,0.9696969696969697
R_3oC4TZBvA6OP2JH,1.3333333333333333,0.9696969696969697
R_3fdj3AbRpjpeS9x,2.3714285714285714,1.9142857142857144
R_3PdUAEbS3MeF0Le,1.8857142857142857,1.8285714285714285
R_3PyGR307kvsnocq,3.057142857142857,3.057142857142857
R_1i4d0BIkgqUcIE0,1.6571428571428573,1.6571428571428573
R_3MgL6zDOBJLRuYK,2.6,2.6
R_erZpMvKR1OfsK9b,2.8857142857142857,2.8857142857142857
R_2zkWOLLiUhLvmPB,2.6666666666666665,2.6666666666666665
R_1obZhPXVyaOZRhV,2.7714285714285714,2.7714285714285714
R_1eyJhyptQmUItSS,2.6666666666666665,2.606060606060606
R_r6fghsTZLlyEnQd,1.6666666666666667,1.4
R_2aRzRnBV4sCTn1q,1.5333333333333334,1.5333333333333334
R_2P5rBIwEuFUayI8,2.3142857142857145,2.257142857142857
R_YVK36EQElLwuQWR,2.6857142857142855,2.6857142857142855
R_1N5irnXXay9BLKD,2.742857142857143,2.742857142857143
R_p4YxWO4TOYMi5ix,2.121212121212121,2.0
R_3MKCoDXMArCgrls,3.6,3.6
R_RkHxsK7VwGzV2Zb,3.5714285714285716,3.5714285714285716
R_1C9h0LlHhkq1tWW,2.8260869565217392,2.739130434782609
R_1IFTpcmpYms9oKw,3.096774193548387,3.096774193548387
R_2D0n4xBV0muRiIX,2.057142857142857,1.8857142857142857
R_7WgGyAiLxH6O2hH,1.9666666666666666,1.7666666666666666
R_1hWl2bjdyexHC4e,2.2857142857142856,2.1714285714285713
R_1puLbmcUPwmDNWF,3.6,3.6
R_4I3WBfgWdq36Kbv,2.59375,2.46875
R_27U3vlb9VTqg0ql,2.4571428571428573,2.342857142857143
R_3Hhum45X0zeuMfZ,1.9166666666666667,1.8611111111111112
R_28MtoEZcsKvbvKa,1.236842105263158,0.868421052631579
R_2AYh1oJkEpEIEV3,2.4473684210526314,2.1842105263157894
R_1LiMRK22R9tbBPo,1.9473684210526316,1.8421052631578947
R_bC451MwrfewzKKZ,3.1842105263157894,3.1842105263157894
R_2Vq09chm748Yl6M,1.4166666666666667,1.25
R_3Oe3I0LowNPPsfk,2.606060606060606,2.484848484848485
R_2fuI2WFifyrp37d,1.2941176470588236,1.0588235294117647
R_21b34dHBvFmugFi,1.896551724137931,1.896551724137931
R_2rUtYUVOyNhiyUi,2.8684210526315788,2.710526315789474
R_24Np31cObjUyCeW,2.7027027027027026,2.6486486486486487
R_3PKThSm5dlUM2Zf,2.210526315789474,2.0526315789473686
R_2YFgnRDjZYOsOTW,2.9722222222222223,2.9166666666666665
R_3EcWJWJZvM9u7PI,2.1315789473684212,1.8157894736842106
R_a2zVaaRLeKFHX4B,2.0,1.8421052631578947
R_3lE97nt2WwDj5yM,3.6578947368421053,3.6578947368421053
R_29vrjoIMc07b69I,3.6578947368421053,3.6578947368421053
R_1ONSjOHGjt7SYP1,2.973684210526316,2.9210526315789473
R_3OfteFjZ33vFMhn,2.3947368421052633,2.236842105263158
R_1N2IhhwFYSFLQJg,1.263157894736842,1.2105263157894737
R_2uKdKqwFxyHUapy,2.5135135135135136,2.5135135135135136
R_1P0MP34pRbkvrMJ,2.4054054054054053,2.4054054054054053
R_1mgyB0ZuB5FlnkR,2.8857142857142857,2.8857142857142857
R_8k52upM85adIzXX,2.8,2.8
R_1diE9fW9JJUFD69,2.5161290322580645,2.5161290322580645
R_1l3IulqnCsnzCFQ,2.5714285714285716,2.4
R_1kLADUxaN29SY3c,2.3714285714285714,2.3714285714285714
R_1relIsYmF5PdK37,1.8571428571428572,1.8571428571428572
R_vcU8zQqF8mVYlvX,3.588235294117647,3.588235294117647
R_2YbKqPHDT4NVh7F,2.9705882352941178,2.9705882352941178
R_3PpDRFtSDONr3Aa,3.4857142857142858,3.4857142857142858
R_6Vx995q9qkdFrW1,2.642857142857143,2.642857142857143
R_11X6apMkv3zZXKc,3.142857142857143,3.142857142857143
R_3suopIykHoDcWaU,1.7142857142857142,1.7142857142857142
R_3Po5P0FSeRpg0Vm,2.6285714285714286,2.6285714285714286
R_1Eg578NrInE736G,1.8529411764705883,1.7352941176470589
R_3KqrCXXimgv6XS0,2.3823529411764706,2.3823529411764706
R_2Yidu3xQH2B8h80,2.057142857142857,2.057142857142857
R_1ozptIhuCqTPg2K,2.5142857142857142,2.4571428571428573
R_2PjRWpKQ72aZOFA,2.0285714285714285,1.9142857142857144
R_PU4kSMgEFMp0LRv,3.1142857142857143,3.1142857142857143
R_3nxzzyQ15EUNlSb,2.142857142857143,2.085714285714286
R_3Mfe30LWbtXHG0Y,3.4571428571428573,3.4571428571428573
R_Z34ZaMuyhZ6Athf,3.323529411764706,3.323529411764706
R_xDSNvtwhcqdaFBD,3.657142857142857,3.657142857142857
R_UbRpg9EAXNvWxdn,3.2857142857142856,3.2857142857142856
R_1OUFxEjQL14EnIf,1.411764705882353,1.3529411764705883
R_Y93svv8HtyQTPUd,2.8285714285714287,2.8285714285714287
R_xGbjJ7BM7LUgCRz,2.5714285714285716,2.5142857142857142
R_33lue0lDlV5ubmP,3.142857142857143,3.142857142857143
R_DUE0pEplSRoElPz,1.7142857142857142,1.7142857142857142
R_1l0lfdqeb1lbSxb,2.6363636363636362,2.6363636363636362
R_23ZBRfktYeUTbkT,2.6,2.6
R_1GHVYjSC1XMtE12,1.6857142857142857,1.5142857142857142
R_rrm5ZiVVRLMYAg1,2.9714285714285715,2.9714285714285715
R_WwXyadp77kOFTgt,3.057142857142857,3.057142857142857
R_12DSlK3HHrvekcY,1.9428571428571428,1.8857142857142857
R_2zAYkZSEGHK95dI,2.7714285714285714,2.7714285714285714
R_1nNMmfcZZeScMX4,2.7714285714285714,2.7714285714285714
R_1IbcGWdJ2iPhJtt,1.3714285714285714,1.0857142857142856
R_z3bDoxc17yZ7Y3L,1.7714285714285714,1.7142857142857142
R_3h0FToNjemJUR4I,2.2857142857142856,2.2285714285714286
R_6msLhpVEX22Zu13,2.71875,2.65625
R_12MyVeDY1UCMlXu,2.161290322580645,2.161290322580645
R_u2HVVPzPpLAc66B,3.342857142857143,3.2857142857142856
R_3NPU9uve11MpqcA,2.914285714285714,2.914285714285714
R_31HSkA3SI4By2pe,2.9411764705882355,2.9411764705882355
R_1IzOa3wON0VHOgM,1.5,1.1470588235294117
R_XhAv4pmQu7L5Q9b,2.46875,2.46875
R_3Dj8aeAhZnumlBn,3.4285714285714284,3.4285714285714284
R_3R43qng8qth5duN,3.4571428571428573,3.4571428571428573
R_2QGtnK6KlgG07Ym,3.176470588235294,3.176470588235294
R_UWHDx5lyIYHa8il,2.4545454545454546,2.4545454545454546
R_3MhZrFJfr3qdzAt,2.2857142857142856,2.057142857142857
R_2XdRvlIDHV3rpjR,2.8620689655172415,2.8620689655172415
R_1jpvaOdTQfplzeG,1.303030303030303,1.1818181818181819
R_3haQbt8KzwYH6Jh,2.5428571428571427,2.3714285714285714
R_2zzMRJF3c8G469z,1.6571428571428573,1.3714285714285714
R_1fdYuikCRspn2hL,2.5714285714285716,2.5714285714285716
R_pmeFCYofXXczU09,2.235294117647059,2.235294117647059
R_552msIRu2ZWN8m5,1.9142857142857144,1.8571428571428572
R_24bG5oIW2Stohjl,3.1470588235294117,3.1470588235294117
R_1hEVap6Fdda9jlQ,2.4857142857142858,2.4857142857142858
R_1GW8BekQzygPaUM,3.2,3.2
R_2SHnURpAXCX55VI,1.9767441860465116,1.930232558139535
R_3q9W4LEHIb0m56a,1.7435897435897436,1.4871794871794872
R_RRBZgd9PxR6MNYR,2.488372093023256,2.488372093023256
R_2txUEr6gW52poRw,2.4186046511627906,2.4186046511627906
R_3R31zih6fnouc66,2.0714285714285716,1.880952380952381
R_31LatfPhDFEV9Gf,1.441860465116279,1.3488372093023255
R_125MHmkQ9rmv9Jj,2.0697674418604652,2.0697674418604652
R_ebcYrD3E73lV9Pr,1.6511627906976745,1.6046511627906976
R_1JFUxHG8P2ZeNaQ,1.6511627906976745,1.5116279069767442
R_1IlPlXf3U11F0WV,1.975,1.975
R_2tJB7kurzwrOUib,2.3421052631578947,2.3421052631578947
R_x5YzJ7I3gqRLyIV,1.8837209302325582,1.8372093023255813
R_ysS7toXvtjTFe37,2.3333333333333335,2.3333333333333335
R_2usLm1brXel20lj,2.5714285714285716,2.5238095238095237
R_1KvhWmug8Op864U,2.5,2.5
R_3OlxZ5rStKH4rDE,1.9767441860465116,1.9767441860465116
R_OPSmoLEXNGNJPDr,2.5952380952380953,2.5952380952380953
R_1kXFSQPWjr0YhE1,2.372093023255814,2.372093023255814
R_3BLKDbZRIurWPkZ,2.6744186046511627,2.6744186046511627
R_56aeZR5oZYoeHkJ,2.5121951219512195,2.5121951219512195
R_4TOHCqVeORvd3JD,1.930232558139535,1.8837209302325582
R_1jNaYzN5OmXtOOd,1.6571428571428573,1.6571428571428573
R_1DoqmklJD6E0dwT,1.5,1.5
R_2eQjSVZCwp2w7cv,1.6923076923076923,1.6923076923076923
R_3mlfYjt0oMTl6KL,0.7741935483870968,0.7096774193548387
R_2QoLVYEVgX0N32w,1.8709677419354838,1.6774193548387097
R_3fHME3C51De4RUq,2.090909090909091,2.090909090909091
R_10I5qhuAPp2fOkq,2.739130434782609,2.739130434782609
R_3Dkm46WLrHxEMy3,2.4705882352941178,2.3529411764705883
R_3qUnll3w41e996z,2.0,2.0
R_3hDE1HvHOH1Khhl,1.9259259259259258,1.7777777777777777
R_1jIgQDdPUPXBFg7,1.7575757575757576,1.7575757575757576
R_xr7biZ7CSfIo5Et,2.4705882352941178,2.411764705882353
R_22siYqX4cbiREQB,1.911764705882353,1.911764705882353
R_1hLu9mdf5kHxfQZ,2.6176470588235294,2.6176470588235294
R_eQdV8lBf99razNn,1.696969696969697,1.6363636363636365
R_A5ycP8jRSQX0lVL,3.5,3.5
R_ZJeWaf7nf15shDX,3.6176470588235294,3.6176470588235294
R_9vng4uLlpq3xDOx,2.4411764705882355,2.3823529411764706
R_2rNGvYsstDb1eTc,3.6176470588235294,3.6176470588235294
R_1BQtqBYQFVEKQot,2.823529411764706,2.823529411764706
R_24BllmIx4BcjbzG,2.676470588235294,2.6176470588235294
R_3QGCtiWATFUMSkB,2.264705882352941,2.1470588235294117
R_1Qn175Y8HCYCJi7,2.5757575757575757,2.515151515151515
R_2Xn5KZn8HVCqxpX,2.3333333333333335,2.3333333333333335
R_2CJorwxIGMASAEl,2.5294117647058822,2.5294117647058822
R_DOVRZYeQQxMH4Vr,3.4411764705882355,3.4411764705882355
R_6FHFIjBxV8kHItz,2.163265306122449,2.163265306122449
R_AuPPFCs3wx75Ll7,1.6041666666666667,1.6041666666666667
R_1OTrkOXS7fYvSdd,3.0408163265306123,3.0408163265306123
R_1obd5Mm7Z0PnqSk,2.0681818181818183,1.9772727272727273
R_1DAQm16vftXLTlL,1.5510204081632653,1.5510204081632653
R_2zpSgYL9q71Sikw,2.0408163265306123,2.0408163265306123
R_Wd0OaqlAkdk2peF,3.0208333333333335,3.0208333333333335
R_ym9haJaeAbXAUmt,1.9795918367346939,1.9795918367346939
R_A5kQNSK4L6ucd3j,2.25,2.25
R_2c17v9qUdIwyhEf,2.4285714285714284,2.4285714285714284
R_24N5CxClypQLaJC,1.8,1.7555555555555555
R_3PddUTkfFK4200w,1.6666666666666667,1.6666666666666667
R_2q41F6pF7bLi3U9,1.7346938775510203,1.7346938775510203
R_1oFsbCPtWluQMXm,2.75,2.75
R_ALiaCbLwDrysPFD,3.0816326530612246,3.0816326530612246
R_3rSJi5bsrBeht6x,2.739130434782609,2.739130434782609
R_6mtQV9TOOJaiIIV,2.0,2.0
R_2qwI5N4gvx2lOvQ,2.795918367346939,2.63265306122449
R_3lFhnJqdYPrZXyH,2.0816326530612246,2.0408163265306123
R_1K76K82rADZNjg6,1.5714285714285714,1.5714285714285714
R_25z62xP2qNAk6TE,2.5306122448979593,2.5306122448979593
R_1j8MvbNcuOVXvPa,2.1785714285714284,1.6785714285714286
R_1nN2L0vpQB8B76p,2.4285714285714284,2.2
R_3MQDFw4tY2XgLWA,2.676470588235294,2.6176470588235294
R_3RraoqiQFTOi8vp,2.6285714285714286,2.6285714285714286
R_XGqbSirgB7SOkNz,3.4285714285714284,3.4285714285714284
R_djybaKBwoViIpDb,1.6285714285714286,1.5142857142857142
R_AM0T8XFgEILIzVn,2.4,2.4
R_3aqXhja2dVRLQUF,1.5294117647058822,1.4705882352941178
R_1P1WUWJquH4MjQk,2.3714285714285714,2.085714285714286
R_1Lnu65wH4iN5hY5,1.8285714285714285,1.8285714285714285
R_21nOMRrDO8QXw39,2.7941176470588234,2.5588235294117645
R_3HOoD4G1YkCX5UZ,3.3142857142857145,3.3142857142857145
R_Rwsu1qvJSFLIuYh,2.259259259259259,2.259259259259259
R_3D5Xt2P3kNRYMe1,2.7058823529411766,2.5294117647058822
R_2uCn2tn3TMbWjJU,2.676470588235294,2.6176470588235294
R_1ItqQ2AjsLkRBMy,2.085714285714286,1.9142857142857144
R_xaSq3Cw9t4yRGxz,2.4571428571428573,2.4571428571428573
R_2Y3coW73Tj9GSpR,1.4838709677419355,1.2258064516129032
R_cuLBVaDDHndzUv7,2.914285714285714,2.6857142857142855
R_1P0FzwqNowiGVEl,2.8857142857142857,2.8857142857142857
R_2qkFW8ql2lpayoP,1.8484848484848484,1.3636363636363635
R_27cWIT0obkuiGwH,1.967741935483871,1.903225806451613
R_x4NLYCitM4kzKDL,2.5142857142857142,2.5142857142857142
R_3fZ8JOK4Hep0YIf,2.1,1.9666666666666666
R_2pLdkxhOEScgaPk,2.6285714285714286,2.5714285714285716
R_2oCEwI09olsTrxv,2.742857142857143,2.5142857142857142
R_3rMpa22z0A550WI,2.3142857142857145,2.3142857142857145
R_Ah5Z5mU8E2LY4Y9,3.3823529411764706,3.3823529411764706
R_yHDrYznjySjHPTX,2.057142857142857,2.057142857142857
R_1IsjQ1CTMChNbqA,1.7428571428571429,1.5714285714285714
R_2robHBWvE39S0Nf,1.0857142857142856,0.4
R_27NnSedX6lld9Gr,2.3714285714285714,2.3714285714285714
R_3iLvy9toRtxKbB2,2.7941176470588234,2.7941176470588234
R_1oumq1iJBLc31z4,2.7058823529411766,2.6470588235294117
R_1iqutUI7QgqIosC,2.9714285714285715,2.8
R_RE3HyFss2ZMnTe9,1.2571428571428571,1.0285714285714285
R_3elRqIVRipF1TBu,3.2285714285714286,3.2285714285714286
R_3phFeWt7WttMDvm,2.5142857142857142,2.4571428571428573
R_27fDafeBMvIf50q,3.264705882352941,3.264705882352941
R_3QK6WUU7HvSzHMy,2.206896551724138,2.0689655172413794
R_DrhB3uS8NmUA9Pj,3.0,2.857142857142857
R_31Lu8Fl7r9nwktU,2.5,2.5
R_12nH7ANvXnB329L,2.0588235294117645,2.0588235294117645
R_Uot2iuRN1bk6grT,3.393939393939394,3.393939393939394
R_ab2mtzshxuxeFhf,3.3714285714285714,3.3714285714285714
R_28OmtG0yNvq2De9,2.1724137931034484,2.0344827586206895
R_8dDHVwEvD5dTBlf,2.857142857142857,2.857142857142857
R_2B5Ts4sV7dE7BEf,2.764705882352941,2.764705882352941
R_3qV8bbu78soBjiX,2.0416666666666665,2.0416666666666665
R_XByNdNil02MPRZL,2.740740740740741,2.740740740740741
R_usmlPCj3qX0zpDj,3.4285714285714284,3.4285714285714284
R_3p2Xf2B5GCH8Gew,2.764705882352941,2.764705882352941
R_1g7k5qtPR46KPIM,2.2,2.2
R_2UWcNjqLHU3qRVe,2.764705882352941,2.764705882352941
R_3G7ARVKr4BkNN3g,2.4571428571428573,2.4
R_1r9aU3hThJsUkQ6,3.1714285714285713,3.1714285714285713
R_3k0x9FjvmsTPWpz,1.5161290322580645,1.2580645161290323
R_1OB674h34rklHF6,2.5714285714285716,2.5142857142857142
R_1P1Sd8SuFhwzIJt,2.4375,2.3125
R_AoittttcEXSs6lz,3.0,3.0
R_3spOuS8ps1Nlg7G,2.393939393939394,2.272727272727273
R_2qaUipWxBqDUBJO,2.742857142857143,2.742857142857143
R_UEC7CBVarFZ4xrj,3.4,3.4
R_3fVJM8CVdbt6vSP,3.342857142857143,3.342857142857143
R_SVoaafplI6dTKg1,3.0,3.0
R_ZzdyAYOtHwPIcBX,1.911764705882353,1.7941176470588236
R_1TFLM47sB1yVS4F,1.8148148148148149,1.3703703703703705
R_3kug4ddy2KHMw5q,2.942857142857143,2.8857142857142857
R_1meXjRmQHgYARkD,1.7714285714285714,1.542857142857143
R_28AoyZwaFvRfxQK,3.4571428571428573,3.4571428571428573
R_3qCqg2lm4sHSMIG,2.5428571428571427,2.4857142857142858
R_Ao0JjEWHnESsoyB,3.2,3.2
R_D7sK16Pu3dUaaJz,2.6857142857142855,2.6857142857142855
R_WC1ILgU73tqxctj,3.2857142857142856,3.2857142857142856
R_3IPK3BwttHy4IoO,2.1142857142857143,2.0
R_2PvznvKKMt7NH6K,1.8857142857142857,1.8285714285714285
R_2xWWtA4dUxMWPyf,1.7419354838709677,1.6774193548387097
R_Y90qWkBW8JCzryN,3.2285714285714286,3.2285714285714286
R_2uDGKvH5DLnK5XT,2.4285714285714284,2.4285714285714284
R_UW9HBBs409jmzPX,2.735294117647059,2.735294117647059
R_10SkDDMlGzhCErh,2.4705882352941178,2.4705882352941178
R_2qeIDSBeoWLmgPl,3.3142857142857145,3.3142857142857145
R_3qWMqhuwuYqzcES,3.5714285714285716,3.5714285714285716
R_3ijSmu01VTa13Ur,2.8,2.8
R_1ookVcyFT9OH8xB,2.8285714285714287,2.8285714285714287
R_ZJi9iIHbHIUHYnn,2.914285714285714,2.914285714285714
R_3HMvB65m5EghSSI,2.4857142857142858,2.4857142857142858
R_OvzMMIZSkMMKTcJ,2.4857142857142858,2.4285714285714284
R_2uWgGPKqxdRs6qT,2.0,2.0
R_31MJmbCe8UzpnRx,2.6857142857142855,2.6857142857142855
R_1NratNN5yTTyWIU,1.8484848484848484,1.6666666666666667
R_pyiovveUthbdOGB,1.1714285714285715,0.4857142857142857
R_9NZSZ8SZ5NM81S9,3.4571428571428573,3.4571428571428573
R_2sYeUWH1YuJqItV,2.9714285714285715,2.9714285714285715
R_3r1g6aVs5HRQ7M0,1.6470588235294117,1.4705882352941178
R_1FewtaW5wCAbNrJ,2.823529411764706,2.823529411764706
R_2B8T9HVROP3PPOA,1.9142857142857144,1.5714285714285714
R_UApTo9EVFdxLVol,2.0285714285714285,1.9142857142857144
R_25ygqbdTxcC5Nra,3.4571428571428573,3.4571428571428573
R_1nORDWYAOHmFES9,1.9705882352941178,1.7941176470588236
R_3k7K1C7OArwMpqB,2.242424242424242,2.121212121212121
R_3qfLxbM9jbKVU5O,2.914285714285714,2.914285714285714
R_3ktD0B58D1GgfNj,1.7428571428571429,1.5142857142857142
R_2Tz07AE0N3goCz9,3.4571428571428573,3.4571428571428573
R_3gYlUuawkZzPX0u,1.53125,1.28125
R_1qaH0TcAxqBun8k,2.6176470588235294,2.6176470588235294
R_3PySUCo33j106l5,1.6774193548387097,1.2903225806451613
R_5tGP5diybEptfZn,1.7142857142857142,1.4857142857142858
R_2fr0w4VIYxVP03t,2.4516129032258065,2.4516129032258065
R_2wFhF10aHEibu5e,2.823529411764706,2.7058823529411766
R_1IXAQQoWHpkHNwQ,2.6,2.5428571428571427
R_0cyJgV1GUVj7ytr,2.2162162162162162,2.108108108108108
R_2wsiKetDSh9DaJe,2.3421052631578947,2.1315789473684212
R_3Pc79xV7QUMXxlD,2.2777777777777777,2.2222222222222223
R_1NrKqfs6wMZ4nSY,2.142857142857143,1.9714285714285715
R_tJz2nP8CzYEuNAR,2.5675675675675675,2.5675675675675675
R_3irstIP9eIuHdKC,1.894736842105263,1.736842105263158
R_w7w5F2gGCEU1qO5,1.5526315789473684,1.394736842105263
R_1MVYVIkMBdHYfRR,3.3421052631578947,3.3421052631578947
R_2VlOXY95dxKrdmw,3.026315789473684,3.026315789473684
R_3QK8svzx6YJ736f,2.5,2.5
R_1JXB6NbS3qHF5ch,3.0,2.8947368421052633
R_3G7Xu9zI6bMdPHw,1.5526315789473684,1.5
R_2S8k7IQS4LYREzM,2.823529411764706,2.823529411764706
R_1HBKiTC7s7MmHwB,2.7567567567567566,2.7567567567567566
R_XB8d8l7AEx05ceR,1.6842105263157894,1.4210526315789473
R_3Kr73qpQsHMAzWE,1.5263157894736843,1.4210526315789473
R_1pQDLnocBmmXQ1h,3.3947368421052633,3.3947368421052633
R_RPNJ1I1ytcvcT1n,1.6486486486486487,1.5945945945945945
R_CdXv7AZs4sZkUwN,1.6842105263157894,1.5263157894736843
R_8llcrJGMe652u4h,2.0789473684210527,2.0789473684210527
R_272MRD2Fqrfk32P,2.3684210526315788,2.263157894736842
R_1ltwb2cqokJCJ7o,1.5263157894736843,1.2105263157894737
R_2fkB57LvCCjM0PL,2.357142857142857,2.357142857142857
R_1Hk7Qegnm2fDsVT,1.606060606060606,1.4242424242424243
R_3jS69EFOdTsjHhL,3.2432432432432434,3.2432432432432434
R_BPpveXAlgggsQFz,1.8421052631578947,1.5789473684210527
R_A6a8RmAOXR76PCx,1.736842105263158,1.6842105263157894
R_1pLPDqOkl4gkgU9,1.2894736842105263,0.868421052631579
R_2zoSMQ0IqXHgRom,1.5526315789473684,1.5
R_31LtRBby8Dzxy8g,2.1052631578947367,2.1052631578947367
R_DOE9oWV2DPIhYJj,1.0810810810810811,0.6486486486486487
R_3HBusq4hSbYyrbA,1.6578947368421053,1.394736842105263
R_1rkqMTrO6OMZwak,2.5,2.5
R_3FJtHVMJQhfSQKf,2.8181818181818183,2.757575757575758
R_9nUufo63bLKYnEl,1.7272727272727273,1.1818181818181819
R_8AnAbUU8gHDhSWl,2.263157894736842,2.210526315789474
R_3fwtBWDJhwOGWaO,2.289473684210526,2.236842105263158
R_yrwJtxLPMGiLMo9,2.8684210526315788,2.8684210526315788
R_sTk5zElkUMUZUxb,3.289473684210526,3.289473684210526
R_29bRHdveDhPLTqH,3.3157894736842106,3.3157894736842106
R_eFj7PB21GOJTQZj,2.9473684210526314,2.736842105263158
R_OrKicFVnZGZ3tIJ,2.6666666666666665,2.6666666666666665
R_2fcUhCxvE3fZvaY,2.763157894736842,2.6578947368421053
R_3lLUYgkkW8uddvK,1.3333333333333333,1.0555555555555556
R_s5ociIzXsoVKPkZ,3.2058823529411766,3.2058823529411766
R_2DRXhTl2CtJVAR2,1.736842105263158,1.5263157894736843
R_2D7v1YZfTPa78Xq,2.4210526315789473,2.4210526315789473
R_2xQrWBSVy1X4jr2,2.657142857142857,2.657142857142857
R_1rJFwyUQVJMrOLN,2.0625,1.9375
R_1kIaKXcRF6fD41N,1.3714285714285714,1.1428571428571428
R_1hKoUVzLhAEsjIB,2.129032258064516,1.935483870967742
R_2f9tGfPxdHLzX8Y,3.3142857142857145,3.3142857142857145
R_3fK0iMT1RmMNL0c,2.657142857142857,2.6
R_2v62CVMwkvPQqYf,2.5454545454545454,2.3636363636363638
R_vTE2Kg6Qs5OJjS9,2.5714285714285716,2.5714285714285716
R_3MxtcZmmqe8jWbe,2.3142857142857145,2.2
R_D97KbzuDgmvmncZ,2.6666666666666665,2.6666666666666665
R_DNQmJykmS4paOmB,2.9696969696969697,2.9696969696969697
R_2WCssYyxIkIdFiG,2.4,2.342857142857143
R_CmBLYLlfthxfqg1,2.4411764705882355,2.3823529411764706
R_1d6yVBVu2ycneQf,2.3529411764705883,2.235294117647059
R_sXy4PcFoZsT4yZz,2.7142857142857144,2.7142857142857144
R_2CBzZqgHBMtZ6YF,3.3142857142857145,3.3142857142857145
R_2rpcmWDtNbhCx3R,2.4857142857142858,2.4857142857142858
R_1nPYi4sWKBEAlpK,2.78125,2.78125
R_Uu4jIg5ibB28cX7,3.03125,3.03125
R_2feNcUiz85meYvH,2.1142857142857143,2.057142857142857
R_vvhqk4IaaeSOZRD,2.2857142857142856,2.0
R_1pQc7glcdX96xT0,1.7142857142857142,1.3714285714285714
R_2dhCcnn2gnqq5Fs,2.1176470588235294,1.8235294117647058
R_1BPIGXK21JzrwOn,2.085714285714286,2.0285714285714285
R_3kirEu4ZNQjXJWF,2.1714285714285713,2.057142857142857
R_UGEtx8aSCByGFtD,2.6,2.6
R_2YqO6wf50wD3tpn,1.0285714285714285,0.9142857142857143
R_2TnQeE2fGm1jkS7,1.0857142857142856,0.6285714285714286
R_1gcIbGhJUThhKN2,3.0,3.0
R_1pY9uHC5qLV8MeY,2.3142857142857145,2.2
R_3eh2RfUQYrcTlEZ,1.9375,1.9375
R_3qJOXcGlhon3sxt,1.8,1.6857142857142857
R_1PdYyFFAsrVB16X,2.5714285714285716,2.5714285714285716
R_XsNYtN54HIzrWkF,1.6285714285714286,1.3428571428571427
R_Weqgy8hFao0AtWx,2.3823529411764706,2.264705882352941
R_3kKAOJkgYDhzAbL,2.764705882352941,2.764705882352941
R_25HOgTFvBknhaho,1.3333333333333333,1.0909090909090908
R_yqGpbljJ0qrcZgt,2.742857142857143,2.742857142857143
R_1oImLVKxxmAnHcb,2.967741935483871,2.967741935483871
R_w5Xu7KvNPFlEloJ,1.6857142857142857,1.6285714285714286
R_2cB34UusLqVehdW,3.342857142857143,3.342857142857143
R_1QiP242DlJHne2p,2.4571428571428573,2.4
R_z2nX9RQWOZdzaw1,1.5555555555555556,1.5555555555555556
R_2ckkzFR2iVIKsLk,1.8857142857142857,1.8285714285714285
R_2zNn2VuYWv3QT2a,0.4857142857142857,0.42857142857142855
R_2c5iDC14Lw9GzBo,1.9428571428571428,1.9428571428571428
R_UXylijO1Jl3fMg9,2.0588235294117645,1.9411764705882353
R_12nYGmp62U5itNW,2.9285714285714284,2.9285714285714284
R_oZDrYYlI0S5oFBn,1.911764705882353,1.911764705882353
R_2uEb8U1szbNf5qB,2.4411764705882355,2.3823529411764706
R_33d4kOm6yTzoq8d,3.1515151515151514,3.1515151515151514
R_3CASh42v71FbP4n,3.3529411764705883,3.3529411764705883
R_9sJdZdLKoLm5uvL,2.6176470588235294,2.6176470588235294
R_3hhCuwcmNa5QM9O,2.7058823529411766,2.7058823529411766
R_3HAqyqObL2mivQC,3.5,3.5
R_3EQq7NOkSgjP3KJ,2.6363636363636362,2.6363636363636362
R_2zd4QNZyJSiT2Jf,3.3333333333333335,3.3333333333333335
R_3k7jZWOtwWhqPfV,2.15625,2.03125
R_ZkpsmBzhLINaJlT,3.0588235294117645,3.0588235294117645
R_8zRgFVdUujb88fL,2.71875,2.65625
R_2BzVqeKc51kZCOb,2.0588235294117645,1.9411764705882353
R_TdRDxCImxUwHKIV,3.0588235294117645,3.0588235294117645
R_40mKYWtClLLDM2J,2.878787878787879,2.757575757575758
R_1Neq6zJg5emqmJe,2.923076923076923,2.923076923076923
R_1NEaJBZtKgwtlAs,1.7333333333333334,1.5333333333333334
R_2xWBXwfjSeGdlZS,2.5294117647058822,2.4705882352941178
R_BXkj1Grbbd8rFn3,2.9310344827586206,2.9310344827586206
R_b8SsKWghk8EYcKd,2.4411764705882355,2.3823529411764706
R_1lc4zDQArFrIvk4,3.264705882352941,3.264705882352941
R_2XccdFfrnRrqGpy,3.6470588235294117,3.6470588235294117
R_2tg6oKuk5UhrpxQ,2.9,2.9
R_11gx9sPl5MZz29C,2.8292682926829267,2.8292682926829267
R_DIBqIBA3mN2FQJ3,3.0,3.0
R_A54FSoUptwbVPZT,2.925,2.875
R_12bBOjRJoZbBkwG,2.076923076923077,1.8717948717948718
R_21cTOvPl6k11rWT,2.8292682926829267,2.8292682926829267
R_3qs4lwbn1ISpjnT,0.9512195121951219,0.6585365853658537
R_2WAMgIaVVpSFUfL,2.4634146341463414,2.268292682926829
R_8H4Se5Yq2SkSvM5,1.170731707317073,0.14634146341463414
R_DBt6ppLMMXmo1Oh,2.7804878048780486,2.731707317073171
R_yPI5wxnYvvJLfsR,2.4878048780487805,2.4390243902439024
R_9ZVkHkqCCeVF7hL,2.268292682926829,2.2195121951219514
R_3hA6n0EtwvlZkAL,1.4,1.35
R_2tFodwRxsitPYcp,3.2439024390243905,3.2439024390243905
R_ub5xaqQ4tdwmSvD,1.975,1.775
R_1hyzwqXj8qH23UT,2.6666666666666665,2.41025641025641
R_3a7LoIgGuR3iEud,2.9210526315789473,2.9210526315789473
R_1JWPWwOEbtjOf49,2.1219512195121952,1.975609756097561
R_9EpRvbahNb0AB2x,2.7804878048780486,2.7804878048780486
R_3qVXjuG801W7b6l,2.473684210526316,2.473684210526316
R_XYSwHmq8pnm1u9j,2.875,2.875
R_3dKAj49MfXGi9DB,2.3548387096774195,2.225806451612903
R_1mntUUS7jWx5zOY,3.292682926829268,3.292682926829268
R_yrmNW7sjs1GZ8WJ,3.292682926829268,3.292682926829268
R_DJ3w2CsUEeFkVuF,3.2564102564102564,3.2564102564102564
R_727vPy1Ua3v5Akx,2.05,1.55
R_23VonuvGmvGhlJs,2.5365853658536586,2.2439024390243905
R_1GWjGVNJzPXLWLn,1.829268292682927,1.4390243902439024
R_2SJmO49KDTxmE7p,2.317073170731707,2.317073170731707
R_22QX0t60VdIOd9d,3.073170731707317,3.073170731707317
R_1GUhvHxao1V0BaO,2.268292682926829,2.1219512195121952
R_QocaHoJfojYHIhr,2.1463414634146343,1.9024390243902438
R_12MiCh8eqHpIu6s,3.2439024390243905,3.2439024390243905
R_1ifbqt50wg8knD5,2.35,2.05
R_10H19BWp0vPCdPK,1.9268292682926829,1.9268292682926829
R_3g5XGHnhaWKRGTk,1.7317073170731707,1.5365853658536586
R_5aJsAmzM2cFwqeB,1.6341463414634145,1.2926829268292683
R_6POUWR1qhtQVIA1,2.3157894736842106,2.3157894736842106
R_25yWBkcbKE43t7L,1.4736842105263157,1.1578947368421053
R_uyrT6raomc1FCBH,1.9210526315789473,1.8157894736842106
R_2Yxoqc5behRUmZO,1.8055555555555556,1.4166666666666667
R_2zijZ4OjfgLktMZ,2.5789473684210527,2.5789473684210527
R_3kgCC9yqpWcw9yI,2.6052631578947367,2.6052631578947367
R_2b36rlQ7zdmE7UX,1.8235294117647058,1.6470588235294117
R_RV8lnSFtVspffNf,2.0526315789473686,1.894736842105263
R_1oCjNbMzUbr6DH1,2.4473684210526314,2.236842105263158
R_2zdOoGQjgWFcBIk,2.4473684210526314,2.4473684210526314
R_1NDrKqHseYnFh3y,2.0,1.7894736842105263
R_1Ke5Q6fvnqR7wCW,1.5,1.3333333333333333
R_3GiE6957lF2JzWX,2.121212121212121,1.7575757575757576
R_3hG4PAMw2drerS7,3.3157894736842106,3.3157894736842106
R_w5UWqzmgqDOOLHH,2.135135135135135,2.027027027027027
R_29n0uZZLhN2elnq,2.0,1.945945945945946
R_sveMQS9Jg5FAGv7,2.3947368421052633,2.236842105263158
R_bPGrVDumwEpC3tf,2.763157894736842,2.6578947368421053
R_2Br4fyvi1XcAUCQ,1.631578947368421,1.5263157894736843
R_2YfzPjFX4yleKw6,2.526315789473684,2.526315789473684
R_1ZDTNIUtAv0CozT,2.263157894736842,2.1052631578947367
R_3DnAKYsg1Xqw6JV,1.9655172413793103,1.6206896551724137
R_25zlYBciXqhZ5R4,3.0526315789473686,2.8947368421052633
R_2QKY2UUA1V3UYpt,1.56,1.4
R_1o71anAWFoACDos,1.4054054054054055,1.2432432432432432
R_3LclgMroJNsPcuJ,1.5263157894736843,1.2105263157894737
R_2cbbLHyDuFm9ALf,2.1842105263157894,2.1842105263157894
R_2pVv8XuN9GRxFOD,1.4375,1.25
R_1IcGRoFMyOhaGTo,1.2894736842105263,1.0789473684210527
R_3NOsXKIBZwBiLGp,1.972972972972973,1.972972972972973
R_1M0VZViWvXhyE1m,2.263157894736842,2.1052631578947367
R_3Oe8trYpY4orMYX,1.9210526315789473,1.868421052631579
R_26o6GjLcefiLR2U,1.4210526315789473,1.4210526315789473
R_WoJJbGOLJqbNPW1,3.289473684210526,3.289473684210526
R_1NwhMiXf785pOqG,1.605263157894737,1.5526315789473684
R_294UapGFsK8Uwad,2.2972972972972974,2.2432432432432434
R_3MGNXTmVpztWwhg,2.0,2.0
R_31mFznIBMJGmKjd,2.8421052631578947,2.8421052631578947
R_6Dc6hLlPgZtRdlL,3.289473684210526,3.289473684210526
R_1Ybl1NK0Pq7ulK9,1.2105263157894737,1.0526315789473684
R_3rTjn5RZqd1uwEZ,2.1315789473684212,2.1315789473684212
R_3KO88ho20NvLjoG,2.8684210526315788,2.8684210526315788
R_3rM6d1cMZfQn8NQ,2.763157894736842,2.763157894736842
R_tYsS1oMxvq0gmrv,2.0,2.0
R_2SprBaVdB20u1Rw,2.638888888888889,2.638888888888889
R_1HdB8ZBgmsaTLQ4,2.2285714285714286,2.1714285714285713
R_1PaXd0nZVzH7hLJ,1.5,1.1666666666666667
R_1P5yJCudbY2kG7h,2.6285714285714286,2.6285714285714286
R_vB6LXoyqbTAZRGV,2.2758620689655173,2.0689655172413794
R_22Xrx8ibTiRvfkp,2.7142857142857144,2.657142857142857
R_1NqR7dg6WzNzX1H,2.4482758620689653,2.4482758620689653
R_qWlulxJki4BryPn,2.5714285714285716,2.5714285714285716
R_1mz6NLAKKOImUFh,2.4,2.4
R_3jVicX84FhIfvP1,0.7142857142857143,-0.7142857142857143
R_3qywLFaSWEPc0Jy,2.942857142857143,2.8857142857142857
R_xmkiOahpVfvhWCd,2.1714285714285713,2.1714285714285713
R_2y2G056uT5Xj3tv,2.78125,2.78125
R_zcF16EBBUAawM8x,1.8285714285714285,1.0285714285714285
R_1JVqKqgI49gh4FY,1.8,1.3428571428571427
R_2uQX7BtWKZC7gBa,2.2857142857142856,2.1142857142857143
R_2aIZwu1FllxauE6,3.085714285714286,3.085714285714286
R_3rURBwtnMscyzw1,3.0285714285714285,3.0285714285714285
R_0UI4VrrussCTiRH,1.4857142857142858,1.2
R_TebtItId2ty2Bmp,2.9411764705882355,2.9411764705882355
R_3EE8Hc6aJyk2TpS,3.1142857142857143,3.1142857142857143
R_24dQi99gJbVtLJC,2.4,2.2857142857142856
R_2dpf5e3ERsvYWPF,3.32,3.32
R_1jGKPSVWqay5Kpk,2.4571428571428573,2.4
R_12sxDYZTY5frbJ0,2.657142857142857,2.3714285714285714
R_3G17OsE377fkw1b,1.2,0.9142857142857143
R_25ZrmWtP4GwAQpg,2.3714285714285714,2.3714285714285714
R_1r8LYXDT26LHb2y,2.375,1.9375
R_3ni1CKYplySvM56,2.7714285714285714,2.7714285714285714
R_1hR0RWoorVE4naZ,3.1714285714285713,3.1714285714285713
R_1plCMDa0Jh4m0r5,2.257142857142857,2.142857142857143
R_2CvlI9dXNxoDhGx,2.8181818181818183,2.757575757575758
R_2ZBwMRVTUaMLYRJ,2.4571428571428573,2.342857142857143
R_3Ge5SsiLg9DKCJD,2.914285714285714,2.914285714285714
R_8nQwLgeDOXP8FKp,2.6176470588235294,2.6176470588235294
R_3HiaUdcEIEwWp2U,3.242424242424242,3.242424242424242
R_1QlNCgt0XWdye1C,1.4857142857142858,1.3142857142857143
R_3Di5EMZ2qe7DGR3,3.085714285714286,3.0285714285714285
R_1rDjGz7kgZDEZ2H,2.411764705882353,2.2941176470588234
R_3RaLJzdWkhCtkRV,3.0277777777777777,3.0277777777777777
R_1qWAOUiCBCBo5Lo,1.9210526315789473,1.605263157894737
R_2VJxOzxInqycHD7,2.891891891891892,2.891891891891892
R_0iJv8Dh2CEwHFzX,1.2894736842105263,1.1842105263157894
R_3L6kupcqguZnCUP,2.0555555555555554,1.8888888888888888
R_55vwiJxLcMqaqpX,2.2162162162162162,2.054054054054054
R_1DopV5LI0jsLzDA,1.6111111111111112,1.2222222222222223
R_2y1TEGx8DNhb130,3.5135135135135136,3.5135135135135136
R_12SA4obKgXvGMch,2.0,1.6666666666666667
R_26w1oDk4UmONsxX,2.3157894736842106,2.3157894736842106
R_3pbbrBqr7cm61fl,2.5277777777777777,2.4166666666666665
R_BPLKyZ1clIybqY9,3.4473684210526314,3.4473684210526314
R_qV22PP9oPQKOO4N,2.3333333333333335,1.9523809523809523
R_3NJIrpWIEh34RCC,3.0,3.0
R_2taqU6Zbtc2NpKd,3.526315789473684,3.526315789473684
R_27Bj5oO5rfZjZvl,2.3157894736842106,2.263157894736842
R_1IXHeUyAc7zeD4P,2.210526315789474,2.210526315789474
R_3qppPeq1TH3tq4m,2.289473684210526,2.289473684210526
R_1gAszkwYkOavmlQ,1.8157894736842106,1.5526315789473684
R_Z2Hs0fFkGiveZwd,2.6176470588235294,2.6176470588235294
R_2ON1acCzns8Epko,2.1470588235294117,1.8529411764705883
R_NWqcGyr16nAGJnH,2.6285714285714286,2.4
R_wLfT3kAQYuY1y8h,2.5365853658536586,2.5365853658536586
R_3e4RhgLTqXPk0jD,2.225,2.225
R_28T0PZ00t2AKUk6,3.048780487804878,3.048780487804878
R_6iqdy7e8kYvYyPf,2.1463414634146343,2.1463414634146343
R_BXG9UHxeS3DVq9z,2.975609756097561,2.975609756097561
R_eesNOaURcBYAueB,3.45,3.45
R_3QDzuoNgU7aQneO,3.15625,3.15625
R_SHmbTrAYY4Ck7tv,2.073170731707317,1.8780487804878048
R_PXR6ZcnFzLQplKN,3.1707317073170733,3.1707317073170733
R_3j3eA57i4rthFpG,3.4358974358974357,3.4358974358974357
R_1j9xreVXgnJWlcx,2.5121951219512195,2.5121951219512195
R_4IKuVHOk7sJMfjr,3.433333333333333,3.433333333333333
R_tKYIWVCu4G45qGl,3.5365853658536586,3.5365853658536586
R_DuVUm3hob2VBBJv,2.075,2.075
R_27gqyzwnebOFHc6,2.5121951219512195,2.5121951219512195
R_OpwwGzWGXekydJT,2.4146341463414633,2.4146341463414633
R_1kTxx5tL2BzXLtk,2.1707317073170733,1.8780487804878048
R_ykVkUWljqMmFqFj,1.1111111111111112,1.1111111111111112
R_28V9FWNL0tTuB5O,2.875,2.875
R_1LtHKsTkyj5BZOp,2.5588235294117645,2.5588235294117645
R_217GkYwjG0qnyRi,1.2352941176470589,1.1176470588235294
R_1I3Dc1HiZKKimWA,1.6363636363636365,1.2727272727272727
R_6zAod8Cj9w8QW41,2.342857142857143,2.342857142857143
R_2uqQFF2yQCaOSUg,3.257142857142857,3.257142857142857
R_2xPKVOGO3RuOu8W,2.2285714285714286,2.1714285714285713
R_20NXQAWlxESLVeX,3.1142857142857143,3.1142857142857143
R_3k70Avh778iS5E1,2.2285714285714286,2.2285714285714286
R_3QDFHT30B14Wnok,2.8421052631578947,2.736842105263158
R_3qsW7j9NfmBYVK5,2.323529411764706,2.323529411764706
R_2axbOloEfArE2kn,2.6285714285714286,2.6285714285714286
R_1JPE6GXUjcRJWfu,2.2285714285714286,2.1714285714285713
R_1P7cGAVPxi02BCg,2.3225806451612905,2.3225806451612905
R_1d0S9xdBNZN5tc9,2.0,2.0
R_2CksXKrIGBmJYTK,3.3125,3.3125
R_3IY6hmD67AG7BlL,3.2,3.2
R_ai2VcgsDvc09aN3,3.257142857142857,3.257142857142857
R_3NCBSpYNotlSTBj,1.6857142857142857,1.5142857142857142
R_3MnAzvFB5pamMXG,2.9411764705882355,2.9411764705882355
R_24eZ1vrmag946yF,1.4285714285714286,1.2571428571428571
R_1KfM26VWQGVL2ko,2.6470588235294117,2.6470588235294117
R_3I3R5dfpQ5290aM,3.4,3.4
R_UhjluqB1oewcHD3,2.5625,2.5625
R_1MXlDWxn1I63wxg,2.4285714285714284,2.4285714285714284
R_1kM6KpauHLufAho,1.7878787878787878,1.7878787878787878
R_2w7ggZcZjSLWgIa,2.2,2.2
R_yISZzdjdpBJhZ0l,3.1714285714285713,3.1714285714285713
R_3P5LKghRHqkSWC7,2.342857142857143,2.342857142857143
R_3HktQ2PEjsh2Qut,3.2,3.2
R_2wvHuTdU0cpeR8C,2.8181818181818183,2.8181818181818183
R_ywksMBcjwAwKZc5,2.5142857142857142,2.5142857142857142
R_2bJcwsNdS42sfBM,2.5142857142857142,2.5142857142857142
R_1FM9NN8qREFj4u6,2.176470588235294,1.8235294117647058
R_3EgrgSdl94peowi,2.606060606060606,2.5454545454545454
R_7VRxzoP1Qrjz7G1,2.9714285714285715,2.9714285714285715
R_21mHgYB0uFK5aCC,3.1470588235294117,3.1470588235294117
R_uev9O3qdjXNAPbH,2.8857142857142857,2.7714285714285714
R_ypYFStgNVikDew1,2.4857142857142858,2.4857142857142858
R_3lzsbxmLR4Y5FdW,3.142857142857143,3.142857142857143
R_2ykO6GWhtBtV4RW,2.3823529411764706,2.264705882352941
R_3m4eSuZsCDFQyiu,2.142857142857143,2.0714285714285716
R_2qmdmYHDpdThdTt,1.9714285714285715,1.6857142857142857
R_2a9wPGvkMYEj1SX,2.4857142857142858,2.4857142857142858
R_3JEnKb1Ydu6zeVe,2.5,2.423076923076923
R_6nxs2M0NG6dAjKh,2.625,2.5625
R_1lmD2oQXWpvCQB3,3.323529411764706,3.323529411764706
R_2V8wFH5yKgED6eN,2.272727272727273,2.212121212121212
R_3FPDGX8cYf3JKlm,1.8571428571428572,1.5714285714285714
R_Zfw60H3O90iVk2d,2.914285714285714,2.914285714285714
R_71CJUkdLMVQGTlL,2.8,2.742857142857143
R_2ZDgMikIxcrz0KC,2.161290322580645,2.096774193548387
R_1jwRHPwer7F4EKY,2.2,1.8
R_vIzF3yN5wEunxpT,1.5172413793103448,1.0344827586206897
R_1feEusiTYPGKYNh,1.9714285714285715,1.8571428571428572
R_2cuqFFL9Tb0Mbql,3.1714285714285713,3.1714285714285713
R_2BlLxgt6Vc0rDKb,2.4,2.4
R_2OISbOiJCZoc4z4,1.9142857142857144,1.6285714285714286
R_qPe9TCZLQogkdqh,1.9428571428571428,1.8857142857142857
R_11WLq18nFHsxDbQ,2.6857142857142855,2.5714285714285716
R_yqj20ht9kU2dVGF,1.3428571428571427,0.9428571428571428
R_1Ii76w8hCaiFbD9,1.6857142857142857,1.5142857142857142
R_3HGiyh2AGzEzqMa,1.5714285714285714,1.457142857142857
R_31YIBJ5gUnIk6Qu,3.0285714285714285,3.0285714285714285
R_1feix8fyDGmtP9Q,2.914285714285714,2.914285714285714
R_3kuqf1NoDbWJ6bQ,2.0,1.935483870967742
R_2dNlw7TuZgozEaJ,2.3142857142857145,2.257142857142857
R_ALiYNDUMCI5bIEF,1.2857142857142858,1.0
R_50XxDTgrrwK9Ybf,3.2,3.2
R_ApmYShthgpHWhJn,1.9714285714285715,1.7428571428571429
R_1DqdDgk7g6cPwRL,3.142857142857143,3.142857142857143
R_wRw8btiaKWCgCAh,2.4571428571428573,2.4571428571428573
R_2sS8wR7Lmxgil03,2.0285714285714285,2.0285714285714285
R_3k1B5Rwhpg9NluS,2.4857142857142858,2.4857142857142858
R_We7NwNWCFW87ikp,3.5757575757575757,3.5757575757575757
R_2fKkG3wOgy9LLci,3.4285714285714284,3.4285714285714284
R_2ToYfryjBpaC9q2,3.1714285714285713,3.1714285714285713
R_2vcxoA8PEaMZSF5,2.4516129032258065,2.4516129032258065
R_3O6B936rUjqgVES,2.5161290322580645,2.4516129032258065
R_2rMYzrGVZYFMAyY,2.8,2.8
R_2XmyaKfBaT3EOQP,1.9714285714285715,1.9714285714285715
R_30bOBNfpjQcZygD,2.342857142857143,2.342857142857143
R_2aK0hbANc1J9yl8,3.742857142857143,3.742857142857143
R_2fy5qlRXhTtdjOo,2.4571428571428573,2.4571428571428573
R_1r1ajnQeyEwier5,2.6857142857142855,2.6857142857142855
R_29s2NgakCk5nyBB,1.6129032258064515,1.6129032258064515
R_3k0LNZUfdMkXr5L,2.066666666666667,2.066666666666667
R_2Qxl4JMHO2OFS8l,3.4571428571428573,3.4571428571428573
R_11Z4xZP2BXmjh55,2.606060606060606,2.606060606060606
R_2yeGVY2GqoCYcdz,2.6,2.4285714285714284
R_2Su9a9UYleORojb,3.142857142857143,3.142857142857143
R_3Jlopsl6BhLiCi5,1.6285714285714286,1.2285714285714286
R_1n6YuTG7nt8h4pu,1.8285714285714285,1.4857142857142858
R_1GNdF1EWh7aeUkg,2.787878787878788,2.787878787878788
R_2cvDZ8xdkj3JlVg,2.942857142857143,2.8285714285714287
R_1pSsiQVXYiq7kKa,2.5142857142857142,2.057142857142857
R_NXPXOlmfvSkDm2l,1.6571428571428573,1.542857142857143
R_25N1QltmlRivu5s,2.4571428571428573,2.2285714285714286
R_1DClFtvZSKHlmJR,2.8,2.8
R_11d0LMqdVF2vH9p,1.7272727272727273,0.8787878787878788
R_2Y2NZGmiI5LKScY,2.96875,2.96875
R_2fDLA7jbFO3tgZL,3.057142857142857,3.057142857142857
R_3fMKxALVLyokq7k,3.1142857142857143,3.1142857142857143
R_2otQWfmDeQ1sZjP,1.5625,1.375
R_1ruyFQY47tXuMzc,2.4285714285714284,2.3142857142857145
R_123XDUs0tMzNUCT,2.40625,2.40625
R_3HvvLADhuK3bgUG,2.8285714285714287,2.7142857142857144
R_2fI0in0gvvxnZIp,1.9142857142857144,1.6857142857142857
R_sHkSiqXphQhwY0N,2.7419354838709675,2.7419354838709675
R_3DqIqqQQ55tvFDR,1.2,0.6857142857142857
R_22zRi6qgckeh1jI,3.1714285714285713,3.1714285714285713
R_2YWCngvMlh8wJgb,2.8285714285714287,2.8285714285714287
R_2QodKnh8Hau0E1i,2.7142857142857144,2.4285714285714284
R_31cPh9v6EIpVGZm,3.085714285714286,3.085714285714286
R_1ILZ2gofm1LpXOL,2.6129032258064515,2.6129032258064515
R_7VsWx6Pku6vi5dn,1.9714285714285715,1.1142857142857143
R_1Crn8mLxCtaRGWz,3.1470588235294117,3.1470588235294117
R_1Qm6zF8bSFWQiku,2.4,2.2285714285714286
R_2z5D4AQbnB6EJxV,2.4516129032258065,2.3870967741935485
R_Q5NbXrzBRdtDTwt,2.710526315789474,2.710526315789474
R_qOwg1fEZa4Vfe6J,2.236842105263158,2.236842105263158
R_1pA0tg08uu3U2JO,2.8055555555555554,2.8055555555555554
R_2WJ4EuhXspgfgfP,3.3125,3.3125
R_1FDI4hx1Zu389tx,1.4736842105263157,1.368421052631579
R_3MbsRuxQcjNqBjc,2.7096774193548385,2.7096774193548385
R_26o49FxanoNafwe,2.3947368421052633,2.3947368421052633
R_1ODdzerfL3P9dr4,1.605263157894737,1.5
R_d6W7VTDtgnLNsB3,3.026315789473684,3.026315789473684
R_30czBJEqO3O1fmZ,2.1842105263157894,2.0789473684210527
R_1hWPXLSkV07ZAVh,3.1052631578947367,3.1052631578947367
R_DHlPxJk35kifhSN,0.6486486486486487,0.43243243243243246
R_1ezUpLhDihmWJgH,2.933333333333333,2.933333333333333
R_2PA11qqCHdLukJr,3.4594594594594597,3.3513513513513513
R_2EmhTzUdYlCE1m8,3.3947368421052633,3.3947368421052633
R_BthYPWKbMjCXQB3,3.076923076923077,3.076923076923077
R_2RQUr0VLqtiXUb5,3.3157894736842106,3.3157894736842106
R_begQUM0I2nipeOB,2.5806451612903225,2.5806451612903225
R_3JLA2vxr58rtCpX,3.236842105263158,3.236842105263158
R_2CNY9AHOI6wNyv1,3.1315789473684212,3.0789473684210527
R_xfQSGM7WxioMhWx,3.2903225806451615,3.2903225806451615
R_sbR9zokMWjdKqTT,2.3157894736842106,2.3157894736842106
R_1eWTrCLIZglL4pG,2.263157894736842,2.263157894736842
R_10YMvLAwCoBLRZb,3.0,3.0
R_1ika83RqR94aUEM,2.5,2.4473684210526314
R_1IxTEWRVpHTh94d,2.289473684210526,2.1842105263157894
R_8x2Vb9v1SfK6i9H,2.5555555555555554,2.5
R_UygoHAMbXWQ1urT,2.4242424242424243,2.4242424242424243
R_231tAOnkcWcUTUA,1.9210526315789473,1.9210526315789473
R_TmXxl3knWgXBAOZ,1.868421052631579,1.868421052631579
R_UPBZ5UKaM5KeXrH,2.4473684210526314,2.3947368421052633
R_3koHhkkpLYNbWHi,2.5,2.5
R_2wTzvNv8kR2L0x8,3.1052631578947367,3.1052631578947367
R_2VjT7kOjQJ4wnLU,2.3684210526315788,2.263157894736842
R_2bVHE8X947ysH8T,2.5526315789473686,2.5
R_265AiD3yYJpBtRJ,1.4473684210526316,1.394736842105263
R_1QiQnpCNzFIqgcg,3.0789473684210527,3.0789473684210527
R_1mQQ8lFUkezbE4s,2.236842105263158,2.236842105263158
R_1pLSErY9Bxd7DwL,2.5,2.4473684210526314
R_2axnnuoiarslNhc,2.7027027027027026,2.7027027027027026
R_2flzj1KDx4IUznI,2.090909090909091,2.090909090909091
R_25F5o5hlRzmhPX2,1.3409090909090908,1.2954545454545454
R_2qxzi9vTA6FJH7a,1.7272727272727273,1.5909090909090908
R_1oGTkZywLBM2EvP,2.909090909090909,2.8636363636363638
R_1gLMigOEbtMGPzB,1.8529411764705883,1.8529411764705883
R_UzRFHArGmGEt1Yt,0.8181818181818182,0.6363636363636364
R_XUrs93qix8mcAzT,2.5,2.5
R_2rxBYyGXNSgXONY,2.0,1.4545454545454546
R_pLtHc7iGLcUoRzP,2.909090909090909,2.909090909090909
R_12nZ9NGJ0EGFnpz,2.9210526315789473,2.710526315789474
R_uzijhjC7FJC2V0J,3.1818181818181817,3.1818181818181817
R_2WvDG5USu6v7VHv,2.6136363636363638,2.6136363636363638
R_1pyhvn9utQ1zW8a,2.909090909090909,2.909090909090909
R_qyjWtWnt2pR2c93,2.2325581395348837,2.186046511627907
R_12D4FDZygCOGI38,2.340909090909091,2.2045454545454546
R_2ePgJNMrCBlFuA6,3.522727272727273,3.522727272727273
R_1jwyKOobLp1cO0n,3.522727272727273,3.522727272727273
R_1q4CyvjD5bmWxvs,2.1818181818181817,2.1818181818181817
R_22sJplL2PghNmtl,2.707317073170732,2.707317073170732
R_Weetqs95I07GhaN,3.0,2.8636363636363638
R_6eSHYrfYB7fgSsh,2.5813953488372094,2.5813953488372094
R_1IGUy0zfXGOiISK,2.590909090909091,2.590909090909091
R_WuGvFnMFQgbgWVr,1.5,0.9736842105263158
R_3kdgyvGN2eScieO,2.6578947368421053,2.6052631578947367
R_0GmAJcYHmwHRJ7j,3.236842105263158,3.236842105263158
R_RCvDjPFlpa66jHr,1.9473684210526316,1.8421052631578947
R_3gZaeBwJtdMqOYA,2.3947368421052633,2.1315789473684212
R_29oyZyWoLFqk9vv,3.1578947368421053,3.1578947368421053
R_2VdvHy0loZrr04E,1.8108108108108107,1.7567567567567568
R_1Qlr71eLRwz8lhW,2.2162162162162162,1.8918918918918919
R_1Cav7cfh0ZGybcP,3.1842105263157894,3.1842105263157894
R_1IYrISkbiKZxVRv,3.210526315789474,3.210526315789474
R_26nGmaDUk9gikzW,2.3157894736842106,2.0526315789473686
R_3GrkxDJYQ0ZT4JW,2.0,1.9473684210526316
R_3noWBmO4eqfEOcM,2.2857142857142856,2.2285714285714286
R_DSnzSSmYjxluqxr,2.40625,2.40625
R_AGKRZog9VpEAHEB,2.5,2.289473684210526
R_31R7Bt9MhTeDoTa,2.1842105263157894,1.9736842105263157
R_A5PBcjDx7tcc1ep,3.236842105263158,3.236842105263158
R_2wQww4ubFTyRiXV,2.8157894736842106,2.8157894736842106
R_2SkQ0hrjzTaaOH7,2.289473684210526,2.1842105263157894
R_2XjtfNAhZKAoXzj,2.861111111111111,2.861111111111111
R_1gIRz1WD2v5xoF5,2.1315789473684212,2.1315789473684212
R_b8cKtQOuioOTspr,3.236842105263158,3.236842105263158
R_puY4gP6DDwwhLBn,2.5675675675675675,2.2972972972972974
R_1oAo2FqMdeFFwBP,2.1578947368421053,2.1578947368421053
R_2ZJpKClu26KhRPH,1.7837837837837838,1.7837837837837838
R_r1nYfHaNrRg0M0h,2.5526315789473686,2.5526315789473686
R_2w6Q6r4Q7R715o5,3.473684210526316,3.473684210526316
R_10vcsmEZhvQY0tD,2.6842105263157894,2.6842105263157894
R_27g9CDe4F70xMwc,3.236842105263158,3.236842105263158
R_3hyxOF1yOnYsuSY,0.8421052631578947,0.3157894736842105
R_Q0O1ROlmzWSsPUl,2.7567567567567566,2.7567567567567566
R_1DU2jr5PuR4n3KU,2.888888888888889,2.888888888888889
R_1gG6vxc2s6YfX3q,1.0263157894736843,0.7105263157894737
R_3jfCQihTjnAtP0u,2.763157894736842,2.763157894736842
R_2wcViy2XKJKvKed,1.9473684210526316,1.736842105263158
R_2xQPt2FDxSu6vE8,1.894736842105263,1.8421052631578947
R_3HjGlKdchAUdOxl,2.6944444444444446,2.6944444444444446
R_3IzBdqu9fm7NV4J,2.8684210526315788,2.8684210526315788
R_3Lkh4oxYOLU95YK,2.0,2.0
R_3D29Jn5LJZTCGcd,3.129032258064516,3.129032258064516
R_1OiQmqiFvhhPnGf,3.5,3.5
R_3JF2s0SO10biiSN,3.5,3.5
R_erH57eKfbbFH4KB,3.289473684210526,3.289473684210526
R_2WJ5zuubGaL7j4V,3.2972972972972974,3.2972972972972974
R_2bZBwDqHO9ZjFCu,2.8181818181818183,2.8181818181818183
R_2tr3FgO3UG51JW0,3.4864864864864864,3.4864864864864864
R_vP3zbn469MIelax,3.4473684210526314,3.4473684210526314
R_2TAbwzhGQpxMLIJ,2.9375,2.9375
R_3j989eXVcseiVtm,2.1315789473684212,1.9736842105263157
R_2R8QXs8Yez09aVD,3.5,3.5
R_1Ke7sp6wJd6JpFj,1.9189189189189189,1.8108108108108107
R_23ZWr24aWnSiDXr,3.0,3.0
R_3OiB5dfVDmfZbfQ,2.0526315789473686,1.894736842105263
R_2Cx3QYbnxhpBhbo,3.026315789473684,3.026315789473684
R_1JWtXw6k3JURHaD,2.3684210526315788,2.0526315789473686
R_8Gqi2Wlab3ffpWF,1.236842105263158,1.131578947368421
R_1nSAtzqIrHXzuNP,2.0555555555555554,2.0555555555555554
R_3nr6ZbxxnQ0kVP2,3.0789473684210527,3.026315789473684
R_3MKmQKuwrjuKTN0,3.3684210526315788,3.3684210526315788
R_1QGchO6VYtOv93f,2.638888888888889,2.638888888888889
R_2whKsZLJze6rsyo,2.789473684210526,2.789473684210526
R_22m3xvJEvNwjOOp,2.526315789473684,2.526315789473684
R_2THocdwmDuuHWTH,2.0285714285714285,1.9714285714285715
R_27PD9zbpVv3VyRd,2.5588235294117645,2.5
R_6D05c1FIFM0spnr,2.257142857142857,2.257142857142857
R_3nfuF1tdDs6GwTx,2.4705882352941178,2.4705882352941178
R_3j7LQ6LjsF7ACkE,3.2285714285714286,3.2285714285714286
R_3OctHD5JtKHK25Z,3.142857142857143,3.142857142857143
R_spASreZDmKKBHnX,2.7142857142857144,2.657142857142857
R_1mqP6MtbkqIOPMF,3.2285714285714286,3.2285714285714286
R_3KPKFmogyzWoZ6h,3.4571428571428573,3.4571428571428573
R_3ekIFaO9DaVtpV2,3.1176470588235294,3.1176470588235294
R_2z6oM1dj7DLS8bf,3.142857142857143,3.142857142857143
R_3R3ZnjKWYjetrgh,2.942857142857143,2.942857142857143
R_2RUnfFBZgGTLXYw,3.342857142857143,3.342857142857143
R_xgrREQc5pHht1Nn,2.5428571428571427,2.5428571428571427
R_DctcqvEXMtYS4Pn,3.257142857142857,3.257142857142857
R_79Gks2brP1yiD8R,2.806451612903226,2.806451612903226
R_eOOZOH5k2J7J2TL,3.357142857142857,3.357142857142857
R_2OTQ5bGdXgOeEBk,3.4857142857142858,3.4857142857142858
R_8i7LHad5mDmSfe1,3.4857142857142858,3.4857142857142858
R_1pxnTPI0tIVSAKt,2.4571428571428573,2.4571428571428573
R_3Emc95pmSttTgvi,2.6857142857142855,2.6857142857142855
R_1lnMJH8sCKrEMyQ,3.4857142857142858,3.4857142857142858
R_6zioWlABwsrxOZX,2.9714285714285715,2.9714285714285715
R_2U2UECZBF2iLSdG,3.0,3.0
R_1n8Ht88FRBhntJz,3.4285714285714284,3.4285714285714284
R_3n2UMaP2SjW3vB0,3.2,3.2
R_110AKOjI84xnrkQ,2.3636363636363638,2.303030303030303
R_1NkU9R6VlCULghb,2.310344827586207,2.1724137931034484
R_2uweozLUFSzS79v,2.942857142857143,2.942857142857143
R_d0xmtHPkrG1dTih,2.1714285714285713,2.1714285714285713
R_AtjOKiIEJqvRPP3,3.2285714285714286,3.2285714285714286
R_1Iow1Rstc1X0R8W,2.0606060606060606,1.9393939393939394
R_1fZYRRQEJgMijFA,3.4705882352941178,3.4705882352941178
R_1Hk3E1qY76vtNZN,2.7142857142857144,2.7142857142857144
R_1jqTzHyZtIaKaUs,3.4857142857142858,3.4857142857142858
R_2QXV7yYonFwKtqu,2.4571428571428573,2.4571428571428573
R_1BRWgfjn6RNlF4O,3.8857142857142857,3.8857142857142857
R_3Ok0A51YzBYB2nz,2.2058823529411766,2.088235294117647
R_3fkrtj6XLLHTm9Y,2.6285714285714286,2.6285714285714286
R_24pbmiLDtWRjBeA,2.085714285714286,2.085714285714286
R_2YxoZdoWmeBXsfa,1.7142857142857142,1.6571428571428573
R_1P6JVTGuQE2Aej6,2.230769230769231,2.230769230769231
R_WB6PeRh10ENdngt,1.8,1.7428571428571429
R_1IpgY3bPoeEZfoh,2.6,2.6
R_1zvP8hTfX9L8NsB,3.085714285714286,3.085714285714286
R_2TuEONm2abaLyAm,3.257142857142857,3.257142857142857
R_d6xiImcDq7FD2oN,2.088235294117647,2.088235294117647
R_1RGOPx4cdfL22Ot,2.7941176470588234,2.7941176470588234
R_3ErQC5BX3q8tPDQ,2.6470588235294117,2.6470588235294117
R_XzVDze3kAhlZCM1,1.3714285714285714,1.2571428571428571
R_3G2tqzW5PhqWeaf,3.6285714285714286,3.6285714285714286
R_325FzV2aeZlzgNX,2.942857142857143,2.942857142857143
R_s6uT99wvUxWAE49,3.8857142857142857,3.8857142857142857
R_5ur1AAqZKa4v1yV,2.8823529411764706,2.8823529411764706
R_2taOIwVTUJyT4bN,1.7714285714285714,1.7714285714285714
R_3QFCsFKlUqyUzGd,3.3142857142857145,3.3142857142857145
R_1E0U21oaFzXUn5r,1.4285714285714286,1.3142857142857143
R_PTepy7o7S26tTih,2.88,2.88
R_2QuKsJSYuPjcReo,2.92,2.92
R_1jJHSMEwAkGHfoO,3.0,3.0
R_p9KhRA1ngrfmFmp,2.8,2.8
R_3MnfSveERObIS1r,2.5142857142857142,2.4
R_31c1llbYlX6S8Lc,2.1714285714285713,1.7714285714285714
R_28XV1vMlKdg6X0I,0.9142857142857143,0.0
R_3nHhQBfadokJk88,2.6333333333333333,2.6333333333333333
R_1HocaVEEMidIFfk,3.3714285714285714,3.3714285714285714
R_1lmIRwurnEKxkXG,3.2,3.2
R_1ojLwrLFQmnCPBP,3.257142857142857,3.257142857142857
R_25Splt4XkZg0Dbd,1.3235294117647058,1.1470588235294117
R_1KUJE7XI1d3EqqJ,2.9714285714285715,2.9714285714285715
R_0lgRCenpHOEQ3zb,2.121212121212121,2.121212121212121
R_RkurCKXIUCeuHeN,3.0,3.0
R_vxdpoNdZaJXtmNj,3.3714285714285714,3.3714285714285714
R_1DGBxG19IrLNHDK,2.6551724137931036,2.6551724137931036
R_3ktX7XOpV8OD8Ju,3.1142857142857143,3.1142857142857143
R_1OPnZrLJJuMtjOX,2.0606060606060606,1.878787878787879
R_25tiMCsWIFbYyYs,3.1379310344827585,3.1379310344827585
R_zcJdDs8iakKmWul,3.0606060606060606,2.9393939393939394
R_3DAtPjNHb08NeVP,1.6285714285714286,1.2857142857142858
R_1QxZZHEx9xJyzA2,2.35,2.35
R_3HOBx8Ocxa7Gieo,2.6285714285714286,2.6285714285714286
R_3rUP2ovVAn3CjZh,1.4,1.0571428571428572
R_27COlQu4y5t2Moo,3.1818181818181817,3.1818181818181817
R_ypzFEapuSTb5I2t,2.6,2.6
R_1pJyzu15QGfNWeq,2.0,2.0
R_3ozOuAQ4XVFvdAj,2.814814814814815,2.814814814814815
R_8uZKxaSwn3axktz,1.9142857142857144,1.5714285714285714
R_3oZ1FUJQkZlCelT,2.28125,1.96875
R_1CKhVNaTVpghcJq,2.942857142857143,2.942857142857143
R_2f0YQYTbnt3bEgC,2.3714285714285714,2.257142857142857
R_125B0In5B6oIsUM,2.7058823529411766,2.7058823529411766
R_573UTYGJB5Z2CRz,2.272727272727273,2.272727272727273
R_20VBCUe14a0GGPI,1.2692307692307692,1.0384615384615385
R_1jx1mYeCUbLSTmm,3.1904761904761907,3.0
R_9zqpFpOATvllPxv,1.911764705882353,1.6176470588235294
R_2TA8qqhLUBtrW2w,1.8235294117647058,1.588235294117647
R_7PeewgvJHgMAz3b,1.3636363636363635,1.2424242424242424
R_2cCu7aDmVoCw6Nl,1.6285714285714286,1.457142857142857
R_1rjEQN527IeBJPo,2.0,1.9411764705882353
R_4Mmr1b8RLQ0nmp3,2.59375,2.59375
R_2wbj7dXC1G8q6RB,2.4545454545454546,2.090909090909091
R_1pJXxTOE4Px77Sb,1.8285714285714285,1.7714285714285714
R_2qt0NQq2WcWdtzh,2.4571428571428573,2.4
R_2ttd71NyPmMgs4K,2.65625,2.59375
R_ykxDSBX0C1cGWIh,2.5714285714285716,2.5714285714285716
R_2zhJsXKIthQfAoo,3.4,3.4
R_x4xi22tcRUDt3Yl,1.2571428571428571,0.8
R_yDBkdVzSfPVpMeB,2.0285714285714285,1.8
R_2wTAfUcB3H3tJhk,2.125,2.0
R_RaYLp1gLFsYDsxX,2.257142857142857,2.085714285714286
R_2P21h63aNWpL3nm,2.4857142857142858,2.142857142857143
R_3Eaq9NIIHzhPMXz,1.6,1.542857142857143
R_12KhZZRfRlGUwDb,3.3142857142857145,3.3142857142857145
R_3KIoyd6nTikaU2g,1.8571428571428572,1.6285714285714286
R_XMKvPi1LjdSweC5,2.5428571428571427,2.5428571428571427
R_10GzkFvQJyHn4oS,2.4705882352941178,2.2941176470588234
R_1g0XgnAjanyct7c,3.3125,3.3125
R_3P25tYkf4z3d7Tr,3.0,3.0
R_3k0V9wWFqCmcwSg,1.28125,1.21875
R_3s4TI1EmzXHbsSA,1.6857142857142857,1.457142857142857
R_2veMmi7rOlJ2BEt,1.875,1.5625
R_0BSFHrCnP43QFXP,2.7142857142857144,2.7142857142857144
R_3G7hXcXOnJY95gD,2.0606060606060606,1.8181818181818181
R_1rkrgvlFhAKWxqf,3.3142857142857145,3.3142857142857145
R_2v2I2OkStfiy0We,1.2285714285714286,1.1714285714285715
R_2fvnUCzlJmauI58,1.6571428571428573,1.3142857142857143
R_UY19H1wjUn9FR2V,2.0,2.0
R_23e2nZEl1KGBC9T,1.7714285714285714,1.4857142857142858
R_3dJPiHNA4ZZneVJ,1.6285714285714286,1.5142857142857142
R_cNlFxwt3mVYfznH,1.9428571428571428,1.8857142857142857
R_3GDPf0OP9mmgGM7,1.9411764705882353,1.8235294117647058
R_2QFpSgV7F420ufI,2.6285714285714286,2.6285714285714286
R_1MM6J6lx7LxEhWa,1.3428571428571427,1.0571428571428572
R_24dawe0sNu04F9C,2.5428571428571427,2.5428571428571427
R_1Q9DqOg8IpN7JbO,2.0,2.0
R_9AETPVyc8XKglJT,2.0303030303030303,1.9090909090909092
R_2CeJ5PXZUoeFeLO,2.0357142857142856,2.0357142857142856
R_1hPUSsP2gTiImw5,2.4,2.4
R_2xPGLEVVaiYkudA,2.3142857142857145,2.142857142857143
R_3fC2XAoduiijcjc,2.5,2.5
R_11aLFiujI3I0oGd,3.1176470588235294,3.1176470588235294
R_DcQqsmN6GJQaSs1,2.857142857142857,2.857142857142857
R_2CDERRTsetbSqti,1.59375,1.59375
R_1lmbKYIEfP4pZ1J,1.8333333333333333,1.7666666666666666
R_3RenSPirlQXJlzQ,2.206896551724138,2.206896551724138
R_3g61WJfrZ0tKJjj,2.7,2.566666666666667
R_2XbWvODqQyuT2sA,2.4827586206896552,2.4827586206896552
R_1IuAxufxEdgvPjY,2.25,2.25
R_1JEDu5mFkBdKRbm,3.242424242424242,3.242424242424242
R_6G0bHjmGwkgVClb,3.0606060606060606,3.0
R_OIS9hkHqXFM7X4B,2.8,2.8
R_3EmRLLS64lhxzOH,3.34375,3.34375
R_1GIIpvYSCu05LEL,3.2285714285714286,3.2285714285714286
R_3iULrXYHnKtl9DC,2.4242424242424243,2.3636363636363638
R_DoS2jr5PqClWDgR,2.8620689655172415,2.8620689655172415
R_2D80z3BLgQXJyjU,2.8,2.6857142857142855
R_23TCBdPKtXkH4wj,1.542857142857143,1.542857142857143
R_bkptbFkRsjZoVqh,2.7941176470588234,2.7941176470588234
R_XB9ujviYycVvMNX,1.6857142857142857,1.6857142857142857
R_2DSmrCMDgzZu2Sr,2.264705882352941,2.2058823529411766
R_1j8Itci3lzqzcCJ,2.6285714285714286,2.2857142857142856
R_2uy7B2qUANFU3bY,2.085714285714286,1.9714285714285715
R_1Lio2yuoYsjXyJa,2.2857142857142856,2.2285714285714286
R_4TkuaS4Jd0mHP7H,2.7857142857142856,2.7857142857142856
R_ddwEZuBcMKmn1ex,2.085714285714286,1.9714285714285715
R_2dimJDwfm0awgbx,1.78125,1.71875
R_5hv6STDpdEu9R9n,2.4857142857142858,2.4857142857142858
R_12l6qzrwRVBrxHc,2.625,2.625
R_3hs6tiw7MlT4atb,2.5142857142857142,2.5142857142857142
R_1g0CtAKiIYyIhuJ,2.914285714285714,2.857142857142857
R_3hiQozmX2kbz1oW,1.7428571428571429,1.3428571428571427
R_efzFjAu8qZMUzYZ,1.9666666666666666,1.7
R_dmxNeGMz4efBpXX,2.857142857142857,2.857142857142857
R_4VMmzGuQeYd56jn,1.8888888888888888,1.2222222222222223
R_ZrzZHyDwfmVV96h,1.4411764705882353,0.3235294117647059
R_3nrtcl1Z6ggc9TF,1.3571428571428572,0.35714285714285715
R_xnDVinwTydYmRWN,3.259259259259259,3.259259259259259
R_3fvh0BkjuE8sTmk,1.6571428571428573,0.8
R_1pSelAJC0daBA2O,3.085714285714286,3.085714285714286
R_3qsM7wALFDgPuDT,2.15625,2.15625
R_1mCyNd7inC6L5j4,2.914285714285714,2.4571428571428573
R_1dbgvlkMXNbS7se,2.3125,1.75
R_yHNjq2T3IFo07uN,3.142857142857143,3.142857142857143
R_Y4zOv6GdLiMmXWF,3.235294117647059,3.235294117647059
R_24qpQhSNgDsUJas,3.142857142857143,3.085714285714286
R_2QJVDeTtU8jND13,2.735294117647059,2.5588235294117645
R_1IoTTf88hiKUCRc,2.75,2.75
R_2BriVY8dCGGmqIJ,3.0,2.878787878787879
R_2tsdaBijdfTc0Ia,2.2285714285714286,1.8857142857142857
R_1mRfE1Lhmf0urQZ,2.4482758620689653,2.2413793103448274
R_1Edupug2osCLnvT,3.212121212121212,3.212121212121212
R_1hSgmEEL4D7wuJQ,2.2285714285714286,2.1714285714285713
R_2TObd9rNne3TFWr,2.085714285714286,1.8571428571428572
R_1fkjMkzLTUfnsfF,2.0,1.542857142857143
R_2rVdIFEpk250Y3u,2.2903225806451615,2.225806451612903
R_3iWFtFCpRZuF94F,2.9411764705882355,2.9411764705882355
R_32SgKl7xrR9UUzP,2.0,2.0
R_5svy7H1CgpUqjrb,2.857142857142857,2.4571428571428573
R_1j6N7ZlxnizRPnU,2.9714285714285715,2.9714285714285715
R_1Ow4uF6ClG37eny,1.5142857142857142,1.1142857142857143
R_3ek4tzPvcM11Qfb,2.0,1.4285714285714286
R_2aXh8JTIK8RiDID,2.6285714285714286,2.4
R_AijMCfyUwQRhLPj,1.3714285714285714,0.9142857142857143
R_2fCdo0k82vEletm,1.8461538461538463,1.2307692307692308
R_21FK2tGAeUDg5Yq,3.375,3.3125
R_28Z36dg1pw1fvEL,3.057142857142857,3.057142857142857
R_3KJGnobm2aOevis,2.34375,2.09375
R_1dH6RKg6q9xMfu1,2.085714285714286,2.085714285714286
R_28UnC65PbUbwggz,3.257142857142857,3.257142857142857
R_0OsPhC57tiO8gsp,2.5428571428571427,2.3714285714285714
R_3kcFGgUR5HV52He,2.064516129032258,1.8709677419354838
R_2zMAZZ7yJzUQyas,1.4285714285714286,1.4285714285714286
R_2Va5PcjBKAkRhcx,3.225806451612903,3.225806451612903
R_2q9KANZflhymlIr,3.0,3.0
R_2bIhkVRmnDUbZEb,2.8857142857142857,2.8285714285714287
R_2pQNeTnZ929nwXy,3.4285714285714284,3.4285714285714284
R_rfeqXWMQJyEATOF,1.4857142857142858,1.3714285714285714
R_2dtjVT9vdCLZxgC,2.392857142857143,2.25
R_26hdOpWdNtU1GW4,2.1142857142857143,1.9428571428571428
R_ukb9DudLk14KL2p,1.4583333333333333,1.4583333333333333
R_1ovztcRVh0GfLme,3.2857142857142856,3.2857142857142856
R_2AYmw7Kk5zllfSt,1.5151515151515151,1.393939393939394
R_ac7rdKvhmUH9Je1,3.257142857142857,3.257142857142857
R_byeLD2z2JRT0Fbz,3.4857142857142858,3.4857142857142858
R_1BQpsVOtMh5lvCk,3.4857142857142858,3.4857142857142858
R_2uDQyd2lWBuFzhG,2.2285714285714286,2.1142857142857143
R_daFKPyc3Cyq10Od,2.8,2.742857142857143
R_tKSNUROgDnnPgiJ,1.8285714285714285,1.6
R_1FtXntpYIrbFpxI,3.3333333333333335,3.3333333333333335
R_eJrxFtUNTgq5OsV,2.911764705882353,2.7941176470588234
R_eIE22tG60MGQ4Lf,3.1142857142857143,3.057142857142857
R_325CiooZfVXMfGc,3.085714285714286,3.085714285714286
R_UzkhMHlXYK4YN2h,3.073170731707317,2.731707317073171
R_xu5OhLya4lNgk4V,2.731707317073171,2.682926829268293
R_6ildWxDFHhnpZzX,2.926829268292683,2.926829268292683
R_DvI3MnvTWxs9zvb,2.7804878048780486,2.7804878048780486
R_3HiE81iZCfiCuJI,2.6923076923076925,2.5384615384615383
R_3eyovULTcGN1VE4,2.4146341463414633,2.268292682926829
R_32KCYPTPc6vOyoC,2.925,2.925
R_2aKWnwQGCQOftW7,2.268292682926829,2.073170731707317
R_3KMIt5D19CdUqH2,2.1463414634146343,1.7560975609756098
R_1LLMd7z4U0h5Lha,2.1219512195121952,1.8780487804878048
R_1jUksDfVONTrxxb,2.0,1.837837837837838
R_1NmgWiHkOM3W7Pa,2.8536585365853657,2.8536585365853657
R_D308rQwHaOzvGV3,1.7073170731707317,1.4146341463414633
R_ehDzPKD9n6yHGTL,3.275,3.275
R_3eavhNP3cfD8jce,3.1707317073170733,3.1707317073170733
R_2amkb29N5VbXLTw,2.3666666666666667,2.2333333333333334
R_2EBkwHD3E9h9QjS,2.4411764705882355,2.264705882352941
R_sZQrobbrMdjd7vH,3.1707317073170733,3.1707317073170733
R_RwsWmvS8xZzb9MR,2.945945945945946,2.945945945945946
R_QlWfPpUWJ02jyWl,3.2195121951219514,3.2195121951219514
R_3fBr89dSh3ilaHb,3.2580645161290325,3.2580645161290325
R_3rwHGsrco6PLOUx,3.05,3.05
R_1QhlIuDJBYsM40Y,2.892857142857143,2.8214285714285716
R_3HzZQsVX7mhh9R3,2.7027027027027026,2.5945945945945947
R_xGaEdcjSSADAsrD,3.2195121951219514,3.2195121951219514
R_afoU7tInUFZcP3r,2.926829268292683,2.8780487804878048
R_2Eg9XVMba5FF4TJ,3.024390243902439,2.975609756097561
R_2YDoQSdouRiLYc9,2.1219512195121952,2.073170731707317
R_3Pcs6hg60pF3hnG,3.1463414634146343,3.1463414634146343
R_11j4G6A82vjqZMU,2.658536585365854,2.5609756097560976
R_1pFO1qPjMcmXhRp,2.871794871794872,2.8205128205128207
R_2zqIZRDBtQvGG1m,1.8048780487804879,1.7560975609756098
R_27Kx3GsOuIHzAXo,2.5,2.3421052631578947
R_1ohiTwWUgsbCkNG,2.823529411764706,2.823529411764706
R_3n7Wwn2UCo8VR6y,2.9,2.9
R_sbfzzHFXgct6gmZ,2.926829268292683,2.8780487804878048
R_2c5yKd3nFxo83nk,2.742857142857143,2.2285714285714286
R_2EAfiBAkeBQt72k,2.641025641025641,2.4871794871794872
R_2YwXahX5gNWottG,1.85,1.55
R_3EbR3UoYTZQx2pn,3.1219512195121952,3.073170731707317
R_3CI8AtgRU1urkCO,2.6578947368421053,2.6578947368421053
R_cJfUPmZB8vZ62Sl,2.763157894736842,2.763157894736842
R_1j7o3A7vhdxvXLZ,3.263157894736842,3.263157894736842
R_1rohW09ujFjA0vd,2.3157894736842106,2.263157894736842
R_ApNr9GOd4PII8o1,1.8157894736842106,1.1842105263157894
R_afwk5MhZuq1oQY9,2.4473684210526314,2.3947368421052633
R_eRRVPe4sBr4yAMN,2.5789473684210527,2.5789473684210527
R_2DLBmvhORVNwAkr,2.5675675675675675,2.5675675675675675
R_vSLkYoqDNcJcQ3T,2.4571428571428573,2.4
R_2BrP9W80xLS5EpH,2.787878787878788,2.787878787878788
R_3lWTLFqXjoqmMZm,1.6388888888888888,1.3055555555555556
R_32PW3adMmkzCGMo,1.9736842105263157,1.5
R_2aEUdiwrUvqoIk6,2.6578947368421053,2.4473684210526314
R_1QrW65aVhpgmg0w,2.1052631578947367,1.8421052631578947
R_1jE5H62kBUOP3cw,2.8421052631578947,2.8421052631578947
R_ZBGIuUICrA0hmTf,1.9411764705882353,1.8235294117647058
R_UWswJFFWLkj2iAh,2.736842105263158,2.736842105263158
R_1HUvqBKOwTEXCBr,1.8529411764705883,1.3235294117647058
R_2X7dL5iKiW72uB8,1.5517241379310345,1.0689655172413792
R_1M0NdQ4MD79GCSV,3.1315789473684212,3.1315789473684212
R_RQWZbWc3KUw13Pj,3.1052631578947367,3.1052631578947367
R_1IhD8EJSFlcRQHs,1.8709677419354838,1.6129032258064515
R_1RgFLe2m79zwGFb,2.16,1.84
R_3nVn3ltBEl2BcO2,3.236842105263158,3.236842105263158
R_1dmH1681bF7N6nq,2.6486486486486487,2.5945945945945947
R_3niQtUMrhvYZN9W,2.75,2.75
R_26nztPynbwHlLRU,2.1944444444444446,2.1944444444444446
R_31B01340hAjppEN,2.7222222222222223,2.7222222222222223
R_2YxHpJwuvuP9nD1,1.25,0.9166666666666666
R_3iqkpqezrU4Y7Sc,1.5,1.3823529411764706
R_emtkTGTiOk8yxz3,2.473684210526316,2.263157894736842
R_2QMbp4kV5nS4DLG,2.5,2.3333333333333335
R_2Pp6iYUiIWie83v,2.026315789473684,1.8157894736842106
R_DSq36LkoqQXF201,2.8947368421052633,2.8947368421052633
R_3QKQJANqmyzhMQg,3.0,3.0
R_2cvCgolwWxIvq9e,2.710526315789474,2.710526315789474
R_29nQrzpzx3Db3Do,2.4838709677419355,2.4193548387096775
R_3FQcA9D5eD0H4Kq,3.263157894736842,3.263157894736842
R_3HuZSWuDrYmyZIw,1.236842105263158,0.9736842105263158
R_ugii0brIA6aMaAN,2.0789473684210527,1.9210526315789473
R_vi6hbjqRD61QHsd,1.6216216216216217,1.5135135135135136
R_2zGSDPj5QhAYHM2,2.0789473684210527,1.9210526315789473
R_1f2ZtF20wOfsdX2,2.9210526315789473,2.8684210526315788
R_32OTF5HsazY9N5F,2.5277777777777777,2.361111111111111
R_2EoehkqqpDbRENn,2.473684210526316,2.3684210526315788
R_2tr0sA9yqNhkGA7,1.7142857142857142,1.4285714285714286
R_2y2vE0oRynjO1Z0,2.135135135135135,2.081081081081081
R_3sphfrpvAx8GBca,2.8947368421052633,2.8421052631578947
R_3Delc2DcTzR5tmg,1.2,0.8571428571428571
R_2dn1y85Bfm836Gj,1.9714285714285715,1.5714285714285714
R_XHfvFS8VNJQ6Anv,2.5714285714285716,2.4571428571428573
R_yrS0MKI0OB7sX0l,2.0,1.8857142857142857
R_2fqaw1M6FZSsCea,1.096774193548387,0.3870967741935484
R_8f9C9QPOvr3tkPv,2.1142857142857143,1.9428571428571428
R_3nBfVNGh8fAwCjB,1.8857142857142857,1.7714285714285714
R_2EmBhShluDOMsH8,3.0285714285714285,2.914285714285714
R_3q88sIvHEod1hnx,2.2,2.2
R_2EaXo5K5dtf9ib9,2.212121212121212,1.9090909090909092
R_4HfaK9Ew1oBLGnv,2.1470588235294117,1.911764705882353
R_2AXx7aHVSIFVt1N,1.6571428571428573,1.4857142857142858
R_2chHPYVB1pPT65Y,2.0,2.0
R_1JR6SwcrPo7YwWB,2.2857142857142856,2.1714285714285713
R_a5UtVc2MWarFtdL,2.6,2.6
R_1EbaYu2O4IWKpWE,2.4411764705882355,2.4411764705882355
R_z9jdt2UszQ0b4Pv,2.742857142857143,2.742857142857143
R_tSt6ob3eKt1PbsB,2.5714285714285716,2.5142857142857142
R_1OvKmq0PW6jf0yR,1.4,1.1714285714285715
R_2YxoMKMNzR0EvD2,2.5625,2.5
R_2rMlxSCTX2HDdUZ,3.2941176470588234,3.2941176470588234
R_3R4LLGqVDSo6mou,0.8285714285714286,0.3142857142857143
R_XH96ozsnl79xnYB,3.03125,3.03125
R_bEoHcqyeRZYX7Al,2.1142857142857143,2.057142857142857
R_2YhzJCfSjabgUiO,2.057142857142857,2.0
R_3Rm68mFNLjNcNp7,2.1470588235294117,2.0294117647058822
R_cGaAYFepugiWHmx,2.914285714285714,2.857142857142857
R_33l6fF9Mmon7KZG,2.1714285714285713,1.9428571428571428
R_2tDxNnt2m5eJMwJ,2.6857142857142855,2.5142857142857142
R_1o5aULEwmxo297d,2.6,2.6
R_1irEmD4K8CeF0Mi,2.7142857142857144,2.4285714285714284
R_2VgBQyCJypdU1b4,2.411764705882353,2.2941176470588234
R_3EgtSu9LDmwzrSl,2.742857142857143,2.6857142857142855
R_3RpWPrjqvhoY5HL,3.2285714285714286,3.2285714285714286
R_28RKAjh2Z5UFFcS,2.3823529411764706,2.1470588235294117
R_2dW80OrrSQZHG3U,2.857142857142857,2.857142857142857
R_2SJqfqlPHe8zSWo,1.0285714285714285,0.8571428571428571
R_3DezHVG9SsHrsA1,3.0,3.0
R_2zMxNBgr85P5Efh,2.52,2.44
R_3J8UehWvwlDRxWV,2.0,1.542857142857143
R_2vdMJd6xKnsy6Fn,1.8717948717948718,1.8205128205128205
R_qVKYoYQLsFwQr5f,3.073170731707317,2.926829268292683
R_r1Of9VOlZV2h44N,2.41025641025641,2.41025641025641
R_3Gv1bVZz169y7Hw,2.024390243902439,1.8780487804878048
R_3346CSPZOjAiNJ3,3.2439024390243905,3.2439024390243905
R_2D5lxCnaxuidKWP,1.65,1.1
R_3HYPwGBlS0aONPO,1.025,0.775
R_pbA54tlir1fCN1f,1.1025641025641026,0.6410256410256411
R_11XtMWCiog4wZQg,1.5609756097560976,1.2195121951219512
R_2WGTmP0fqaKHxGu,2.1379310344827585,2.1379310344827585
R_OeTfR4XJ9zDWyop,1.9024390243902438,1.6585365853658536
R_xgOH0fUiBBieHLj,2.341463414634146,2.2439024390243905
R_1M00OD5VJxu1ncN,2.4146341463414633,2.4146341463414633
R_2D5o6I65EtlmXpw,1.7317073170731707,1.2926829268292683
R_1lyLEe8Chy6SrQw,2.025,1.925
R_1DMSNKRa38Jb2ke,1.9230769230769231,1.2564102564102564
R_1n7ULwxFfx8VIg1,1.9090909090909092,1.9090909090909092
R_O6zmP3uydanLyRr,1.8275862068965518,1.7586206896551724
R_9RiwxbUlfuhhbGh,2.902439024390244,2.7560975609756095
R_1Oq1jnrkZcAPRmD,2.8684210526315788,2.8684210526315788
R_2oipBLM64XQnisV,2.3846153846153846,2.3846153846153846
R_a8GbBe7yvQRinNT,3.073170731707317,3.073170731707317
R_2Csvt97FOTAm30N,2.717948717948718,2.717948717948718
R_3DuRH4bt37yyETv,1.9473684210526316,1.7894736842105263
R_31TJRq7pth8Dtqr,2.27027027027027,2.27027027027027
R_1Q0gh7H5oRWMgES,2.048780487804878,1.853658536585366
R_3j3xyQUf5zVcyyt,3.189189189189189,3.189189189189189
R_24d4DKVHIcKXazW,1.7222222222222223,1.3888888888888888
R_1M52C5GiSChRdck,1.5853658536585367,1.4878048780487805
R_2TNNHrkctst3n9A,1.8717948717948718,1.7692307692307692
R_WuFc5g4vN6cRGQp,2.268292682926829,1.975609756097561
R_1hLoCgElOuafIX7,2.024390243902439,1.8780487804878048
R_2tKFZpKDgbyddlW,2.926829268292683,2.926829268292683
R_20T2pQYXwaopvA3,2.0,1.6875
R_3xxQOUUw2EwGqR3,2.1707317073170733,1.8780487804878048
R_AsKpYxIBvapDhfP,2.5128205128205128,2.4615384615384617
R_shwKXBSdqKcNw1X,3.2439024390243905,3.2439024390243905
R_3262UaSq8Ewgc7z,2.736842105263158,2.6842105263157894
R_2zbZM513b4JCUGd,2.0,1.4634146341463414
R_10UH7YoKjl3aSyj,2.3055555555555554,2.3055555555555554
R_22u00XL8UbYSI3l,2.1714285714285713,2.1714285714285713
R_1dBrs0EcAYos55M,2.5483870967741935,2.4193548387096775
R_32J8SzP7QjKk0WK,1.2857142857142858,0.42857142857142855
R_6tyxDrs1nuWTsYh,2.5714285714285716,2.5714285714285716
R_1pmNAmfwOpZV9mB,2.5714285714285716,2.5714285714285716
R_26nnplApzX5NRLn,2.2285714285714286,2.1142857142857143
R_1N4Zq4wWzirs9Gj,2.7666666666666666,2.7666666666666666
R_22ojByckqm9GXVP,2.4285714285714284,2.4285714285714284
R_XBspBwSTJ4Cj3i1,1.7714285714285714,1.6571428571428573
R_123AFMQaT9UEEuw,2.5454545454545454,2.5454545454545454
R_2chKGX3Km7PgERD,2.5142857142857142,2.5142857142857142
R_2TLDa7LA59xbper,2.657142857142857,2.657142857142857
R_1mOFzoWn66OFXdl,2.8285714285714287,2.8285714285714287
R_1Gy59n13mfunTEp,2.857142857142857,2.857142857142857
R_2BeNPxGPvsnFNES,1.896551724137931,1.6896551724137931
R_3nMmByuPIo3OQLL,2.0588235294117645,1.7647058823529411
R_3NKFCj6ngf01lGU,2.6,2.4857142857142858
R_1LXAJt1CFKSGjRX,2.2058823529411766,2.1470588235294117
R_1gFJtHhkZAiPZ7U,2.8,2.8
R_3EtiWq2tXGzqOdY,2.7714285714285714,2.7714285714285714
R_33D38w88e9ZOUZ2,2.7714285714285714,2.7714285714285714
R_3PjfyDjHZJrClzA,2.3142857142857145,2.085714285714286
R_3GwFKep8ixxzVS8,2.4761904761904763,2.380952380952381
R_czEx5NsBUJ3hzm9,3.2285714285714286,3.2285714285714286
R_3ezCxYI5wY0iEEA,2.5,2.5
R_3nCUY34diffIzne,3.0,3.0
R_3hzRM7rTmiG9qmg,2.6875,2.625
R_2zw5LtSd4fixonW,2.5428571428571427,2.5428571428571427
R_3kO2RaiHVoaeYWO,2.6285714285714286,2.6285714285714286
R_aguHwQScDpy5BpT,2.676470588235294,2.676470588235294
R_1mlx9dPMGrvVA6R,2.342857142857143,2.2285714285714286
R_xirYgVe4hr0mlEZ,3.2285714285714286,3.2285714285714286
R_1dN95JZbuOkVyEO,2.466666666666667,2.4
R_phDfgthYHAh7epj,2.4,2.4
R_25BKN5uALtSPF5D,2.057142857142857,1.8857142857142857
R_2AN0DeqWB1aapfs,2.0789473684210527,1.9210526315789473
R_1K8ysmzpwCYlErJ,2.6842105263157894,2.6315789473684212
R_DotdTMHK9PmVOhj,2.263157894736842,1.894736842105263
R_3NypMPDBW6UhdJH,2.0789473684210527,1.8157894736842106
R_ZDCAm2dXab4JvmF,2.675675675675676,2.6216216216216215
R_2qkFKkaCjxynhTd,1.1891891891891893,0.32432432432432434
R_3iWL8p4rzGtMVTs,2.3421052631578947,2.289473684210526
R_3POcqLBGA0MC5F2,1.1578947368421053,0.47368421052631576
R_7NGTXQ23Uju0RLX,2.269230769230769,2.269230769230769
R_1dhv5AtNikt6rzg,2.710526315789474,2.710526315789474
R_3FVDeUlQiWAo5rQ,2.9473684210526314,2.8947368421052633
R_3rILVm0hHD2EWzh,2.5405405405405403,2.4324324324324325
R_BEvMtAMSK9m59rH,2.5185185185185186,2.5185185185185186
R_1iqcO4TbJAcpKeN,2.3684210526315788,2.263157894736842
R_xgVMBLxfo4UZsL7,2.108108108108108,1.8918918918918919
R_1GCaKJMvx5jT7YJ,0.8157894736842105,-0.5
R_2RWkt2Va3GkKnRN,2.5945945945945947,2.4864864864864864
R_2UWudwRyGbwFlIp,2.5,2.5
R_1NFxsU7RHpXmU71,2.5,2.4473684210526314
R_XmKSNn1dcTQfGXn,2.8157894736842106,2.763157894736842
R_2VvCLfNTxT0wk1I,2.6315789473684212,2.6315789473684212
R_byDLNfxQVkgvcLn,2.142857142857143,1.5142857142857142
R_2fjHPkNuCS1qKM0,2.0588235294117645,1.8823529411764706
R_SITBkbMJx17b6aR,2.3421052631578947,2.289473684210526
R_2y7SmTIGAgqGUrG,2.1052631578947367,1.9473684210526316
R_02E7TPf0hcFBzvX,1.9473684210526316,1.894736842105263
R_2U5zJmP6MXBO2Bb,3.0277777777777777,3.0277777777777777
R_ZEJr9cMhzbrr8Q1,2.263157894736842,1.9473684210526316
R_3R2fp8Khpnwrjtn,3.1315789473684212,3.1315789473684212
R_08k0oEpLpOfXfHP,3.0,2.945945945945946
R_1rxEk5nH4O7Vk6n,2.8157894736842106,2.8157894736842106
R_Q9AJ5JMA4Qm55vz,2.473684210526316,2.473684210526316
R_1gzuk1CppeoYS5C,2.8421052631578947,2.8421052631578947
R_2WGR25utSFu9Efi,1.763157894736842,1.7105263157894737
R_3h0yhNQqbGdjS4e,3.0526315789473686,3.0526315789473686
R_rlJeNF0q6I40fJf,2.6052631578947367,2.5
R_2CU19iLeUP6hYQT,2.0789473684210527,1.9210526315789473
R_27wFBzzrW6unwbW,2.3421052631578947,2.1842105263157894
R_3ikdIwtHXDPw27D,2.6052631578947367,2.5526315789473686
R_3dM2OhZkDvYpgWb,2.1052631578947367,1.9473684210526316
R_27vev84lYdE8jP6,2.891891891891892,2.891891891891892
R_2akvCHO6s2RZqjC,2.6842105263157894,2.6315789473684212
R_2WBWCwsKqjFRoKL,2.973684210526316,2.973684210526316
R_3ETgV9wXTQqpjYC,1.7058823529411764,1.5294117647058822
R_2z6Zo37KK0kWIMg,2.4210526315789473,2.3157894736842106
R_1kI8Upuv7EwmXjp,2.6285714285714286,2.5714285714285716
R_SPk74FHzw8HvqEx,2.3783783783783785,2.3783783783783785
R_Wkaieu2q0rssuPv,2.8285714285714287,2.8285714285714287
R_cTvCcUM3nMcy2Ln,3.0588235294117645,3.0588235294117645
R_2dGPwehNzHOsN80,2.857142857142857,2.857142857142857
R_vxB2cAqBeF156HD,3.257142857142857,3.257142857142857
R_23f6Z0VMNuE1cPk,3.2,3.2
R_1CkCweTuFFIR8ks,1.7428571428571429,1.5142857142857142
R_2zdRDDm649MLlOW,2.9285714285714284,2.9285714285714284
R_2dzFQlZQ7bjqusu,3.2058823529411766,3.1470588235294117
R_3fK915CmnLJVdoW,3.6451612903225805,3.6451612903225805
R_1P4SkYuKIvc9Nya,1.8285714285714285,1.4285714285714286
R_1q4dvR5GfU6Z06Z,2.393939393939394,2.3333333333333335
R_2fxqfDylqRNPmtG,2.92,2.92
R_831e7fZjOw441Cp,3.0,3.0
R_3feBK7Vfvx3W6l1,3.5714285714285716,3.5714285714285716
R_22RpmXbF5Xzw9Ws,2.9375,2.9375
R_3Rn4beV0NHjL7pP,3.4571428571428573,3.4571428571428573
R_3e2EZXzDf67UKkJ,2.857142857142857,2.857142857142857
R_yUZEfvWOdmlRwZ3,3.085714285714286,3.0285714285714285
R_1CJunnv4P2KeBal,3.323529411764706,3.323529411764706
R_1LY9orXtoecyprb,1.8,1.5714285714285714
R_25MdiIqGC493PZc,3.0285714285714285,3.0285714285714285
R_1db4FbRj6d2GTRr,2.9411764705882355,2.9411764705882355
R_1QLpcYPsdocjouv,3.6285714285714286,3.6285714285714286
R_siJmH1OwMhbldCx,3.0285714285714285,3.0285714285714285
R_120eAtkOdwHv5IE,2.0285714285714285,1.7428571428571429
R_3sn5SoKXyK7NtW3,3.4,3.4
R_3fwSDALMLEqazzp,1.8285714285714285,1.6571428571428573
R_2XhODdMMEKO53iz,1.6571428571428573,1.3142857142857143
R_31HnvCTCByE975N,2.3529411764705883,2.2941176470588234
R_2e3TNPpZrhMWMUf,1.2571428571428571,0.8571428571428571
R_1NmI1WFaAp9nAJq,3.4285714285714284,3.4285714285714284
R_111P4kHf4jAIbxh,2.0285714285714285,1.8571428571428572
R_bdYN3ZLAlZqVcEF,3.6,3.6
R_3GdkVEqpGd9pYRM,2.2,2.2
R_3rNxYWKoVVDVC0y,2.193548387096774,2.064516129032258
R_30f4MeFa7Jo7vGU,1.7352941176470589,1.7352941176470589
R_2pMJ5fsEKbRk9mF,2.2857142857142856,2.2857142857142856
R_NVI6JKzvyE8Ycvv,3.090909090909091,3.090909090909091
R_1KeZrVQAH7abJLa,2.0285714285714285,2.0285714285714285
R_cvYu4gcEiWhcGR3,1.4666666666666666,1.2666666666666666
R_wWTLyI2L22JQFod,2.242424242424242,2.242424242424242
R_27JcPIPFF43pTsF,1.8235294117647058,1.7647058823529411
R_3QWRpV7Pr4T6ebn,1.6285714285714286,1.5142857142857142
R_3FP8fnV7yf6hw2h,2.911764705882353,2.911764705882353
R_277QxXq3GsVTIxV,1.6571428571428573,1.4857142857142858
R_12LUhs1YiDOP2gv,1.6857142857142857,1.5142857142857142
R_2U3ZJj4bhzNmx4A,1.6,1.542857142857143
R_3DtfSTYh0IbzBdv,2.9393939393939394,2.9393939393939394
R_23adZhziTuaJ8y6,1.7941176470588236,1.7941176470588236
R_3hlvI13xastHzkS,1.7096774193548387,1.7096774193548387
R_3PHNyVH16J297VC,3.676470588235294,3.676470588235294
R_x4Mz4LdAXCPucVP,3.206896551724138,3.206896551724138
R_2X1y7MX5SF78l8l,2.090909090909091,2.090909090909091
R_XtsRTYBoXbivVFn,2.6285714285714286,2.6285714285714286
R_1qgR9Au3HMLBXF2,3.3142857142857145,3.3142857142857145
R_7WoV6nNIwfvMzyp,2.878787878787879,2.878787878787879
R_1eV53a38LhQHgNK,2.9705882352941178,2.9705882352941178
R_cvzExfJp9Pas9hf,3.257142857142857,3.257142857142857
R_w1r0ZIzFnDLamcN,2.857142857142857,2.857142857142857
R_doo0hYi4sHGHidr,1.6857142857142857,1.5142857142857142
R_3lPTYSRazQ0ZlFx,2.657142857142857,2.4857142857142858
R_DovT9ZaUB7BnwFb,3.4571428571428573,3.4571428571428573
R_vlimjB9xoVTmwbD,1.903225806451613,1.8387096774193548
R_1SLZ1rwRLvgrOWl,3.7142857142857144,3.7142857142857144
R_phlslvhHPC1WZfr,3.3142857142857145,3.3142857142857145
R_2eRc3IjAaU7fBA4,1.6,1.542857142857143
R_1dE1bMHPb5nAVxz,2.763157894736842,2.763157894736842
R_3Eznjy6399FCHci,3.4473684210526314,3.4473684210526314
R_3iwiFT2jsambwXg,2.736842105263158,2.736842105263158
R_3I9UtfPE1NPlH20,2.4,2.2285714285714286
R_31j6sjK40altYbi,3.2972972972972974,3.2972972972972974
R_3MQfrOWy9Cbh61o,1.7105263157894737,1.2894736842105263
R_3dQ702g7wRCAEaZ,2.8275862068965516,2.8275862068965516
R_2du4DAv3IdkgQRX,2.891891891891892,2.891891891891892
R_1NaKQZTRijEhBWV,0.9473684210526315,0.15789473684210525
R_3qs6U8Ki1VkdfAG,1.1842105263157894,0.5526315789473685
R_1ocKWs67A1pOhwS,2.0789473684210527,1.8157894736842106
R_6DTIqaeNTGKasXD,2.2972972972972974,1.9189189189189189
R_Rf45Hont426SCRj,3.4473684210526314,3.4473684210526314
R_2ebwuyifaYozPdY,2.7837837837837838,2.7837837837837838
R_3E3Ulk9FfZ3Grap,1.8157894736842106,1.7105263157894737
R_2AQollEsU3cxBU5,3.3157894736842106,3.3157894736842106
R_Ok7JnCZgkT1buJX,2.4210526315789473,2.3684210526315788
R_3MnH8qmdstZIzUK,2.1944444444444446,1.8611111111111112
R_0k1Nmdsqnk92fmx,2.310344827586207,2.310344827586207
R_AMOUyv90Tw8zft7,2.90625,2.84375
R_1OPnlUcdULnDqBi,1.5294117647058822,1.1764705882352942
R_1cTA51N3zK26eXZ,3.5277777777777777,3.5277777777777777
R_3IOW1w52JI37qOR,2.6842105263157894,2.526315789473684
R_3Ep3blpjk60DQ0h,3.3157894736842106,3.210526315789474
R_1riS5WiMamdCwP1,2.2,2.085714285714286
R_z6fCXrNPsyfQ7Ad,2.8055555555555554,2.75
R_DOVIsyGWIgY6QBr,2.9166666666666665,2.9166666666666665
R_2PgT6jEjKqosmIG,2.9473684210526314,2.9473684210526314
R_232nbSzwq5oYzBJ,3.1621621621621623,3.1621621621621623
R_3JIDuYDGFgTNpkK,2.789473684210526,2.736842105263158
R_2YfCYM7PVijkUVu,2.1052631578947367,1.894736842105263
R_3htEXtJGzCFlYwY,3.1842105263157894,3.1842105263157894
R_3dMuvUD4LtaJwDm,1.2702702702702702,0.8378378378378378
R_2PoiCqHFTXma5o8,2.888888888888889,2.888888888888889
R_3lPIUesuajLH5mn,2.263157894736842,2.210526315789474
R_2bVJdb195namvGi,2.9210526315789473,2.710526315789474
R_3fBgD4V6zSQio7H,2.5789473684210527,2.5789473684210527
R_3fDUVnAUb5loCJq,2.5,2.5
R_Wkew5F3sXWGkabv,2.8285714285714287,2.8285714285714287
R_1nUSONaS3ER66II,1.9428571428571428,1.8285714285714285
R_125Bj9fNULmJGoD,2.342857142857143,2.2285714285714286
R_3j7LBjimnHSI09W,2.1714285714285713,2.057142857142857
R_3MGW9n7CGwoBHMr,2.7419354838709675,2.7419354838709675
R_3fxxLaPvmccHtVl,1.5142857142857142,0.08571428571428572
R_3EQoJYSRoPlMY0l,1.6176470588235294,1.0294117647058822
R_u9t0Kd7ia1MmOwV,3.085714285714286,3.085714285714286
R_8hRVMVzOZdfZCdb,2.3714285714285714,2.2
R_2frFhg1xDmvMH72,2.6285714285714286,2.6285714285714286
R_3HoV4yqeKYYQJXO,1.9285714285714286,1.7142857142857142
R_cvXILDTIL0MvAtj,2.914285714285714,2.914285714285714
R_31BecV3vyQtvKjh,3.142857142857143,3.142857142857143
R_BRNjHxQIcpYnQjv,1.8285714285714285,1.8285714285714285
R_25s98lZKBiCOLlp,2.942857142857143,2.942857142857143
R_3G3cHPKY6zo5Kvh,2.7058823529411766,2.7058823529411766
R_8iiyL2Fpn4y40nv,2.085714285714286,1.8571428571428572
R_em5F15fOQxDllip,1.3428571428571427,0.7714285714285715
R_RVmBgfI7YiKtfNv,1.9,1.7
R_3QFr7vuekjWfELH,1.3823529411764706,0.9117647058823529
R_1GTdW1oitl9xWdi,2.657142857142857,2.657142857142857
R_10SZDvqlrWB3aNa,2.411764705882353,2.176470588235294
R_yEWtu8afTdT9kyt,2.5384615384615383,2.3846153846153846
R_1FwECrQaNsNjn2v,2.129032258064516,1.935483870967742
R_1Lp0gyAxTIfvNp4,1.9142857142857144,1.5714285714285714
R_27CD68tr1hMFRjD,2.838709677419355,2.838709677419355
R_2Cd0dhAW0Clwayq,2.121212121212121,2.121212121212121
R_6J4CsAPF1Q2sQSd,2.142857142857143,2.085714285714286
R_BV9Djyjv9aKyJmp,3.0285714285714285,3.0285714285714285
R_2cAZJi3PB6NQUZp,2.1142857142857143,2.1142857142857143
R_1LpaAqP9PMpqXlc,2.066666666666667,2.0
R_T02IVdlWHcWBzd7,1.8,1.7333333333333334
R_2TubmbVqpe4SaTx,2.085714285714286,1.8571428571428572
R_3esjiYZit51ithy,2.5714285714285716,2.5714285714285716
R_2c2vpwJKR0I6lXQ,2.3714285714285714,2.142857142857143
R_3nAgIvPGMxdzTyZ,2.5142857142857142,2.5142857142857142
R_3hbvt16QK17tNXf,2.9,2.9
R_bx48esZjHaxvXPj,2.6857142857142855,2.5714285714285716
R_3MG2Oh7FPFW5WV2,1.6857142857142857,1.2857142857142858
R_1nSJhuS1f020nAu,2.735294117647059,2.5588235294117645
R_3j0TUDo8YFxX3rd,2.085714285714286,2.085714285714286
R_3FVyJCzmEf1Bksb,2.1875,2.125
R_3G36MQsuPmGwFx6,2.088235294117647,1.7352941176470589
R_2YbxxlEIjogO83c,2.8,2.6
R_1KcEw6PR1gsLKzm,3.5294117647058822,3.5294117647058822
R_3g6eXwhDzo7j2TA,2.5714285714285716,2.342857142857143
R_3NJNxX4M7LjxZPe,2.5142857142857142,2.342857142857143
R_1pPQCQjE0NXgGsC,2.121212121212121,1.9393939393939394
R_31d9YSxBZ15YK9E,0.78125,0.59375
R_20ZIosjbsnoRst7,2.4571428571428573,2.2857142857142856
R_3Ph3w8S1PRZRIAV,2.676470588235294,2.676470588235294
R_3fIPizwg4hx3RYk,3.0,3.0
R_0etnb4hkBrJIOOZ,2.962962962962963,2.962962962962963
R_2wsHRQuOkYWhkQy,2.6857142857142855,2.5714285714285716
R_3fHPnSzZt4x9JVV,2.264705882352941,2.088235294117647
R_2R1BADP4AeIzyMv,2.6,2.5428571428571427
R_w5xoCqiHNdLxEAh,2.823529411764706,2.823529411764706
R_2zpbCQWUYmOfiRo,2.1379310344827585,2.0689655172413794
R_2RajLYPST7akQru,2.5625,2.5
R_SNbNjGjmqaRu1jP,3.057142857142857,3.057142857142857
R_3DngLGqUgNp5ReP,3.193548387096774,3.193548387096774
R_3Pu8q8DaOkiDRa7,2.393939393939394,2.272727272727273
R_1JXttupaYEdrj9V,3.53125,3.53125
R_PCG9jgu7YKE6NDH,2.5625,2.5625
R_3n2vlMeQyosFeX7,3.2058823529411766,3.2058823529411766
R_3nD8hG9wNxHZXfR,2.2,2.0285714285714285
R_2fx79t60cylNlow,1.9259259259259258,1.7037037037037037
R_3Lhwrnq8uQtnFjr,3.257142857142857,3.2
R_1dEpvWor65pKrzb,2.65625,2.59375
R_3rTAkaBEi2onj2c,3.3714285714285714,3.2
R_wMOL6RWgDOGZv33,2.8461538461538463,2.8461538461538463
R_3EQh9S0zxN3oat1,2.411764705882353,2.235294117647059
R_Ox4dZPaQHGMbJaF,1.6,1.3142857142857143
R_2sBZxo0u4rD1qcp,3.3333333333333335,3.3333333333333335
R_12hwutWSNFvNoro,2.3142857142857145,2.142857142857143
R_1HouwapKPVrV4zt,3.0,3.0
R_ba1bkFrxuIvJssN,2.057142857142857,1.8285714285714285
R_28A663laCqnQ7Wo,2.096774193548387,1.903225806451613
R_31u80DY35020aEI,2.914285714285714,2.8
R_3J9PvEp12q3S2m6,2.2413793103448274,2.2413793103448274
R_3MAlZPuv8kQpQG5,2.823529411764706,2.823529411764706
R_1JPY5x1au87zpQJ,2.2285714285714286,2.1142857142857143
R_1hMaP1ZHtmZsnH9,3.1515151515151514,3.1515151515151514
R_3TYtbWrZy033Knf,1.9393939393939394,1.9393939393939394
R_2WDnr96FvC6bXdB,3.0833333333333335,3.0833333333333335
R_3oASca5ldO1kO8b,3.0303030303030303,2.8484848484848486
R_3iJzsbxfwH4BEac,3.5,3.5
R_OJwreLuCX8w4Ay5,1.2285714285714286,0.8857142857142857
R_oYNcF4zzpKCi4eJ,3.3448275862068964,3.3448275862068964
R_Ol2ZqZFhI12YudP,3.0606060606060606,3.0606060606060606
R_2VlJavGr8jLaZbz,1.8823529411764706,1.7647058823529411
R_3fiN0bsii6Ajvoo,1.2258064516129032,0.7741935483870968
R_2ZUMHqUgd9gilK6,1.9696969696969697,1.6666666666666667
R_3qIKHM0hW6voUUt,1.8857142857142857,1.8857142857142857
R_2S0M40QGo6STozi,2.393939393939394,2.393939393939394
R_2agbeXtwHcvrsre,2.9411764705882355,2.9411764705882355
R_eaGnLIE3nsX9UCR,2.4,2.4
R_1IBiaMy17TyKRDz,3.696969696969697,3.696969696969697
R_20OiqKlGPYO6Qil,3.6857142857142855,3.6857142857142855
R_2c5DL4FVrOKAXfU,3.7142857142857144,3.7142857142857144
R_3RapfmzA8v9a2lJ,1.9714285714285715,1.8
R_2teSxiJYHQZ42nx,2.911764705882353,2.911764705882353
R_pENaU8cXdxV66hX,2.657142857142857,2.6
R_2cdflUzIm3icvek,2.727272727272727,2.6666666666666665
R_3dMPtJy9hvWxlHX,1.1764705882352942,1.0
R_41MFnjlSamtSIZr,2.857142857142857,2.857142857142857
R_1NxEKnduYSJpiJR,1.4285714285714286,1.3714285714285714
R_1It4mCPNZtks1qB,1.5625,1.4375
R_2dLptjwNjgqonAs,2.6857142857142855,2.6285714285714286
R_3RgWHiJESiXSCOX,3.085714285714286,3.085714285714286
R_8rggSOSHYNWHF4J,2.5428571428571427,2.4857142857142858
R_2YEYqFiXq56aOu1,3.1176470588235294,3.1176470588235294
R_1LvOT78AnVcEx4j,2.1142857142857143,2.057142857142857
R_30qnN03PVM7wcAQ,2.1515151515151514,1.7272727272727273
R_2pKch9HWSUbQnfx,1.6285714285714286,1.1714285714285715
R_1iglf8NeUdOsZfy,2.6666666666666665,2.606060606060606
R_Okfj4m3HQVCCyCB,1.7142857142857142,1.6571428571428573
R_2TMqNVLvMU8Ln44,3.088235294117647,3.088235294117647
R_R9RoIxhjMup44pz,1.2285714285714286,1.0
R_C4DMyTtPGAZLhdL,2.6363636363636362,2.6363636363636362
R_31saXZM7aH12ElY,1.78125,1.21875
R_2tCZhG5GzRLOoFD,3.257142857142857,3.257142857142857
R_2cbgecT6LWJcuhs,2.057142857142857,2.0
R_2ZOXUztHh7kaopH,1.9142857142857144,1.8571428571428572
R_301d1qzypoJMEN0,2.3142857142857145,2.2
R_1hAsCKCvxxwqXUk,2.4857142857142858,2.3714285714285714
R_2bT5nzwmahVbVc5,2.3703703703703702,2.2962962962962963
R_1mJIi5xX6UWeZli,2.107142857142857,2.107142857142857
R_237CqI0Jr9kqPb4,2.375,2.3125
R_3g74wvFvooeaByt,3.0285714285714285,3.0285714285714285
R_2zd2AMo0kp85nWY,2.5714285714285716,2.2857142857142856
R_2Vg86TNm8Yve9Gx,3.257142857142857,3.257142857142857
R_NWNb0dIU6GJ3hxT,2.3636363636363638,2.3636363636363638
R_XCi5V6VyswIccwx,1.457142857142857,1.3428571428571427
R_02Kt90m9vxg3qx3,1.2,0.9714285714285714
R_1F9ue1HaVucwtWR,2.3125,2.125
R_2qrau3NjTbfBA87,2.176470588235294,2.1176470588235294
R_2f1CnqHV5qoegV4,2.6285714285714286,2.2857142857142856
R_udzzmsufiFdoB3P,2.3714285714285714,2.257142857142857
