rater_id,rating_id,item_id,rating_raw,rating_binary,model,model_score,category,sub-category
R_1FJxqOK5KQcN0yX,9,0,0,0.0,Qwen3-8B,5,random,random
R_1FJxqOK5KQcN0yX,69,1,0,0.0,Qwen3-8B,3,random,random
R_1FJxqOK5KQcN0yX,129,2,0,0.0,Qwen3-8B,2,random,random
R_1FJxqOK5KQcN0yX,188,3,0,0.0,Qwen3-8B,2,random,random
R_1FJxqOK5KQcN0yX,247,4,0,0.0,Qwen3-8B,2,random,random
R_1FJxqOK5KQcN0yX,306,5,0,0.0,Qwen3-8B,1,random,random
R_1FJxqOK5KQcN0yX,365,7,0,0.0,Qwen3-8B,3,random,random
R_1FJxqOK5KQcN0yX,421,9,0,0.0,Qwen3-8B,5,random,random
R_1FJxqOK5KQcN0yX,481,10,0,0.0,Qwen3-8B,2,random,random
R_1FJxqOK5KQcN0yX,541,11,0,0.0,Qwen3-8B,2,random,random
R_1FJxqOK5KQcN0yX,600,12,0,0.0,Qwen3-8B,2,random,random
R_1FJxqOK5KQcN0yX,659,13,0,0.0,Qwen3-8B,2,random,random
R_1FJxqOK5KQcN0yX,719,14,0,0.0,Qwen3-8B,3,random,random
R_1FJxqOK5KQcN0yX,778,15,0,0.0,Qwen3-8B,3,random,random
R_1FJxqOK5KQcN0yX,838,16,0,0.0,Qwen3-8B,1,random,random
R_1FJxqOK5KQcN0yX,897,17,0,0.0,Qwen3-8B,1,random,random
R_1FJxqOK5KQcN0yX,957,18,0,0.0,Qwen3-8B,2,random,random
R_1FJxqOK5KQcN0yX,1016,19,0,0.0,Qwen3-8B,1,random,random
R_1FJxqOK5KQcN0yX,1076,20,0,0.0,Qwen3-8B,3,random,random
R_1FJxqOK5KQcN0yX,1136,21,0,0.0,Qwen3-8B,3,random,random
R_1FJxqOK5KQcN0yX,1196,22,0,0.0,Qwen3-8B,1,random,random
R_1FJxqOK5KQcN0yX,1256,23,0,0.0,Qwen3-8B,5,random,random
R_1FJxqOK5KQcN0yX,1316,24,1,0.0,Qwen3-8B,4,random,random
R_1FJxqOK5KQcN0yX,1374,25,0,0.0,Qwen3-8B,3,random,random
R_1FJxqOK5KQcN0yX,1434,27,0,0.0,Qwen3-8B,2,random,random
R_1FJxqOK5KQcN0yX,1495,28,0,0.0,Qwen3-8B,2,random,random
R_1FJxqOK5KQcN0yX,1555,29,0,0.0,Qwen3-8B,1,random,random
R_1FJxqOK5KQcN0yX,1614,30,0,0.0,Qwen3-8B,1,random,random
R_1FJxqOK5KQcN0yX,1671,32,0,0.0,Qwen3-8B,4,random,random
R_1FJxqOK5KQcN0yX,1733,33,0,0.0,Qwen3-8B,3,random,random
R_1FJxqOK5KQcN0yX,1792,34,0,0.0,Qwen3-8B,3,random,random
R_1FJxqOK5KQcN0yX,1850,35,0,0.0,Qwen3-8B,1,random,random
R_1FJxqOK5KQcN0yX,1910,36,0,0.0,Qwen3-8B,1,random,random
R_1FJxqOK5KQcN0yX,1970,37,0,0.0,Qwen3-8B,4,random,random
R_1FJxqOK5KQcN0yX,2030,39,0,0.0,Qwen3-8B,2,random,random
R_qOcNm76yHhOB877,10,0,-1,,Qwen3-8B,5,random,random
R_qOcNm76yHhOB877,70,1,3,1.0,Qwen3-8B,3,random,random
R_qOcNm76yHhOB877,130,2,2,1.0,Qwen3-8B,2,random,random
R_qOcNm76yHhOB877,189,3,0,0.0,Qwen3-8B,2,random,random
R_qOcNm76yHhOB877,248,4,-1,,Qwen3-8B,2,random,random
R_qOcNm76yHhOB877,307,5,-1,,Qwen3-8B,1,random,random
R_qOcNm76yHhOB877,366,7,-1,,Qwen3-8B,3,random,random
R_qOcNm76yHhOB877,422,9,-1,,Qwen3-8B,5,random,random
R_qOcNm76yHhOB877,482,10,0,0.0,Qwen3-8B,2,random,random
R_qOcNm76yHhOB877,542,11,0,0.0,Qwen3-8B,2,random,random
R_qOcNm76yHhOB877,601,12,4,1.0,Qwen3-8B,2,random,random
R_qOcNm76yHhOB877,660,13,-1,,Qwen3-8B,2,random,random
R_qOcNm76yHhOB877,720,14,-1,,Qwen3-8B,3,random,random
R_qOcNm76yHhOB877,779,15,2,1.0,Qwen3-8B,3,random,random
R_qOcNm76yHhOB877,839,16,-1,,Qwen3-8B,1,random,random
R_qOcNm76yHhOB877,898,17,0,0.0,Qwen3-8B,1,random,random
R_qOcNm76yHhOB877,958,18,0,0.0,Qwen3-8B,2,random,random
R_qOcNm76yHhOB877,1017,19,0,0.0,Qwen3-8B,1,random,random
R_qOcNm76yHhOB877,1077,20,-1,,Qwen3-8B,3,random,random
R_qOcNm76yHhOB877,1137,21,0,0.0,Qwen3-8B,3,random,random
R_qOcNm76yHhOB877,1197,22,0,0.0,Qwen3-8B,1,random,random
R_qOcNm76yHhOB877,1257,23,-1,,Qwen3-8B,5,random,random
R_qOcNm76yHhOB877,1317,24,4,1.0,Qwen3-8B,4,random,random
R_qOcNm76yHhOB877,1375,25,0,0.0,Qwen3-8B,3,random,random
R_qOcNm76yHhOB877,1435,27,0,0.0,Qwen3-8B,2,random,random
R_qOcNm76yHhOB877,1496,28,0,0.0,Qwen3-8B,2,random,random
R_qOcNm76yHhOB877,1556,29,0,0.0,Qwen3-8B,1,random,random
R_qOcNm76yHhOB877,1615,30,0,0.0,Qwen3-8B,1,random,random
R_qOcNm76yHhOB877,1672,32,-1,,Qwen3-8B,4,random,random
R_qOcNm76yHhOB877,1734,33,-1,,Qwen3-8B,3,random,random
R_qOcNm76yHhOB877,1793,34,2,1.0,Qwen3-8B,3,random,random
R_qOcNm76yHhOB877,1851,35,0,0.0,Qwen3-8B,1,random,random
R_qOcNm76yHhOB877,1911,36,-1,,Qwen3-8B,1,random,random
R_qOcNm76yHhOB877,1971,37,-1,,Qwen3-8B,4,random,random
R_qOcNm76yHhOB877,2031,39,-1,,Qwen3-8B,2,random,random
R_1iliVpUjP4hdhF8,17,0,0,0.0,Qwen3-8B,5,random,random
R_1iliVpUjP4hdhF8,77,1,4,1.0,Qwen3-8B,3,random,random
R_1iliVpUjP4hdhF8,137,2,0,0.0,Qwen3-8B,2,random,random
R_1iliVpUjP4hdhF8,196,3,0,0.0,Qwen3-8B,2,random,random
R_1iliVpUjP4hdhF8,255,4,0,0.0,Qwen3-8B,2,random,random
R_1iliVpUjP4hdhF8,314,5,2,1.0,Qwen3-8B,1,random,random
R_1iliVpUjP4hdhF8,370,7,0,0.0,Qwen3-8B,3,random,random
R_1iliVpUjP4hdhF8,429,9,0,0.0,Qwen3-8B,5,random,random
R_1iliVpUjP4hdhF8,489,10,0,0.0,Qwen3-8B,2,random,random
R_1iliVpUjP4hdhF8,549,11,2,1.0,Qwen3-8B,2,random,random
R_1iliVpUjP4hdhF8,608,12,0,0.0,Qwen3-8B,2,random,random
R_1iliVpUjP4hdhF8,667,13,3,1.0,Qwen3-8B,2,random,random
R_1iliVpUjP4hdhF8,727,14,0,0.0,Qwen3-8B,3,random,random
R_1iliVpUjP4hdhF8,786,15,0,0.0,Qwen3-8B,3,random,random
R_1iliVpUjP4hdhF8,845,16,0,0.0,Qwen3-8B,1,random,random
R_1iliVpUjP4hdhF8,906,17,0,0.0,Qwen3-8B,1,random,random
R_1iliVpUjP4hdhF8,964,18,2,1.0,Qwen3-8B,2,random,random
R_1iliVpUjP4hdhF8,1024,19,2,1.0,Qwen3-8B,1,random,random
R_1iliVpUjP4hdhF8,1084,20,3,1.0,Qwen3-8B,3,random,random
R_1iliVpUjP4hdhF8,1144,21,0,0.0,Qwen3-8B,3,random,random
R_1iliVpUjP4hdhF8,1204,22,0,0.0,Qwen3-8B,1,random,random
R_1iliVpUjP4hdhF8,1263,23,2,1.0,Qwen3-8B,5,random,random
R_1iliVpUjP4hdhF8,1324,24,2,1.0,Qwen3-8B,4,random,random
R_1iliVpUjP4hdhF8,1381,25,3,1.0,Qwen3-8B,3,random,random
R_1iliVpUjP4hdhF8,1443,27,2,1.0,Qwen3-8B,2,random,random
R_1iliVpUjP4hdhF8,1503,28,0,0.0,Qwen3-8B,2,random,random
R_1iliVpUjP4hdhF8,1563,29,0,0.0,Qwen3-8B,1,random,random
R_1iliVpUjP4hdhF8,1622,30,2,1.0,Qwen3-8B,1,random,random
R_1iliVpUjP4hdhF8,1679,32,3,1.0,Qwen3-8B,4,random,random
R_1iliVpUjP4hdhF8,1741,33,3,1.0,Qwen3-8B,3,random,random
R_1iliVpUjP4hdhF8,1800,34,2,1.0,Qwen3-8B,3,random,random
R_1iliVpUjP4hdhF8,1858,35,0,0.0,Qwen3-8B,1,random,random
R_1iliVpUjP4hdhF8,1918,36,3,1.0,Qwen3-8B,1,random,random
R_1iliVpUjP4hdhF8,1978,37,4,1.0,Qwen3-8B,4,random,random
R_1iliVpUjP4hdhF8,2039,39,0,0.0,Qwen3-8B,2,random,random
R_1g5RvzWZZlbw49F,25,0,2,1.0,Qwen3-8B,5,random,random
R_1g5RvzWZZlbw49F,85,1,4,1.0,Qwen3-8B,3,random,random
R_1g5RvzWZZlbw49F,145,2,0,0.0,Qwen3-8B,2,random,random
R_1g5RvzWZZlbw49F,204,3,0,0.0,Qwen3-8B,2,random,random
R_1g5RvzWZZlbw49F,263,4,2,1.0,Qwen3-8B,2,random,random
R_1g5RvzWZZlbw49F,322,5,1,0.0,Qwen3-8B,1,random,random
R_1g5RvzWZZlbw49F,378,7,3,1.0,Qwen3-8B,3,random,random
R_1g5RvzWZZlbw49F,437,9,-1,,Qwen3-8B,5,random,random
R_1g5RvzWZZlbw49F,497,10,0,0.0,Qwen3-8B,2,random,random
R_1g5RvzWZZlbw49F,557,11,1,0.0,Qwen3-8B,2,random,random
R_1g5RvzWZZlbw49F,616,12,2,1.0,Qwen3-8B,2,random,random
R_1g5RvzWZZlbw49F,675,13,3,1.0,Qwen3-8B,2,random,random
R_1g5RvzWZZlbw49F,735,14,1,0.0,Qwen3-8B,3,random,random
R_1g5RvzWZZlbw49F,794,15,4,1.0,Qwen3-8B,3,random,random
R_1g5RvzWZZlbw49F,853,16,2,1.0,Qwen3-8B,1,random,random
R_1g5RvzWZZlbw49F,914,17,0,0.0,Qwen3-8B,1,random,random
R_1g5RvzWZZlbw49F,972,18,1,0.0,Qwen3-8B,2,random,random
R_1g5RvzWZZlbw49F,1032,19,2,1.0,Qwen3-8B,1,random,random
R_1g5RvzWZZlbw49F,1092,20,0,0.0,Qwen3-8B,3,random,random
R_1g5RvzWZZlbw49F,1152,21,3,1.0,Qwen3-8B,3,random,random
R_1g5RvzWZZlbw49F,1212,22,1,0.0,Qwen3-8B,1,random,random
R_1g5RvzWZZlbw49F,1271,23,4,1.0,Qwen3-8B,5,random,random
R_1g5RvzWZZlbw49F,1332,24,2,1.0,Qwen3-8B,4,random,random
R_1g5RvzWZZlbw49F,1389,25,3,1.0,Qwen3-8B,3,random,random
R_1g5RvzWZZlbw49F,1451,27,0,0.0,Qwen3-8B,2,random,random
R_1g5RvzWZZlbw49F,1511,28,2,1.0,Qwen3-8B,2,random,random
R_1g5RvzWZZlbw49F,1571,29,0,0.0,Qwen3-8B,1,random,random
R_1g5RvzWZZlbw49F,1630,30,1,0.0,Qwen3-8B,1,random,random
R_1g5RvzWZZlbw49F,1688,32,3,1.0,Qwen3-8B,4,random,random
R_1g5RvzWZZlbw49F,1749,33,2,1.0,Qwen3-8B,3,random,random
R_1g5RvzWZZlbw49F,1808,34,0,0.0,Qwen3-8B,3,random,random
R_1g5RvzWZZlbw49F,1866,35,0,0.0,Qwen3-8B,1,random,random
R_1g5RvzWZZlbw49F,1926,36,2,1.0,Qwen3-8B,1,random,random
R_1g5RvzWZZlbw49F,1986,37,4,1.0,Qwen3-8B,4,random,random
R_1g5RvzWZZlbw49F,2048,39,1,0.0,Qwen3-8B,2,random,random
R_2S841CAoPjyovAh,31,0,2,1.0,Qwen3-8B,5,random,random
R_2S841CAoPjyovAh,91,1,1,0.0,Qwen3-8B,3,random,random
R_2S841CAoPjyovAh,151,2,2,1.0,Qwen3-8B,2,random,random
R_2S841CAoPjyovAh,210,3,2,1.0,Qwen3-8B,2,random,random
R_2S841CAoPjyovAh,269,4,2,1.0,Qwen3-8B,2,random,random
R_2S841CAoPjyovAh,328,5,1,0.0,Qwen3-8B,1,random,random
R_2S841CAoPjyovAh,384,7,1,0.0,Qwen3-8B,3,random,random
R_2S841CAoPjyovAh,443,9,-1,,Qwen3-8B,5,random,random
R_2S841CAoPjyovAh,503,10,0,0.0,Qwen3-8B,2,random,random
R_2S841CAoPjyovAh,563,11,0,0.0,Qwen3-8B,2,random,random
R_2S841CAoPjyovAh,622,12,1,0.0,Qwen3-8B,2,random,random
R_2S841CAoPjyovAh,681,13,1,0.0,Qwen3-8B,2,random,random
R_2S841CAoPjyovAh,741,14,1,0.0,Qwen3-8B,3,random,random
R_2S841CAoPjyovAh,800,15,1,0.0,Qwen3-8B,3,random,random
R_2S841CAoPjyovAh,859,16,0,0.0,Qwen3-8B,1,random,random
R_2S841CAoPjyovAh,920,17,0,0.0,Qwen3-8B,1,random,random
R_2S841CAoPjyovAh,978,18,0,0.0,Qwen3-8B,2,random,random
R_2S841CAoPjyovAh,1038,19,0,0.0,Qwen3-8B,1,random,random
R_2S841CAoPjyovAh,1098,20,1,0.0,Qwen3-8B,3,random,random
R_2S841CAoPjyovAh,1158,21,0,0.0,Qwen3-8B,3,random,random
R_2S841CAoPjyovAh,1218,22,0,0.0,Qwen3-8B,1,random,random
R_2S841CAoPjyovAh,1277,23,1,0.0,Qwen3-8B,5,random,random
R_2S841CAoPjyovAh,1338,24,1,0.0,Qwen3-8B,4,random,random
R_2S841CAoPjyovAh,1395,25,1,0.0,Qwen3-8B,3,random,random
R_2S841CAoPjyovAh,1457,27,0,0.0,Qwen3-8B,2,random,random
R_2S841CAoPjyovAh,1517,28,0,0.0,Qwen3-8B,2,random,random
R_2S841CAoPjyovAh,1577,29,0,0.0,Qwen3-8B,1,random,random
R_2S841CAoPjyovAh,1636,30,0,0.0,Qwen3-8B,1,random,random
R_2S841CAoPjyovAh,1694,32,0,0.0,Qwen3-8B,4,random,random
R_2S841CAoPjyovAh,1755,33,0,0.0,Qwen3-8B,3,random,random
R_2S841CAoPjyovAh,1814,34,1,0.0,Qwen3-8B,3,random,random
R_2S841CAoPjyovAh,1872,35,1,0.0,Qwen3-8B,1,random,random
R_2S841CAoPjyovAh,1932,36,1,0.0,Qwen3-8B,1,random,random
R_2S841CAoPjyovAh,1992,37,1,0.0,Qwen3-8B,4,random,random
R_2S841CAoPjyovAh,2054,39,2,1.0,Qwen3-8B,2,random,random
R_3hDYi5Y49RfbqUZ,41,0,0,0.0,Qwen3-8B,5,random,random
R_3hDYi5Y49RfbqUZ,21125,332,0,0.0,Qwen3-8B,2,random,random
R_3hDYi5Y49RfbqUZ,24983,394,0,0.0,Qwen3-8B,3,random,random
R_3hDYi5Y49RfbqUZ,27096,429,0,0.0,Qwen3-8B,1,random,random
R_3hDYi5Y49RfbqUZ,27202,431,0,0.0,Qwen3-8B,3,random,random
R_3hDYi5Y49RfbqUZ,29215,468,0,0.0,Qwen3-8B,4,random,random
R_3hDYi5Y49RfbqUZ,41287,664,0,0.0,Qwen3-8B,1,random,random
R_3hDYi5Y49RfbqUZ,48963,777,0,0.0,Qwen3-8B,4,random,random
R_3hDYi5Y49RfbqUZ,58746,922,0,0.0,Qwen3-8B,1,random,random
R_3hDYi5Y49RfbqUZ,66008,1044,0,0.0,Qwen3-8B,2,random,random
R_3hDYi5Y49RfbqUZ,68309,1082,0,0.0,Qwen3-8B,2,random,random
R_3hDYi5Y49RfbqUZ,71715,1145,0,0.0,Qwen3-8B,4,random,random
R_3hDYi5Y49RfbqUZ,92349,1961,0,0.0,Qwen3-8B,3,random,random
R_3hDYi5Y49RfbqUZ,92373,1962,0,0.0,Qwen3-8B,2,moral,authority
R_3hDYi5Y49RfbqUZ,92397,1963,0,0.0,Qwen3-8B,4,social-group,transgender
R_3hDYi5Y49RfbqUZ,92421,1964,0,0.0,Qwen3-8B,1,random,random
R_3hDYi5Y49RfbqUZ,92445,1965,0,0.0,Qwen3-8B,4,social-group,transgender
R_3hDYi5Y49RfbqUZ,92469,1966,0,0.0,Qwen3-8B,2,social-group,muslim
R_3hDYi5Y49RfbqUZ,92493,1967,0,0.0,Qwen3-8B,3,social-group,muslim
R_3hDYi5Y49RfbqUZ,92517,1968,0,0.0,Qwen3-8B,1,moral,loyalty
R_3hDYi5Y49RfbqUZ,92541,1969,0,0.0,Qwen3-8B,2,social-group,christian
R_3hDYi5Y49RfbqUZ,92565,1970,0,0.0,Qwen3-8B,1,social-group,transgender
R_3hDYi5Y49RfbqUZ,92589,1971,0,0.0,Qwen3-8B,3,social-group,transgender
R_3hDYi5Y49RfbqUZ,92613,1972,0,0.0,Qwen3-8B,2,social-group,christian
R_3hDYi5Y49RfbqUZ,92637,1973,0,0.0,Qwen3-8B,4,social-group,LGB
R_3hDYi5Y49RfbqUZ,92661,1974,0,0.0,Qwen3-8B,2,social-group,christian
R_3hDYi5Y49RfbqUZ,92685,1975,0,0.0,Qwen3-8B,3,social-group,muslim
R_3hDYi5Y49RfbqUZ,92709,1976,0,0.0,Qwen3-8B,2,social-group,LGB
R_3hDYi5Y49RfbqUZ,92733,1977,0,0.0,Qwen3-8B,1,moral,fairness
R_3hDYi5Y49RfbqUZ,92757,1978,0,0.0,Qwen3-8B,3,social-group,LGB
R_3hDYi5Y49RfbqUZ,92781,1979,0,0.0,Qwen3-8B,2,random,random
R_3hDYi5Y49RfbqUZ,92805,1980,0,0.0,Qwen3-8B,1,random,random
R_3hDYi5Y49RfbqUZ,92829,1981,0,0.0,Qwen3-8B,1,social-group,christian
R_3hDYi5Y49RfbqUZ,92853,1982,0,0.0,Qwen3-8B,3,social-group,transgender
R_3hDYi5Y49RfbqUZ,92877,1983,0,0.0,Qwen3-8B,3,social-group,muslim
R_1Cg4i3rpfBDA5NA,42,0,0,0.0,Qwen3-8B,5,random,random
R_1Cg4i3rpfBDA5NA,21126,332,0,0.0,Qwen3-8B,2,random,random
R_1Cg4i3rpfBDA5NA,24984,394,0,0.0,Qwen3-8B,3,random,random
R_1Cg4i3rpfBDA5NA,27097,429,0,0.0,Qwen3-8B,1,random,random
R_1Cg4i3rpfBDA5NA,27203,431,0,0.0,Qwen3-8B,3,random,random
R_1Cg4i3rpfBDA5NA,29216,468,0,0.0,Qwen3-8B,4,random,random
R_1Cg4i3rpfBDA5NA,41288,664,0,0.0,Qwen3-8B,1,random,random
R_1Cg4i3rpfBDA5NA,48964,777,0,0.0,Qwen3-8B,4,random,random
R_1Cg4i3rpfBDA5NA,58747,922,0,0.0,Qwen3-8B,1,random,random
R_1Cg4i3rpfBDA5NA,66009,1044,0,0.0,Qwen3-8B,2,random,random
R_1Cg4i3rpfBDA5NA,68310,1082,0,0.0,Qwen3-8B,2,random,random
R_1Cg4i3rpfBDA5NA,71716,1145,0,0.0,Qwen3-8B,4,random,random
R_1Cg4i3rpfBDA5NA,92350,1961,0,0.0,Qwen3-8B,3,random,random
R_1Cg4i3rpfBDA5NA,92374,1962,0,0.0,Qwen3-8B,2,moral,authority
R_1Cg4i3rpfBDA5NA,92398,1963,0,0.0,Qwen3-8B,4,social-group,transgender
R_1Cg4i3rpfBDA5NA,92422,1964,0,0.0,Qwen3-8B,1,random,random
R_1Cg4i3rpfBDA5NA,92446,1965,0,0.0,Qwen3-8B,4,social-group,transgender
R_1Cg4i3rpfBDA5NA,92470,1966,0,0.0,Qwen3-8B,2,social-group,muslim
R_1Cg4i3rpfBDA5NA,92494,1967,0,0.0,Qwen3-8B,3,social-group,muslim
R_1Cg4i3rpfBDA5NA,92518,1968,0,0.0,Qwen3-8B,1,moral,loyalty
R_1Cg4i3rpfBDA5NA,92542,1969,0,0.0,Qwen3-8B,2,social-group,christian
R_1Cg4i3rpfBDA5NA,92566,1970,0,0.0,Qwen3-8B,1,social-group,transgender
R_1Cg4i3rpfBDA5NA,92590,1971,0,0.0,Qwen3-8B,3,social-group,transgender
R_1Cg4i3rpfBDA5NA,92614,1972,0,0.0,Qwen3-8B,2,social-group,christian
R_1Cg4i3rpfBDA5NA,92638,1973,0,0.0,Qwen3-8B,4,social-group,LGB
R_1Cg4i3rpfBDA5NA,92662,1974,0,0.0,Qwen3-8B,2,social-group,christian
R_1Cg4i3rpfBDA5NA,92686,1975,0,0.0,Qwen3-8B,3,social-group,muslim
R_1Cg4i3rpfBDA5NA,92710,1976,0,0.0,Qwen3-8B,2,social-group,LGB
R_1Cg4i3rpfBDA5NA,92734,1977,0,0.0,Qwen3-8B,1,moral,fairness
R_1Cg4i3rpfBDA5NA,92758,1978,0,0.0,Qwen3-8B,3,social-group,LGB
R_1Cg4i3rpfBDA5NA,92782,1979,0,0.0,Qwen3-8B,2,random,random
R_1Cg4i3rpfBDA5NA,92806,1980,0,0.0,Qwen3-8B,1,random,random
R_1Cg4i3rpfBDA5NA,92830,1981,0,0.0,Qwen3-8B,1,social-group,christian
R_1Cg4i3rpfBDA5NA,92854,1982,0,0.0,Qwen3-8B,3,social-group,transgender
R_1Cg4i3rpfBDA5NA,92878,1983,0,0.0,Qwen3-8B,3,social-group,muslim
R_1KpqioCgHIeOlAf,68,1,4,1.0,Qwen3-8B,3,random,random
R_1KpqioCgHIeOlAf,9244,150,4,1.0,Qwen3-8B,3,random,random
R_1KpqioCgHIeOlAf,15069,237,4,1.0,Qwen3-8B,3,random,random
R_1KpqioCgHIeOlAf,22736,356,0,0.0,Qwen3-8B,3,random,random
R_1KpqioCgHIeOlAf,41312,665,0,0.0,Qwen3-8B,1,random,random
R_1KpqioCgHIeOlAf,42659,687,0,0.0,Qwen3-8B,3,random,random
R_1KpqioCgHIeOlAf,96288,2116,4,1.0,Qwen3-8B,4,social-group,muslim
R_1KpqioCgHIeOlAf,96312,2117,0,0.0,Qwen3-8B,1,moral,loyalty
R_1KpqioCgHIeOlAf,96336,2118,4,1.0,Qwen3-8B,3,social-group,LGB
R_1KpqioCgHIeOlAf,96360,2119,4,1.0,Qwen3-8B,2,social-group,transgender
R_1KpqioCgHIeOlAf,96384,2120,4,1.0,Qwen3-8B,3,social-group,LGB
R_1KpqioCgHIeOlAf,96408,2121,4,1.0,Qwen3-8B,3,social-group,jewish
R_1KpqioCgHIeOlAf,96432,2122,4,1.0,Qwen3-8B,4,social-group,muslim
R_1KpqioCgHIeOlAf,96456,2123,0,0.0,Qwen3-8B,5,social-group,transgender
R_1KpqioCgHIeOlAf,96480,2124,3,1.0,Qwen3-8B,2,social-group,christian
R_1KpqioCgHIeOlAf,96504,2125,0,0.0,Qwen3-8B,3,random,random
R_1KpqioCgHIeOlAf,96528,2126,0,0.0,Qwen3-8B,1,random,random
R_1KpqioCgHIeOlAf,96552,2127,4,1.0,Qwen3-8B,4,moral,authority
R_1KpqioCgHIeOlAf,96576,2128,4,1.0,Qwen3-8B,2,random,random
R_1KpqioCgHIeOlAf,96600,2129,4,1.0,Qwen3-8B,4,social-group,LGB
R_1KpqioCgHIeOlAf,96624,2130,0,0.0,Qwen3-8B,3,moral,fairness
R_1KpqioCgHIeOlAf,96648,2131,4,1.0,Qwen3-8B,2,random,random
R_1KpqioCgHIeOlAf,96672,2132,4,1.0,Qwen3-8B,3,social-group,jewish
R_1KpqioCgHIeOlAf,96696,2133,4,1.0,Qwen3-8B,5,social-group,jewish
R_1KpqioCgHIeOlAf,96720,2134,0,0.0,Qwen3-8B,3,random,random
R_1KpqioCgHIeOlAf,96744,2135,4,1.0,Qwen3-8B,2,random,random
R_1KpqioCgHIeOlAf,96768,2136,3,1.0,Qwen3-8B,3,random,random
R_1KpqioCgHIeOlAf,96792,2137,0,0.0,Qwen3-8B,1,random,random
R_1KpqioCgHIeOlAf,96816,2138,4,1.0,Qwen3-8B,4,social-group,christian
R_1KpqioCgHIeOlAf,96840,2139,4,1.0,Qwen3-8B,5,social-group,muslim
R_1KpqioCgHIeOlAf,96864,2140,4,1.0,Qwen3-8B,4,random,random
R_1KpqioCgHIeOlAf,96888,2141,4,1.0,Qwen3-8B,4,social-group,muslim
R_1KpqioCgHIeOlAf,96912,2142,4,1.0,Qwen3-8B,5,social-group,muslim
R_1KpqioCgHIeOlAf,96936,2143,4,1.0,Qwen3-8B,3,social-group,LGB
R_1KpqioCgHIeOlAf,96960,2144,4,1.0,Qwen3-8B,4,social-group,jewish
R_1eQtFYNM4BXWhG7,73,1,3,1.0,Qwen3-8B,3,random,random
R_1eQtFYNM4BXWhG7,9252,150,4,1.0,Qwen3-8B,3,random,random
R_1eQtFYNM4BXWhG7,15076,237,3,1.0,Qwen3-8B,3,random,random
R_1eQtFYNM4BXWhG7,22744,356,2,1.0,Qwen3-8B,3,random,random
R_1eQtFYNM4BXWhG7,41317,665,0,0.0,Qwen3-8B,1,random,random
R_1eQtFYNM4BXWhG7,42664,687,0,0.0,Qwen3-8B,3,random,random
R_1eQtFYNM4BXWhG7,96290,2116,4,1.0,Qwen3-8B,4,social-group,muslim
R_1eQtFYNM4BXWhG7,96314,2117,0,0.0,Qwen3-8B,1,moral,loyalty
R_1eQtFYNM4BXWhG7,96338,2118,1,0.0,Qwen3-8B,3,social-group,LGB
R_1eQtFYNM4BXWhG7,96362,2119,1,0.0,Qwen3-8B,2,social-group,transgender
R_1eQtFYNM4BXWhG7,96386,2120,2,1.0,Qwen3-8B,3,social-group,LGB
R_1eQtFYNM4BXWhG7,96410,2121,4,1.0,Qwen3-8B,3,social-group,jewish
R_1eQtFYNM4BXWhG7,96434,2122,3,1.0,Qwen3-8B,4,social-group,muslim
R_1eQtFYNM4BXWhG7,96458,2123,3,1.0,Qwen3-8B,5,social-group,transgender
R_1eQtFYNM4BXWhG7,96482,2124,2,1.0,Qwen3-8B,2,social-group,christian
R_1eQtFYNM4BXWhG7,96506,2125,2,1.0,Qwen3-8B,3,random,random
R_1eQtFYNM4BXWhG7,96530,2126,0,0.0,Qwen3-8B,1,random,random
R_1eQtFYNM4BXWhG7,96554,2127,1,0.0,Qwen3-8B,4,moral,authority
R_1eQtFYNM4BXWhG7,96578,2128,1,0.0,Qwen3-8B,2,random,random
R_1eQtFYNM4BXWhG7,96602,2129,4,1.0,Qwen3-8B,4,social-group,LGB
R_1eQtFYNM4BXWhG7,96626,2130,0,0.0,Qwen3-8B,3,moral,fairness
R_1eQtFYNM4BXWhG7,96650,2131,3,1.0,Qwen3-8B,2,random,random
R_1eQtFYNM4BXWhG7,96674,2132,4,1.0,Qwen3-8B,3,social-group,jewish
R_1eQtFYNM4BXWhG7,96698,2133,3,1.0,Qwen3-8B,5,social-group,jewish
R_1eQtFYNM4BXWhG7,96722,2134,2,1.0,Qwen3-8B,3,random,random
R_1eQtFYNM4BXWhG7,96746,2135,0,0.0,Qwen3-8B,2,random,random
R_1eQtFYNM4BXWhG7,96770,2136,0,0.0,Qwen3-8B,3,random,random
R_1eQtFYNM4BXWhG7,96794,2137,0,0.0,Qwen3-8B,1,random,random
R_1eQtFYNM4BXWhG7,96818,2138,0,0.0,Qwen3-8B,4,social-group,christian
R_1eQtFYNM4BXWhG7,96842,2139,4,1.0,Qwen3-8B,5,social-group,muslim
R_1eQtFYNM4BXWhG7,96866,2140,3,1.0,Qwen3-8B,4,random,random
R_1eQtFYNM4BXWhG7,96890,2141,2,1.0,Qwen3-8B,4,social-group,muslim
R_1eQtFYNM4BXWhG7,96914,2142,3,1.0,Qwen3-8B,5,social-group,muslim
R_1eQtFYNM4BXWhG7,96938,2143,4,1.0,Qwen3-8B,3,social-group,LGB
R_1eQtFYNM4BXWhG7,96962,2144,4,1.0,Qwen3-8B,4,social-group,jewish
R_2wuWMh5BHSiqq3A,102,1,0,0.0,Qwen3-8B,3,random,random
R_2wuWMh5BHSiqq3A,9284,150,0,0.0,Qwen3-8B,3,random,random
R_2wuWMh5BHSiqq3A,15112,237,0,0.0,Qwen3-8B,3,random,random
R_2wuWMh5BHSiqq3A,22775,356,0,0.0,Qwen3-8B,3,random,random
R_2wuWMh5BHSiqq3A,41349,665,0,0.0,Qwen3-8B,1,random,random
R_2wuWMh5BHSiqq3A,42696,687,0,0.0,Qwen3-8B,3,random,random
R_2wuWMh5BHSiqq3A,96303,2116,0,0.0,Qwen3-8B,4,social-group,muslim
R_2wuWMh5BHSiqq3A,96327,2117,0,0.0,Qwen3-8B,1,moral,loyalty
R_2wuWMh5BHSiqq3A,96351,2118,0,0.0,Qwen3-8B,3,social-group,LGB
R_2wuWMh5BHSiqq3A,96375,2119,0,0.0,Qwen3-8B,2,social-group,transgender
R_2wuWMh5BHSiqq3A,96399,2120,0,0.0,Qwen3-8B,3,social-group,LGB
R_2wuWMh5BHSiqq3A,96423,2121,0,0.0,Qwen3-8B,3,social-group,jewish
R_2wuWMh5BHSiqq3A,96447,2122,0,0.0,Qwen3-8B,4,social-group,muslim
R_2wuWMh5BHSiqq3A,96471,2123,0,0.0,Qwen3-8B,5,social-group,transgender
R_2wuWMh5BHSiqq3A,96495,2124,0,0.0,Qwen3-8B,2,social-group,christian
R_2wuWMh5BHSiqq3A,96519,2125,0,0.0,Qwen3-8B,3,random,random
R_2wuWMh5BHSiqq3A,96543,2126,0,0.0,Qwen3-8B,1,random,random
R_2wuWMh5BHSiqq3A,96567,2127,0,0.0,Qwen3-8B,4,moral,authority
R_2wuWMh5BHSiqq3A,96591,2128,0,0.0,Qwen3-8B,2,random,random
R_2wuWMh5BHSiqq3A,96615,2129,0,0.0,Qwen3-8B,4,social-group,LGB
R_2wuWMh5BHSiqq3A,96639,2130,0,0.0,Qwen3-8B,3,moral,fairness
R_2wuWMh5BHSiqq3A,96663,2131,0,0.0,Qwen3-8B,2,random,random
R_2wuWMh5BHSiqq3A,96687,2132,0,0.0,Qwen3-8B,3,social-group,jewish
R_2wuWMh5BHSiqq3A,96711,2133,0,0.0,Qwen3-8B,5,social-group,jewish
R_2wuWMh5BHSiqq3A,96735,2134,0,0.0,Qwen3-8B,3,random,random
R_2wuWMh5BHSiqq3A,96759,2135,0,0.0,Qwen3-8B,2,random,random
R_2wuWMh5BHSiqq3A,96783,2136,0,0.0,Qwen3-8B,3,random,random
R_2wuWMh5BHSiqq3A,96807,2137,0,0.0,Qwen3-8B,1,random,random
R_2wuWMh5BHSiqq3A,96831,2138,0,0.0,Qwen3-8B,4,social-group,christian
R_2wuWMh5BHSiqq3A,96855,2139,0,0.0,Qwen3-8B,5,social-group,muslim
R_2wuWMh5BHSiqq3A,96879,2140,0,0.0,Qwen3-8B,4,random,random
R_2wuWMh5BHSiqq3A,96903,2141,0,0.0,Qwen3-8B,4,social-group,muslim
R_2wuWMh5BHSiqq3A,96927,2142,0,0.0,Qwen3-8B,5,social-group,muslim
R_2wuWMh5BHSiqq3A,96951,2143,0,0.0,Qwen3-8B,3,social-group,LGB
R_2wuWMh5BHSiqq3A,96975,2144,0,0.0,Qwen3-8B,4,social-group,jewish
R_2AG7ATckFfb4zPD,128,2,0,0.0,Qwen3-8B,2,random,random
R_2AG7ATckFfb4zPD,187,3,0,0.0,Qwen3-8B,2,random,random
R_2AG7ATckFfb4zPD,3203,57,3,1.0,Qwen3-8B,2,random,random
R_2AG7ATckFfb4zPD,3477,61,0,0.0,Qwen3-8B,2,random,random
R_2AG7ATckFfb4zPD,10104,163,0,0.0,Qwen3-8B,2,random,random
R_2AG7ATckFfb4zPD,17943,283,0,0.0,Qwen3-8B,2,random,random
R_2AG7ATckFfb4zPD,19650,309,0,0.0,Qwen3-8B,1,random,random
R_2AG7ATckFfb4zPD,28921,464,0,0.0,Qwen3-8B,3,random,random
R_2AG7ATckFfb4zPD,41614,670,0,0.0,Qwen3-8B,3,random,random
R_2AG7ATckFfb4zPD,48985,778,0,0.0,Qwen3-8B,1,random,random
R_2AG7ATckFfb4zPD,58937,926,0,0.0,Qwen3-8B,3,random,random
R_2AG7ATckFfb4zPD,63422,1004,0,0.0,Qwen3-8B,4,random,random
R_2AG7ATckFfb4zPD,63545,1006,4,1.0,Qwen3-8B,4,random,random
R_2AG7ATckFfb4zPD,64666,1024,1,0.0,Qwen3-8B,2,random,random
R_2AG7ATckFfb4zPD,119238,3091,0,0.0,Qwen3-8B,2,moral,fairness
R_2AG7ATckFfb4zPD,119261,3092,4,1.0,Qwen3-8B,4,social-group,christian
R_2AG7ATckFfb4zPD,119284,3093,0,0.0,Qwen3-8B,1,moral,fairness
R_2AG7ATckFfb4zPD,119307,3094,4,1.0,Qwen3-8B,3,social-group,jewish
R_2AG7ATckFfb4zPD,119330,3095,0,0.0,Qwen3-8B,2,moral,care
R_2AG7ATckFfb4zPD,119353,3096,4,1.0,Qwen3-8B,3,random,random
R_2AG7ATckFfb4zPD,119376,3097,4,1.0,Qwen3-8B,5,social-group,christian
R_2AG7ATckFfb4zPD,119399,3098,1,0.0,Qwen3-8B,4,social-group,LGB
R_2AG7ATckFfb4zPD,119422,3099,0,0.0,Qwen3-8B,1,random,random
R_2AG7ATckFfb4zPD,119445,3100,4,1.0,Qwen3-8B,4,social-group,christian
R_2AG7ATckFfb4zPD,119468,3101,0,0.0,Qwen3-8B,1,random,random
R_2AG7ATckFfb4zPD,119491,3102,0,0.0,Qwen3-8B,3,social-group,muslim
R_2AG7ATckFfb4zPD,119514,3103,3,1.0,Qwen3-8B,5,social-group,jewish
R_2AG7ATckFfb4zPD,119537,3104,2,1.0,Qwen3-8B,3,social-group,transgender
R_2AG7ATckFfb4zPD,119560,3105,3,1.0,Qwen3-8B,1,random,random
R_2AG7ATckFfb4zPD,119583,3106,4,1.0,Qwen3-8B,5,social-group,jewish
R_2AG7ATckFfb4zPD,119606,3107,4,1.0,Qwen3-8B,4,social-group,LGB
R_2AG7ATckFfb4zPD,119629,3108,1,0.0,Qwen3-8B,5,random,random
R_2AG7ATckFfb4zPD,119652,3109,4,1.0,Qwen3-8B,3,social-group,muslim
R_2AG7ATckFfb4zPD,119675,3110,0,0.0,Qwen3-8B,4,social-group,jewish
R_2AG7ATckFfb4zPD,119698,3111,4,1.0,Qwen3-8B,5,social-group,transgender
R_Y66wqewvt7edwDT,133,2,3,1.0,Qwen3-8B,2,random,random
R_Y66wqewvt7edwDT,192,3,0,0.0,Qwen3-8B,2,random,random
R_Y66wqewvt7edwDT,3212,57,0,0.0,Qwen3-8B,2,random,random
R_Y66wqewvt7edwDT,3486,61,0,0.0,Qwen3-8B,2,random,random
R_Y66wqewvt7edwDT,10112,163,0,0.0,Qwen3-8B,2,random,random
R_Y66wqewvt7edwDT,17949,283,0,0.0,Qwen3-8B,2,random,random
R_Y66wqewvt7edwDT,19656,309,0,0.0,Qwen3-8B,1,random,random
R_Y66wqewvt7edwDT,28927,464,0,0.0,Qwen3-8B,3,random,random
R_Y66wqewvt7edwDT,41619,670,0,0.0,Qwen3-8B,3,random,random
R_Y66wqewvt7edwDT,48995,778,0,0.0,Qwen3-8B,1,random,random
R_Y66wqewvt7edwDT,58943,926,0,0.0,Qwen3-8B,3,random,random
R_Y66wqewvt7edwDT,63428,1004,0,0.0,Qwen3-8B,4,random,random
R_Y66wqewvt7edwDT,63551,1006,1,0.0,Qwen3-8B,4,random,random
R_Y66wqewvt7edwDT,64679,1024,0,0.0,Qwen3-8B,2,random,random
R_Y66wqewvt7edwDT,119240,3091,0,0.0,Qwen3-8B,2,moral,fairness
R_Y66wqewvt7edwDT,119263,3092,0,0.0,Qwen3-8B,4,social-group,christian
R_Y66wqewvt7edwDT,119286,3093,0,0.0,Qwen3-8B,1,moral,fairness
R_Y66wqewvt7edwDT,119309,3094,1,0.0,Qwen3-8B,3,social-group,jewish
R_Y66wqewvt7edwDT,119332,3095,0,0.0,Qwen3-8B,2,moral,care
R_Y66wqewvt7edwDT,119355,3096,4,1.0,Qwen3-8B,3,random,random
R_Y66wqewvt7edwDT,119378,3097,4,1.0,Qwen3-8B,5,social-group,christian
R_Y66wqewvt7edwDT,119401,3098,0,0.0,Qwen3-8B,4,social-group,LGB
R_Y66wqewvt7edwDT,119424,3099,0,0.0,Qwen3-8B,1,random,random
R_Y66wqewvt7edwDT,119447,3100,1,0.0,Qwen3-8B,4,social-group,christian
R_Y66wqewvt7edwDT,119470,3101,2,1.0,Qwen3-8B,1,random,random
R_Y66wqewvt7edwDT,119493,3102,1,0.0,Qwen3-8B,3,social-group,muslim
R_Y66wqewvt7edwDT,119516,3103,1,0.0,Qwen3-8B,5,social-group,jewish
R_Y66wqewvt7edwDT,119539,3104,1,0.0,Qwen3-8B,3,social-group,transgender
R_Y66wqewvt7edwDT,119562,3105,0,0.0,Qwen3-8B,1,random,random
R_Y66wqewvt7edwDT,119585,3106,1,0.0,Qwen3-8B,5,social-group,jewish
R_Y66wqewvt7edwDT,119608,3107,0,0.0,Qwen3-8B,4,social-group,LGB
R_Y66wqewvt7edwDT,119631,3108,3,1.0,Qwen3-8B,5,random,random
R_Y66wqewvt7edwDT,119654,3109,1,0.0,Qwen3-8B,3,social-group,muslim
R_Y66wqewvt7edwDT,119677,3110,1,0.0,Qwen3-8B,4,social-group,jewish
R_Y66wqewvt7edwDT,119700,3111,1,0.0,Qwen3-8B,5,social-group,transgender
R_refeoYyPXztmeOJ,155,2,2,1.0,Qwen3-8B,2,random,random
R_refeoYyPXztmeOJ,214,3,0,0.0,Qwen3-8B,2,random,random
R_refeoYyPXztmeOJ,3242,57,-1,,Qwen3-8B,2,random,random
R_refeoYyPXztmeOJ,3516,61,0,0.0,Qwen3-8B,2,random,random
R_refeoYyPXztmeOJ,10137,163,0,0.0,Qwen3-8B,2,random,random
R_refeoYyPXztmeOJ,17977,283,1,0.0,Qwen3-8B,2,random,random
R_refeoYyPXztmeOJ,19681,309,0,0.0,Qwen3-8B,1,random,random
R_refeoYyPXztmeOJ,28955,464,3,1.0,Qwen3-8B,3,random,random
R_refeoYyPXztmeOJ,41642,670,1,0.0,Qwen3-8B,3,random,random
R_refeoYyPXztmeOJ,49015,778,0,0.0,Qwen3-8B,1,random,random
R_refeoYyPXztmeOJ,58964,926,2,1.0,Qwen3-8B,3,random,random
R_refeoYyPXztmeOJ,63454,1004,2,1.0,Qwen3-8B,4,random,random
R_refeoYyPXztmeOJ,63577,1006,2,1.0,Qwen3-8B,4,random,random
R_refeoYyPXztmeOJ,64708,1024,0,0.0,Qwen3-8B,2,random,random
R_refeoYyPXztmeOJ,119249,3091,0,0.0,Qwen3-8B,2,moral,fairness
R_refeoYyPXztmeOJ,119272,3092,1,0.0,Qwen3-8B,4,social-group,christian
R_refeoYyPXztmeOJ,119295,3093,0,0.0,Qwen3-8B,1,moral,fairness
R_refeoYyPXztmeOJ,119318,3094,2,1.0,Qwen3-8B,3,social-group,jewish
R_refeoYyPXztmeOJ,119341,3095,0,0.0,Qwen3-8B,2,moral,care
R_refeoYyPXztmeOJ,119364,3096,1,0.0,Qwen3-8B,3,random,random
R_refeoYyPXztmeOJ,119387,3097,-1,,Qwen3-8B,5,social-group,christian
R_refeoYyPXztmeOJ,119410,3098,3,1.0,Qwen3-8B,4,social-group,LGB
R_refeoYyPXztmeOJ,119433,3099,1,0.0,Qwen3-8B,1,random,random
R_refeoYyPXztmeOJ,119456,3100,4,1.0,Qwen3-8B,4,social-group,christian
R_refeoYyPXztmeOJ,119479,3101,1,0.0,Qwen3-8B,1,random,random
R_refeoYyPXztmeOJ,119502,3102,1,0.0,Qwen3-8B,3,social-group,muslim
R_refeoYyPXztmeOJ,119525,3103,4,1.0,Qwen3-8B,5,social-group,jewish
R_refeoYyPXztmeOJ,119548,3104,4,1.0,Qwen3-8B,3,social-group,transgender
R_refeoYyPXztmeOJ,119571,3105,1,0.0,Qwen3-8B,1,random,random
R_refeoYyPXztmeOJ,119594,3106,4,1.0,Qwen3-8B,5,social-group,jewish
R_refeoYyPXztmeOJ,119617,3107,1,0.0,Qwen3-8B,4,social-group,LGB
R_refeoYyPXztmeOJ,119640,3108,4,1.0,Qwen3-8B,5,random,random
R_refeoYyPXztmeOJ,119663,3109,-1,,Qwen3-8B,3,social-group,muslim
R_refeoYyPXztmeOJ,119686,3110,3,1.0,Qwen3-8B,4,social-group,jewish
R_refeoYyPXztmeOJ,119709,3111,3,1.0,Qwen3-8B,5,social-group,transgender
R_29vpETM5h8goAOV,178,2,0,0.0,Qwen3-8B,2,random,random
R_29vpETM5h8goAOV,237,3,0,0.0,Qwen3-8B,2,random,random
R_29vpETM5h8goAOV,3264,57,1,0.0,Qwen3-8B,2,random,random
R_29vpETM5h8goAOV,3538,61,0,0.0,Qwen3-8B,2,random,random
R_29vpETM5h8goAOV,10155,163,0,0.0,Qwen3-8B,2,random,random
R_29vpETM5h8goAOV,17997,283,0,0.0,Qwen3-8B,2,random,random
R_29vpETM5h8goAOV,19707,309,0,0.0,Qwen3-8B,1,random,random
R_29vpETM5h8goAOV,28979,464,0,0.0,Qwen3-8B,3,random,random
R_29vpETM5h8goAOV,41669,670,1,0.0,Qwen3-8B,3,random,random
R_29vpETM5h8goAOV,49040,778,1,0.0,Qwen3-8B,1,random,random
R_29vpETM5h8goAOV,58983,926,0,0.0,Qwen3-8B,3,random,random
R_29vpETM5h8goAOV,63476,1004,4,1.0,Qwen3-8B,4,random,random
R_29vpETM5h8goAOV,63599,1006,0,0.0,Qwen3-8B,4,random,random
R_29vpETM5h8goAOV,64724,1024,0,0.0,Qwen3-8B,2,random,random
R_29vpETM5h8goAOV,119258,3091,0,0.0,Qwen3-8B,2,moral,fairness
R_29vpETM5h8goAOV,119281,3092,0,0.0,Qwen3-8B,4,social-group,christian
R_29vpETM5h8goAOV,119304,3093,0,0.0,Qwen3-8B,1,moral,fairness
R_29vpETM5h8goAOV,119327,3094,3,1.0,Qwen3-8B,3,social-group,jewish
R_29vpETM5h8goAOV,119350,3095,0,0.0,Qwen3-8B,2,moral,care
R_29vpETM5h8goAOV,119373,3096,1,0.0,Qwen3-8B,3,random,random
R_29vpETM5h8goAOV,119396,3097,3,1.0,Qwen3-8B,5,social-group,christian
R_29vpETM5h8goAOV,119419,3098,2,1.0,Qwen3-8B,4,social-group,LGB
R_29vpETM5h8goAOV,119442,3099,0,0.0,Qwen3-8B,1,random,random
R_29vpETM5h8goAOV,119465,3100,3,1.0,Qwen3-8B,4,social-group,christian
R_29vpETM5h8goAOV,119488,3101,4,1.0,Qwen3-8B,1,random,random
R_29vpETM5h8goAOV,119511,3102,4,1.0,Qwen3-8B,3,social-group,muslim
R_29vpETM5h8goAOV,119534,3103,4,1.0,Qwen3-8B,5,social-group,jewish
R_29vpETM5h8goAOV,119557,3104,0,0.0,Qwen3-8B,3,social-group,transgender
R_29vpETM5h8goAOV,119580,3105,0,0.0,Qwen3-8B,1,random,random
R_29vpETM5h8goAOV,119603,3106,4,1.0,Qwen3-8B,5,social-group,jewish
R_29vpETM5h8goAOV,119626,3107,2,1.0,Qwen3-8B,4,social-group,LGB
R_29vpETM5h8goAOV,119649,3108,3,1.0,Qwen3-8B,5,random,random
R_29vpETM5h8goAOV,119672,3109,4,1.0,Qwen3-8B,3,social-group,muslim
R_29vpETM5h8goAOV,119695,3110,4,1.0,Qwen3-8B,4,social-group,jewish
R_29vpETM5h8goAOV,119718,3111,0,0.0,Qwen3-8B,5,social-group,transgender
R_2xXdVsek3HLjJrR,244,4,1,0.0,Qwen3-8B,2,random,random
R_2xXdVsek3HLjJrR,24822,392,0,0.0,Qwen3-8B,1,random,random
R_2xXdVsek3HLjJrR,35658,570,0,0.0,Qwen3-8B,5,random,random
R_2xXdVsek3HLjJrR,43290,697,0,0.0,Qwen3-8B,2,random,random
R_2xXdVsek3HLjJrR,49606,788,0,0.0,Qwen3-8B,2,random,random
R_2xXdVsek3HLjJrR,52240,828,1,0.0,Qwen3-8B,1,random,random
R_2xXdVsek3HLjJrR,52240,828,1,0.0,Qwen3-8B,1,moral,loyalty
R_2xXdVsek3HLjJrR,52240,828,1,0.0,Qwen3-8B,1,random,random
R_2xXdVsek3HLjJrR,52240,828,1,0.0,Qwen3-8B,1,moral,loyalty
R_2xXdVsek3HLjJrR,53002,835,0,0.0,Qwen3-8B,2,random,random
R_2xXdVsek3HLjJrR,53755,847,0,0.0,Qwen3-8B,1,random,random
R_2xXdVsek3HLjJrR,59102,929,1,0.0,Qwen3-8B,4,random,random
R_2xXdVsek3HLjJrR,140252,3994,0,0.0,Qwen3-8B,3,social-group,LGB
R_2xXdVsek3HLjJrR,140275,3995,0,0.0,Qwen3-8B,2,social-group,transgender
R_2xXdVsek3HLjJrR,140298,3996,0,0.0,Qwen3-8B,3,social-group,jewish
R_2xXdVsek3HLjJrR,140321,3997,0,0.0,Qwen3-8B,1,random,random
R_2xXdVsek3HLjJrR,140344,3998,1,0.0,Qwen3-8B,3,social-group,christian
R_2xXdVsek3HLjJrR,140367,3999,2,1.0,Qwen3-8B,2,social-group,christian
R_2xXdVsek3HLjJrR,140390,4000,0,0.0,Qwen3-8B,1,random,random
R_2xXdVsek3HLjJrR,140413,4001,1,0.0,Qwen3-8B,1,moral,care
R_2xXdVsek3HLjJrR,140436,4002,0,0.0,Qwen3-8B,2,random,random
R_2xXdVsek3HLjJrR,140459,4003,2,1.0,Qwen3-8B,3,random,random
R_2xXdVsek3HLjJrR,140482,4004,3,1.0,Qwen3-8B,5,social-group,transgender
R_2xXdVsek3HLjJrR,140505,4005,3,1.0,Qwen3-8B,4,social-group,transgender
R_2xXdVsek3HLjJrR,140528,4006,0,0.0,Qwen3-8B,2,random,random
R_2xXdVsek3HLjJrR,140551,4007,0,0.0,Qwen3-8B,3,random,random
R_2xXdVsek3HLjJrR,140574,4008,0,0.0,Qwen3-8B,1,social-group,LGB
R_2xXdVsek3HLjJrR,140597,4009,0,0.0,Qwen3-8B,3,social-group,muslim
R_2xXdVsek3HLjJrR,140620,4010,1,0.0,Qwen3-8B,3,social-group,LGB
R_2xXdVsek3HLjJrR,140643,4011,0,0.0,Qwen3-8B,5,social-group,jewish
R_2xXdVsek3HLjJrR,140666,4012,1,0.0,Qwen3-8B,3,social-group,christian
R_2xXdVsek3HLjJrR,140689,4013,2,1.0,Qwen3-8B,3,social-group,transgender
R_2xXdVsek3HLjJrR,140712,4014,1,0.0,Qwen3-8B,5,social-group,christian
R_2xXdVsek3HLjJrR,140735,4015,2,1.0,Qwen3-8B,2,social-group,transgender
R_2xXdVsek3HLjJrR,140758,4016,1,0.0,Qwen3-8B,3,social-group,muslim
R_2xXdVsek3HLjJrR,140781,4017,4,1.0,Qwen3-8B,4,social-group,muslim
R_2xXdVsek3HLjJrR,140804,4018,3,1.0,Qwen3-8B,4,social-group,jewish
R_2xXdVsek3HLjJrR,140827,4019,0,0.0,Qwen3-8B,2,social-group,transgender
R_1imK7JeeqD1IlDx,246,4,0,0.0,Qwen3-8B,2,random,random
R_1imK7JeeqD1IlDx,24824,392,0,0.0,Qwen3-8B,1,random,random
R_1imK7JeeqD1IlDx,35660,570,0,0.0,Qwen3-8B,5,random,random
R_1imK7JeeqD1IlDx,43292,697,0,0.0,Qwen3-8B,2,random,random
R_1imK7JeeqD1IlDx,49608,788,0,0.0,Qwen3-8B,2,random,random
R_1imK7JeeqD1IlDx,52258,828,0,0.0,Qwen3-8B,1,random,random
R_1imK7JeeqD1IlDx,52258,828,0,0.0,Qwen3-8B,1,moral,loyalty
R_1imK7JeeqD1IlDx,52258,828,0,0.0,Qwen3-8B,1,random,random
R_1imK7JeeqD1IlDx,52258,828,0,0.0,Qwen3-8B,1,moral,loyalty
R_1imK7JeeqD1IlDx,53004,835,0,0.0,Qwen3-8B,2,random,random
R_1imK7JeeqD1IlDx,53757,847,0,0.0,Qwen3-8B,1,random,random
R_1imK7JeeqD1IlDx,59104,929,0,0.0,Qwen3-8B,4,random,random
R_1imK7JeeqD1IlDx,140254,3994,0,0.0,Qwen3-8B,3,social-group,LGB
R_1imK7JeeqD1IlDx,140277,3995,0,0.0,Qwen3-8B,2,social-group,transgender
R_1imK7JeeqD1IlDx,140300,3996,0,0.0,Qwen3-8B,3,social-group,jewish
R_1imK7JeeqD1IlDx,140323,3997,0,0.0,Qwen3-8B,1,random,random
R_1imK7JeeqD1IlDx,140346,3998,0,0.0,Qwen3-8B,3,social-group,christian
R_1imK7JeeqD1IlDx,140369,3999,0,0.0,Qwen3-8B,2,social-group,christian
R_1imK7JeeqD1IlDx,140392,4000,0,0.0,Qwen3-8B,1,random,random
R_1imK7JeeqD1IlDx,140415,4001,0,0.0,Qwen3-8B,1,moral,care
R_1imK7JeeqD1IlDx,140438,4002,0,0.0,Qwen3-8B,2,random,random
R_1imK7JeeqD1IlDx,140461,4003,0,0.0,Qwen3-8B,3,random,random
R_1imK7JeeqD1IlDx,140484,4004,0,0.0,Qwen3-8B,5,social-group,transgender
R_1imK7JeeqD1IlDx,140507,4005,0,0.0,Qwen3-8B,4,social-group,transgender
R_1imK7JeeqD1IlDx,140530,4006,0,0.0,Qwen3-8B,2,random,random
R_1imK7JeeqD1IlDx,140553,4007,0,0.0,Qwen3-8B,3,random,random
R_1imK7JeeqD1IlDx,140576,4008,0,0.0,Qwen3-8B,1,social-group,LGB
R_1imK7JeeqD1IlDx,140599,4009,0,0.0,Qwen3-8B,3,social-group,muslim
R_1imK7JeeqD1IlDx,140622,4010,0,0.0,Qwen3-8B,3,social-group,LGB
R_1imK7JeeqD1IlDx,140645,4011,0,0.0,Qwen3-8B,5,social-group,jewish
R_1imK7JeeqD1IlDx,140668,4012,0,0.0,Qwen3-8B,3,social-group,christian
R_1imK7JeeqD1IlDx,140691,4013,0,0.0,Qwen3-8B,3,social-group,transgender
R_1imK7JeeqD1IlDx,140714,4014,0,0.0,Qwen3-8B,5,social-group,christian
R_1imK7JeeqD1IlDx,140737,4015,0,0.0,Qwen3-8B,2,social-group,transgender
R_1imK7JeeqD1IlDx,140760,4016,0,0.0,Qwen3-8B,3,social-group,muslim
R_1imK7JeeqD1IlDx,140783,4017,0,0.0,Qwen3-8B,4,social-group,muslim
R_1imK7JeeqD1IlDx,140806,4018,0,0.0,Qwen3-8B,4,social-group,jewish
R_1imK7JeeqD1IlDx,140829,4019,0,0.0,Qwen3-8B,2,social-group,transgender
R_2qEKc05ip6w8vNK,251,4,0,0.0,Qwen3-8B,2,random,random
R_2qEKc05ip6w8vNK,24829,392,0,0.0,Qwen3-8B,1,random,random
R_2qEKc05ip6w8vNK,35664,570,0,0.0,Qwen3-8B,5,random,random
R_2qEKc05ip6w8vNK,43296,697,0,0.0,Qwen3-8B,2,random,random
R_2qEKc05ip6w8vNK,49618,788,0,0.0,Qwen3-8B,2,random,random
R_2qEKc05ip6w8vNK,52278,828,0,0.0,Qwen3-8B,1,random,random
R_2qEKc05ip6w8vNK,52278,828,0,0.0,Qwen3-8B,1,moral,loyalty
R_2qEKc05ip6w8vNK,52278,828,0,0.0,Qwen3-8B,1,random,random
R_2qEKc05ip6w8vNK,52278,828,0,0.0,Qwen3-8B,1,moral,loyalty
R_2qEKc05ip6w8vNK,53009,835,1,0.0,Qwen3-8B,2,random,random
R_2qEKc05ip6w8vNK,53762,847,0,0.0,Qwen3-8B,1,random,random
R_2qEKc05ip6w8vNK,59110,929,1,0.0,Qwen3-8B,4,random,random
R_2qEKc05ip6w8vNK,140256,3994,0,0.0,Qwen3-8B,3,social-group,LGB
R_2qEKc05ip6w8vNK,140279,3995,0,0.0,Qwen3-8B,2,social-group,transgender
R_2qEKc05ip6w8vNK,140302,3996,0,0.0,Qwen3-8B,3,social-group,jewish
R_2qEKc05ip6w8vNK,140325,3997,0,0.0,Qwen3-8B,1,random,random
R_2qEKc05ip6w8vNK,140348,3998,1,0.0,Qwen3-8B,3,social-group,christian
R_2qEKc05ip6w8vNK,140371,3999,1,0.0,Qwen3-8B,2,social-group,christian
R_2qEKc05ip6w8vNK,140394,4000,0,0.0,Qwen3-8B,1,random,random
R_2qEKc05ip6w8vNK,140417,4001,0,0.0,Qwen3-8B,1,moral,care
R_2qEKc05ip6w8vNK,140440,4002,1,0.0,Qwen3-8B,2,random,random
R_2qEKc05ip6w8vNK,140463,4003,0,0.0,Qwen3-8B,3,random,random
R_2qEKc05ip6w8vNK,140486,4004,0,0.0,Qwen3-8B,5,social-group,transgender
R_2qEKc05ip6w8vNK,140509,4005,0,0.0,Qwen3-8B,4,social-group,transgender
R_2qEKc05ip6w8vNK,140532,4006,0,0.0,Qwen3-8B,2,random,random
R_2qEKc05ip6w8vNK,140555,4007,0,0.0,Qwen3-8B,3,random,random
R_2qEKc05ip6w8vNK,140578,4008,0,0.0,Qwen3-8B,1,social-group,LGB
R_2qEKc05ip6w8vNK,140601,4009,0,0.0,Qwen3-8B,3,social-group,muslim
R_2qEKc05ip6w8vNK,140624,4010,1,0.0,Qwen3-8B,3,social-group,LGB
R_2qEKc05ip6w8vNK,140647,4011,0,0.0,Qwen3-8B,5,social-group,jewish
R_2qEKc05ip6w8vNK,140670,4012,0,0.0,Qwen3-8B,3,social-group,christian
R_2qEKc05ip6w8vNK,140693,4013,0,0.0,Qwen3-8B,3,social-group,transgender
R_2qEKc05ip6w8vNK,140716,4014,0,0.0,Qwen3-8B,5,social-group,christian
R_2qEKc05ip6w8vNK,140739,4015,0,0.0,Qwen3-8B,2,social-group,transgender
R_2qEKc05ip6w8vNK,140762,4016,0,0.0,Qwen3-8B,3,social-group,muslim
R_2qEKc05ip6w8vNK,140785,4017,2,1.0,Qwen3-8B,4,social-group,muslim
R_2qEKc05ip6w8vNK,140808,4018,2,1.0,Qwen3-8B,4,social-group,jewish
R_2qEKc05ip6w8vNK,140831,4019,0,0.0,Qwen3-8B,2,social-group,transgender
R_2tmwUif4eS2rdkz,258,4,-1,,Qwen3-8B,2,random,random
R_2tmwUif4eS2rdkz,24835,392,0,0.0,Qwen3-8B,1,random,random
R_2tmwUif4eS2rdkz,35671,570,0,0.0,Qwen3-8B,5,random,random
R_2tmwUif4eS2rdkz,43303,697,3,1.0,Qwen3-8B,2,random,random
R_2tmwUif4eS2rdkz,49625,788,0,0.0,Qwen3-8B,2,random,random
R_2tmwUif4eS2rdkz,52348,828,-1,,Qwen3-8B,1,random,random
R_2tmwUif4eS2rdkz,52348,828,-1,,Qwen3-8B,1,moral,loyalty
R_2tmwUif4eS2rdkz,52348,828,-1,,Qwen3-8B,1,random,random
R_2tmwUif4eS2rdkz,52348,828,-1,,Qwen3-8B,1,moral,loyalty
R_2tmwUif4eS2rdkz,53020,835,0,0.0,Qwen3-8B,2,random,random
R_2tmwUif4eS2rdkz,53778,847,4,1.0,Qwen3-8B,1,random,random
R_2tmwUif4eS2rdkz,59116,929,2,1.0,Qwen3-8B,4,random,random
R_2tmwUif4eS2rdkz,140259,3994,0,0.0,Qwen3-8B,3,social-group,LGB
R_2tmwUif4eS2rdkz,140282,3995,3,1.0,Qwen3-8B,2,social-group,transgender
R_2tmwUif4eS2rdkz,140305,3996,0,0.0,Qwen3-8B,3,social-group,jewish
R_2tmwUif4eS2rdkz,140328,3997,1,0.0,Qwen3-8B,1,random,random
R_2tmwUif4eS2rdkz,140351,3998,2,1.0,Qwen3-8B,3,social-group,christian
R_2tmwUif4eS2rdkz,140374,3999,3,1.0,Qwen3-8B,2,social-group,christian
R_2tmwUif4eS2rdkz,140397,4000,1,0.0,Qwen3-8B,1,random,random
R_2tmwUif4eS2rdkz,140420,4001,3,1.0,Qwen3-8B,1,moral,care
R_2tmwUif4eS2rdkz,140443,4002,-1,,Qwen3-8B,2,random,random
R_2tmwUif4eS2rdkz,140466,4003,-1,,Qwen3-8B,3,random,random
R_2tmwUif4eS2rdkz,140489,4004,0,0.0,Qwen3-8B,5,social-group,transgender
R_2tmwUif4eS2rdkz,140512,4005,4,1.0,Qwen3-8B,4,social-group,transgender
R_2tmwUif4eS2rdkz,140535,4006,0,0.0,Qwen3-8B,2,random,random
R_2tmwUif4eS2rdkz,140558,4007,0,0.0,Qwen3-8B,3,random,random
R_2tmwUif4eS2rdkz,140581,4008,-1,,Qwen3-8B,1,social-group,LGB
R_2tmwUif4eS2rdkz,140604,4009,-1,,Qwen3-8B,3,social-group,muslim
R_2tmwUif4eS2rdkz,140627,4010,-1,,Qwen3-8B,3,social-group,LGB
R_2tmwUif4eS2rdkz,140650,4011,1,0.0,Qwen3-8B,5,social-group,jewish
R_2tmwUif4eS2rdkz,140673,4012,-1,,Qwen3-8B,3,social-group,christian
R_2tmwUif4eS2rdkz,140696,4013,-1,,Qwen3-8B,3,social-group,transgender
R_2tmwUif4eS2rdkz,140719,4014,-1,,Qwen3-8B,5,social-group,christian
R_2tmwUif4eS2rdkz,140742,4015,-1,,Qwen3-8B,2,social-group,transgender
R_2tmwUif4eS2rdkz,140765,4016,-1,,Qwen3-8B,3,social-group,muslim
R_2tmwUif4eS2rdkz,140788,4017,4,1.0,Qwen3-8B,4,social-group,muslim
R_2tmwUif4eS2rdkz,140811,4018,-1,,Qwen3-8B,4,social-group,jewish
R_2tmwUif4eS2rdkz,140834,4019,-1,,Qwen3-8B,2,social-group,transgender
R_1K2O3JNFD35Nj99,266,4,0,0.0,Qwen3-8B,2,random,random
R_1K2O3JNFD35Nj99,24840,392,0,0.0,Qwen3-8B,1,random,random
R_1K2O3JNFD35Nj99,35680,570,4,1.0,Qwen3-8B,5,random,random
R_1K2O3JNFD35Nj99,43309,697,4,1.0,Qwen3-8B,2,random,random
R_1K2O3JNFD35Nj99,49631,788,0,0.0,Qwen3-8B,2,random,random
R_1K2O3JNFD35Nj99,52378,828,2,1.0,Qwen3-8B,1,random,random
R_1K2O3JNFD35Nj99,52378,828,2,1.0,Qwen3-8B,1,moral,loyalty
R_1K2O3JNFD35Nj99,52378,828,2,1.0,Qwen3-8B,1,random,random
R_1K2O3JNFD35Nj99,52378,828,2,1.0,Qwen3-8B,1,moral,loyalty
R_1K2O3JNFD35Nj99,53027,835,0,0.0,Qwen3-8B,2,random,random
R_1K2O3JNFD35Nj99,53785,847,4,1.0,Qwen3-8B,1,random,random
R_1K2O3JNFD35Nj99,59123,929,0,0.0,Qwen3-8B,4,random,random
R_1K2O3JNFD35Nj99,140262,3994,4,1.0,Qwen3-8B,3,social-group,LGB
R_1K2O3JNFD35Nj99,140285,3995,4,1.0,Qwen3-8B,2,social-group,transgender
R_1K2O3JNFD35Nj99,140308,3996,4,1.0,Qwen3-8B,3,social-group,jewish
R_1K2O3JNFD35Nj99,140331,3997,0,0.0,Qwen3-8B,1,random,random
R_1K2O3JNFD35Nj99,140354,3998,3,1.0,Qwen3-8B,3,social-group,christian
R_1K2O3JNFD35Nj99,140377,3999,4,1.0,Qwen3-8B,2,social-group,christian
R_1K2O3JNFD35Nj99,140400,4000,4,1.0,Qwen3-8B,1,random,random
R_1K2O3JNFD35Nj99,140423,4001,2,1.0,Qwen3-8B,1,moral,care
R_1K2O3JNFD35Nj99,140446,4002,4,1.0,Qwen3-8B,2,random,random
R_1K2O3JNFD35Nj99,140469,4003,3,1.0,Qwen3-8B,3,random,random
R_1K2O3JNFD35Nj99,140492,4004,4,1.0,Qwen3-8B,5,social-group,transgender
R_1K2O3JNFD35Nj99,140515,4005,4,1.0,Qwen3-8B,4,social-group,transgender
R_1K2O3JNFD35Nj99,140538,4006,2,1.0,Qwen3-8B,2,random,random
R_1K2O3JNFD35Nj99,140561,4007,4,1.0,Qwen3-8B,3,random,random
R_1K2O3JNFD35Nj99,140584,4008,4,1.0,Qwen3-8B,1,social-group,LGB
R_1K2O3JNFD35Nj99,140607,4009,0,0.0,Qwen3-8B,3,social-group,muslim
R_1K2O3JNFD35Nj99,140630,4010,0,0.0,Qwen3-8B,3,social-group,LGB
R_1K2O3JNFD35Nj99,140653,4011,4,1.0,Qwen3-8B,5,social-group,jewish
R_1K2O3JNFD35Nj99,140676,4012,4,1.0,Qwen3-8B,3,social-group,christian
R_1K2O3JNFD35Nj99,140699,4013,4,1.0,Qwen3-8B,3,social-group,transgender
R_1K2O3JNFD35Nj99,140722,4014,4,1.0,Qwen3-8B,5,social-group,christian
R_1K2O3JNFD35Nj99,140745,4015,1,0.0,Qwen3-8B,2,social-group,transgender
R_1K2O3JNFD35Nj99,140768,4016,0,0.0,Qwen3-8B,3,social-group,muslim
R_1K2O3JNFD35Nj99,140791,4017,2,1.0,Qwen3-8B,4,social-group,muslim
R_1K2O3JNFD35Nj99,140814,4018,4,1.0,Qwen3-8B,4,social-group,jewish
R_1K2O3JNFD35Nj99,140837,4019,4,1.0,Qwen3-8B,2,social-group,transgender
R_1eqJ28zOtno7wxO,276,4,0,0.0,Qwen3-8B,2,random,random
R_1eqJ28zOtno7wxO,24857,392,0,0.0,Qwen3-8B,1,random,random
R_1eqJ28zOtno7wxO,35695,570,1,0.0,Qwen3-8B,5,random,random
R_1eqJ28zOtno7wxO,43326,697,0,0.0,Qwen3-8B,2,random,random
R_1eqJ28zOtno7wxO,49647,788,0,0.0,Qwen3-8B,2,random,random
R_1eqJ28zOtno7wxO,52476,828,0,0.0,Qwen3-8B,1,random,random
R_1eqJ28zOtno7wxO,52476,828,0,0.0,Qwen3-8B,1,moral,loyalty
R_1eqJ28zOtno7wxO,52476,828,0,0.0,Qwen3-8B,1,random,random
R_1eqJ28zOtno7wxO,52476,828,0,0.0,Qwen3-8B,1,moral,loyalty
R_1eqJ28zOtno7wxO,53044,835,1,0.0,Qwen3-8B,2,random,random
R_1eqJ28zOtno7wxO,53796,847,0,0.0,Qwen3-8B,1,random,random
R_1eqJ28zOtno7wxO,59136,929,1,0.0,Qwen3-8B,4,random,random
R_1eqJ28zOtno7wxO,140266,3994,1,0.0,Qwen3-8B,3,social-group,LGB
R_1eqJ28zOtno7wxO,140289,3995,0,0.0,Qwen3-8B,2,social-group,transgender
R_1eqJ28zOtno7wxO,140312,3996,1,0.0,Qwen3-8B,3,social-group,jewish
R_1eqJ28zOtno7wxO,140335,3997,0,0.0,Qwen3-8B,1,random,random
R_1eqJ28zOtno7wxO,140358,3998,3,1.0,Qwen3-8B,3,social-group,christian
R_1eqJ28zOtno7wxO,140381,3999,1,0.0,Qwen3-8B,2,social-group,christian
R_1eqJ28zOtno7wxO,140404,4000,0,0.0,Qwen3-8B,1,random,random
R_1eqJ28zOtno7wxO,140427,4001,0,0.0,Qwen3-8B,1,moral,care
R_1eqJ28zOtno7wxO,140450,4002,0,0.0,Qwen3-8B,2,random,random
R_1eqJ28zOtno7wxO,140473,4003,1,0.0,Qwen3-8B,3,random,random
R_1eqJ28zOtno7wxO,140496,4004,1,0.0,Qwen3-8B,5,social-group,transgender
R_1eqJ28zOtno7wxO,140519,4005,1,0.0,Qwen3-8B,4,social-group,transgender
R_1eqJ28zOtno7wxO,140542,4006,0,0.0,Qwen3-8B,2,random,random
R_1eqJ28zOtno7wxO,140565,4007,1,0.0,Qwen3-8B,3,random,random
R_1eqJ28zOtno7wxO,140588,4008,1,0.0,Qwen3-8B,1,social-group,LGB
R_1eqJ28zOtno7wxO,140611,4009,1,0.0,Qwen3-8B,3,social-group,muslim
R_1eqJ28zOtno7wxO,140634,4010,2,1.0,Qwen3-8B,3,social-group,LGB
R_1eqJ28zOtno7wxO,140657,4011,2,1.0,Qwen3-8B,5,social-group,jewish
R_1eqJ28zOtno7wxO,140680,4012,1,0.0,Qwen3-8B,3,social-group,christian
R_1eqJ28zOtno7wxO,140703,4013,1,0.0,Qwen3-8B,3,social-group,transgender
R_1eqJ28zOtno7wxO,140726,4014,0,0.0,Qwen3-8B,5,social-group,christian
R_1eqJ28zOtno7wxO,140749,4015,1,0.0,Qwen3-8B,2,social-group,transgender
R_1eqJ28zOtno7wxO,140772,4016,1,0.0,Qwen3-8B,3,social-group,muslim
R_1eqJ28zOtno7wxO,140795,4017,1,0.0,Qwen3-8B,4,social-group,muslim
R_1eqJ28zOtno7wxO,140818,4018,1,0.0,Qwen3-8B,4,social-group,jewish
R_1eqJ28zOtno7wxO,140841,4019,1,0.0,Qwen3-8B,2,social-group,transgender
R_3fOw4fnMdncmSTG,304,5,0,0.0,Qwen3-8B,1,random,random
R_3fOw4fnMdncmSTG,9702,156,0,0.0,Qwen3-8B,2,random,random
R_3fOw4fnMdncmSTG,43854,706,3,1.0,Qwen3-8B,3,random,random
R_3fOw4fnMdncmSTG,47606,760,0,0.0,Qwen3-8B,1,random,random
R_3fOw4fnMdncmSTG,53990,851,3,1.0,Qwen3-8B,1,random,random
R_3fOw4fnMdncmSTG,64337,1019,4,1.0,Qwen3-8B,1,random,random
R_3fOw4fnMdncmSTG,73102,1187,0,0.0,Qwen3-8B,2,moral,purity
R_3fOw4fnMdncmSTG,74415,1243,0,0.0,Qwen3-8B,1,moral,purity
R_3fOw4fnMdncmSTG,74415,1243,0,0.0,Qwen3-8B,1,moral,loyalty
R_3fOw4fnMdncmSTG,74415,1243,0,0.0,Qwen3-8B,1,moral,purity
R_3fOw4fnMdncmSTG,74415,1243,0,0.0,Qwen3-8B,1,moral,loyalty
R_3fOw4fnMdncmSTG,112866,2816,4,1.0,Qwen3-8B,3,social-group,christian
R_3fOw4fnMdncmSTG,112889,2817,2,1.0,Qwen3-8B,3,moral,loyalty
R_3fOw4fnMdncmSTG,112912,2818,4,1.0,Qwen3-8B,3,random,random
R_3fOw4fnMdncmSTG,112935,2819,4,1.0,Qwen3-8B,3,social-group,muslim
R_3fOw4fnMdncmSTG,112958,2820,4,1.0,Qwen3-8B,3,social-group,LGB
R_3fOw4fnMdncmSTG,112981,2821,4,1.0,Qwen3-8B,5,social-group,muslim
R_3fOw4fnMdncmSTG,113004,2822,4,1.0,Qwen3-8B,2,social-group,transgender
R_3fOw4fnMdncmSTG,113027,2823,0,0.0,Qwen3-8B,1,moral,purity
R_3fOw4fnMdncmSTG,113050,2824,4,1.0,Qwen3-8B,5,social-group,christian
R_3fOw4fnMdncmSTG,113073,2825,4,1.0,Qwen3-8B,1,social-group,LGB
R_3fOw4fnMdncmSTG,113096,2826,4,1.0,Qwen3-8B,4,social-group,christian
R_3fOw4fnMdncmSTG,113119,2827,4,1.0,Qwen3-8B,1,social-group,muslim
R_3fOw4fnMdncmSTG,113142,2828,4,1.0,Qwen3-8B,5,social-group,jewish
R_3fOw4fnMdncmSTG,113165,2829,0,0.0,Qwen3-8B,1,moral,care
R_3fOw4fnMdncmSTG,113188,2830,4,1.0,Qwen3-8B,2,social-group,LGB
R_3fOw4fnMdncmSTG,113211,2831,4,1.0,Qwen3-8B,3,social-group,christian
R_3fOw4fnMdncmSTG,113234,2832,0,0.0,Qwen3-8B,1,social-group,christian
R_3fOw4fnMdncmSTG,113257,2833,0,0.0,Qwen3-8B,1,moral,care
R_3fOw4fnMdncmSTG,113280,2834,4,1.0,Qwen3-8B,3,social-group,transgender
R_3fOw4fnMdncmSTG,113303,2835,4,1.0,Qwen3-8B,1,social-group,LGB
R_3fOw4fnMdncmSTG,113326,2836,4,1.0,Qwen3-8B,3,social-group,transgender
R_3fOw4fnMdncmSTG,113349,2837,4,1.0,Qwen3-8B,4,social-group,muslim
R_3fOw4fnMdncmSTG,113372,2838,4,1.0,Qwen3-8B,5,social-group,LGB
R_3fOw4fnMdncmSTG,113395,2839,3,1.0,Qwen3-8B,4,social-group,jewish
R_3fOw4fnMdncmSTG,113418,2840,4,1.0,Qwen3-8B,3,social-group,LGB
R_3fOw4fnMdncmSTG,113441,2841,4,1.0,Qwen3-8B,1,social-group,muslim
R_3fOw4fnMdncmSTG,113464,2842,0,0.0,Qwen3-8B,3,random,random
R_1FJLdJFnh0OuZHH,305,5,0,0.0,Qwen3-8B,1,random,random
R_1FJLdJFnh0OuZHH,9703,156,0,0.0,Qwen3-8B,2,random,random
R_1FJLdJFnh0OuZHH,43855,706,0,0.0,Qwen3-8B,3,random,random
R_1FJLdJFnh0OuZHH,47607,760,0,0.0,Qwen3-8B,1,random,random
R_1FJLdJFnh0OuZHH,53991,851,0,0.0,Qwen3-8B,1,random,random
R_1FJLdJFnh0OuZHH,64338,1019,0,0.0,Qwen3-8B,1,random,random
R_1FJLdJFnh0OuZHH,73103,1187,0,0.0,Qwen3-8B,2,moral,purity
R_1FJLdJFnh0OuZHH,74417,1243,0,0.0,Qwen3-8B,1,moral,purity
R_1FJLdJFnh0OuZHH,74417,1243,0,0.0,Qwen3-8B,1,moral,loyalty
R_1FJLdJFnh0OuZHH,74417,1243,0,0.0,Qwen3-8B,1,moral,purity
R_1FJLdJFnh0OuZHH,74417,1243,0,0.0,Qwen3-8B,1,moral,loyalty
R_1FJLdJFnh0OuZHH,112867,2816,0,0.0,Qwen3-8B,3,social-group,christian
R_1FJLdJFnh0OuZHH,112890,2817,0,0.0,Qwen3-8B,3,moral,loyalty
R_1FJLdJFnh0OuZHH,112913,2818,0,0.0,Qwen3-8B,3,random,random
R_1FJLdJFnh0OuZHH,112936,2819,0,0.0,Qwen3-8B,3,social-group,muslim
R_1FJLdJFnh0OuZHH,112959,2820,1,0.0,Qwen3-8B,3,social-group,LGB
R_1FJLdJFnh0OuZHH,112982,2821,0,0.0,Qwen3-8B,5,social-group,muslim
R_1FJLdJFnh0OuZHH,113005,2822,0,0.0,Qwen3-8B,2,social-group,transgender
R_1FJLdJFnh0OuZHH,113028,2823,0,0.0,Qwen3-8B,1,moral,purity
R_1FJLdJFnh0OuZHH,113051,2824,0,0.0,Qwen3-8B,5,social-group,christian
R_1FJLdJFnh0OuZHH,113074,2825,0,0.0,Qwen3-8B,1,social-group,LGB
R_1FJLdJFnh0OuZHH,113097,2826,0,0.0,Qwen3-8B,4,social-group,christian
R_1FJLdJFnh0OuZHH,113120,2827,0,0.0,Qwen3-8B,1,social-group,muslim
R_1FJLdJFnh0OuZHH,113143,2828,0,0.0,Qwen3-8B,5,social-group,jewish
R_1FJLdJFnh0OuZHH,113166,2829,0,0.0,Qwen3-8B,1,moral,care
R_1FJLdJFnh0OuZHH,113189,2830,0,0.0,Qwen3-8B,2,social-group,LGB
R_1FJLdJFnh0OuZHH,113212,2831,0,0.0,Qwen3-8B,3,social-group,christian
R_1FJLdJFnh0OuZHH,113235,2832,0,0.0,Qwen3-8B,1,social-group,christian
R_1FJLdJFnh0OuZHH,113258,2833,0,0.0,Qwen3-8B,1,moral,care
R_1FJLdJFnh0OuZHH,113281,2834,0,0.0,Qwen3-8B,3,social-group,transgender
R_1FJLdJFnh0OuZHH,113304,2835,0,0.0,Qwen3-8B,1,social-group,LGB
R_1FJLdJFnh0OuZHH,113327,2836,0,0.0,Qwen3-8B,3,social-group,transgender
R_1FJLdJFnh0OuZHH,113350,2837,0,0.0,Qwen3-8B,4,social-group,muslim
R_1FJLdJFnh0OuZHH,113373,2838,1,0.0,Qwen3-8B,5,social-group,LGB
R_1FJLdJFnh0OuZHH,113396,2839,0,0.0,Qwen3-8B,4,social-group,jewish
R_1FJLdJFnh0OuZHH,113419,2840,0,0.0,Qwen3-8B,3,social-group,LGB
R_1FJLdJFnh0OuZHH,113442,2841,0,0.0,Qwen3-8B,1,social-group,muslim
R_1FJLdJFnh0OuZHH,113465,2842,0,0.0,Qwen3-8B,3,random,random
R_3dEREEJk6FLtxJQ,425,9,0,0.0,Qwen3-8B,5,random,random
R_3dEREEJk6FLtxJQ,12111,195,0,0.0,Qwen3-8B,1,random,random
R_3dEREEJk6FLtxJQ,14633,232,0,0.0,Qwen3-8B,2,random,random
R_3dEREEJk6FLtxJQ,14700,233,0,0.0,Qwen3-8B,1,random,random
R_3dEREEJk6FLtxJQ,25265,399,0,0.0,Qwen3-8B,2,random,random
R_3dEREEJk6FLtxJQ,33043,526,0,0.0,Qwen3-8B,3,random,random
R_3dEREEJk6FLtxJQ,35077,560,0,0.0,Qwen3-8B,3,random,random
R_3dEREEJk6FLtxJQ,37792,606,1,0.0,Qwen3-8B,3,random,random
R_3dEREEJk6FLtxJQ,43359,698,0,0.0,Qwen3-8B,4,random,random
R_3dEREEJk6FLtxJQ,61791,978,1,0.0,Qwen3-8B,3,random,random
R_3dEREEJk6FLtxJQ,70668,1125,0,0.0,Qwen3-8B,2,random,random
R_3dEREEJk6FLtxJQ,71741,1146,0,0.0,Qwen3-8B,4,random,random
R_3dEREEJk6FLtxJQ,78641,1405,0,0.0,Qwen3-8B,3,moral,fairness
R_3dEREEJk6FLtxJQ,78641,1405,0,0.0,Qwen3-8B,3,random,random
R_3dEREEJk6FLtxJQ,78641,1405,0,0.0,Qwen3-8B,3,moral,fairness
R_3dEREEJk6FLtxJQ,78641,1405,0,0.0,Qwen3-8B,3,random,random
R_3dEREEJk6FLtxJQ,90617,1887,0,0.0,Qwen3-8B,4,random,random
R_3dEREEJk6FLtxJQ,90641,1888,1,0.0,Qwen3-8B,3,social-group,jewish
R_3dEREEJk6FLtxJQ,90665,1889,0,0.0,Qwen3-8B,3,random,random
R_3dEREEJk6FLtxJQ,90689,1890,0,0.0,Qwen3-8B,2,social-group,christian
R_3dEREEJk6FLtxJQ,90713,1891,0,0.0,Qwen3-8B,4,social-group,christian
R_3dEREEJk6FLtxJQ,90737,1892,0,0.0,Qwen3-8B,1,random,random
R_3dEREEJk6FLtxJQ,90761,1893,0,0.0,Qwen3-8B,4,social-group,LGB
R_3dEREEJk6FLtxJQ,90785,1894,0,0.0,Qwen3-8B,2,social-group,jewish
R_3dEREEJk6FLtxJQ,90809,1895,0,0.0,Qwen3-8B,3,social-group,muslim
R_3dEREEJk6FLtxJQ,90833,1896,1,0.0,Qwen3-8B,3,social-group,christian
R_3dEREEJk6FLtxJQ,90857,1897,0,0.0,Qwen3-8B,2,social-group,LGB
R_3dEREEJk6FLtxJQ,90881,1898,0,0.0,Qwen3-8B,1,social-group,muslim
R_3dEREEJk6FLtxJQ,90905,1899,4,1.0,Qwen3-8B,2,social-group,muslim
R_3dEREEJk6FLtxJQ,90929,1900,0,0.0,Qwen3-8B,5,social-group,christian
R_3dEREEJk6FLtxJQ,90953,1901,0,0.0,Qwen3-8B,3,social-group,jewish
R_3dEREEJk6FLtxJQ,90977,1902,0,0.0,Qwen3-8B,3,random,random
R_3dEREEJk6FLtxJQ,91001,1903,0,0.0,Qwen3-8B,1,moral,authority
R_3dEREEJk6FLtxJQ,91025,1904,0,0.0,Qwen3-8B,5,social-group,LGB
R_3dEREEJk6FLtxJQ,91049,1905,0,0.0,Qwen3-8B,5,social-group,jewish
R_3dEREEJk6FLtxJQ,91073,1906,0,0.0,Qwen3-8B,3,social-group,christian
R_3dEREEJk6FLtxJQ,91097,1907,0,0.0,Qwen3-8B,1,random,random
R_3dEREEJk6FLtxJQ,91121,1908,0,0.0,Qwen3-8B,4,social-group,muslim
R_2SpYT6SHBZzjgs0,507,10,0,0.0,Qwen3-8B,2,random,random
R_2SpYT6SHBZzjgs0,2445,45,0,0.0,Qwen3-8B,1,random,random
R_2SpYT6SHBZzjgs0,5128,86,0,0.0,Qwen3-8B,3,random,random
R_2SpYT6SHBZzjgs0,38876,624,0,0.0,Qwen3-8B,3,random,random
R_2SpYT6SHBZzjgs0,39413,633,0,0.0,Qwen3-8B,2,random,random
R_2SpYT6SHBZzjgs0,40435,650,0,0.0,Qwen3-8B,1,random,random
R_2SpYT6SHBZzjgs0,44748,718,-1,,Qwen3-8B,3,random,random
R_2SpYT6SHBZzjgs0,53850,848,0,0.0,Qwen3-8B,2,random,random
R_2SpYT6SHBZzjgs0,59924,943,0,0.0,Qwen3-8B,1,random,random
R_2SpYT6SHBZzjgs0,64905,1027,1,0.0,Qwen3-8B,2,random,random
R_2SpYT6SHBZzjgs0,67124,1062,0,0.0,Qwen3-8B,3,random,random
R_2SpYT6SHBZzjgs0,132384,3649,0,0.0,Qwen3-8B,3,random,random
R_2SpYT6SHBZzjgs0,132408,3650,1,0.0,Qwen3-8B,2,social-group,christian
R_2SpYT6SHBZzjgs0,132432,3651,0,0.0,Qwen3-8B,5,social-group,christian
R_2SpYT6SHBZzjgs0,132456,3652,1,0.0,Qwen3-8B,3,social-group,transgender
R_2SpYT6SHBZzjgs0,132480,3653,2,1.0,Qwen3-8B,5,social-group,LGB
R_2SpYT6SHBZzjgs0,132504,3654,0,0.0,Qwen3-8B,2,social-group,muslim
R_2SpYT6SHBZzjgs0,132528,3655,0,0.0,Qwen3-8B,1,social-group,christian
R_2SpYT6SHBZzjgs0,132552,3656,0,0.0,Qwen3-8B,3,social-group,LGB
R_2SpYT6SHBZzjgs0,132576,3657,0,0.0,Qwen3-8B,1,random,random
R_2SpYT6SHBZzjgs0,132600,3658,0,0.0,Qwen3-8B,1,moral,loyalty
R_2SpYT6SHBZzjgs0,132624,3659,0,0.0,Qwen3-8B,3,social-group,muslim
R_2SpYT6SHBZzjgs0,132648,3660,0,0.0,Qwen3-8B,3,social-group,jewish
R_2SpYT6SHBZzjgs0,132672,3661,1,0.0,Qwen3-8B,2,social-group,LGB
R_2SpYT6SHBZzjgs0,132696,3662,0,0.0,Qwen3-8B,1,moral,authority
R_2SpYT6SHBZzjgs0,132720,3663,0,0.0,Qwen3-8B,5,social-group,transgender
R_2SpYT6SHBZzjgs0,132744,3664,0,0.0,Qwen3-8B,5,social-group,jewish
R_2SpYT6SHBZzjgs0,132768,3665,0,0.0,Qwen3-8B,1,social-group,transgender
R_2SpYT6SHBZzjgs0,132792,3666,0,0.0,Qwen3-8B,3,random,random
R_2SpYT6SHBZzjgs0,132816,3667,1,0.0,Qwen3-8B,1,social-group,transgender
R_2SpYT6SHBZzjgs0,132840,3668,1,0.0,Qwen3-8B,5,social-group,LGB
R_2SpYT6SHBZzjgs0,132864,3669,2,1.0,Qwen3-8B,3,social-group,LGB
R_2SpYT6SHBZzjgs0,132888,3670,0,0.0,Qwen3-8B,2,social-group,christian
R_2SpYT6SHBZzjgs0,132912,3671,0,0.0,Qwen3-8B,3,social-group,jewish
R_2SpYT6SHBZzjgs0,132936,3672,1,0.0,Qwen3-8B,5,social-group,LGB
R_2OGEhAdwKYxpHCw,514,10,0,0.0,Qwen3-8B,2,random,random
R_2OGEhAdwKYxpHCw,2453,45,0,0.0,Qwen3-8B,1,random,random
R_2OGEhAdwKYxpHCw,5135,86,0,0.0,Qwen3-8B,3,random,random
R_2OGEhAdwKYxpHCw,38886,624,0,0.0,Qwen3-8B,3,random,random
R_2OGEhAdwKYxpHCw,39423,633,0,0.0,Qwen3-8B,2,random,random
R_2OGEhAdwKYxpHCw,40443,650,0,0.0,Qwen3-8B,1,random,random
R_2OGEhAdwKYxpHCw,44755,718,4,1.0,Qwen3-8B,3,random,random
R_2OGEhAdwKYxpHCw,53857,848,0,0.0,Qwen3-8B,2,random,random
R_2OGEhAdwKYxpHCw,59932,943,0,0.0,Qwen3-8B,1,random,random
R_2OGEhAdwKYxpHCw,64911,1027,2,1.0,Qwen3-8B,2,random,random
R_2OGEhAdwKYxpHCw,67132,1062,0,0.0,Qwen3-8B,3,random,random
R_2OGEhAdwKYxpHCw,132388,3649,4,1.0,Qwen3-8B,3,random,random
R_2OGEhAdwKYxpHCw,132412,3650,0,0.0,Qwen3-8B,2,social-group,christian
R_2OGEhAdwKYxpHCw,132436,3651,0,0.0,Qwen3-8B,5,social-group,christian
R_2OGEhAdwKYxpHCw,132460,3652,0,0.0,Qwen3-8B,3,social-group,transgender
R_2OGEhAdwKYxpHCw,132484,3653,0,0.0,Qwen3-8B,5,social-group,LGB
R_2OGEhAdwKYxpHCw,132508,3654,0,0.0,Qwen3-8B,2,social-group,muslim
R_2OGEhAdwKYxpHCw,132532,3655,0,0.0,Qwen3-8B,1,social-group,christian
R_2OGEhAdwKYxpHCw,132556,3656,0,0.0,Qwen3-8B,3,social-group,LGB
R_2OGEhAdwKYxpHCw,132580,3657,0,0.0,Qwen3-8B,1,random,random
R_2OGEhAdwKYxpHCw,132604,3658,2,1.0,Qwen3-8B,1,moral,loyalty
R_2OGEhAdwKYxpHCw,132628,3659,0,0.0,Qwen3-8B,3,social-group,muslim
R_2OGEhAdwKYxpHCw,132652,3660,0,0.0,Qwen3-8B,3,social-group,jewish
R_2OGEhAdwKYxpHCw,132676,3661,0,0.0,Qwen3-8B,2,social-group,LGB
R_2OGEhAdwKYxpHCw,132700,3662,0,0.0,Qwen3-8B,1,moral,authority
R_2OGEhAdwKYxpHCw,132724,3663,0,0.0,Qwen3-8B,5,social-group,transgender
R_2OGEhAdwKYxpHCw,132748,3664,4,1.0,Qwen3-8B,5,social-group,jewish
R_2OGEhAdwKYxpHCw,132772,3665,0,0.0,Qwen3-8B,1,social-group,transgender
R_2OGEhAdwKYxpHCw,132796,3666,0,0.0,Qwen3-8B,3,random,random
R_2OGEhAdwKYxpHCw,132820,3667,0,0.0,Qwen3-8B,1,social-group,transgender
R_2OGEhAdwKYxpHCw,132844,3668,0,0.0,Qwen3-8B,5,social-group,LGB
R_2OGEhAdwKYxpHCw,132868,3669,0,0.0,Qwen3-8B,3,social-group,LGB
R_2OGEhAdwKYxpHCw,132892,3670,0,0.0,Qwen3-8B,2,social-group,christian
R_2OGEhAdwKYxpHCw,132916,3671,0,0.0,Qwen3-8B,3,social-group,jewish
R_2OGEhAdwKYxpHCw,132940,3672,0,0.0,Qwen3-8B,5,social-group,LGB
R_w1pslQh2UxRiQBr,545,11,0,0.0,Qwen3-8B,2,random,random
R_w1pslQh2UxRiQBr,23854,375,1,0.0,Qwen3-8B,1,random,random
R_w1pslQh2UxRiQBr,24891,393,2,1.0,Qwen3-8B,2,random,random
R_w1pslQh2UxRiQBr,36250,580,0,0.0,Qwen3-8B,2,random,random
R_w1pslQh2UxRiQBr,49801,791,1,0.0,Qwen3-8B,2,random,random
R_w1pslQh2UxRiQBr,50233,798,0,0.0,Qwen3-8B,2,random,random
R_w1pslQh2UxRiQBr,57205,901,0,0.0,Qwen3-8B,3,random,random
R_w1pslQh2UxRiQBr,60403,952,1,0.0,Qwen3-8B,2,random,random
R_w1pslQh2UxRiQBr,63306,1002,1,0.0,Qwen3-8B,2,random,random
R_w1pslQh2UxRiQBr,79295,1429,0,0.0,Qwen3-8B,5,social-group,muslim
R_w1pslQh2UxRiQBr,79318,1430,2,1.0,Qwen3-8B,4,social-group,jewish
R_w1pslQh2UxRiQBr,79341,1431,1,0.0,Qwen3-8B,3,moral,care
R_w1pslQh2UxRiQBr,79364,1432,1,0.0,Qwen3-8B,3,random,random
R_w1pslQh2UxRiQBr,79389,1433,0,0.0,Qwen3-8B,1,moral,purity
R_w1pslQh2UxRiQBr,79430,1434,0,0.0,Qwen3-8B,5,social-group,jewish
R_w1pslQh2UxRiQBr,79453,1435,0,0.0,Qwen3-8B,1,social-group,jewish
R_w1pslQh2UxRiQBr,79476,1436,3,1.0,Qwen3-8B,5,social-group,transgender
R_w1pslQh2UxRiQBr,79499,1437,1,0.0,Qwen3-8B,1,social-group,christian
R_w1pslQh2UxRiQBr,79522,1438,0,0.0,Qwen3-8B,3,moral,purity
R_w1pslQh2UxRiQBr,79545,1439,2,1.0,Qwen3-8B,3,social-group,transgender
R_w1pslQh2UxRiQBr,79568,1440,4,1.0,Qwen3-8B,4,social-group,muslim
R_w1pslQh2UxRiQBr,79591,1441,4,1.0,Qwen3-8B,5,social-group,jewish
R_w1pslQh2UxRiQBr,79614,1442,3,1.0,Qwen3-8B,3,social-group,LGB
R_w1pslQh2UxRiQBr,79637,1443,1,0.0,Qwen3-8B,4,social-group,christian
R_w1pslQh2UxRiQBr,79660,1444,0,0.0,Qwen3-8B,1,moral,care
R_w1pslQh2UxRiQBr,79683,1445,2,1.0,Qwen3-8B,3,random,random
R_w1pslQh2UxRiQBr,79706,1446,0,0.0,Qwen3-8B,4,social-group,LGB
R_w1pslQh2UxRiQBr,79729,1447,0,0.0,Qwen3-8B,1,random,random
R_w1pslQh2UxRiQBr,79752,1448,1,0.0,Qwen3-8B,5,social-group,jewish
R_w1pslQh2UxRiQBr,79775,1449,2,1.0,Qwen3-8B,1,social-group,christian
R_w1pslQh2UxRiQBr,79798,1450,2,1.0,Qwen3-8B,5,random,random
R_w1pslQh2UxRiQBr,79821,1451,2,1.0,Qwen3-8B,3,social-group,christian
R_w1pslQh2UxRiQBr,79844,1452,3,1.0,Qwen3-8B,4,social-group,muslim
R_w1pslQh2UxRiQBr,79867,1453,1,0.0,Qwen3-8B,1,moral,authority
R_w1pslQh2UxRiQBr,79890,1454,1,0.0,Qwen3-8B,3,moral,care
R_1KqJErdzoDpcSdz,571,11,0,0.0,Qwen3-8B,2,random,random
R_1KqJErdzoDpcSdz,23882,375,0,0.0,Qwen3-8B,1,random,random
R_1KqJErdzoDpcSdz,24919,393,0,0.0,Qwen3-8B,2,random,random
R_1KqJErdzoDpcSdz,36281,580,0,0.0,Qwen3-8B,2,random,random
R_1KqJErdzoDpcSdz,49830,791,0,0.0,Qwen3-8B,2,random,random
R_1KqJErdzoDpcSdz,50262,798,0,0.0,Qwen3-8B,2,random,random
R_1KqJErdzoDpcSdz,57240,901,0,0.0,Qwen3-8B,3,random,random
R_1KqJErdzoDpcSdz,60429,952,0,0.0,Qwen3-8B,2,random,random
R_1KqJErdzoDpcSdz,63337,1002,0,0.0,Qwen3-8B,2,random,random
R_1KqJErdzoDpcSdz,79305,1429,0,0.0,Qwen3-8B,5,social-group,muslim
R_1KqJErdzoDpcSdz,79328,1430,0,0.0,Qwen3-8B,4,social-group,jewish
R_1KqJErdzoDpcSdz,79351,1431,0,0.0,Qwen3-8B,3,moral,care
R_1KqJErdzoDpcSdz,79374,1432,0,0.0,Qwen3-8B,3,random,random
R_1KqJErdzoDpcSdz,79409,1433,0,0.0,Qwen3-8B,1,moral,purity
R_1KqJErdzoDpcSdz,79440,1434,0,0.0,Qwen3-8B,5,social-group,jewish
R_1KqJErdzoDpcSdz,79463,1435,0,0.0,Qwen3-8B,1,social-group,jewish
R_1KqJErdzoDpcSdz,79486,1436,0,0.0,Qwen3-8B,5,social-group,transgender
R_1KqJErdzoDpcSdz,79509,1437,0,0.0,Qwen3-8B,1,social-group,christian
R_1KqJErdzoDpcSdz,79532,1438,0,0.0,Qwen3-8B,3,moral,purity
R_1KqJErdzoDpcSdz,79555,1439,0,0.0,Qwen3-8B,3,social-group,transgender
R_1KqJErdzoDpcSdz,79578,1440,0,0.0,Qwen3-8B,4,social-group,muslim
R_1KqJErdzoDpcSdz,79601,1441,0,0.0,Qwen3-8B,5,social-group,jewish
R_1KqJErdzoDpcSdz,79624,1442,0,0.0,Qwen3-8B,3,social-group,LGB
R_1KqJErdzoDpcSdz,79647,1443,0,0.0,Qwen3-8B,4,social-group,christian
R_1KqJErdzoDpcSdz,79670,1444,0,0.0,Qwen3-8B,1,moral,care
R_1KqJErdzoDpcSdz,79693,1445,0,0.0,Qwen3-8B,3,random,random
R_1KqJErdzoDpcSdz,79716,1446,0,0.0,Qwen3-8B,4,social-group,LGB
R_1KqJErdzoDpcSdz,79739,1447,0,0.0,Qwen3-8B,1,random,random
R_1KqJErdzoDpcSdz,79762,1448,0,0.0,Qwen3-8B,5,social-group,jewish
R_1KqJErdzoDpcSdz,79785,1449,0,0.0,Qwen3-8B,1,social-group,christian
R_1KqJErdzoDpcSdz,79808,1450,0,0.0,Qwen3-8B,5,random,random
R_1KqJErdzoDpcSdz,79831,1451,0,0.0,Qwen3-8B,3,social-group,christian
R_1KqJErdzoDpcSdz,79854,1452,0,0.0,Qwen3-8B,4,social-group,muslim
R_1KqJErdzoDpcSdz,79877,1453,0,0.0,Qwen3-8B,1,moral,authority
R_1KqJErdzoDpcSdz,79900,1454,0,0.0,Qwen3-8B,3,moral,care
R_1ov9PBGWQ8vbXQE,603,12,2,1.0,Qwen3-8B,2,random,random
R_1ov9PBGWQ8vbXQE,4027,69,1,0.0,Qwen3-8B,4,random,random
R_1ov9PBGWQ8vbXQE,4598,78,3,1.0,Qwen3-8B,2,random,random
R_1ov9PBGWQ8vbXQE,11040,179,2,1.0,Qwen3-8B,3,random,random
R_1ov9PBGWQ8vbXQE,11408,185,0,0.0,Qwen3-8B,2,random,random
R_1ov9PBGWQ8vbXQE,16304,256,1,0.0,Qwen3-8B,4,random,random
R_1ov9PBGWQ8vbXQE,32675,520,3,1.0,Qwen3-8B,2,random,random
R_1ov9PBGWQ8vbXQE,34598,552,0,0.0,Qwen3-8B,2,random,random
R_1ov9PBGWQ8vbXQE,39332,632,2,1.0,Qwen3-8B,2,random,random
R_1ov9PBGWQ8vbXQE,45310,726,0,0.0,Qwen3-8B,1,random,random
R_1ov9PBGWQ8vbXQE,53520,843,1,0.0,Qwen3-8B,2,random,random
R_1ov9PBGWQ8vbXQE,58255,914,3,1.0,Qwen3-8B,3,random,random
R_1ov9PBGWQ8vbXQE,59619,938,1,0.0,Qwen3-8B,3,random,random
R_1ov9PBGWQ8vbXQE,60182,948,0,0.0,Qwen3-8B,1,random,random
R_1ov9PBGWQ8vbXQE,74938,1255,2,1.0,Qwen3-8B,1,moral,purity
R_1ov9PBGWQ8vbXQE,74938,1255,2,1.0,Qwen3-8B,1,moral,care
R_1ov9PBGWQ8vbXQE,74938,1255,2,1.0,Qwen3-8B,1,moral,purity
R_1ov9PBGWQ8vbXQE,74938,1255,2,1.0,Qwen3-8B,1,moral,care
R_1ov9PBGWQ8vbXQE,117177,2997,0,0.0,Qwen3-8B,3,social-group,muslim
R_1ov9PBGWQ8vbXQE,117200,2998,3,1.0,Qwen3-8B,3,random,random
R_1ov9PBGWQ8vbXQE,117223,2999,4,1.0,Qwen3-8B,3,social-group,jewish
R_1ov9PBGWQ8vbXQE,117246,3000,0,0.0,Qwen3-8B,1,random,random
R_1ov9PBGWQ8vbXQE,117269,3001,0,0.0,Qwen3-8B,3,social-group,christian
R_1ov9PBGWQ8vbXQE,117292,3002,1,0.0,Qwen3-8B,1,social-group,LGB
R_1ov9PBGWQ8vbXQE,117315,3003,0,0.0,Qwen3-8B,2,social-group,jewish
R_1ov9PBGWQ8vbXQE,117338,3004,0,0.0,Qwen3-8B,3,moral,care
R_1ov9PBGWQ8vbXQE,117361,3005,0,0.0,Qwen3-8B,3,moral,purity
R_1ov9PBGWQ8vbXQE,117384,3006,4,1.0,Qwen3-8B,4,social-group,muslim
R_1ov9PBGWQ8vbXQE,117407,3007,0,0.0,Qwen3-8B,1,social-group,christian
R_1ov9PBGWQ8vbXQE,117430,3008,1,0.0,Qwen3-8B,1,social-group,LGB
R_1ov9PBGWQ8vbXQE,117453,3009,4,1.0,Qwen3-8B,4,random,random
R_1ov9PBGWQ8vbXQE,117476,3010,4,1.0,Qwen3-8B,3,social-group,christian
R_1ov9PBGWQ8vbXQE,117499,3011,0,0.0,Qwen3-8B,3,random,random
R_1ov9PBGWQ8vbXQE,117522,3012,3,1.0,Qwen3-8B,2,social-group,muslim
R_1ov9PBGWQ8vbXQE,117545,3013,1,0.0,Qwen3-8B,5,social-group,jewish
R_1ov9PBGWQ8vbXQE,117568,3014,0,0.0,Qwen3-8B,4,social-group,LGB
R_1ov9PBGWQ8vbXQE,117591,3015,3,1.0,Qwen3-8B,5,social-group,muslim
R_1ov9PBGWQ8vbXQE,117614,3016,2,1.0,Qwen3-8B,3,social-group,transgender
R_3lVy5i8KGkdBT2u,625,12,-1,,Qwen3-8B,2,random,random
R_3lVy5i8KGkdBT2u,4057,69,1,0.0,Qwen3-8B,4,random,random
R_3lVy5i8KGkdBT2u,4624,78,-1,,Qwen3-8B,2,random,random
R_3lVy5i8KGkdBT2u,11065,179,-1,,Qwen3-8B,3,random,random
R_3lVy5i8KGkdBT2u,11435,185,0,0.0,Qwen3-8B,2,random,random
R_3lVy5i8KGkdBT2u,16332,256,0,0.0,Qwen3-8B,4,random,random
R_3lVy5i8KGkdBT2u,32701,520,-1,,Qwen3-8B,2,random,random
R_3lVy5i8KGkdBT2u,34622,552,0,0.0,Qwen3-8B,2,random,random
R_3lVy5i8KGkdBT2u,39353,632,0,0.0,Qwen3-8B,2,random,random
R_3lVy5i8KGkdBT2u,45339,726,-1,,Qwen3-8B,1,random,random
R_3lVy5i8KGkdBT2u,53551,843,-1,,Qwen3-8B,2,random,random
R_3lVy5i8KGkdBT2u,58285,914,1,0.0,Qwen3-8B,3,random,random
R_3lVy5i8KGkdBT2u,59640,938,-1,,Qwen3-8B,3,random,random
R_3lVy5i8KGkdBT2u,60203,948,0,0.0,Qwen3-8B,1,random,random
R_3lVy5i8KGkdBT2u,74986,1255,0,0.0,Qwen3-8B,1,moral,purity
R_3lVy5i8KGkdBT2u,74986,1255,0,0.0,Qwen3-8B,1,moral,care
R_3lVy5i8KGkdBT2u,74986,1255,0,0.0,Qwen3-8B,1,moral,purity
R_3lVy5i8KGkdBT2u,74986,1255,0,0.0,Qwen3-8B,1,moral,care
R_3lVy5i8KGkdBT2u,117186,2997,-1,,Qwen3-8B,3,social-group,muslim
R_3lVy5i8KGkdBT2u,117209,2998,0,0.0,Qwen3-8B,3,random,random
R_3lVy5i8KGkdBT2u,117232,2999,-1,,Qwen3-8B,3,social-group,jewish
R_3lVy5i8KGkdBT2u,117255,3000,-1,,Qwen3-8B,1,random,random
R_3lVy5i8KGkdBT2u,117278,3001,0,0.0,Qwen3-8B,3,social-group,christian
R_3lVy5i8KGkdBT2u,117301,3002,-1,,Qwen3-8B,1,social-group,LGB
R_3lVy5i8KGkdBT2u,117324,3003,-1,,Qwen3-8B,2,social-group,jewish
R_3lVy5i8KGkdBT2u,117347,3004,0,0.0,Qwen3-8B,3,moral,care
R_3lVy5i8KGkdBT2u,117370,3005,-1,,Qwen3-8B,3,moral,purity
R_3lVy5i8KGkdBT2u,117393,3006,-1,,Qwen3-8B,4,social-group,muslim
R_3lVy5i8KGkdBT2u,117416,3007,0,0.0,Qwen3-8B,1,social-group,christian
R_3lVy5i8KGkdBT2u,117439,3008,-1,,Qwen3-8B,1,social-group,LGB
R_3lVy5i8KGkdBT2u,117462,3009,-1,,Qwen3-8B,4,random,random
R_3lVy5i8KGkdBT2u,117485,3010,-1,,Qwen3-8B,3,social-group,christian
R_3lVy5i8KGkdBT2u,117508,3011,-1,,Qwen3-8B,3,random,random
R_3lVy5i8KGkdBT2u,117531,3012,-1,,Qwen3-8B,2,social-group,muslim
R_3lVy5i8KGkdBT2u,117554,3013,-1,,Qwen3-8B,5,social-group,jewish
R_3lVy5i8KGkdBT2u,117577,3014,0,0.0,Qwen3-8B,4,social-group,LGB
R_3lVy5i8KGkdBT2u,117600,3015,2,1.0,Qwen3-8B,5,social-group,muslim
R_3lVy5i8KGkdBT2u,117623,3016,4,1.0,Qwen3-8B,3,social-group,transgender
R_21BoGYYF6WHdjB2,639,12,0,0.0,Qwen3-8B,2,random,random
R_21BoGYYF6WHdjB2,4070,69,0,0.0,Qwen3-8B,4,random,random
R_21BoGYYF6WHdjB2,4639,78,0,0.0,Qwen3-8B,2,random,random
R_21BoGYYF6WHdjB2,11076,179,0,0.0,Qwen3-8B,3,random,random
R_21BoGYYF6WHdjB2,11452,185,0,0.0,Qwen3-8B,2,random,random
R_21BoGYYF6WHdjB2,16345,256,0,0.0,Qwen3-8B,4,random,random
R_21BoGYYF6WHdjB2,32713,520,0,0.0,Qwen3-8B,2,random,random
R_21BoGYYF6WHdjB2,34633,552,0,0.0,Qwen3-8B,2,random,random
R_21BoGYYF6WHdjB2,39368,632,0,0.0,Qwen3-8B,2,random,random
R_21BoGYYF6WHdjB2,45350,726,0,0.0,Qwen3-8B,1,random,random
R_21BoGYYF6WHdjB2,53562,843,0,0.0,Qwen3-8B,2,random,random
R_21BoGYYF6WHdjB2,58297,914,3,1.0,Qwen3-8B,3,random,random
R_21BoGYYF6WHdjB2,59652,938,0,0.0,Qwen3-8B,3,random,random
R_21BoGYYF6WHdjB2,60215,948,0,0.0,Qwen3-8B,1,random,random
R_21BoGYYF6WHdjB2,75026,1255,0,0.0,Qwen3-8B,1,moral,purity
R_21BoGYYF6WHdjB2,75026,1255,0,0.0,Qwen3-8B,1,moral,care
R_21BoGYYF6WHdjB2,75026,1255,0,0.0,Qwen3-8B,1,moral,purity
R_21BoGYYF6WHdjB2,75026,1255,0,0.0,Qwen3-8B,1,moral,care
R_21BoGYYF6WHdjB2,117191,2997,0,0.0,Qwen3-8B,3,social-group,muslim
R_21BoGYYF6WHdjB2,117214,2998,0,0.0,Qwen3-8B,3,random,random
R_21BoGYYF6WHdjB2,117237,2999,0,0.0,Qwen3-8B,3,social-group,jewish
R_21BoGYYF6WHdjB2,117260,3000,0,0.0,Qwen3-8B,1,random,random
R_21BoGYYF6WHdjB2,117283,3001,0,0.0,Qwen3-8B,3,social-group,christian
R_21BoGYYF6WHdjB2,117306,3002,0,0.0,Qwen3-8B,1,social-group,LGB
R_21BoGYYF6WHdjB2,117329,3003,0,0.0,Qwen3-8B,2,social-group,jewish
R_21BoGYYF6WHdjB2,117352,3004,0,0.0,Qwen3-8B,3,moral,care
R_21BoGYYF6WHdjB2,117375,3005,0,0.0,Qwen3-8B,3,moral,purity
R_21BoGYYF6WHdjB2,117398,3006,0,0.0,Qwen3-8B,4,social-group,muslim
R_21BoGYYF6WHdjB2,117421,3007,0,0.0,Qwen3-8B,1,social-group,christian
R_21BoGYYF6WHdjB2,117444,3008,0,0.0,Qwen3-8B,1,social-group,LGB
R_21BoGYYF6WHdjB2,117467,3009,0,0.0,Qwen3-8B,4,random,random
R_21BoGYYF6WHdjB2,117490,3010,0,0.0,Qwen3-8B,3,social-group,christian
R_21BoGYYF6WHdjB2,117513,3011,0,0.0,Qwen3-8B,3,random,random
R_21BoGYYF6WHdjB2,117536,3012,0,0.0,Qwen3-8B,2,social-group,muslim
R_21BoGYYF6WHdjB2,117559,3013,0,0.0,Qwen3-8B,5,social-group,jewish
R_21BoGYYF6WHdjB2,117582,3014,0,0.0,Qwen3-8B,4,social-group,LGB
R_21BoGYYF6WHdjB2,117605,3015,0,0.0,Qwen3-8B,5,social-group,muslim
R_21BoGYYF6WHdjB2,117628,3016,0,0.0,Qwen3-8B,3,social-group,transgender
R_3ELHwk936PWmLmY,657,13,4,1.0,Qwen3-8B,2,random,random
R_3ELHwk936PWmLmY,7256,120,0,0.0,Qwen3-8B,1,random,random
R_3ELHwk936PWmLmY,13567,216,4,1.0,Qwen3-8B,2,random,random
R_3ELHwk936PWmLmY,14158,225,4,1.0,Qwen3-8B,2,random,random
R_3ELHwk936PWmLmY,14558,231,4,1.0,Qwen3-8B,2,random,random
R_3ELHwk936PWmLmY,17697,279,4,1.0,Qwen3-8B,5,random,random
R_3ELHwk936PWmLmY,18786,296,4,1.0,Qwen3-8B,3,random,random
R_3ELHwk936PWmLmY,147198,4295,0,0.0,Qwen3-8B,2,random,random
R_3ELHwk936PWmLmY,147222,4296,0,0.0,Qwen3-8B,1,moral,care
R_3ELHwk936PWmLmY,147246,4297,2,1.0,Qwen3-8B,2,random,random
R_3ELHwk936PWmLmY,147270,4298,0,0.0,Qwen3-8B,2,random,random
R_3ELHwk936PWmLmY,147294,4299,4,1.0,Qwen3-8B,5,social-group,jewish
R_3ELHwk936PWmLmY,147318,4300,4,1.0,Qwen3-8B,3,social-group,transgender
R_3ELHwk936PWmLmY,147342,4301,2,1.0,Qwen3-8B,2,social-group,christian
R_3ELHwk936PWmLmY,147366,4302,4,1.0,Qwen3-8B,5,social-group,muslim
R_3ELHwk936PWmLmY,147390,4303,4,1.0,Qwen3-8B,2,social-group,jewish
R_3ELHwk936PWmLmY,147414,4304,4,1.0,Qwen3-8B,2,random,random
R_3ELHwk936PWmLmY,147438,4305,3,1.0,Qwen3-8B,3,social-group,christian
R_3ELHwk936PWmLmY,147462,4306,4,1.0,Qwen3-8B,3,social-group,LGB
R_3ELHwk936PWmLmY,147486,4307,4,1.0,Qwen3-8B,4,moral,authority
R_3ELHwk936PWmLmY,147510,4308,4,1.0,Qwen3-8B,2,social-group,transgender
R_3ELHwk936PWmLmY,147534,4309,3,1.0,Qwen3-8B,2,social-group,christian
R_3ELHwk936PWmLmY,147558,4310,4,1.0,Qwen3-8B,1,moral,purity
R_3ELHwk936PWmLmY,147582,4311,4,1.0,Qwen3-8B,5,social-group,jewish
R_3ELHwk936PWmLmY,147606,4312,4,1.0,Qwen3-8B,3,social-group,LGB
R_3ELHwk936PWmLmY,147630,4313,4,1.0,Qwen3-8B,3,random,random
R_3ELHwk936PWmLmY,147654,4314,4,1.0,Qwen3-8B,3,social-group,jewish
R_3ELHwk936PWmLmY,147678,4315,4,1.0,Qwen3-8B,2,social-group,jewish
R_3ELHwk936PWmLmY,147702,4316,4,1.0,Qwen3-8B,2,social-group,LGB
R_3ELHwk936PWmLmY,147726,4317,4,1.0,Qwen3-8B,5,social-group,jewish
R_3ELHwk936PWmLmY,147750,4318,4,1.0,Qwen3-8B,1,social-group,jewish
R_3ELHwk936PWmLmY,147774,4319,3,1.0,Qwen3-8B,5,social-group,christian
R_3ELHwk936PWmLmY,147798,4320,4,1.0,Qwen3-8B,4,social-group,muslim
R_3ELHwk936PWmLmY,147822,4321,4,1.0,Qwen3-8B,3,social-group,christian
R_3ELHwk936PWmLmY,147846,4322,4,1.0,Qwen3-8B,2,social-group,christian
R_2QVWccaGUFxIsUY,670,13,0,0.0,Qwen3-8B,2,random,random
R_2QVWccaGUFxIsUY,7270,120,1,0.0,Qwen3-8B,1,random,random
R_2QVWccaGUFxIsUY,13581,216,0,0.0,Qwen3-8B,2,random,random
R_2QVWccaGUFxIsUY,14172,225,0,0.0,Qwen3-8B,2,random,random
R_2QVWccaGUFxIsUY,14572,231,0,0.0,Qwen3-8B,2,random,random
R_2QVWccaGUFxIsUY,17716,279,0,0.0,Qwen3-8B,5,random,random
R_2QVWccaGUFxIsUY,18800,296,1,0.0,Qwen3-8B,3,random,random
R_2QVWccaGUFxIsUY,147204,4295,0,0.0,Qwen3-8B,2,random,random
R_2QVWccaGUFxIsUY,147228,4296,0,0.0,Qwen3-8B,1,moral,care
R_2QVWccaGUFxIsUY,147252,4297,0,0.0,Qwen3-8B,2,random,random
R_2QVWccaGUFxIsUY,147276,4298,0,0.0,Qwen3-8B,2,random,random
R_2QVWccaGUFxIsUY,147300,4299,0,0.0,Qwen3-8B,5,social-group,jewish
R_2QVWccaGUFxIsUY,147324,4300,1,0.0,Qwen3-8B,3,social-group,transgender
R_2QVWccaGUFxIsUY,147348,4301,1,0.0,Qwen3-8B,2,social-group,christian
R_2QVWccaGUFxIsUY,147372,4302,0,0.0,Qwen3-8B,5,social-group,muslim
R_2QVWccaGUFxIsUY,147396,4303,0,0.0,Qwen3-8B,2,social-group,jewish
R_2QVWccaGUFxIsUY,147420,4304,1,0.0,Qwen3-8B,2,random,random
R_2QVWccaGUFxIsUY,147444,4305,1,0.0,Qwen3-8B,3,social-group,christian
R_2QVWccaGUFxIsUY,147468,4306,1,0.0,Qwen3-8B,3,social-group,LGB
R_2QVWccaGUFxIsUY,147492,4307,0,0.0,Qwen3-8B,4,moral,authority
R_2QVWccaGUFxIsUY,147516,4308,1,0.0,Qwen3-8B,2,social-group,transgender
R_2QVWccaGUFxIsUY,147540,4309,1,0.0,Qwen3-8B,2,social-group,christian
R_2QVWccaGUFxIsUY,147564,4310,0,0.0,Qwen3-8B,1,moral,purity
R_2QVWccaGUFxIsUY,147588,4311,1,0.0,Qwen3-8B,5,social-group,jewish
R_2QVWccaGUFxIsUY,147612,4312,0,0.0,Qwen3-8B,3,social-group,LGB
R_2QVWccaGUFxIsUY,147636,4313,0,0.0,Qwen3-8B,3,random,random
R_2QVWccaGUFxIsUY,147660,4314,0,0.0,Qwen3-8B,3,social-group,jewish
R_2QVWccaGUFxIsUY,147684,4315,0,0.0,Qwen3-8B,2,social-group,jewish
R_2QVWccaGUFxIsUY,147708,4316,0,0.0,Qwen3-8B,2,social-group,LGB
R_2QVWccaGUFxIsUY,147732,4317,0,0.0,Qwen3-8B,5,social-group,jewish
R_2QVWccaGUFxIsUY,147756,4318,0,0.0,Qwen3-8B,1,social-group,jewish
R_2QVWccaGUFxIsUY,147780,4319,1,0.0,Qwen3-8B,5,social-group,christian
R_2QVWccaGUFxIsUY,147804,4320,0,0.0,Qwen3-8B,4,social-group,muslim
R_2QVWccaGUFxIsUY,147828,4321,1,0.0,Qwen3-8B,3,social-group,christian
R_2QVWccaGUFxIsUY,147852,4322,1,0.0,Qwen3-8B,2,social-group,christian
R_3KC4aFK0IQbepTc,691,13,0,0.0,Qwen3-8B,2,random,random
R_3KC4aFK0IQbepTc,7295,120,0,0.0,Qwen3-8B,1,random,random
R_3KC4aFK0IQbepTc,13610,216,0,0.0,Qwen3-8B,2,random,random
R_3KC4aFK0IQbepTc,14201,225,0,0.0,Qwen3-8B,2,random,random
R_3KC4aFK0IQbepTc,14601,231,0,0.0,Qwen3-8B,2,random,random
R_3KC4aFK0IQbepTc,17738,279,0,0.0,Qwen3-8B,5,random,random
R_3KC4aFK0IQbepTc,18823,296,0,0.0,Qwen3-8B,3,random,random
R_3KC4aFK0IQbepTc,147213,4295,0,0.0,Qwen3-8B,2,random,random
R_3KC4aFK0IQbepTc,147237,4296,0,0.0,Qwen3-8B,1,moral,care
R_3KC4aFK0IQbepTc,147261,4297,0,0.0,Qwen3-8B,2,random,random
R_3KC4aFK0IQbepTc,147285,4298,0,0.0,Qwen3-8B,2,random,random
R_3KC4aFK0IQbepTc,147309,4299,0,0.0,Qwen3-8B,5,social-group,jewish
R_3KC4aFK0IQbepTc,147333,4300,0,0.0,Qwen3-8B,3,social-group,transgender
R_3KC4aFK0IQbepTc,147357,4301,0,0.0,Qwen3-8B,2,social-group,christian
R_3KC4aFK0IQbepTc,147381,4302,0,0.0,Qwen3-8B,5,social-group,muslim
R_3KC4aFK0IQbepTc,147405,4303,0,0.0,Qwen3-8B,2,social-group,jewish
R_3KC4aFK0IQbepTc,147429,4304,0,0.0,Qwen3-8B,2,random,random
R_3KC4aFK0IQbepTc,147453,4305,0,0.0,Qwen3-8B,3,social-group,christian
R_3KC4aFK0IQbepTc,147477,4306,0,0.0,Qwen3-8B,3,social-group,LGB
R_3KC4aFK0IQbepTc,147501,4307,0,0.0,Qwen3-8B,4,moral,authority
R_3KC4aFK0IQbepTc,147525,4308,0,0.0,Qwen3-8B,2,social-group,transgender
R_3KC4aFK0IQbepTc,147549,4309,0,0.0,Qwen3-8B,2,social-group,christian
R_3KC4aFK0IQbepTc,147573,4310,0,0.0,Qwen3-8B,1,moral,purity
R_3KC4aFK0IQbepTc,147597,4311,0,0.0,Qwen3-8B,5,social-group,jewish
R_3KC4aFK0IQbepTc,147621,4312,0,0.0,Qwen3-8B,3,social-group,LGB
R_3KC4aFK0IQbepTc,147645,4313,0,0.0,Qwen3-8B,3,random,random
R_3KC4aFK0IQbepTc,147669,4314,0,0.0,Qwen3-8B,3,social-group,jewish
R_3KC4aFK0IQbepTc,147693,4315,0,0.0,Qwen3-8B,2,social-group,jewish
R_3KC4aFK0IQbepTc,147717,4316,0,0.0,Qwen3-8B,2,social-group,LGB
R_3KC4aFK0IQbepTc,147741,4317,0,0.0,Qwen3-8B,5,social-group,jewish
R_3KC4aFK0IQbepTc,147765,4318,0,0.0,Qwen3-8B,1,social-group,jewish
R_3KC4aFK0IQbepTc,147789,4319,0,0.0,Qwen3-8B,5,social-group,christian
R_3KC4aFK0IQbepTc,147813,4320,0,0.0,Qwen3-8B,4,social-group,muslim
R_3KC4aFK0IQbepTc,147837,4321,0,0.0,Qwen3-8B,3,social-group,christian
R_3KC4aFK0IQbepTc,147861,4322,0,0.0,Qwen3-8B,2,social-group,christian
R_3kHdF1ftMfBxQhv,692,13,0,0.0,Qwen3-8B,2,random,random
R_3kHdF1ftMfBxQhv,7296,120,0,0.0,Qwen3-8B,1,random,random
R_3kHdF1ftMfBxQhv,13611,216,0,0.0,Qwen3-8B,2,random,random
R_3kHdF1ftMfBxQhv,14202,225,0,0.0,Qwen3-8B,2,random,random
R_3kHdF1ftMfBxQhv,14602,231,0,0.0,Qwen3-8B,2,random,random
R_3kHdF1ftMfBxQhv,17739,279,0,0.0,Qwen3-8B,5,random,random
R_3kHdF1ftMfBxQhv,18824,296,0,0.0,Qwen3-8B,3,random,random
R_3kHdF1ftMfBxQhv,147214,4295,0,0.0,Qwen3-8B,2,random,random
R_3kHdF1ftMfBxQhv,147238,4296,0,0.0,Qwen3-8B,1,moral,care
R_3kHdF1ftMfBxQhv,147262,4297,0,0.0,Qwen3-8B,2,random,random
R_3kHdF1ftMfBxQhv,147286,4298,0,0.0,Qwen3-8B,2,random,random
R_3kHdF1ftMfBxQhv,147310,4299,0,0.0,Qwen3-8B,5,social-group,jewish
R_3kHdF1ftMfBxQhv,147334,4300,0,0.0,Qwen3-8B,3,social-group,transgender
R_3kHdF1ftMfBxQhv,147358,4301,0,0.0,Qwen3-8B,2,social-group,christian
R_3kHdF1ftMfBxQhv,147382,4302,0,0.0,Qwen3-8B,5,social-group,muslim
R_3kHdF1ftMfBxQhv,147406,4303,0,0.0,Qwen3-8B,2,social-group,jewish
R_3kHdF1ftMfBxQhv,147430,4304,0,0.0,Qwen3-8B,2,random,random
R_3kHdF1ftMfBxQhv,147454,4305,0,0.0,Qwen3-8B,3,social-group,christian
R_3kHdF1ftMfBxQhv,147478,4306,0,0.0,Qwen3-8B,3,social-group,LGB
R_3kHdF1ftMfBxQhv,147502,4307,0,0.0,Qwen3-8B,4,moral,authority
R_3kHdF1ftMfBxQhv,147526,4308,0,0.0,Qwen3-8B,2,social-group,transgender
R_3kHdF1ftMfBxQhv,147550,4309,0,0.0,Qwen3-8B,2,social-group,christian
R_3kHdF1ftMfBxQhv,147574,4310,0,0.0,Qwen3-8B,1,moral,purity
R_3kHdF1ftMfBxQhv,147598,4311,0,0.0,Qwen3-8B,5,social-group,jewish
R_3kHdF1ftMfBxQhv,147622,4312,0,0.0,Qwen3-8B,3,social-group,LGB
R_3kHdF1ftMfBxQhv,147646,4313,0,0.0,Qwen3-8B,3,random,random
R_3kHdF1ftMfBxQhv,147670,4314,0,0.0,Qwen3-8B,3,social-group,jewish
R_3kHdF1ftMfBxQhv,147694,4315,0,0.0,Qwen3-8B,2,social-group,jewish
R_3kHdF1ftMfBxQhv,147718,4316,0,0.0,Qwen3-8B,2,social-group,LGB
R_3kHdF1ftMfBxQhv,147742,4317,0,0.0,Qwen3-8B,5,social-group,jewish
R_3kHdF1ftMfBxQhv,147766,4318,0,0.0,Qwen3-8B,1,social-group,jewish
R_3kHdF1ftMfBxQhv,147790,4319,0,0.0,Qwen3-8B,5,social-group,christian
R_3kHdF1ftMfBxQhv,147814,4320,0,0.0,Qwen3-8B,4,social-group,muslim
R_3kHdF1ftMfBxQhv,147838,4321,0,0.0,Qwen3-8B,3,social-group,christian
R_3kHdF1ftMfBxQhv,147862,4322,0,0.0,Qwen3-8B,2,social-group,christian
R_27eaFcvFAEsxQed,717,14,0,0.0,Qwen3-8B,3,random,random
R_27eaFcvFAEsxQed,13361,213,1,0.0,Qwen3-8B,3,random,random
R_27eaFcvFAEsxQed,20787,327,0,0.0,Qwen3-8B,3,random,random
R_27eaFcvFAEsxQed,26484,419,0,0.0,Qwen3-8B,2,random,random
R_27eaFcvFAEsxQed,35422,566,2,1.0,Qwen3-8B,3,random,random
R_27eaFcvFAEsxQed,36073,577,1,0.0,Qwen3-8B,2,random,random
R_27eaFcvFAEsxQed,40767,656,1,0.0,Qwen3-8B,2,random,random
R_27eaFcvFAEsxQed,42051,677,1,0.0,Qwen3-8B,3,random,random
R_27eaFcvFAEsxQed,53130,837,0,0.0,Qwen3-8B,1,random,random
R_27eaFcvFAEsxQed,118589,3065,1,0.0,Qwen3-8B,5,social-group,jewish
R_27eaFcvFAEsxQed,118613,3066,0,0.0,Qwen3-8B,3,random,random
R_27eaFcvFAEsxQed,118637,3067,0,0.0,Qwen3-8B,2,social-group,transgender
R_27eaFcvFAEsxQed,118661,3068,2,1.0,Qwen3-8B,5,social-group,muslim
R_27eaFcvFAEsxQed,118685,3069,0,0.0,Qwen3-8B,4,social-group,jewish
R_27eaFcvFAEsxQed,118709,3070,0,0.0,Qwen3-8B,2,moral,authority
R_27eaFcvFAEsxQed,118733,3071,0,0.0,Qwen3-8B,5,social-group,jewish
R_27eaFcvFAEsxQed,118757,3072,0,0.0,Qwen3-8B,4,moral,purity
R_27eaFcvFAEsxQed,118781,3073,2,1.0,Qwen3-8B,5,social-group,christian
R_27eaFcvFAEsxQed,118805,3074,0,0.0,Qwen3-8B,1,moral,loyalty
R_27eaFcvFAEsxQed,118853,3075,0,0.0,Qwen3-8B,2,social-group,LGB
R_27eaFcvFAEsxQed,118877,3076,1,0.0,Qwen3-8B,5,social-group,transgender
R_27eaFcvFAEsxQed,118901,3077,-1,,Qwen3-8B,2,random,random
R_27eaFcvFAEsxQed,118925,3078,3,1.0,Qwen3-8B,4,social-group,muslim
R_27eaFcvFAEsxQed,118949,3079,1,0.0,Qwen3-8B,4,social-group,christian
R_27eaFcvFAEsxQed,118973,3080,1,0.0,Qwen3-8B,3,social-group,muslim
R_27eaFcvFAEsxQed,118997,3081,0,0.0,Qwen3-8B,5,social-group,jewish
R_27eaFcvFAEsxQed,119021,3082,0,0.0,Qwen3-8B,4,social-group,christian
R_27eaFcvFAEsxQed,119045,3083,0,0.0,Qwen3-8B,1,social-group,jewish
R_27eaFcvFAEsxQed,119069,3084,4,1.0,Qwen3-8B,5,social-group,muslim
R_27eaFcvFAEsxQed,119093,3085,2,1.0,Qwen3-8B,3,social-group,christian
R_27eaFcvFAEsxQed,119117,3086,0,0.0,Qwen3-8B,3,social-group,jewish
R_27eaFcvFAEsxQed,119141,3087,0,0.0,Qwen3-8B,2,random,random
R_27eaFcvFAEsxQed,119165,3088,0,0.0,Qwen3-8B,1,moral,purity
R_27eaFcvFAEsxQed,119189,3089,0,0.0,Qwen3-8B,3,social-group,LGB
R_27eaFcvFAEsxQed,119213,3090,1,0.0,Qwen3-8B,4,social-group,muslim
R_1rB0pJMQLJniEgX,750,14,0,0.0,Qwen3-8B,3,random,random
R_1rB0pJMQLJniEgX,13405,213,0,0.0,Qwen3-8B,3,random,random
R_1rB0pJMQLJniEgX,20822,327,0,0.0,Qwen3-8B,3,random,random
R_1rB0pJMQLJniEgX,26520,419,0,0.0,Qwen3-8B,2,random,random
R_1rB0pJMQLJniEgX,35460,566,0,0.0,Qwen3-8B,3,random,random
R_1rB0pJMQLJniEgX,36111,577,0,0.0,Qwen3-8B,2,random,random
R_1rB0pJMQLJniEgX,40804,656,0,0.0,Qwen3-8B,2,random,random
R_1rB0pJMQLJniEgX,42088,677,1,0.0,Qwen3-8B,3,random,random
R_1rB0pJMQLJniEgX,53173,837,0,0.0,Qwen3-8B,1,random,random
R_1rB0pJMQLJniEgX,118604,3065,0,0.0,Qwen3-8B,5,social-group,jewish
R_1rB0pJMQLJniEgX,118628,3066,0,0.0,Qwen3-8B,3,random,random
R_1rB0pJMQLJniEgX,118652,3067,0,0.0,Qwen3-8B,2,social-group,transgender
R_1rB0pJMQLJniEgX,118676,3068,0,0.0,Qwen3-8B,5,social-group,muslim
R_1rB0pJMQLJniEgX,118700,3069,0,0.0,Qwen3-8B,4,social-group,jewish
R_1rB0pJMQLJniEgX,118724,3070,0,0.0,Qwen3-8B,2,moral,authority
R_1rB0pJMQLJniEgX,118748,3071,1,0.0,Qwen3-8B,5,social-group,jewish
R_1rB0pJMQLJniEgX,118772,3072,0,0.0,Qwen3-8B,4,moral,purity
R_1rB0pJMQLJniEgX,118796,3073,0,0.0,Qwen3-8B,5,social-group,christian
R_1rB0pJMQLJniEgX,118836,3074,0,0.0,Qwen3-8B,1,moral,loyalty
R_1rB0pJMQLJniEgX,118868,3075,0,0.0,Qwen3-8B,2,social-group,LGB
R_1rB0pJMQLJniEgX,118892,3076,0,0.0,Qwen3-8B,5,social-group,transgender
R_1rB0pJMQLJniEgX,118916,3077,0,0.0,Qwen3-8B,2,random,random
R_1rB0pJMQLJniEgX,118940,3078,1,0.0,Qwen3-8B,4,social-group,muslim
R_1rB0pJMQLJniEgX,118964,3079,0,0.0,Qwen3-8B,4,social-group,christian
R_1rB0pJMQLJniEgX,118988,3080,1,0.0,Qwen3-8B,3,social-group,muslim
R_1rB0pJMQLJniEgX,119012,3081,0,0.0,Qwen3-8B,5,social-group,jewish
R_1rB0pJMQLJniEgX,119036,3082,0,0.0,Qwen3-8B,4,social-group,christian
R_1rB0pJMQLJniEgX,119060,3083,0,0.0,Qwen3-8B,1,social-group,jewish
R_1rB0pJMQLJniEgX,119084,3084,0,0.0,Qwen3-8B,5,social-group,muslim
R_1rB0pJMQLJniEgX,119108,3085,0,0.0,Qwen3-8B,3,social-group,christian
R_1rB0pJMQLJniEgX,119132,3086,0,0.0,Qwen3-8B,3,social-group,jewish
R_1rB0pJMQLJniEgX,119156,3087,0,0.0,Qwen3-8B,2,random,random
R_1rB0pJMQLJniEgX,119180,3088,0,0.0,Qwen3-8B,1,moral,purity
R_1rB0pJMQLJniEgX,119204,3089,0,0.0,Qwen3-8B,3,social-group,LGB
R_1rB0pJMQLJniEgX,119228,3090,0,0.0,Qwen3-8B,4,social-group,muslim
R_Rgy0hjqbHltqiU9,752,14,0,0.0,Qwen3-8B,3,random,random
R_Rgy0hjqbHltqiU9,13406,213,0,0.0,Qwen3-8B,3,random,random
R_Rgy0hjqbHltqiU9,20823,327,0,0.0,Qwen3-8B,3,random,random
R_Rgy0hjqbHltqiU9,26521,419,0,0.0,Qwen3-8B,2,random,random
R_Rgy0hjqbHltqiU9,35461,566,0,0.0,Qwen3-8B,3,random,random
R_Rgy0hjqbHltqiU9,36112,577,0,0.0,Qwen3-8B,2,random,random
R_Rgy0hjqbHltqiU9,40805,656,0,0.0,Qwen3-8B,2,random,random
R_Rgy0hjqbHltqiU9,42089,677,0,0.0,Qwen3-8B,3,random,random
R_Rgy0hjqbHltqiU9,53174,837,0,0.0,Qwen3-8B,1,random,random
R_Rgy0hjqbHltqiU9,118605,3065,0,0.0,Qwen3-8B,5,social-group,jewish
R_Rgy0hjqbHltqiU9,118629,3066,0,0.0,Qwen3-8B,3,random,random
R_Rgy0hjqbHltqiU9,118653,3067,0,0.0,Qwen3-8B,2,social-group,transgender
R_Rgy0hjqbHltqiU9,118677,3068,0,0.0,Qwen3-8B,5,social-group,muslim
R_Rgy0hjqbHltqiU9,118701,3069,0,0.0,Qwen3-8B,4,social-group,jewish
R_Rgy0hjqbHltqiU9,118725,3070,0,0.0,Qwen3-8B,2,moral,authority
R_Rgy0hjqbHltqiU9,118749,3071,0,0.0,Qwen3-8B,5,social-group,jewish
R_Rgy0hjqbHltqiU9,118773,3072,0,0.0,Qwen3-8B,4,moral,purity
R_Rgy0hjqbHltqiU9,118797,3073,0,0.0,Qwen3-8B,5,social-group,christian
R_Rgy0hjqbHltqiU9,118838,3074,0,0.0,Qwen3-8B,1,moral,loyalty
R_Rgy0hjqbHltqiU9,118869,3075,0,0.0,Qwen3-8B,2,social-group,LGB
R_Rgy0hjqbHltqiU9,118893,3076,0,0.0,Qwen3-8B,5,social-group,transgender
R_Rgy0hjqbHltqiU9,118917,3077,0,0.0,Qwen3-8B,2,random,random
R_Rgy0hjqbHltqiU9,118941,3078,0,0.0,Qwen3-8B,4,social-group,muslim
R_Rgy0hjqbHltqiU9,118965,3079,0,0.0,Qwen3-8B,4,social-group,christian
R_Rgy0hjqbHltqiU9,118989,3080,0,0.0,Qwen3-8B,3,social-group,muslim
R_Rgy0hjqbHltqiU9,119013,3081,0,0.0,Qwen3-8B,5,social-group,jewish
R_Rgy0hjqbHltqiU9,119037,3082,0,0.0,Qwen3-8B,4,social-group,christian
R_Rgy0hjqbHltqiU9,119061,3083,0,0.0,Qwen3-8B,1,social-group,jewish
R_Rgy0hjqbHltqiU9,119085,3084,0,0.0,Qwen3-8B,5,social-group,muslim
R_Rgy0hjqbHltqiU9,119109,3085,0,0.0,Qwen3-8B,3,social-group,christian
R_Rgy0hjqbHltqiU9,119133,3086,0,0.0,Qwen3-8B,3,social-group,jewish
R_Rgy0hjqbHltqiU9,119157,3087,0,0.0,Qwen3-8B,2,random,random
R_Rgy0hjqbHltqiU9,119181,3088,0,0.0,Qwen3-8B,1,moral,purity
R_Rgy0hjqbHltqiU9,119205,3089,0,0.0,Qwen3-8B,3,social-group,LGB
R_Rgy0hjqbHltqiU9,119229,3090,0,0.0,Qwen3-8B,4,social-group,muslim
R_1LqyNdtTNedDdKC,781,15,0,0.0,Qwen3-8B,3,random,random
R_1LqyNdtTNedDdKC,6480,108,1,0.0,Qwen3-8B,2,random,random
R_1LqyNdtTNedDdKC,14498,230,0,0.0,Qwen3-8B,1,random,random
R_1LqyNdtTNedDdKC,32301,514,0,0.0,Qwen3-8B,2,random,random
R_1LqyNdtTNedDdKC,35195,562,4,1.0,Qwen3-8B,2,random,random
R_1LqyNdtTNedDdKC,36136,578,0,0.0,Qwen3-8B,5,random,random
R_1LqyNdtTNedDdKC,59052,928,0,0.0,Qwen3-8B,5,random,random
R_1LqyNdtTNedDdKC,59333,933,0,0.0,Qwen3-8B,3,random,random
R_1LqyNdtTNedDdKC,59788,941,4,1.0,Qwen3-8B,3,random,random
R_1LqyNdtTNedDdKC,62694,992,3,1.0,Qwen3-8B,2,random,random
R_1LqyNdtTNedDdKC,122231,3216,4,1.0,Qwen3-8B,3,social-group,jewish
R_1LqyNdtTNedDdKC,122254,3217,0,0.0,Qwen3-8B,2,social-group,LGB
R_1LqyNdtTNedDdKC,122277,3218,4,1.0,Qwen3-8B,3,social-group,christian
R_1LqyNdtTNedDdKC,122300,3219,0,0.0,Qwen3-8B,1,random,random
R_1LqyNdtTNedDdKC,122323,3220,0,0.0,Qwen3-8B,4,social-group,transgender
R_1LqyNdtTNedDdKC,122346,3221,1,0.0,Qwen3-8B,3,social-group,LGB
R_1LqyNdtTNedDdKC,122369,3222,0,0.0,Qwen3-8B,2,random,random
R_1LqyNdtTNedDdKC,122392,3223,4,1.0,Qwen3-8B,4,social-group,transgender
R_1LqyNdtTNedDdKC,122415,3224,4,1.0,Qwen3-8B,3,social-group,muslim
R_1LqyNdtTNedDdKC,122438,3225,0,0.0,Qwen3-8B,1,moral,fairness
R_1LqyNdtTNedDdKC,122461,3226,2,1.0,Qwen3-8B,3,social-group,christian
R_1LqyNdtTNedDdKC,122484,3227,0,0.0,Qwen3-8B,5,social-group,christian
R_1LqyNdtTNedDdKC,122507,3228,0,0.0,Qwen3-8B,1,moral,fairness
R_1LqyNdtTNedDdKC,122530,3229,0,0.0,Qwen3-8B,1,social-group,christian
R_1LqyNdtTNedDdKC,122553,3230,0,0.0,Qwen3-8B,3,social-group,LGB
R_1LqyNdtTNedDdKC,122576,3231,0,0.0,Qwen3-8B,3,social-group,muslim
R_1LqyNdtTNedDdKC,122599,3232,4,1.0,Qwen3-8B,5,social-group,christian
R_1LqyNdtTNedDdKC,122622,3233,0,0.0,Qwen3-8B,1,moral,authority
R_1LqyNdtTNedDdKC,122645,3234,3,1.0,Qwen3-8B,4,social-group,muslim
R_1LqyNdtTNedDdKC,122668,3235,4,1.0,Qwen3-8B,2,social-group,transgender
R_1LqyNdtTNedDdKC,122691,3236,4,1.0,Qwen3-8B,1,random,random
R_1LqyNdtTNedDdKC,122714,3237,0,0.0,Qwen3-8B,3,moral,purity
R_1LqyNdtTNedDdKC,122737,3238,0,0.0,Qwen3-8B,3,social-group,LGB
R_1LqyNdtTNedDdKC,122760,3239,0,0.0,Qwen3-8B,4,social-group,transgender
R_1LqyNdtTNedDdKC,122783,3240,0,0.0,Qwen3-8B,1,moral,purity
R_OPU36UyhyR3uuXv,811,15,0,0.0,Qwen3-8B,3,random,random
R_OPU36UyhyR3uuXv,6514,108,0,0.0,Qwen3-8B,2,random,random
R_OPU36UyhyR3uuXv,14535,230,0,0.0,Qwen3-8B,1,random,random
R_OPU36UyhyR3uuXv,32336,514,0,0.0,Qwen3-8B,2,random,random
R_OPU36UyhyR3uuXv,35227,562,0,0.0,Qwen3-8B,2,random,random
R_OPU36UyhyR3uuXv,36171,578,0,0.0,Qwen3-8B,5,random,random
R_OPU36UyhyR3uuXv,59082,928,0,0.0,Qwen3-8B,5,random,random
R_OPU36UyhyR3uuXv,59363,933,0,0.0,Qwen3-8B,3,random,random
R_OPU36UyhyR3uuXv,59818,941,0,0.0,Qwen3-8B,3,random,random
R_OPU36UyhyR3uuXv,62729,992,0,0.0,Qwen3-8B,2,random,random
R_OPU36UyhyR3uuXv,122245,3216,0,0.0,Qwen3-8B,3,social-group,jewish
R_OPU36UyhyR3uuXv,122268,3217,0,0.0,Qwen3-8B,2,social-group,LGB
R_OPU36UyhyR3uuXv,122291,3218,0,0.0,Qwen3-8B,3,social-group,christian
R_OPU36UyhyR3uuXv,122314,3219,0,0.0,Qwen3-8B,1,random,random
R_OPU36UyhyR3uuXv,122337,3220,0,0.0,Qwen3-8B,4,social-group,transgender
R_OPU36UyhyR3uuXv,122360,3221,0,0.0,Qwen3-8B,3,social-group,LGB
R_OPU36UyhyR3uuXv,122383,3222,0,0.0,Qwen3-8B,2,random,random
R_OPU36UyhyR3uuXv,122406,3223,0,0.0,Qwen3-8B,4,social-group,transgender
R_OPU36UyhyR3uuXv,122429,3224,0,0.0,Qwen3-8B,3,social-group,muslim
R_OPU36UyhyR3uuXv,122452,3225,0,0.0,Qwen3-8B,1,moral,fairness
R_OPU36UyhyR3uuXv,122475,3226,0,0.0,Qwen3-8B,3,social-group,christian
R_OPU36UyhyR3uuXv,122498,3227,0,0.0,Qwen3-8B,5,social-group,christian
R_OPU36UyhyR3uuXv,122521,3228,0,0.0,Qwen3-8B,1,moral,fairness
R_OPU36UyhyR3uuXv,122544,3229,0,0.0,Qwen3-8B,1,social-group,christian
R_OPU36UyhyR3uuXv,122567,3230,0,0.0,Qwen3-8B,3,social-group,LGB
R_OPU36UyhyR3uuXv,122590,3231,0,0.0,Qwen3-8B,3,social-group,muslim
R_OPU36UyhyR3uuXv,122613,3232,0,0.0,Qwen3-8B,5,social-group,christian
R_OPU36UyhyR3uuXv,122636,3233,0,0.0,Qwen3-8B,1,moral,authority
R_OPU36UyhyR3uuXv,122659,3234,0,0.0,Qwen3-8B,4,social-group,muslim
R_OPU36UyhyR3uuXv,122682,3235,0,0.0,Qwen3-8B,2,social-group,transgender
R_OPU36UyhyR3uuXv,122705,3236,0,0.0,Qwen3-8B,1,random,random
R_OPU36UyhyR3uuXv,122728,3237,0,0.0,Qwen3-8B,3,moral,purity
R_OPU36UyhyR3uuXv,122751,3238,0,0.0,Qwen3-8B,3,social-group,LGB
R_OPU36UyhyR3uuXv,122774,3239,0,0.0,Qwen3-8B,4,social-group,transgender
R_OPU36UyhyR3uuXv,122797,3240,0,0.0,Qwen3-8B,1,moral,purity
R_2U41dr3SDodtspd,895,17,1,0.0,Qwen3-8B,1,random,random
R_2U41dr3SDodtspd,13432,214,2,1.0,Qwen3-8B,2,random,random
R_2U41dr3SDodtspd,17820,281,3,1.0,Qwen3-8B,2,random,random
R_2U41dr3SDodtspd,28148,450,3,1.0,Qwen3-8B,3,random,random
R_2U41dr3SDodtspd,39505,635,1,0.0,Qwen3-8B,3,random,random
R_2U41dr3SDodtspd,41676,671,2,1.0,Qwen3-8B,3,random,random
R_2U41dr3SDodtspd,66916,1059,3,1.0,Qwen3-8B,3,random,random
R_2U41dr3SDodtspd,74403,1243,1,0.0,Qwen3-8B,1,moral,purity
R_2U41dr3SDodtspd,74403,1243,1,0.0,Qwen3-8B,1,moral,loyalty
R_2U41dr3SDodtspd,74403,1243,1,0.0,Qwen3-8B,1,moral,purity
R_2U41dr3SDodtspd,74403,1243,1,0.0,Qwen3-8B,1,moral,loyalty
R_2U41dr3SDodtspd,90546,1885,3,1.0,Qwen3-8B,2,moral,care
R_2U41dr3SDodtspd,134123,3723,4,1.0,Qwen3-8B,1,social-group,LGB
R_2U41dr3SDodtspd,134147,3724,0,0.0,Qwen3-8B,4,social-group,transgender
R_2U41dr3SDodtspd,134171,3725,3,1.0,Qwen3-8B,3,social-group,jewish
R_2U41dr3SDodtspd,134195,3726,4,1.0,Qwen3-8B,3,social-group,transgender
R_2U41dr3SDodtspd,134219,3727,-1,,Qwen3-8B,2,social-group,jewish
R_2U41dr3SDodtspd,134243,3728,1,0.0,Qwen3-8B,1,social-group,christian
R_2U41dr3SDodtspd,134267,3729,3,1.0,Qwen3-8B,1,moral,authority
R_2U41dr3SDodtspd,134291,3730,3,1.0,Qwen3-8B,1,random,random
R_2U41dr3SDodtspd,134315,3731,4,1.0,Qwen3-8B,2,social-group,christian
R_2U41dr3SDodtspd,134339,3732,1,0.0,Qwen3-8B,2,social-group,jewish
R_2U41dr3SDodtspd,134363,3733,3,1.0,Qwen3-8B,5,social-group,jewish
R_2U41dr3SDodtspd,134387,3734,2,1.0,Qwen3-8B,3,social-group,christian
R_2U41dr3SDodtspd,134411,3735,3,1.0,Qwen3-8B,2,social-group,LGB
R_2U41dr3SDodtspd,134435,3736,3,1.0,Qwen3-8B,1,moral,loyalty
R_2U41dr3SDodtspd,134459,3737,3,1.0,Qwen3-8B,5,social-group,jewish
R_2U41dr3SDodtspd,134483,3738,4,1.0,Qwen3-8B,1,social-group,christian
R_2U41dr3SDodtspd,134507,3739,3,1.0,Qwen3-8B,3,social-group,LGB
R_2U41dr3SDodtspd,134531,3740,3,1.0,Qwen3-8B,1,social-group,transgender
R_2U41dr3SDodtspd,134555,3741,3,1.0,Qwen3-8B,4,social-group,jewish
R_2U41dr3SDodtspd,134579,3742,2,1.0,Qwen3-8B,5,social-group,jewish
R_2U41dr3SDodtspd,134603,3743,2,1.0,Qwen3-8B,3,social-group,muslim
R_2U41dr3SDodtspd,134627,3744,4,1.0,Qwen3-8B,1,social-group,LGB
R_2U41dr3SDodtspd,134651,3745,3,1.0,Qwen3-8B,3,social-group,jewish
R_2U41dr3SDodtspd,134675,3746,1,0.0,Qwen3-8B,5,social-group,jewish
R_2U41dr3SDodtspd,134699,3747,4,1.0,Qwen3-8B,1,social-group,LGB
R_2U41dr3SDodtspd,134723,3748,2,1.0,Qwen3-8B,4,social-group,transgender
R_12913wTbAHTxjeN,986,18,2,1.0,Qwen3-8B,2,random,random
R_12913wTbAHTxjeN,1285,23,3,1.0,Qwen3-8B,5,random,random
R_12913wTbAHTxjeN,1403,25,2,1.0,Qwen3-8B,3,random,random
R_12913wTbAHTxjeN,22648,354,1,0.0,Qwen3-8B,1,random,random
R_12913wTbAHTxjeN,32085,510,3,1.0,Qwen3-8B,3,random,random
R_12913wTbAHTxjeN,37463,600,3,1.0,Qwen3-8B,1,random,random
R_12913wTbAHTxjeN,39242,630,3,1.0,Qwen3-8B,4,random,random
R_12913wTbAHTxjeN,44688,717,2,1.0,Qwen3-8B,4,random,random
R_12913wTbAHTxjeN,60095,946,4,1.0,Qwen3-8B,3,random,random
R_12913wTbAHTxjeN,66335,1049,3,1.0,Qwen3-8B,1,random,random
R_12913wTbAHTxjeN,66715,1055,4,1.0,Qwen3-8B,4,random,random
R_12913wTbAHTxjeN,94841,2066,1,0.0,Qwen3-8B,4,social-group,jewish
R_12913wTbAHTxjeN,94865,2067,2,1.0,Qwen3-8B,4,social-group,LGB
R_12913wTbAHTxjeN,94889,2068,3,1.0,Qwen3-8B,4,random,random
R_12913wTbAHTxjeN,94913,2069,0,0.0,Qwen3-8B,4,social-group,transgender
R_12913wTbAHTxjeN,94937,2070,4,1.0,Qwen3-8B,3,moral,authority
R_12913wTbAHTxjeN,94961,2071,1,0.0,Qwen3-8B,1,moral,authority
R_12913wTbAHTxjeN,94985,2072,4,1.0,Qwen3-8B,5,social-group,transgender
R_12913wTbAHTxjeN,95009,2073,2,1.0,Qwen3-8B,3,random,random
R_12913wTbAHTxjeN,95033,2074,3,1.0,Qwen3-8B,1,social-group,muslim
R_12913wTbAHTxjeN,95057,2075,3,1.0,Qwen3-8B,4,social-group,LGB
R_12913wTbAHTxjeN,95081,2076,4,1.0,Qwen3-8B,4,social-group,christian
R_12913wTbAHTxjeN,95105,2077,3,1.0,Qwen3-8B,5,social-group,jewish
R_12913wTbAHTxjeN,95129,2078,3,1.0,Qwen3-8B,3,social-group,christian
R_12913wTbAHTxjeN,95153,2079,0,0.0,Qwen3-8B,1,social-group,jewish
R_12913wTbAHTxjeN,95177,2080,1,0.0,Qwen3-8B,3,social-group,muslim
R_12913wTbAHTxjeN,95201,2081,1,0.0,Qwen3-8B,5,social-group,christian
R_12913wTbAHTxjeN,95225,2082,0,0.0,Qwen3-8B,3,social-group,transgender
R_12913wTbAHTxjeN,95249,2083,1,0.0,Qwen3-8B,2,random,random
R_12913wTbAHTxjeN,95273,2084,3,1.0,Qwen3-8B,2,moral,loyalty
R_12913wTbAHTxjeN,95297,2085,4,1.0,Qwen3-8B,4,social-group,jewish
R_12913wTbAHTxjeN,95321,2086,2,1.0,Qwen3-8B,5,social-group,LGB
R_12913wTbAHTxjeN,95345,2087,1,0.0,Qwen3-8B,2,random,random
R_12913wTbAHTxjeN,95369,2088,0,0.0,Qwen3-8B,1,moral,loyalty
R_12913wTbAHTxjeN,95393,2089,2,1.0,Qwen3-8B,2,moral,authority
R_pzaQm0YYd60jBND,988,18,0,0.0,Qwen3-8B,2,random,random
R_pzaQm0YYd60jBND,1287,23,0,0.0,Qwen3-8B,5,random,random
R_pzaQm0YYd60jBND,1405,25,0,0.0,Qwen3-8B,3,random,random
R_pzaQm0YYd60jBND,22650,354,0,0.0,Qwen3-8B,1,random,random
R_pzaQm0YYd60jBND,32087,510,0,0.0,Qwen3-8B,3,random,random
R_pzaQm0YYd60jBND,37465,600,0,0.0,Qwen3-8B,1,random,random
R_pzaQm0YYd60jBND,39244,630,0,0.0,Qwen3-8B,4,random,random
R_pzaQm0YYd60jBND,44690,717,0,0.0,Qwen3-8B,4,random,random
R_pzaQm0YYd60jBND,60097,946,0,0.0,Qwen3-8B,3,random,random
R_pzaQm0YYd60jBND,66337,1049,0,0.0,Qwen3-8B,1,random,random
R_pzaQm0YYd60jBND,66717,1055,0,0.0,Qwen3-8B,4,random,random
R_pzaQm0YYd60jBND,94843,2066,0,0.0,Qwen3-8B,4,social-group,jewish
R_pzaQm0YYd60jBND,94867,2067,0,0.0,Qwen3-8B,4,social-group,LGB
R_pzaQm0YYd60jBND,94891,2068,0,0.0,Qwen3-8B,4,random,random
R_pzaQm0YYd60jBND,94915,2069,0,0.0,Qwen3-8B,4,social-group,transgender
R_pzaQm0YYd60jBND,94939,2070,0,0.0,Qwen3-8B,3,moral,authority
R_pzaQm0YYd60jBND,94963,2071,0,0.0,Qwen3-8B,1,moral,authority
R_pzaQm0YYd60jBND,94987,2072,0,0.0,Qwen3-8B,5,social-group,transgender
R_pzaQm0YYd60jBND,95011,2073,0,0.0,Qwen3-8B,3,random,random
R_pzaQm0YYd60jBND,95035,2074,0,0.0,Qwen3-8B,1,social-group,muslim
R_pzaQm0YYd60jBND,95059,2075,0,0.0,Qwen3-8B,4,social-group,LGB
R_pzaQm0YYd60jBND,95083,2076,0,0.0,Qwen3-8B,4,social-group,christian
R_pzaQm0YYd60jBND,95107,2077,0,0.0,Qwen3-8B,5,social-group,jewish
R_pzaQm0YYd60jBND,95131,2078,0,0.0,Qwen3-8B,3,social-group,christian
R_pzaQm0YYd60jBND,95155,2079,0,0.0,Qwen3-8B,1,social-group,jewish
R_pzaQm0YYd60jBND,95179,2080,0,0.0,Qwen3-8B,3,social-group,muslim
R_pzaQm0YYd60jBND,95203,2081,0,0.0,Qwen3-8B,5,social-group,christian
R_pzaQm0YYd60jBND,95227,2082,0,0.0,Qwen3-8B,3,social-group,transgender
R_pzaQm0YYd60jBND,95251,2083,0,0.0,Qwen3-8B,2,random,random
R_pzaQm0YYd60jBND,95275,2084,0,0.0,Qwen3-8B,2,moral,loyalty
R_pzaQm0YYd60jBND,95299,2085,0,0.0,Qwen3-8B,4,social-group,jewish
R_pzaQm0YYd60jBND,95323,2086,0,0.0,Qwen3-8B,5,social-group,LGB
R_pzaQm0YYd60jBND,95347,2087,0,0.0,Qwen3-8B,2,random,random
R_pzaQm0YYd60jBND,95371,2088,0,0.0,Qwen3-8B,1,moral,loyalty
R_pzaQm0YYd60jBND,95395,2089,0,0.0,Qwen3-8B,2,moral,authority
R_2tz0InvjLO88Moh,1006,18,3,1.0,Qwen3-8B,2,random,random
R_2tz0InvjLO88Moh,1305,23,4,1.0,Qwen3-8B,5,random,random
R_2tz0InvjLO88Moh,1423,25,1,0.0,Qwen3-8B,3,random,random
R_2tz0InvjLO88Moh,22666,354,2,1.0,Qwen3-8B,1,random,random
R_2tz0InvjLO88Moh,32103,510,1,0.0,Qwen3-8B,3,random,random
R_2tz0InvjLO88Moh,37479,600,1,0.0,Qwen3-8B,1,random,random
R_2tz0InvjLO88Moh,39258,630,1,0.0,Qwen3-8B,4,random,random
R_2tz0InvjLO88Moh,44706,717,3,1.0,Qwen3-8B,4,random,random
R_2tz0InvjLO88Moh,60108,946,3,1.0,Qwen3-8B,3,random,random
R_2tz0InvjLO88Moh,66347,1049,0,0.0,Qwen3-8B,1,random,random
R_2tz0InvjLO88Moh,66731,1055,4,1.0,Qwen3-8B,4,random,random
R_2tz0InvjLO88Moh,94849,2066,4,1.0,Qwen3-8B,4,social-group,jewish
R_2tz0InvjLO88Moh,94873,2067,4,1.0,Qwen3-8B,4,social-group,LGB
R_2tz0InvjLO88Moh,94897,2068,2,1.0,Qwen3-8B,4,random,random
R_2tz0InvjLO88Moh,94921,2069,0,0.0,Qwen3-8B,4,social-group,transgender
R_2tz0InvjLO88Moh,94945,2070,0,0.0,Qwen3-8B,3,moral,authority
R_2tz0InvjLO88Moh,94969,2071,0,0.0,Qwen3-8B,1,moral,authority
R_2tz0InvjLO88Moh,94993,2072,4,1.0,Qwen3-8B,5,social-group,transgender
R_2tz0InvjLO88Moh,95017,2073,0,0.0,Qwen3-8B,3,random,random
R_2tz0InvjLO88Moh,95041,2074,0,0.0,Qwen3-8B,1,social-group,muslim
R_2tz0InvjLO88Moh,95065,2075,1,0.0,Qwen3-8B,4,social-group,LGB
R_2tz0InvjLO88Moh,95089,2076,1,0.0,Qwen3-8B,4,social-group,christian
R_2tz0InvjLO88Moh,95113,2077,4,1.0,Qwen3-8B,5,social-group,jewish
R_2tz0InvjLO88Moh,95137,2078,3,1.0,Qwen3-8B,3,social-group,christian
R_2tz0InvjLO88Moh,95161,2079,1,0.0,Qwen3-8B,1,social-group,jewish
R_2tz0InvjLO88Moh,95185,2080,2,1.0,Qwen3-8B,3,social-group,muslim
R_2tz0InvjLO88Moh,95209,2081,1,0.0,Qwen3-8B,5,social-group,christian
R_2tz0InvjLO88Moh,95233,2082,2,1.0,Qwen3-8B,3,social-group,transgender
R_2tz0InvjLO88Moh,95257,2083,1,0.0,Qwen3-8B,2,random,random
R_2tz0InvjLO88Moh,95281,2084,1,0.0,Qwen3-8B,2,moral,loyalty
R_2tz0InvjLO88Moh,95305,2085,3,1.0,Qwen3-8B,4,social-group,jewish
R_2tz0InvjLO88Moh,95329,2086,4,1.0,Qwen3-8B,5,social-group,LGB
R_2tz0InvjLO88Moh,95353,2087,0,0.0,Qwen3-8B,2,random,random
R_2tz0InvjLO88Moh,95377,2088,0,0.0,Qwen3-8B,1,moral,loyalty
R_2tz0InvjLO88Moh,95401,2089,1,0.0,Qwen3-8B,2,moral,authority
R_2PgT2TQNBzUJT20,1065,19,1,0.0,Qwen3-8B,1,random,random
R_2PgT2TQNBzUJT20,13005,207,0,0.0,Qwen3-8B,2,random,random
R_2PgT2TQNBzUJT20,30432,485,2,1.0,Qwen3-8B,3,random,random
R_2PgT2TQNBzUJT20,40096,644,2,1.0,Qwen3-8B,2,random,random
R_2PgT2TQNBzUJT20,42170,678,1,0.0,Qwen3-8B,2,random,random
R_2PgT2TQNBzUJT20,49600,787,0,0.0,Qwen3-8B,4,random,random
R_2PgT2TQNBzUJT20,63171,999,0,0.0,Qwen3-8B,2,random,random
R_2PgT2TQNBzUJT20,64268,1017,0,0.0,Qwen3-8B,2,random,random
R_2PgT2TQNBzUJT20,67613,1070,0,0.0,Qwen3-8B,3,random,random
R_2PgT2TQNBzUJT20,109877,2689,4,1.0,Qwen3-8B,3,social-group,LGB
R_2PgT2TQNBzUJT20,109900,2690,2,1.0,Qwen3-8B,4,social-group,jewish
R_2PgT2TQNBzUJT20,109923,2691,4,1.0,Qwen3-8B,3,social-group,transgender
R_2PgT2TQNBzUJT20,109946,2692,4,1.0,Qwen3-8B,4,social-group,transgender
R_2PgT2TQNBzUJT20,109969,2693,4,1.0,Qwen3-8B,5,social-group,jewish
R_2PgT2TQNBzUJT20,109992,2694,4,1.0,Qwen3-8B,4,social-group,christian
R_2PgT2TQNBzUJT20,110015,2695,0,0.0,Qwen3-8B,5,social-group,muslim
R_2PgT2TQNBzUJT20,110038,2696,0,0.0,Qwen3-8B,1,moral,fairness
R_2PgT2TQNBzUJT20,110061,2697,4,1.0,Qwen3-8B,1,social-group,transgender
R_2PgT2TQNBzUJT20,110084,2698,1,0.0,Qwen3-8B,1,random,random
R_2PgT2TQNBzUJT20,110107,2699,0,0.0,Qwen3-8B,1,social-group,transgender
R_2PgT2TQNBzUJT20,110130,2700,0,0.0,Qwen3-8B,5,social-group,jewish
R_2PgT2TQNBzUJT20,110153,2701,1,0.0,Qwen3-8B,2,social-group,transgender
R_2PgT2TQNBzUJT20,110176,2702,2,1.0,Qwen3-8B,4,social-group,muslim
R_2PgT2TQNBzUJT20,110199,2703,1,0.0,Qwen3-8B,5,social-group,LGB
R_2PgT2TQNBzUJT20,110222,2704,1,0.0,Qwen3-8B,1,social-group,jewish
R_2PgT2TQNBzUJT20,110245,2705,1,0.0,Qwen3-8B,5,social-group,LGB
R_2PgT2TQNBzUJT20,110268,2706,1,0.0,Qwen3-8B,5,social-group,muslim
R_2PgT2TQNBzUJT20,110291,2707,3,1.0,Qwen3-8B,5,social-group,muslim
R_2PgT2TQNBzUJT20,110314,2708,4,1.0,Qwen3-8B,3,social-group,christian
R_2PgT2TQNBzUJT20,110337,2709,4,1.0,Qwen3-8B,4,social-group,christian
R_2PgT2TQNBzUJT20,110360,2710,0,0.0,Qwen3-8B,2,random,random
R_2PgT2TQNBzUJT20,110383,2711,2,1.0,Qwen3-8B,2,social-group,jewish
R_2PgT2TQNBzUJT20,110406,2712,1,0.0,Qwen3-8B,2,social-group,LGB
R_2PgT2TQNBzUJT20,110429,2713,1,0.0,Qwen3-8B,3,social-group,muslim
R_2PgT2TQNBzUJT20,110452,2714,1,0.0,Qwen3-8B,5,social-group,muslim
R_3gXEqpvjftJ4etO,1117,20,2,1.0,Qwen3-8B,3,random,random
R_3gXEqpvjftJ4etO,13945,221,0,0.0,Qwen3-8B,1,random,random
R_3gXEqpvjftJ4etO,16835,264,0,0.0,Qwen3-8B,1,random,random
R_3gXEqpvjftJ4etO,19895,312,1,0.0,Qwen3-8B,2,random,random
R_3gXEqpvjftJ4etO,21892,343,0,0.0,Qwen3-8B,1,random,random
R_3gXEqpvjftJ4etO,27464,436,0,0.0,Qwen3-8B,1,random,random
R_3gXEqpvjftJ4etO,45415,727,0,0.0,Qwen3-8B,2,random,random
R_3gXEqpvjftJ4etO,51219,812,0,0.0,Qwen3-8B,4,random,random
R_3gXEqpvjftJ4etO,51219,812,0,0.0,Qwen3-8B,4,moral,purity
R_3gXEqpvjftJ4etO,51219,812,0,0.0,Qwen3-8B,4,random,random
R_3gXEqpvjftJ4etO,51219,812,0,0.0,Qwen3-8B,4,moral,purity
R_3gXEqpvjftJ4etO,54444,858,0,0.0,Qwen3-8B,1,random,random
R_3gXEqpvjftJ4etO,130014,3550,0,0.0,Qwen3-8B,1,moral,care
R_3gXEqpvjftJ4etO,130038,3551,0,0.0,Qwen3-8B,3,social-group,transgender
R_3gXEqpvjftJ4etO,130062,3552,4,1.0,Qwen3-8B,5,social-group,christian
R_3gXEqpvjftJ4etO,130086,3553,1,0.0,Qwen3-8B,5,social-group,transgender
R_3gXEqpvjftJ4etO,130110,3554,0,0.0,Qwen3-8B,3,random,random
R_3gXEqpvjftJ4etO,130134,3555,0,0.0,Qwen3-8B,2,social-group,transgender
R_3gXEqpvjftJ4etO,130158,3556,4,1.0,Qwen3-8B,2,social-group,christian
R_3gXEqpvjftJ4etO,130182,3557,0,0.0,Qwen3-8B,1,social-group,jewish
R_3gXEqpvjftJ4etO,130206,3558,0,0.0,Qwen3-8B,3,social-group,christian
R_3gXEqpvjftJ4etO,130230,3559,1,0.0,Qwen3-8B,5,social-group,LGB
R_3gXEqpvjftJ4etO,130254,3560,2,1.0,Qwen3-8B,4,social-group,transgender
R_3gXEqpvjftJ4etO,130278,3561,1,0.0,Qwen3-8B,1,social-group,transgender
R_3gXEqpvjftJ4etO,130302,3562,4,1.0,Qwen3-8B,3,social-group,christian
R_3gXEqpvjftJ4etO,130326,3563,1,0.0,Qwen3-8B,2,social-group,muslim
R_3gXEqpvjftJ4etO,130350,3564,1,0.0,Qwen3-8B,5,social-group,jewish
R_3gXEqpvjftJ4etO,130374,3565,0,0.0,Qwen3-8B,2,social-group,LGB
R_3gXEqpvjftJ4etO,130398,3566,1,0.0,Qwen3-8B,4,social-group,transgender
R_3gXEqpvjftJ4etO,130422,3567,0,0.0,Qwen3-8B,2,social-group,LGB
R_3gXEqpvjftJ4etO,130446,3568,2,1.0,Qwen3-8B,1,social-group,transgender
R_3gXEqpvjftJ4etO,130470,3569,0,0.0,Qwen3-8B,5,social-group,christian
R_3gXEqpvjftJ4etO,130494,3570,0,0.0,Qwen3-8B,5,social-group,muslim
R_3gXEqpvjftJ4etO,130518,3571,0,0.0,Qwen3-8B,1,moral,purity
R_3gXEqpvjftJ4etO,130542,3572,2,1.0,Qwen3-8B,3,social-group,transgender
R_3gXEqpvjftJ4etO,130566,3573,1,0.0,Qwen3-8B,3,social-group,LGB
R_3gXEqpvjftJ4etO,130590,3574,2,1.0,Qwen3-8B,5,social-group,christian
R_3gXEqpvjftJ4etO,130614,3575,2,1.0,Qwen3-8B,5,social-group,LGB
R_0Vs5a4dtR1lBaPT,1126,20,0,0.0,Qwen3-8B,3,random,random
R_0Vs5a4dtR1lBaPT,13956,221,0,0.0,Qwen3-8B,1,random,random
R_0Vs5a4dtR1lBaPT,16842,264,0,0.0,Qwen3-8B,1,random,random
R_0Vs5a4dtR1lBaPT,19905,312,0,0.0,Qwen3-8B,2,random,random
R_0Vs5a4dtR1lBaPT,21899,343,0,0.0,Qwen3-8B,1,random,random
R_0Vs5a4dtR1lBaPT,27471,436,0,0.0,Qwen3-8B,1,random,random
R_0Vs5a4dtR1lBaPT,45426,727,0,0.0,Qwen3-8B,2,random,random
R_0Vs5a4dtR1lBaPT,51235,812,0,0.0,Qwen3-8B,4,random,random
R_0Vs5a4dtR1lBaPT,51235,812,0,0.0,Qwen3-8B,4,moral,purity
R_0Vs5a4dtR1lBaPT,51235,812,0,0.0,Qwen3-8B,4,random,random
R_0Vs5a4dtR1lBaPT,51235,812,0,0.0,Qwen3-8B,4,moral,purity
R_0Vs5a4dtR1lBaPT,54451,858,0,0.0,Qwen3-8B,1,random,random
R_0Vs5a4dtR1lBaPT,130018,3550,0,0.0,Qwen3-8B,1,moral,care
R_0Vs5a4dtR1lBaPT,130042,3551,0,0.0,Qwen3-8B,3,social-group,transgender
R_0Vs5a4dtR1lBaPT,130066,3552,3,1.0,Qwen3-8B,5,social-group,christian
R_0Vs5a4dtR1lBaPT,130090,3553,0,0.0,Qwen3-8B,5,social-group,transgender
R_0Vs5a4dtR1lBaPT,130114,3554,0,0.0,Qwen3-8B,3,random,random
R_0Vs5a4dtR1lBaPT,130138,3555,0,0.0,Qwen3-8B,2,social-group,transgender
R_0Vs5a4dtR1lBaPT,130162,3556,0,0.0,Qwen3-8B,2,social-group,christian
R_0Vs5a4dtR1lBaPT,130186,3557,4,1.0,Qwen3-8B,1,social-group,jewish
R_0Vs5a4dtR1lBaPT,130210,3558,0,0.0,Qwen3-8B,3,social-group,christian
R_0Vs5a4dtR1lBaPT,130234,3559,3,1.0,Qwen3-8B,5,social-group,LGB
R_0Vs5a4dtR1lBaPT,130258,3560,0,0.0,Qwen3-8B,4,social-group,transgender
R_0Vs5a4dtR1lBaPT,130282,3561,0,0.0,Qwen3-8B,1,social-group,transgender
R_0Vs5a4dtR1lBaPT,130306,3562,0,0.0,Qwen3-8B,3,social-group,christian
R_0Vs5a4dtR1lBaPT,130330,3563,0,0.0,Qwen3-8B,2,social-group,muslim
R_0Vs5a4dtR1lBaPT,130354,3564,0,0.0,Qwen3-8B,5,social-group,jewish
R_0Vs5a4dtR1lBaPT,130378,3565,0,0.0,Qwen3-8B,2,social-group,LGB
R_0Vs5a4dtR1lBaPT,130402,3566,0,0.0,Qwen3-8B,4,social-group,transgender
R_0Vs5a4dtR1lBaPT,130426,3567,-1,,Qwen3-8B,2,social-group,LGB
R_0Vs5a4dtR1lBaPT,130450,3568,0,0.0,Qwen3-8B,1,social-group,transgender
R_0Vs5a4dtR1lBaPT,130474,3569,-1,,Qwen3-8B,5,social-group,christian
R_0Vs5a4dtR1lBaPT,130498,3570,0,0.0,Qwen3-8B,5,social-group,muslim
R_0Vs5a4dtR1lBaPT,130522,3571,3,1.0,Qwen3-8B,1,moral,purity
R_0Vs5a4dtR1lBaPT,130546,3572,0,0.0,Qwen3-8B,3,social-group,transgender
R_0Vs5a4dtR1lBaPT,130570,3573,0,0.0,Qwen3-8B,3,social-group,LGB
R_0Vs5a4dtR1lBaPT,130594,3574,1,0.0,Qwen3-8B,5,social-group,christian
R_0Vs5a4dtR1lBaPT,130618,3575,0,0.0,Qwen3-8B,5,social-group,LGB
R_3JtnV8IJF9q3ro1,1139,21,0,0.0,Qwen3-8B,3,random,random
R_3JtnV8IJF9q3ro1,12181,196,0,0.0,Qwen3-8B,1,random,random
R_3JtnV8IJF9q3ro1,18595,293,0,0.0,Qwen3-8B,2,random,random
R_3JtnV8IJF9q3ro1,20616,324,1,0.0,Qwen3-8B,1,random,random
R_3JtnV8IJF9q3ro1,24127,380,1,0.0,Qwen3-8B,3,random,random
R_3JtnV8IJF9q3ro1,33105,527,0,0.0,Qwen3-8B,1,random,random
R_3JtnV8IJF9q3ro1,42242,680,1,0.0,Qwen3-8B,2,random,random
R_3JtnV8IJF9q3ro1,44887,721,2,1.0,Qwen3-8B,3,random,random
R_3JtnV8IJF9q3ro1,51322,814,0,0.0,Qwen3-8B,3,random,random
R_3JtnV8IJF9q3ro1,51898,823,1,0.0,Qwen3-8B,5,random,random
R_3JtnV8IJF9q3ro1,61412,971,0,0.0,Qwen3-8B,2,random,random
R_3JtnV8IJF9q3ro1,70396,1120,0,0.0,Qwen3-8B,2,random,random
R_3JtnV8IJF9q3ro1,71329,1138,2,1.0,Qwen3-8B,5,random,random
R_3JtnV8IJF9q3ro1,106824,2562,1,0.0,Qwen3-8B,5,social-group,LGB
R_3JtnV8IJF9q3ro1,106848,2563,0,0.0,Qwen3-8B,1,moral,fairness
R_3JtnV8IJF9q3ro1,106872,2564,0,0.0,Qwen3-8B,2,random,random
R_3JtnV8IJF9q3ro1,106896,2565,1,0.0,Qwen3-8B,3,social-group,christian
R_3JtnV8IJF9q3ro1,106920,2566,2,1.0,Qwen3-8B,5,social-group,muslim
R_3JtnV8IJF9q3ro1,106944,2567,0,0.0,Qwen3-8B,1,random,random
R_3JtnV8IJF9q3ro1,106968,2568,2,1.0,Qwen3-8B,5,social-group,muslim
R_3JtnV8IJF9q3ro1,106992,2569,2,1.0,Qwen3-8B,2,social-group,christian
R_3JtnV8IJF9q3ro1,107016,2570,1,0.0,Qwen3-8B,5,social-group,muslim
R_3JtnV8IJF9q3ro1,107040,2571,0,0.0,Qwen3-8B,2,moral,care
R_3JtnV8IJF9q3ro1,107064,2572,1,0.0,Qwen3-8B,5,social-group,christian
R_3JtnV8IJF9q3ro1,107088,2573,1,0.0,Qwen3-8B,5,social-group,muslim
R_3JtnV8IJF9q3ro1,107112,2574,2,1.0,Qwen3-8B,4,social-group,jewish
R_3JtnV8IJF9q3ro1,107136,2575,1,0.0,Qwen3-8B,4,social-group,LGB
R_3JtnV8IJF9q3ro1,107160,2576,2,1.0,Qwen3-8B,2,social-group,christian
R_3JtnV8IJF9q3ro1,107184,2577,2,1.0,Qwen3-8B,3,social-group,christian
R_3JtnV8IJF9q3ro1,107208,2578,1,0.0,Qwen3-8B,3,social-group,christian
R_3JtnV8IJF9q3ro1,107232,2579,1,0.0,Qwen3-8B,2,social-group,christian
R_3JtnV8IJF9q3ro1,107256,2580,0,0.0,Qwen3-8B,4,social-group,transgender
R_3JtnV8IJF9q3ro1,107280,2581,2,1.0,Qwen3-8B,5,social-group,muslim
R_3JtnV8IJF9q3ro1,107304,2582,2,1.0,Qwen3-8B,2,social-group,transgender
R_3JtnV8IJF9q3ro1,107328,2583,1,0.0,Qwen3-8B,4,moral,fairness
R_RF9B2mu3Tkk9U3L,1162,21,1,0.0,Qwen3-8B,3,random,random
R_RF9B2mu3Tkk9U3L,12209,196,0,0.0,Qwen3-8B,1,random,random
R_RF9B2mu3Tkk9U3L,18621,293,1,0.0,Qwen3-8B,2,random,random
R_RF9B2mu3Tkk9U3L,20640,324,0,0.0,Qwen3-8B,1,random,random
R_RF9B2mu3Tkk9U3L,24148,380,0,0.0,Qwen3-8B,3,random,random
R_RF9B2mu3Tkk9U3L,33132,527,0,0.0,Qwen3-8B,1,random,random
R_RF9B2mu3Tkk9U3L,42267,680,0,0.0,Qwen3-8B,2,random,random
R_RF9B2mu3Tkk9U3L,44917,721,-1,,Qwen3-8B,3,random,random
R_RF9B2mu3Tkk9U3L,51354,814,2,1.0,Qwen3-8B,3,random,random
R_RF9B2mu3Tkk9U3L,51930,823,-1,,Qwen3-8B,5,random,random
R_RF9B2mu3Tkk9U3L,61433,971,0,0.0,Qwen3-8B,2,random,random
R_RF9B2mu3Tkk9U3L,70413,1120,1,0.0,Qwen3-8B,2,random,random
R_RF9B2mu3Tkk9U3L,71350,1138,3,1.0,Qwen3-8B,5,random,random
R_RF9B2mu3Tkk9U3L,106834,2562,4,1.0,Qwen3-8B,5,social-group,LGB
R_RF9B2mu3Tkk9U3L,106858,2563,0,0.0,Qwen3-8B,1,moral,fairness
R_RF9B2mu3Tkk9U3L,106882,2564,0,0.0,Qwen3-8B,2,random,random
R_RF9B2mu3Tkk9U3L,106906,2565,1,0.0,Qwen3-8B,3,social-group,christian
R_RF9B2mu3Tkk9U3L,106930,2566,4,1.0,Qwen3-8B,5,social-group,muslim
R_RF9B2mu3Tkk9U3L,106954,2567,0,0.0,Qwen3-8B,1,random,random
R_RF9B2mu3Tkk9U3L,106978,2568,4,1.0,Qwen3-8B,5,social-group,muslim
R_RF9B2mu3Tkk9U3L,107002,2569,4,1.0,Qwen3-8B,2,social-group,christian
R_RF9B2mu3Tkk9U3L,107026,2570,4,1.0,Qwen3-8B,5,social-group,muslim
R_RF9B2mu3Tkk9U3L,107050,2571,-1,,Qwen3-8B,2,moral,care
R_RF9B2mu3Tkk9U3L,107074,2572,3,1.0,Qwen3-8B,5,social-group,christian
R_RF9B2mu3Tkk9U3L,107098,2573,3,1.0,Qwen3-8B,5,social-group,muslim
R_RF9B2mu3Tkk9U3L,107122,2574,4,1.0,Qwen3-8B,4,social-group,jewish
R_RF9B2mu3Tkk9U3L,107146,2575,4,1.0,Qwen3-8B,4,social-group,LGB
R_RF9B2mu3Tkk9U3L,107170,2576,1,0.0,Qwen3-8B,2,social-group,christian
R_RF9B2mu3Tkk9U3L,107194,2577,1,0.0,Qwen3-8B,3,social-group,christian
R_RF9B2mu3Tkk9U3L,107218,2578,4,1.0,Qwen3-8B,3,social-group,christian
R_RF9B2mu3Tkk9U3L,107242,2579,0,0.0,Qwen3-8B,2,social-group,christian
R_RF9B2mu3Tkk9U3L,107266,2580,3,1.0,Qwen3-8B,4,social-group,transgender
R_RF9B2mu3Tkk9U3L,107290,2581,4,1.0,Qwen3-8B,5,social-group,muslim
R_RF9B2mu3Tkk9U3L,107314,2582,1,0.0,Qwen3-8B,2,social-group,transgender
R_RF9B2mu3Tkk9U3L,107338,2583,1,0.0,Qwen3-8B,4,moral,fairness
R_0vnvTwAnDu0vLy1,1166,21,0,0.0,Qwen3-8B,3,random,random
R_0vnvTwAnDu0vLy1,12214,196,0,0.0,Qwen3-8B,1,random,random
R_0vnvTwAnDu0vLy1,18625,293,0,0.0,Qwen3-8B,2,random,random
R_0vnvTwAnDu0vLy1,20644,324,0,0.0,Qwen3-8B,1,random,random
R_0vnvTwAnDu0vLy1,24157,380,0,0.0,Qwen3-8B,3,random,random
R_0vnvTwAnDu0vLy1,33138,527,0,0.0,Qwen3-8B,1,random,random
R_0vnvTwAnDu0vLy1,42274,680,0,0.0,Qwen3-8B,2,random,random
R_0vnvTwAnDu0vLy1,44922,721,0,0.0,Qwen3-8B,3,random,random
R_0vnvTwAnDu0vLy1,51359,814,0,0.0,Qwen3-8B,3,random,random
R_0vnvTwAnDu0vLy1,51935,823,0,0.0,Qwen3-8B,5,random,random
R_0vnvTwAnDu0vLy1,61440,971,0,0.0,Qwen3-8B,2,random,random
R_0vnvTwAnDu0vLy1,70419,1120,0,0.0,Qwen3-8B,2,random,random
R_0vnvTwAnDu0vLy1,71355,1138,0,0.0,Qwen3-8B,5,random,random
R_0vnvTwAnDu0vLy1,106836,2562,0,0.0,Qwen3-8B,5,social-group,LGB
R_0vnvTwAnDu0vLy1,106860,2563,0,0.0,Qwen3-8B,1,moral,fairness
R_0vnvTwAnDu0vLy1,106884,2564,0,0.0,Qwen3-8B,2,random,random
R_0vnvTwAnDu0vLy1,106908,2565,0,0.0,Qwen3-8B,3,social-group,christian
R_0vnvTwAnDu0vLy1,106932,2566,0,0.0,Qwen3-8B,5,social-group,muslim
R_0vnvTwAnDu0vLy1,106956,2567,0,0.0,Qwen3-8B,1,random,random
R_0vnvTwAnDu0vLy1,106980,2568,0,0.0,Qwen3-8B,5,social-group,muslim
R_0vnvTwAnDu0vLy1,107004,2569,0,0.0,Qwen3-8B,2,social-group,christian
R_0vnvTwAnDu0vLy1,107028,2570,0,0.0,Qwen3-8B,5,social-group,muslim
R_0vnvTwAnDu0vLy1,107052,2571,0,0.0,Qwen3-8B,2,moral,care
R_0vnvTwAnDu0vLy1,107076,2572,0,0.0,Qwen3-8B,5,social-group,christian
R_0vnvTwAnDu0vLy1,107100,2573,0,0.0,Qwen3-8B,5,social-group,muslim
R_0vnvTwAnDu0vLy1,107124,2574,0,0.0,Qwen3-8B,4,social-group,jewish
R_0vnvTwAnDu0vLy1,107148,2575,0,0.0,Qwen3-8B,4,social-group,LGB
R_0vnvTwAnDu0vLy1,107172,2576,0,0.0,Qwen3-8B,2,social-group,christian
R_0vnvTwAnDu0vLy1,107196,2577,0,0.0,Qwen3-8B,3,social-group,christian
R_0vnvTwAnDu0vLy1,107220,2578,0,0.0,Qwen3-8B,3,social-group,christian
R_0vnvTwAnDu0vLy1,107244,2579,0,0.0,Qwen3-8B,2,social-group,christian
R_0vnvTwAnDu0vLy1,107268,2580,0,0.0,Qwen3-8B,4,social-group,transgender
R_0vnvTwAnDu0vLy1,107292,2581,0,0.0,Qwen3-8B,5,social-group,muslim
R_0vnvTwAnDu0vLy1,107316,2582,0,0.0,Qwen3-8B,2,social-group,transgender
R_0vnvTwAnDu0vLy1,107340,2583,0,0.0,Qwen3-8B,4,moral,fairness
R_3DbB7yS6trTwGcp,1214,22,0,0.0,Qwen3-8B,1,random,random
R_3DbB7yS6trTwGcp,9956,160,2,1.0,Qwen3-8B,3,random,random
R_3DbB7yS6trTwGcp,14316,227,0,0.0,Qwen3-8B,1,random,random
R_3DbB7yS6trTwGcp,41570,669,0,0.0,Qwen3-8B,3,random,random
R_3DbB7yS6trTwGcp,55854,882,0,0.0,Qwen3-8B,3,random,random
R_3DbB7yS6trTwGcp,59575,937,0,0.0,Qwen3-8B,3,random,random
R_3DbB7yS6trTwGcp,60361,951,2,1.0,Qwen3-8B,4,random,random
R_3DbB7yS6trTwGcp,68650,1088,1,0.0,Qwen3-8B,2,random,random
R_3DbB7yS6trTwGcp,99506,2251,0,0.0,Qwen3-8B,2,random,random
R_3DbB7yS6trTwGcp,99530,2252,0,0.0,Qwen3-8B,3,social-group,LGB
R_3DbB7yS6trTwGcp,99554,2253,3,1.0,Qwen3-8B,2,moral,authority
R_3DbB7yS6trTwGcp,99578,2254,2,1.0,Qwen3-8B,3,social-group,christian
R_3DbB7yS6trTwGcp,99602,2255,4,1.0,Qwen3-8B,3,social-group,christian
R_3DbB7yS6trTwGcp,99626,2256,3,1.0,Qwen3-8B,3,social-group,christian
R_3DbB7yS6trTwGcp,99650,2257,0,0.0,Qwen3-8B,2,random,random
R_3DbB7yS6trTwGcp,99674,2258,0,0.0,Qwen3-8B,2,social-group,transgender
R_3DbB7yS6trTwGcp,99698,2259,4,1.0,Qwen3-8B,3,social-group,transgender
R_3DbB7yS6trTwGcp,99722,2260,4,1.0,Qwen3-8B,3,social-group,jewish
R_3DbB7yS6trTwGcp,99746,2261,4,1.0,Qwen3-8B,4,social-group,jewish
R_3DbB7yS6trTwGcp,99770,2262,2,1.0,Qwen3-8B,3,social-group,transgender
R_3DbB7yS6trTwGcp,99794,2263,4,1.0,Qwen3-8B,5,social-group,jewish
R_3DbB7yS6trTwGcp,99818,2264,3,1.0,Qwen3-8B,2,social-group,christian
R_3DbB7yS6trTwGcp,99842,2265,4,1.0,Qwen3-8B,4,social-group,christian
R_3DbB7yS6trTwGcp,99866,2266,4,1.0,Qwen3-8B,2,social-group,christian
R_3DbB7yS6trTwGcp,99890,2267,1,0.0,Qwen3-8B,2,random,random
R_3DbB7yS6trTwGcp,99914,2268,2,1.0,Qwen3-8B,4,moral,care
R_3DbB7yS6trTwGcp,99938,2269,4,1.0,Qwen3-8B,4,social-group,LGB
R_3DbB7yS6trTwGcp,99962,2270,4,1.0,Qwen3-8B,3,social-group,jewish
R_3DbB7yS6trTwGcp,99986,2271,3,1.0,Qwen3-8B,3,social-group,jewish
R_3DbB7yS6trTwGcp,100010,2272,0,0.0,Qwen3-8B,1,social-group,LGB
R_3DbB7yS6trTwGcp,100034,2273,0,0.0,Qwen3-8B,4,random,random
R_3DbB7yS6trTwGcp,100058,2274,2,1.0,Qwen3-8B,2,moral,loyalty
R_3DbB7yS6trTwGcp,100082,2275,3,1.0,Qwen3-8B,4,social-group,transgender
R_3DbB7yS6trTwGcp,100106,2276,4,1.0,Qwen3-8B,2,random,random
R_3DbB7yS6trTwGcp,100130,2277,0,0.0,Qwen3-8B,2,moral,care
R_2CTJAAGmRk0hwka,1313,24,4,1.0,Qwen3-8B,4,random,random
R_2CTJAAGmRk0hwka,5349,90,0,0.0,Qwen3-8B,2,random,random
R_2CTJAAGmRk0hwka,41008,660,0,0.0,Qwen3-8B,2,random,random
R_2CTJAAGmRk0hwka,43916,707,0,0.0,Qwen3-8B,2,random,random
R_2CTJAAGmRk0hwka,52939,834,2,1.0,Qwen3-8B,3,random,random
R_2CTJAAGmRk0hwka,62004,982,0,0.0,Qwen3-8B,3,random,random
R_2CTJAAGmRk0hwka,62057,983,0,0.0,Qwen3-8B,1,random,random
R_2CTJAAGmRk0hwka,63238,1001,0,0.0,Qwen3-8B,1,random,random
R_2CTJAAGmRk0hwka,66092,1046,0,0.0,Qwen3-8B,3,random,random
R_2CTJAAGmRk0hwka,69288,1100,0,0.0,Qwen3-8B,3,random,random
R_2CTJAAGmRk0hwka,70969,1131,4,1.0,Qwen3-8B,3,random,random
R_2CTJAAGmRk0hwka,73098,1187,0,0.0,Qwen3-8B,2,moral,purity
R_2CTJAAGmRk0hwka,73143,1188,4,1.0,Qwen3-8B,5,social-group,jewish
R_2CTJAAGmRk0hwka,73165,1189,2,1.0,Qwen3-8B,5,social-group,christian
R_2CTJAAGmRk0hwka,73187,1190,3,1.0,Qwen3-8B,4,social-group,jewish
R_2CTJAAGmRk0hwka,73209,1191,0,0.0,Qwen3-8B,1,moral,care
R_2CTJAAGmRk0hwka,73231,1192,3,1.0,Qwen3-8B,2,social-group,christian
R_2CTJAAGmRk0hwka,73253,1193,0,0.0,Qwen3-8B,1,moral,authority
R_2CTJAAGmRk0hwka,73275,1194,4,1.0,Qwen3-8B,3,social-group,LGB
R_2CTJAAGmRk0hwka,73297,1195,0,0.0,Qwen3-8B,2,moral,care
R_2CTJAAGmRk0hwka,73319,1196,4,1.0,Qwen3-8B,5,social-group,muslim
R_2CTJAAGmRk0hwka,73341,1197,0,0.0,Qwen3-8B,2,social-group,jewish
R_2CTJAAGmRk0hwka,73363,1198,4,1.0,Qwen3-8B,4,social-group,muslim
R_2CTJAAGmRk0hwka,73385,1199,3,1.0,Qwen3-8B,2,social-group,christian
R_2CTJAAGmRk0hwka,73407,1200,0,0.0,Qwen3-8B,2,random,random
R_2CTJAAGmRk0hwka,73429,1201,4,1.0,Qwen3-8B,4,social-group,transgender
R_2CTJAAGmRk0hwka,73451,1202,3,1.0,Qwen3-8B,1,moral,care
R_2CTJAAGmRk0hwka,73473,1203,0,0.0,Qwen3-8B,3,social-group,transgender
R_2CTJAAGmRk0hwka,73495,1204,4,1.0,Qwen3-8B,4,social-group,christian
R_2CTJAAGmRk0hwka,73517,1205,4,1.0,Qwen3-8B,5,social-group,jewish
R_2CTJAAGmRk0hwka,73539,1206,4,1.0,Qwen3-8B,5,social-group,jewish
R_2CTJAAGmRk0hwka,73561,1207,4,1.0,Qwen3-8B,4,social-group,jewish
R_2CTJAAGmRk0hwka,73583,1208,3,1.0,Qwen3-8B,5,social-group,christian
R_2CTJAAGmRk0hwka,73605,1209,2,1.0,Qwen3-8B,4,social-group,jewish
R_2CTJAAGmRk0hwka,73627,1210,4,1.0,Qwen3-8B,5,social-group,LGB
R_1NeN3wA7ZnHGPOb,1440,27,0,0.0,Qwen3-8B,2,random,random
R_1NeN3wA7ZnHGPOb,8278,134,-1,,Qwen3-8B,1,random,random
R_1NeN3wA7ZnHGPOb,15545,244,0,0.0,Qwen3-8B,2,random,random
R_1NeN3wA7ZnHGPOb,24476,386,4,1.0,Qwen3-8B,4,random,random
R_1NeN3wA7ZnHGPOb,27016,428,0,0.0,Qwen3-8B,3,random,random
R_1NeN3wA7ZnHGPOb,27484,437,0,0.0,Qwen3-8B,3,random,random
R_1NeN3wA7ZnHGPOb,28518,457,0,0.0,Qwen3-8B,3,random,random
R_1NeN3wA7ZnHGPOb,29696,476,0,0.0,Qwen3-8B,2,random,random
R_1NeN3wA7ZnHGPOb,36843,590,0,0.0,Qwen3-8B,4,random,random
R_1NeN3wA7ZnHGPOb,54174,854,3,1.0,Qwen3-8B,3,random,random
R_1NeN3wA7ZnHGPOb,69574,1105,3,1.0,Qwen3-8B,3,random,random
R_1NeN3wA7ZnHGPOb,70620,1124,0,0.0,Qwen3-8B,1,random,random
R_1NeN3wA7ZnHGPOb,126964,3423,0,0.0,Qwen3-8B,2,moral,loyalty
R_1NeN3wA7ZnHGPOb,126989,3424,0,0.0,Qwen3-8B,1,moral,fairness
R_1NeN3wA7ZnHGPOb,127014,3425,4,1.0,Qwen3-8B,2,social-group,muslim
R_1NeN3wA7ZnHGPOb,127039,3426,0,0.0,Qwen3-8B,1,social-group,transgender
R_1NeN3wA7ZnHGPOb,127064,3427,4,1.0,Qwen3-8B,3,social-group,muslim
R_1NeN3wA7ZnHGPOb,127089,3428,0,0.0,Qwen3-8B,3,moral,care
R_1NeN3wA7ZnHGPOb,127114,3429,0,0.0,Qwen3-8B,3,social-group,LGB
R_1NeN3wA7ZnHGPOb,127139,3430,0,0.0,Qwen3-8B,1,moral,authority
R_1NeN3wA7ZnHGPOb,127164,3431,3,1.0,Qwen3-8B,3,social-group,muslim
R_1NeN3wA7ZnHGPOb,127189,3432,0,0.0,Qwen3-8B,1,social-group,transgender
R_1NeN3wA7ZnHGPOb,127214,3433,4,1.0,Qwen3-8B,4,random,random
R_1NeN3wA7ZnHGPOb,127239,3434,4,1.0,Qwen3-8B,2,moral,fairness
R_1NeN3wA7ZnHGPOb,127264,3435,3,1.0,Qwen3-8B,1,moral,care
R_1NeN3wA7ZnHGPOb,127289,3436,0,0.0,Qwen3-8B,1,random,random
R_1NeN3wA7ZnHGPOb,127314,3437,0,0.0,Qwen3-8B,3,random,random
R_1NeN3wA7ZnHGPOb,127339,3438,0,0.0,Qwen3-8B,3,social-group,muslim
R_1NeN3wA7ZnHGPOb,127376,3439,0,0.0,Qwen3-8B,1,moral,authority
R_1NeN3wA7ZnHGPOb,127376,3439,0,0.0,Qwen3-8B,1,random,random
R_1NeN3wA7ZnHGPOb,127376,3439,0,0.0,Qwen3-8B,1,moral,authority
R_1NeN3wA7ZnHGPOb,127376,3439,0,0.0,Qwen3-8B,1,random,random
R_1NeN3wA7ZnHGPOb,127462,3440,0,0.0,Qwen3-8B,3,social-group,jewish
R_1NeN3wA7ZnHGPOb,127487,3441,3,1.0,Qwen3-8B,3,social-group,transgender
R_1NeN3wA7ZnHGPOb,127512,3442,3,1.0,Qwen3-8B,2,random,random
R_1NeN3wA7ZnHGPOb,127537,3443,4,1.0,Qwen3-8B,4,social-group,transgender
R_1NeN3wA7ZnHGPOb,127562,3444,0,0.0,Qwen3-8B,1,social-group,LGB
R_1NeN3wA7ZnHGPOb,127587,3445,0,0.0,Qwen3-8B,2,social-group,LGB
R_sNb8TuNMjkcbu5H,1454,27,0,0.0,Qwen3-8B,2,random,random
R_sNb8TuNMjkcbu5H,8294,134,0,0.0,Qwen3-8B,1,random,random
R_sNb8TuNMjkcbu5H,15561,244,3,1.0,Qwen3-8B,2,random,random
R_sNb8TuNMjkcbu5H,24489,386,0,0.0,Qwen3-8B,4,random,random
R_sNb8TuNMjkcbu5H,27029,428,0,0.0,Qwen3-8B,3,random,random
R_sNb8TuNMjkcbu5H,27497,437,1,0.0,Qwen3-8B,3,random,random
R_sNb8TuNMjkcbu5H,28531,457,0,0.0,Qwen3-8B,3,random,random
R_sNb8TuNMjkcbu5H,29715,476,4,1.0,Qwen3-8B,2,random,random
R_sNb8TuNMjkcbu5H,36858,590,0,0.0,Qwen3-8B,4,random,random
R_sNb8TuNMjkcbu5H,54196,854,4,1.0,Qwen3-8B,3,random,random
R_sNb8TuNMjkcbu5H,69584,1105,0,0.0,Qwen3-8B,3,random,random
R_sNb8TuNMjkcbu5H,70630,1124,0,0.0,Qwen3-8B,1,random,random
R_sNb8TuNMjkcbu5H,126969,3423,3,1.0,Qwen3-8B,2,moral,loyalty
R_sNb8TuNMjkcbu5H,126994,3424,4,1.0,Qwen3-8B,1,moral,fairness
R_sNb8TuNMjkcbu5H,127019,3425,4,1.0,Qwen3-8B,2,social-group,muslim
R_sNb8TuNMjkcbu5H,127044,3426,0,0.0,Qwen3-8B,1,social-group,transgender
R_sNb8TuNMjkcbu5H,127069,3427,4,1.0,Qwen3-8B,3,social-group,muslim
R_sNb8TuNMjkcbu5H,127094,3428,0,0.0,Qwen3-8B,3,moral,care
R_sNb8TuNMjkcbu5H,127119,3429,4,1.0,Qwen3-8B,3,social-group,LGB
R_sNb8TuNMjkcbu5H,127144,3430,0,0.0,Qwen3-8B,1,moral,authority
R_sNb8TuNMjkcbu5H,127169,3431,0,0.0,Qwen3-8B,3,social-group,muslim
R_sNb8TuNMjkcbu5H,127194,3432,0,0.0,Qwen3-8B,1,social-group,transgender
R_sNb8TuNMjkcbu5H,127219,3433,3,1.0,Qwen3-8B,4,random,random
R_sNb8TuNMjkcbu5H,127244,3434,0,0.0,Qwen3-8B,2,moral,fairness
R_sNb8TuNMjkcbu5H,127269,3435,0,0.0,Qwen3-8B,1,moral,care
R_sNb8TuNMjkcbu5H,127294,3436,0,0.0,Qwen3-8B,1,random,random
R_sNb8TuNMjkcbu5H,127319,3437,4,1.0,Qwen3-8B,3,random,random
R_sNb8TuNMjkcbu5H,127344,3438,4,1.0,Qwen3-8B,3,social-group,muslim
R_sNb8TuNMjkcbu5H,127398,3439,4,1.0,Qwen3-8B,1,moral,authority
R_sNb8TuNMjkcbu5H,127398,3439,4,1.0,Qwen3-8B,1,random,random
R_sNb8TuNMjkcbu5H,127398,3439,4,1.0,Qwen3-8B,1,moral,authority
R_sNb8TuNMjkcbu5H,127398,3439,4,1.0,Qwen3-8B,1,random,random
R_sNb8TuNMjkcbu5H,127467,3440,4,1.0,Qwen3-8B,3,social-group,jewish
R_sNb8TuNMjkcbu5H,127492,3441,1,0.0,Qwen3-8B,3,social-group,transgender
R_sNb8TuNMjkcbu5H,127517,3442,1,0.0,Qwen3-8B,2,random,random
R_sNb8TuNMjkcbu5H,127542,3443,4,1.0,Qwen3-8B,4,social-group,transgender
R_sNb8TuNMjkcbu5H,127567,3444,4,1.0,Qwen3-8B,1,social-group,LGB
R_sNb8TuNMjkcbu5H,127592,3445,1,0.0,Qwen3-8B,2,social-group,LGB
R_3iUB7bKF74RzTH6,1484,27,0,0.0,Qwen3-8B,2,random,random
R_3iUB7bKF74RzTH6,8326,134,0,0.0,Qwen3-8B,1,random,random
R_3iUB7bKF74RzTH6,15596,244,0,0.0,Qwen3-8B,2,random,random
R_3iUB7bKF74RzTH6,24517,386,0,0.0,Qwen3-8B,4,random,random
R_3iUB7bKF74RzTH6,27056,428,0,0.0,Qwen3-8B,3,random,random
R_3iUB7bKF74RzTH6,27524,437,0,0.0,Qwen3-8B,3,random,random
R_3iUB7bKF74RzTH6,28558,457,0,0.0,Qwen3-8B,3,random,random
R_3iUB7bKF74RzTH6,29747,476,0,0.0,Qwen3-8B,2,random,random
R_3iUB7bKF74RzTH6,36891,590,0,0.0,Qwen3-8B,4,random,random
R_3iUB7bKF74RzTH6,54221,854,0,0.0,Qwen3-8B,3,random,random
R_3iUB7bKF74RzTH6,69609,1105,0,0.0,Qwen3-8B,3,random,random
R_3iUB7bKF74RzTH6,70655,1124,0,0.0,Qwen3-8B,1,random,random
R_3iUB7bKF74RzTH6,126981,3423,0,0.0,Qwen3-8B,2,moral,loyalty
R_3iUB7bKF74RzTH6,127006,3424,0,0.0,Qwen3-8B,1,moral,fairness
R_3iUB7bKF74RzTH6,127031,3425,0,0.0,Qwen3-8B,2,social-group,muslim
R_3iUB7bKF74RzTH6,127056,3426,0,0.0,Qwen3-8B,1,social-group,transgender
R_3iUB7bKF74RzTH6,127081,3427,0,0.0,Qwen3-8B,3,social-group,muslim
R_3iUB7bKF74RzTH6,127106,3428,0,0.0,Qwen3-8B,3,moral,care
R_3iUB7bKF74RzTH6,127131,3429,0,0.0,Qwen3-8B,3,social-group,LGB
R_3iUB7bKF74RzTH6,127156,3430,0,0.0,Qwen3-8B,1,moral,authority
R_3iUB7bKF74RzTH6,127181,3431,0,0.0,Qwen3-8B,3,social-group,muslim
R_3iUB7bKF74RzTH6,127206,3432,0,0.0,Qwen3-8B,1,social-group,transgender
R_3iUB7bKF74RzTH6,127231,3433,0,0.0,Qwen3-8B,4,random,random
R_3iUB7bKF74RzTH6,127256,3434,0,0.0,Qwen3-8B,2,moral,fairness
R_3iUB7bKF74RzTH6,127281,3435,0,0.0,Qwen3-8B,1,moral,care
R_3iUB7bKF74RzTH6,127306,3436,0,0.0,Qwen3-8B,1,random,random
R_3iUB7bKF74RzTH6,127331,3437,0,0.0,Qwen3-8B,3,random,random
R_3iUB7bKF74RzTH6,127356,3438,0,0.0,Qwen3-8B,3,social-group,muslim
R_3iUB7bKF74RzTH6,127448,3439,0,0.0,Qwen3-8B,1,moral,authority
R_3iUB7bKF74RzTH6,127448,3439,0,0.0,Qwen3-8B,1,random,random
R_3iUB7bKF74RzTH6,127448,3439,0,0.0,Qwen3-8B,1,moral,authority
R_3iUB7bKF74RzTH6,127448,3439,0,0.0,Qwen3-8B,1,random,random
R_3iUB7bKF74RzTH6,127479,3440,0,0.0,Qwen3-8B,3,social-group,jewish
R_3iUB7bKF74RzTH6,127504,3441,0,0.0,Qwen3-8B,3,social-group,transgender
R_3iUB7bKF74RzTH6,127529,3442,0,0.0,Qwen3-8B,2,random,random
R_3iUB7bKF74RzTH6,127554,3443,0,0.0,Qwen3-8B,4,social-group,transgender
R_3iUB7bKF74RzTH6,127579,3444,0,0.0,Qwen3-8B,1,social-group,LGB
R_3iUB7bKF74RzTH6,127604,3445,0,0.0,Qwen3-8B,2,social-group,LGB
R_1q3OTJoOdEwlsfq,1527,28,0,0.0,Qwen3-8B,2,random,random
R_1q3OTJoOdEwlsfq,4567,77,0,0.0,Qwen3-8B,3,random,random
R_1q3OTJoOdEwlsfq,14945,235,0,0.0,Qwen3-8B,3,random,random
R_1q3OTJoOdEwlsfq,14945,235,0,0.0,Qwen3-8B,3,moral,loyalty
R_1q3OTJoOdEwlsfq,14945,235,0,0.0,Qwen3-8B,3,random,random
R_1q3OTJoOdEwlsfq,14945,235,0,0.0,Qwen3-8B,3,moral,loyalty
R_1q3OTJoOdEwlsfq,25607,404,0,0.0,Qwen3-8B,1,random,random
R_1q3OTJoOdEwlsfq,32646,519,0,0.0,Qwen3-8B,3,random,random
R_1q3OTJoOdEwlsfq,38471,617,0,0.0,Qwen3-8B,2,random,random
R_1q3OTJoOdEwlsfq,41961,675,0,0.0,Qwen3-8B,4,random,random
R_1q3OTJoOdEwlsfq,54791,864,0,0.0,Qwen3-8B,3,random,random
R_1q3OTJoOdEwlsfq,130635,3576,0,0.0,Qwen3-8B,4,social-group,LGB
R_1q3OTJoOdEwlsfq,130659,3577,0,0.0,Qwen3-8B,3,random,random
R_1q3OTJoOdEwlsfq,130683,3578,0,0.0,Qwen3-8B,4,social-group,jewish
R_1q3OTJoOdEwlsfq,130707,3579,0,0.0,Qwen3-8B,1,social-group,christian
R_1q3OTJoOdEwlsfq,130731,3580,0,0.0,Qwen3-8B,4,social-group,muslim
R_1q3OTJoOdEwlsfq,130755,3581,0,0.0,Qwen3-8B,1,moral,purity
R_1q3OTJoOdEwlsfq,130779,3582,0,0.0,Qwen3-8B,5,social-group,transgender
R_1q3OTJoOdEwlsfq,130803,3583,0,0.0,Qwen3-8B,3,social-group,transgender
R_1q3OTJoOdEwlsfq,130827,3584,0,0.0,Qwen3-8B,5,social-group,LGB
R_1q3OTJoOdEwlsfq,130851,3585,0,0.0,Qwen3-8B,3,social-group,jewish
R_1q3OTJoOdEwlsfq,130875,3586,0,0.0,Qwen3-8B,2,moral,authority
R_1q3OTJoOdEwlsfq,130899,3587,0,0.0,Qwen3-8B,5,social-group,muslim
R_1q3OTJoOdEwlsfq,130923,3588,0,0.0,Qwen3-8B,3,social-group,christian
R_1q3OTJoOdEwlsfq,130947,3589,0,0.0,Qwen3-8B,4,random,random
R_1q3OTJoOdEwlsfq,130971,3590,0,0.0,Qwen3-8B,2,social-group,LGB
R_1q3OTJoOdEwlsfq,130995,3591,0,0.0,Qwen3-8B,3,social-group,muslim
R_1q3OTJoOdEwlsfq,131019,3592,0,0.0,Qwen3-8B,2,social-group,LGB
R_1q3OTJoOdEwlsfq,131043,3593,0,0.0,Qwen3-8B,3,social-group,transgender
R_1q3OTJoOdEwlsfq,131067,3594,0,0.0,Qwen3-8B,5,social-group,jewish
R_1q3OTJoOdEwlsfq,131091,3595,0,0.0,Qwen3-8B,3,social-group,christian
R_1q3OTJoOdEwlsfq,131115,3596,0,0.0,Qwen3-8B,4,social-group,muslim
R_1q3OTJoOdEwlsfq,131139,3597,0,0.0,Qwen3-8B,5,social-group,jewish
R_1q3OTJoOdEwlsfq,131163,3598,0,0.0,Qwen3-8B,4,social-group,LGB
R_1q3OTJoOdEwlsfq,131187,3599,0,0.0,Qwen3-8B,5,social-group,christian
R_1q3OTJoOdEwlsfq,131211,3600,0,0.0,Qwen3-8B,5,social-group,muslim
R_1q3OTJoOdEwlsfq,131235,3601,0,0.0,Qwen3-8B,3,social-group,christian
R_1q3OTJoOdEwlsfq,131259,3602,0,0.0,Qwen3-8B,4,social-group,transgender
R_3O64GAZO1TkIlJF,1554,29,4,1.0,Qwen3-8B,1,random,random
R_3O64GAZO1TkIlJF,6538,109,0,0.0,Qwen3-8B,2,random,random
R_3O64GAZO1TkIlJF,20849,328,4,1.0,Qwen3-8B,3,random,random
R_3O64GAZO1TkIlJF,23787,374,4,1.0,Qwen3-8B,4,random,random
R_3O64GAZO1TkIlJF,31012,495,0,0.0,Qwen3-8B,2,random,random
R_3O64GAZO1TkIlJF,31861,507,0,0.0,Qwen3-8B,2,random,random
R_3O64GAZO1TkIlJF,53932,850,4,1.0,Qwen3-8B,2,random,random
R_3O64GAZO1TkIlJF,66223,1048,0,0.0,Qwen3-8B,2,random,random
R_3O64GAZO1TkIlJF,71427,1140,4,1.0,Qwen3-8B,5,random,random
R_3O64GAZO1TkIlJF,112524,2802,0,0.0,Qwen3-8B,1,moral,care
R_3O64GAZO1TkIlJF,149708,4404,4,1.0,Qwen3-8B,5,social-group,transgender
R_3O64GAZO1TkIlJF,149732,4405,4,1.0,Qwen3-8B,3,social-group,LGB
R_3O64GAZO1TkIlJF,149756,4406,4,1.0,Qwen3-8B,3,social-group,jewish
R_3O64GAZO1TkIlJF,149780,4407,4,1.0,Qwen3-8B,5,social-group,christian
R_3O64GAZO1TkIlJF,149804,4408,4,1.0,Qwen3-8B,5,social-group,christian
R_3O64GAZO1TkIlJF,149828,4409,3,1.0,Qwen3-8B,3,social-group,transgender
R_3O64GAZO1TkIlJF,149852,4410,0,0.0,Qwen3-8B,3,social-group,jewish
R_3O64GAZO1TkIlJF,149876,4411,4,1.0,Qwen3-8B,5,social-group,LGB
R_3O64GAZO1TkIlJF,149900,4412,4,1.0,Qwen3-8B,5,social-group,LGB
R_3O64GAZO1TkIlJF,149924,4413,4,1.0,Qwen3-8B,3,social-group,transgender
R_3O64GAZO1TkIlJF,149948,4414,4,1.0,Qwen3-8B,3,social-group,LGB
R_3O64GAZO1TkIlJF,149972,4415,4,1.0,Qwen3-8B,4,social-group,transgender
R_3O64GAZO1TkIlJF,149996,4416,0,0.0,Qwen3-8B,2,random,random
R_3O64GAZO1TkIlJF,150020,4417,4,1.0,Qwen3-8B,2,social-group,christian
R_3O64GAZO1TkIlJF,150044,4418,4,1.0,Qwen3-8B,3,social-group,transgender
R_3O64GAZO1TkIlJF,150068,4419,4,1.0,Qwen3-8B,5,social-group,jewish
R_3O64GAZO1TkIlJF,150092,4420,4,1.0,Qwen3-8B,2,social-group,christian
R_3O64GAZO1TkIlJF,150116,4421,4,1.0,Qwen3-8B,2,social-group,transgender
R_3O64GAZO1TkIlJF,150140,4422,0,0.0,Qwen3-8B,4,random,random
R_3O64GAZO1TkIlJF,150164,4423,4,1.0,Qwen3-8B,4,social-group,muslim
R_3O64GAZO1TkIlJF,150188,4424,4,1.0,Qwen3-8B,3,social-group,muslim
R_3O64GAZO1TkIlJF,150212,4425,4,1.0,Qwen3-8B,4,social-group,transgender
R_3O64GAZO1TkIlJF,150236,4426,4,1.0,Qwen3-8B,4,social-group,muslim
R_3O64GAZO1TkIlJF,150260,4427,4,1.0,Qwen3-8B,1,social-group,LGB
R_3O64GAZO1TkIlJF,150284,4428,4,1.0,Qwen3-8B,3,social-group,christian
R_2s0CNlzFyqzdSxM,1565,29,0,0.0,Qwen3-8B,1,random,random
R_2s0CNlzFyqzdSxM,6551,109,2,1.0,Qwen3-8B,2,random,random
R_2s0CNlzFyqzdSxM,20862,328,4,1.0,Qwen3-8B,3,random,random
R_2s0CNlzFyqzdSxM,23802,374,3,1.0,Qwen3-8B,4,random,random
R_2s0CNlzFyqzdSxM,31025,495,4,1.0,Qwen3-8B,2,random,random
R_2s0CNlzFyqzdSxM,31874,507,0,0.0,Qwen3-8B,2,random,random
R_2s0CNlzFyqzdSxM,53952,850,2,1.0,Qwen3-8B,2,random,random
R_2s0CNlzFyqzdSxM,66248,1048,0,0.0,Qwen3-8B,2,random,random
R_2s0CNlzFyqzdSxM,71438,1140,0,0.0,Qwen3-8B,5,random,random
R_2s0CNlzFyqzdSxM,112531,2802,0,0.0,Qwen3-8B,1,moral,care
R_2s0CNlzFyqzdSxM,149712,4404,4,1.0,Qwen3-8B,5,social-group,transgender
R_2s0CNlzFyqzdSxM,149736,4405,1,0.0,Qwen3-8B,3,social-group,LGB
R_2s0CNlzFyqzdSxM,149760,4406,4,1.0,Qwen3-8B,3,social-group,jewish
R_2s0CNlzFyqzdSxM,149784,4407,4,1.0,Qwen3-8B,5,social-group,christian
R_2s0CNlzFyqzdSxM,149808,4408,4,1.0,Qwen3-8B,5,social-group,christian
R_2s0CNlzFyqzdSxM,149832,4409,4,1.0,Qwen3-8B,3,social-group,transgender
R_2s0CNlzFyqzdSxM,149856,4410,4,1.0,Qwen3-8B,3,social-group,jewish
R_2s0CNlzFyqzdSxM,149880,4411,3,1.0,Qwen3-8B,5,social-group,LGB
R_2s0CNlzFyqzdSxM,149904,4412,4,1.0,Qwen3-8B,5,social-group,LGB
R_2s0CNlzFyqzdSxM,149928,4413,4,1.0,Qwen3-8B,3,social-group,transgender
R_2s0CNlzFyqzdSxM,149952,4414,0,0.0,Qwen3-8B,3,social-group,LGB
R_2s0CNlzFyqzdSxM,149976,4415,0,0.0,Qwen3-8B,4,social-group,transgender
R_2s0CNlzFyqzdSxM,150000,4416,0,0.0,Qwen3-8B,2,random,random
R_2s0CNlzFyqzdSxM,150024,4417,3,1.0,Qwen3-8B,2,social-group,christian
R_2s0CNlzFyqzdSxM,150048,4418,4,1.0,Qwen3-8B,3,social-group,transgender
R_2s0CNlzFyqzdSxM,150072,4419,0,0.0,Qwen3-8B,5,social-group,jewish
R_2s0CNlzFyqzdSxM,150096,4420,4,1.0,Qwen3-8B,2,social-group,christian
R_2s0CNlzFyqzdSxM,150120,4421,4,1.0,Qwen3-8B,2,social-group,transgender
R_2s0CNlzFyqzdSxM,150144,4422,4,1.0,Qwen3-8B,4,random,random
R_2s0CNlzFyqzdSxM,150168,4423,3,1.0,Qwen3-8B,4,social-group,muslim
R_2s0CNlzFyqzdSxM,150192,4424,4,1.0,Qwen3-8B,3,social-group,muslim
R_2s0CNlzFyqzdSxM,150216,4425,4,1.0,Qwen3-8B,4,social-group,transgender
R_2s0CNlzFyqzdSxM,150240,4426,0,0.0,Qwen3-8B,4,social-group,muslim
R_2s0CNlzFyqzdSxM,150264,4427,0,0.0,Qwen3-8B,1,social-group,LGB
R_2s0CNlzFyqzdSxM,150288,4428,2,1.0,Qwen3-8B,3,social-group,christian
R_2VkkAf5QKFVSBvI,1617,30,0,0.0,Qwen3-8B,1,random,random
R_2VkkAf5QKFVSBvI,4408,75,0,0.0,Qwen3-8B,3,random,random
R_2VkkAf5QKFVSBvI,15875,249,0,0.0,Qwen3-8B,3,random,random
R_2VkkAf5QKFVSBvI,18402,290,1,0.0,Qwen3-8B,4,random,random
R_2VkkAf5QKFVSBvI,27377,435,2,1.0,Qwen3-8B,1,random,random
R_2VkkAf5QKFVSBvI,49739,790,4,1.0,Qwen3-8B,4,random,random
R_2VkkAf5QKFVSBvI,69408,1102,0,0.0,Qwen3-8B,2,random,random
R_2VkkAf5QKFVSBvI,116031,2952,0,0.0,Qwen3-8B,3,random,random
R_2VkkAf5QKFVSBvI,116031,2952,0,0.0,Qwen3-8B,3,moral,care
R_2VkkAf5QKFVSBvI,116031,2952,0,0.0,Qwen3-8B,3,random,random
R_2VkkAf5QKFVSBvI,116031,2952,0,0.0,Qwen3-8B,3,moral,care
R_2VkkAf5QKFVSBvI,125306,3349,0,0.0,Qwen3-8B,2,moral,fairness
R_2VkkAf5QKFVSBvI,139643,3968,0,0.0,Qwen3-8B,2,social-group,transgender
R_2VkkAf5QKFVSBvI,139664,3969,4,1.0,Qwen3-8B,5,social-group,transgender
R_2VkkAf5QKFVSBvI,139685,3970,0,0.0,Qwen3-8B,2,social-group,transgender
R_2VkkAf5QKFVSBvI,139706,3971,2,1.0,Qwen3-8B,4,random,random
R_2VkkAf5QKFVSBvI,139727,3972,0,0.0,Qwen3-8B,3,moral,loyalty
R_2VkkAf5QKFVSBvI,139748,3973,0,0.0,Qwen3-8B,2,moral,fairness
R_2VkkAf5QKFVSBvI,139769,3974,3,1.0,Qwen3-8B,3,social-group,jewish
R_2VkkAf5QKFVSBvI,139790,3975,0,0.0,Qwen3-8B,1,moral,care
R_2VkkAf5QKFVSBvI,139811,3976,0,0.0,Qwen3-8B,3,social-group,muslim
R_2VkkAf5QKFVSBvI,139832,3977,1,0.0,Qwen3-8B,3,social-group,christian
R_2VkkAf5QKFVSBvI,139853,3978,1,0.0,Qwen3-8B,3,social-group,LGB
R_2VkkAf5QKFVSBvI,139874,3979,0,0.0,Qwen3-8B,3,social-group,christian
R_2VkkAf5QKFVSBvI,139895,3980,1,0.0,Qwen3-8B,3,social-group,jewish
R_2VkkAf5QKFVSBvI,139916,3981,1,0.0,Qwen3-8B,1,moral,purity
R_2VkkAf5QKFVSBvI,139937,3982,0,0.0,Qwen3-8B,4,social-group,jewish
R_2VkkAf5QKFVSBvI,139958,3983,0,0.0,Qwen3-8B,1,moral,loyalty
R_2VkkAf5QKFVSBvI,139979,3984,1,0.0,Qwen3-8B,2,random,random
R_2VkkAf5QKFVSBvI,140000,3985,1,0.0,Qwen3-8B,3,social-group,christian
R_2VkkAf5QKFVSBvI,140021,3986,3,1.0,Qwen3-8B,5,social-group,transgender
R_2VkkAf5QKFVSBvI,140042,3987,0,0.0,Qwen3-8B,5,social-group,christian
R_2VkkAf5QKFVSBvI,140063,3988,0,0.0,Qwen3-8B,2,social-group,christian
R_2VkkAf5QKFVSBvI,140084,3989,0,0.0,Qwen3-8B,3,social-group,christian
R_2VkkAf5QKFVSBvI,140105,3990,0,0.0,Qwen3-8B,4,social-group,christian
R_2VkkAf5QKFVSBvI,140126,3991,2,1.0,Qwen3-8B,5,social-group,muslim
R_2VkkAf5QKFVSBvI,140147,3992,4,1.0,Qwen3-8B,5,social-group,jewish
R_2VkkAf5QKFVSBvI,140176,3993,0,0.0,Qwen3-8B,1,moral,loyalty
R_2VkkAf5QKFVSBvI,140176,3993,0,0.0,Qwen3-8B,1,moral,purity
R_2VkkAf5QKFVSBvI,140176,3993,0,0.0,Qwen3-8B,1,moral,loyalty
R_2VkkAf5QKFVSBvI,140176,3993,0,0.0,Qwen3-8B,1,moral,purity
R_z6kJAFb9czAZNlL,1618,30,0,0.0,Qwen3-8B,1,random,random
R_z6kJAFb9czAZNlL,4409,75,1,0.0,Qwen3-8B,3,random,random
R_z6kJAFb9czAZNlL,15876,249,0,0.0,Qwen3-8B,3,random,random
R_z6kJAFb9czAZNlL,18403,290,0,0.0,Qwen3-8B,4,random,random
R_z6kJAFb9czAZNlL,27378,435,-1,,Qwen3-8B,1,random,random
R_z6kJAFb9czAZNlL,49740,790,2,1.0,Qwen3-8B,4,random,random
R_z6kJAFb9czAZNlL,69409,1102,-1,,Qwen3-8B,2,random,random
R_z6kJAFb9czAZNlL,116033,2952,3,1.0,Qwen3-8B,3,random,random
R_z6kJAFb9czAZNlL,116033,2952,3,1.0,Qwen3-8B,3,moral,care
R_z6kJAFb9czAZNlL,116033,2952,3,1.0,Qwen3-8B,3,random,random
R_z6kJAFb9czAZNlL,116033,2952,3,1.0,Qwen3-8B,3,moral,care
R_z6kJAFb9czAZNlL,125307,3349,1,0.0,Qwen3-8B,2,moral,fairness
R_z6kJAFb9czAZNlL,139644,3968,1,0.0,Qwen3-8B,2,social-group,transgender
R_z6kJAFb9czAZNlL,139665,3969,2,1.0,Qwen3-8B,5,social-group,transgender
R_z6kJAFb9czAZNlL,139686,3970,2,1.0,Qwen3-8B,2,social-group,transgender
R_z6kJAFb9czAZNlL,139707,3971,1,0.0,Qwen3-8B,4,random,random
R_z6kJAFb9czAZNlL,139728,3972,0,0.0,Qwen3-8B,3,moral,loyalty
R_z6kJAFb9czAZNlL,139749,3973,1,0.0,Qwen3-8B,2,moral,fairness
R_z6kJAFb9czAZNlL,139770,3974,1,0.0,Qwen3-8B,3,social-group,jewish
R_z6kJAFb9czAZNlL,139791,3975,0,0.0,Qwen3-8B,1,moral,care
R_z6kJAFb9czAZNlL,139812,3976,2,1.0,Qwen3-8B,3,social-group,muslim
R_z6kJAFb9czAZNlL,139833,3977,0,0.0,Qwen3-8B,3,social-group,christian
R_z6kJAFb9czAZNlL,139854,3978,1,0.0,Qwen3-8B,3,social-group,LGB
R_z6kJAFb9czAZNlL,139875,3979,1,0.0,Qwen3-8B,3,social-group,christian
R_z6kJAFb9czAZNlL,139896,3980,2,1.0,Qwen3-8B,3,social-group,jewish
R_z6kJAFb9czAZNlL,139917,3981,1,0.0,Qwen3-8B,1,moral,purity
R_z6kJAFb9czAZNlL,139938,3982,1,0.0,Qwen3-8B,4,social-group,jewish
R_z6kJAFb9czAZNlL,139959,3983,1,0.0,Qwen3-8B,1,moral,loyalty
R_z6kJAFb9czAZNlL,139980,3984,2,1.0,Qwen3-8B,2,random,random
R_z6kJAFb9czAZNlL,140001,3985,2,1.0,Qwen3-8B,3,social-group,christian
R_z6kJAFb9czAZNlL,140022,3986,1,0.0,Qwen3-8B,5,social-group,transgender
R_z6kJAFb9czAZNlL,140043,3987,-1,,Qwen3-8B,5,social-group,christian
R_z6kJAFb9czAZNlL,140064,3988,0,0.0,Qwen3-8B,2,social-group,christian
R_z6kJAFb9czAZNlL,140085,3989,2,1.0,Qwen3-8B,3,social-group,christian
R_z6kJAFb9czAZNlL,140106,3990,3,1.0,Qwen3-8B,4,social-group,christian
R_z6kJAFb9czAZNlL,140127,3991,3,1.0,Qwen3-8B,5,social-group,muslim
R_z6kJAFb9czAZNlL,140148,3992,2,1.0,Qwen3-8B,5,social-group,jewish
R_z6kJAFb9czAZNlL,140178,3993,0,0.0,Qwen3-8B,1,moral,loyalty
R_z6kJAFb9czAZNlL,140178,3993,0,0.0,Qwen3-8B,1,moral,purity
R_z6kJAFb9czAZNlL,140178,3993,0,0.0,Qwen3-8B,1,moral,loyalty
R_z6kJAFb9czAZNlL,140178,3993,0,0.0,Qwen3-8B,1,moral,purity
R_eE8hWezTRkshX0t,1626,30,1,0.0,Qwen3-8B,1,random,random
R_eE8hWezTRkshX0t,4417,75,0,0.0,Qwen3-8B,3,random,random
R_eE8hWezTRkshX0t,15883,249,0,0.0,Qwen3-8B,3,random,random
R_eE8hWezTRkshX0t,18411,290,4,1.0,Qwen3-8B,4,random,random
R_eE8hWezTRkshX0t,27385,435,0,0.0,Qwen3-8B,1,random,random
R_eE8hWezTRkshX0t,49748,790,3,1.0,Qwen3-8B,4,random,random
R_eE8hWezTRkshX0t,69416,1102,0,0.0,Qwen3-8B,2,random,random
R_eE8hWezTRkshX0t,116059,2952,4,1.0,Qwen3-8B,3,random,random
R_eE8hWezTRkshX0t,116059,2952,4,1.0,Qwen3-8B,3,moral,care
R_eE8hWezTRkshX0t,116059,2952,4,1.0,Qwen3-8B,3,random,random
R_eE8hWezTRkshX0t,116059,2952,4,1.0,Qwen3-8B,3,moral,care
R_eE8hWezTRkshX0t,125314,3349,3,1.0,Qwen3-8B,2,moral,fairness
R_eE8hWezTRkshX0t,139648,3968,-1,,Qwen3-8B,2,social-group,transgender
R_eE8hWezTRkshX0t,139669,3969,1,0.0,Qwen3-8B,5,social-group,transgender
R_eE8hWezTRkshX0t,139690,3970,0,0.0,Qwen3-8B,2,social-group,transgender
R_eE8hWezTRkshX0t,139711,3971,3,1.0,Qwen3-8B,4,random,random
R_eE8hWezTRkshX0t,139732,3972,1,0.0,Qwen3-8B,3,moral,loyalty
R_eE8hWezTRkshX0t,139753,3973,2,1.0,Qwen3-8B,2,moral,fairness
R_eE8hWezTRkshX0t,139774,3974,4,1.0,Qwen3-8B,3,social-group,jewish
R_eE8hWezTRkshX0t,139795,3975,1,0.0,Qwen3-8B,1,moral,care
R_eE8hWezTRkshX0t,139816,3976,0,0.0,Qwen3-8B,3,social-group,muslim
R_eE8hWezTRkshX0t,139837,3977,1,0.0,Qwen3-8B,3,social-group,christian
R_eE8hWezTRkshX0t,139858,3978,3,1.0,Qwen3-8B,3,social-group,LGB
R_eE8hWezTRkshX0t,139879,3979,3,1.0,Qwen3-8B,3,social-group,christian
R_eE8hWezTRkshX0t,139900,3980,3,1.0,Qwen3-8B,3,social-group,jewish
R_eE8hWezTRkshX0t,139921,3981,0,0.0,Qwen3-8B,1,moral,purity
R_eE8hWezTRkshX0t,139942,3982,4,1.0,Qwen3-8B,4,social-group,jewish
R_eE8hWezTRkshX0t,139963,3983,1,0.0,Qwen3-8B,1,moral,loyalty
R_eE8hWezTRkshX0t,139984,3984,4,1.0,Qwen3-8B,2,random,random
R_eE8hWezTRkshX0t,140005,3985,0,0.0,Qwen3-8B,3,social-group,christian
R_eE8hWezTRkshX0t,140026,3986,4,1.0,Qwen3-8B,5,social-group,transgender
R_eE8hWezTRkshX0t,140047,3987,1,0.0,Qwen3-8B,5,social-group,christian
R_eE8hWezTRkshX0t,140068,3988,1,0.0,Qwen3-8B,2,social-group,christian
R_eE8hWezTRkshX0t,140089,3989,3,1.0,Qwen3-8B,3,social-group,christian
R_eE8hWezTRkshX0t,140110,3990,1,0.0,Qwen3-8B,4,social-group,christian
R_eE8hWezTRkshX0t,140131,3991,4,1.0,Qwen3-8B,5,social-group,muslim
R_eE8hWezTRkshX0t,140152,3992,1,0.0,Qwen3-8B,5,social-group,jewish
R_eE8hWezTRkshX0t,140198,3993,3,1.0,Qwen3-8B,1,moral,loyalty
R_eE8hWezTRkshX0t,140198,3993,3,1.0,Qwen3-8B,1,moral,purity
R_eE8hWezTRkshX0t,140198,3993,3,1.0,Qwen3-8B,1,moral,loyalty
R_eE8hWezTRkshX0t,140198,3993,3,1.0,Qwen3-8B,1,moral,purity
R_3kKQ4EBar9Jl0hj,1639,30,0,0.0,Qwen3-8B,1,random,random
R_3kKQ4EBar9Jl0hj,4434,75,0,0.0,Qwen3-8B,3,random,random
R_3kKQ4EBar9Jl0hj,15904,249,4,1.0,Qwen3-8B,3,random,random
R_3kKQ4EBar9Jl0hj,18427,290,0,0.0,Qwen3-8B,4,random,random
R_3kKQ4EBar9Jl0hj,27398,435,0,0.0,Qwen3-8B,1,random,random
R_3kKQ4EBar9Jl0hj,49759,790,0,0.0,Qwen3-8B,4,random,random
R_3kKQ4EBar9Jl0hj,69423,1102,0,0.0,Qwen3-8B,2,random,random
R_3kKQ4EBar9Jl0hj,116081,2952,1,0.0,Qwen3-8B,3,random,random
R_3kKQ4EBar9Jl0hj,116081,2952,1,0.0,Qwen3-8B,3,moral,care
R_3kKQ4EBar9Jl0hj,116081,2952,1,0.0,Qwen3-8B,3,random,random
R_3kKQ4EBar9Jl0hj,116081,2952,1,0.0,Qwen3-8B,3,moral,care
R_3kKQ4EBar9Jl0hj,125323,3349,0,0.0,Qwen3-8B,2,moral,fairness
R_3kKQ4EBar9Jl0hj,139652,3968,3,1.0,Qwen3-8B,2,social-group,transgender
R_3kKQ4EBar9Jl0hj,139673,3969,3,1.0,Qwen3-8B,5,social-group,transgender
R_3kKQ4EBar9Jl0hj,139694,3970,4,1.0,Qwen3-8B,2,social-group,transgender
R_3kKQ4EBar9Jl0hj,139715,3971,0,0.0,Qwen3-8B,4,random,random
R_3kKQ4EBar9Jl0hj,139736,3972,-1,,Qwen3-8B,3,moral,loyalty
R_3kKQ4EBar9Jl0hj,139757,3973,0,0.0,Qwen3-8B,2,moral,fairness
R_3kKQ4EBar9Jl0hj,139778,3974,1,0.0,Qwen3-8B,3,social-group,jewish
R_3kKQ4EBar9Jl0hj,139799,3975,0,0.0,Qwen3-8B,1,moral,care
R_3kKQ4EBar9Jl0hj,139820,3976,0,0.0,Qwen3-8B,3,social-group,muslim
R_3kKQ4EBar9Jl0hj,139841,3977,1,0.0,Qwen3-8B,3,social-group,christian
R_3kKQ4EBar9Jl0hj,139862,3978,0,0.0,Qwen3-8B,3,social-group,LGB
R_3kKQ4EBar9Jl0hj,139883,3979,0,0.0,Qwen3-8B,3,social-group,christian
R_3kKQ4EBar9Jl0hj,139904,3980,1,0.0,Qwen3-8B,3,social-group,jewish
R_3kKQ4EBar9Jl0hj,139925,3981,0,0.0,Qwen3-8B,1,moral,purity
R_3kKQ4EBar9Jl0hj,139946,3982,0,0.0,Qwen3-8B,4,social-group,jewish
R_3kKQ4EBar9Jl0hj,139967,3983,0,0.0,Qwen3-8B,1,moral,loyalty
R_3kKQ4EBar9Jl0hj,139988,3984,0,0.0,Qwen3-8B,2,random,random
R_3kKQ4EBar9Jl0hj,140009,3985,1,0.0,Qwen3-8B,3,social-group,christian
R_3kKQ4EBar9Jl0hj,140030,3986,1,0.0,Qwen3-8B,5,social-group,transgender
R_3kKQ4EBar9Jl0hj,140051,3987,-1,,Qwen3-8B,5,social-group,christian
R_3kKQ4EBar9Jl0hj,140072,3988,1,0.0,Qwen3-8B,2,social-group,christian
R_3kKQ4EBar9Jl0hj,140093,3989,0,0.0,Qwen3-8B,3,social-group,christian
R_3kKQ4EBar9Jl0hj,140114,3990,0,0.0,Qwen3-8B,4,social-group,christian
R_3kKQ4EBar9Jl0hj,140135,3991,0,0.0,Qwen3-8B,5,social-group,muslim
R_3kKQ4EBar9Jl0hj,140156,3992,0,0.0,Qwen3-8B,5,social-group,jewish
R_3kKQ4EBar9Jl0hj,140214,3993,0,0.0,Qwen3-8B,1,moral,loyalty
R_3kKQ4EBar9Jl0hj,140214,3993,0,0.0,Qwen3-8B,1,moral,purity
R_3kKQ4EBar9Jl0hj,140214,3993,0,0.0,Qwen3-8B,1,moral,loyalty
R_3kKQ4EBar9Jl0hj,140214,3993,0,0.0,Qwen3-8B,1,moral,purity
R_1oih1KrTbFT8yoA,1643,30,0,0.0,Qwen3-8B,1,random,random
R_1oih1KrTbFT8yoA,4438,75,0,0.0,Qwen3-8B,3,random,random
R_1oih1KrTbFT8yoA,15908,249,0,0.0,Qwen3-8B,3,random,random
R_1oih1KrTbFT8yoA,18430,290,0,0.0,Qwen3-8B,4,random,random
R_1oih1KrTbFT8yoA,27403,435,0,0.0,Qwen3-8B,1,random,random
R_1oih1KrTbFT8yoA,49768,790,0,0.0,Qwen3-8B,4,random,random
R_1oih1KrTbFT8yoA,69429,1102,0,0.0,Qwen3-8B,2,random,random
R_1oih1KrTbFT8yoA,116097,2952,0,0.0,Qwen3-8B,3,random,random
R_1oih1KrTbFT8yoA,116097,2952,0,0.0,Qwen3-8B,3,moral,care
R_1oih1KrTbFT8yoA,116097,2952,0,0.0,Qwen3-8B,3,random,random
R_1oih1KrTbFT8yoA,116097,2952,0,0.0,Qwen3-8B,3,moral,care
R_1oih1KrTbFT8yoA,125325,3349,0,0.0,Qwen3-8B,2,moral,fairness
R_1oih1KrTbFT8yoA,139653,3968,0,0.0,Qwen3-8B,2,social-group,transgender
R_1oih1KrTbFT8yoA,139674,3969,0,0.0,Qwen3-8B,5,social-group,transgender
R_1oih1KrTbFT8yoA,139695,3970,0,0.0,Qwen3-8B,2,social-group,transgender
R_1oih1KrTbFT8yoA,139716,3971,0,0.0,Qwen3-8B,4,random,random
R_1oih1KrTbFT8yoA,139737,3972,0,0.0,Qwen3-8B,3,moral,loyalty
R_1oih1KrTbFT8yoA,139758,3973,0,0.0,Qwen3-8B,2,moral,fairness
R_1oih1KrTbFT8yoA,139779,3974,0,0.0,Qwen3-8B,3,social-group,jewish
R_1oih1KrTbFT8yoA,139800,3975,0,0.0,Qwen3-8B,1,moral,care
R_1oih1KrTbFT8yoA,139821,3976,0,0.0,Qwen3-8B,3,social-group,muslim
R_1oih1KrTbFT8yoA,139842,3977,0,0.0,Qwen3-8B,3,social-group,christian
R_1oih1KrTbFT8yoA,139863,3978,0,0.0,Qwen3-8B,3,social-group,LGB
R_1oih1KrTbFT8yoA,139884,3979,0,0.0,Qwen3-8B,3,social-group,christian
R_1oih1KrTbFT8yoA,139905,3980,0,0.0,Qwen3-8B,3,social-group,jewish
R_1oih1KrTbFT8yoA,139926,3981,0,0.0,Qwen3-8B,1,moral,purity
R_1oih1KrTbFT8yoA,139947,3982,0,0.0,Qwen3-8B,4,social-group,jewish
R_1oih1KrTbFT8yoA,139968,3983,0,0.0,Qwen3-8B,1,moral,loyalty
R_1oih1KrTbFT8yoA,139989,3984,0,0.0,Qwen3-8B,2,random,random
R_1oih1KrTbFT8yoA,140010,3985,0,0.0,Qwen3-8B,3,social-group,christian
R_1oih1KrTbFT8yoA,140031,3986,0,0.0,Qwen3-8B,5,social-group,transgender
R_1oih1KrTbFT8yoA,140052,3987,0,0.0,Qwen3-8B,5,social-group,christian
R_1oih1KrTbFT8yoA,140073,3988,0,0.0,Qwen3-8B,2,social-group,christian
R_1oih1KrTbFT8yoA,140094,3989,0,0.0,Qwen3-8B,3,social-group,christian
R_1oih1KrTbFT8yoA,140115,3990,0,0.0,Qwen3-8B,4,social-group,christian
R_1oih1KrTbFT8yoA,140136,3991,0,0.0,Qwen3-8B,5,social-group,muslim
R_1oih1KrTbFT8yoA,140157,3992,0,0.0,Qwen3-8B,5,social-group,jewish
R_1oih1KrTbFT8yoA,140224,3993,0,0.0,Qwen3-8B,1,moral,loyalty
R_1oih1KrTbFT8yoA,140224,3993,0,0.0,Qwen3-8B,1,moral,purity
R_1oih1KrTbFT8yoA,140224,3993,0,0.0,Qwen3-8B,1,moral,loyalty
R_1oih1KrTbFT8yoA,140224,3993,0,0.0,Qwen3-8B,1,moral,purity
R_81vEgMhr0eE6yg9,1676,32,4,1.0,Qwen3-8B,4,random,random
R_81vEgMhr0eE6yg9,6873,114,0,0.0,Qwen3-8B,3,random,random
R_81vEgMhr0eE6yg9,8013,130,0,0.0,Qwen3-8B,2,random,random
R_81vEgMhr0eE6yg9,11102,180,-1,,Qwen3-8B,1,random,random
R_81vEgMhr0eE6yg9,17397,274,1,0.0,Qwen3-8B,4,random,random
R_81vEgMhr0eE6yg9,19324,304,0,0.0,Qwen3-8B,3,random,random
R_81vEgMhr0eE6yg9,29889,479,0,0.0,Qwen3-8B,3,random,random
R_81vEgMhr0eE6yg9,44530,715,1,0.0,Qwen3-8B,3,random,random
R_81vEgMhr0eE6yg9,61577,974,4,1.0,Qwen3-8B,3,random,random
R_81vEgMhr0eE6yg9,106201,2536,3,1.0,Qwen3-8B,3,social-group,transgender
R_81vEgMhr0eE6yg9,106225,2537,1,0.0,Qwen3-8B,4,social-group,christian
R_81vEgMhr0eE6yg9,106249,2538,0,0.0,Qwen3-8B,3,social-group,jewish
R_81vEgMhr0eE6yg9,106273,2539,0,0.0,Qwen3-8B,5,social-group,jewish
R_81vEgMhr0eE6yg9,106297,2540,1,0.0,Qwen3-8B,3,social-group,LGB
R_81vEgMhr0eE6yg9,106321,2541,2,1.0,Qwen3-8B,3,social-group,christian
R_81vEgMhr0eE6yg9,106345,2542,0,0.0,Qwen3-8B,4,social-group,jewish
R_81vEgMhr0eE6yg9,106369,2543,4,1.0,Qwen3-8B,3,social-group,transgender
R_81vEgMhr0eE6yg9,106393,2544,1,0.0,Qwen3-8B,4,social-group,transgender
R_81vEgMhr0eE6yg9,106417,2545,4,1.0,Qwen3-8B,4,social-group,LGB
R_81vEgMhr0eE6yg9,106441,2546,0,0.0,Qwen3-8B,2,social-group,christian
R_81vEgMhr0eE6yg9,106465,2547,2,1.0,Qwen3-8B,4,social-group,muslim
R_81vEgMhr0eE6yg9,106489,2548,0,0.0,Qwen3-8B,5,social-group,jewish
R_81vEgMhr0eE6yg9,106513,2549,1,0.0,Qwen3-8B,3,social-group,jewish
R_81vEgMhr0eE6yg9,106537,2550,3,1.0,Qwen3-8B,4,social-group,muslim
R_81vEgMhr0eE6yg9,106561,2551,2,1.0,Qwen3-8B,2,social-group,jewish
R_81vEgMhr0eE6yg9,106585,2552,-1,,Qwen3-8B,2,social-group,christian
R_81vEgMhr0eE6yg9,106609,2553,2,1.0,Qwen3-8B,5,social-group,jewish
R_81vEgMhr0eE6yg9,106633,2554,1,0.0,Qwen3-8B,3,social-group,muslim
R_81vEgMhr0eE6yg9,106657,2555,0,0.0,Qwen3-8B,5,social-group,muslim
R_81vEgMhr0eE6yg9,106681,2556,3,1.0,Qwen3-8B,5,social-group,transgender
R_81vEgMhr0eE6yg9,106705,2557,1,0.0,Qwen3-8B,5,social-group,LGB
R_81vEgMhr0eE6yg9,106729,2558,0,0.0,Qwen3-8B,3,moral,authority
R_81vEgMhr0eE6yg9,106753,2559,0,0.0,Qwen3-8B,5,social-group,christian
R_81vEgMhr0eE6yg9,106777,2560,-1,,Qwen3-8B,3,random,random
R_81vEgMhr0eE6yg9,106801,2561,1,0.0,Qwen3-8B,1,moral,loyalty
R_25tI2lqfGJDyh5u,1729,33,0,0.0,Qwen3-8B,3,random,random
R_25tI2lqfGJDyh5u,7939,129,0,0.0,Qwen3-8B,3,random,random
R_25tI2lqfGJDyh5u,34828,556,0,0.0,Qwen3-8B,1,random,random
R_25tI2lqfGJDyh5u,59498,936,0,0.0,Qwen3-8B,2,random,random
R_25tI2lqfGJDyh5u,68330,1083,0,0.0,Qwen3-8B,3,random,random
R_25tI2lqfGJDyh5u,75949,1293,4,1.0,Qwen3-8B,5,social-group,transgender
R_25tI2lqfGJDyh5u,75973,1294,4,1.0,Qwen3-8B,5,social-group,LGB
R_25tI2lqfGJDyh5u,75997,1295,4,1.0,Qwen3-8B,4,social-group,LGB
R_25tI2lqfGJDyh5u,76021,1296,1,0.0,Qwen3-8B,1,moral,purity
R_25tI2lqfGJDyh5u,76045,1297,4,1.0,Qwen3-8B,1,social-group,LGB
R_25tI2lqfGJDyh5u,76069,1298,0,0.0,Qwen3-8B,2,social-group,LGB
R_25tI2lqfGJDyh5u,76093,1299,0,0.0,Qwen3-8B,1,social-group,christian
R_25tI2lqfGJDyh5u,76117,1300,4,1.0,Qwen3-8B,3,social-group,LGB
R_25tI2lqfGJDyh5u,76141,1301,4,1.0,Qwen3-8B,5,social-group,transgender
R_25tI2lqfGJDyh5u,76165,1302,0,0.0,Qwen3-8B,2,social-group,christian
R_25tI2lqfGJDyh5u,76189,1303,4,1.0,Qwen3-8B,3,social-group,christian
R_25tI2lqfGJDyh5u,76213,1304,4,1.0,Qwen3-8B,5,social-group,LGB
R_25tI2lqfGJDyh5u,76237,1305,4,1.0,Qwen3-8B,4,social-group,LGB
R_25tI2lqfGJDyh5u,76261,1306,2,1.0,Qwen3-8B,1,social-group,christian
R_25tI2lqfGJDyh5u,76285,1307,4,1.0,Qwen3-8B,5,social-group,jewish
R_25tI2lqfGJDyh5u,76309,1308,4,1.0,Qwen3-8B,4,social-group,jewish
R_25tI2lqfGJDyh5u,76333,1309,0,0.0,Qwen3-8B,2,social-group,christian
R_25tI2lqfGJDyh5u,76357,1310,2,1.0,Qwen3-8B,3,social-group,christian
R_25tI2lqfGJDyh5u,76381,1311,4,1.0,Qwen3-8B,1,social-group,LGB
R_25tI2lqfGJDyh5u,76405,1312,0,0.0,Qwen3-8B,1,moral,authority
R_25tI2lqfGJDyh5u,76429,1313,4,1.0,Qwen3-8B,5,social-group,muslim
R_25tI2lqfGJDyh5u,76453,1314,4,1.0,Qwen3-8B,3,social-group,transgender
R_25tI2lqfGJDyh5u,76477,1315,0,0.0,Qwen3-8B,1,moral,purity
R_25tI2lqfGJDyh5u,76501,1316,4,1.0,Qwen3-8B,3,social-group,jewish
R_25tI2lqfGJDyh5u,76525,1317,4,1.0,Qwen3-8B,2,social-group,jewish
R_25tI2lqfGJDyh5u,76549,1318,3,1.0,Qwen3-8B,5,social-group,jewish
R_25tI2lqfGJDyh5u,76573,1319,4,1.0,Qwen3-8B,2,social-group,transgender
R_25tI2lqfGJDyh5u,76597,1320,4,1.0,Qwen3-8B,2,social-group,LGB
R_25tI2lqfGJDyh5u,76621,1321,4,1.0,Qwen3-8B,2,social-group,LGB
R_25tI2lqfGJDyh5u,76645,1322,0,0.0,Qwen3-8B,3,social-group,LGB
R_2YSAduQqTKCwXn7,1732,33,3,1.0,Qwen3-8B,3,random,random
R_2YSAduQqTKCwXn7,7942,129,0,0.0,Qwen3-8B,3,random,random
R_2YSAduQqTKCwXn7,34831,556,0,0.0,Qwen3-8B,1,random,random
R_2YSAduQqTKCwXn7,59501,936,0,0.0,Qwen3-8B,2,random,random
R_2YSAduQqTKCwXn7,68333,1083,0,0.0,Qwen3-8B,3,random,random
R_2YSAduQqTKCwXn7,75952,1293,4,1.0,Qwen3-8B,5,social-group,transgender
R_2YSAduQqTKCwXn7,75976,1294,4,1.0,Qwen3-8B,5,social-group,LGB
R_2YSAduQqTKCwXn7,76000,1295,2,1.0,Qwen3-8B,4,social-group,LGB
R_2YSAduQqTKCwXn7,76024,1296,1,0.0,Qwen3-8B,1,moral,purity
R_2YSAduQqTKCwXn7,76048,1297,0,0.0,Qwen3-8B,1,social-group,LGB
R_2YSAduQqTKCwXn7,76072,1298,3,1.0,Qwen3-8B,2,social-group,LGB
R_2YSAduQqTKCwXn7,76096,1299,0,0.0,Qwen3-8B,1,social-group,christian
R_2YSAduQqTKCwXn7,76120,1300,4,1.0,Qwen3-8B,3,social-group,LGB
R_2YSAduQqTKCwXn7,76144,1301,2,1.0,Qwen3-8B,5,social-group,transgender
R_2YSAduQqTKCwXn7,76168,1302,4,1.0,Qwen3-8B,2,social-group,christian
R_2YSAduQqTKCwXn7,76192,1303,4,1.0,Qwen3-8B,3,social-group,christian
R_2YSAduQqTKCwXn7,76216,1304,4,1.0,Qwen3-8B,5,social-group,LGB
R_2YSAduQqTKCwXn7,76240,1305,0,0.0,Qwen3-8B,4,social-group,LGB
R_2YSAduQqTKCwXn7,76264,1306,2,1.0,Qwen3-8B,1,social-group,christian
R_2YSAduQqTKCwXn7,76288,1307,4,1.0,Qwen3-8B,5,social-group,jewish
R_2YSAduQqTKCwXn7,76312,1308,4,1.0,Qwen3-8B,4,social-group,jewish
R_2YSAduQqTKCwXn7,76336,1309,0,0.0,Qwen3-8B,2,social-group,christian
R_2YSAduQqTKCwXn7,76360,1310,4,1.0,Qwen3-8B,3,social-group,christian
R_2YSAduQqTKCwXn7,76384,1311,4,1.0,Qwen3-8B,1,social-group,LGB
R_2YSAduQqTKCwXn7,76408,1312,0,0.0,Qwen3-8B,1,moral,authority
R_2YSAduQqTKCwXn7,76432,1313,4,1.0,Qwen3-8B,5,social-group,muslim
R_2YSAduQqTKCwXn7,76456,1314,0,0.0,Qwen3-8B,3,social-group,transgender
R_2YSAduQqTKCwXn7,76480,1315,2,1.0,Qwen3-8B,1,moral,purity
R_2YSAduQqTKCwXn7,76504,1316,2,1.0,Qwen3-8B,3,social-group,jewish
R_2YSAduQqTKCwXn7,76528,1317,4,1.0,Qwen3-8B,2,social-group,jewish
R_2YSAduQqTKCwXn7,76552,1318,4,1.0,Qwen3-8B,5,social-group,jewish
R_2YSAduQqTKCwXn7,76576,1319,0,0.0,Qwen3-8B,2,social-group,transgender
R_2YSAduQqTKCwXn7,76600,1320,4,1.0,Qwen3-8B,2,social-group,LGB
R_2YSAduQqTKCwXn7,76624,1321,2,1.0,Qwen3-8B,2,social-group,LGB
R_2YSAduQqTKCwXn7,76648,1322,4,1.0,Qwen3-8B,3,social-group,LGB
R_3n1oVznPDiCRjTn,1758,33,0,0.0,Qwen3-8B,3,random,random
R_3n1oVznPDiCRjTn,7971,129,0,0.0,Qwen3-8B,3,random,random
R_3n1oVznPDiCRjTn,34862,556,0,0.0,Qwen3-8B,1,random,random
R_3n1oVznPDiCRjTn,59527,936,0,0.0,Qwen3-8B,2,random,random
R_3n1oVznPDiCRjTn,68362,1083,0,0.0,Qwen3-8B,3,random,random
R_3n1oVznPDiCRjTn,75962,1293,0,0.0,Qwen3-8B,5,social-group,transgender
R_3n1oVznPDiCRjTn,75986,1294,0,0.0,Qwen3-8B,5,social-group,LGB
R_3n1oVznPDiCRjTn,76010,1295,0,0.0,Qwen3-8B,4,social-group,LGB
R_3n1oVznPDiCRjTn,76034,1296,0,0.0,Qwen3-8B,1,moral,purity
R_3n1oVznPDiCRjTn,76058,1297,0,0.0,Qwen3-8B,1,social-group,LGB
R_3n1oVznPDiCRjTn,76082,1298,0,0.0,Qwen3-8B,2,social-group,LGB
R_3n1oVznPDiCRjTn,76106,1299,0,0.0,Qwen3-8B,1,social-group,christian
R_3n1oVznPDiCRjTn,76130,1300,0,0.0,Qwen3-8B,3,social-group,LGB
R_3n1oVznPDiCRjTn,76154,1301,0,0.0,Qwen3-8B,5,social-group,transgender
R_3n1oVznPDiCRjTn,76178,1302,0,0.0,Qwen3-8B,2,social-group,christian
R_3n1oVznPDiCRjTn,76202,1303,0,0.0,Qwen3-8B,3,social-group,christian
R_3n1oVznPDiCRjTn,76226,1304,0,0.0,Qwen3-8B,5,social-group,LGB
R_3n1oVznPDiCRjTn,76250,1305,0,0.0,Qwen3-8B,4,social-group,LGB
R_3n1oVznPDiCRjTn,76274,1306,0,0.0,Qwen3-8B,1,social-group,christian
R_3n1oVznPDiCRjTn,76298,1307,0,0.0,Qwen3-8B,5,social-group,jewish
R_3n1oVznPDiCRjTn,76322,1308,0,0.0,Qwen3-8B,4,social-group,jewish
R_3n1oVznPDiCRjTn,76346,1309,0,0.0,Qwen3-8B,2,social-group,christian
R_3n1oVznPDiCRjTn,76370,1310,0,0.0,Qwen3-8B,3,social-group,christian
R_3n1oVznPDiCRjTn,76394,1311,0,0.0,Qwen3-8B,1,social-group,LGB
R_3n1oVznPDiCRjTn,76418,1312,0,0.0,Qwen3-8B,1,moral,authority
R_3n1oVznPDiCRjTn,76442,1313,0,0.0,Qwen3-8B,5,social-group,muslim
R_3n1oVznPDiCRjTn,76466,1314,0,0.0,Qwen3-8B,3,social-group,transgender
R_3n1oVznPDiCRjTn,76490,1315,0,0.0,Qwen3-8B,1,moral,purity
R_3n1oVznPDiCRjTn,76514,1316,0,0.0,Qwen3-8B,3,social-group,jewish
R_3n1oVznPDiCRjTn,76538,1317,0,0.0,Qwen3-8B,2,social-group,jewish
R_3n1oVznPDiCRjTn,76562,1318,0,0.0,Qwen3-8B,5,social-group,jewish
R_3n1oVznPDiCRjTn,76586,1319,0,0.0,Qwen3-8B,2,social-group,transgender
R_3n1oVznPDiCRjTn,76610,1320,0,0.0,Qwen3-8B,2,social-group,LGB
R_3n1oVznPDiCRjTn,76634,1321,0,0.0,Qwen3-8B,2,social-group,LGB
R_3n1oVznPDiCRjTn,76658,1322,0,0.0,Qwen3-8B,3,social-group,LGB
R_1nMAFU19zZRXU4y,1773,33,0,0.0,Qwen3-8B,3,random,random
R_1nMAFU19zZRXU4y,7986,129,1,0.0,Qwen3-8B,3,random,random
R_1nMAFU19zZRXU4y,34874,556,0,0.0,Qwen3-8B,1,random,random
R_1nMAFU19zZRXU4y,59540,936,0,0.0,Qwen3-8B,2,random,random
R_1nMAFU19zZRXU4y,68376,1083,0,0.0,Qwen3-8B,3,random,random
R_1nMAFU19zZRXU4y,75968,1293,1,0.0,Qwen3-8B,5,social-group,transgender
R_1nMAFU19zZRXU4y,75992,1294,0,0.0,Qwen3-8B,5,social-group,LGB
R_1nMAFU19zZRXU4y,76016,1295,0,0.0,Qwen3-8B,4,social-group,LGB
R_1nMAFU19zZRXU4y,76040,1296,0,0.0,Qwen3-8B,1,moral,purity
R_1nMAFU19zZRXU4y,76064,1297,0,0.0,Qwen3-8B,1,social-group,LGB
R_1nMAFU19zZRXU4y,76088,1298,0,0.0,Qwen3-8B,2,social-group,LGB
R_1nMAFU19zZRXU4y,76112,1299,0,0.0,Qwen3-8B,1,social-group,christian
R_1nMAFU19zZRXU4y,76136,1300,2,1.0,Qwen3-8B,3,social-group,LGB
R_1nMAFU19zZRXU4y,76160,1301,0,0.0,Qwen3-8B,5,social-group,transgender
R_1nMAFU19zZRXU4y,76184,1302,0,0.0,Qwen3-8B,2,social-group,christian
R_1nMAFU19zZRXU4y,76208,1303,0,0.0,Qwen3-8B,3,social-group,christian
R_1nMAFU19zZRXU4y,76232,1304,0,0.0,Qwen3-8B,5,social-group,LGB
R_1nMAFU19zZRXU4y,76256,1305,0,0.0,Qwen3-8B,4,social-group,LGB
R_1nMAFU19zZRXU4y,76280,1306,0,0.0,Qwen3-8B,1,social-group,christian
R_1nMAFU19zZRXU4y,76304,1307,0,0.0,Qwen3-8B,5,social-group,jewish
R_1nMAFU19zZRXU4y,76328,1308,0,0.0,Qwen3-8B,4,social-group,jewish
R_1nMAFU19zZRXU4y,76352,1309,0,0.0,Qwen3-8B,2,social-group,christian
R_1nMAFU19zZRXU4y,76376,1310,0,0.0,Qwen3-8B,3,social-group,christian
R_1nMAFU19zZRXU4y,76400,1311,0,0.0,Qwen3-8B,1,social-group,LGB
R_1nMAFU19zZRXU4y,76424,1312,0,0.0,Qwen3-8B,1,moral,authority
R_1nMAFU19zZRXU4y,76448,1313,0,0.0,Qwen3-8B,5,social-group,muslim
R_1nMAFU19zZRXU4y,76472,1314,0,0.0,Qwen3-8B,3,social-group,transgender
R_1nMAFU19zZRXU4y,76496,1315,0,0.0,Qwen3-8B,1,moral,purity
R_1nMAFU19zZRXU4y,76520,1316,0,0.0,Qwen3-8B,3,social-group,jewish
R_1nMAFU19zZRXU4y,76544,1317,0,0.0,Qwen3-8B,2,social-group,jewish
R_1nMAFU19zZRXU4y,76568,1318,0,0.0,Qwen3-8B,5,social-group,jewish
R_1nMAFU19zZRXU4y,76592,1319,0,0.0,Qwen3-8B,2,social-group,transgender
R_1nMAFU19zZRXU4y,76616,1320,0,0.0,Qwen3-8B,2,social-group,LGB
R_1nMAFU19zZRXU4y,76640,1321,0,0.0,Qwen3-8B,2,social-group,LGB
R_1nMAFU19zZRXU4y,76664,1322,2,1.0,Qwen3-8B,3,social-group,LGB
R_qD6F6N1zIatRk3f,1789,34,2,1.0,Qwen3-8B,3,random,random
R_qD6F6N1zIatRk3f,10624,172,0,0.0,Qwen3-8B,3,random,random
R_qD6F6N1zIatRk3f,29946,480,1,0.0,Qwen3-8B,1,random,random
R_qD6F6N1zIatRk3f,30077,482,0,0.0,Qwen3-8B,4,random,random
R_qD6F6N1zIatRk3f,30077,482,0,0.0,Qwen3-8B,4,moral,care
R_qD6F6N1zIatRk3f,30077,482,0,0.0,Qwen3-8B,4,random,random
R_qD6F6N1zIatRk3f,30077,482,0,0.0,Qwen3-8B,4,moral,care
R_qD6F6N1zIatRk3f,32173,512,0,0.0,Qwen3-8B,2,random,random
R_qD6F6N1zIatRk3f,43478,700,4,1.0,Qwen3-8B,2,random,random
R_qD6F6N1zIatRk3f,62110,984,0,0.0,Qwen3-8B,2,random,random
R_qD6F6N1zIatRk3f,71019,1132,0,0.0,Qwen3-8B,2,random,random
R_qD6F6N1zIatRk3f,71272,1137,2,1.0,Qwen3-8B,2,random,random
R_qD6F6N1zIatRk3f,75152,1260,0,0.0,Qwen3-8B,1,moral,purity
R_qD6F6N1zIatRk3f,75152,1260,0,0.0,Qwen3-8B,1,moral,care
R_qD6F6N1zIatRk3f,75152,1260,0,0.0,Qwen3-8B,1,moral,purity
R_qD6F6N1zIatRk3f,75152,1260,0,0.0,Qwen3-8B,1,moral,care
R_qD6F6N1zIatRk3f,77319,1349,4,1.0,Qwen3-8B,5,social-group,christian
R_qD6F6N1zIatRk3f,77342,1350,4,1.0,Qwen3-8B,2,social-group,LGB
R_qD6F6N1zIatRk3f,77365,1351,4,1.0,Qwen3-8B,3,social-group,christian
R_qD6F6N1zIatRk3f,77388,1352,4,1.0,Qwen3-8B,5,social-group,jewish
R_qD6F6N1zIatRk3f,77411,1353,0,0.0,Qwen3-8B,1,random,random
R_qD6F6N1zIatRk3f,77434,1354,4,1.0,Qwen3-8B,5,social-group,LGB
R_qD6F6N1zIatRk3f,77457,1355,4,1.0,Qwen3-8B,2,social-group,LGB
R_qD6F6N1zIatRk3f,77480,1356,0,0.0,Qwen3-8B,2,random,random
R_qD6F6N1zIatRk3f,77503,1357,0,0.0,Qwen3-8B,2,random,random
R_qD6F6N1zIatRk3f,77526,1358,1,0.0,Qwen3-8B,3,social-group,transgender
R_qD6F6N1zIatRk3f,77549,1359,4,1.0,Qwen3-8B,1,social-group,jewish
R_qD6F6N1zIatRk3f,77572,1360,0,0.0,Qwen3-8B,1,random,random
R_qD6F6N1zIatRk3f,77595,1361,4,1.0,Qwen3-8B,5,social-group,transgender
R_qD6F6N1zIatRk3f,77618,1362,0,0.0,Qwen3-8B,2,social-group,christian
R_qD6F6N1zIatRk3f,77641,1363,4,1.0,Qwen3-8B,5,social-group,LGB
R_qD6F6N1zIatRk3f,77664,1364,4,1.0,Qwen3-8B,3,social-group,LGB
R_qD6F6N1zIatRk3f,77687,1365,0,0.0,Qwen3-8B,3,random,random
R_qD6F6N1zIatRk3f,77710,1366,2,1.0,Qwen3-8B,4,social-group,LGB
R_qD6F6N1zIatRk3f,77733,1367,0,0.0,Qwen3-8B,2,random,random
R_qD6F6N1zIatRk3f,77756,1368,1,0.0,Qwen3-8B,3,social-group,christian
R_qD6F6N1zIatRk3f,77779,1369,0,0.0,Qwen3-8B,2,moral,purity
R_qD6F6N1zIatRk3f,77802,1370,0,0.0,Qwen3-8B,1,social-group,jewish
R_qD6F6N1zIatRk3f,77825,1371,4,1.0,Qwen3-8B,5,social-group,transgender
R_qD6F6N1zIatRk3f,77848,1372,4,1.0,Qwen3-8B,3,social-group,jewish
R_24w38zHq85FtzEJ,1797,34,0,0.0,Qwen3-8B,3,random,random
R_24w38zHq85FtzEJ,10635,172,0,0.0,Qwen3-8B,3,random,random
R_24w38zHq85FtzEJ,29955,480,1,0.0,Qwen3-8B,1,random,random
R_24w38zHq85FtzEJ,30107,482,0,0.0,Qwen3-8B,4,random,random
R_24w38zHq85FtzEJ,30107,482,0,0.0,Qwen3-8B,4,moral,care
R_24w38zHq85FtzEJ,30107,482,0,0.0,Qwen3-8B,4,random,random
R_24w38zHq85FtzEJ,30107,482,0,0.0,Qwen3-8B,4,moral,care
R_24w38zHq85FtzEJ,32181,512,1,0.0,Qwen3-8B,2,random,random
R_24w38zHq85FtzEJ,43486,700,4,1.0,Qwen3-8B,2,random,random
R_24w38zHq85FtzEJ,62119,984,0,0.0,Qwen3-8B,2,random,random
R_24w38zHq85FtzEJ,71027,1132,0,0.0,Qwen3-8B,2,random,random
R_24w38zHq85FtzEJ,71280,1137,0,0.0,Qwen3-8B,2,random,random
R_24w38zHq85FtzEJ,75170,1260,0,0.0,Qwen3-8B,1,moral,purity
R_24w38zHq85FtzEJ,75170,1260,0,0.0,Qwen3-8B,1,moral,care
R_24w38zHq85FtzEJ,75170,1260,0,0.0,Qwen3-8B,1,moral,purity
R_24w38zHq85FtzEJ,75170,1260,0,0.0,Qwen3-8B,1,moral,care
R_24w38zHq85FtzEJ,77324,1349,3,1.0,Qwen3-8B,5,social-group,christian
R_24w38zHq85FtzEJ,77347,1350,3,1.0,Qwen3-8B,2,social-group,LGB
R_24w38zHq85FtzEJ,77370,1351,4,1.0,Qwen3-8B,3,social-group,christian
R_24w38zHq85FtzEJ,77393,1352,0,0.0,Qwen3-8B,5,social-group,jewish
R_24w38zHq85FtzEJ,77416,1353,0,0.0,Qwen3-8B,1,random,random
R_24w38zHq85FtzEJ,77439,1354,2,1.0,Qwen3-8B,5,social-group,LGB
R_24w38zHq85FtzEJ,77462,1355,1,0.0,Qwen3-8B,2,social-group,LGB
R_24w38zHq85FtzEJ,77485,1356,0,0.0,Qwen3-8B,2,random,random
R_24w38zHq85FtzEJ,77508,1357,0,0.0,Qwen3-8B,2,random,random
R_24w38zHq85FtzEJ,77531,1358,4,1.0,Qwen3-8B,3,social-group,transgender
R_24w38zHq85FtzEJ,77554,1359,3,1.0,Qwen3-8B,1,social-group,jewish
R_24w38zHq85FtzEJ,77577,1360,0,0.0,Qwen3-8B,1,random,random
R_24w38zHq85FtzEJ,77600,1361,4,1.0,Qwen3-8B,5,social-group,transgender
R_24w38zHq85FtzEJ,77623,1362,2,1.0,Qwen3-8B,2,social-group,christian
R_24w38zHq85FtzEJ,77646,1363,3,1.0,Qwen3-8B,5,social-group,LGB
R_24w38zHq85FtzEJ,77669,1364,4,1.0,Qwen3-8B,3,social-group,LGB
R_24w38zHq85FtzEJ,77692,1365,0,0.0,Qwen3-8B,3,random,random
R_24w38zHq85FtzEJ,77715,1366,3,1.0,Qwen3-8B,4,social-group,LGB
R_24w38zHq85FtzEJ,77738,1367,0,0.0,Qwen3-8B,2,random,random
R_24w38zHq85FtzEJ,77761,1368,4,1.0,Qwen3-8B,3,social-group,christian
R_24w38zHq85FtzEJ,77784,1369,0,0.0,Qwen3-8B,2,moral,purity
R_24w38zHq85FtzEJ,77807,1370,4,1.0,Qwen3-8B,1,social-group,jewish
R_24w38zHq85FtzEJ,77830,1371,3,1.0,Qwen3-8B,5,social-group,transgender
R_24w38zHq85FtzEJ,77853,1372,4,1.0,Qwen3-8B,3,social-group,jewish
R_2f1ErbFoffyrGsM,1890,35,0,0.0,Qwen3-8B,1,random,random
R_2f1ErbFoffyrGsM,13136,209,0,0.0,Qwen3-8B,1,random,random
R_2f1ErbFoffyrGsM,19827,311,0,0.0,Qwen3-8B,3,random,random
R_2f1ErbFoffyrGsM,34932,557,0,0.0,Qwen3-8B,2,random,random
R_2f1ErbFoffyrGsM,37410,599,0,0.0,Qwen3-8B,3,random,random
R_2f1ErbFoffyrGsM,40630,653,0,0.0,Qwen3-8B,3,random,random
R_2f1ErbFoffyrGsM,44294,711,0,0.0,Qwen3-8B,1,random,random
R_2f1ErbFoffyrGsM,44294,711,0,0.0,Qwen3-8B,1,moral,fairness
R_2f1ErbFoffyrGsM,44294,711,0,0.0,Qwen3-8B,1,random,random
R_2f1ErbFoffyrGsM,44294,711,0,0.0,Qwen3-8B,1,moral,fairness
R_2f1ErbFoffyrGsM,45477,728,0,0.0,Qwen3-8B,2,random,random
R_2f1ErbFoffyrGsM,48164,767,0,0.0,Qwen3-8B,3,random,random
R_2f1ErbFoffyrGsM,71514,1141,0,0.0,Qwen3-8B,4,random,random
R_2f1ErbFoffyrGsM,87673,1773,0,0.0,Qwen3-8B,4,moral,care
R_2f1ErbFoffyrGsM,121672,3192,0,0.0,Qwen3-8B,4,social-group,transgender
R_2f1ErbFoffyrGsM,121712,3193,0,0.0,Qwen3-8B,5,moral,fairness
R_2f1ErbFoffyrGsM,121740,3194,0,0.0,Qwen3-8B,3,random,random
R_2f1ErbFoffyrGsM,121763,3195,0,0.0,Qwen3-8B,2,social-group,muslim
R_2f1ErbFoffyrGsM,121786,3196,1,0.0,Qwen3-8B,3,social-group,LGB
R_2f1ErbFoffyrGsM,121809,3197,0,0.0,Qwen3-8B,2,random,random
R_2f1ErbFoffyrGsM,121832,3198,0,0.0,Qwen3-8B,5,social-group,transgender
R_2f1ErbFoffyrGsM,121855,3199,0,0.0,Qwen3-8B,2,moral,purity
R_2f1ErbFoffyrGsM,121878,3200,0,0.0,Qwen3-8B,1,social-group,muslim
R_2f1ErbFoffyrGsM,121901,3201,0,0.0,Qwen3-8B,5,social-group,christian
R_2f1ErbFoffyrGsM,121924,3202,0,0.0,Qwen3-8B,5,social-group,LGB
R_2f1ErbFoffyrGsM,121947,3203,0,0.0,Qwen3-8B,3,social-group,jewish
R_2f1ErbFoffyrGsM,121970,3204,0,0.0,Qwen3-8B,2,social-group,transgender
R_2f1ErbFoffyrGsM,121993,3205,0,0.0,Qwen3-8B,5,social-group,LGB
R_2f1ErbFoffyrGsM,122016,3206,0,0.0,Qwen3-8B,3,social-group,muslim
R_2f1ErbFoffyrGsM,122039,3207,0,0.0,Qwen3-8B,5,social-group,christian
R_2f1ErbFoffyrGsM,122062,3208,0,0.0,Qwen3-8B,3,social-group,christian
R_2f1ErbFoffyrGsM,122085,3209,0,0.0,Qwen3-8B,1,social-group,LGB
R_2f1ErbFoffyrGsM,122108,3210,0,0.0,Qwen3-8B,1,social-group,transgender
R_2f1ErbFoffyrGsM,122131,3211,0,0.0,Qwen3-8B,4,social-group,christian
R_2f1ErbFoffyrGsM,122154,3212,0,0.0,Qwen3-8B,1,social-group,christian
R_2f1ErbFoffyrGsM,122177,3213,0,0.0,Qwen3-8B,5,social-group,jewish
R_2f1ErbFoffyrGsM,122200,3214,0,0.0,Qwen3-8B,5,social-group,jewish
R_2f1ErbFoffyrGsM,122223,3215,0,0.0,Qwen3-8B,1,social-group,christian
R_3szc3csHWcjxTZn,1900,35,0,0.0,Qwen3-8B,1,random,random
R_3szc3csHWcjxTZn,13145,209,0,0.0,Qwen3-8B,1,random,random
R_3szc3csHWcjxTZn,19838,311,0,0.0,Qwen3-8B,3,random,random
R_3szc3csHWcjxTZn,34940,557,0,0.0,Qwen3-8B,2,random,random
R_3szc3csHWcjxTZn,37420,599,1,0.0,Qwen3-8B,3,random,random
R_3szc3csHWcjxTZn,40641,653,0,0.0,Qwen3-8B,3,random,random
R_3szc3csHWcjxTZn,44324,711,0,0.0,Qwen3-8B,1,random,random
R_3szc3csHWcjxTZn,44324,711,0,0.0,Qwen3-8B,1,moral,fairness
R_3szc3csHWcjxTZn,44324,711,0,0.0,Qwen3-8B,1,random,random
R_3szc3csHWcjxTZn,44324,711,0,0.0,Qwen3-8B,1,moral,fairness
R_3szc3csHWcjxTZn,45489,728,0,0.0,Qwen3-8B,2,random,random
R_3szc3csHWcjxTZn,48172,767,0,0.0,Qwen3-8B,3,random,random
R_3szc3csHWcjxTZn,71523,1141,0,0.0,Qwen3-8B,4,random,random
R_3szc3csHWcjxTZn,87683,1773,0,0.0,Qwen3-8B,4,moral,care
R_3szc3csHWcjxTZn,121677,3192,0,0.0,Qwen3-8B,4,social-group,transgender
R_3szc3csHWcjxTZn,121721,3193,0,0.0,Qwen3-8B,5,moral,fairness
R_3szc3csHWcjxTZn,121745,3194,0,0.0,Qwen3-8B,3,random,random
R_3szc3csHWcjxTZn,121768,3195,0,0.0,Qwen3-8B,2,social-group,muslim
R_3szc3csHWcjxTZn,121791,3196,0,0.0,Qwen3-8B,3,social-group,LGB
R_3szc3csHWcjxTZn,121814,3197,0,0.0,Qwen3-8B,2,random,random
R_3szc3csHWcjxTZn,121837,3198,0,0.0,Qwen3-8B,5,social-group,transgender
R_3szc3csHWcjxTZn,121860,3199,0,0.0,Qwen3-8B,2,moral,purity
R_3szc3csHWcjxTZn,121883,3200,0,0.0,Qwen3-8B,1,social-group,muslim
R_3szc3csHWcjxTZn,121906,3201,1,0.0,Qwen3-8B,5,social-group,christian
R_3szc3csHWcjxTZn,121929,3202,0,0.0,Qwen3-8B,5,social-group,LGB
R_3szc3csHWcjxTZn,121952,3203,0,0.0,Qwen3-8B,3,social-group,jewish
R_3szc3csHWcjxTZn,121975,3204,0,0.0,Qwen3-8B,2,social-group,transgender
R_3szc3csHWcjxTZn,121998,3205,0,0.0,Qwen3-8B,5,social-group,LGB
R_3szc3csHWcjxTZn,122021,3206,0,0.0,Qwen3-8B,3,social-group,muslim
R_3szc3csHWcjxTZn,122044,3207,0,0.0,Qwen3-8B,5,social-group,christian
R_3szc3csHWcjxTZn,122067,3208,0,0.0,Qwen3-8B,3,social-group,christian
R_3szc3csHWcjxTZn,122090,3209,0,0.0,Qwen3-8B,1,social-group,LGB
R_3szc3csHWcjxTZn,122113,3210,0,0.0,Qwen3-8B,1,social-group,transgender
R_3szc3csHWcjxTZn,122136,3211,0,0.0,Qwen3-8B,4,social-group,christian
R_3szc3csHWcjxTZn,122159,3212,0,0.0,Qwen3-8B,1,social-group,christian
R_3szc3csHWcjxTZn,122182,3213,0,0.0,Qwen3-8B,5,social-group,jewish
R_3szc3csHWcjxTZn,122205,3214,0,0.0,Qwen3-8B,5,social-group,jewish
R_3szc3csHWcjxTZn,122228,3215,0,0.0,Qwen3-8B,1,social-group,christian
R_3oUf4TLhcGiKpPP,1940,36,0,0.0,Qwen3-8B,1,random,random
R_3oUf4TLhcGiKpPP,2000,37,0,0.0,Qwen3-8B,4,random,random
R_3oUf4TLhcGiKpPP,3316,58,0,0.0,Qwen3-8B,3,random,random
R_3oUf4TLhcGiKpPP,8934,144,0,0.0,Qwen3-8B,1,random,random
R_3oUf4TLhcGiKpPP,12072,194,0,0.0,Qwen3-8B,2,random,random
R_3oUf4TLhcGiKpPP,14400,228,0,0.0,Qwen3-8B,2,random,random
R_3oUf4TLhcGiKpPP,31484,502,0,0.0,Qwen3-8B,3,random,random
R_3oUf4TLhcGiKpPP,45849,734,0,0.0,Qwen3-8B,2,random,random
R_3oUf4TLhcGiKpPP,49893,792,0,0.0,Qwen3-8B,1,random,random
R_3oUf4TLhcGiKpPP,52726,830,0,0.0,Qwen3-8B,2,random,random
R_3oUf4TLhcGiKpPP,58007,910,1,0.0,Qwen3-8B,3,random,random
R_3oUf4TLhcGiKpPP,111021,2739,0,0.0,Qwen3-8B,4,social-group,jewish
R_3oUf4TLhcGiKpPP,111045,2740,0,0.0,Qwen3-8B,5,social-group,muslim
R_3oUf4TLhcGiKpPP,111069,2741,1,0.0,Qwen3-8B,1,random,random
R_3oUf4TLhcGiKpPP,111093,2742,0,0.0,Qwen3-8B,2,social-group,jewish
R_3oUf4TLhcGiKpPP,111117,2743,0,0.0,Qwen3-8B,1,random,random
R_3oUf4TLhcGiKpPP,111141,2744,0,0.0,Qwen3-8B,5,social-group,jewish
R_3oUf4TLhcGiKpPP,111165,2745,0,0.0,Qwen3-8B,4,social-group,jewish
R_3oUf4TLhcGiKpPP,111189,2746,0,0.0,Qwen3-8B,5,social-group,jewish
R_3oUf4TLhcGiKpPP,111213,2747,0,0.0,Qwen3-8B,4,social-group,jewish
R_3oUf4TLhcGiKpPP,111237,2748,0,0.0,Qwen3-8B,5,social-group,jewish
R_3oUf4TLhcGiKpPP,111261,2749,1,0.0,Qwen3-8B,1,moral,care
R_3oUf4TLhcGiKpPP,111285,2750,0,0.0,Qwen3-8B,4,social-group,LGB
R_3oUf4TLhcGiKpPP,111309,2751,0,0.0,Qwen3-8B,4,random,random
R_3oUf4TLhcGiKpPP,111333,2752,0,0.0,Qwen3-8B,4,social-group,muslim
R_3oUf4TLhcGiKpPP,111357,2753,0,0.0,Qwen3-8B,2,social-group,jewish
R_3oUf4TLhcGiKpPP,111381,2754,0,0.0,Qwen3-8B,4,social-group,LGB
R_3oUf4TLhcGiKpPP,111405,2755,0,0.0,Qwen3-8B,5,social-group,LGB
R_3oUf4TLhcGiKpPP,111429,2756,0,0.0,Qwen3-8B,4,social-group,LGB
R_3oUf4TLhcGiKpPP,111453,2757,0,0.0,Qwen3-8B,1,random,random
R_3oUf4TLhcGiKpPP,111477,2758,0,0.0,Qwen3-8B,1,random,random
R_3oUf4TLhcGiKpPP,111501,2759,0,0.0,Qwen3-8B,5,social-group,LGB
R_3oUf4TLhcGiKpPP,111525,2760,0,0.0,Qwen3-8B,2,social-group,LGB
R_3oUf4TLhcGiKpPP,111549,2761,0,0.0,Qwen3-8B,1,moral,fairness
R_3oUf4TLhcGiKpPP,111573,2762,0,0.0,Qwen3-8B,3,social-group,transgender
R_pATWOnQqIqYciFH,1950,36,0,0.0,Qwen3-8B,1,random,random
R_pATWOnQqIqYciFH,2010,37,4,1.0,Qwen3-8B,4,random,random
R_pATWOnQqIqYciFH,3323,58,2,1.0,Qwen3-8B,3,random,random
R_pATWOnQqIqYciFH,8941,144,0,0.0,Qwen3-8B,1,random,random
R_pATWOnQqIqYciFH,12084,194,3,1.0,Qwen3-8B,2,random,random
R_pATWOnQqIqYciFH,14408,228,0,0.0,Qwen3-8B,2,random,random
R_pATWOnQqIqYciFH,31490,502,1,0.0,Qwen3-8B,3,random,random
R_pATWOnQqIqYciFH,45855,734,0,0.0,Qwen3-8B,2,random,random
R_pATWOnQqIqYciFH,49899,792,1,0.0,Qwen3-8B,1,random,random
R_pATWOnQqIqYciFH,52732,830,3,1.0,Qwen3-8B,2,random,random
R_pATWOnQqIqYciFH,58013,910,0,0.0,Qwen3-8B,3,random,random
R_pATWOnQqIqYciFH,111024,2739,0,0.0,Qwen3-8B,4,social-group,jewish
R_pATWOnQqIqYciFH,111048,2740,1,0.0,Qwen3-8B,5,social-group,muslim
R_pATWOnQqIqYciFH,111072,2741,0,0.0,Qwen3-8B,1,random,random
R_pATWOnQqIqYciFH,111096,2742,2,1.0,Qwen3-8B,2,social-group,jewish
R_pATWOnQqIqYciFH,111120,2743,0,0.0,Qwen3-8B,1,random,random
R_pATWOnQqIqYciFH,111144,2744,4,1.0,Qwen3-8B,5,social-group,jewish
R_pATWOnQqIqYciFH,111168,2745,0,0.0,Qwen3-8B,4,social-group,jewish
R_pATWOnQqIqYciFH,111192,2746,0,0.0,Qwen3-8B,5,social-group,jewish
R_pATWOnQqIqYciFH,111216,2747,0,0.0,Qwen3-8B,4,social-group,jewish
R_pATWOnQqIqYciFH,111240,2748,1,0.0,Qwen3-8B,5,social-group,jewish
R_pATWOnQqIqYciFH,111264,2749,0,0.0,Qwen3-8B,1,moral,care
R_pATWOnQqIqYciFH,111288,2750,0,0.0,Qwen3-8B,4,social-group,LGB
R_pATWOnQqIqYciFH,111312,2751,4,1.0,Qwen3-8B,4,random,random
R_pATWOnQqIqYciFH,111336,2752,1,0.0,Qwen3-8B,4,social-group,muslim
R_pATWOnQqIqYciFH,111360,2753,0,0.0,Qwen3-8B,2,social-group,jewish
R_pATWOnQqIqYciFH,111384,2754,2,1.0,Qwen3-8B,4,social-group,LGB
R_pATWOnQqIqYciFH,111408,2755,0,0.0,Qwen3-8B,5,social-group,LGB
R_pATWOnQqIqYciFH,111432,2756,0,0.0,Qwen3-8B,4,social-group,LGB
R_pATWOnQqIqYciFH,111456,2757,0,0.0,Qwen3-8B,1,random,random
R_pATWOnQqIqYciFH,111480,2758,0,0.0,Qwen3-8B,1,random,random
R_pATWOnQqIqYciFH,111504,2759,1,0.0,Qwen3-8B,5,social-group,LGB
R_pATWOnQqIqYciFH,111528,2760,2,1.0,Qwen3-8B,2,social-group,LGB
R_pATWOnQqIqYciFH,111552,2761,0,0.0,Qwen3-8B,1,moral,fairness
R_pATWOnQqIqYciFH,111576,2762,-1,,Qwen3-8B,3,social-group,transgender
R_1PRIdhZE46Vxtdr,2062,39,0,0.0,Qwen3-8B,2,random,random
R_1PRIdhZE46Vxtdr,31837,506,0,0.0,Qwen3-8B,2,random,random
R_1PRIdhZE46Vxtdr,32584,518,0,0.0,Qwen3-8B,3,random,random
R_1PRIdhZE46Vxtdr,35168,561,0,0.0,Qwen3-8B,5,random,random
R_1PRIdhZE46Vxtdr,36698,587,0,0.0,Qwen3-8B,2,random,random
R_1PRIdhZE46Vxtdr,38353,615,0,0.0,Qwen3-8B,4,random,random
R_1PRIdhZE46Vxtdr,43138,694,0,0.0,Qwen3-8B,5,random,random
R_1PRIdhZE46Vxtdr,52793,831,0,0.0,Qwen3-8B,4,random,random
R_1PRIdhZE46Vxtdr,57387,903,0,0.0,Qwen3-8B,1,random,random
R_1PRIdhZE46Vxtdr,60700,957,0,0.0,Qwen3-8B,2,random,random
R_1PRIdhZE46Vxtdr,64647,1023,0,0.0,Qwen3-8B,2,random,random
R_1PRIdhZE46Vxtdr,70146,1115,0,0.0,Qwen3-8B,2,random,random
R_1PRIdhZE46Vxtdr,140867,4020,0,0.0,Qwen3-8B,5,social-group,jewish
R_1PRIdhZE46Vxtdr,140891,4021,0,0.0,Qwen3-8B,3,random,random
R_1PRIdhZE46Vxtdr,140915,4022,0,0.0,Qwen3-8B,3,random,random
R_1PRIdhZE46Vxtdr,140939,4023,0,0.0,Qwen3-8B,2,social-group,LGB
R_1PRIdhZE46Vxtdr,140963,4024,0,0.0,Qwen3-8B,3,social-group,transgender
R_1PRIdhZE46Vxtdr,140987,4025,0,0.0,Qwen3-8B,3,social-group,jewish
R_1PRIdhZE46Vxtdr,141011,4026,0,0.0,Qwen3-8B,2,moral,purity
R_1PRIdhZE46Vxtdr,141035,4027,0,0.0,Qwen3-8B,5,social-group,transgender
R_1PRIdhZE46Vxtdr,141059,4028,0,0.0,Qwen3-8B,5,social-group,jewish
R_1PRIdhZE46Vxtdr,141083,4029,0,0.0,Qwen3-8B,1,social-group,transgender
R_1PRIdhZE46Vxtdr,141107,4030,0,0.0,Qwen3-8B,3,random,random
R_1PRIdhZE46Vxtdr,141131,4031,0,0.0,Qwen3-8B,5,social-group,muslim
R_1PRIdhZE46Vxtdr,141155,4032,0,0.0,Qwen3-8B,3,social-group,LGB
R_1PRIdhZE46Vxtdr,141179,4033,0,0.0,Qwen3-8B,2,social-group,jewish
R_1PRIdhZE46Vxtdr,141203,4034,0,0.0,Qwen3-8B,1,random,random
R_1PRIdhZE46Vxtdr,141227,4035,0,0.0,Qwen3-8B,5,social-group,transgender
R_1PRIdhZE46Vxtdr,141251,4036,0,0.0,Qwen3-8B,5,social-group,muslim
R_1PRIdhZE46Vxtdr,141275,4037,0,0.0,Qwen3-8B,3,social-group,LGB
R_1PRIdhZE46Vxtdr,141299,4038,0,0.0,Qwen3-8B,2,social-group,muslim
R_1PRIdhZE46Vxtdr,141323,4039,0,0.0,Qwen3-8B,5,social-group,LGB
R_1PRIdhZE46Vxtdr,141347,4040,0,0.0,Qwen3-8B,2,social-group,christian
R_1PRIdhZE46Vxtdr,141371,4041,0,0.0,Qwen3-8B,1,moral,authority
R_1PRIdhZE46Vxtdr,141395,4042,0,0.0,Qwen3-8B,1,moral,loyalty
R_1mKRPMAQxb5jlmk,2079,39,0,0.0,Qwen3-8B,2,random,random
R_1mKRPMAQxb5jlmk,31852,506,1,0.0,Qwen3-8B,2,random,random
R_1mKRPMAQxb5jlmk,32599,518,1,0.0,Qwen3-8B,3,random,random
R_1mKRPMAQxb5jlmk,35178,561,2,1.0,Qwen3-8B,5,random,random
R_1mKRPMAQxb5jlmk,36713,587,0,0.0,Qwen3-8B,2,random,random
R_1mKRPMAQxb5jlmk,38366,615,0,0.0,Qwen3-8B,4,random,random
R_1mKRPMAQxb5jlmk,43156,694,0,0.0,Qwen3-8B,5,random,random
R_1mKRPMAQxb5jlmk,52803,831,0,0.0,Qwen3-8B,4,random,random
R_1mKRPMAQxb5jlmk,57402,903,0,0.0,Qwen3-8B,1,random,random
R_1mKRPMAQxb5jlmk,60712,957,0,0.0,Qwen3-8B,2,random,random
R_1mKRPMAQxb5jlmk,64656,1023,1,0.0,Qwen3-8B,2,random,random
R_1mKRPMAQxb5jlmk,70158,1115,0,0.0,Qwen3-8B,2,random,random
R_1mKRPMAQxb5jlmk,140872,4020,1,0.0,Qwen3-8B,5,social-group,jewish
R_1mKRPMAQxb5jlmk,140896,4021,0,0.0,Qwen3-8B,3,random,random
R_1mKRPMAQxb5jlmk,140920,4022,0,0.0,Qwen3-8B,3,random,random
R_1mKRPMAQxb5jlmk,140944,4023,1,0.0,Qwen3-8B,2,social-group,LGB
R_1mKRPMAQxb5jlmk,140968,4024,0,0.0,Qwen3-8B,3,social-group,transgender
R_1mKRPMAQxb5jlmk,140992,4025,0,0.0,Qwen3-8B,3,social-group,jewish
R_1mKRPMAQxb5jlmk,141016,4026,0,0.0,Qwen3-8B,2,moral,purity
R_1mKRPMAQxb5jlmk,141040,4027,0,0.0,Qwen3-8B,5,social-group,transgender
R_1mKRPMAQxb5jlmk,141064,4028,0,0.0,Qwen3-8B,5,social-group,jewish
R_1mKRPMAQxb5jlmk,141088,4029,0,0.0,Qwen3-8B,1,social-group,transgender
R_1mKRPMAQxb5jlmk,141112,4030,0,0.0,Qwen3-8B,3,random,random
R_1mKRPMAQxb5jlmk,141136,4031,0,0.0,Qwen3-8B,5,social-group,muslim
R_1mKRPMAQxb5jlmk,141160,4032,1,0.0,Qwen3-8B,3,social-group,LGB
R_1mKRPMAQxb5jlmk,141184,4033,0,0.0,Qwen3-8B,2,social-group,jewish
R_1mKRPMAQxb5jlmk,141208,4034,0,0.0,Qwen3-8B,1,random,random
R_1mKRPMAQxb5jlmk,141232,4035,0,0.0,Qwen3-8B,5,social-group,transgender
R_1mKRPMAQxb5jlmk,141256,4036,2,1.0,Qwen3-8B,5,social-group,muslim
R_1mKRPMAQxb5jlmk,141280,4037,0,0.0,Qwen3-8B,3,social-group,LGB
R_1mKRPMAQxb5jlmk,141304,4038,1,0.0,Qwen3-8B,2,social-group,muslim
R_1mKRPMAQxb5jlmk,141328,4039,1,0.0,Qwen3-8B,5,social-group,LGB
R_1mKRPMAQxb5jlmk,141352,4040,1,0.0,Qwen3-8B,2,social-group,christian
R_1mKRPMAQxb5jlmk,141376,4041,0,0.0,Qwen3-8B,1,moral,authority
R_1mKRPMAQxb5jlmk,141400,4042,0,0.0,Qwen3-8B,1,moral,loyalty
R_1NlAFT8KbQzAD0p,2084,40,3,1.0,Qwen3-8B,3,random,random
R_1NlAFT8KbQzAD0p,2152,41,2,1.0,Qwen3-8B,2,random,random
R_1NlAFT8KbQzAD0p,2220,42,0,0.0,Qwen3-8B,2,random,random
R_1NlAFT8KbQzAD0p,2289,43,0,0.0,Qwen3-8B,2,random,random
R_1NlAFT8KbQzAD0p,2334,44,1,0.0,Qwen3-8B,5,random,random
R_1NlAFT8KbQzAD0p,2403,45,4,1.0,Qwen3-8B,1,random,random
R_1NlAFT8KbQzAD0p,2472,46,3,1.0,Qwen3-8B,3,random,random
R_1NlAFT8KbQzAD0p,2539,47,0,0.0,Qwen3-8B,4,random,random
R_1NlAFT8KbQzAD0p,2608,48,0,0.0,Qwen3-8B,2,random,random
R_1NlAFT8KbQzAD0p,2676,49,0,0.0,Qwen3-8B,1,random,random
R_1NlAFT8KbQzAD0p,2745,50,0,0.0,Qwen3-8B,3,random,random
R_1NlAFT8KbQzAD0p,2814,51,0,0.0,Qwen3-8B,3,random,random
R_1NlAFT8KbQzAD0p,2883,52,1,0.0,Qwen3-8B,4,random,random
R_1NlAFT8KbQzAD0p,2928,53,0,0.0,Qwen3-8B,1,random,random
R_1NlAFT8KbQzAD0p,2994,54,0,0.0,Qwen3-8B,1,random,random
R_1NlAFT8KbQzAD0p,3064,55,1,0.0,Qwen3-8B,2,random,random
R_1NlAFT8KbQzAD0p,3132,56,0,0.0,Qwen3-8B,2,random,random
R_1NlAFT8KbQzAD0p,3200,57,3,1.0,Qwen3-8B,2,random,random
R_1NlAFT8KbQzAD0p,3268,58,3,1.0,Qwen3-8B,3,random,random
R_1NlAFT8KbQzAD0p,3337,59,1,0.0,Qwen3-8B,2,random,random
R_1NlAFT8KbQzAD0p,3406,60,1,0.0,Qwen3-8B,2,random,random
R_1NlAFT8KbQzAD0p,3474,61,4,1.0,Qwen3-8B,2,random,random
R_1NlAFT8KbQzAD0p,3542,62,4,1.0,Qwen3-8B,1,random,random
R_1NlAFT8KbQzAD0p,3608,63,0,0.0,Qwen3-8B,1,random,random
R_1NlAFT8KbQzAD0p,3677,64,3,1.0,Qwen3-8B,3,random,random
R_1NlAFT8KbQzAD0p,3744,65,4,1.0,Qwen3-8B,3,random,random
R_1NlAFT8KbQzAD0p,3810,66,4,1.0,Qwen3-8B,2,random,random
R_1NlAFT8KbQzAD0p,3879,67,3,1.0,Qwen3-8B,1,random,random
R_1NlAFT8KbQzAD0p,3948,68,4,1.0,Qwen3-8B,1,random,random
R_1NlAFT8KbQzAD0p,4016,69,2,1.0,Qwen3-8B,4,random,random
R_1NlAFT8KbQzAD0p,4084,70,0,0.0,Qwen3-8B,3,random,random
R_1NlAFT8KbQzAD0p,4151,71,0,0.0,Qwen3-8B,4,random,random
R_1NlAFT8KbQzAD0p,4218,72,0,0.0,Qwen3-8B,4,random,random
R_1NlAFT8KbQzAD0p,4287,73,4,1.0,Qwen3-8B,2,random,random
R_1NlAFT8KbQzAD0p,4354,74,-1,,Qwen3-8B,2,random,random
R_31YHm6VQFYK4azW,2095,40,0,0.0,Qwen3-8B,3,random,random
R_31YHm6VQFYK4azW,2619,48,2,1.0,Qwen3-8B,2,random,random
R_31YHm6VQFYK4azW,4787,81,0,0.0,Qwen3-8B,2,random,random
R_31YHm6VQFYK4azW,4850,82,0,0.0,Qwen3-8B,1,random,random
R_31YHm6VQFYK4azW,5484,92,0,0.0,Qwen3-8B,2,random,random
R_31YHm6VQFYK4azW,8600,139,2,1.0,Qwen3-8B,2,random,random
R_31YHm6VQFYK4azW,27839,444,0,0.0,Qwen3-8B,3,random,random
R_31YHm6VQFYK4azW,30887,493,0,0.0,Qwen3-8B,2,random,random
R_31YHm6VQFYK4azW,49119,780,2,1.0,Qwen3-8B,2,random,random
R_31YHm6VQFYK4azW,138526,3916,2,1.0,Qwen3-8B,3,social-group,jewish
R_31YHm6VQFYK4azW,138549,3917,3,1.0,Qwen3-8B,5,social-group,jewish
R_31YHm6VQFYK4azW,138572,3918,2,1.0,Qwen3-8B,5,social-group,jewish
R_31YHm6VQFYK4azW,138595,3919,4,1.0,Qwen3-8B,4,social-group,LGB
R_31YHm6VQFYK4azW,138618,3920,0,0.0,Qwen3-8B,1,social-group,transgender
R_31YHm6VQFYK4azW,138641,3921,0,0.0,Qwen3-8B,4,random,random
R_31YHm6VQFYK4azW,138664,3922,1,0.0,Qwen3-8B,4,social-group,transgender
R_31YHm6VQFYK4azW,138687,3923,2,1.0,Qwen3-8B,3,social-group,LGB
R_31YHm6VQFYK4azW,138710,3924,0,0.0,Qwen3-8B,3,social-group,jewish
R_31YHm6VQFYK4azW,138733,3925,3,1.0,Qwen3-8B,4,social-group,muslim
R_31YHm6VQFYK4azW,138756,3926,2,1.0,Qwen3-8B,3,social-group,LGB
R_31YHm6VQFYK4azW,138779,3927,3,1.0,Qwen3-8B,2,social-group,christian
R_31YHm6VQFYK4azW,138802,3928,4,1.0,Qwen3-8B,3,social-group,christian
R_31YHm6VQFYK4azW,138825,3929,2,1.0,Qwen3-8B,3,social-group,jewish
R_31YHm6VQFYK4azW,138848,3930,0,0.0,Qwen3-8B,1,moral,purity
R_31YHm6VQFYK4azW,138871,3931,2,1.0,Qwen3-8B,4,social-group,christian
R_31YHm6VQFYK4azW,138894,3932,1,0.0,Qwen3-8B,3,social-group,muslim
R_31YHm6VQFYK4azW,138917,3933,0,0.0,Qwen3-8B,2,moral,care
R_31YHm6VQFYK4azW,138940,3934,4,1.0,Qwen3-8B,3,social-group,muslim
R_31YHm6VQFYK4azW,138963,3935,0,0.0,Qwen3-8B,4,social-group,christian
R_31YHm6VQFYK4azW,138986,3936,0,0.0,Qwen3-8B,2,social-group,transgender
R_31YHm6VQFYK4azW,139009,3937,0,0.0,Qwen3-8B,3,social-group,christian
R_31YHm6VQFYK4azW,139032,3938,1,0.0,Qwen3-8B,5,moral,loyalty
R_31YHm6VQFYK4azW,139055,3939,1,0.0,Qwen3-8B,5,social-group,LGB
R_31YHm6VQFYK4azW,139078,3940,4,1.0,Qwen3-8B,1,social-group,transgender
R_31YHm6VQFYK4azW,139101,3941,0,0.0,Qwen3-8B,1,moral,care
R_1GZYooXoZQCKThh,2127,40,0,0.0,Qwen3-8B,3,random,random
R_1GZYooXoZQCKThh,2194,41,0,0.0,Qwen3-8B,2,random,random
R_1GZYooXoZQCKThh,2263,42,1,0.0,Qwen3-8B,2,random,random
R_1GZYooXoZQCKThh,2318,43,0,0.0,Qwen3-8B,2,random,random
R_1GZYooXoZQCKThh,2378,44,-1,,Qwen3-8B,5,random,random
R_1GZYooXoZQCKThh,2446,45,4,1.0,Qwen3-8B,1,random,random
R_1GZYooXoZQCKThh,2514,46,0,0.0,Qwen3-8B,3,random,random
R_1GZYooXoZQCKThh,2583,47,0,0.0,Qwen3-8B,4,random,random
R_1GZYooXoZQCKThh,2651,48,0,0.0,Qwen3-8B,2,random,random
R_1GZYooXoZQCKThh,2720,49,0,0.0,Qwen3-8B,1,random,random
R_1GZYooXoZQCKThh,2790,50,0,0.0,Qwen3-8B,3,random,random
R_1GZYooXoZQCKThh,2859,51,0,0.0,Qwen3-8B,3,random,random
R_1GZYooXoZQCKThh,2912,52,0,0.0,Qwen3-8B,4,random,random
R_1GZYooXoZQCKThh,2969,53,0,0.0,Qwen3-8B,1,random,random
R_1GZYooXoZQCKThh,3038,54,2,1.0,Qwen3-8B,1,random,random
R_1GZYooXoZQCKThh,3108,55,0,0.0,Qwen3-8B,2,random,random
R_1GZYooXoZQCKThh,3176,56,0,0.0,Qwen3-8B,2,random,random
R_1GZYooXoZQCKThh,3244,57,0,0.0,Qwen3-8B,2,random,random
R_1GZYooXoZQCKThh,3312,58,0,0.0,Qwen3-8B,3,random,random
R_1GZYooXoZQCKThh,3381,59,0,0.0,Qwen3-8B,2,random,random
R_1GZYooXoZQCKThh,3449,60,0,0.0,Qwen3-8B,2,random,random
R_1GZYooXoZQCKThh,3518,61,0,0.0,Qwen3-8B,2,random,random
R_1GZYooXoZQCKThh,3584,62,0,0.0,Qwen3-8B,1,random,random
R_1GZYooXoZQCKThh,3651,63,0,0.0,Qwen3-8B,1,random,random
R_1GZYooXoZQCKThh,3719,64,0,0.0,Qwen3-8B,3,random,random
R_1GZYooXoZQCKThh,3785,65,0,0.0,Qwen3-8B,3,random,random
R_1GZYooXoZQCKThh,3855,66,0,0.0,Qwen3-8B,2,random,random
R_1GZYooXoZQCKThh,3923,67,0,0.0,Qwen3-8B,1,random,random
R_1GZYooXoZQCKThh,3992,68,0,0.0,Qwen3-8B,1,random,random
R_1GZYooXoZQCKThh,4059,69,0,0.0,Qwen3-8B,4,random,random
R_1GZYooXoZQCKThh,4126,70,0,0.0,Qwen3-8B,3,random,random
R_1GZYooXoZQCKThh,4194,71,0,0.0,Qwen3-8B,4,random,random
R_1GZYooXoZQCKThh,4262,72,0,0.0,Qwen3-8B,4,random,random
R_1GZYooXoZQCKThh,4330,73,0,0.0,Qwen3-8B,2,random,random
R_1GZYooXoZQCKThh,4383,74,0,0.0,Qwen3-8B,2,random,random
R_31vCjK2um8pTcaG,2223,42,0,0.0,Qwen3-8B,2,random,random
R_31vCjK2um8pTcaG,6670,111,0,0.0,Qwen3-8B,1,random,random
R_31vCjK2um8pTcaG,7127,118,3,1.0,Qwen3-8B,3,random,random
R_31vCjK2um8pTcaG,9819,158,4,1.0,Qwen3-8B,2,random,random
R_31vCjK2um8pTcaG,20489,322,3,1.0,Qwen3-8B,1,random,random
R_31vCjK2um8pTcaG,35776,572,0,0.0,Qwen3-8B,1,random,random
R_31vCjK2um8pTcaG,36541,585,2,1.0,Qwen3-8B,1,random,random
R_31vCjK2um8pTcaG,50950,810,3,1.0,Qwen3-8B,3,random,random
R_31vCjK2um8pTcaG,52023,825,3,1.0,Qwen3-8B,4,random,random
R_31vCjK2um8pTcaG,54573,861,2,1.0,Qwen3-8B,2,random,random
R_31vCjK2um8pTcaG,56402,890,2,1.0,Qwen3-8B,1,random,random
R_31vCjK2um8pTcaG,60287,950,4,1.0,Qwen3-8B,2,random,random
R_31vCjK2um8pTcaG,65452,1036,4,1.0,Qwen3-8B,3,random,random
R_31vCjK2um8pTcaG,113488,2843,3,1.0,Qwen3-8B,5,social-group,transgender
R_31vCjK2um8pTcaG,113512,2844,2,1.0,Qwen3-8B,4,social-group,christian
R_31vCjK2um8pTcaG,113536,2845,0,0.0,Qwen3-8B,3,social-group,christian
R_31vCjK2um8pTcaG,113560,2846,4,1.0,Qwen3-8B,4,social-group,muslim
R_31vCjK2um8pTcaG,113584,2847,3,1.0,Qwen3-8B,3,social-group,christian
R_31vCjK2um8pTcaG,113608,2848,4,1.0,Qwen3-8B,4,social-group,transgender
R_31vCjK2um8pTcaG,113632,2849,4,1.0,Qwen3-8B,1,social-group,muslim
R_31vCjK2um8pTcaG,113656,2850,3,1.0,Qwen3-8B,3,social-group,transgender
R_31vCjK2um8pTcaG,113680,2851,1,0.0,Qwen3-8B,1,social-group,transgender
R_31vCjK2um8pTcaG,113704,2852,4,1.0,Qwen3-8B,4,social-group,christian
R_31vCjK2um8pTcaG,113728,2853,2,1.0,Qwen3-8B,2,social-group,transgender
R_31vCjK2um8pTcaG,113752,2854,1,0.0,Qwen3-8B,2,social-group,jewish
R_31vCjK2um8pTcaG,113776,2855,4,1.0,Qwen3-8B,5,random,random
R_31vCjK2um8pTcaG,113800,2856,3,1.0,Qwen3-8B,3,social-group,muslim
R_31vCjK2um8pTcaG,113824,2857,2,1.0,Qwen3-8B,4,moral,fairness
R_31vCjK2um8pTcaG,113848,2858,2,1.0,Qwen3-8B,1,social-group,muslim
R_31vCjK2um8pTcaG,113872,2859,3,1.0,Qwen3-8B,1,social-group,christian
R_31vCjK2um8pTcaG,113896,2860,-1,,Qwen3-8B,3,moral,purity
R_31vCjK2um8pTcaG,113920,2861,1,0.0,Qwen3-8B,1,random,random
R_31vCjK2um8pTcaG,113944,2862,4,1.0,Qwen3-8B,2,social-group,christian
R_31vCjK2um8pTcaG,113968,2863,0,0.0,Qwen3-8B,5,social-group,muslim
R_31vCjK2um8pTcaG,113992,2864,1,0.0,Qwen3-8B,2,social-group,transgender
R_1C92scfssj6QbFF,2269,42,0,0.0,Qwen3-8B,2,random,random
R_1C92scfssj6QbFF,6708,111,0,0.0,Qwen3-8B,1,random,random
R_1C92scfssj6QbFF,7165,118,0,0.0,Qwen3-8B,3,random,random
R_1C92scfssj6QbFF,9858,158,0,0.0,Qwen3-8B,2,random,random
R_1C92scfssj6QbFF,20523,322,0,0.0,Qwen3-8B,1,random,random
R_1C92scfssj6QbFF,35813,572,0,0.0,Qwen3-8B,1,random,random
R_1C92scfssj6QbFF,36578,585,0,0.0,Qwen3-8B,1,random,random
R_1C92scfssj6QbFF,50992,810,0,0.0,Qwen3-8B,3,random,random
R_1C92scfssj6QbFF,52065,825,0,0.0,Qwen3-8B,4,random,random
R_1C92scfssj6QbFF,54614,861,0,0.0,Qwen3-8B,2,random,random
R_1C92scfssj6QbFF,56451,890,0,0.0,Qwen3-8B,1,random,random
R_1C92scfssj6QbFF,60321,950,0,0.0,Qwen3-8B,2,random,random
R_1C92scfssj6QbFF,65499,1036,0,0.0,Qwen3-8B,3,random,random
R_1C92scfssj6QbFF,113502,2843,0,0.0,Qwen3-8B,5,social-group,transgender
R_1C92scfssj6QbFF,113526,2844,0,0.0,Qwen3-8B,4,social-group,christian
R_1C92scfssj6QbFF,113550,2845,0,0.0,Qwen3-8B,3,social-group,christian
R_1C92scfssj6QbFF,113574,2846,0,0.0,Qwen3-8B,4,social-group,muslim
R_1C92scfssj6QbFF,113598,2847,0,0.0,Qwen3-8B,3,social-group,christian
R_1C92scfssj6QbFF,113622,2848,0,0.0,Qwen3-8B,4,social-group,transgender
R_1C92scfssj6QbFF,113646,2849,0,0.0,Qwen3-8B,1,social-group,muslim
R_1C92scfssj6QbFF,113670,2850,0,0.0,Qwen3-8B,3,social-group,transgender
R_1C92scfssj6QbFF,113694,2851,0,0.0,Qwen3-8B,1,social-group,transgender
R_1C92scfssj6QbFF,113718,2852,0,0.0,Qwen3-8B,4,social-group,christian
R_1C92scfssj6QbFF,113742,2853,0,0.0,Qwen3-8B,2,social-group,transgender
R_1C92scfssj6QbFF,113766,2854,0,0.0,Qwen3-8B,2,social-group,jewish
R_1C92scfssj6QbFF,113790,2855,0,0.0,Qwen3-8B,5,random,random
R_1C92scfssj6QbFF,113814,2856,0,0.0,Qwen3-8B,3,social-group,muslim
R_1C92scfssj6QbFF,113838,2857,0,0.0,Qwen3-8B,4,moral,fairness
R_1C92scfssj6QbFF,113862,2858,0,0.0,Qwen3-8B,1,social-group,muslim
R_1C92scfssj6QbFF,113886,2859,0,0.0,Qwen3-8B,1,social-group,christian
R_1C92scfssj6QbFF,113910,2860,0,0.0,Qwen3-8B,3,moral,purity
R_1C92scfssj6QbFF,113934,2861,0,0.0,Qwen3-8B,1,random,random
R_1C92scfssj6QbFF,113958,2862,0,0.0,Qwen3-8B,2,social-group,christian
R_1C92scfssj6QbFF,113982,2863,0,0.0,Qwen3-8B,5,social-group,muslim
R_1C92scfssj6QbFF,114006,2864,0,0.0,Qwen3-8B,2,social-group,transgender
R_2yfrmKtd82yHyca,2347,44,4,1.0,Qwen3-8B,5,random,random
R_2yfrmKtd82yHyca,25828,408,3,1.0,Qwen3-8B,2,random,random
R_2yfrmKtd82yHyca,27943,446,4,1.0,Qwen3-8B,2,random,random
R_2yfrmKtd82yHyca,28464,456,0,0.0,Qwen3-8B,1,random,random
R_2yfrmKtd82yHyca,38977,626,0,0.0,Qwen3-8B,2,random,random
R_2yfrmKtd82yHyca,42857,690,2,1.0,Qwen3-8B,2,random,random
R_2yfrmKtd82yHyca,50733,806,3,1.0,Qwen3-8B,5,random,random
R_2yfrmKtd82yHyca,58832,924,3,1.0,Qwen3-8B,4,random,random
R_2yfrmKtd82yHyca,69956,1112,1,0.0,Qwen3-8B,3,random,random
R_2yfrmKtd82yHyca,95408,2090,4,1.0,Qwen3-8B,3,random,random
R_2yfrmKtd82yHyca,95432,2091,3,1.0,Qwen3-8B,2,social-group,christian
R_2yfrmKtd82yHyca,95456,2092,0,0.0,Qwen3-8B,3,random,random
R_2yfrmKtd82yHyca,95480,2093,1,0.0,Qwen3-8B,5,social-group,jewish
R_2yfrmKtd82yHyca,95504,2094,3,1.0,Qwen3-8B,1,social-group,christian
R_2yfrmKtd82yHyca,95528,2095,4,1.0,Qwen3-8B,5,social-group,jewish
R_2yfrmKtd82yHyca,95552,2096,0,0.0,Qwen3-8B,1,social-group,transgender
R_2yfrmKtd82yHyca,95576,2097,3,1.0,Qwen3-8B,2,random,random
R_2yfrmKtd82yHyca,95600,2098,4,1.0,Qwen3-8B,5,social-group,LGB
R_2yfrmKtd82yHyca,95624,2099,4,1.0,Qwen3-8B,4,social-group,christian
R_2yfrmKtd82yHyca,95694,2100,0,0.0,Qwen3-8B,1,moral,purity
R_2yfrmKtd82yHyca,95694,2100,0,0.0,Qwen3-8B,1,moral,care
R_2yfrmKtd82yHyca,95694,2100,0,0.0,Qwen3-8B,1,moral,loyalty
R_2yfrmKtd82yHyca,95694,2100,0,0.0,Qwen3-8B,1,moral,purity
R_2yfrmKtd82yHyca,95694,2100,0,0.0,Qwen3-8B,1,moral,care
R_2yfrmKtd82yHyca,95694,2100,0,0.0,Qwen3-8B,1,moral,loyalty
R_2yfrmKtd82yHyca,95694,2100,0,0.0,Qwen3-8B,1,moral,purity
R_2yfrmKtd82yHyca,95694,2100,0,0.0,Qwen3-8B,1,moral,care
R_2yfrmKtd82yHyca,95694,2100,0,0.0,Qwen3-8B,1,moral,loyalty
R_2yfrmKtd82yHyca,95861,2101,3,1.0,Qwen3-8B,3,social-group,christian
R_2yfrmKtd82yHyca,95904,2102,0,0.0,Qwen3-8B,1,moral,care
R_2yfrmKtd82yHyca,95904,2102,0,0.0,Qwen3-8B,1,moral,loyalty
R_2yfrmKtd82yHyca,95904,2102,0,0.0,Qwen3-8B,1,moral,care
R_2yfrmKtd82yHyca,95904,2102,0,0.0,Qwen3-8B,1,moral,loyalty
R_2yfrmKtd82yHyca,95979,2103,1,0.0,Qwen3-8B,1,social-group,christian
R_2yfrmKtd82yHyca,96003,2104,1,0.0,Qwen3-8B,3,social-group,christian
R_2yfrmKtd82yHyca,96027,2105,0,0.0,Qwen3-8B,1,moral,loyalty
R_2yfrmKtd82yHyca,96051,2106,2,1.0,Qwen3-8B,2,social-group,jewish
R_2yfrmKtd82yHyca,96075,2107,-1,,Qwen3-8B,1,moral,authority
R_2yfrmKtd82yHyca,96099,2108,2,1.0,Qwen3-8B,3,social-group,LGB
R_2yfrmKtd82yHyca,96123,2109,2,1.0,Qwen3-8B,3,social-group,christian
R_2yfrmKtd82yHyca,96147,2110,2,1.0,Qwen3-8B,3,moral,care
R_2yfrmKtd82yHyca,96171,2111,4,1.0,Qwen3-8B,5,social-group,jewish
R_2yfrmKtd82yHyca,96195,2112,3,1.0,Qwen3-8B,4,social-group,LGB
R_2yfrmKtd82yHyca,96219,2113,4,1.0,Qwen3-8B,5,social-group,LGB
R_2yfrmKtd82yHyca,96243,2114,4,1.0,Qwen3-8B,1,moral,authority
R_2yfrmKtd82yHyca,96267,2115,2,1.0,Qwen3-8B,5,social-group,muslim
R_3EWRLtyebxdZDPw,2384,44,0,0.0,Qwen3-8B,5,random,random
R_3EWRLtyebxdZDPw,25858,408,0,0.0,Qwen3-8B,2,random,random
R_3EWRLtyebxdZDPw,27971,446,0,0.0,Qwen3-8B,2,random,random
R_3EWRLtyebxdZDPw,28492,456,0,0.0,Qwen3-8B,1,random,random
R_3EWRLtyebxdZDPw,39007,626,0,0.0,Qwen3-8B,2,random,random
R_3EWRLtyebxdZDPw,42888,690,0,0.0,Qwen3-8B,2,random,random
R_3EWRLtyebxdZDPw,50764,806,0,0.0,Qwen3-8B,5,random,random
R_3EWRLtyebxdZDPw,58860,924,0,0.0,Qwen3-8B,4,random,random
R_3EWRLtyebxdZDPw,69979,1112,0,0.0,Qwen3-8B,3,random,random
R_3EWRLtyebxdZDPw,95420,2090,0,0.0,Qwen3-8B,3,random,random
R_3EWRLtyebxdZDPw,95444,2091,0,0.0,Qwen3-8B,2,social-group,christian
R_3EWRLtyebxdZDPw,95468,2092,0,0.0,Qwen3-8B,3,random,random
R_3EWRLtyebxdZDPw,95492,2093,0,0.0,Qwen3-8B,5,social-group,jewish
R_3EWRLtyebxdZDPw,95516,2094,0,0.0,Qwen3-8B,1,social-group,christian
R_3EWRLtyebxdZDPw,95540,2095,0,0.0,Qwen3-8B,5,social-group,jewish
R_3EWRLtyebxdZDPw,95564,2096,0,0.0,Qwen3-8B,1,social-group,transgender
R_3EWRLtyebxdZDPw,95588,2097,0,0.0,Qwen3-8B,2,random,random
R_3EWRLtyebxdZDPw,95612,2098,0,0.0,Qwen3-8B,5,social-group,LGB
R_3EWRLtyebxdZDPw,95636,2099,0,0.0,Qwen3-8B,4,social-group,christian
R_3EWRLtyebxdZDPw,95796,2100,0,0.0,Qwen3-8B,1,moral,purity
R_3EWRLtyebxdZDPw,95796,2100,0,0.0,Qwen3-8B,1,moral,care
R_3EWRLtyebxdZDPw,95796,2100,0,0.0,Qwen3-8B,1,moral,loyalty
R_3EWRLtyebxdZDPw,95796,2100,0,0.0,Qwen3-8B,1,moral,purity
R_3EWRLtyebxdZDPw,95796,2100,0,0.0,Qwen3-8B,1,moral,care
R_3EWRLtyebxdZDPw,95796,2100,0,0.0,Qwen3-8B,1,moral,loyalty
R_3EWRLtyebxdZDPw,95796,2100,0,0.0,Qwen3-8B,1,moral,purity
R_3EWRLtyebxdZDPw,95796,2100,0,0.0,Qwen3-8B,1,moral,care
R_3EWRLtyebxdZDPw,95796,2100,0,0.0,Qwen3-8B,1,moral,loyalty
R_3EWRLtyebxdZDPw,95873,2101,0,0.0,Qwen3-8B,3,social-group,christian
R_3EWRLtyebxdZDPw,95944,2102,0,0.0,Qwen3-8B,1,moral,care
R_3EWRLtyebxdZDPw,95944,2102,0,0.0,Qwen3-8B,1,moral,loyalty
R_3EWRLtyebxdZDPw,95944,2102,0,0.0,Qwen3-8B,1,moral,care
R_3EWRLtyebxdZDPw,95944,2102,0,0.0,Qwen3-8B,1,moral,loyalty
R_3EWRLtyebxdZDPw,95991,2103,0,0.0,Qwen3-8B,1,social-group,christian
R_3EWRLtyebxdZDPw,96015,2104,0,0.0,Qwen3-8B,3,social-group,christian
R_3EWRLtyebxdZDPw,96039,2105,0,0.0,Qwen3-8B,1,moral,loyalty
R_3EWRLtyebxdZDPw,96063,2106,0,0.0,Qwen3-8B,2,social-group,jewish
R_3EWRLtyebxdZDPw,96087,2107,0,0.0,Qwen3-8B,1,moral,authority
R_3EWRLtyebxdZDPw,96111,2108,0,0.0,Qwen3-8B,3,social-group,LGB
R_3EWRLtyebxdZDPw,96135,2109,0,0.0,Qwen3-8B,3,social-group,christian
R_3EWRLtyebxdZDPw,96159,2110,0,0.0,Qwen3-8B,3,moral,care
R_3EWRLtyebxdZDPw,96183,2111,0,0.0,Qwen3-8B,5,social-group,jewish
R_3EWRLtyebxdZDPw,96207,2112,0,0.0,Qwen3-8B,4,social-group,LGB
R_3EWRLtyebxdZDPw,96231,2113,0,0.0,Qwen3-8B,5,social-group,LGB
R_3EWRLtyebxdZDPw,96255,2114,0,0.0,Qwen3-8B,1,moral,authority
R_3EWRLtyebxdZDPw,96279,2115,0,0.0,Qwen3-8B,5,social-group,muslim
R_3PZTdu8W5FYluXV,2484,46,0,0.0,Qwen3-8B,3,random,random
R_3PZTdu8W5FYluXV,5799,97,0,0.0,Qwen3-8B,4,random,random
R_3PZTdu8W5FYluXV,7671,126,4,1.0,Qwen3-8B,3,random,random
R_3PZTdu8W5FYluXV,7671,126,4,1.0,Qwen3-8B,3,moral,fairness
R_3PZTdu8W5FYluXV,7671,126,4,1.0,Qwen3-8B,3,random,random
R_3PZTdu8W5FYluXV,7671,126,4,1.0,Qwen3-8B,3,moral,fairness
R_3PZTdu8W5FYluXV,13024,208,4,1.0,Qwen3-8B,5,random,random
R_3PZTdu8W5FYluXV,18075,285,0,0.0,Qwen3-8B,2,random,random
R_3PZTdu8W5FYluXV,30103,482,2,1.0,Qwen3-8B,4,random,random
R_3PZTdu8W5FYluXV,30103,482,2,1.0,Qwen3-8B,4,moral,care
R_3PZTdu8W5FYluXV,30103,482,2,1.0,Qwen3-8B,4,random,random
R_3PZTdu8W5FYluXV,30103,482,2,1.0,Qwen3-8B,4,moral,care
R_3PZTdu8W5FYluXV,40171,646,0,0.0,Qwen3-8B,1,random,random
R_3PZTdu8W5FYluXV,44952,722,4,1.0,Qwen3-8B,2,random,random
R_3PZTdu8W5FYluXV,45879,735,0,0.0,Qwen3-8B,2,random,random
R_3PZTdu8W5FYluXV,51644,819,3,1.0,Qwen3-8B,3,random,random
R_3PZTdu8W5FYluXV,67394,1067,0,0.0,Qwen3-8B,1,random,random
R_3PZTdu8W5FYluXV,112399,2799,0,0.0,Qwen3-8B,1,moral,loyalty
R_3PZTdu8W5FYluXV,112399,2799,0,0.0,Qwen3-8B,1,moral,care
R_3PZTdu8W5FYluXV,112399,2799,0,0.0,Qwen3-8B,1,moral,loyalty
R_3PZTdu8W5FYluXV,112399,2799,0,0.0,Qwen3-8B,1,moral,care
R_3PZTdu8W5FYluXV,118086,3042,4,1.0,Qwen3-8B,5,social-group,transgender
R_3PZTdu8W5FYluXV,118108,3043,2,1.0,Qwen3-8B,3,random,random
R_3PZTdu8W5FYluXV,118130,3044,0,0.0,Qwen3-8B,2,moral,loyalty
R_3PZTdu8W5FYluXV,118152,3045,0,0.0,Qwen3-8B,5,social-group,muslim
R_3PZTdu8W5FYluXV,118174,3046,1,0.0,Qwen3-8B,3,social-group,transgender
R_3PZTdu8W5FYluXV,118196,3047,0,0.0,Qwen3-8B,1,random,random
R_3PZTdu8W5FYluXV,118218,3048,4,1.0,Qwen3-8B,4,social-group,muslim
R_3PZTdu8W5FYluXV,118240,3049,4,1.0,Qwen3-8B,5,social-group,muslim
R_3PZTdu8W5FYluXV,118262,3050,0,0.0,Qwen3-8B,1,random,random
R_3PZTdu8W5FYluXV,118284,3051,4,1.0,Qwen3-8B,3,social-group,transgender
R_3PZTdu8W5FYluXV,118306,3052,1,0.0,Qwen3-8B,4,social-group,transgender
R_3PZTdu8W5FYluXV,118328,3053,3,1.0,Qwen3-8B,1,social-group,jewish
R_3PZTdu8W5FYluXV,118350,3054,3,1.0,Qwen3-8B,5,social-group,transgender
R_3PZTdu8W5FYluXV,118372,3055,3,1.0,Qwen3-8B,5,social-group,muslim
R_3PZTdu8W5FYluXV,118394,3056,4,1.0,Qwen3-8B,2,social-group,christian
R_3PZTdu8W5FYluXV,118416,3057,1,0.0,Qwen3-8B,3,social-group,muslim
R_3PZTdu8W5FYluXV,118438,3058,4,1.0,Qwen3-8B,3,social-group,muslim
R_3PZTdu8W5FYluXV,118460,3059,0,0.0,Qwen3-8B,5,random,random
R_3PZTdu8W5FYluXV,118482,3060,4,1.0,Qwen3-8B,3,social-group,jewish
R_3PZTdu8W5FYluXV,118504,3061,4,1.0,Qwen3-8B,4,social-group,LGB
R_3PZTdu8W5FYluXV,118526,3062,2,1.0,Qwen3-8B,3,social-group,christian
R_3PZTdu8W5FYluXV,118548,3063,4,1.0,Qwen3-8B,4,social-group,muslim
R_3PZTdu8W5FYluXV,118570,3064,0,0.0,Qwen3-8B,3,random,random
R_29aTSPyuUnGhW1z,2552,47,1,0.0,Qwen3-8B,4,random,random
R_29aTSPyuUnGhW1z,11339,184,1,0.0,Qwen3-8B,2,random,random
R_29aTSPyuUnGhW1z,14234,226,0,0.0,Qwen3-8B,1,random,random
R_29aTSPyuUnGhW1z,17036,268,3,1.0,Qwen3-8B,5,random,random
R_29aTSPyuUnGhW1z,21732,341,1,0.0,Qwen3-8B,2,random,random
R_29aTSPyuUnGhW1z,29825,478,1,0.0,Qwen3-8B,2,random,random
R_29aTSPyuUnGhW1z,35018,559,2,1.0,Qwen3-8B,3,random,random
R_29aTSPyuUnGhW1z,37555,602,0,0.0,Qwen3-8B,1,random,random
R_29aTSPyuUnGhW1z,49058,779,0,0.0,Qwen3-8B,3,random,random
R_29aTSPyuUnGhW1z,53264,839,0,0.0,Qwen3-8B,3,random,random
R_29aTSPyuUnGhW1z,67628,1071,1,0.0,Qwen3-8B,2,random,random
R_29aTSPyuUnGhW1z,104329,2457,1,0.0,Qwen3-8B,2,moral,loyalty
R_29aTSPyuUnGhW1z,104353,2458,2,1.0,Qwen3-8B,3,moral,fairness
R_29aTSPyuUnGhW1z,104377,2459,3,1.0,Qwen3-8B,4,social-group,transgender
R_29aTSPyuUnGhW1z,104401,2460,2,1.0,Qwen3-8B,5,random,random
R_29aTSPyuUnGhW1z,104425,2461,3,1.0,Qwen3-8B,4,social-group,transgender
R_29aTSPyuUnGhW1z,104449,2462,0,0.0,Qwen3-8B,3,social-group,christian
R_29aTSPyuUnGhW1z,104473,2463,0,0.0,Qwen3-8B,2,moral,loyalty
R_29aTSPyuUnGhW1z,104497,2464,3,1.0,Qwen3-8B,4,social-group,muslim
R_29aTSPyuUnGhW1z,104521,2465,2,1.0,Qwen3-8B,5,social-group,christian
R_29aTSPyuUnGhW1z,104545,2466,3,1.0,Qwen3-8B,3,social-group,LGB
R_29aTSPyuUnGhW1z,104569,2467,2,1.0,Qwen3-8B,3,social-group,LGB
R_29aTSPyuUnGhW1z,104593,2468,2,1.0,Qwen3-8B,4,moral,fairness
R_29aTSPyuUnGhW1z,104617,2469,3,1.0,Qwen3-8B,3,social-group,LGB
R_29aTSPyuUnGhW1z,104641,2470,1,0.0,Qwen3-8B,3,social-group,LGB
R_29aTSPyuUnGhW1z,104665,2471,3,1.0,Qwen3-8B,2,social-group,muslim
R_29aTSPyuUnGhW1z,104689,2472,2,1.0,Qwen3-8B,5,social-group,muslim
R_29aTSPyuUnGhW1z,104713,2473,3,1.0,Qwen3-8B,4,social-group,transgender
R_29aTSPyuUnGhW1z,104737,2474,4,1.0,Qwen3-8B,4,social-group,muslim
R_29aTSPyuUnGhW1z,104761,2475,3,1.0,Qwen3-8B,4,social-group,christian
R_29aTSPyuUnGhW1z,104785,2476,2,1.0,Qwen3-8B,3,social-group,LGB
R_29aTSPyuUnGhW1z,104809,2477,2,1.0,Qwen3-8B,4,social-group,transgender
R_29aTSPyuUnGhW1z,104833,2478,2,1.0,Qwen3-8B,4,social-group,christian
R_29aTSPyuUnGhW1z,104857,2479,4,1.0,Qwen3-8B,3,social-group,LGB
R_29aTSPyuUnGhW1z,104881,2480,1,0.0,Qwen3-8B,3,social-group,christian
R_1YAupzUp1USnG1P,2689,49,1,0.0,Qwen3-8B,1,random,random
R_1YAupzUp1USnG1P,15677,246,2,1.0,Qwen3-8B,1,random,random
R_1YAupzUp1USnG1P,21671,340,0,0.0,Qwen3-8B,2,random,random
R_1YAupzUp1USnG1P,23276,365,0,0.0,Qwen3-8B,2,random,random
R_1YAupzUp1USnG1P,31930,508,0,0.0,Qwen3-8B,3,random,random
R_1YAupzUp1USnG1P,54114,853,0,0.0,Qwen3-8B,1,random,random
R_1YAupzUp1USnG1P,57670,907,0,0.0,Qwen3-8B,1,random,random
R_1YAupzUp1USnG1P,57670,907,0,0.0,Qwen3-8B,1,moral,care
R_1YAupzUp1USnG1P,57670,907,0,0.0,Qwen3-8B,1,random,random
R_1YAupzUp1USnG1P,57670,907,0,0.0,Qwen3-8B,1,moral,care
R_1YAupzUp1USnG1P,59677,939,0,0.0,Qwen3-8B,2,random,random
R_1YAupzUp1USnG1P,61958,981,1,0.0,Qwen3-8B,2,random,random
R_1YAupzUp1USnG1P,74455,1243,1,0.0,Qwen3-8B,1,moral,purity
R_1YAupzUp1USnG1P,74455,1243,1,0.0,Qwen3-8B,1,moral,loyalty
R_1YAupzUp1USnG1P,74455,1243,1,0.0,Qwen3-8B,1,moral,purity
R_1YAupzUp1USnG1P,74455,1243,1,0.0,Qwen3-8B,1,moral,loyalty
R_1YAupzUp1USnG1P,128833,3498,0,0.0,Qwen3-8B,4,social-group,transgender
R_1YAupzUp1USnG1P,128857,3499,0,0.0,Qwen3-8B,3,random,random
R_1YAupzUp1USnG1P,128881,3500,0,0.0,Qwen3-8B,2,moral,fairness
R_1YAupzUp1USnG1P,128905,3501,0,0.0,Qwen3-8B,1,social-group,transgender
R_1YAupzUp1USnG1P,128929,3502,0,0.0,Qwen3-8B,2,moral,purity
R_1YAupzUp1USnG1P,128953,3503,3,1.0,Qwen3-8B,3,social-group,LGB
R_1YAupzUp1USnG1P,128977,3504,3,1.0,Qwen3-8B,2,social-group,jewish
R_1YAupzUp1USnG1P,129001,3505,4,1.0,Qwen3-8B,3,social-group,christian
R_1YAupzUp1USnG1P,129025,3506,0,0.0,Qwen3-8B,1,random,random
R_1YAupzUp1USnG1P,129049,3507,4,1.0,Qwen3-8B,3,social-group,christian
R_1YAupzUp1USnG1P,129073,3508,1,0.0,Qwen3-8B,3,social-group,transgender
R_1YAupzUp1USnG1P,129097,3509,0,0.0,Qwen3-8B,1,random,random
R_1YAupzUp1USnG1P,129121,3510,0,0.0,Qwen3-8B,2,moral,fairness
R_1YAupzUp1USnG1P,129145,3511,0,0.0,Qwen3-8B,4,social-group,jewish
R_1YAupzUp1USnG1P,129169,3512,0,0.0,Qwen3-8B,3,social-group,christian
R_1YAupzUp1USnG1P,129193,3513,0,0.0,Qwen3-8B,3,random,random
R_1YAupzUp1USnG1P,129217,3514,3,1.0,Qwen3-8B,4,social-group,jewish
R_1YAupzUp1USnG1P,129241,3515,0,0.0,Qwen3-8B,1,social-group,LGB
R_1YAupzUp1USnG1P,129265,3516,0,0.0,Qwen3-8B,4,social-group,LGB
R_1YAupzUp1USnG1P,129289,3517,2,1.0,Qwen3-8B,4,social-group,jewish
R_1YAupzUp1USnG1P,129313,3518,4,1.0,Qwen3-8B,3,social-group,muslim
R_1YAupzUp1USnG1P,129337,3519,0,0.0,Qwen3-8B,5,social-group,transgender
R_1YAupzUp1USnG1P,129361,3520,4,1.0,Qwen3-8B,5,random,random
R_1YAupzUp1USnG1P,129385,3521,4,1.0,Qwen3-8B,4,moral,purity
R_1YAupzUp1USnG1P,129409,3522,4,1.0,Qwen3-8B,1,social-group,muslim
R_PXqp4pHSP0tQuxr,2719,49,4,1.0,Qwen3-8B,1,random,random
R_PXqp4pHSP0tQuxr,15706,246,3,1.0,Qwen3-8B,1,random,random
R_PXqp4pHSP0tQuxr,21694,340,4,1.0,Qwen3-8B,2,random,random
R_PXqp4pHSP0tQuxr,23296,365,0,0.0,Qwen3-8B,2,random,random
R_PXqp4pHSP0tQuxr,31956,508,4,1.0,Qwen3-8B,3,random,random
R_PXqp4pHSP0tQuxr,54144,853,0,0.0,Qwen3-8B,1,random,random
R_PXqp4pHSP0tQuxr,57742,907,0,0.0,Qwen3-8B,1,random,random
R_PXqp4pHSP0tQuxr,57742,907,0,0.0,Qwen3-8B,1,moral,care
R_PXqp4pHSP0tQuxr,57742,907,0,0.0,Qwen3-8B,1,random,random
R_PXqp4pHSP0tQuxr,57742,907,0,0.0,Qwen3-8B,1,moral,care
R_PXqp4pHSP0tQuxr,59698,939,0,0.0,Qwen3-8B,2,random,random
R_PXqp4pHSP0tQuxr,61978,981,0,0.0,Qwen3-8B,2,random,random
R_PXqp4pHSP0tQuxr,74547,1243,3,1.0,Qwen3-8B,1,moral,purity
R_PXqp4pHSP0tQuxr,74547,1243,3,1.0,Qwen3-8B,1,moral,loyalty
R_PXqp4pHSP0tQuxr,74547,1243,3,1.0,Qwen3-8B,1,moral,purity
R_PXqp4pHSP0tQuxr,74547,1243,3,1.0,Qwen3-8B,1,moral,loyalty
R_PXqp4pHSP0tQuxr,128842,3498,4,1.0,Qwen3-8B,4,social-group,transgender
R_PXqp4pHSP0tQuxr,128866,3499,4,1.0,Qwen3-8B,3,random,random
R_PXqp4pHSP0tQuxr,128890,3500,4,1.0,Qwen3-8B,2,moral,fairness
R_PXqp4pHSP0tQuxr,128914,3501,0,0.0,Qwen3-8B,1,social-group,transgender
R_PXqp4pHSP0tQuxr,128938,3502,-1,,Qwen3-8B,2,moral,purity
R_PXqp4pHSP0tQuxr,128962,3503,4,1.0,Qwen3-8B,3,social-group,LGB
R_PXqp4pHSP0tQuxr,128986,3504,4,1.0,Qwen3-8B,2,social-group,jewish
R_PXqp4pHSP0tQuxr,129010,3505,4,1.0,Qwen3-8B,3,social-group,christian
R_PXqp4pHSP0tQuxr,129034,3506,4,1.0,Qwen3-8B,1,random,random
R_PXqp4pHSP0tQuxr,129058,3507,4,1.0,Qwen3-8B,3,social-group,christian
R_PXqp4pHSP0tQuxr,129082,3508,3,1.0,Qwen3-8B,3,social-group,transgender
R_PXqp4pHSP0tQuxr,129106,3509,4,1.0,Qwen3-8B,1,random,random
R_PXqp4pHSP0tQuxr,129130,3510,0,0.0,Qwen3-8B,2,moral,fairness
R_PXqp4pHSP0tQuxr,129154,3511,-1,,Qwen3-8B,4,social-group,jewish
R_PXqp4pHSP0tQuxr,129178,3512,0,0.0,Qwen3-8B,3,social-group,christian
R_PXqp4pHSP0tQuxr,129202,3513,4,1.0,Qwen3-8B,3,random,random
R_PXqp4pHSP0tQuxr,129226,3514,4,1.0,Qwen3-8B,4,social-group,jewish
R_PXqp4pHSP0tQuxr,129250,3515,0,0.0,Qwen3-8B,1,social-group,LGB
R_PXqp4pHSP0tQuxr,129274,3516,4,1.0,Qwen3-8B,4,social-group,LGB
R_PXqp4pHSP0tQuxr,129298,3517,4,1.0,Qwen3-8B,4,social-group,jewish
R_PXqp4pHSP0tQuxr,129322,3518,4,1.0,Qwen3-8B,3,social-group,muslim
R_PXqp4pHSP0tQuxr,129346,3519,4,1.0,Qwen3-8B,5,social-group,transgender
R_PXqp4pHSP0tQuxr,129370,3520,4,1.0,Qwen3-8B,5,random,random
R_PXqp4pHSP0tQuxr,129394,3521,0,0.0,Qwen3-8B,4,moral,purity
R_PXqp4pHSP0tQuxr,129418,3522,4,1.0,Qwen3-8B,1,social-group,muslim
R_1E5JWrbaVr7zR7H,2733,49,0,0.0,Qwen3-8B,1,random,random
R_1E5JWrbaVr7zR7H,15719,246,1,0.0,Qwen3-8B,1,random,random
R_1E5JWrbaVr7zR7H,21710,340,0,0.0,Qwen3-8B,2,random,random
R_1E5JWrbaVr7zR7H,23312,365,1,0.0,Qwen3-8B,2,random,random
R_1E5JWrbaVr7zR7H,31969,508,-1,,Qwen3-8B,3,random,random
R_1E5JWrbaVr7zR7H,54156,853,0,0.0,Qwen3-8B,1,random,random
R_1E5JWrbaVr7zR7H,57780,907,0,0.0,Qwen3-8B,1,random,random
R_1E5JWrbaVr7zR7H,57780,907,0,0.0,Qwen3-8B,1,moral,care
R_1E5JWrbaVr7zR7H,57780,907,0,0.0,Qwen3-8B,1,random,random
R_1E5JWrbaVr7zR7H,57780,907,0,0.0,Qwen3-8B,1,moral,care
R_1E5JWrbaVr7zR7H,59711,939,0,0.0,Qwen3-8B,2,random,random
R_1E5JWrbaVr7zR7H,61993,981,0,0.0,Qwen3-8B,2,random,random
R_1E5JWrbaVr7zR7H,74619,1243,0,0.0,Qwen3-8B,1,moral,purity
R_1E5JWrbaVr7zR7H,74619,1243,0,0.0,Qwen3-8B,1,moral,loyalty
R_1E5JWrbaVr7zR7H,74619,1243,0,0.0,Qwen3-8B,1,moral,purity
R_1E5JWrbaVr7zR7H,74619,1243,0,0.0,Qwen3-8B,1,moral,loyalty
R_1E5JWrbaVr7zR7H,128848,3498,0,0.0,Qwen3-8B,4,social-group,transgender
R_1E5JWrbaVr7zR7H,128872,3499,1,0.0,Qwen3-8B,3,random,random
R_1E5JWrbaVr7zR7H,128896,3500,0,0.0,Qwen3-8B,2,moral,fairness
R_1E5JWrbaVr7zR7H,128920,3501,1,0.0,Qwen3-8B,1,social-group,transgender
R_1E5JWrbaVr7zR7H,128944,3502,1,0.0,Qwen3-8B,2,moral,purity
R_1E5JWrbaVr7zR7H,128968,3503,1,0.0,Qwen3-8B,3,social-group,LGB
R_1E5JWrbaVr7zR7H,128992,3504,-1,,Qwen3-8B,2,social-group,jewish
R_1E5JWrbaVr7zR7H,129016,3505,2,1.0,Qwen3-8B,3,social-group,christian
R_1E5JWrbaVr7zR7H,129040,3506,0,0.0,Qwen3-8B,1,random,random
R_1E5JWrbaVr7zR7H,129064,3507,1,0.0,Qwen3-8B,3,social-group,christian
R_1E5JWrbaVr7zR7H,129088,3508,-1,,Qwen3-8B,3,social-group,transgender
R_1E5JWrbaVr7zR7H,129112,3509,4,1.0,Qwen3-8B,1,random,random
R_1E5JWrbaVr7zR7H,129136,3510,0,0.0,Qwen3-8B,2,moral,fairness
R_1E5JWrbaVr7zR7H,129160,3511,0,0.0,Qwen3-8B,4,social-group,jewish
R_1E5JWrbaVr7zR7H,129184,3512,0,0.0,Qwen3-8B,3,social-group,christian
R_1E5JWrbaVr7zR7H,129208,3513,0,0.0,Qwen3-8B,3,random,random
R_1E5JWrbaVr7zR7H,129232,3514,4,1.0,Qwen3-8B,4,social-group,jewish
R_1E5JWrbaVr7zR7H,129256,3515,0,0.0,Qwen3-8B,1,social-group,LGB
R_1E5JWrbaVr7zR7H,129280,3516,0,0.0,Qwen3-8B,4,social-group,LGB
R_1E5JWrbaVr7zR7H,129304,3517,0,0.0,Qwen3-8B,4,social-group,jewish
R_1E5JWrbaVr7zR7H,129328,3518,1,0.0,Qwen3-8B,3,social-group,muslim
R_1E5JWrbaVr7zR7H,129352,3519,0,0.0,Qwen3-8B,5,social-group,transgender
R_1E5JWrbaVr7zR7H,129376,3520,0,0.0,Qwen3-8B,5,random,random
R_1E5JWrbaVr7zR7H,129400,3521,-1,,Qwen3-8B,4,moral,purity
R_1E5JWrbaVr7zR7H,129424,3522,3,1.0,Qwen3-8B,1,social-group,muslim
R_cZnHvkdgXm7fa1z,2758,50,1,0.0,Qwen3-8B,3,random,random
R_cZnHvkdgXm7fa1z,2827,51,1,0.0,Qwen3-8B,3,random,random
R_cZnHvkdgXm7fa1z,3823,66,1,0.0,Qwen3-8B,2,random,random
R_cZnHvkdgXm7fa1z,5295,89,3,1.0,Qwen3-8B,2,random,random
R_cZnHvkdgXm7fa1z,10983,178,4,1.0,Qwen3-8B,1,random,random
R_cZnHvkdgXm7fa1z,13234,211,0,0.0,Qwen3-8B,3,random,random
R_cZnHvkdgXm7fa1z,24706,390,1,0.0,Qwen3-8B,1,random,random
R_cZnHvkdgXm7fa1z,25142,397,3,1.0,Qwen3-8B,2,random,random
R_cZnHvkdgXm7fa1z,28310,453,1,0.0,Qwen3-8B,3,random,random
R_cZnHvkdgXm7fa1z,31328,500,1,0.0,Qwen3-8B,4,random,random
R_cZnHvkdgXm7fa1z,38146,612,0,0.0,Qwen3-8B,3,random,random
R_cZnHvkdgXm7fa1z,39155,629,0,0.0,Qwen3-8B,1,random,random
R_cZnHvkdgXm7fa1z,54990,868,2,1.0,Qwen3-8B,4,random,random
R_cZnHvkdgXm7fa1z,60920,962,-1,,Qwen3-8B,3,random,random
R_cZnHvkdgXm7fa1z,71845,1148,0,0.0,Qwen3-8B,3,random,random
R_cZnHvkdgXm7fa1z,131896,3629,1,0.0,Qwen3-8B,4,social-group,muslim
R_cZnHvkdgXm7fa1z,131920,3630,0,0.0,Qwen3-8B,2,moral,fairness
R_cZnHvkdgXm7fa1z,131944,3631,2,1.0,Qwen3-8B,1,moral,fairness
R_cZnHvkdgXm7fa1z,131968,3632,1,0.0,Qwen3-8B,3,social-group,muslim
R_cZnHvkdgXm7fa1z,131992,3633,3,1.0,Qwen3-8B,4,social-group,jewish
R_cZnHvkdgXm7fa1z,132016,3634,0,0.0,Qwen3-8B,3,social-group,muslim
R_cZnHvkdgXm7fa1z,132040,3635,4,1.0,Qwen3-8B,4,social-group,jewish
R_cZnHvkdgXm7fa1z,132064,3636,0,0.0,Qwen3-8B,3,random,random
R_cZnHvkdgXm7fa1z,132088,3637,4,1.0,Qwen3-8B,5,social-group,jewish
R_cZnHvkdgXm7fa1z,132112,3638,1,0.0,Qwen3-8B,2,moral,care
R_cZnHvkdgXm7fa1z,132136,3639,2,1.0,Qwen3-8B,2,social-group,muslim
R_cZnHvkdgXm7fa1z,132160,3640,0,0.0,Qwen3-8B,2,random,random
R_cZnHvkdgXm7fa1z,132184,3641,4,1.0,Qwen3-8B,5,social-group,LGB
R_cZnHvkdgXm7fa1z,132208,3642,0,0.0,Qwen3-8B,1,moral,care
R_cZnHvkdgXm7fa1z,132232,3643,0,0.0,Qwen3-8B,4,social-group,jewish
R_cZnHvkdgXm7fa1z,132256,3644,2,1.0,Qwen3-8B,3,social-group,LGB
R_cZnHvkdgXm7fa1z,132280,3645,1,0.0,Qwen3-8B,1,random,random
R_cZnHvkdgXm7fa1z,132304,3646,3,1.0,Qwen3-8B,1,social-group,LGB
R_cZnHvkdgXm7fa1z,132328,3647,2,1.0,Qwen3-8B,5,social-group,christian
R_cZnHvkdgXm7fa1z,132352,3648,1,0.0,Qwen3-8B,1,social-group,christian
R_PNEQKKURCjK1Vtv,2939,53,-1,,Qwen3-8B,1,random,random
R_PNEQKKURCjK1Vtv,4976,84,3,1.0,Qwen3-8B,4,random,random
R_PNEQKKURCjK1Vtv,8665,140,4,1.0,Qwen3-8B,3,random,random
R_PNEQKKURCjK1Vtv,11761,190,0,0.0,Qwen3-8B,3,random,random
R_PNEQKKURCjK1Vtv,17158,270,0,0.0,Qwen3-8B,2,random,random
R_PNEQKKURCjK1Vtv,49925,793,-1,,Qwen3-8B,1,random,random
R_PNEQKKURCjK1Vtv,65731,1040,3,1.0,Qwen3-8B,2,random,random
R_PNEQKKURCjK1Vtv,68977,1094,2,1.0,Qwen3-8B,3,random,random
R_PNEQKKURCjK1Vtv,69739,1108,1,0.0,Qwen3-8B,2,random,random
R_PNEQKKURCjK1Vtv,70509,1122,-1,,Qwen3-8B,2,random,random
R_PNEQKKURCjK1Vtv,81385,1518,2,1.0,Qwen3-8B,1,moral,purity
R_PNEQKKURCjK1Vtv,81385,1518,2,1.0,Qwen3-8B,1,moral,loyalty
R_PNEQKKURCjK1Vtv,81385,1518,2,1.0,Qwen3-8B,1,moral,purity
R_PNEQKKURCjK1Vtv,81385,1518,2,1.0,Qwen3-8B,1,moral,loyalty
R_PNEQKKURCjK1Vtv,100795,2304,0,0.0,Qwen3-8B,1,social-group,transgender
R_PNEQKKURCjK1Vtv,100816,2305,0,0.0,Qwen3-8B,3,social-group,jewish
R_PNEQKKURCjK1Vtv,100837,2306,0,0.0,Qwen3-8B,3,social-group,jewish
R_PNEQKKURCjK1Vtv,100858,2307,0,0.0,Qwen3-8B,1,social-group,transgender
R_PNEQKKURCjK1Vtv,100879,2308,3,1.0,Qwen3-8B,4,social-group,transgender
R_PNEQKKURCjK1Vtv,100900,2309,3,1.0,Qwen3-8B,3,random,random
R_PNEQKKURCjK1Vtv,100921,2310,4,1.0,Qwen3-8B,4,social-group,jewish
R_PNEQKKURCjK1Vtv,100942,2311,2,1.0,Qwen3-8B,2,social-group,jewish
R_PNEQKKURCjK1Vtv,100963,2312,0,0.0,Qwen3-8B,4,social-group,christian
R_PNEQKKURCjK1Vtv,100984,2313,1,0.0,Qwen3-8B,2,random,random
R_PNEQKKURCjK1Vtv,101005,2314,1,0.0,Qwen3-8B,2,random,random
R_PNEQKKURCjK1Vtv,101026,2315,4,1.0,Qwen3-8B,5,social-group,jewish
R_PNEQKKURCjK1Vtv,101047,2316,4,1.0,Qwen3-8B,1,social-group,christian
R_PNEQKKURCjK1Vtv,101068,2317,0,0.0,Qwen3-8B,1,random,random
R_PNEQKKURCjK1Vtv,101089,2318,4,1.0,Qwen3-8B,4,social-group,muslim
R_PNEQKKURCjK1Vtv,101110,2319,4,1.0,Qwen3-8B,3,social-group,christian
R_PNEQKKURCjK1Vtv,101131,2320,-1,,Qwen3-8B,3,social-group,transgender
R_PNEQKKURCjK1Vtv,101152,2321,0,0.0,Qwen3-8B,4,social-group,muslim
R_PNEQKKURCjK1Vtv,101173,2322,2,1.0,Qwen3-8B,1,social-group,muslim
R_PNEQKKURCjK1Vtv,101209,2323,0,0.0,Qwen3-8B,4,random,random
R_PNEQKKURCjK1Vtv,101209,2323,0,0.0,Qwen3-8B,4,moral,fairness
R_PNEQKKURCjK1Vtv,101209,2323,0,0.0,Qwen3-8B,4,random,random
R_PNEQKKURCjK1Vtv,101209,2323,0,0.0,Qwen3-8B,4,moral,fairness
R_PNEQKKURCjK1Vtv,101280,2324,1,0.0,Qwen3-8B,3,moral,fairness
R_PNEQKKURCjK1Vtv,101301,2325,0,0.0,Qwen3-8B,2,random,random
R_PNEQKKURCjK1Vtv,101322,2326,0,0.0,Qwen3-8B,2,social-group,muslim
R_PNEQKKURCjK1Vtv,101343,2327,1,0.0,Qwen3-8B,3,social-group,LGB
R_RaIElBqwy0a0Mnf,2995,54,0,0.0,Qwen3-8B,1,random,random
R_RaIElBqwy0a0Mnf,25693,406,0,0.0,Qwen3-8B,2,random,random
R_RaIElBqwy0a0Mnf,28040,448,0,0.0,Qwen3-8B,1,random,random
R_RaIElBqwy0a0Mnf,31573,504,4,1.0,Qwen3-8B,1,random,random
R_RaIElBqwy0a0Mnf,31573,504,4,1.0,Qwen3-8B,1,moral,purity
R_RaIElBqwy0a0Mnf,31573,504,4,1.0,Qwen3-8B,1,random,random
R_RaIElBqwy0a0Mnf,31573,504,4,1.0,Qwen3-8B,1,moral,purity
R_RaIElBqwy0a0Mnf,47389,757,3,1.0,Qwen3-8B,3,random,random
R_RaIElBqwy0a0Mnf,48364,769,0,0.0,Qwen3-8B,2,random,random
R_RaIElBqwy0a0Mnf,48508,771,0,0.0,Qwen3-8B,2,random,random
R_RaIElBqwy0a0Mnf,61838,979,0,0.0,Qwen3-8B,4,random,random
R_RaIElBqwy0a0Mnf,67915,1076,4,1.0,Qwen3-8B,4,random,random
R_RaIElBqwy0a0Mnf,76669,1323,4,1.0,Qwen3-8B,4,social-group,LGB
R_RaIElBqwy0a0Mnf,76694,1324,4,1.0,Qwen3-8B,3,random,random
R_RaIElBqwy0a0Mnf,76719,1325,4,1.0,Qwen3-8B,4,social-group,jewish
R_RaIElBqwy0a0Mnf,76744,1326,0,0.0,Qwen3-8B,3,moral,care
R_RaIElBqwy0a0Mnf,76769,1327,0,0.0,Qwen3-8B,1,moral,purity
R_RaIElBqwy0a0Mnf,76794,1328,1,0.0,Qwen3-8B,1,moral,purity
R_RaIElBqwy0a0Mnf,76819,1329,3,1.0,Qwen3-8B,4,social-group,jewish
R_RaIElBqwy0a0Mnf,76844,1330,4,1.0,Qwen3-8B,2,social-group,transgender
R_RaIElBqwy0a0Mnf,76869,1331,4,1.0,Qwen3-8B,3,social-group,LGB
R_RaIElBqwy0a0Mnf,76894,1332,4,1.0,Qwen3-8B,5,random,random
R_RaIElBqwy0a0Mnf,76919,1333,4,1.0,Qwen3-8B,1,social-group,transgender
R_RaIElBqwy0a0Mnf,76944,1334,4,1.0,Qwen3-8B,4,social-group,LGB
R_RaIElBqwy0a0Mnf,76969,1335,4,1.0,Qwen3-8B,5,social-group,LGB
R_RaIElBqwy0a0Mnf,76994,1336,2,1.0,Qwen3-8B,2,social-group,muslim
R_RaIElBqwy0a0Mnf,77019,1337,2,1.0,Qwen3-8B,3,random,random
R_RaIElBqwy0a0Mnf,77044,1338,4,1.0,Qwen3-8B,3,social-group,transgender
R_RaIElBqwy0a0Mnf,77069,1339,0,0.0,Qwen3-8B,3,random,random
R_RaIElBqwy0a0Mnf,77094,1340,4,1.0,Qwen3-8B,5,social-group,muslim
R_RaIElBqwy0a0Mnf,77119,1341,0,0.0,Qwen3-8B,5,social-group,LGB
R_RaIElBqwy0a0Mnf,77144,1342,0,0.0,Qwen3-8B,2,social-group,christian
R_RaIElBqwy0a0Mnf,77169,1343,4,1.0,Qwen3-8B,3,social-group,muslim
R_RaIElBqwy0a0Mnf,77194,1344,4,1.0,Qwen3-8B,4,social-group,christian
R_RaIElBqwy0a0Mnf,77219,1345,0,0.0,Qwen3-8B,5,social-group,jewish
R_RaIElBqwy0a0Mnf,77244,1346,4,1.0,Qwen3-8B,4,random,random
R_RaIElBqwy0a0Mnf,77269,1347,3,1.0,Qwen3-8B,1,social-group,LGB
R_RaIElBqwy0a0Mnf,77294,1348,4,1.0,Qwen3-8B,3,social-group,christian
R_2CyveRzbZsr4mb2,2997,54,0,0.0,Qwen3-8B,1,random,random
R_2CyveRzbZsr4mb2,25695,406,0,0.0,Qwen3-8B,2,random,random
R_2CyveRzbZsr4mb2,28042,448,0,0.0,Qwen3-8B,1,random,random
R_2CyveRzbZsr4mb2,31581,504,1,0.0,Qwen3-8B,1,random,random
R_2CyveRzbZsr4mb2,31581,504,1,0.0,Qwen3-8B,1,moral,purity
R_2CyveRzbZsr4mb2,31581,504,1,0.0,Qwen3-8B,1,random,random
R_2CyveRzbZsr4mb2,31581,504,1,0.0,Qwen3-8B,1,moral,purity
R_2CyveRzbZsr4mb2,47391,757,1,0.0,Qwen3-8B,3,random,random
R_2CyveRzbZsr4mb2,48366,769,1,0.0,Qwen3-8B,2,random,random
R_2CyveRzbZsr4mb2,48510,771,0,0.0,Qwen3-8B,2,random,random
R_2CyveRzbZsr4mb2,61840,979,0,0.0,Qwen3-8B,4,random,random
R_2CyveRzbZsr4mb2,67917,1076,0,0.0,Qwen3-8B,4,random,random
R_2CyveRzbZsr4mb2,76671,1323,0,0.0,Qwen3-8B,4,social-group,LGB
R_2CyveRzbZsr4mb2,76696,1324,0,0.0,Qwen3-8B,3,random,random
R_2CyveRzbZsr4mb2,76721,1325,1,0.0,Qwen3-8B,4,social-group,jewish
R_2CyveRzbZsr4mb2,76746,1326,0,0.0,Qwen3-8B,3,moral,care
R_2CyveRzbZsr4mb2,76771,1327,0,0.0,Qwen3-8B,1,moral,purity
R_2CyveRzbZsr4mb2,76796,1328,0,0.0,Qwen3-8B,1,moral,purity
R_2CyveRzbZsr4mb2,76821,1329,1,0.0,Qwen3-8B,4,social-group,jewish
R_2CyveRzbZsr4mb2,76846,1330,0,0.0,Qwen3-8B,2,social-group,transgender
R_2CyveRzbZsr4mb2,76871,1331,0,0.0,Qwen3-8B,3,social-group,LGB
R_2CyveRzbZsr4mb2,76896,1332,0,0.0,Qwen3-8B,5,random,random
R_2CyveRzbZsr4mb2,76921,1333,0,0.0,Qwen3-8B,1,social-group,transgender
R_2CyveRzbZsr4mb2,76946,1334,0,0.0,Qwen3-8B,4,social-group,LGB
R_2CyveRzbZsr4mb2,76971,1335,1,0.0,Qwen3-8B,5,social-group,LGB
R_2CyveRzbZsr4mb2,76996,1336,1,0.0,Qwen3-8B,2,social-group,muslim
R_2CyveRzbZsr4mb2,77021,1337,1,0.0,Qwen3-8B,3,random,random
R_2CyveRzbZsr4mb2,77046,1338,0,0.0,Qwen3-8B,3,social-group,transgender
R_2CyveRzbZsr4mb2,77071,1339,1,0.0,Qwen3-8B,3,random,random
R_2CyveRzbZsr4mb2,77096,1340,1,0.0,Qwen3-8B,5,social-group,muslim
R_2CyveRzbZsr4mb2,77121,1341,1,0.0,Qwen3-8B,5,social-group,LGB
R_2CyveRzbZsr4mb2,77146,1342,0,0.0,Qwen3-8B,2,social-group,christian
R_2CyveRzbZsr4mb2,77171,1343,0,0.0,Qwen3-8B,3,social-group,muslim
R_2CyveRzbZsr4mb2,77196,1344,1,0.0,Qwen3-8B,4,social-group,christian
R_2CyveRzbZsr4mb2,77221,1345,0,0.0,Qwen3-8B,5,social-group,jewish
R_2CyveRzbZsr4mb2,77246,1346,1,0.0,Qwen3-8B,4,random,random
R_2CyveRzbZsr4mb2,77271,1347,1,0.0,Qwen3-8B,1,social-group,LGB
R_2CyveRzbZsr4mb2,77296,1348,1,0.0,Qwen3-8B,3,social-group,christian
R_BXOKTlYJRjPzLSV,3007,54,0,0.0,Qwen3-8B,1,random,random
R_BXOKTlYJRjPzLSV,25701,406,0,0.0,Qwen3-8B,2,random,random
R_BXOKTlYJRjPzLSV,28048,448,1,0.0,Qwen3-8B,1,random,random
R_BXOKTlYJRjPzLSV,31593,504,0,0.0,Qwen3-8B,1,random,random
R_BXOKTlYJRjPzLSV,31593,504,0,0.0,Qwen3-8B,1,moral,purity
R_BXOKTlYJRjPzLSV,31593,504,0,0.0,Qwen3-8B,1,random,random
R_BXOKTlYJRjPzLSV,31593,504,0,0.0,Qwen3-8B,1,moral,purity
R_BXOKTlYJRjPzLSV,47404,757,1,0.0,Qwen3-8B,3,random,random
R_BXOKTlYJRjPzLSV,48379,769,0,0.0,Qwen3-8B,2,random,random
R_BXOKTlYJRjPzLSV,48523,771,0,0.0,Qwen3-8B,2,random,random
R_BXOKTlYJRjPzLSV,61847,979,0,0.0,Qwen3-8B,4,random,random
R_BXOKTlYJRjPzLSV,67923,1076,0,0.0,Qwen3-8B,4,random,random
R_BXOKTlYJRjPzLSV,76674,1323,0,0.0,Qwen3-8B,4,social-group,LGB
R_BXOKTlYJRjPzLSV,76699,1324,0,0.0,Qwen3-8B,3,random,random
R_BXOKTlYJRjPzLSV,76724,1325,2,1.0,Qwen3-8B,4,social-group,jewish
R_BXOKTlYJRjPzLSV,76749,1326,1,0.0,Qwen3-8B,3,moral,care
R_BXOKTlYJRjPzLSV,76774,1327,0,0.0,Qwen3-8B,1,moral,purity
R_BXOKTlYJRjPzLSV,76799,1328,1,0.0,Qwen3-8B,1,moral,purity
R_BXOKTlYJRjPzLSV,76824,1329,2,1.0,Qwen3-8B,4,social-group,jewish
R_BXOKTlYJRjPzLSV,76849,1330,0,0.0,Qwen3-8B,2,social-group,transgender
R_BXOKTlYJRjPzLSV,76874,1331,2,1.0,Qwen3-8B,3,social-group,LGB
R_BXOKTlYJRjPzLSV,76899,1332,0,0.0,Qwen3-8B,5,random,random
R_BXOKTlYJRjPzLSV,76924,1333,0,0.0,Qwen3-8B,1,social-group,transgender
R_BXOKTlYJRjPzLSV,76949,1334,0,0.0,Qwen3-8B,4,social-group,LGB
R_BXOKTlYJRjPzLSV,76974,1335,1,0.0,Qwen3-8B,5,social-group,LGB
R_BXOKTlYJRjPzLSV,76999,1336,1,0.0,Qwen3-8B,2,social-group,muslim
R_BXOKTlYJRjPzLSV,77024,1337,0,0.0,Qwen3-8B,3,random,random
R_BXOKTlYJRjPzLSV,77049,1338,0,0.0,Qwen3-8B,3,social-group,transgender
R_BXOKTlYJRjPzLSV,77074,1339,1,0.0,Qwen3-8B,3,random,random
R_BXOKTlYJRjPzLSV,77099,1340,0,0.0,Qwen3-8B,5,social-group,muslim
R_BXOKTlYJRjPzLSV,77124,1341,2,1.0,Qwen3-8B,5,social-group,LGB
R_BXOKTlYJRjPzLSV,77149,1342,0,0.0,Qwen3-8B,2,social-group,christian
R_BXOKTlYJRjPzLSV,77174,1343,1,0.0,Qwen3-8B,3,social-group,muslim
R_BXOKTlYJRjPzLSV,77199,1344,2,1.0,Qwen3-8B,4,social-group,christian
R_BXOKTlYJRjPzLSV,77224,1345,0,0.0,Qwen3-8B,5,social-group,jewish
R_BXOKTlYJRjPzLSV,77249,1346,1,0.0,Qwen3-8B,4,random,random
R_BXOKTlYJRjPzLSV,77274,1347,0,0.0,Qwen3-8B,1,social-group,LGB
R_BXOKTlYJRjPzLSV,77299,1348,1,0.0,Qwen3-8B,3,social-group,christian
R_3HiEu06GJNevi5R,3067,55,0,0.0,Qwen3-8B,2,random,random
R_3HiEu06GJNevi5R,10336,167,0,0.0,Qwen3-8B,2,random,random
R_3HiEu06GJNevi5R,11541,187,0,0.0,Qwen3-8B,4,random,random
R_3HiEu06GJNevi5R,32733,521,4,1.0,Qwen3-8B,2,random,random
R_3HiEu06GJNevi5R,40829,657,4,1.0,Qwen3-8B,2,random,random
R_3HiEu06GJNevi5R,43038,693,0,0.0,Qwen3-8B,1,random,random
R_3HiEu06GJNevi5R,45998,737,0,0.0,Qwen3-8B,3,random,random
R_3HiEu06GJNevi5R,46123,739,4,1.0,Qwen3-8B,3,random,random
R_3HiEu06GJNevi5R,51575,818,4,1.0,Qwen3-8B,3,random,random
R_3HiEu06GJNevi5R,66028,1045,0,0.0,Qwen3-8B,3,random,random
R_3HiEu06GJNevi5R,85928,1702,4,1.0,Qwen3-8B,5,social-group,jewish
R_3HiEu06GJNevi5R,85951,1703,0,0.0,Qwen3-8B,2,random,random
R_3HiEu06GJNevi5R,85974,1704,4,1.0,Qwen3-8B,2,random,random
R_3HiEu06GJNevi5R,85997,1705,3,1.0,Qwen3-8B,2,random,random
R_3HiEu06GJNevi5R,86020,1706,4,1.0,Qwen3-8B,3,random,random
R_3HiEu06GJNevi5R,86043,1707,4,1.0,Qwen3-8B,3,random,random
R_3HiEu06GJNevi5R,86066,1708,4,1.0,Qwen3-8B,5,social-group,transgender
R_3HiEu06GJNevi5R,86089,1709,4,1.0,Qwen3-8B,5,social-group,LGB
R_3HiEu06GJNevi5R,86112,1710,2,1.0,Qwen3-8B,2,random,random
R_3HiEu06GJNevi5R,86135,1711,4,1.0,Qwen3-8B,5,social-group,jewish
R_3HiEu06GJNevi5R,86158,1712,4,1.0,Qwen3-8B,3,social-group,transgender
R_3HiEu06GJNevi5R,86181,1713,4,1.0,Qwen3-8B,5,social-group,jewish
R_3HiEu06GJNevi5R,86204,1714,4,1.0,Qwen3-8B,3,social-group,christian
R_3HiEu06GJNevi5R,86227,1715,0,0.0,Qwen3-8B,5,random,random
R_3HiEu06GJNevi5R,86250,1716,0,0.0,Qwen3-8B,1,random,random
R_3HiEu06GJNevi5R,86273,1717,0,0.0,Qwen3-8B,1,moral,loyalty
R_3HiEu06GJNevi5R,86296,1718,4,1.0,Qwen3-8B,5,social-group,christian
R_3HiEu06GJNevi5R,86319,1719,0,0.0,Qwen3-8B,3,random,random
R_3HiEu06GJNevi5R,86342,1720,4,1.0,Qwen3-8B,4,social-group,muslim
R_3HiEu06GJNevi5R,86365,1721,4,1.0,Qwen3-8B,3,social-group,jewish
R_3HiEu06GJNevi5R,86388,1722,4,1.0,Qwen3-8B,5,social-group,jewish
R_3HiEu06GJNevi5R,86411,1723,4,1.0,Qwen3-8B,2,social-group,jewish
R_3HiEu06GJNevi5R,86434,1724,3,1.0,Qwen3-8B,2,random,random
R_3HiEu06GJNevi5R,86457,1725,0,0.0,Qwen3-8B,2,social-group,christian
R_3HiEu06GJNevi5R,86480,1726,4,1.0,Qwen3-8B,4,social-group,christian
R_3MunVPxEYaafIXE,3076,55,0,0.0,Qwen3-8B,2,random,random
R_3MunVPxEYaafIXE,10344,167,1,0.0,Qwen3-8B,2,random,random
R_3MunVPxEYaafIXE,11551,187,4,1.0,Qwen3-8B,4,random,random
R_3MunVPxEYaafIXE,32738,521,4,1.0,Qwen3-8B,2,random,random
R_3MunVPxEYaafIXE,40834,657,0,0.0,Qwen3-8B,2,random,random
R_3MunVPxEYaafIXE,43043,693,0,0.0,Qwen3-8B,1,random,random
R_3MunVPxEYaafIXE,46004,737,4,1.0,Qwen3-8B,3,random,random
R_3MunVPxEYaafIXE,46129,739,2,1.0,Qwen3-8B,3,random,random
R_3MunVPxEYaafIXE,51580,818,3,1.0,Qwen3-8B,3,random,random
R_3MunVPxEYaafIXE,66041,1045,0,0.0,Qwen3-8B,3,random,random
R_3MunVPxEYaafIXE,85930,1702,0,0.0,Qwen3-8B,5,social-group,jewish
R_3MunVPxEYaafIXE,85953,1703,2,1.0,Qwen3-8B,2,random,random
R_3MunVPxEYaafIXE,85976,1704,0,0.0,Qwen3-8B,2,random,random
R_3MunVPxEYaafIXE,85999,1705,1,0.0,Qwen3-8B,2,random,random
R_3MunVPxEYaafIXE,86022,1706,4,1.0,Qwen3-8B,3,random,random
R_3MunVPxEYaafIXE,86045,1707,2,1.0,Qwen3-8B,3,random,random
R_3MunVPxEYaafIXE,86068,1708,0,0.0,Qwen3-8B,5,social-group,transgender
R_3MunVPxEYaafIXE,86091,1709,3,1.0,Qwen3-8B,5,social-group,LGB
R_3MunVPxEYaafIXE,86114,1710,0,0.0,Qwen3-8B,2,random,random
R_3MunVPxEYaafIXE,86137,1711,3,1.0,Qwen3-8B,5,social-group,jewish
R_3MunVPxEYaafIXE,86160,1712,0,0.0,Qwen3-8B,3,social-group,transgender
R_3MunVPxEYaafIXE,86183,1713,4,1.0,Qwen3-8B,5,social-group,jewish
R_3MunVPxEYaafIXE,86206,1714,4,1.0,Qwen3-8B,3,social-group,christian
R_3MunVPxEYaafIXE,86229,1715,0,0.0,Qwen3-8B,5,random,random
R_3MunVPxEYaafIXE,86252,1716,2,1.0,Qwen3-8B,1,random,random
R_3MunVPxEYaafIXE,86275,1717,0,0.0,Qwen3-8B,1,moral,loyalty
R_3MunVPxEYaafIXE,86298,1718,4,1.0,Qwen3-8B,5,social-group,christian
R_3MunVPxEYaafIXE,86321,1719,0,0.0,Qwen3-8B,3,random,random
R_3MunVPxEYaafIXE,86344,1720,4,1.0,Qwen3-8B,4,social-group,muslim
R_3MunVPxEYaafIXE,86367,1721,4,1.0,Qwen3-8B,3,social-group,jewish
R_3MunVPxEYaafIXE,86390,1722,4,1.0,Qwen3-8B,5,social-group,jewish
R_3MunVPxEYaafIXE,86413,1723,4,1.0,Qwen3-8B,2,social-group,jewish
R_3MunVPxEYaafIXE,86436,1724,4,1.0,Qwen3-8B,2,random,random
R_3MunVPxEYaafIXE,86459,1725,3,1.0,Qwen3-8B,2,social-group,christian
R_3MunVPxEYaafIXE,86482,1726,4,1.0,Qwen3-8B,4,social-group,christian
R_1IA8KdjyFvYdnX7,3090,55,1,0.0,Qwen3-8B,2,random,random
R_1IA8KdjyFvYdnX7,10358,167,2,1.0,Qwen3-8B,2,random,random
R_1IA8KdjyFvYdnX7,11566,187,0,0.0,Qwen3-8B,4,random,random
R_1IA8KdjyFvYdnX7,32753,521,1,0.0,Qwen3-8B,2,random,random
R_1IA8KdjyFvYdnX7,40846,657,-1,,Qwen3-8B,2,random,random
R_1IA8KdjyFvYdnX7,43054,693,1,0.0,Qwen3-8B,1,random,random
R_1IA8KdjyFvYdnX7,46021,737,1,0.0,Qwen3-8B,3,random,random
R_1IA8KdjyFvYdnX7,46146,739,0,0.0,Qwen3-8B,3,random,random
R_1IA8KdjyFvYdnX7,51597,818,2,1.0,Qwen3-8B,3,random,random
R_1IA8KdjyFvYdnX7,66059,1045,1,0.0,Qwen3-8B,3,random,random
R_1IA8KdjyFvYdnX7,85935,1702,1,0.0,Qwen3-8B,5,social-group,jewish
R_1IA8KdjyFvYdnX7,85958,1703,1,0.0,Qwen3-8B,2,random,random
R_1IA8KdjyFvYdnX7,85981,1704,2,1.0,Qwen3-8B,2,random,random
R_1IA8KdjyFvYdnX7,86004,1705,2,1.0,Qwen3-8B,2,random,random
R_1IA8KdjyFvYdnX7,86027,1706,2,1.0,Qwen3-8B,3,random,random
R_1IA8KdjyFvYdnX7,86050,1707,1,0.0,Qwen3-8B,3,random,random
R_1IA8KdjyFvYdnX7,86073,1708,1,0.0,Qwen3-8B,5,social-group,transgender
R_1IA8KdjyFvYdnX7,86096,1709,1,0.0,Qwen3-8B,5,social-group,LGB
R_1IA8KdjyFvYdnX7,86119,1710,1,0.0,Qwen3-8B,2,random,random
R_1IA8KdjyFvYdnX7,86142,1711,1,0.0,Qwen3-8B,5,social-group,jewish
R_1IA8KdjyFvYdnX7,86165,1712,1,0.0,Qwen3-8B,3,social-group,transgender
R_1IA8KdjyFvYdnX7,86188,1713,1,0.0,Qwen3-8B,5,social-group,jewish
R_1IA8KdjyFvYdnX7,86211,1714,1,0.0,Qwen3-8B,3,social-group,christian
R_1IA8KdjyFvYdnX7,86234,1715,2,1.0,Qwen3-8B,5,random,random
R_1IA8KdjyFvYdnX7,86257,1716,1,0.0,Qwen3-8B,1,random,random
R_1IA8KdjyFvYdnX7,86280,1717,2,1.0,Qwen3-8B,1,moral,loyalty
R_1IA8KdjyFvYdnX7,86303,1718,2,1.0,Qwen3-8B,5,social-group,christian
R_1IA8KdjyFvYdnX7,86326,1719,1,0.0,Qwen3-8B,3,random,random
R_1IA8KdjyFvYdnX7,86349,1720,0,0.0,Qwen3-8B,4,social-group,muslim
R_1IA8KdjyFvYdnX7,86372,1721,1,0.0,Qwen3-8B,3,social-group,jewish
R_1IA8KdjyFvYdnX7,86395,1722,1,0.0,Qwen3-8B,5,social-group,jewish
R_1IA8KdjyFvYdnX7,86418,1723,2,1.0,Qwen3-8B,2,social-group,jewish
R_1IA8KdjyFvYdnX7,86441,1724,1,0.0,Qwen3-8B,2,random,random
R_1IA8KdjyFvYdnX7,86464,1725,1,0.0,Qwen3-8B,2,social-group,christian
R_1IA8KdjyFvYdnX7,86487,1726,2,1.0,Qwen3-8B,4,social-group,christian
R_31vf6mNNGwhWY1b,3112,55,0,0.0,Qwen3-8B,2,random,random
R_31vf6mNNGwhWY1b,10374,167,0,0.0,Qwen3-8B,2,random,random
R_31vf6mNNGwhWY1b,11583,187,0,0.0,Qwen3-8B,4,random,random
R_31vf6mNNGwhWY1b,32770,521,0,0.0,Qwen3-8B,2,random,random
R_31vf6mNNGwhWY1b,40864,657,0,0.0,Qwen3-8B,2,random,random
R_31vf6mNNGwhWY1b,43073,693,0,0.0,Qwen3-8B,1,random,random
R_31vf6mNNGwhWY1b,46038,737,1,0.0,Qwen3-8B,3,random,random
R_31vf6mNNGwhWY1b,46163,739,0,0.0,Qwen3-8B,3,random,random
R_31vf6mNNGwhWY1b,51616,818,0,0.0,Qwen3-8B,3,random,random
R_31vf6mNNGwhWY1b,66074,1045,0,0.0,Qwen3-8B,3,random,random
R_31vf6mNNGwhWY1b,85941,1702,1,0.0,Qwen3-8B,5,social-group,jewish
R_31vf6mNNGwhWY1b,85964,1703,0,0.0,Qwen3-8B,2,random,random
R_31vf6mNNGwhWY1b,85987,1704,0,0.0,Qwen3-8B,2,random,random
R_31vf6mNNGwhWY1b,86010,1705,0,0.0,Qwen3-8B,2,random,random
R_31vf6mNNGwhWY1b,86033,1706,0,0.0,Qwen3-8B,3,random,random
R_31vf6mNNGwhWY1b,86056,1707,1,0.0,Qwen3-8B,3,random,random
R_31vf6mNNGwhWY1b,86079,1708,0,0.0,Qwen3-8B,5,social-group,transgender
R_31vf6mNNGwhWY1b,86102,1709,0,0.0,Qwen3-8B,5,social-group,LGB
R_31vf6mNNGwhWY1b,86125,1710,0,0.0,Qwen3-8B,2,random,random
R_31vf6mNNGwhWY1b,86148,1711,0,0.0,Qwen3-8B,5,social-group,jewish
R_31vf6mNNGwhWY1b,86171,1712,0,0.0,Qwen3-8B,3,social-group,transgender
R_31vf6mNNGwhWY1b,86194,1713,0,0.0,Qwen3-8B,5,social-group,jewish
R_31vf6mNNGwhWY1b,86217,1714,0,0.0,Qwen3-8B,3,social-group,christian
R_31vf6mNNGwhWY1b,86240,1715,0,0.0,Qwen3-8B,5,random,random
R_31vf6mNNGwhWY1b,86263,1716,0,0.0,Qwen3-8B,1,random,random
R_31vf6mNNGwhWY1b,86286,1717,0,0.0,Qwen3-8B,1,moral,loyalty
R_31vf6mNNGwhWY1b,86309,1718,0,0.0,Qwen3-8B,5,social-group,christian
R_31vf6mNNGwhWY1b,86332,1719,0,0.0,Qwen3-8B,3,random,random
R_31vf6mNNGwhWY1b,86355,1720,0,0.0,Qwen3-8B,4,social-group,muslim
R_31vf6mNNGwhWY1b,86378,1721,0,0.0,Qwen3-8B,3,social-group,jewish
R_31vf6mNNGwhWY1b,86401,1722,0,0.0,Qwen3-8B,5,social-group,jewish
R_31vf6mNNGwhWY1b,86424,1723,0,0.0,Qwen3-8B,2,social-group,jewish
R_31vf6mNNGwhWY1b,86447,1724,0,0.0,Qwen3-8B,2,random,random
R_31vf6mNNGwhWY1b,86470,1725,0,0.0,Qwen3-8B,2,social-group,christian
R_31vf6mNNGwhWY1b,86493,1726,0,0.0,Qwen3-8B,4,social-group,christian
R_ehrhEV4pJcqBdrb,3120,55,0,0.0,Qwen3-8B,2,random,random
R_ehrhEV4pJcqBdrb,10381,167,2,1.0,Qwen3-8B,2,random,random
R_ehrhEV4pJcqBdrb,11596,187,0,0.0,Qwen3-8B,4,random,random
R_ehrhEV4pJcqBdrb,32777,521,1,0.0,Qwen3-8B,2,random,random
R_ehrhEV4pJcqBdrb,40872,657,0,0.0,Qwen3-8B,2,random,random
R_ehrhEV4pJcqBdrb,43084,693,1,0.0,Qwen3-8B,1,random,random
R_ehrhEV4pJcqBdrb,46045,737,0,0.0,Qwen3-8B,3,random,random
R_ehrhEV4pJcqBdrb,46170,739,1,0.0,Qwen3-8B,3,random,random
R_ehrhEV4pJcqBdrb,51623,818,1,0.0,Qwen3-8B,3,random,random
R_ehrhEV4pJcqBdrb,66081,1045,2,1.0,Qwen3-8B,3,random,random
R_ehrhEV4pJcqBdrb,85945,1702,2,1.0,Qwen3-8B,5,social-group,jewish
R_ehrhEV4pJcqBdrb,85968,1703,2,1.0,Qwen3-8B,2,random,random
R_ehrhEV4pJcqBdrb,85991,1704,2,1.0,Qwen3-8B,2,random,random
R_ehrhEV4pJcqBdrb,86014,1705,2,1.0,Qwen3-8B,2,random,random
R_ehrhEV4pJcqBdrb,86037,1706,1,0.0,Qwen3-8B,3,random,random
R_ehrhEV4pJcqBdrb,86060,1707,2,1.0,Qwen3-8B,3,random,random
R_ehrhEV4pJcqBdrb,86083,1708,2,1.0,Qwen3-8B,5,social-group,transgender
R_ehrhEV4pJcqBdrb,86106,1709,3,1.0,Qwen3-8B,5,social-group,LGB
R_ehrhEV4pJcqBdrb,86129,1710,1,0.0,Qwen3-8B,2,random,random
R_ehrhEV4pJcqBdrb,86152,1711,1,0.0,Qwen3-8B,5,social-group,jewish
R_ehrhEV4pJcqBdrb,86175,1712,2,1.0,Qwen3-8B,3,social-group,transgender
R_ehrhEV4pJcqBdrb,86198,1713,1,0.0,Qwen3-8B,5,social-group,jewish
R_ehrhEV4pJcqBdrb,86221,1714,2,1.0,Qwen3-8B,3,social-group,christian
R_ehrhEV4pJcqBdrb,86244,1715,0,0.0,Qwen3-8B,5,random,random
R_ehrhEV4pJcqBdrb,86267,1716,0,0.0,Qwen3-8B,1,random,random
R_ehrhEV4pJcqBdrb,86290,1717,0,0.0,Qwen3-8B,1,moral,loyalty
R_ehrhEV4pJcqBdrb,86313,1718,1,0.0,Qwen3-8B,5,social-group,christian
R_ehrhEV4pJcqBdrb,86336,1719,0,0.0,Qwen3-8B,3,random,random
R_ehrhEV4pJcqBdrb,86359,1720,1,0.0,Qwen3-8B,4,social-group,muslim
R_ehrhEV4pJcqBdrb,86382,1721,0,0.0,Qwen3-8B,3,social-group,jewish
R_ehrhEV4pJcqBdrb,86405,1722,0,0.0,Qwen3-8B,5,social-group,jewish
R_ehrhEV4pJcqBdrb,86428,1723,2,1.0,Qwen3-8B,2,social-group,jewish
R_ehrhEV4pJcqBdrb,86451,1724,0,0.0,Qwen3-8B,2,random,random
R_ehrhEV4pJcqBdrb,86474,1725,0,0.0,Qwen3-8B,2,social-group,christian
R_ehrhEV4pJcqBdrb,86497,1726,1,0.0,Qwen3-8B,4,social-group,christian
R_24OwgAHB6pT3cWC,3143,56,2,1.0,Qwen3-8B,2,random,random
R_24OwgAHB6pT3cWC,13641,217,1,0.0,Qwen3-8B,2,random,random
R_24OwgAHB6pT3cWC,18859,297,3,1.0,Qwen3-8B,1,random,random
R_24OwgAHB6pT3cWC,39929,642,4,1.0,Qwen3-8B,4,random,random
R_24OwgAHB6pT3cWC,55691,880,3,1.0,Qwen3-8B,4,random,random
R_24OwgAHB6pT3cWC,56197,887,0,0.0,Qwen3-8B,2,random,random
R_24OwgAHB6pT3cWC,58114,912,1,0.0,Qwen3-8B,1,random,random
R_24OwgAHB6pT3cWC,60509,954,3,1.0,Qwen3-8B,5,random,random
R_24OwgAHB6pT3cWC,70066,1114,1,0.0,Qwen3-8B,3,random,random
R_24OwgAHB6pT3cWC,126363,3397,1,0.0,Qwen3-8B,5,social-group,jewish
R_24OwgAHB6pT3cWC,126386,3398,3,1.0,Qwen3-8B,5,social-group,transgender
R_24OwgAHB6pT3cWC,126409,3399,2,1.0,Qwen3-8B,3,moral,loyalty
R_24OwgAHB6pT3cWC,126432,3400,3,1.0,Qwen3-8B,3,social-group,LGB
R_24OwgAHB6pT3cWC,126455,3401,2,1.0,Qwen3-8B,3,social-group,jewish
R_24OwgAHB6pT3cWC,126478,3402,-1,,Qwen3-8B,3,social-group,jewish
R_24OwgAHB6pT3cWC,126501,3403,3,1.0,Qwen3-8B,4,social-group,transgender
R_24OwgAHB6pT3cWC,126524,3404,0,0.0,Qwen3-8B,1,moral,purity
R_24OwgAHB6pT3cWC,126547,3405,0,0.0,Qwen3-8B,5,social-group,LGB
R_24OwgAHB6pT3cWC,126570,3406,2,1.0,Qwen3-8B,4,social-group,christian
R_24OwgAHB6pT3cWC,126593,3407,2,1.0,Qwen3-8B,4,social-group,jewish
R_24OwgAHB6pT3cWC,126616,3408,3,1.0,Qwen3-8B,3,social-group,muslim
R_24OwgAHB6pT3cWC,126639,3409,2,1.0,Qwen3-8B,5,social-group,LGB
R_24OwgAHB6pT3cWC,126662,3410,0,0.0,Qwen3-8B,1,moral,authority
R_24OwgAHB6pT3cWC,126685,3411,2,1.0,Qwen3-8B,3,social-group,jewish
R_24OwgAHB6pT3cWC,126708,3412,0,0.0,Qwen3-8B,3,social-group,LGB
R_24OwgAHB6pT3cWC,126731,3413,3,1.0,Qwen3-8B,2,moral,authority
R_24OwgAHB6pT3cWC,126754,3414,4,1.0,Qwen3-8B,2,social-group,LGB
R_24OwgAHB6pT3cWC,126777,3415,3,1.0,Qwen3-8B,1,social-group,LGB
R_24OwgAHB6pT3cWC,126800,3416,1,0.0,Qwen3-8B,3,social-group,LGB
R_24OwgAHB6pT3cWC,126823,3417,0,0.0,Qwen3-8B,2,random,random
R_24OwgAHB6pT3cWC,126846,3418,0,0.0,Qwen3-8B,4,social-group,christian
R_24OwgAHB6pT3cWC,126869,3419,0,0.0,Qwen3-8B,1,random,random
R_24OwgAHB6pT3cWC,126892,3420,-1,,Qwen3-8B,5,social-group,jewish
R_24OwgAHB6pT3cWC,126915,3421,4,1.0,Qwen3-8B,4,random,random
R_24OwgAHB6pT3cWC,126938,3422,2,1.0,Qwen3-8B,5,social-group,jewish
R_ptIHxaWyrsHAcal,3151,56,1,0.0,Qwen3-8B,2,random,random
R_ptIHxaWyrsHAcal,13649,217,0,0.0,Qwen3-8B,2,random,random
R_ptIHxaWyrsHAcal,18868,297,0,0.0,Qwen3-8B,1,random,random
R_ptIHxaWyrsHAcal,39938,642,0,0.0,Qwen3-8B,4,random,random
R_ptIHxaWyrsHAcal,55702,880,2,1.0,Qwen3-8B,4,random,random
R_ptIHxaWyrsHAcal,56208,887,0,0.0,Qwen3-8B,2,random,random
R_ptIHxaWyrsHAcal,58125,912,0,0.0,Qwen3-8B,1,random,random
R_ptIHxaWyrsHAcal,60519,954,2,1.0,Qwen3-8B,5,random,random
R_ptIHxaWyrsHAcal,70074,1114,0,0.0,Qwen3-8B,3,random,random
R_ptIHxaWyrsHAcal,126368,3397,0,0.0,Qwen3-8B,5,social-group,jewish
R_ptIHxaWyrsHAcal,126391,3398,2,1.0,Qwen3-8B,5,social-group,transgender
R_ptIHxaWyrsHAcal,126414,3399,0,0.0,Qwen3-8B,3,moral,loyalty
R_ptIHxaWyrsHAcal,126437,3400,1,0.0,Qwen3-8B,3,social-group,LGB
R_ptIHxaWyrsHAcal,126460,3401,0,0.0,Qwen3-8B,3,social-group,jewish
R_ptIHxaWyrsHAcal,126483,3402,1,0.0,Qwen3-8B,3,social-group,jewish
R_ptIHxaWyrsHAcal,126506,3403,1,0.0,Qwen3-8B,4,social-group,transgender
R_ptIHxaWyrsHAcal,126529,3404,0,0.0,Qwen3-8B,1,moral,purity
R_ptIHxaWyrsHAcal,126552,3405,1,0.0,Qwen3-8B,5,social-group,LGB
R_ptIHxaWyrsHAcal,126575,3406,0,0.0,Qwen3-8B,4,social-group,christian
R_ptIHxaWyrsHAcal,126598,3407,0,0.0,Qwen3-8B,4,social-group,jewish
R_ptIHxaWyrsHAcal,126621,3408,0,0.0,Qwen3-8B,3,social-group,muslim
R_ptIHxaWyrsHAcal,126644,3409,1,0.0,Qwen3-8B,5,social-group,LGB
R_ptIHxaWyrsHAcal,126667,3410,0,0.0,Qwen3-8B,1,moral,authority
R_ptIHxaWyrsHAcal,126690,3411,1,0.0,Qwen3-8B,3,social-group,jewish
R_ptIHxaWyrsHAcal,126713,3412,1,0.0,Qwen3-8B,3,social-group,LGB
R_ptIHxaWyrsHAcal,126736,3413,0,0.0,Qwen3-8B,2,moral,authority
R_ptIHxaWyrsHAcal,126759,3414,2,1.0,Qwen3-8B,2,social-group,LGB
R_ptIHxaWyrsHAcal,126782,3415,1,0.0,Qwen3-8B,1,social-group,LGB
R_ptIHxaWyrsHAcal,126805,3416,2,1.0,Qwen3-8B,3,social-group,LGB
R_ptIHxaWyrsHAcal,126828,3417,1,0.0,Qwen3-8B,2,random,random
R_ptIHxaWyrsHAcal,126851,3418,3,1.0,Qwen3-8B,4,social-group,christian
R_ptIHxaWyrsHAcal,126874,3419,1,0.0,Qwen3-8B,1,random,random
R_ptIHxaWyrsHAcal,126897,3420,1,0.0,Qwen3-8B,5,social-group,jewish
R_ptIHxaWyrsHAcal,126920,3421,0,0.0,Qwen3-8B,4,random,random
R_ptIHxaWyrsHAcal,126943,3422,1,0.0,Qwen3-8B,5,social-group,jewish
R_332WmMC952t4zLK,3182,56,0,0.0,Qwen3-8B,2,random,random
R_332WmMC952t4zLK,13678,217,0,0.0,Qwen3-8B,2,random,random
R_332WmMC952t4zLK,18891,297,0,0.0,Qwen3-8B,1,random,random
R_332WmMC952t4zLK,39962,642,0,0.0,Qwen3-8B,4,random,random
R_332WmMC952t4zLK,55730,880,0,0.0,Qwen3-8B,4,random,random
R_332WmMC952t4zLK,56236,887,0,0.0,Qwen3-8B,2,random,random
R_332WmMC952t4zLK,58153,912,0,0.0,Qwen3-8B,1,random,random
R_332WmMC952t4zLK,60539,954,0,0.0,Qwen3-8B,5,random,random
R_332WmMC952t4zLK,70091,1114,0,0.0,Qwen3-8B,3,random,random
R_332WmMC952t4zLK,126377,3397,0,0.0,Qwen3-8B,5,social-group,jewish
R_332WmMC952t4zLK,126400,3398,0,0.0,Qwen3-8B,5,social-group,transgender
R_332WmMC952t4zLK,126423,3399,0,0.0,Qwen3-8B,3,moral,loyalty
R_332WmMC952t4zLK,126446,3400,0,0.0,Qwen3-8B,3,social-group,LGB
R_332WmMC952t4zLK,126469,3401,0,0.0,Qwen3-8B,3,social-group,jewish
R_332WmMC952t4zLK,126492,3402,0,0.0,Qwen3-8B,3,social-group,jewish
R_332WmMC952t4zLK,126515,3403,0,0.0,Qwen3-8B,4,social-group,transgender
R_332WmMC952t4zLK,126538,3404,0,0.0,Qwen3-8B,1,moral,purity
R_332WmMC952t4zLK,126561,3405,0,0.0,Qwen3-8B,5,social-group,LGB
R_332WmMC952t4zLK,126584,3406,0,0.0,Qwen3-8B,4,social-group,christian
R_332WmMC952t4zLK,126607,3407,0,0.0,Qwen3-8B,4,social-group,jewish
R_332WmMC952t4zLK,126630,3408,0,0.0,Qwen3-8B,3,social-group,muslim
R_332WmMC952t4zLK,126653,3409,0,0.0,Qwen3-8B,5,social-group,LGB
R_332WmMC952t4zLK,126676,3410,0,0.0,Qwen3-8B,1,moral,authority
R_332WmMC952t4zLK,126699,3411,0,0.0,Qwen3-8B,3,social-group,jewish
R_332WmMC952t4zLK,126722,3412,0,0.0,Qwen3-8B,3,social-group,LGB
R_332WmMC952t4zLK,126745,3413,0,0.0,Qwen3-8B,2,moral,authority
R_332WmMC952t4zLK,126768,3414,0,0.0,Qwen3-8B,2,social-group,LGB
R_332WmMC952t4zLK,126791,3415,0,0.0,Qwen3-8B,1,social-group,LGB
R_332WmMC952t4zLK,126814,3416,0,0.0,Qwen3-8B,3,social-group,LGB
R_332WmMC952t4zLK,126837,3417,0,0.0,Qwen3-8B,2,random,random
R_332WmMC952t4zLK,126860,3418,0,0.0,Qwen3-8B,4,social-group,christian
R_332WmMC952t4zLK,126883,3419,0,0.0,Qwen3-8B,1,random,random
R_332WmMC952t4zLK,126906,3420,0,0.0,Qwen3-8B,5,social-group,jewish
R_332WmMC952t4zLK,126929,3421,0,0.0,Qwen3-8B,4,random,random
R_332WmMC952t4zLK,126952,3422,0,0.0,Qwen3-8B,5,social-group,jewish
R_zeC4CXukv6kGk5b,3338,59,-1,,Qwen3-8B,2,random,random
R_zeC4CXukv6kGk5b,5915,99,2,1.0,Qwen3-8B,2,random,random
R_zeC4CXukv6kGk5b,9360,152,0,0.0,Qwen3-8B,1,random,random
R_zeC4CXukv6kGk5b,16601,261,0,0.0,Qwen3-8B,2,random,random
R_zeC4CXukv6kGk5b,36012,576,0,0.0,Qwen3-8B,1,random,random
R_zeC4CXukv6kGk5b,54047,852,0,0.0,Qwen3-8B,1,random,random
R_zeC4CXukv6kGk5b,61514,973,-1,,Qwen3-8B,3,random,random
R_zeC4CXukv6kGk5b,65650,1039,0,0.0,Qwen3-8B,1,random,random
R_zeC4CXukv6kGk5b,116502,2970,0,0.0,Qwen3-8B,5,social-group,muslim
R_zeC4CXukv6kGk5b,116526,2971,0,0.0,Qwen3-8B,3,social-group,jewish
R_zeC4CXukv6kGk5b,116550,2972,1,0.0,Qwen3-8B,4,social-group,christian
R_zeC4CXukv6kGk5b,116574,2973,1,0.0,Qwen3-8B,3,random,random
R_zeC4CXukv6kGk5b,116598,2974,-1,,Qwen3-8B,3,social-group,christian
R_zeC4CXukv6kGk5b,116622,2975,2,1.0,Qwen3-8B,2,social-group,christian
R_zeC4CXukv6kGk5b,116646,2976,0,0.0,Qwen3-8B,3,social-group,muslim
R_zeC4CXukv6kGk5b,116670,2977,0,0.0,Qwen3-8B,1,random,random
R_zeC4CXukv6kGk5b,116694,2978,4,1.0,Qwen3-8B,2,social-group,christian
R_zeC4CXukv6kGk5b,116718,2979,2,1.0,Qwen3-8B,2,moral,care
R_zeC4CXukv6kGk5b,116742,2980,0,0.0,Qwen3-8B,3,random,random
R_zeC4CXukv6kGk5b,116766,2981,-1,,Qwen3-8B,4,social-group,transgender
R_zeC4CXukv6kGk5b,116790,2982,0,0.0,Qwen3-8B,1,moral,purity
R_zeC4CXukv6kGk5b,116838,2983,1,0.0,Qwen3-8B,1,moral,authority
R_zeC4CXukv6kGk5b,116862,2984,0,0.0,Qwen3-8B,3,social-group,transgender
R_zeC4CXukv6kGk5b,116886,2985,0,0.0,Qwen3-8B,1,moral,care
R_zeC4CXukv6kGk5b,116910,2986,1,0.0,Qwen3-8B,4,social-group,jewish
R_zeC4CXukv6kGk5b,116934,2987,1,0.0,Qwen3-8B,3,random,random
R_zeC4CXukv6kGk5b,116958,2988,0,0.0,Qwen3-8B,5,social-group,jewish
R_zeC4CXukv6kGk5b,116982,2989,1,0.0,Qwen3-8B,3,social-group,LGB
R_zeC4CXukv6kGk5b,117006,2990,1,0.0,Qwen3-8B,4,social-group,LGB
R_zeC4CXukv6kGk5b,117030,2991,-1,,Qwen3-8B,3,social-group,muslim
R_zeC4CXukv6kGk5b,117054,2992,-1,,Qwen3-8B,3,social-group,muslim
R_zeC4CXukv6kGk5b,117078,2993,0,0.0,Qwen3-8B,1,social-group,LGB
R_zeC4CXukv6kGk5b,117102,2994,-1,,Qwen3-8B,3,random,random
R_zeC4CXukv6kGk5b,117126,2995,0,0.0,Qwen3-8B,1,social-group,christian
R_zeC4CXukv6kGk5b,117150,2996,1,0.0,Qwen3-8B,2,social-group,LGB
R_e4gf7yViZxnSdmp,3340,59,0,0.0,Qwen3-8B,2,random,random
R_e4gf7yViZxnSdmp,5917,99,4,1.0,Qwen3-8B,2,random,random
R_e4gf7yViZxnSdmp,9362,152,0,0.0,Qwen3-8B,1,random,random
R_e4gf7yViZxnSdmp,16603,261,1,0.0,Qwen3-8B,2,random,random
R_e4gf7yViZxnSdmp,36014,576,0,0.0,Qwen3-8B,1,random,random
R_e4gf7yViZxnSdmp,54049,852,0,0.0,Qwen3-8B,1,random,random
R_e4gf7yViZxnSdmp,61516,973,3,1.0,Qwen3-8B,3,random,random
R_e4gf7yViZxnSdmp,65652,1039,0,0.0,Qwen3-8B,1,random,random
R_e4gf7yViZxnSdmp,116504,2970,4,1.0,Qwen3-8B,5,social-group,muslim
R_e4gf7yViZxnSdmp,116528,2971,0,0.0,Qwen3-8B,3,social-group,jewish
R_e4gf7yViZxnSdmp,116552,2972,4,1.0,Qwen3-8B,4,social-group,christian
R_e4gf7yViZxnSdmp,116576,2973,3,1.0,Qwen3-8B,3,random,random
R_e4gf7yViZxnSdmp,116600,2974,4,1.0,Qwen3-8B,3,social-group,christian
R_e4gf7yViZxnSdmp,116624,2975,4,1.0,Qwen3-8B,2,social-group,christian
R_e4gf7yViZxnSdmp,116648,2976,4,1.0,Qwen3-8B,3,social-group,muslim
R_e4gf7yViZxnSdmp,116672,2977,0,0.0,Qwen3-8B,1,random,random
R_e4gf7yViZxnSdmp,116696,2978,2,1.0,Qwen3-8B,2,social-group,christian
R_e4gf7yViZxnSdmp,116720,2979,0,0.0,Qwen3-8B,2,moral,care
R_e4gf7yViZxnSdmp,116744,2980,0,0.0,Qwen3-8B,3,random,random
R_e4gf7yViZxnSdmp,116768,2981,4,1.0,Qwen3-8B,4,social-group,transgender
R_e4gf7yViZxnSdmp,116795,2982,0,0.0,Qwen3-8B,1,moral,purity
R_e4gf7yViZxnSdmp,116840,2983,0,0.0,Qwen3-8B,1,moral,authority
R_e4gf7yViZxnSdmp,116864,2984,4,1.0,Qwen3-8B,3,social-group,transgender
R_e4gf7yViZxnSdmp,116888,2985,2,1.0,Qwen3-8B,1,moral,care
R_e4gf7yViZxnSdmp,116912,2986,4,1.0,Qwen3-8B,4,social-group,jewish
R_e4gf7yViZxnSdmp,116936,2987,4,1.0,Qwen3-8B,3,random,random
R_e4gf7yViZxnSdmp,116960,2988,4,1.0,Qwen3-8B,5,social-group,jewish
R_e4gf7yViZxnSdmp,116984,2989,4,1.0,Qwen3-8B,3,social-group,LGB
R_e4gf7yViZxnSdmp,117008,2990,4,1.0,Qwen3-8B,4,social-group,LGB
R_e4gf7yViZxnSdmp,117032,2991,4,1.0,Qwen3-8B,3,social-group,muslim
R_e4gf7yViZxnSdmp,117056,2992,3,1.0,Qwen3-8B,3,social-group,muslim
R_e4gf7yViZxnSdmp,117080,2993,4,1.0,Qwen3-8B,1,social-group,LGB
R_e4gf7yViZxnSdmp,117104,2994,2,1.0,Qwen3-8B,3,random,random
R_e4gf7yViZxnSdmp,117128,2995,0,0.0,Qwen3-8B,1,social-group,christian
R_e4gf7yViZxnSdmp,117152,2996,4,1.0,Qwen3-8B,2,social-group,LGB
R_1FOJvzGfBFOSEtT,3407,60,0,0.0,Qwen3-8B,2,random,random
R_1FOJvzGfBFOSEtT,8335,135,0,0.0,Qwen3-8B,4,random,random
R_1FOJvzGfBFOSEtT,11958,193,0,0.0,Qwen3-8B,3,random,random
R_1FOJvzGfBFOSEtT,17758,280,0,0.0,Qwen3-8B,3,random,random
R_1FOJvzGfBFOSEtT,30010,481,0,0.0,Qwen3-8B,1,random,random
R_1FOJvzGfBFOSEtT,40283,648,0,0.0,Qwen3-8B,2,random,random
R_1FOJvzGfBFOSEtT,40887,658,2,1.0,Qwen3-8B,3,random,random
R_1FOJvzGfBFOSEtT,58315,915,0,0.0,Qwen3-8B,1,random,random
R_1FOJvzGfBFOSEtT,68094,1079,0,0.0,Qwen3-8B,3,random,random
R_1FOJvzGfBFOSEtT,74270,1238,4,1.0,Qwen3-8B,5,social-group,christian
R_1FOJvzGfBFOSEtT,74293,1239,0,0.0,Qwen3-8B,4,social-group,christian
R_1FOJvzGfBFOSEtT,74316,1240,0,0.0,Qwen3-8B,4,social-group,christian
R_1FOJvzGfBFOSEtT,74339,1241,4,1.0,Qwen3-8B,5,social-group,muslim
R_1FOJvzGfBFOSEtT,74362,1242,-1,,Qwen3-8B,4,random,random
R_1FOJvzGfBFOSEtT,74385,1243,0,0.0,Qwen3-8B,1,moral,purity
R_1FOJvzGfBFOSEtT,74385,1243,0,0.0,Qwen3-8B,1,moral,loyalty
R_1FOJvzGfBFOSEtT,74385,1243,0,0.0,Qwen3-8B,1,moral,purity
R_1FOJvzGfBFOSEtT,74385,1243,0,0.0,Qwen3-8B,1,moral,loyalty
R_1FOJvzGfBFOSEtT,74665,1244,4,1.0,Qwen3-8B,4,social-group,muslim
R_1FOJvzGfBFOSEtT,74688,1245,4,1.0,Qwen3-8B,5,social-group,transgender
R_1FOJvzGfBFOSEtT,74711,1246,0,0.0,Qwen3-8B,4,moral,authority
R_1FOJvzGfBFOSEtT,74734,1247,4,1.0,Qwen3-8B,4,social-group,christian
R_1FOJvzGfBFOSEtT,74757,1248,2,1.0,Qwen3-8B,3,social-group,muslim
R_1FOJvzGfBFOSEtT,74780,1249,0,0.0,Qwen3-8B,1,moral,loyalty
R_1FOJvzGfBFOSEtT,74803,1250,4,1.0,Qwen3-8B,4,social-group,transgender
R_1FOJvzGfBFOSEtT,74826,1251,4,1.0,Qwen3-8B,3,social-group,LGB
R_1FOJvzGfBFOSEtT,74849,1252,0,0.0,Qwen3-8B,4,moral,loyalty
R_1FOJvzGfBFOSEtT,74872,1253,0,0.0,Qwen3-8B,1,random,random
R_1FOJvzGfBFOSEtT,74895,1254,4,1.0,Qwen3-8B,4,social-group,muslim
R_1FOJvzGfBFOSEtT,74918,1255,0,0.0,Qwen3-8B,1,moral,purity
R_1FOJvzGfBFOSEtT,74918,1255,0,0.0,Qwen3-8B,1,moral,care
R_1FOJvzGfBFOSEtT,74918,1255,0,0.0,Qwen3-8B,1,moral,purity
R_1FOJvzGfBFOSEtT,74918,1255,0,0.0,Qwen3-8B,1,moral,care
R_1FOJvzGfBFOSEtT,75058,1256,0,0.0,Qwen3-8B,1,random,random
R_1FOJvzGfBFOSEtT,75081,1257,0,0.0,Qwen3-8B,5,social-group,jewish
R_1FOJvzGfBFOSEtT,75104,1258,4,1.0,Qwen3-8B,3,social-group,LGB
R_1FOJvzGfBFOSEtT,75127,1259,4,1.0,Qwen3-8B,3,social-group,transgender
R_1FOJvzGfBFOSEtT,75150,1260,0,0.0,Qwen3-8B,1,moral,purity
R_1FOJvzGfBFOSEtT,75150,1260,0,0.0,Qwen3-8B,1,moral,care
R_1FOJvzGfBFOSEtT,75150,1260,0,0.0,Qwen3-8B,1,moral,purity
R_1FOJvzGfBFOSEtT,75150,1260,0,0.0,Qwen3-8B,1,moral,care
R_1FOJvzGfBFOSEtT,75242,1261,0,0.0,Qwen3-8B,1,social-group,jewish
R_1FOJvzGfBFOSEtT,75265,1262,0,0.0,Qwen3-8B,2,social-group,transgender
R_1FOJvzGfBFOSEtT,75288,1263,0,0.0,Qwen3-8B,1,social-group,christian
R_w7972OqUM0w5m1j,3419,60,0,0.0,Qwen3-8B,2,random,random
R_w7972OqUM0w5m1j,8344,135,0,0.0,Qwen3-8B,4,random,random
R_w7972OqUM0w5m1j,11971,193,0,0.0,Qwen3-8B,3,random,random
R_w7972OqUM0w5m1j,17767,280,0,0.0,Qwen3-8B,3,random,random
R_w7972OqUM0w5m1j,30019,481,0,0.0,Qwen3-8B,1,random,random
R_w7972OqUM0w5m1j,40291,648,0,0.0,Qwen3-8B,2,random,random
R_w7972OqUM0w5m1j,40895,658,0,0.0,Qwen3-8B,3,random,random
R_w7972OqUM0w5m1j,58324,915,-1,,Qwen3-8B,1,random,random
R_w7972OqUM0w5m1j,68102,1079,0,0.0,Qwen3-8B,3,random,random
R_w7972OqUM0w5m1j,74275,1238,0,0.0,Qwen3-8B,5,social-group,christian
R_w7972OqUM0w5m1j,74298,1239,1,0.0,Qwen3-8B,4,social-group,christian
R_w7972OqUM0w5m1j,74321,1240,0,0.0,Qwen3-8B,4,social-group,christian
R_w7972OqUM0w5m1j,74344,1241,3,1.0,Qwen3-8B,5,social-group,muslim
R_w7972OqUM0w5m1j,74367,1242,-1,,Qwen3-8B,4,random,random
R_w7972OqUM0w5m1j,74451,1243,0,0.0,Qwen3-8B,1,moral,purity
R_w7972OqUM0w5m1j,74451,1243,0,0.0,Qwen3-8B,1,moral,loyalty
R_w7972OqUM0w5m1j,74451,1243,0,0.0,Qwen3-8B,1,moral,purity
R_w7972OqUM0w5m1j,74451,1243,0,0.0,Qwen3-8B,1,moral,loyalty
R_w7972OqUM0w5m1j,74670,1244,3,1.0,Qwen3-8B,4,social-group,muslim
R_w7972OqUM0w5m1j,74693,1245,0,0.0,Qwen3-8B,5,social-group,transgender
R_w7972OqUM0w5m1j,74716,1246,0,0.0,Qwen3-8B,4,moral,authority
R_w7972OqUM0w5m1j,74739,1247,3,1.0,Qwen3-8B,4,social-group,christian
R_w7972OqUM0w5m1j,74762,1248,0,0.0,Qwen3-8B,3,social-group,muslim
R_w7972OqUM0w5m1j,74785,1249,0,0.0,Qwen3-8B,1,moral,loyalty
R_w7972OqUM0w5m1j,74808,1250,0,0.0,Qwen3-8B,4,social-group,transgender
R_w7972OqUM0w5m1j,74831,1251,0,0.0,Qwen3-8B,3,social-group,LGB
R_w7972OqUM0w5m1j,74854,1252,0,0.0,Qwen3-8B,4,moral,loyalty
R_w7972OqUM0w5m1j,74877,1253,0,0.0,Qwen3-8B,1,random,random
R_w7972OqUM0w5m1j,74900,1254,1,0.0,Qwen3-8B,4,social-group,muslim
R_w7972OqUM0w5m1j,74952,1255,0,0.0,Qwen3-8B,1,moral,purity
R_w7972OqUM0w5m1j,74952,1255,0,0.0,Qwen3-8B,1,moral,care
R_w7972OqUM0w5m1j,74952,1255,0,0.0,Qwen3-8B,1,moral,purity
R_w7972OqUM0w5m1j,74952,1255,0,0.0,Qwen3-8B,1,moral,care
R_w7972OqUM0w5m1j,75063,1256,0,0.0,Qwen3-8B,1,random,random
R_w7972OqUM0w5m1j,75086,1257,0,0.0,Qwen3-8B,5,social-group,jewish
R_w7972OqUM0w5m1j,75109,1258,-1,,Qwen3-8B,3,social-group,LGB
R_w7972OqUM0w5m1j,75132,1259,0,0.0,Qwen3-8B,3,social-group,transgender
R_w7972OqUM0w5m1j,75172,1260,0,0.0,Qwen3-8B,1,moral,purity
R_w7972OqUM0w5m1j,75172,1260,0,0.0,Qwen3-8B,1,moral,care
R_w7972OqUM0w5m1j,75172,1260,0,0.0,Qwen3-8B,1,moral,purity
R_w7972OqUM0w5m1j,75172,1260,0,0.0,Qwen3-8B,1,moral,care
R_w7972OqUM0w5m1j,75247,1261,0,0.0,Qwen3-8B,1,social-group,jewish
R_w7972OqUM0w5m1j,75270,1262,0,0.0,Qwen3-8B,2,social-group,transgender
R_w7972OqUM0w5m1j,75293,1263,0,0.0,Qwen3-8B,1,social-group,christian
R_2xxbfN0PVCXqbR7,3433,60,2,1.0,Qwen3-8B,2,random,random
R_2xxbfN0PVCXqbR7,8360,135,2,1.0,Qwen3-8B,4,random,random
R_2xxbfN0PVCXqbR7,11986,193,2,1.0,Qwen3-8B,3,random,random
R_2xxbfN0PVCXqbR7,17787,280,0,0.0,Qwen3-8B,3,random,random
R_2xxbfN0PVCXqbR7,30038,481,1,0.0,Qwen3-8B,1,random,random
R_2xxbfN0PVCXqbR7,40303,648,3,1.0,Qwen3-8B,2,random,random
R_2xxbfN0PVCXqbR7,40907,658,1,0.0,Qwen3-8B,3,random,random
R_2xxbfN0PVCXqbR7,58336,915,3,1.0,Qwen3-8B,1,random,random
R_2xxbfN0PVCXqbR7,68119,1079,0,0.0,Qwen3-8B,3,random,random
R_2xxbfN0PVCXqbR7,74280,1238,4,1.0,Qwen3-8B,5,social-group,christian
R_2xxbfN0PVCXqbR7,74303,1239,3,1.0,Qwen3-8B,4,social-group,christian
R_2xxbfN0PVCXqbR7,74326,1240,3,1.0,Qwen3-8B,4,social-group,christian
R_2xxbfN0PVCXqbR7,74349,1241,4,1.0,Qwen3-8B,5,social-group,muslim
R_2xxbfN0PVCXqbR7,74372,1242,-1,,Qwen3-8B,4,random,random
R_2xxbfN0PVCXqbR7,74499,1243,0,0.0,Qwen3-8B,1,moral,purity
R_2xxbfN0PVCXqbR7,74499,1243,0,0.0,Qwen3-8B,1,moral,loyalty
R_2xxbfN0PVCXqbR7,74499,1243,0,0.0,Qwen3-8B,1,moral,purity
R_2xxbfN0PVCXqbR7,74499,1243,0,0.0,Qwen3-8B,1,moral,loyalty
R_2xxbfN0PVCXqbR7,74675,1244,1,0.0,Qwen3-8B,4,social-group,muslim
R_2xxbfN0PVCXqbR7,74698,1245,0,0.0,Qwen3-8B,5,social-group,transgender
R_2xxbfN0PVCXqbR7,74721,1246,1,0.0,Qwen3-8B,4,moral,authority
R_2xxbfN0PVCXqbR7,74744,1247,1,0.0,Qwen3-8B,4,social-group,christian
R_2xxbfN0PVCXqbR7,74767,1248,2,1.0,Qwen3-8B,3,social-group,muslim
R_2xxbfN0PVCXqbR7,74790,1249,0,0.0,Qwen3-8B,1,moral,loyalty
R_2xxbfN0PVCXqbR7,74813,1250,1,0.0,Qwen3-8B,4,social-group,transgender
R_2xxbfN0PVCXqbR7,74836,1251,1,0.0,Qwen3-8B,3,social-group,LGB
R_2xxbfN0PVCXqbR7,74859,1252,0,0.0,Qwen3-8B,4,moral,loyalty
R_2xxbfN0PVCXqbR7,74882,1253,0,0.0,Qwen3-8B,1,random,random
R_2xxbfN0PVCXqbR7,74905,1254,2,1.0,Qwen3-8B,4,social-group,muslim
R_2xxbfN0PVCXqbR7,74980,1255,1,0.0,Qwen3-8B,1,moral,purity
R_2xxbfN0PVCXqbR7,74980,1255,1,0.0,Qwen3-8B,1,moral,care
R_2xxbfN0PVCXqbR7,74980,1255,1,0.0,Qwen3-8B,1,moral,purity
R_2xxbfN0PVCXqbR7,74980,1255,1,0.0,Qwen3-8B,1,moral,care
R_2xxbfN0PVCXqbR7,75068,1256,0,0.0,Qwen3-8B,1,random,random
R_2xxbfN0PVCXqbR7,75091,1257,1,0.0,Qwen3-8B,5,social-group,jewish
R_2xxbfN0PVCXqbR7,75114,1258,3,1.0,Qwen3-8B,3,social-group,LGB
R_2xxbfN0PVCXqbR7,75137,1259,3,1.0,Qwen3-8B,3,social-group,transgender
R_2xxbfN0PVCXqbR7,75190,1260,0,0.0,Qwen3-8B,1,moral,purity
R_2xxbfN0PVCXqbR7,75190,1260,0,0.0,Qwen3-8B,1,moral,care
R_2xxbfN0PVCXqbR7,75190,1260,0,0.0,Qwen3-8B,1,moral,purity
R_2xxbfN0PVCXqbR7,75190,1260,0,0.0,Qwen3-8B,1,moral,care
R_2xxbfN0PVCXqbR7,75252,1261,0,0.0,Qwen3-8B,1,social-group,jewish
R_2xxbfN0PVCXqbR7,75275,1262,0,0.0,Qwen3-8B,2,social-group,transgender
R_2xxbfN0PVCXqbR7,75298,1263,3,1.0,Qwen3-8B,1,social-group,christian
R_3HAEQlxUc3simry,3544,62,1,0.0,Qwen3-8B,1,random,random
R_3HAEQlxUc3simry,8401,136,3,1.0,Qwen3-8B,1,random,random
R_3HAEQlxUc3simry,14837,235,0,0.0,Qwen3-8B,3,random,random
R_3HAEQlxUc3simry,14837,235,0,0.0,Qwen3-8B,3,moral,loyalty
R_3HAEQlxUc3simry,14837,235,0,0.0,Qwen3-8B,3,random,random
R_3HAEQlxUc3simry,14837,235,0,0.0,Qwen3-8B,3,moral,loyalty
R_3HAEQlxUc3simry,16481,259,3,1.0,Qwen3-8B,4,random,random
R_3HAEQlxUc3simry,24409,385,2,1.0,Qwen3-8B,2,random,random
R_3HAEQlxUc3simry,31074,496,2,1.0,Qwen3-8B,1,random,random
R_3HAEQlxUc3simry,32794,522,3,1.0,Qwen3-8B,4,random,random
R_3HAEQlxUc3simry,34058,543,0,0.0,Qwen3-8B,1,random,random
R_3HAEQlxUc3simry,53195,838,4,1.0,Qwen3-8B,5,random,random
R_3HAEQlxUc3simry,55215,872,0,0.0,Qwen3-8B,3,random,random
R_3HAEQlxUc3simry,64993,1029,1,0.0,Qwen3-8B,4,random,random
R_3HAEQlxUc3simry,69075,1096,3,1.0,Qwen3-8B,3,random,random
R_3HAEQlxUc3simry,146209,4249,3,1.0,Qwen3-8B,2,social-group,transgender
R_3HAEQlxUc3simry,146230,4250,4,1.0,Qwen3-8B,3,social-group,christian
R_3HAEQlxUc3simry,146251,4251,2,1.0,Qwen3-8B,3,social-group,LGB
R_3HAEQlxUc3simry,146272,4252,2,1.0,Qwen3-8B,3,social-group,christian
R_3HAEQlxUc3simry,146293,4253,3,1.0,Qwen3-8B,4,social-group,transgender
R_3HAEQlxUc3simry,146314,4254,1,0.0,Qwen3-8B,1,moral,care
R_3HAEQlxUc3simry,146335,4255,3,1.0,Qwen3-8B,1,moral,authority
R_3HAEQlxUc3simry,146356,4256,4,1.0,Qwen3-8B,4,social-group,muslim
R_3HAEQlxUc3simry,146377,4257,3,1.0,Qwen3-8B,2,moral,purity
R_3HAEQlxUc3simry,146398,4258,0,0.0,Qwen3-8B,2,social-group,transgender
R_3HAEQlxUc3simry,146419,4259,0,0.0,Qwen3-8B,4,social-group,LGB
R_3HAEQlxUc3simry,146440,4260,0,0.0,Qwen3-8B,5,social-group,transgender
R_3HAEQlxUc3simry,146461,4261,1,0.0,Qwen3-8B,1,random,random
R_3HAEQlxUc3simry,146482,4262,0,0.0,Qwen3-8B,2,social-group,transgender
R_3HAEQlxUc3simry,146503,4263,0,0.0,Qwen3-8B,2,random,random
R_3HAEQlxUc3simry,146524,4264,0,0.0,Qwen3-8B,2,social-group,LGB
R_3HAEQlxUc3simry,146545,4265,2,1.0,Qwen3-8B,5,social-group,jewish
R_3HAEQlxUc3simry,146566,4266,3,1.0,Qwen3-8B,5,social-group,transgender
R_3HAEQlxUc3simry,146587,4267,1,0.0,Qwen3-8B,5,social-group,jewish
R_3HAEQlxUc3simry,146608,4268,4,1.0,Qwen3-8B,4,social-group,muslim
R_3HAEQlxUc3simry,146629,4269,3,1.0,Qwen3-8B,3,social-group,muslim
R_3HAEQlxUc3simry,146650,4270,2,1.0,Qwen3-8B,2,random,random
R_3HAEQlxUc3simry,146671,4271,-1,,Qwen3-8B,3,random,random
R_3kuObiFIERxxqzD,3545,62,1,0.0,Qwen3-8B,1,random,random
R_3kuObiFIERxxqzD,8402,136,4,1.0,Qwen3-8B,1,random,random
R_3kuObiFIERxxqzD,14839,235,1,0.0,Qwen3-8B,3,random,random
R_3kuObiFIERxxqzD,14839,235,1,0.0,Qwen3-8B,3,moral,loyalty
R_3kuObiFIERxxqzD,14839,235,1,0.0,Qwen3-8B,3,random,random
R_3kuObiFIERxxqzD,14839,235,1,0.0,Qwen3-8B,3,moral,loyalty
R_3kuObiFIERxxqzD,16482,259,0,0.0,Qwen3-8B,4,random,random
R_3kuObiFIERxxqzD,24410,385,4,1.0,Qwen3-8B,2,random,random
R_3kuObiFIERxxqzD,31075,496,4,1.0,Qwen3-8B,1,random,random
R_3kuObiFIERxxqzD,32795,522,0,0.0,Qwen3-8B,4,random,random
R_3kuObiFIERxxqzD,34059,543,0,0.0,Qwen3-8B,1,random,random
R_3kuObiFIERxxqzD,53196,838,0,0.0,Qwen3-8B,5,random,random
R_3kuObiFIERxxqzD,55216,872,0,0.0,Qwen3-8B,3,random,random
R_3kuObiFIERxxqzD,64994,1029,0,0.0,Qwen3-8B,4,random,random
R_3kuObiFIERxxqzD,69076,1096,2,1.0,Qwen3-8B,3,random,random
R_3kuObiFIERxxqzD,146210,4249,3,1.0,Qwen3-8B,2,social-group,transgender
R_3kuObiFIERxxqzD,146231,4250,3,1.0,Qwen3-8B,3,social-group,christian
R_3kuObiFIERxxqzD,146252,4251,4,1.0,Qwen3-8B,3,social-group,LGB
R_3kuObiFIERxxqzD,146273,4252,1,0.0,Qwen3-8B,3,social-group,christian
R_3kuObiFIERxxqzD,146294,4253,4,1.0,Qwen3-8B,4,social-group,transgender
R_3kuObiFIERxxqzD,146315,4254,0,0.0,Qwen3-8B,1,moral,care
R_3kuObiFIERxxqzD,146336,4255,0,0.0,Qwen3-8B,1,moral,authority
R_3kuObiFIERxxqzD,146357,4256,4,1.0,Qwen3-8B,4,social-group,muslim
R_3kuObiFIERxxqzD,146378,4257,0,0.0,Qwen3-8B,2,moral,purity
R_3kuObiFIERxxqzD,146399,4258,4,1.0,Qwen3-8B,2,social-group,transgender
R_3kuObiFIERxxqzD,146420,4259,4,1.0,Qwen3-8B,4,social-group,LGB
R_3kuObiFIERxxqzD,146441,4260,4,1.0,Qwen3-8B,5,social-group,transgender
R_3kuObiFIERxxqzD,146462,4261,0,0.0,Qwen3-8B,1,random,random
R_3kuObiFIERxxqzD,146483,4262,3,1.0,Qwen3-8B,2,social-group,transgender
R_3kuObiFIERxxqzD,146504,4263,0,0.0,Qwen3-8B,2,random,random
R_3kuObiFIERxxqzD,146525,4264,1,0.0,Qwen3-8B,2,social-group,LGB
R_3kuObiFIERxxqzD,146546,4265,4,1.0,Qwen3-8B,5,social-group,jewish
R_3kuObiFIERxxqzD,146567,4266,3,1.0,Qwen3-8B,5,social-group,transgender
R_3kuObiFIERxxqzD,146588,4267,4,1.0,Qwen3-8B,5,social-group,jewish
R_3kuObiFIERxxqzD,146609,4268,4,1.0,Qwen3-8B,4,social-group,muslim
R_3kuObiFIERxxqzD,146630,4269,4,1.0,Qwen3-8B,3,social-group,muslim
R_3kuObiFIERxxqzD,146651,4270,3,1.0,Qwen3-8B,2,random,random
R_3kuObiFIERxxqzD,146672,4271,2,1.0,Qwen3-8B,3,random,random
R_338wnOfXaqvChDX,3553,62,0,0.0,Qwen3-8B,1,random,random
R_338wnOfXaqvChDX,8407,136,1,0.0,Qwen3-8B,1,random,random
R_338wnOfXaqvChDX,14853,235,0,0.0,Qwen3-8B,3,random,random
R_338wnOfXaqvChDX,14853,235,0,0.0,Qwen3-8B,3,moral,loyalty
R_338wnOfXaqvChDX,14853,235,0,0.0,Qwen3-8B,3,random,random
R_338wnOfXaqvChDX,14853,235,0,0.0,Qwen3-8B,3,moral,loyalty
R_338wnOfXaqvChDX,16487,259,0,0.0,Qwen3-8B,4,random,random
R_338wnOfXaqvChDX,24417,385,1,0.0,Qwen3-8B,2,random,random
R_338wnOfXaqvChDX,31079,496,0,0.0,Qwen3-8B,1,random,random
R_338wnOfXaqvChDX,32799,522,0,0.0,Qwen3-8B,4,random,random
R_338wnOfXaqvChDX,34066,543,0,0.0,Qwen3-8B,1,random,random
R_338wnOfXaqvChDX,53200,838,0,0.0,Qwen3-8B,5,random,random
R_338wnOfXaqvChDX,55220,872,1,0.0,Qwen3-8B,3,random,random
R_338wnOfXaqvChDX,65006,1029,1,0.0,Qwen3-8B,4,random,random
R_338wnOfXaqvChDX,69085,1096,1,0.0,Qwen3-8B,3,random,random
R_338wnOfXaqvChDX,146211,4249,1,0.0,Qwen3-8B,2,social-group,transgender
R_338wnOfXaqvChDX,146232,4250,0,0.0,Qwen3-8B,3,social-group,christian
R_338wnOfXaqvChDX,146253,4251,1,0.0,Qwen3-8B,3,social-group,LGB
R_338wnOfXaqvChDX,146274,4252,0,0.0,Qwen3-8B,3,social-group,christian
R_338wnOfXaqvChDX,146295,4253,1,0.0,Qwen3-8B,4,social-group,transgender
R_338wnOfXaqvChDX,146316,4254,0,0.0,Qwen3-8B,1,moral,care
R_338wnOfXaqvChDX,146337,4255,0,0.0,Qwen3-8B,1,moral,authority
R_338wnOfXaqvChDX,146358,4256,1,0.0,Qwen3-8B,4,social-group,muslim
R_338wnOfXaqvChDX,146379,4257,0,0.0,Qwen3-8B,2,moral,purity
R_338wnOfXaqvChDX,146400,4258,1,0.0,Qwen3-8B,2,social-group,transgender
R_338wnOfXaqvChDX,146421,4259,1,0.0,Qwen3-8B,4,social-group,LGB
R_338wnOfXaqvChDX,146442,4260,0,0.0,Qwen3-8B,5,social-group,transgender
R_338wnOfXaqvChDX,146463,4261,0,0.0,Qwen3-8B,1,random,random
R_338wnOfXaqvChDX,146484,4262,0,0.0,Qwen3-8B,2,social-group,transgender
R_338wnOfXaqvChDX,146505,4263,1,0.0,Qwen3-8B,2,random,random
R_338wnOfXaqvChDX,146526,4264,1,0.0,Qwen3-8B,2,social-group,LGB
R_338wnOfXaqvChDX,146547,4265,1,0.0,Qwen3-8B,5,social-group,jewish
R_338wnOfXaqvChDX,146568,4266,1,0.0,Qwen3-8B,5,social-group,transgender
R_338wnOfXaqvChDX,146589,4267,1,0.0,Qwen3-8B,5,social-group,jewish
R_338wnOfXaqvChDX,146610,4268,1,0.0,Qwen3-8B,4,social-group,muslim
R_338wnOfXaqvChDX,146631,4269,0,0.0,Qwen3-8B,3,social-group,muslim
R_338wnOfXaqvChDX,146652,4270,0,0.0,Qwen3-8B,2,random,random
R_338wnOfXaqvChDX,146673,4271,0,0.0,Qwen3-8B,3,random,random
R_3OpsldJWcjCgCmq,3555,62,2,1.0,Qwen3-8B,1,random,random
R_3OpsldJWcjCgCmq,8409,136,0,0.0,Qwen3-8B,1,random,random
R_3OpsldJWcjCgCmq,14857,235,1,0.0,Qwen3-8B,3,random,random
R_3OpsldJWcjCgCmq,14857,235,1,0.0,Qwen3-8B,3,moral,loyalty
R_3OpsldJWcjCgCmq,14857,235,1,0.0,Qwen3-8B,3,random,random
R_3OpsldJWcjCgCmq,14857,235,1,0.0,Qwen3-8B,3,moral,loyalty
R_3OpsldJWcjCgCmq,16489,259,2,1.0,Qwen3-8B,4,random,random
R_3OpsldJWcjCgCmq,24419,385,1,0.0,Qwen3-8B,2,random,random
R_3OpsldJWcjCgCmq,31081,496,0,0.0,Qwen3-8B,1,random,random
R_3OpsldJWcjCgCmq,32801,522,2,1.0,Qwen3-8B,4,random,random
R_3OpsldJWcjCgCmq,34068,543,0,0.0,Qwen3-8B,1,random,random
R_3OpsldJWcjCgCmq,53202,838,0,0.0,Qwen3-8B,5,random,random
R_3OpsldJWcjCgCmq,55222,872,0,0.0,Qwen3-8B,3,random,random
R_3OpsldJWcjCgCmq,65008,1029,1,0.0,Qwen3-8B,4,random,random
R_3OpsldJWcjCgCmq,69087,1096,2,1.0,Qwen3-8B,3,random,random
R_3OpsldJWcjCgCmq,146213,4249,3,1.0,Qwen3-8B,2,social-group,transgender
R_3OpsldJWcjCgCmq,146234,4250,1,0.0,Qwen3-8B,3,social-group,christian
R_3OpsldJWcjCgCmq,146255,4251,3,1.0,Qwen3-8B,3,social-group,LGB
R_3OpsldJWcjCgCmq,146276,4252,1,0.0,Qwen3-8B,3,social-group,christian
R_3OpsldJWcjCgCmq,146297,4253,3,1.0,Qwen3-8B,4,social-group,transgender
R_3OpsldJWcjCgCmq,146318,4254,0,0.0,Qwen3-8B,1,moral,care
R_3OpsldJWcjCgCmq,146339,4255,3,1.0,Qwen3-8B,1,moral,authority
R_3OpsldJWcjCgCmq,146360,4256,3,1.0,Qwen3-8B,4,social-group,muslim
R_3OpsldJWcjCgCmq,146381,4257,2,1.0,Qwen3-8B,2,moral,purity
R_3OpsldJWcjCgCmq,146402,4258,3,1.0,Qwen3-8B,2,social-group,transgender
R_3OpsldJWcjCgCmq,146423,4259,3,1.0,Qwen3-8B,4,social-group,LGB
R_3OpsldJWcjCgCmq,146444,4260,2,1.0,Qwen3-8B,5,social-group,transgender
R_3OpsldJWcjCgCmq,146465,4261,1,0.0,Qwen3-8B,1,random,random
R_3OpsldJWcjCgCmq,146486,4262,3,1.0,Qwen3-8B,2,social-group,transgender
R_3OpsldJWcjCgCmq,146507,4263,0,0.0,Qwen3-8B,2,random,random
R_3OpsldJWcjCgCmq,146528,4264,2,1.0,Qwen3-8B,2,social-group,LGB
R_3OpsldJWcjCgCmq,146549,4265,1,0.0,Qwen3-8B,5,social-group,jewish
R_3OpsldJWcjCgCmq,146570,4266,2,1.0,Qwen3-8B,5,social-group,transgender
R_3OpsldJWcjCgCmq,146591,4267,3,1.0,Qwen3-8B,5,social-group,jewish
R_3OpsldJWcjCgCmq,146612,4268,1,0.0,Qwen3-8B,4,social-group,muslim
R_3OpsldJWcjCgCmq,146633,4269,2,1.0,Qwen3-8B,3,social-group,muslim
R_3OpsldJWcjCgCmq,146654,4270,1,0.0,Qwen3-8B,2,random,random
R_3OpsldJWcjCgCmq,146675,4271,0,0.0,Qwen3-8B,3,random,random
R_2tgtCHc7VpomBqB,3588,62,0,0.0,Qwen3-8B,1,random,random
R_2tgtCHc7VpomBqB,8437,136,0,0.0,Qwen3-8B,1,random,random
R_2tgtCHc7VpomBqB,14941,235,0,0.0,Qwen3-8B,3,random,random
R_2tgtCHc7VpomBqB,14941,235,0,0.0,Qwen3-8B,3,moral,loyalty
R_2tgtCHc7VpomBqB,14941,235,0,0.0,Qwen3-8B,3,random,random
R_2tgtCHc7VpomBqB,14941,235,0,0.0,Qwen3-8B,3,moral,loyalty
R_2tgtCHc7VpomBqB,16519,259,0,0.0,Qwen3-8B,4,random,random
R_2tgtCHc7VpomBqB,24445,385,0,0.0,Qwen3-8B,2,random,random
R_2tgtCHc7VpomBqB,31110,496,0,0.0,Qwen3-8B,1,random,random
R_2tgtCHc7VpomBqB,32830,522,0,0.0,Qwen3-8B,4,random,random
R_2tgtCHc7VpomBqB,34094,543,0,0.0,Qwen3-8B,1,random,random
R_2tgtCHc7VpomBqB,53235,838,0,0.0,Qwen3-8B,5,random,random
R_2tgtCHc7VpomBqB,55254,872,0,0.0,Qwen3-8B,3,random,random
R_2tgtCHc7VpomBqB,65038,1029,0,0.0,Qwen3-8B,4,random,random
R_2tgtCHc7VpomBqB,69106,1096,0,0.0,Qwen3-8B,3,random,random
R_2tgtCHc7VpomBqB,146221,4249,0,0.0,Qwen3-8B,2,social-group,transgender
R_2tgtCHc7VpomBqB,146242,4250,0,0.0,Qwen3-8B,3,social-group,christian
R_2tgtCHc7VpomBqB,146263,4251,0,0.0,Qwen3-8B,3,social-group,LGB
R_2tgtCHc7VpomBqB,146284,4252,0,0.0,Qwen3-8B,3,social-group,christian
R_2tgtCHc7VpomBqB,146305,4253,0,0.0,Qwen3-8B,4,social-group,transgender
R_2tgtCHc7VpomBqB,146326,4254,0,0.0,Qwen3-8B,1,moral,care
R_2tgtCHc7VpomBqB,146347,4255,0,0.0,Qwen3-8B,1,moral,authority
R_2tgtCHc7VpomBqB,146368,4256,0,0.0,Qwen3-8B,4,social-group,muslim
R_2tgtCHc7VpomBqB,146389,4257,0,0.0,Qwen3-8B,2,moral,purity
R_2tgtCHc7VpomBqB,146410,4258,0,0.0,Qwen3-8B,2,social-group,transgender
R_2tgtCHc7VpomBqB,146431,4259,0,0.0,Qwen3-8B,4,social-group,LGB
R_2tgtCHc7VpomBqB,146452,4260,0,0.0,Qwen3-8B,5,social-group,transgender
R_2tgtCHc7VpomBqB,146473,4261,0,0.0,Qwen3-8B,1,random,random
R_2tgtCHc7VpomBqB,146494,4262,0,0.0,Qwen3-8B,2,social-group,transgender
R_2tgtCHc7VpomBqB,146515,4263,0,0.0,Qwen3-8B,2,random,random
R_2tgtCHc7VpomBqB,146536,4264,0,0.0,Qwen3-8B,2,social-group,LGB
R_2tgtCHc7VpomBqB,146557,4265,0,0.0,Qwen3-8B,5,social-group,jewish
R_2tgtCHc7VpomBqB,146578,4266,0,0.0,Qwen3-8B,5,social-group,transgender
R_2tgtCHc7VpomBqB,146599,4267,0,0.0,Qwen3-8B,5,social-group,jewish
R_2tgtCHc7VpomBqB,146620,4268,0,0.0,Qwen3-8B,4,social-group,muslim
R_2tgtCHc7VpomBqB,146641,4269,0,0.0,Qwen3-8B,3,social-group,muslim
R_2tgtCHc7VpomBqB,146662,4270,0,0.0,Qwen3-8B,2,random,random
R_2tgtCHc7VpomBqB,146683,4271,0,0.0,Qwen3-8B,3,random,random
R_3fZ45LcOVKAP1Lx,3611,63,0,0.0,Qwen3-8B,1,random,random
R_3fZ45LcOVKAP1Lx,6801,113,4,1.0,Qwen3-8B,1,random,random
R_3fZ45LcOVKAP1Lx,16849,265,0,0.0,Qwen3-8B,2,random,random
R_3fZ45LcOVKAP1Lx,24526,387,0,0.0,Qwen3-8B,2,random,random
R_3fZ45LcOVKAP1Lx,27116,430,3,1.0,Qwen3-8B,1,random,random
R_3fZ45LcOVKAP1Lx,32112,511,0,0.0,Qwen3-8B,2,random,random
R_3fZ45LcOVKAP1Lx,38727,622,0,0.0,Qwen3-8B,1,random,random
R_3fZ45LcOVKAP1Lx,54456,859,1,0.0,Qwen3-8B,3,random,random
R_3fZ45LcOVKAP1Lx,57816,908,0,0.0,Qwen3-8B,3,random,random
R_3fZ45LcOVKAP1Lx,59443,935,2,1.0,Qwen3-8B,2,random,random
R_3fZ45LcOVKAP1Lx,70001,1113,4,1.0,Qwen3-8B,2,random,random
R_3fZ45LcOVKAP1Lx,88493,1805,4,1.0,Qwen3-8B,4,social-group,christian
R_3fZ45LcOVKAP1Lx,88517,1806,3,1.0,Qwen3-8B,4,moral,care
R_3fZ45LcOVKAP1Lx,88541,1807,4,1.0,Qwen3-8B,3,random,random
R_3fZ45LcOVKAP1Lx,88565,1808,4,1.0,Qwen3-8B,5,social-group,transgender
R_3fZ45LcOVKAP1Lx,88589,1809,0,0.0,Qwen3-8B,5,random,random
R_3fZ45LcOVKAP1Lx,88613,1810,0,0.0,Qwen3-8B,2,social-group,christian
R_3fZ45LcOVKAP1Lx,88637,1811,2,1.0,Qwen3-8B,1,social-group,muslim
R_3fZ45LcOVKAP1Lx,88661,1812,0,0.0,Qwen3-8B,4,social-group,muslim
R_3fZ45LcOVKAP1Lx,88685,1813,4,1.0,Qwen3-8B,3,random,random
R_3fZ45LcOVKAP1Lx,88709,1814,3,1.0,Qwen3-8B,3,social-group,christian
R_3fZ45LcOVKAP1Lx,88733,1815,2,1.0,Qwen3-8B,2,social-group,christian
R_3fZ45LcOVKAP1Lx,88759,1816,0,0.0,Qwen3-8B,1,moral,authority
R_3fZ45LcOVKAP1Lx,88875,1817,3,1.0,Qwen3-8B,4,social-group,muslim
R_3fZ45LcOVKAP1Lx,88899,1818,2,1.0,Qwen3-8B,5,social-group,jewish
R_3fZ45LcOVKAP1Lx,88923,1819,0,0.0,Qwen3-8B,4,social-group,christian
R_3fZ45LcOVKAP1Lx,88947,1820,0,0.0,Qwen3-8B,1,moral,care
R_3fZ45LcOVKAP1Lx,88971,1821,4,1.0,Qwen3-8B,5,social-group,transgender
R_3fZ45LcOVKAP1Lx,88995,1822,0,0.0,Qwen3-8B,1,moral,purity
R_3fZ45LcOVKAP1Lx,89019,1823,4,1.0,Qwen3-8B,5,social-group,LGB
R_3fZ45LcOVKAP1Lx,89043,1824,0,0.0,Qwen3-8B,4,social-group,LGB
R_3fZ45LcOVKAP1Lx,89067,1825,0,0.0,Qwen3-8B,4,social-group,muslim
R_3fZ45LcOVKAP1Lx,89091,1826,0,0.0,Qwen3-8B,4,social-group,LGB
R_3fZ45LcOVKAP1Lx,89115,1827,0,0.0,Qwen3-8B,3,random,random
R_3fZ45LcOVKAP1Lx,89139,1828,2,1.0,Qwen3-8B,4,random,random
R_pEi0B3JBh7oL9uN,3619,63,0,0.0,Qwen3-8B,1,random,random
R_pEi0B3JBh7oL9uN,6806,113,0,0.0,Qwen3-8B,1,random,random
R_pEi0B3JBh7oL9uN,16854,265,1,0.0,Qwen3-8B,2,random,random
R_pEi0B3JBh7oL9uN,24533,387,0,0.0,Qwen3-8B,2,random,random
R_pEi0B3JBh7oL9uN,27120,430,0,0.0,Qwen3-8B,1,random,random
R_pEi0B3JBh7oL9uN,32116,511,0,0.0,Qwen3-8B,2,random,random
R_pEi0B3JBh7oL9uN,38735,622,0,0.0,Qwen3-8B,1,random,random
R_pEi0B3JBh7oL9uN,54460,859,0,0.0,Qwen3-8B,3,random,random
R_pEi0B3JBh7oL9uN,57827,908,1,0.0,Qwen3-8B,3,random,random
R_pEi0B3JBh7oL9uN,59448,935,0,0.0,Qwen3-8B,2,random,random
R_pEi0B3JBh7oL9uN,70010,1113,0,0.0,Qwen3-8B,2,random,random
R_pEi0B3JBh7oL9uN,88494,1805,1,0.0,Qwen3-8B,4,social-group,christian
R_pEi0B3JBh7oL9uN,88518,1806,0,0.0,Qwen3-8B,4,moral,care
R_pEi0B3JBh7oL9uN,88542,1807,0,0.0,Qwen3-8B,3,random,random
R_pEi0B3JBh7oL9uN,88566,1808,1,0.0,Qwen3-8B,5,social-group,transgender
R_pEi0B3JBh7oL9uN,88590,1809,0,0.0,Qwen3-8B,5,random,random
R_pEi0B3JBh7oL9uN,88614,1810,1,0.0,Qwen3-8B,2,social-group,christian
R_pEi0B3JBh7oL9uN,88638,1811,1,0.0,Qwen3-8B,1,social-group,muslim
R_pEi0B3JBh7oL9uN,88662,1812,1,0.0,Qwen3-8B,4,social-group,muslim
R_pEi0B3JBh7oL9uN,88686,1813,0,0.0,Qwen3-8B,3,random,random
R_pEi0B3JBh7oL9uN,88710,1814,0,0.0,Qwen3-8B,3,social-group,christian
R_pEi0B3JBh7oL9uN,88734,1815,1,0.0,Qwen3-8B,2,social-group,christian
R_pEi0B3JBh7oL9uN,88772,1816,0,0.0,Qwen3-8B,1,moral,authority
R_pEi0B3JBh7oL9uN,88876,1817,0,0.0,Qwen3-8B,4,social-group,muslim
R_pEi0B3JBh7oL9uN,88900,1818,1,0.0,Qwen3-8B,5,social-group,jewish
R_pEi0B3JBh7oL9uN,88924,1819,1,0.0,Qwen3-8B,4,social-group,christian
R_pEi0B3JBh7oL9uN,88948,1820,0,0.0,Qwen3-8B,1,moral,care
R_pEi0B3JBh7oL9uN,88972,1821,0,0.0,Qwen3-8B,5,social-group,transgender
R_pEi0B3JBh7oL9uN,88996,1822,1,0.0,Qwen3-8B,1,moral,purity
R_pEi0B3JBh7oL9uN,89020,1823,1,0.0,Qwen3-8B,5,social-group,LGB
R_pEi0B3JBh7oL9uN,89044,1824,1,0.0,Qwen3-8B,4,social-group,LGB
R_pEi0B3JBh7oL9uN,89068,1825,0,0.0,Qwen3-8B,4,social-group,muslim
R_pEi0B3JBh7oL9uN,89092,1826,0,0.0,Qwen3-8B,4,social-group,LGB
R_pEi0B3JBh7oL9uN,89116,1827,0,0.0,Qwen3-8B,3,random,random
R_pEi0B3JBh7oL9uN,89140,1828,0,0.0,Qwen3-8B,4,random,random
R_1eQTRhTJbOoVz9s,3657,63,0,0.0,Qwen3-8B,1,random,random
R_1eQTRhTJbOoVz9s,6839,113,0,0.0,Qwen3-8B,1,random,random
R_1eQTRhTJbOoVz9s,16889,265,0,0.0,Qwen3-8B,2,random,random
R_1eQTRhTJbOoVz9s,24564,387,0,0.0,Qwen3-8B,2,random,random
R_1eQTRhTJbOoVz9s,27149,430,0,0.0,Qwen3-8B,1,random,random
R_1eQTRhTJbOoVz9s,32150,511,0,0.0,Qwen3-8B,2,random,random
R_1eQTRhTJbOoVz9s,38766,622,0,0.0,Qwen3-8B,1,random,random
R_1eQTRhTJbOoVz9s,54497,859,0,0.0,Qwen3-8B,3,random,random
R_1eQTRhTJbOoVz9s,57865,908,0,0.0,Qwen3-8B,3,random,random
R_1eQTRhTJbOoVz9s,59477,935,0,0.0,Qwen3-8B,2,random,random
R_1eQTRhTJbOoVz9s,70034,1113,0,0.0,Qwen3-8B,2,random,random
R_1eQTRhTJbOoVz9s,88507,1805,0,0.0,Qwen3-8B,4,social-group,christian
R_1eQTRhTJbOoVz9s,88531,1806,0,0.0,Qwen3-8B,4,moral,care
R_1eQTRhTJbOoVz9s,88555,1807,0,0.0,Qwen3-8B,3,random,random
R_1eQTRhTJbOoVz9s,88579,1808,0,0.0,Qwen3-8B,5,social-group,transgender
R_1eQTRhTJbOoVz9s,88603,1809,0,0.0,Qwen3-8B,5,random,random
R_1eQTRhTJbOoVz9s,88627,1810,0,0.0,Qwen3-8B,2,social-group,christian
R_1eQTRhTJbOoVz9s,88651,1811,0,0.0,Qwen3-8B,1,social-group,muslim
R_1eQTRhTJbOoVz9s,88675,1812,0,0.0,Qwen3-8B,4,social-group,muslim
R_1eQTRhTJbOoVz9s,88699,1813,0,0.0,Qwen3-8B,3,random,random
R_1eQTRhTJbOoVz9s,88723,1814,0,0.0,Qwen3-8B,3,social-group,christian
R_1eQTRhTJbOoVz9s,88747,1815,0,0.0,Qwen3-8B,2,social-group,christian
R_1eQTRhTJbOoVz9s,88836,1816,0,0.0,Qwen3-8B,1,moral,authority
R_1eQTRhTJbOoVz9s,88889,1817,0,0.0,Qwen3-8B,4,social-group,muslim
R_1eQTRhTJbOoVz9s,88913,1818,0,0.0,Qwen3-8B,5,social-group,jewish
R_1eQTRhTJbOoVz9s,88937,1819,0,0.0,Qwen3-8B,4,social-group,christian
R_1eQTRhTJbOoVz9s,88961,1820,0,0.0,Qwen3-8B,1,moral,care
R_1eQTRhTJbOoVz9s,88985,1821,0,0.0,Qwen3-8B,5,social-group,transgender
R_1eQTRhTJbOoVz9s,89009,1822,0,0.0,Qwen3-8B,1,moral,purity
R_1eQTRhTJbOoVz9s,89033,1823,0,0.0,Qwen3-8B,5,social-group,LGB
R_1eQTRhTJbOoVz9s,89057,1824,0,0.0,Qwen3-8B,4,social-group,LGB
R_1eQTRhTJbOoVz9s,89081,1825,0,0.0,Qwen3-8B,4,social-group,muslim
R_1eQTRhTJbOoVz9s,89105,1826,0,0.0,Qwen3-8B,4,social-group,LGB
R_1eQTRhTJbOoVz9s,89129,1827,0,0.0,Qwen3-8B,3,random,random
R_1eQTRhTJbOoVz9s,89153,1828,0,0.0,Qwen3-8B,4,random,random
R_sjIRCeowv8Pl1lv,3688,64,-1,,Qwen3-8B,3,random,random
R_sjIRCeowv8Pl1lv,6938,115,-1,,Qwen3-8B,3,random,random
R_sjIRCeowv8Pl1lv,10808,175,1,0.0,Qwen3-8B,2,random,random
R_sjIRCeowv8Pl1lv,17278,272,0,0.0,Qwen3-8B,2,random,random
R_sjIRCeowv8Pl1lv,26677,422,-1,,Qwen3-8B,4,random,random
R_sjIRCeowv8Pl1lv,37253,597,1,0.0,Qwen3-8B,1,random,random
R_sjIRCeowv8Pl1lv,60617,956,3,1.0,Qwen3-8B,3,random,random
R_sjIRCeowv8Pl1lv,83900,1621,2,1.0,Qwen3-8B,3,social-group,jewish
R_sjIRCeowv8Pl1lv,83922,1622,2,1.0,Qwen3-8B,4,social-group,LGB
R_sjIRCeowv8Pl1lv,83944,1623,2,1.0,Qwen3-8B,1,social-group,transgender
R_sjIRCeowv8Pl1lv,83971,1624,0,0.0,Qwen3-8B,1,moral,authority
R_sjIRCeowv8Pl1lv,84012,1625,4,1.0,Qwen3-8B,4,social-group,muslim
R_sjIRCeowv8Pl1lv,84034,1626,-1,,Qwen3-8B,1,social-group,LGB
R_sjIRCeowv8Pl1lv,84056,1627,2,1.0,Qwen3-8B,4,social-group,muslim
R_sjIRCeowv8Pl1lv,84078,1628,0,0.0,Qwen3-8B,1,random,random
R_sjIRCeowv8Pl1lv,84100,1629,0,0.0,Qwen3-8B,1,moral,loyalty
R_sjIRCeowv8Pl1lv,84122,1630,2,1.0,Qwen3-8B,3,social-group,transgender
R_sjIRCeowv8Pl1lv,84144,1631,-1,,Qwen3-8B,2,social-group,christian
R_sjIRCeowv8Pl1lv,84175,1632,1,0.0,Qwen3-8B,4,moral,authority
R_sjIRCeowv8Pl1lv,84233,1633,1,0.0,Qwen3-8B,4,social-group,muslim
R_sjIRCeowv8Pl1lv,84255,1634,3,1.0,Qwen3-8B,2,random,random
R_sjIRCeowv8Pl1lv,84277,1635,0,0.0,Qwen3-8B,4,social-group,jewish
R_sjIRCeowv8Pl1lv,84299,1636,3,1.0,Qwen3-8B,3,social-group,muslim
R_sjIRCeowv8Pl1lv,84321,1637,0,0.0,Qwen3-8B,3,random,random
R_sjIRCeowv8Pl1lv,84343,1638,-1,,Qwen3-8B,4,social-group,muslim
R_sjIRCeowv8Pl1lv,84365,1639,2,1.0,Qwen3-8B,3,social-group,muslim
R_sjIRCeowv8Pl1lv,84387,1640,-1,,Qwen3-8B,3,random,random
R_sjIRCeowv8Pl1lv,84409,1641,2,1.0,Qwen3-8B,4,social-group,transgender
R_sjIRCeowv8Pl1lv,84431,1642,-1,,Qwen3-8B,3,social-group,transgender
R_sjIRCeowv8Pl1lv,84453,1643,4,1.0,Qwen3-8B,2,social-group,muslim
R_sjIRCeowv8Pl1lv,84475,1644,-1,,Qwen3-8B,2,moral,purity
R_sjIRCeowv8Pl1lv,84497,1645,2,1.0,Qwen3-8B,4,social-group,christian
R_sjIRCeowv8Pl1lv,84519,1646,-1,,Qwen3-8B,5,social-group,christian
R_sjIRCeowv8Pl1lv,84541,1647,2,1.0,Qwen3-8B,3,social-group,transgender
R_sjIRCeowv8Pl1lv,84563,1648,-1,,Qwen3-8B,4,social-group,jewish
R_2VqFh518Fqw1JOg,3689,64,1,0.0,Qwen3-8B,3,random,random
R_2VqFh518Fqw1JOg,6939,115,-1,,Qwen3-8B,3,random,random
R_2VqFh518Fqw1JOg,10809,175,1,0.0,Qwen3-8B,2,random,random
R_2VqFh518Fqw1JOg,17279,272,1,0.0,Qwen3-8B,2,random,random
R_2VqFh518Fqw1JOg,26678,422,0,0.0,Qwen3-8B,4,random,random
R_2VqFh518Fqw1JOg,37254,597,-1,,Qwen3-8B,1,random,random
R_2VqFh518Fqw1JOg,60618,956,1,0.0,Qwen3-8B,3,random,random
R_2VqFh518Fqw1JOg,83901,1621,3,1.0,Qwen3-8B,3,social-group,jewish
R_2VqFh518Fqw1JOg,83923,1622,4,1.0,Qwen3-8B,4,social-group,LGB
R_2VqFh518Fqw1JOg,83945,1623,2,1.0,Qwen3-8B,1,social-group,transgender
R_2VqFh518Fqw1JOg,83972,1624,0,0.0,Qwen3-8B,1,moral,authority
R_2VqFh518Fqw1JOg,84013,1625,1,0.0,Qwen3-8B,4,social-group,muslim
R_2VqFh518Fqw1JOg,84035,1626,4,1.0,Qwen3-8B,1,social-group,LGB
R_2VqFh518Fqw1JOg,84057,1627,2,1.0,Qwen3-8B,4,social-group,muslim
R_2VqFh518Fqw1JOg,84079,1628,0,0.0,Qwen3-8B,1,random,random
R_2VqFh518Fqw1JOg,84101,1629,0,0.0,Qwen3-8B,1,moral,loyalty
R_2VqFh518Fqw1JOg,84123,1630,1,0.0,Qwen3-8B,3,social-group,transgender
R_2VqFh518Fqw1JOg,84145,1631,2,1.0,Qwen3-8B,2,social-group,christian
R_2VqFh518Fqw1JOg,84177,1632,2,1.0,Qwen3-8B,4,moral,authority
R_2VqFh518Fqw1JOg,84234,1633,2,1.0,Qwen3-8B,4,social-group,muslim
R_2VqFh518Fqw1JOg,84256,1634,1,0.0,Qwen3-8B,2,random,random
R_2VqFh518Fqw1JOg,84278,1635,-1,,Qwen3-8B,4,social-group,jewish
R_2VqFh518Fqw1JOg,84300,1636,1,0.0,Qwen3-8B,3,social-group,muslim
R_2VqFh518Fqw1JOg,84322,1637,1,0.0,Qwen3-8B,3,random,random
R_2VqFh518Fqw1JOg,84344,1638,1,0.0,Qwen3-8B,4,social-group,muslim
R_2VqFh518Fqw1JOg,84366,1639,1,0.0,Qwen3-8B,3,social-group,muslim
R_2VqFh518Fqw1JOg,84388,1640,1,0.0,Qwen3-8B,3,random,random
R_2VqFh518Fqw1JOg,84410,1641,1,0.0,Qwen3-8B,4,social-group,transgender
R_2VqFh518Fqw1JOg,84432,1642,0,0.0,Qwen3-8B,3,social-group,transgender
R_2VqFh518Fqw1JOg,84454,1643,1,0.0,Qwen3-8B,2,social-group,muslim
R_2VqFh518Fqw1JOg,84476,1644,0,0.0,Qwen3-8B,2,moral,purity
R_2VqFh518Fqw1JOg,84498,1645,0,0.0,Qwen3-8B,4,social-group,christian
R_2VqFh518Fqw1JOg,84520,1646,-1,,Qwen3-8B,5,social-group,christian
R_2VqFh518Fqw1JOg,84542,1647,4,1.0,Qwen3-8B,3,social-group,transgender
R_2VqFh518Fqw1JOg,84564,1648,2,1.0,Qwen3-8B,4,social-group,jewish
R_1mWMU0lvAFH6GpB,3690,64,0,0.0,Qwen3-8B,3,random,random
R_1mWMU0lvAFH6GpB,6940,115,0,0.0,Qwen3-8B,3,random,random
R_1mWMU0lvAFH6GpB,10810,175,2,1.0,Qwen3-8B,2,random,random
R_1mWMU0lvAFH6GpB,17280,272,3,1.0,Qwen3-8B,2,random,random
R_1mWMU0lvAFH6GpB,26679,422,3,1.0,Qwen3-8B,4,random,random
R_1mWMU0lvAFH6GpB,37255,597,2,1.0,Qwen3-8B,1,random,random
R_1mWMU0lvAFH6GpB,60619,956,3,1.0,Qwen3-8B,3,random,random
R_1mWMU0lvAFH6GpB,83902,1621,3,1.0,Qwen3-8B,3,social-group,jewish
R_1mWMU0lvAFH6GpB,83924,1622,2,1.0,Qwen3-8B,4,social-group,LGB
R_1mWMU0lvAFH6GpB,83946,1623,1,0.0,Qwen3-8B,1,social-group,transgender
R_1mWMU0lvAFH6GpB,83973,1624,1,0.0,Qwen3-8B,1,moral,authority
R_1mWMU0lvAFH6GpB,84014,1625,4,1.0,Qwen3-8B,4,social-group,muslim
R_1mWMU0lvAFH6GpB,84036,1626,3,1.0,Qwen3-8B,1,social-group,LGB
R_1mWMU0lvAFH6GpB,84058,1627,4,1.0,Qwen3-8B,4,social-group,muslim
R_1mWMU0lvAFH6GpB,84080,1628,0,0.0,Qwen3-8B,1,random,random
R_1mWMU0lvAFH6GpB,84102,1629,1,0.0,Qwen3-8B,1,moral,loyalty
R_1mWMU0lvAFH6GpB,84124,1630,2,1.0,Qwen3-8B,3,social-group,transgender
R_1mWMU0lvAFH6GpB,84146,1631,0,0.0,Qwen3-8B,2,social-group,christian
R_1mWMU0lvAFH6GpB,84179,1632,3,1.0,Qwen3-8B,4,moral,authority
R_1mWMU0lvAFH6GpB,84235,1633,0,0.0,Qwen3-8B,4,social-group,muslim
R_1mWMU0lvAFH6GpB,84257,1634,0,0.0,Qwen3-8B,2,random,random
R_1mWMU0lvAFH6GpB,84279,1635,1,0.0,Qwen3-8B,4,social-group,jewish
R_1mWMU0lvAFH6GpB,84301,1636,0,0.0,Qwen3-8B,3,social-group,muslim
R_1mWMU0lvAFH6GpB,84323,1637,2,1.0,Qwen3-8B,3,random,random
R_1mWMU0lvAFH6GpB,84345,1638,3,1.0,Qwen3-8B,4,social-group,muslim
R_1mWMU0lvAFH6GpB,84367,1639,4,1.0,Qwen3-8B,3,social-group,muslim
R_1mWMU0lvAFH6GpB,84389,1640,2,1.0,Qwen3-8B,3,random,random
R_1mWMU0lvAFH6GpB,84411,1641,1,0.0,Qwen3-8B,4,social-group,transgender
R_1mWMU0lvAFH6GpB,84433,1642,2,1.0,Qwen3-8B,3,social-group,transgender
R_1mWMU0lvAFH6GpB,84455,1643,3,1.0,Qwen3-8B,2,social-group,muslim
R_1mWMU0lvAFH6GpB,84477,1644,4,1.0,Qwen3-8B,2,moral,purity
R_1mWMU0lvAFH6GpB,84499,1645,2,1.0,Qwen3-8B,4,social-group,christian
R_1mWMU0lvAFH6GpB,84521,1646,3,1.0,Qwen3-8B,5,social-group,christian
R_1mWMU0lvAFH6GpB,84543,1647,1,0.0,Qwen3-8B,3,social-group,transgender
R_1mWMU0lvAFH6GpB,84565,1648,1,0.0,Qwen3-8B,4,social-group,jewish
R_3R41WKKV4S8lWKE,3696,64,0,0.0,Qwen3-8B,3,random,random
R_3R41WKKV4S8lWKE,6947,115,0,0.0,Qwen3-8B,3,random,random
R_3R41WKKV4S8lWKE,10816,175,0,0.0,Qwen3-8B,2,random,random
R_3R41WKKV4S8lWKE,17292,272,0,0.0,Qwen3-8B,2,random,random
R_3R41WKKV4S8lWKE,26685,422,0,0.0,Qwen3-8B,4,random,random
R_3R41WKKV4S8lWKE,37262,597,0,0.0,Qwen3-8B,1,random,random
R_3R41WKKV4S8lWKE,60627,956,1,0.0,Qwen3-8B,3,random,random
R_3R41WKKV4S8lWKE,83905,1621,0,0.0,Qwen3-8B,3,social-group,jewish
R_3R41WKKV4S8lWKE,83927,1622,1,0.0,Qwen3-8B,4,social-group,LGB
R_3R41WKKV4S8lWKE,83949,1623,0,0.0,Qwen3-8B,1,social-group,transgender
R_3R41WKKV4S8lWKE,83979,1624,0,0.0,Qwen3-8B,1,moral,authority
R_3R41WKKV4S8lWKE,84017,1625,0,0.0,Qwen3-8B,4,social-group,muslim
R_3R41WKKV4S8lWKE,84039,1626,0,0.0,Qwen3-8B,1,social-group,LGB
R_3R41WKKV4S8lWKE,84061,1627,1,0.0,Qwen3-8B,4,social-group,muslim
R_3R41WKKV4S8lWKE,84083,1628,0,0.0,Qwen3-8B,1,random,random
R_3R41WKKV4S8lWKE,84105,1629,0,0.0,Qwen3-8B,1,moral,loyalty
R_3R41WKKV4S8lWKE,84127,1630,2,1.0,Qwen3-8B,3,social-group,transgender
R_3R41WKKV4S8lWKE,84149,1631,1,0.0,Qwen3-8B,2,social-group,christian
R_3R41WKKV4S8lWKE,84189,1632,0,0.0,Qwen3-8B,4,moral,authority
R_3R41WKKV4S8lWKE,84238,1633,0,0.0,Qwen3-8B,4,social-group,muslim
R_3R41WKKV4S8lWKE,84260,1634,0,0.0,Qwen3-8B,2,random,random
R_3R41WKKV4S8lWKE,84282,1635,0,0.0,Qwen3-8B,4,social-group,jewish
R_3R41WKKV4S8lWKE,84304,1636,0,0.0,Qwen3-8B,3,social-group,muslim
R_3R41WKKV4S8lWKE,84326,1637,0,0.0,Qwen3-8B,3,random,random
R_3R41WKKV4S8lWKE,84348,1638,1,0.0,Qwen3-8B,4,social-group,muslim
R_3R41WKKV4S8lWKE,84370,1639,0,0.0,Qwen3-8B,3,social-group,muslim
R_3R41WKKV4S8lWKE,84392,1640,0,0.0,Qwen3-8B,3,random,random
R_3R41WKKV4S8lWKE,84414,1641,1,0.0,Qwen3-8B,4,social-group,transgender
R_3R41WKKV4S8lWKE,84436,1642,0,0.0,Qwen3-8B,3,social-group,transgender
R_3R41WKKV4S8lWKE,84458,1643,1,0.0,Qwen3-8B,2,social-group,muslim
R_3R41WKKV4S8lWKE,84480,1644,0,0.0,Qwen3-8B,2,moral,purity
R_3R41WKKV4S8lWKE,84502,1645,0,0.0,Qwen3-8B,4,social-group,christian
R_3R41WKKV4S8lWKE,84524,1646,0,0.0,Qwen3-8B,5,social-group,christian
R_3R41WKKV4S8lWKE,84546,1647,1,0.0,Qwen3-8B,3,social-group,transgender
R_3R41WKKV4S8lWKE,84568,1648,0,0.0,Qwen3-8B,4,social-group,jewish
R_1NmoWgaPuOQ0mXh,3723,64,4,1.0,Qwen3-8B,3,random,random
R_1NmoWgaPuOQ0mXh,6968,115,4,1.0,Qwen3-8B,3,random,random
R_1NmoWgaPuOQ0mXh,10837,175,2,1.0,Qwen3-8B,2,random,random
R_1NmoWgaPuOQ0mXh,17310,272,2,1.0,Qwen3-8B,2,random,random
R_1NmoWgaPuOQ0mXh,26705,422,4,1.0,Qwen3-8B,4,random,random
R_1NmoWgaPuOQ0mXh,37284,597,0,0.0,Qwen3-8B,1,random,random
R_1NmoWgaPuOQ0mXh,60643,956,4,1.0,Qwen3-8B,3,random,random
R_1NmoWgaPuOQ0mXh,83910,1621,4,1.0,Qwen3-8B,3,social-group,jewish
R_1NmoWgaPuOQ0mXh,83932,1622,4,1.0,Qwen3-8B,4,social-group,LGB
R_1NmoWgaPuOQ0mXh,83954,1623,4,1.0,Qwen3-8B,1,social-group,transgender
R_1NmoWgaPuOQ0mXh,83994,1624,3,1.0,Qwen3-8B,1,moral,authority
R_1NmoWgaPuOQ0mXh,84022,1625,3,1.0,Qwen3-8B,4,social-group,muslim
R_1NmoWgaPuOQ0mXh,84044,1626,4,1.0,Qwen3-8B,1,social-group,LGB
R_1NmoWgaPuOQ0mXh,84066,1627,4,1.0,Qwen3-8B,4,social-group,muslim
R_1NmoWgaPuOQ0mXh,84088,1628,0,0.0,Qwen3-8B,1,random,random
R_1NmoWgaPuOQ0mXh,84110,1629,0,0.0,Qwen3-8B,1,moral,loyalty
R_1NmoWgaPuOQ0mXh,84132,1630,4,1.0,Qwen3-8B,3,social-group,transgender
R_1NmoWgaPuOQ0mXh,84154,1631,4,1.0,Qwen3-8B,2,social-group,christian
R_1NmoWgaPuOQ0mXh,84208,1632,3,1.0,Qwen3-8B,4,moral,authority
R_1NmoWgaPuOQ0mXh,84243,1633,4,1.0,Qwen3-8B,4,social-group,muslim
R_1NmoWgaPuOQ0mXh,84265,1634,2,1.0,Qwen3-8B,2,random,random
R_1NmoWgaPuOQ0mXh,84287,1635,4,1.0,Qwen3-8B,4,social-group,jewish
R_1NmoWgaPuOQ0mXh,84309,1636,3,1.0,Qwen3-8B,3,social-group,muslim
R_1NmoWgaPuOQ0mXh,84331,1637,0,0.0,Qwen3-8B,3,random,random
R_1NmoWgaPuOQ0mXh,84353,1638,4,1.0,Qwen3-8B,4,social-group,muslim
R_1NmoWgaPuOQ0mXh,84375,1639,2,1.0,Qwen3-8B,3,social-group,muslim
R_1NmoWgaPuOQ0mXh,84397,1640,2,1.0,Qwen3-8B,3,random,random
R_1NmoWgaPuOQ0mXh,84419,1641,4,1.0,Qwen3-8B,4,social-group,transgender
R_1NmoWgaPuOQ0mXh,84441,1642,2,1.0,Qwen3-8B,3,social-group,transgender
R_1NmoWgaPuOQ0mXh,84463,1643,4,1.0,Qwen3-8B,2,social-group,muslim
R_1NmoWgaPuOQ0mXh,84485,1644,2,1.0,Qwen3-8B,2,moral,purity
R_1NmoWgaPuOQ0mXh,84507,1645,4,1.0,Qwen3-8B,4,social-group,christian
R_1NmoWgaPuOQ0mXh,84529,1646,4,1.0,Qwen3-8B,5,social-group,christian
R_1NmoWgaPuOQ0mXh,84551,1647,3,1.0,Qwen3-8B,3,social-group,transgender
R_1NmoWgaPuOQ0mXh,84573,1648,4,1.0,Qwen3-8B,4,social-group,jewish
R_3MLsd34KAKCgCtm,3755,65,0,0.0,Qwen3-8B,3,random,random
R_3MLsd34KAKCgCtm,13303,212,0,0.0,Qwen3-8B,1,random,random
R_3MLsd34KAKCgCtm,24243,382,0,0.0,Qwen3-8B,2,random,random
R_3MLsd34KAKCgCtm,31742,505,1,0.0,Qwen3-8B,1,random,random
R_3MLsd34KAKCgCtm,40714,655,1,0.0,Qwen3-8B,1,random,random
R_3MLsd34KAKCgCtm,50109,796,1,0.0,Qwen3-8B,4,random,random
R_3MLsd34KAKCgCtm,54231,855,1,0.0,Qwen3-8B,1,random,random
R_3MLsd34KAKCgCtm,57900,909,0,0.0,Qwen3-8B,3,random,random
R_3MLsd34KAKCgCtm,69246,1099,0,0.0,Qwen3-8B,3,random,random
R_3MLsd34KAKCgCtm,102084,2358,0,0.0,Qwen3-8B,4,social-group,LGB
R_3MLsd34KAKCgCtm,102105,2359,0,0.0,Qwen3-8B,1,moral,purity
R_3MLsd34KAKCgCtm,102126,2360,2,1.0,Qwen3-8B,4,random,random
R_3MLsd34KAKCgCtm,102147,2361,0,0.0,Qwen3-8B,2,moral,authority
R_3MLsd34KAKCgCtm,102168,2362,0,0.0,Qwen3-8B,3,random,random
R_3MLsd34KAKCgCtm,102189,2363,1,0.0,Qwen3-8B,4,social-group,transgender
R_3MLsd34KAKCgCtm,102214,2364,0,0.0,Qwen3-8B,3,moral,authority
R_3MLsd34KAKCgCtm,102253,2365,2,1.0,Qwen3-8B,3,social-group,transgender
R_3MLsd34KAKCgCtm,102274,2366,0,0.0,Qwen3-8B,2,social-group,muslim
R_3MLsd34KAKCgCtm,102295,2367,1,0.0,Qwen3-8B,4,social-group,muslim
R_3MLsd34KAKCgCtm,102316,2368,0,0.0,Qwen3-8B,1,moral,purity
R_3MLsd34KAKCgCtm,102337,2369,2,1.0,Qwen3-8B,5,social-group,LGB
R_3MLsd34KAKCgCtm,102358,2370,2,1.0,Qwen3-8B,4,social-group,transgender
R_3MLsd34KAKCgCtm,102379,2371,1,0.0,Qwen3-8B,5,social-group,christian
R_3MLsd34KAKCgCtm,102400,2372,0,0.0,Qwen3-8B,3,social-group,jewish
R_3MLsd34KAKCgCtm,102421,2373,0,0.0,Qwen3-8B,2,moral,fairness
R_3MLsd34KAKCgCtm,102442,2374,1,0.0,Qwen3-8B,3,social-group,christian
R_3MLsd34KAKCgCtm,102463,2375,0,0.0,Qwen3-8B,2,social-group,christian
R_3MLsd34KAKCgCtm,102484,2376,0,0.0,Qwen3-8B,5,social-group,jewish
R_3MLsd34KAKCgCtm,102505,2377,1,0.0,Qwen3-8B,4,social-group,LGB
R_3MLsd34KAKCgCtm,102526,2378,2,1.0,Qwen3-8B,3,social-group,christian
R_3MLsd34KAKCgCtm,102547,2379,1,0.0,Qwen3-8B,4,social-group,jewish
R_3MLsd34KAKCgCtm,102568,2380,1,0.0,Qwen3-8B,2,social-group,transgender
R_3MLsd34KAKCgCtm,102589,2381,1,0.0,Qwen3-8B,4,social-group,LGB
R_3MLsd34KAKCgCtm,102610,2382,0,0.0,Qwen3-8B,2,social-group,transgender
R_3MLsd34KAKCgCtm,102631,2383,0,0.0,Qwen3-8B,4,social-group,muslim
R_2ClGDuHJUeJef3B,3789,65,0,0.0,Qwen3-8B,3,random,random
R_2ClGDuHJUeJef3B,13333,212,0,0.0,Qwen3-8B,1,random,random
R_2ClGDuHJUeJef3B,24270,382,0,0.0,Qwen3-8B,2,random,random
R_2ClGDuHJUeJef3B,31772,505,0,0.0,Qwen3-8B,1,random,random
R_2ClGDuHJUeJef3B,40742,655,0,0.0,Qwen3-8B,1,random,random
R_2ClGDuHJUeJef3B,50137,796,0,0.0,Qwen3-8B,4,random,random
R_2ClGDuHJUeJef3B,54264,855,0,0.0,Qwen3-8B,1,random,random
R_2ClGDuHJUeJef3B,57934,909,0,0.0,Qwen3-8B,3,random,random
R_2ClGDuHJUeJef3B,69266,1099,0,0.0,Qwen3-8B,3,random,random
R_2ClGDuHJUeJef3B,102093,2358,0,0.0,Qwen3-8B,4,social-group,LGB
R_2ClGDuHJUeJef3B,102114,2359,0,0.0,Qwen3-8B,1,moral,purity
R_2ClGDuHJUeJef3B,102135,2360,0,0.0,Qwen3-8B,4,random,random
R_2ClGDuHJUeJef3B,102156,2361,0,0.0,Qwen3-8B,2,moral,authority
R_2ClGDuHJUeJef3B,102177,2362,0,0.0,Qwen3-8B,3,random,random
R_2ClGDuHJUeJef3B,102198,2363,0,0.0,Qwen3-8B,4,social-group,transgender
R_2ClGDuHJUeJef3B,102234,2364,0,0.0,Qwen3-8B,3,moral,authority
R_2ClGDuHJUeJef3B,102262,2365,0,0.0,Qwen3-8B,3,social-group,transgender
R_2ClGDuHJUeJef3B,102283,2366,0,0.0,Qwen3-8B,2,social-group,muslim
R_2ClGDuHJUeJef3B,102304,2367,0,0.0,Qwen3-8B,4,social-group,muslim
R_2ClGDuHJUeJef3B,102325,2368,0,0.0,Qwen3-8B,1,moral,purity
R_2ClGDuHJUeJef3B,102346,2369,0,0.0,Qwen3-8B,5,social-group,LGB
R_2ClGDuHJUeJef3B,102367,2370,0,0.0,Qwen3-8B,4,social-group,transgender
R_2ClGDuHJUeJef3B,102388,2371,0,0.0,Qwen3-8B,5,social-group,christian
R_2ClGDuHJUeJef3B,102409,2372,0,0.0,Qwen3-8B,3,social-group,jewish
R_2ClGDuHJUeJef3B,102430,2373,0,0.0,Qwen3-8B,2,moral,fairness
R_2ClGDuHJUeJef3B,102451,2374,0,0.0,Qwen3-8B,3,social-group,christian
R_2ClGDuHJUeJef3B,102472,2375,0,0.0,Qwen3-8B,2,social-group,christian
R_2ClGDuHJUeJef3B,102493,2376,0,0.0,Qwen3-8B,5,social-group,jewish
R_2ClGDuHJUeJef3B,102514,2377,0,0.0,Qwen3-8B,4,social-group,LGB
R_2ClGDuHJUeJef3B,102535,2378,0,0.0,Qwen3-8B,3,social-group,christian
R_2ClGDuHJUeJef3B,102556,2379,0,0.0,Qwen3-8B,4,social-group,jewish
R_2ClGDuHJUeJef3B,102577,2380,0,0.0,Qwen3-8B,2,social-group,transgender
R_2ClGDuHJUeJef3B,102598,2381,0,0.0,Qwen3-8B,4,social-group,LGB
R_2ClGDuHJUeJef3B,102619,2382,0,0.0,Qwen3-8B,2,social-group,transgender
R_2ClGDuHJUeJef3B,102640,2383,0,0.0,Qwen3-8B,4,social-group,muslim
R_Cl7FLk7rvqUJ6KJ,3790,65,0,0.0,Qwen3-8B,3,random,random
R_Cl7FLk7rvqUJ6KJ,13334,212,0,0.0,Qwen3-8B,1,random,random
R_Cl7FLk7rvqUJ6KJ,24271,382,0,0.0,Qwen3-8B,2,random,random
R_Cl7FLk7rvqUJ6KJ,31773,505,0,0.0,Qwen3-8B,1,random,random
R_Cl7FLk7rvqUJ6KJ,40743,655,0,0.0,Qwen3-8B,1,random,random
R_Cl7FLk7rvqUJ6KJ,50138,796,0,0.0,Qwen3-8B,4,random,random
R_Cl7FLk7rvqUJ6KJ,54265,855,0,0.0,Qwen3-8B,1,random,random
R_Cl7FLk7rvqUJ6KJ,57935,909,0,0.0,Qwen3-8B,3,random,random
R_Cl7FLk7rvqUJ6KJ,69267,1099,0,0.0,Qwen3-8B,3,random,random
R_Cl7FLk7rvqUJ6KJ,102094,2358,0,0.0,Qwen3-8B,4,social-group,LGB
R_Cl7FLk7rvqUJ6KJ,102115,2359,0,0.0,Qwen3-8B,1,moral,purity
R_Cl7FLk7rvqUJ6KJ,102136,2360,0,0.0,Qwen3-8B,4,random,random
R_Cl7FLk7rvqUJ6KJ,102157,2361,0,0.0,Qwen3-8B,2,moral,authority
R_Cl7FLk7rvqUJ6KJ,102178,2362,0,0.0,Qwen3-8B,3,random,random
R_Cl7FLk7rvqUJ6KJ,102199,2363,0,0.0,Qwen3-8B,4,social-group,transgender
R_Cl7FLk7rvqUJ6KJ,102235,2364,0,0.0,Qwen3-8B,3,moral,authority
R_Cl7FLk7rvqUJ6KJ,102263,2365,0,0.0,Qwen3-8B,3,social-group,transgender
R_Cl7FLk7rvqUJ6KJ,102284,2366,0,0.0,Qwen3-8B,2,social-group,muslim
R_Cl7FLk7rvqUJ6KJ,102305,2367,0,0.0,Qwen3-8B,4,social-group,muslim
R_Cl7FLk7rvqUJ6KJ,102326,2368,0,0.0,Qwen3-8B,1,moral,purity
R_Cl7FLk7rvqUJ6KJ,102347,2369,0,0.0,Qwen3-8B,5,social-group,LGB
R_Cl7FLk7rvqUJ6KJ,102368,2370,0,0.0,Qwen3-8B,4,social-group,transgender
R_Cl7FLk7rvqUJ6KJ,102389,2371,0,0.0,Qwen3-8B,5,social-group,christian
R_Cl7FLk7rvqUJ6KJ,102410,2372,0,0.0,Qwen3-8B,3,social-group,jewish
R_Cl7FLk7rvqUJ6KJ,102431,2373,0,0.0,Qwen3-8B,2,moral,fairness
R_Cl7FLk7rvqUJ6KJ,102452,2374,0,0.0,Qwen3-8B,3,social-group,christian
R_Cl7FLk7rvqUJ6KJ,102473,2375,0,0.0,Qwen3-8B,2,social-group,christian
R_Cl7FLk7rvqUJ6KJ,102494,2376,0,0.0,Qwen3-8B,5,social-group,jewish
R_Cl7FLk7rvqUJ6KJ,102515,2377,0,0.0,Qwen3-8B,4,social-group,LGB
R_Cl7FLk7rvqUJ6KJ,102536,2378,0,0.0,Qwen3-8B,3,social-group,christian
R_Cl7FLk7rvqUJ6KJ,102557,2379,0,0.0,Qwen3-8B,4,social-group,jewish
R_Cl7FLk7rvqUJ6KJ,102578,2380,0,0.0,Qwen3-8B,2,social-group,transgender
R_Cl7FLk7rvqUJ6KJ,102599,2381,0,0.0,Qwen3-8B,4,social-group,LGB
R_Cl7FLk7rvqUJ6KJ,102620,2382,0,0.0,Qwen3-8B,2,social-group,transgender
R_Cl7FLk7rvqUJ6KJ,102641,2383,0,0.0,Qwen3-8B,4,social-group,muslim
R_2V2uqNr0Oys2LjY,3898,67,0,0.0,Qwen3-8B,1,random,random
R_2V2uqNr0Oys2LjY,14042,223,1,0.0,Qwen3-8B,3,random,random
R_2V2uqNr0Oys2LjY,18148,286,4,1.0,Qwen3-8B,4,random,random
R_2V2uqNr0Oys2LjY,22450,351,1,0.0,Qwen3-8B,5,random,random
R_2V2uqNr0Oys2LjY,25996,411,1,0.0,Qwen3-8B,1,random,random
R_2V2uqNr0Oys2LjY,49376,784,0,0.0,Qwen3-8B,5,random,random
R_2V2uqNr0Oys2LjY,50178,797,1,0.0,Qwen3-8B,4,random,random
R_2V2uqNr0Oys2LjY,51463,816,2,1.0,Qwen3-8B,1,random,random
R_2V2uqNr0Oys2LjY,52356,828,0,0.0,Qwen3-8B,1,random,random
R_2V2uqNr0Oys2LjY,52356,828,0,0.0,Qwen3-8B,1,moral,loyalty
R_2V2uqNr0Oys2LjY,52356,828,0,0.0,Qwen3-8B,1,random,random
R_2V2uqNr0Oys2LjY,52356,828,0,0.0,Qwen3-8B,1,moral,loyalty
R_2V2uqNr0Oys2LjY,58497,918,1,0.0,Qwen3-8B,3,random,random
R_2V2uqNr0Oys2LjY,71184,1135,0,0.0,Qwen3-8B,1,random,random
R_2V2uqNr0Oys2LjY,72315,1157,2,1.0,Qwen3-8B,3,random,random
R_2V2uqNr0Oys2LjY,108550,2637,2,1.0,Qwen3-8B,2,random,random
R_2V2uqNr0Oys2LjY,108574,2638,3,1.0,Qwen3-8B,5,social-group,muslim
R_2V2uqNr0Oys2LjY,108598,2639,0,0.0,Qwen3-8B,2,social-group,christian
R_2V2uqNr0Oys2LjY,108622,2640,1,0.0,Qwen3-8B,5,social-group,jewish
R_2V2uqNr0Oys2LjY,108646,2641,1,0.0,Qwen3-8B,5,random,random
R_2V2uqNr0Oys2LjY,108670,2642,0,0.0,Qwen3-8B,1,moral,authority
R_2V2uqNr0Oys2LjY,108694,2643,0,0.0,Qwen3-8B,1,moral,purity
R_2V2uqNr0Oys2LjY,108718,2644,1,0.0,Qwen3-8B,3,moral,loyalty
R_2V2uqNr0Oys2LjY,108742,2645,1,0.0,Qwen3-8B,4,social-group,transgender
R_2V2uqNr0Oys2LjY,108766,2646,0,0.0,Qwen3-8B,1,moral,purity
R_2V2uqNr0Oys2LjY,108790,2647,0,0.0,Qwen3-8B,3,social-group,jewish
R_2V2uqNr0Oys2LjY,108814,2648,0,0.0,Qwen3-8B,1,random,random
R_2V2uqNr0Oys2LjY,108838,2649,0,0.0,Qwen3-8B,1,moral,loyalty
R_2V2uqNr0Oys2LjY,108862,2650,1,0.0,Qwen3-8B,2,social-group,muslim
R_2V2uqNr0Oys2LjY,108886,2651,2,1.0,Qwen3-8B,4,social-group,jewish
R_2V2uqNr0Oys2LjY,108910,2652,1,0.0,Qwen3-8B,3,social-group,christian
R_2V2uqNr0Oys2LjY,108934,2653,0,0.0,Qwen3-8B,2,moral,authority
R_2V2uqNr0Oys2LjY,108958,2654,2,1.0,Qwen3-8B,2,moral,fairness
R_2V2uqNr0Oys2LjY,108982,2655,1,0.0,Qwen3-8B,3,social-group,christian
R_2V2uqNr0Oys2LjY,109006,2656,2,1.0,Qwen3-8B,2,social-group,muslim
R_2V2uqNr0Oys2LjY,109030,2657,2,1.0,Qwen3-8B,3,social-group,transgender
R_2V2uqNr0Oys2LjY,109054,2658,1,0.0,Qwen3-8B,3,social-group,LGB
R_2V2uqNr0Oys2LjY,109078,2659,2,1.0,Qwen3-8B,3,social-group,muslim
R_Rw3SAyZSkDKSVKF,3928,67,0,0.0,Qwen3-8B,1,random,random
R_Rw3SAyZSkDKSVKF,14069,223,0,0.0,Qwen3-8B,3,random,random
R_Rw3SAyZSkDKSVKF,18170,286,0,0.0,Qwen3-8B,4,random,random
R_Rw3SAyZSkDKSVKF,22469,351,0,0.0,Qwen3-8B,5,random,random
R_Rw3SAyZSkDKSVKF,26019,411,0,0.0,Qwen3-8B,1,random,random
R_Rw3SAyZSkDKSVKF,49399,784,0,0.0,Qwen3-8B,5,random,random
R_Rw3SAyZSkDKSVKF,50201,797,0,0.0,Qwen3-8B,4,random,random
R_Rw3SAyZSkDKSVKF,51488,816,0,0.0,Qwen3-8B,1,random,random
R_Rw3SAyZSkDKSVKF,52482,828,0,0.0,Qwen3-8B,1,random,random
R_Rw3SAyZSkDKSVKF,52482,828,0,0.0,Qwen3-8B,1,moral,loyalty
R_Rw3SAyZSkDKSVKF,52482,828,0,0.0,Qwen3-8B,1,random,random
R_Rw3SAyZSkDKSVKF,52482,828,0,0.0,Qwen3-8B,1,moral,loyalty
R_Rw3SAyZSkDKSVKF,58518,918,0,0.0,Qwen3-8B,3,random,random
R_Rw3SAyZSkDKSVKF,71202,1135,0,0.0,Qwen3-8B,1,random,random
R_Rw3SAyZSkDKSVKF,72333,1157,0,0.0,Qwen3-8B,3,random,random
R_Rw3SAyZSkDKSVKF,108558,2637,0,0.0,Qwen3-8B,2,random,random
R_Rw3SAyZSkDKSVKF,108582,2638,0,0.0,Qwen3-8B,5,social-group,muslim
R_Rw3SAyZSkDKSVKF,108606,2639,0,0.0,Qwen3-8B,2,social-group,christian
R_Rw3SAyZSkDKSVKF,108630,2640,0,0.0,Qwen3-8B,5,social-group,jewish
R_Rw3SAyZSkDKSVKF,108654,2641,0,0.0,Qwen3-8B,5,random,random
R_Rw3SAyZSkDKSVKF,108678,2642,0,0.0,Qwen3-8B,1,moral,authority
R_Rw3SAyZSkDKSVKF,108702,2643,0,0.0,Qwen3-8B,1,moral,purity
R_Rw3SAyZSkDKSVKF,108726,2644,0,0.0,Qwen3-8B,3,moral,loyalty
R_Rw3SAyZSkDKSVKF,108750,2645,0,0.0,Qwen3-8B,4,social-group,transgender
R_Rw3SAyZSkDKSVKF,108774,2646,0,0.0,Qwen3-8B,1,moral,purity
R_Rw3SAyZSkDKSVKF,108798,2647,0,0.0,Qwen3-8B,3,social-group,jewish
R_Rw3SAyZSkDKSVKF,108822,2648,0,0.0,Qwen3-8B,1,random,random
R_Rw3SAyZSkDKSVKF,108846,2649,0,0.0,Qwen3-8B,1,moral,loyalty
R_Rw3SAyZSkDKSVKF,108870,2650,0,0.0,Qwen3-8B,2,social-group,muslim
R_Rw3SAyZSkDKSVKF,108894,2651,0,0.0,Qwen3-8B,4,social-group,jewish
R_Rw3SAyZSkDKSVKF,108918,2652,0,0.0,Qwen3-8B,3,social-group,christian
R_Rw3SAyZSkDKSVKF,108942,2653,0,0.0,Qwen3-8B,2,moral,authority
R_Rw3SAyZSkDKSVKF,108966,2654,0,0.0,Qwen3-8B,2,moral,fairness
R_Rw3SAyZSkDKSVKF,108990,2655,0,0.0,Qwen3-8B,3,social-group,christian
R_Rw3SAyZSkDKSVKF,109014,2656,0,0.0,Qwen3-8B,2,social-group,muslim
R_Rw3SAyZSkDKSVKF,109038,2657,0,0.0,Qwen3-8B,3,social-group,transgender
R_Rw3SAyZSkDKSVKF,109062,2658,0,0.0,Qwen3-8B,3,social-group,LGB
R_Rw3SAyZSkDKSVKF,109086,2659,0,0.0,Qwen3-8B,3,social-group,muslim
R_est8hoWRufWqn97,3936,67,0,0.0,Qwen3-8B,1,random,random
R_est8hoWRufWqn97,14078,223,-1,,Qwen3-8B,3,random,random
R_est8hoWRufWqn97,18183,286,0,0.0,Qwen3-8B,4,random,random
R_est8hoWRufWqn97,22481,351,0,0.0,Qwen3-8B,5,random,random
R_est8hoWRufWqn97,26033,411,0,0.0,Qwen3-8B,1,random,random
R_est8hoWRufWqn97,49406,784,0,0.0,Qwen3-8B,5,random,random
R_est8hoWRufWqn97,50208,797,0,0.0,Qwen3-8B,4,random,random
R_est8hoWRufWqn97,51495,816,0,0.0,Qwen3-8B,1,random,random
R_est8hoWRufWqn97,52560,828,0,0.0,Qwen3-8B,1,random,random
R_est8hoWRufWqn97,52560,828,0,0.0,Qwen3-8B,1,moral,loyalty
R_est8hoWRufWqn97,52560,828,0,0.0,Qwen3-8B,1,random,random
R_est8hoWRufWqn97,52560,828,0,0.0,Qwen3-8B,1,moral,loyalty
R_est8hoWRufWqn97,58525,918,0,0.0,Qwen3-8B,3,random,random
R_est8hoWRufWqn97,71209,1135,0,0.0,Qwen3-8B,1,random,random
R_est8hoWRufWqn97,72340,1157,0,0.0,Qwen3-8B,3,random,random
R_est8hoWRufWqn97,108562,2637,0,0.0,Qwen3-8B,2,random,random
R_est8hoWRufWqn97,108586,2638,2,1.0,Qwen3-8B,5,social-group,muslim
R_est8hoWRufWqn97,108610,2639,0,0.0,Qwen3-8B,2,social-group,christian
R_est8hoWRufWqn97,108634,2640,0,0.0,Qwen3-8B,5,social-group,jewish
R_est8hoWRufWqn97,108658,2641,2,1.0,Qwen3-8B,5,random,random
R_est8hoWRufWqn97,108682,2642,0,0.0,Qwen3-8B,1,moral,authority
R_est8hoWRufWqn97,108706,2643,0,0.0,Qwen3-8B,1,moral,purity
R_est8hoWRufWqn97,108730,2644,-1,,Qwen3-8B,3,moral,loyalty
R_est8hoWRufWqn97,108754,2645,-1,,Qwen3-8B,4,social-group,transgender
R_est8hoWRufWqn97,108778,2646,0,0.0,Qwen3-8B,1,moral,purity
R_est8hoWRufWqn97,108802,2647,2,1.0,Qwen3-8B,3,social-group,jewish
R_est8hoWRufWqn97,108826,2648,0,0.0,Qwen3-8B,1,random,random
R_est8hoWRufWqn97,108850,2649,0,0.0,Qwen3-8B,1,moral,loyalty
R_est8hoWRufWqn97,108874,2650,0,0.0,Qwen3-8B,2,social-group,muslim
R_est8hoWRufWqn97,108898,2651,0,0.0,Qwen3-8B,4,social-group,jewish
R_est8hoWRufWqn97,108922,2652,0,0.0,Qwen3-8B,3,social-group,christian
R_est8hoWRufWqn97,108946,2653,0,0.0,Qwen3-8B,2,moral,authority
R_est8hoWRufWqn97,108970,2654,0,0.0,Qwen3-8B,2,moral,fairness
R_est8hoWRufWqn97,108994,2655,2,1.0,Qwen3-8B,3,social-group,christian
R_est8hoWRufWqn97,109018,2656,0,0.0,Qwen3-8B,2,social-group,muslim
R_est8hoWRufWqn97,109042,2657,0,0.0,Qwen3-8B,3,social-group,transgender
R_est8hoWRufWqn97,109066,2658,-1,,Qwen3-8B,3,social-group,LGB
R_est8hoWRufWqn97,109090,2659,0,0.0,Qwen3-8B,3,social-group,muslim
R_2DM0Ksd7ZXEfrj7,3959,68,3,1.0,Qwen3-8B,1,random,random
R_2DM0Ksd7ZXEfrj7,5230,88,3,1.0,Qwen3-8B,3,random,random
R_2DM0Ksd7ZXEfrj7,17217,271,3,1.0,Qwen3-8B,3,random,random
R_2DM0Ksd7ZXEfrj7,20915,329,0,0.0,Qwen3-8B,3,random,random
R_2DM0Ksd7ZXEfrj7,21938,344,2,1.0,Qwen3-8B,4,random,random
R_2DM0Ksd7ZXEfrj7,21938,344,2,1.0,Qwen3-8B,4,moral,fairness
R_2DM0Ksd7ZXEfrj7,21938,344,2,1.0,Qwen3-8B,4,random,random
R_2DM0Ksd7ZXEfrj7,21938,344,2,1.0,Qwen3-8B,4,moral,fairness
R_2DM0Ksd7ZXEfrj7,37494,601,4,1.0,Qwen3-8B,1,random,random
R_2DM0Ksd7ZXEfrj7,38795,623,4,1.0,Qwen3-8B,3,random,random
R_2DM0Ksd7ZXEfrj7,41134,662,0,0.0,Qwen3-8B,1,random,random
R_2DM0Ksd7ZXEfrj7,45751,733,3,1.0,Qwen3-8B,3,random,random
R_2DM0Ksd7ZXEfrj7,63366,1003,1,0.0,Qwen3-8B,4,random,random
R_2DM0Ksd7ZXEfrj7,64478,1021,4,1.0,Qwen3-8B,1,random,random
R_2DM0Ksd7ZXEfrj7,95682,2100,0,0.0,Qwen3-8B,1,moral,purity
R_2DM0Ksd7ZXEfrj7,95682,2100,0,0.0,Qwen3-8B,1,moral,care
R_2DM0Ksd7ZXEfrj7,95682,2100,0,0.0,Qwen3-8B,1,moral,loyalty
R_2DM0Ksd7ZXEfrj7,95682,2100,0,0.0,Qwen3-8B,1,moral,purity
R_2DM0Ksd7ZXEfrj7,95682,2100,0,0.0,Qwen3-8B,1,moral,care
R_2DM0Ksd7ZXEfrj7,95682,2100,0,0.0,Qwen3-8B,1,moral,loyalty
R_2DM0Ksd7ZXEfrj7,95682,2100,0,0.0,Qwen3-8B,1,moral,purity
R_2DM0Ksd7ZXEfrj7,95682,2100,0,0.0,Qwen3-8B,1,moral,care
R_2DM0Ksd7ZXEfrj7,95682,2100,0,0.0,Qwen3-8B,1,moral,loyalty
R_2DM0Ksd7ZXEfrj7,137422,3868,2,1.0,Qwen3-8B,4,social-group,muslim
R_2DM0Ksd7ZXEfrj7,137445,3869,2,1.0,Qwen3-8B,1,moral,authority
R_2DM0Ksd7ZXEfrj7,137468,3870,2,1.0,Qwen3-8B,4,social-group,jewish
R_2DM0Ksd7ZXEfrj7,137491,3871,0,0.0,Qwen3-8B,2,social-group,christian
R_2DM0Ksd7ZXEfrj7,137514,3872,3,1.0,Qwen3-8B,3,social-group,jewish
R_2DM0Ksd7ZXEfrj7,137537,3873,1,0.0,Qwen3-8B,5,social-group,christian
R_2DM0Ksd7ZXEfrj7,137560,3874,1,0.0,Qwen3-8B,4,social-group,transgender
R_2DM0Ksd7ZXEfrj7,137583,3875,1,0.0,Qwen3-8B,2,moral,fairness
R_2DM0Ksd7ZXEfrj7,137606,3876,1,0.0,Qwen3-8B,3,social-group,jewish
R_2DM0Ksd7ZXEfrj7,137629,3877,1,0.0,Qwen3-8B,5,social-group,transgender
R_2DM0Ksd7ZXEfrj7,137652,3878,4,1.0,Qwen3-8B,2,social-group,transgender
R_2DM0Ksd7ZXEfrj7,137675,3879,3,1.0,Qwen3-8B,3,random,random
R_2DM0Ksd7ZXEfrj7,137698,3880,4,1.0,Qwen3-8B,5,social-group,LGB
R_2DM0Ksd7ZXEfrj7,137721,3881,4,1.0,Qwen3-8B,5,social-group,muslim
R_2DM0Ksd7ZXEfrj7,137744,3882,0,0.0,Qwen3-8B,1,random,random
R_2DM0Ksd7ZXEfrj7,137767,3883,0,0.0,Qwen3-8B,1,social-group,transgender
R_2DM0Ksd7ZXEfrj7,137790,3884,3,1.0,Qwen3-8B,4,social-group,LGB
R_2DM0Ksd7ZXEfrj7,137813,3885,4,1.0,Qwen3-8B,5,social-group,christian
R_2DM0Ksd7ZXEfrj7,137836,3886,2,1.0,Qwen3-8B,5,social-group,jewish
R_2DM0Ksd7ZXEfrj7,137859,3887,3,1.0,Qwen3-8B,4,social-group,LGB
R_2DM0Ksd7ZXEfrj7,137882,3888,4,1.0,Qwen3-8B,2,random,random
R_2DM0Ksd7ZXEfrj7,137905,3889,4,1.0,Qwen3-8B,5,social-group,christian
R_2DM0Ksd7ZXEfrj7,137928,3890,1,0.0,Qwen3-8B,5,social-group,muslim
R_2ClXZXNZi22ub4j,3960,68,0,0.0,Qwen3-8B,1,random,random
R_2ClXZXNZi22ub4j,5231,88,0,0.0,Qwen3-8B,3,random,random
R_2ClXZXNZi22ub4j,17218,271,0,0.0,Qwen3-8B,3,random,random
R_2ClXZXNZi22ub4j,20916,329,0,0.0,Qwen3-8B,3,random,random
R_2ClXZXNZi22ub4j,21940,344,0,0.0,Qwen3-8B,4,random,random
R_2ClXZXNZi22ub4j,21940,344,0,0.0,Qwen3-8B,4,moral,fairness
R_2ClXZXNZi22ub4j,21940,344,0,0.0,Qwen3-8B,4,random,random
R_2ClXZXNZi22ub4j,21940,344,0,0.0,Qwen3-8B,4,moral,fairness
R_2ClXZXNZi22ub4j,37495,601,0,0.0,Qwen3-8B,1,random,random
R_2ClXZXNZi22ub4j,38796,623,0,0.0,Qwen3-8B,3,random,random
R_2ClXZXNZi22ub4j,41135,662,0,0.0,Qwen3-8B,1,random,random
R_2ClXZXNZi22ub4j,45752,733,0,0.0,Qwen3-8B,3,random,random
R_2ClXZXNZi22ub4j,63367,1003,0,0.0,Qwen3-8B,4,random,random
R_2ClXZXNZi22ub4j,64479,1021,0,0.0,Qwen3-8B,1,random,random
R_2ClXZXNZi22ub4j,95688,2100,0,0.0,Qwen3-8B,1,moral,purity
R_2ClXZXNZi22ub4j,95688,2100,0,0.0,Qwen3-8B,1,moral,care
R_2ClXZXNZi22ub4j,95688,2100,0,0.0,Qwen3-8B,1,moral,loyalty
R_2ClXZXNZi22ub4j,95688,2100,0,0.0,Qwen3-8B,1,moral,purity
R_2ClXZXNZi22ub4j,95688,2100,0,0.0,Qwen3-8B,1,moral,care
R_2ClXZXNZi22ub4j,95688,2100,0,0.0,Qwen3-8B,1,moral,loyalty
R_2ClXZXNZi22ub4j,95688,2100,0,0.0,Qwen3-8B,1,moral,purity
R_2ClXZXNZi22ub4j,95688,2100,0,0.0,Qwen3-8B,1,moral,care
R_2ClXZXNZi22ub4j,95688,2100,0,0.0,Qwen3-8B,1,moral,loyalty
R_2ClXZXNZi22ub4j,137423,3868,0,0.0,Qwen3-8B,4,social-group,muslim
R_2ClXZXNZi22ub4j,137446,3869,0,0.0,Qwen3-8B,1,moral,authority
R_2ClXZXNZi22ub4j,137469,3870,0,0.0,Qwen3-8B,4,social-group,jewish
R_2ClXZXNZi22ub4j,137492,3871,0,0.0,Qwen3-8B,2,social-group,christian
R_2ClXZXNZi22ub4j,137515,3872,0,0.0,Qwen3-8B,3,social-group,jewish
R_2ClXZXNZi22ub4j,137538,3873,0,0.0,Qwen3-8B,5,social-group,christian
R_2ClXZXNZi22ub4j,137561,3874,0,0.0,Qwen3-8B,4,social-group,transgender
R_2ClXZXNZi22ub4j,137584,3875,0,0.0,Qwen3-8B,2,moral,fairness
R_2ClXZXNZi22ub4j,137607,3876,0,0.0,Qwen3-8B,3,social-group,jewish
R_2ClXZXNZi22ub4j,137630,3877,0,0.0,Qwen3-8B,5,social-group,transgender
R_2ClXZXNZi22ub4j,137653,3878,0,0.0,Qwen3-8B,2,social-group,transgender
R_2ClXZXNZi22ub4j,137676,3879,0,0.0,Qwen3-8B,3,random,random
R_2ClXZXNZi22ub4j,137699,3880,0,0.0,Qwen3-8B,5,social-group,LGB
R_2ClXZXNZi22ub4j,137722,3881,0,0.0,Qwen3-8B,5,social-group,muslim
R_2ClXZXNZi22ub4j,137745,3882,0,0.0,Qwen3-8B,1,random,random
R_2ClXZXNZi22ub4j,137768,3883,0,0.0,Qwen3-8B,1,social-group,transgender
R_2ClXZXNZi22ub4j,137791,3884,0,0.0,Qwen3-8B,4,social-group,LGB
R_2ClXZXNZi22ub4j,137814,3885,0,0.0,Qwen3-8B,5,social-group,christian
R_2ClXZXNZi22ub4j,137837,3886,0,0.0,Qwen3-8B,5,social-group,jewish
R_2ClXZXNZi22ub4j,137860,3887,0,0.0,Qwen3-8B,4,social-group,LGB
R_2ClXZXNZi22ub4j,137883,3888,0,0.0,Qwen3-8B,2,random,random
R_2ClXZXNZi22ub4j,137906,3889,0,0.0,Qwen3-8B,5,social-group,christian
R_2ClXZXNZi22ub4j,137929,3890,0,0.0,Qwen3-8B,5,social-group,muslim
R_2Tnl4hVYksxYGUS,3961,68,0,0.0,Qwen3-8B,1,random,random
R_2Tnl4hVYksxYGUS,5232,88,1,0.0,Qwen3-8B,3,random,random
R_2Tnl4hVYksxYGUS,17219,271,4,1.0,Qwen3-8B,3,random,random
R_2Tnl4hVYksxYGUS,20917,329,2,1.0,Qwen3-8B,3,random,random
R_2Tnl4hVYksxYGUS,21942,344,3,1.0,Qwen3-8B,4,random,random
R_2Tnl4hVYksxYGUS,21942,344,3,1.0,Qwen3-8B,4,moral,fairness
R_2Tnl4hVYksxYGUS,21942,344,3,1.0,Qwen3-8B,4,random,random
R_2Tnl4hVYksxYGUS,21942,344,3,1.0,Qwen3-8B,4,moral,fairness
R_2Tnl4hVYksxYGUS,37496,601,0,0.0,Qwen3-8B,1,random,random
R_2Tnl4hVYksxYGUS,38797,623,0,0.0,Qwen3-8B,3,random,random
R_2Tnl4hVYksxYGUS,41136,662,0,0.0,Qwen3-8B,1,random,random
R_2Tnl4hVYksxYGUS,45753,733,2,1.0,Qwen3-8B,3,random,random
R_2Tnl4hVYksxYGUS,63368,1003,4,1.0,Qwen3-8B,4,random,random
R_2Tnl4hVYksxYGUS,64480,1021,0,0.0,Qwen3-8B,1,random,random
R_2Tnl4hVYksxYGUS,95691,2100,0,0.0,Qwen3-8B,1,moral,purity
R_2Tnl4hVYksxYGUS,95691,2100,0,0.0,Qwen3-8B,1,moral,care
R_2Tnl4hVYksxYGUS,95691,2100,0,0.0,Qwen3-8B,1,moral,loyalty
R_2Tnl4hVYksxYGUS,95691,2100,0,0.0,Qwen3-8B,1,moral,purity
R_2Tnl4hVYksxYGUS,95691,2100,0,0.0,Qwen3-8B,1,moral,care
R_2Tnl4hVYksxYGUS,95691,2100,0,0.0,Qwen3-8B,1,moral,loyalty
R_2Tnl4hVYksxYGUS,95691,2100,0,0.0,Qwen3-8B,1,moral,purity
R_2Tnl4hVYksxYGUS,95691,2100,0,0.0,Qwen3-8B,1,moral,care
R_2Tnl4hVYksxYGUS,95691,2100,0,0.0,Qwen3-8B,1,moral,loyalty
R_2Tnl4hVYksxYGUS,137424,3868,4,1.0,Qwen3-8B,4,social-group,muslim
R_2Tnl4hVYksxYGUS,137447,3869,1,0.0,Qwen3-8B,1,moral,authority
R_2Tnl4hVYksxYGUS,137470,3870,1,0.0,Qwen3-8B,4,social-group,jewish
R_2Tnl4hVYksxYGUS,137493,3871,1,0.0,Qwen3-8B,2,social-group,christian
R_2Tnl4hVYksxYGUS,137516,3872,3,1.0,Qwen3-8B,3,social-group,jewish
R_2Tnl4hVYksxYGUS,137539,3873,4,1.0,Qwen3-8B,5,social-group,christian
R_2Tnl4hVYksxYGUS,137562,3874,4,1.0,Qwen3-8B,4,social-group,transgender
R_2Tnl4hVYksxYGUS,137585,3875,3,1.0,Qwen3-8B,2,moral,fairness
R_2Tnl4hVYksxYGUS,137608,3876,0,0.0,Qwen3-8B,3,social-group,jewish
R_2Tnl4hVYksxYGUS,137631,3877,4,1.0,Qwen3-8B,5,social-group,transgender
R_2Tnl4hVYksxYGUS,137654,3878,3,1.0,Qwen3-8B,2,social-group,transgender
R_2Tnl4hVYksxYGUS,137677,3879,4,1.0,Qwen3-8B,3,random,random
R_2Tnl4hVYksxYGUS,137700,3880,4,1.0,Qwen3-8B,5,social-group,LGB
R_2Tnl4hVYksxYGUS,137723,3881,2,1.0,Qwen3-8B,5,social-group,muslim
R_2Tnl4hVYksxYGUS,137746,3882,0,0.0,Qwen3-8B,1,random,random
R_2Tnl4hVYksxYGUS,137769,3883,0,0.0,Qwen3-8B,1,social-group,transgender
R_2Tnl4hVYksxYGUS,137792,3884,2,1.0,Qwen3-8B,4,social-group,LGB
R_2Tnl4hVYksxYGUS,137815,3885,3,1.0,Qwen3-8B,5,social-group,christian
R_2Tnl4hVYksxYGUS,137838,3886,0,0.0,Qwen3-8B,5,social-group,jewish
R_2Tnl4hVYksxYGUS,137861,3887,3,1.0,Qwen3-8B,4,social-group,LGB
R_2Tnl4hVYksxYGUS,137884,3888,0,0.0,Qwen3-8B,2,random,random
R_2Tnl4hVYksxYGUS,137907,3889,1,0.0,Qwen3-8B,5,social-group,christian
R_2Tnl4hVYksxYGUS,137930,3890,1,0.0,Qwen3-8B,5,social-group,muslim
R_2tsthVlr58QSkA0,4003,68,0,0.0,Qwen3-8B,1,random,random
R_2tsthVlr58QSkA0,5272,88,0,0.0,Qwen3-8B,3,random,random
R_2tsthVlr58QSkA0,17259,271,3,1.0,Qwen3-8B,3,random,random
R_2tsthVlr58QSkA0,20954,329,2,1.0,Qwen3-8B,3,random,random
R_2tsthVlr58QSkA0,22042,344,3,1.0,Qwen3-8B,4,random,random
R_2tsthVlr58QSkA0,22042,344,3,1.0,Qwen3-8B,4,moral,fairness
R_2tsthVlr58QSkA0,22042,344,3,1.0,Qwen3-8B,4,random,random
R_2tsthVlr58QSkA0,22042,344,3,1.0,Qwen3-8B,4,moral,fairness
R_2tsthVlr58QSkA0,37531,601,-1,,Qwen3-8B,1,random,random
R_2tsthVlr58QSkA0,38832,623,4,1.0,Qwen3-8B,3,random,random
R_2tsthVlr58QSkA0,41172,662,1,0.0,Qwen3-8B,1,random,random
R_2tsthVlr58QSkA0,45792,733,1,0.0,Qwen3-8B,3,random,random
R_2tsthVlr58QSkA0,63405,1003,4,1.0,Qwen3-8B,4,random,random
R_2tsthVlr58QSkA0,64518,1021,2,1.0,Qwen3-8B,1,random,random
R_2tsthVlr58QSkA0,95823,2100,0,0.0,Qwen3-8B,1,moral,purity
R_2tsthVlr58QSkA0,95823,2100,0,0.0,Qwen3-8B,1,moral,care
R_2tsthVlr58QSkA0,95823,2100,0,0.0,Qwen3-8B,1,moral,loyalty
R_2tsthVlr58QSkA0,95823,2100,0,0.0,Qwen3-8B,1,moral,purity
R_2tsthVlr58QSkA0,95823,2100,0,0.0,Qwen3-8B,1,moral,care
R_2tsthVlr58QSkA0,95823,2100,0,0.0,Qwen3-8B,1,moral,loyalty
R_2tsthVlr58QSkA0,95823,2100,0,0.0,Qwen3-8B,1,moral,purity
R_2tsthVlr58QSkA0,95823,2100,0,0.0,Qwen3-8B,1,moral,care
R_2tsthVlr58QSkA0,95823,2100,0,0.0,Qwen3-8B,1,moral,loyalty
R_2tsthVlr58QSkA0,137437,3868,1,0.0,Qwen3-8B,4,social-group,muslim
R_2tsthVlr58QSkA0,137460,3869,1,0.0,Qwen3-8B,1,moral,authority
R_2tsthVlr58QSkA0,137483,3870,4,1.0,Qwen3-8B,4,social-group,jewish
R_2tsthVlr58QSkA0,137506,3871,3,1.0,Qwen3-8B,2,social-group,christian
R_2tsthVlr58QSkA0,137529,3872,4,1.0,Qwen3-8B,3,social-group,jewish
R_2tsthVlr58QSkA0,137552,3873,4,1.0,Qwen3-8B,5,social-group,christian
R_2tsthVlr58QSkA0,137575,3874,1,0.0,Qwen3-8B,4,social-group,transgender
R_2tsthVlr58QSkA0,137598,3875,1,0.0,Qwen3-8B,2,moral,fairness
R_2tsthVlr58QSkA0,137621,3876,4,1.0,Qwen3-8B,3,social-group,jewish
R_2tsthVlr58QSkA0,137644,3877,4,1.0,Qwen3-8B,5,social-group,transgender
R_2tsthVlr58QSkA0,137667,3878,4,1.0,Qwen3-8B,2,social-group,transgender
R_2tsthVlr58QSkA0,137690,3879,2,1.0,Qwen3-8B,3,random,random
R_2tsthVlr58QSkA0,137713,3880,1,0.0,Qwen3-8B,5,social-group,LGB
R_2tsthVlr58QSkA0,137736,3881,0,0.0,Qwen3-8B,5,social-group,muslim
R_2tsthVlr58QSkA0,137759,3882,0,0.0,Qwen3-8B,1,random,random
R_2tsthVlr58QSkA0,137782,3883,0,0.0,Qwen3-8B,1,social-group,transgender
R_2tsthVlr58QSkA0,137805,3884,0,0.0,Qwen3-8B,4,social-group,LGB
R_2tsthVlr58QSkA0,137828,3885,4,1.0,Qwen3-8B,5,social-group,christian
R_2tsthVlr58QSkA0,137851,3886,4,1.0,Qwen3-8B,5,social-group,jewish
R_2tsthVlr58QSkA0,137874,3887,1,0.0,Qwen3-8B,4,social-group,LGB
R_2tsthVlr58QSkA0,137897,3888,0,0.0,Qwen3-8B,2,random,random
R_2tsthVlr58QSkA0,137920,3889,2,1.0,Qwen3-8B,5,social-group,christian
R_2tsthVlr58QSkA0,137943,3890,3,1.0,Qwen3-8B,5,social-group,muslim
R_2zPlsZDbpat2l1M,4153,71,1,0.0,Qwen3-8B,4,random,random
R_2zPlsZDbpat2l1M,22375,350,1,0.0,Qwen3-8B,1,random,random
R_2zPlsZDbpat2l1M,24584,388,1,0.0,Qwen3-8B,2,random,random
R_2zPlsZDbpat2l1M,30311,484,0,0.0,Qwen3-8B,2,random,random
R_2zPlsZDbpat2l1M,30692,490,1,0.0,Qwen3-8B,1,random,random
R_2zPlsZDbpat2l1M,36304,581,1,0.0,Qwen3-8B,2,random,random
R_2zPlsZDbpat2l1M,54926,867,1,0.0,Qwen3-8B,3,random,random
R_2zPlsZDbpat2l1M,63057,998,1,0.0,Qwen3-8B,4,random,random
R_2zPlsZDbpat2l1M,111583,2763,2,1.0,Qwen3-8B,4,social-group,muslim
R_2zPlsZDbpat2l1M,111605,2764,2,1.0,Qwen3-8B,3,social-group,christian
R_2zPlsZDbpat2l1M,111627,2765,0,0.0,Qwen3-8B,2,random,random
R_2zPlsZDbpat2l1M,111649,2766,-1,,Qwen3-8B,2,random,random
R_2zPlsZDbpat2l1M,111671,2767,0,0.0,Qwen3-8B,2,moral,fairness
R_2zPlsZDbpat2l1M,111693,2768,1,0.0,Qwen3-8B,5,social-group,jewish
R_2zPlsZDbpat2l1M,111715,2769,0,0.0,Qwen3-8B,2,social-group,christian
R_2zPlsZDbpat2l1M,111737,2770,1,0.0,Qwen3-8B,3,social-group,jewish
R_2zPlsZDbpat2l1M,111759,2771,0,0.0,Qwen3-8B,4,social-group,jewish
R_2zPlsZDbpat2l1M,111781,2772,2,1.0,Qwen3-8B,2,social-group,transgender
R_2zPlsZDbpat2l1M,111803,2773,1,0.0,Qwen3-8B,3,social-group,LGB
R_2zPlsZDbpat2l1M,111825,2774,1,0.0,Qwen3-8B,5,random,random
R_2zPlsZDbpat2l1M,111847,2775,0,0.0,Qwen3-8B,4,social-group,transgender
R_2zPlsZDbpat2l1M,111869,2776,1,0.0,Qwen3-8B,3,social-group,jewish
R_2zPlsZDbpat2l1M,111891,2777,0,0.0,Qwen3-8B,1,moral,care
R_2zPlsZDbpat2l1M,111913,2778,2,1.0,Qwen3-8B,5,social-group,LGB
R_2zPlsZDbpat2l1M,111935,2779,1,0.0,Qwen3-8B,2,random,random
R_2zPlsZDbpat2l1M,111957,2780,1,0.0,Qwen3-8B,3,social-group,LGB
R_2zPlsZDbpat2l1M,111979,2781,1,0.0,Qwen3-8B,4,social-group,LGB
R_2zPlsZDbpat2l1M,112001,2782,2,1.0,Qwen3-8B,3,social-group,LGB
R_2zPlsZDbpat2l1M,112023,2783,1,0.0,Qwen3-8B,3,social-group,christian
R_2zPlsZDbpat2l1M,112045,2784,0,0.0,Qwen3-8B,1,social-group,LGB
R_2zPlsZDbpat2l1M,112067,2785,0,0.0,Qwen3-8B,3,social-group,transgender
R_2zPlsZDbpat2l1M,112089,2786,2,1.0,Qwen3-8B,2,social-group,jewish
R_2zPlsZDbpat2l1M,112111,2787,0,0.0,Qwen3-8B,2,moral,fairness
R_2zPlsZDbpat2l1M,112133,2788,1,0.0,Qwen3-8B,4,social-group,christian
R_2zPlsZDbpat2l1M,112155,2789,1,0.0,Qwen3-8B,5,social-group,LGB
R_1DOssToerY3hjX8,4170,71,0,0.0,Qwen3-8B,4,random,random
R_1DOssToerY3hjX8,22391,350,3,1.0,Qwen3-8B,1,random,random
R_1DOssToerY3hjX8,24602,388,0,0.0,Qwen3-8B,2,random,random
R_1DOssToerY3hjX8,30327,484,2,1.0,Qwen3-8B,2,random,random
R_1DOssToerY3hjX8,30708,490,2,1.0,Qwen3-8B,1,random,random
R_1DOssToerY3hjX8,36317,581,0,0.0,Qwen3-8B,2,random,random
R_1DOssToerY3hjX8,54949,867,2,1.0,Qwen3-8B,3,random,random
R_1DOssToerY3hjX8,63071,998,1,0.0,Qwen3-8B,4,random,random
R_1DOssToerY3hjX8,111590,2763,4,1.0,Qwen3-8B,4,social-group,muslim
R_1DOssToerY3hjX8,111612,2764,4,1.0,Qwen3-8B,3,social-group,christian
R_1DOssToerY3hjX8,111634,2765,3,1.0,Qwen3-8B,2,random,random
R_1DOssToerY3hjX8,111656,2766,0,0.0,Qwen3-8B,2,random,random
R_1DOssToerY3hjX8,111678,2767,2,1.0,Qwen3-8B,2,moral,fairness
R_1DOssToerY3hjX8,111700,2768,3,1.0,Qwen3-8B,5,social-group,jewish
R_1DOssToerY3hjX8,111722,2769,2,1.0,Qwen3-8B,2,social-group,christian
R_1DOssToerY3hjX8,111744,2770,0,0.0,Qwen3-8B,3,social-group,jewish
R_1DOssToerY3hjX8,111766,2771,2,1.0,Qwen3-8B,4,social-group,jewish
R_1DOssToerY3hjX8,111788,2772,2,1.0,Qwen3-8B,2,social-group,transgender
R_1DOssToerY3hjX8,111810,2773,3,1.0,Qwen3-8B,3,social-group,LGB
R_1DOssToerY3hjX8,111832,2774,4,1.0,Qwen3-8B,5,random,random
R_1DOssToerY3hjX8,111854,2775,3,1.0,Qwen3-8B,4,social-group,transgender
R_1DOssToerY3hjX8,111876,2776,-1,,Qwen3-8B,3,social-group,jewish
R_1DOssToerY3hjX8,111898,2777,0,0.0,Qwen3-8B,1,moral,care
R_1DOssToerY3hjX8,111920,2778,4,1.0,Qwen3-8B,5,social-group,LGB
R_1DOssToerY3hjX8,111942,2779,1,0.0,Qwen3-8B,2,random,random
R_1DOssToerY3hjX8,111964,2780,3,1.0,Qwen3-8B,3,social-group,LGB
R_1DOssToerY3hjX8,111986,2781,3,1.0,Qwen3-8B,4,social-group,LGB
R_1DOssToerY3hjX8,112008,2782,3,1.0,Qwen3-8B,3,social-group,LGB
R_1DOssToerY3hjX8,112030,2783,3,1.0,Qwen3-8B,3,social-group,christian
R_1DOssToerY3hjX8,112052,2784,0,0.0,Qwen3-8B,1,social-group,LGB
R_1DOssToerY3hjX8,112074,2785,2,1.0,Qwen3-8B,3,social-group,transgender
R_1DOssToerY3hjX8,112096,2786,0,0.0,Qwen3-8B,2,social-group,jewish
R_1DOssToerY3hjX8,112118,2787,0,0.0,Qwen3-8B,2,moral,fairness
R_1DOssToerY3hjX8,112140,2788,4,1.0,Qwen3-8B,4,social-group,christian
R_1DOssToerY3hjX8,112162,2789,0,0.0,Qwen3-8B,5,social-group,LGB
R_2TpiJNWq9KYhB2F,4206,71,1,0.0,Qwen3-8B,4,random,random
R_2TpiJNWq9KYhB2F,22420,350,0,0.0,Qwen3-8B,1,random,random
R_2TpiJNWq9KYhB2F,24628,388,0,0.0,Qwen3-8B,2,random,random
R_2TpiJNWq9KYhB2F,30357,484,0,0.0,Qwen3-8B,2,random,random
R_2TpiJNWq9KYhB2F,30738,490,3,1.0,Qwen3-8B,1,random,random
R_2TpiJNWq9KYhB2F,36349,581,0,0.0,Qwen3-8B,2,random,random
R_2TpiJNWq9KYhB2F,54973,867,1,0.0,Qwen3-8B,3,random,random
R_2TpiJNWq9KYhB2F,63102,998,2,1.0,Qwen3-8B,4,random,random
R_2TpiJNWq9KYhB2F,111600,2763,0,0.0,Qwen3-8B,4,social-group,muslim
R_2TpiJNWq9KYhB2F,111622,2764,3,1.0,Qwen3-8B,3,social-group,christian
R_2TpiJNWq9KYhB2F,111644,2765,0,0.0,Qwen3-8B,2,random,random
R_2TpiJNWq9KYhB2F,111666,2766,1,0.0,Qwen3-8B,2,random,random
R_2TpiJNWq9KYhB2F,111688,2767,0,0.0,Qwen3-8B,2,moral,fairness
R_2TpiJNWq9KYhB2F,111710,2768,1,0.0,Qwen3-8B,5,social-group,jewish
R_2TpiJNWq9KYhB2F,111732,2769,2,1.0,Qwen3-8B,2,social-group,christian
R_2TpiJNWq9KYhB2F,111754,2770,0,0.0,Qwen3-8B,3,social-group,jewish
R_2TpiJNWq9KYhB2F,111776,2771,1,0.0,Qwen3-8B,4,social-group,jewish
R_2TpiJNWq9KYhB2F,111798,2772,0,0.0,Qwen3-8B,2,social-group,transgender
R_2TpiJNWq9KYhB2F,111820,2773,0,0.0,Qwen3-8B,3,social-group,LGB
R_2TpiJNWq9KYhB2F,111842,2774,0,0.0,Qwen3-8B,5,random,random
R_2TpiJNWq9KYhB2F,111864,2775,0,0.0,Qwen3-8B,4,social-group,transgender
R_2TpiJNWq9KYhB2F,111886,2776,1,0.0,Qwen3-8B,3,social-group,jewish
R_2TpiJNWq9KYhB2F,111908,2777,1,0.0,Qwen3-8B,1,moral,care
R_2TpiJNWq9KYhB2F,111930,2778,0,0.0,Qwen3-8B,5,social-group,LGB
R_2TpiJNWq9KYhB2F,111952,2779,0,0.0,Qwen3-8B,2,random,random
R_2TpiJNWq9KYhB2F,111974,2780,0,0.0,Qwen3-8B,3,social-group,LGB
R_2TpiJNWq9KYhB2F,111996,2781,1,0.0,Qwen3-8B,4,social-group,LGB
R_2TpiJNWq9KYhB2F,112018,2782,1,0.0,Qwen3-8B,3,social-group,LGB
R_2TpiJNWq9KYhB2F,112040,2783,1,0.0,Qwen3-8B,3,social-group,christian
R_2TpiJNWq9KYhB2F,112062,2784,3,1.0,Qwen3-8B,1,social-group,LGB
R_2TpiJNWq9KYhB2F,112084,2785,2,1.0,Qwen3-8B,3,social-group,transgender
R_2TpiJNWq9KYhB2F,112106,2786,0,0.0,Qwen3-8B,2,social-group,jewish
R_2TpiJNWq9KYhB2F,112128,2787,2,1.0,Qwen3-8B,2,moral,fairness
R_2TpiJNWq9KYhB2F,112150,2788,1,0.0,Qwen3-8B,4,social-group,christian
R_2TpiJNWq9KYhB2F,112172,2789,4,1.0,Qwen3-8B,5,social-group,LGB
R_2Qfb30riIoFuw6f,4221,72,0,0.0,Qwen3-8B,4,random,random
R_2Qfb30riIoFuw6f,6100,102,3,1.0,Qwen3-8B,3,random,random
R_2Qfb30riIoFuw6f,6604,110,0,0.0,Qwen3-8B,3,random,random
R_2Qfb30riIoFuw6f,18266,288,0,0.0,Qwen3-8B,2,random,random
R_2Qfb30riIoFuw6f,23555,370,4,1.0,Qwen3-8B,1,random,random
R_2Qfb30riIoFuw6f,47247,755,4,1.0,Qwen3-8B,3,random,random
R_2Qfb30riIoFuw6f,52246,828,0,0.0,Qwen3-8B,1,random,random
R_2Qfb30riIoFuw6f,52246,828,0,0.0,Qwen3-8B,1,moral,loyalty
R_2Qfb30riIoFuw6f,52246,828,0,0.0,Qwen3-8B,1,random,random
R_2Qfb30riIoFuw6f,52246,828,0,0.0,Qwen3-8B,1,moral,loyalty
R_2Qfb30riIoFuw6f,60120,947,0,0.0,Qwen3-8B,2,random,random
R_2Qfb30riIoFuw6f,61896,980,4,1.0,Qwen3-8B,1,random,random
R_2Qfb30riIoFuw6f,66857,1058,4,1.0,Qwen3-8B,3,random,random
R_2Qfb30riIoFuw6f,98275,2200,3,1.0,Qwen3-8B,5,social-group,jewish
R_2Qfb30riIoFuw6f,98299,2201,4,1.0,Qwen3-8B,2,random,random
R_2Qfb30riIoFuw6f,98323,2202,4,1.0,Qwen3-8B,4,social-group,LGB
R_2Qfb30riIoFuw6f,98347,2203,0,0.0,Qwen3-8B,2,random,random
R_2Qfb30riIoFuw6f,98371,2204,4,1.0,Qwen3-8B,4,social-group,LGB
R_2Qfb30riIoFuw6f,98395,2205,4,1.0,Qwen3-8B,5,social-group,transgender
R_2Qfb30riIoFuw6f,98419,2206,4,1.0,Qwen3-8B,3,social-group,muslim
R_2Qfb30riIoFuw6f,98443,2207,4,1.0,Qwen3-8B,5,social-group,transgender
R_2Qfb30riIoFuw6f,98467,2208,4,1.0,Qwen3-8B,3,social-group,transgender
R_2Qfb30riIoFuw6f,98491,2209,0,0.0,Qwen3-8B,3,random,random
R_2Qfb30riIoFuw6f,98515,2210,3,1.0,Qwen3-8B,3,social-group,LGB
R_2Qfb30riIoFuw6f,98539,2211,3,1.0,Qwen3-8B,2,social-group,christian
R_2Qfb30riIoFuw6f,98563,2212,2,1.0,Qwen3-8B,3,social-group,transgender
R_2Qfb30riIoFuw6f,98587,2213,3,1.0,Qwen3-8B,4,social-group,LGB
R_2Qfb30riIoFuw6f,98611,2214,3,1.0,Qwen3-8B,3,random,random
R_2Qfb30riIoFuw6f,98635,2215,4,1.0,Qwen3-8B,4,social-group,jewish
R_2Qfb30riIoFuw6f,98659,2216,4,1.0,Qwen3-8B,2,social-group,christian
R_2Qfb30riIoFuw6f,98683,2217,4,1.0,Qwen3-8B,4,social-group,LGB
R_2Qfb30riIoFuw6f,98707,2218,0,0.0,Qwen3-8B,2,random,random
R_2Qfb30riIoFuw6f,98731,2219,4,1.0,Qwen3-8B,1,moral,purity
R_2Qfb30riIoFuw6f,98755,2220,4,1.0,Qwen3-8B,2,social-group,muslim
R_2Qfb30riIoFuw6f,98779,2221,-1,,Qwen3-8B,2,social-group,LGB
R_2Qfb30riIoFuw6f,98803,2222,0,0.0,Qwen3-8B,1,random,random
R_2Qfb30riIoFuw6f,98827,2223,4,1.0,Qwen3-8B,4,social-group,LGB
R_2Qfb30riIoFuw6f,98851,2224,4,1.0,Qwen3-8B,2,random,random
R_3EiO2XIA9vDcKea,4231,72,0,0.0,Qwen3-8B,4,random,random
R_3EiO2XIA9vDcKea,6108,102,-1,,Qwen3-8B,3,random,random
R_3EiO2XIA9vDcKea,6611,110,0,0.0,Qwen3-8B,3,random,random
R_3EiO2XIA9vDcKea,18273,288,0,0.0,Qwen3-8B,2,random,random
R_3EiO2XIA9vDcKea,23564,370,0,0.0,Qwen3-8B,1,random,random
R_3EiO2XIA9vDcKea,47260,755,0,0.0,Qwen3-8B,3,random,random
R_3EiO2XIA9vDcKea,52298,828,0,0.0,Qwen3-8B,1,random,random
R_3EiO2XIA9vDcKea,52298,828,0,0.0,Qwen3-8B,1,moral,loyalty
R_3EiO2XIA9vDcKea,52298,828,0,0.0,Qwen3-8B,1,random,random
R_3EiO2XIA9vDcKea,52298,828,0,0.0,Qwen3-8B,1,moral,loyalty
R_3EiO2XIA9vDcKea,60127,947,-1,,Qwen3-8B,2,random,random
R_3EiO2XIA9vDcKea,61903,980,0,0.0,Qwen3-8B,1,random,random
R_3EiO2XIA9vDcKea,66863,1058,0,0.0,Qwen3-8B,3,random,random
R_3EiO2XIA9vDcKea,98278,2200,-1,,Qwen3-8B,5,social-group,jewish
R_3EiO2XIA9vDcKea,98302,2201,1,0.0,Qwen3-8B,2,random,random
R_3EiO2XIA9vDcKea,98326,2202,0,0.0,Qwen3-8B,4,social-group,LGB
R_3EiO2XIA9vDcKea,98350,2203,-1,,Qwen3-8B,2,random,random
R_3EiO2XIA9vDcKea,98374,2204,0,0.0,Qwen3-8B,4,social-group,LGB
R_3EiO2XIA9vDcKea,98398,2205,-1,,Qwen3-8B,5,social-group,transgender
R_3EiO2XIA9vDcKea,98422,2206,0,0.0,Qwen3-8B,3,social-group,muslim
R_3EiO2XIA9vDcKea,98446,2207,1,0.0,Qwen3-8B,5,social-group,transgender
R_3EiO2XIA9vDcKea,98470,2208,1,0.0,Qwen3-8B,3,social-group,transgender
R_3EiO2XIA9vDcKea,98494,2209,0,0.0,Qwen3-8B,3,random,random
R_3EiO2XIA9vDcKea,98518,2210,0,0.0,Qwen3-8B,3,social-group,LGB
R_3EiO2XIA9vDcKea,98542,2211,0,0.0,Qwen3-8B,2,social-group,christian
R_3EiO2XIA9vDcKea,98566,2212,0,0.0,Qwen3-8B,3,social-group,transgender
R_3EiO2XIA9vDcKea,98590,2213,0,0.0,Qwen3-8B,4,social-group,LGB
R_3EiO2XIA9vDcKea,98614,2214,0,0.0,Qwen3-8B,3,random,random
R_3EiO2XIA9vDcKea,98638,2215,0,0.0,Qwen3-8B,4,social-group,jewish
R_3EiO2XIA9vDcKea,98662,2216,0,0.0,Qwen3-8B,2,social-group,christian
R_3EiO2XIA9vDcKea,98686,2217,-1,,Qwen3-8B,4,social-group,LGB
R_3EiO2XIA9vDcKea,98710,2218,1,0.0,Qwen3-8B,2,random,random
R_3EiO2XIA9vDcKea,98734,2219,0,0.0,Qwen3-8B,1,moral,purity
R_3EiO2XIA9vDcKea,98758,2220,-1,,Qwen3-8B,2,social-group,muslim
R_3EiO2XIA9vDcKea,98782,2221,0,0.0,Qwen3-8B,2,social-group,LGB
R_3EiO2XIA9vDcKea,98806,2222,0,0.0,Qwen3-8B,1,random,random
R_3EiO2XIA9vDcKea,98830,2223,0,0.0,Qwen3-8B,4,social-group,LGB
R_3EiO2XIA9vDcKea,98854,2224,0,0.0,Qwen3-8B,2,random,random
R_2VL168VfkzCmYQ4,4267,72,0,0.0,Qwen3-8B,4,random,random
R_2VL168VfkzCmYQ4,6139,102,0,0.0,Qwen3-8B,3,random,random
R_2VL168VfkzCmYQ4,6642,110,0,0.0,Qwen3-8B,3,random,random
R_2VL168VfkzCmYQ4,18302,288,0,0.0,Qwen3-8B,2,random,random
R_2VL168VfkzCmYQ4,23593,370,0,0.0,Qwen3-8B,1,random,random
R_2VL168VfkzCmYQ4,47298,755,0,0.0,Qwen3-8B,3,random,random
R_2VL168VfkzCmYQ4,52500,828,0,0.0,Qwen3-8B,1,random,random
R_2VL168VfkzCmYQ4,52500,828,0,0.0,Qwen3-8B,1,moral,loyalty
R_2VL168VfkzCmYQ4,52500,828,0,0.0,Qwen3-8B,1,random,random
R_2VL168VfkzCmYQ4,52500,828,0,0.0,Qwen3-8B,1,moral,loyalty
R_2VL168VfkzCmYQ4,60154,947,0,0.0,Qwen3-8B,2,random,random
R_2VL168VfkzCmYQ4,61930,980,0,0.0,Qwen3-8B,1,random,random
R_2VL168VfkzCmYQ4,66894,1058,0,0.0,Qwen3-8B,3,random,random
R_2VL168VfkzCmYQ4,98289,2200,0,0.0,Qwen3-8B,5,social-group,jewish
R_2VL168VfkzCmYQ4,98313,2201,0,0.0,Qwen3-8B,2,random,random
R_2VL168VfkzCmYQ4,98337,2202,0,0.0,Qwen3-8B,4,social-group,LGB
R_2VL168VfkzCmYQ4,98361,2203,0,0.0,Qwen3-8B,2,random,random
R_2VL168VfkzCmYQ4,98385,2204,0,0.0,Qwen3-8B,4,social-group,LGB
R_2VL168VfkzCmYQ4,98409,2205,0,0.0,Qwen3-8B,5,social-group,transgender
R_2VL168VfkzCmYQ4,98433,2206,0,0.0,Qwen3-8B,3,social-group,muslim
R_2VL168VfkzCmYQ4,98457,2207,0,0.0,Qwen3-8B,5,social-group,transgender
R_2VL168VfkzCmYQ4,98481,2208,0,0.0,Qwen3-8B,3,social-group,transgender
R_2VL168VfkzCmYQ4,98505,2209,0,0.0,Qwen3-8B,3,random,random
R_2VL168VfkzCmYQ4,98529,2210,0,0.0,Qwen3-8B,3,social-group,LGB
R_2VL168VfkzCmYQ4,98553,2211,0,0.0,Qwen3-8B,2,social-group,christian
R_2VL168VfkzCmYQ4,98577,2212,0,0.0,Qwen3-8B,3,social-group,transgender
R_2VL168VfkzCmYQ4,98601,2213,0,0.0,Qwen3-8B,4,social-group,LGB
R_2VL168VfkzCmYQ4,98625,2214,0,0.0,Qwen3-8B,3,random,random
R_2VL168VfkzCmYQ4,98649,2215,0,0.0,Qwen3-8B,4,social-group,jewish
R_2VL168VfkzCmYQ4,98673,2216,0,0.0,Qwen3-8B,2,social-group,christian
R_2VL168VfkzCmYQ4,98697,2217,0,0.0,Qwen3-8B,4,social-group,LGB
R_2VL168VfkzCmYQ4,98721,2218,0,0.0,Qwen3-8B,2,random,random
R_2VL168VfkzCmYQ4,98745,2219,0,0.0,Qwen3-8B,1,moral,purity
R_2VL168VfkzCmYQ4,98769,2220,0,0.0,Qwen3-8B,2,social-group,muslim
R_2VL168VfkzCmYQ4,98793,2221,0,0.0,Qwen3-8B,2,social-group,LGB
R_2VL168VfkzCmYQ4,98817,2222,0,0.0,Qwen3-8B,1,random,random
R_2VL168VfkzCmYQ4,98841,2223,0,0.0,Qwen3-8B,4,social-group,LGB
R_2VL168VfkzCmYQ4,98865,2224,0,0.0,Qwen3-8B,2,random,random
R_2ePgEJa3CKtVJDE,4297,73,1,0.0,Qwen3-8B,2,random,random
R_2ePgEJa3CKtVJDE,7669,126,3,1.0,Qwen3-8B,3,random,random
R_2ePgEJa3CKtVJDE,7669,126,3,1.0,Qwen3-8B,3,moral,fairness
R_2ePgEJa3CKtVJDE,7669,126,3,1.0,Qwen3-8B,3,random,random
R_2ePgEJa3CKtVJDE,7669,126,3,1.0,Qwen3-8B,3,moral,fairness
R_2ePgEJa3CKtVJDE,34182,545,0,0.0,Qwen3-8B,3,random,random
R_2ePgEJa3CKtVJDE,39749,639,0,0.0,Qwen3-8B,1,random,random
R_2ePgEJa3CKtVJDE,49242,782,0,0.0,Qwen3-8B,3,random,random
R_2ePgEJa3CKtVJDE,56703,894,1,0.0,Qwen3-8B,1,random,random
R_2ePgEJa3CKtVJDE,68217,1081,0,0.0,Qwen3-8B,3,random,random
R_2ePgEJa3CKtVJDE,114016,2865,3,1.0,Qwen3-8B,1,social-group,christian
R_2ePgEJa3CKtVJDE,114038,2866,0,0.0,Qwen3-8B,3,moral,purity
R_2ePgEJa3CKtVJDE,114060,2867,1,0.0,Qwen3-8B,5,social-group,jewish
R_2ePgEJa3CKtVJDE,114082,2868,3,1.0,Qwen3-8B,3,social-group,christian
R_2ePgEJa3CKtVJDE,114104,2869,4,1.0,Qwen3-8B,5,social-group,christian
R_2ePgEJa3CKtVJDE,114126,2870,2,1.0,Qwen3-8B,4,social-group,muslim
R_2ePgEJa3CKtVJDE,114148,2871,2,1.0,Qwen3-8B,2,social-group,jewish
R_2ePgEJa3CKtVJDE,114170,2872,3,1.0,Qwen3-8B,5,social-group,transgender
R_2ePgEJa3CKtVJDE,114192,2873,0,0.0,Qwen3-8B,1,moral,authority
R_2ePgEJa3CKtVJDE,114214,2874,1,0.0,Qwen3-8B,3,moral,purity
R_2ePgEJa3CKtVJDE,114236,2875,4,1.0,Qwen3-8B,2,social-group,christian
R_2ePgEJa3CKtVJDE,114258,2876,3,1.0,Qwen3-8B,5,social-group,muslim
R_2ePgEJa3CKtVJDE,114280,2877,3,1.0,Qwen3-8B,3,social-group,LGB
R_2ePgEJa3CKtVJDE,114302,2878,3,1.0,Qwen3-8B,4,social-group,muslim
R_2ePgEJa3CKtVJDE,114324,2879,4,1.0,Qwen3-8B,3,social-group,transgender
R_2ePgEJa3CKtVJDE,114346,2880,1,0.0,Qwen3-8B,1,social-group,LGB
R_2ePgEJa3CKtVJDE,114368,2881,3,1.0,Qwen3-8B,2,social-group,muslim
R_2ePgEJa3CKtVJDE,114390,2882,0,0.0,Qwen3-8B,1,moral,purity
R_2ePgEJa3CKtVJDE,114412,2883,0,0.0,Qwen3-8B,1,random,random
R_2ePgEJa3CKtVJDE,114434,2884,2,1.0,Qwen3-8B,1,moral,purity
R_2ePgEJa3CKtVJDE,114456,2885,0,0.0,Qwen3-8B,3,social-group,LGB
R_2ePgEJa3CKtVJDE,114478,2886,3,1.0,Qwen3-8B,4,social-group,muslim
R_2ePgEJa3CKtVJDE,114500,2887,2,1.0,Qwen3-8B,3,social-group,christian
R_2ePgEJa3CKtVJDE,114522,2888,1,0.0,Qwen3-8B,5,random,random
R_2ePgEJa3CKtVJDE,114544,2889,3,1.0,Qwen3-8B,5,social-group,muslim
R_2ePgEJa3CKtVJDE,114566,2890,2,1.0,Qwen3-8B,3,social-group,jewish
R_2ePgEJa3CKtVJDE,114588,2891,2,1.0,Qwen3-8B,4,social-group,jewish
R_2ePgEJa3CKtVJDE,114610,2892,3,1.0,Qwen3-8B,1,social-group,LGB
R_33efFTwE0sLSYie,4304,73,0,0.0,Qwen3-8B,2,random,random
R_33efFTwE0sLSYie,7695,126,2,1.0,Qwen3-8B,3,random,random
R_33efFTwE0sLSYie,7695,126,2,1.0,Qwen3-8B,3,moral,fairness
R_33efFTwE0sLSYie,7695,126,2,1.0,Qwen3-8B,3,random,random
R_33efFTwE0sLSYie,7695,126,2,1.0,Qwen3-8B,3,moral,fairness
R_33efFTwE0sLSYie,34189,545,0,0.0,Qwen3-8B,3,random,random
R_33efFTwE0sLSYie,39757,639,0,0.0,Qwen3-8B,1,random,random
R_33efFTwE0sLSYie,49250,782,0,0.0,Qwen3-8B,3,random,random
R_33efFTwE0sLSYie,56713,894,0,0.0,Qwen3-8B,1,random,random
R_33efFTwE0sLSYie,68229,1081,1,0.0,Qwen3-8B,3,random,random
R_33efFTwE0sLSYie,114020,2865,0,0.0,Qwen3-8B,1,social-group,christian
R_33efFTwE0sLSYie,114042,2866,0,0.0,Qwen3-8B,3,moral,purity
R_33efFTwE0sLSYie,114064,2867,1,0.0,Qwen3-8B,5,social-group,jewish
R_33efFTwE0sLSYie,114086,2868,1,0.0,Qwen3-8B,3,social-group,christian
R_33efFTwE0sLSYie,114108,2869,0,0.0,Qwen3-8B,5,social-group,christian
R_33efFTwE0sLSYie,114130,2870,2,1.0,Qwen3-8B,4,social-group,muslim
R_33efFTwE0sLSYie,114152,2871,0,0.0,Qwen3-8B,2,social-group,jewish
R_33efFTwE0sLSYie,114174,2872,0,0.0,Qwen3-8B,5,social-group,transgender
R_33efFTwE0sLSYie,114196,2873,0,0.0,Qwen3-8B,1,moral,authority
R_33efFTwE0sLSYie,114218,2874,0,0.0,Qwen3-8B,3,moral,purity
R_33efFTwE0sLSYie,114240,2875,0,0.0,Qwen3-8B,2,social-group,christian
R_33efFTwE0sLSYie,114262,2876,2,1.0,Qwen3-8B,5,social-group,muslim
R_33efFTwE0sLSYie,114284,2877,1,0.0,Qwen3-8B,3,social-group,LGB
R_33efFTwE0sLSYie,114306,2878,0,0.0,Qwen3-8B,4,social-group,muslim
R_33efFTwE0sLSYie,114328,2879,0,0.0,Qwen3-8B,3,social-group,transgender
R_33efFTwE0sLSYie,114350,2880,0,0.0,Qwen3-8B,1,social-group,LGB
R_33efFTwE0sLSYie,114372,2881,0,0.0,Qwen3-8B,2,social-group,muslim
R_33efFTwE0sLSYie,114394,2882,0,0.0,Qwen3-8B,1,moral,purity
R_33efFTwE0sLSYie,114416,2883,0,0.0,Qwen3-8B,1,random,random
R_33efFTwE0sLSYie,114438,2884,0,0.0,Qwen3-8B,1,moral,purity
R_33efFTwE0sLSYie,114460,2885,0,0.0,Qwen3-8B,3,social-group,LGB
R_33efFTwE0sLSYie,114482,2886,0,0.0,Qwen3-8B,4,social-group,muslim
R_33efFTwE0sLSYie,114504,2887,0,0.0,Qwen3-8B,3,social-group,christian
R_33efFTwE0sLSYie,114526,2888,0,0.0,Qwen3-8B,5,random,random
R_33efFTwE0sLSYie,114548,2889,0,0.0,Qwen3-8B,5,social-group,muslim
R_33efFTwE0sLSYie,114570,2890,0,0.0,Qwen3-8B,3,social-group,jewish
R_33efFTwE0sLSYie,114592,2891,0,0.0,Qwen3-8B,4,social-group,jewish
R_33efFTwE0sLSYie,114614,2892,0,0.0,Qwen3-8B,1,social-group,LGB
R_2D0jpLVsFqPlcM0,4328,73,0,0.0,Qwen3-8B,2,random,random
R_2D0jpLVsFqPlcM0,7735,126,0,0.0,Qwen3-8B,3,random,random
R_2D0jpLVsFqPlcM0,7735,126,0,0.0,Qwen3-8B,3,moral,fairness
R_2D0jpLVsFqPlcM0,7735,126,0,0.0,Qwen3-8B,3,random,random
R_2D0jpLVsFqPlcM0,7735,126,0,0.0,Qwen3-8B,3,moral,fairness
R_2D0jpLVsFqPlcM0,34207,545,0,0.0,Qwen3-8B,3,random,random
R_2D0jpLVsFqPlcM0,39774,639,0,0.0,Qwen3-8B,1,random,random
R_2D0jpLVsFqPlcM0,49263,782,0,0.0,Qwen3-8B,3,random,random
R_2D0jpLVsFqPlcM0,56734,894,0,0.0,Qwen3-8B,1,random,random
R_2D0jpLVsFqPlcM0,68243,1081,0,0.0,Qwen3-8B,3,random,random
R_2D0jpLVsFqPlcM0,114026,2865,0,0.0,Qwen3-8B,1,social-group,christian
R_2D0jpLVsFqPlcM0,114048,2866,0,0.0,Qwen3-8B,3,moral,purity
R_2D0jpLVsFqPlcM0,114070,2867,4,1.0,Qwen3-8B,5,social-group,jewish
R_2D0jpLVsFqPlcM0,114092,2868,0,0.0,Qwen3-8B,3,social-group,christian
R_2D0jpLVsFqPlcM0,114114,2869,0,0.0,Qwen3-8B,5,social-group,christian
R_2D0jpLVsFqPlcM0,114136,2870,0,0.0,Qwen3-8B,4,social-group,muslim
R_2D0jpLVsFqPlcM0,114158,2871,0,0.0,Qwen3-8B,2,social-group,jewish
R_2D0jpLVsFqPlcM0,114180,2872,0,0.0,Qwen3-8B,5,social-group,transgender
R_2D0jpLVsFqPlcM0,114202,2873,0,0.0,Qwen3-8B,1,moral,authority
R_2D0jpLVsFqPlcM0,114224,2874,0,0.0,Qwen3-8B,3,moral,purity
R_2D0jpLVsFqPlcM0,114246,2875,0,0.0,Qwen3-8B,2,social-group,christian
R_2D0jpLVsFqPlcM0,114268,2876,0,0.0,Qwen3-8B,5,social-group,muslim
R_2D0jpLVsFqPlcM0,114290,2877,0,0.0,Qwen3-8B,3,social-group,LGB
R_2D0jpLVsFqPlcM0,114312,2878,0,0.0,Qwen3-8B,4,social-group,muslim
R_2D0jpLVsFqPlcM0,114334,2879,0,0.0,Qwen3-8B,3,social-group,transgender
R_2D0jpLVsFqPlcM0,114356,2880,0,0.0,Qwen3-8B,1,social-group,LGB
R_2D0jpLVsFqPlcM0,114378,2881,0,0.0,Qwen3-8B,2,social-group,muslim
R_2D0jpLVsFqPlcM0,114400,2882,0,0.0,Qwen3-8B,1,moral,purity
R_2D0jpLVsFqPlcM0,114422,2883,0,0.0,Qwen3-8B,1,random,random
R_2D0jpLVsFqPlcM0,114444,2884,0,0.0,Qwen3-8B,1,moral,purity
R_2D0jpLVsFqPlcM0,114466,2885,0,0.0,Qwen3-8B,3,social-group,LGB
R_2D0jpLVsFqPlcM0,114488,2886,0,0.0,Qwen3-8B,4,social-group,muslim
R_2D0jpLVsFqPlcM0,114510,2887,0,0.0,Qwen3-8B,3,social-group,christian
R_2D0jpLVsFqPlcM0,114532,2888,0,0.0,Qwen3-8B,5,random,random
R_2D0jpLVsFqPlcM0,114554,2889,0,0.0,Qwen3-8B,5,social-group,muslim
R_2D0jpLVsFqPlcM0,114576,2890,0,0.0,Qwen3-8B,3,social-group,jewish
R_2D0jpLVsFqPlcM0,114598,2891,0,0.0,Qwen3-8B,4,social-group,jewish
R_2D0jpLVsFqPlcM0,114620,2892,0,0.0,Qwen3-8B,1,social-group,LGB
R_2zPheM42IkNaORn,4403,75,0,0.0,Qwen3-8B,3,random,random
R_2zPheM42IkNaORn,4465,76,0,0.0,Qwen3-8B,1,random,random
R_2zPheM42IkNaORn,4529,77,0,0.0,Qwen3-8B,3,random,random
R_2zPheM42IkNaORn,4593,78,0,0.0,Qwen3-8B,2,random,random
R_2zPheM42IkNaORn,4656,79,0,0.0,Qwen3-8B,3,random,random
R_2zPheM42IkNaORn,4718,80,0,0.0,Qwen3-8B,2,random,random
R_2zPheM42IkNaORn,4782,81,2,1.0,Qwen3-8B,2,random,random
R_2zPheM42IkNaORn,4845,82,2,1.0,Qwen3-8B,1,random,random
R_2zPheM42IkNaORn,4908,83,1,0.0,Qwen3-8B,5,random,random
R_2zPheM42IkNaORn,4969,84,1,0.0,Qwen3-8B,4,random,random
R_2zPheM42IkNaORn,5032,85,0,0.0,Qwen3-8B,4,random,random
R_2zPheM42IkNaORn,5096,86,0,0.0,Qwen3-8B,3,random,random
R_2zPheM42IkNaORn,5160,87,0,0.0,Qwen3-8B,5,random,random
R_2zPheM42IkNaORn,5225,88,0,0.0,Qwen3-8B,3,random,random
R_2zPheM42IkNaORn,5288,89,0,0.0,Qwen3-8B,2,random,random
R_2zPheM42IkNaORn,5352,90,0,0.0,Qwen3-8B,2,random,random
R_2zPheM42IkNaORn,5414,91,0,0.0,Qwen3-8B,3,random,random
R_2zPheM42IkNaORn,5479,92,0,0.0,Qwen3-8B,2,random,random
R_2zPheM42IkNaORn,5541,93,1,0.0,Qwen3-8B,3,random,random
R_2zPheM42IkNaORn,5604,94,0,0.0,Qwen3-8B,3,random,random
R_2zPheM42IkNaORn,5666,95,0,0.0,Qwen3-8B,3,random,random
R_2zPheM42IkNaORn,5729,96,0,0.0,Qwen3-8B,2,random,random
R_2zPheM42IkNaORn,5793,97,0,0.0,Qwen3-8B,4,random,random
R_2zPheM42IkNaORn,5855,98,1,0.0,Qwen3-8B,3,random,random
R_2zPheM42IkNaORn,5918,99,0,0.0,Qwen3-8B,2,random,random
R_2zPheM42IkNaORn,5982,100,0,0.0,Qwen3-8B,3,random,random
R_2zPheM42IkNaORn,6043,101,0,0.0,Qwen3-8B,3,random,random
R_2zPheM42IkNaORn,6101,102,0,0.0,Qwen3-8B,3,random,random
R_2zPheM42IkNaORn,6165,103,0,0.0,Qwen3-8B,4,random,random
R_2zPheM42IkNaORn,6228,104,0,0.0,Qwen3-8B,1,random,random
R_2zPheM42IkNaORn,6288,105,1,0.0,Qwen3-8B,3,random,random
R_2zPheM42IkNaORn,6350,106,1,0.0,Qwen3-8B,2,random,random
R_2zPheM42IkNaORn,6412,107,0,0.0,Qwen3-8B,2,random,random
R_2zPheM42IkNaORn,6475,108,1,0.0,Qwen3-8B,2,random,random
R_2zPheM42IkNaORn,6539,109,0,0.0,Qwen3-8B,2,random,random
R_3hAaFHDJy4sVYHH,4405,75,3,1.0,Qwen3-8B,3,random,random
R_3hAaFHDJy4sVYHH,4467,76,4,1.0,Qwen3-8B,1,random,random
R_3hAaFHDJy4sVYHH,4531,77,3,1.0,Qwen3-8B,3,random,random
R_3hAaFHDJy4sVYHH,4595,78,3,1.0,Qwen3-8B,2,random,random
R_3hAaFHDJy4sVYHH,4658,79,3,1.0,Qwen3-8B,3,random,random
R_3hAaFHDJy4sVYHH,4720,80,3,1.0,Qwen3-8B,2,random,random
R_3hAaFHDJy4sVYHH,4784,81,2,1.0,Qwen3-8B,2,random,random
R_3hAaFHDJy4sVYHH,4847,82,3,1.0,Qwen3-8B,1,random,random
R_3hAaFHDJy4sVYHH,4910,83,3,1.0,Qwen3-8B,5,random,random
R_3hAaFHDJy4sVYHH,4971,84,3,1.0,Qwen3-8B,4,random,random
R_3hAaFHDJy4sVYHH,5034,85,3,1.0,Qwen3-8B,4,random,random
R_3hAaFHDJy4sVYHH,5098,86,3,1.0,Qwen3-8B,3,random,random
R_3hAaFHDJy4sVYHH,5162,87,3,1.0,Qwen3-8B,5,random,random
R_3hAaFHDJy4sVYHH,5227,88,3,1.0,Qwen3-8B,3,random,random
R_3hAaFHDJy4sVYHH,5290,89,3,1.0,Qwen3-8B,2,random,random
R_3hAaFHDJy4sVYHH,5354,90,3,1.0,Qwen3-8B,2,random,random
R_3hAaFHDJy4sVYHH,5416,91,3,1.0,Qwen3-8B,3,random,random
R_3hAaFHDJy4sVYHH,5481,92,3,1.0,Qwen3-8B,2,random,random
R_3hAaFHDJy4sVYHH,5543,93,3,1.0,Qwen3-8B,3,random,random
R_3hAaFHDJy4sVYHH,5606,94,4,1.0,Qwen3-8B,3,random,random
R_3hAaFHDJy4sVYHH,5668,95,3,1.0,Qwen3-8B,3,random,random
R_3hAaFHDJy4sVYHH,5731,96,4,1.0,Qwen3-8B,2,random,random
R_3hAaFHDJy4sVYHH,5795,97,3,1.0,Qwen3-8B,4,random,random
R_3hAaFHDJy4sVYHH,5857,98,2,1.0,Qwen3-8B,3,random,random
R_3hAaFHDJy4sVYHH,5920,99,3,1.0,Qwen3-8B,2,random,random
R_3hAaFHDJy4sVYHH,5984,100,3,1.0,Qwen3-8B,3,random,random
R_3hAaFHDJy4sVYHH,6045,101,4,1.0,Qwen3-8B,3,random,random
R_3hAaFHDJy4sVYHH,6103,102,4,1.0,Qwen3-8B,3,random,random
R_3hAaFHDJy4sVYHH,6167,103,3,1.0,Qwen3-8B,4,random,random
R_3hAaFHDJy4sVYHH,6230,104,3,1.0,Qwen3-8B,1,random,random
R_3hAaFHDJy4sVYHH,6290,105,3,1.0,Qwen3-8B,3,random,random
R_3hAaFHDJy4sVYHH,6352,106,3,1.0,Qwen3-8B,2,random,random
R_3hAaFHDJy4sVYHH,6414,107,2,1.0,Qwen3-8B,2,random,random
R_3hAaFHDJy4sVYHH,6477,108,0,0.0,Qwen3-8B,2,random,random
R_3hAaFHDJy4sVYHH,6541,109,2,1.0,Qwen3-8B,2,random,random
R_2wSqCxnZL37QV86,4426,75,4,1.0,Qwen3-8B,3,random,random
R_2wSqCxnZL37QV86,4487,76,4,1.0,Qwen3-8B,1,random,random
R_2wSqCxnZL37QV86,4552,77,4,1.0,Qwen3-8B,3,random,random
R_2wSqCxnZL37QV86,4616,78,3,1.0,Qwen3-8B,2,random,random
R_2wSqCxnZL37QV86,4679,79,4,1.0,Qwen3-8B,3,random,random
R_2wSqCxnZL37QV86,4741,80,4,1.0,Qwen3-8B,2,random,random
R_2wSqCxnZL37QV86,4804,81,4,1.0,Qwen3-8B,2,random,random
R_2wSqCxnZL37QV86,4867,82,3,1.0,Qwen3-8B,1,random,random
R_2wSqCxnZL37QV86,4931,83,3,1.0,Qwen3-8B,5,random,random
R_2wSqCxnZL37QV86,4992,84,3,1.0,Qwen3-8B,4,random,random
R_2wSqCxnZL37QV86,5055,85,-1,,Qwen3-8B,4,random,random
R_2wSqCxnZL37QV86,5119,86,3,1.0,Qwen3-8B,3,random,random
R_2wSqCxnZL37QV86,5184,87,3,1.0,Qwen3-8B,5,random,random
R_2wSqCxnZL37QV86,5248,88,3,1.0,Qwen3-8B,3,random,random
R_2wSqCxnZL37QV86,5312,89,3,1.0,Qwen3-8B,2,random,random
R_2wSqCxnZL37QV86,5375,90,3,1.0,Qwen3-8B,2,random,random
R_2wSqCxnZL37QV86,5437,91,4,1.0,Qwen3-8B,3,random,random
R_2wSqCxnZL37QV86,5501,92,3,1.0,Qwen3-8B,2,random,random
R_2wSqCxnZL37QV86,5564,93,3,1.0,Qwen3-8B,3,random,random
R_2wSqCxnZL37QV86,5625,94,3,1.0,Qwen3-8B,3,random,random
R_2wSqCxnZL37QV86,5689,95,3,1.0,Qwen3-8B,3,random,random
R_2wSqCxnZL37QV86,5752,96,-1,,Qwen3-8B,2,random,random
R_2wSqCxnZL37QV86,5816,97,4,1.0,Qwen3-8B,4,random,random
R_2wSqCxnZL37QV86,5879,98,3,1.0,Qwen3-8B,3,random,random
R_2wSqCxnZL37QV86,5941,99,3,1.0,Qwen3-8B,2,random,random
R_2wSqCxnZL37QV86,6006,100,4,1.0,Qwen3-8B,3,random,random
R_2wSqCxnZL37QV86,6062,101,4,1.0,Qwen3-8B,3,random,random
R_2wSqCxnZL37QV86,6124,102,3,1.0,Qwen3-8B,3,random,random
R_2wSqCxnZL37QV86,6188,103,3,1.0,Qwen3-8B,4,random,random
R_2wSqCxnZL37QV86,6251,104,3,1.0,Qwen3-8B,1,random,random
R_2wSqCxnZL37QV86,6310,105,4,1.0,Qwen3-8B,3,random,random
R_2wSqCxnZL37QV86,6373,106,3,1.0,Qwen3-8B,2,random,random
R_2wSqCxnZL37QV86,6435,107,3,1.0,Qwen3-8B,2,random,random
R_2wSqCxnZL37QV86,6498,108,3,1.0,Qwen3-8B,2,random,random
R_2wSqCxnZL37QV86,6562,109,3,1.0,Qwen3-8B,2,random,random
R_3dYebNWHAqR8RQZ,4427,75,0,0.0,Qwen3-8B,3,random,random
R_3dYebNWHAqR8RQZ,4488,76,0,0.0,Qwen3-8B,1,random,random
R_3dYebNWHAqR8RQZ,4553,77,0,0.0,Qwen3-8B,3,random,random
R_3dYebNWHAqR8RQZ,4617,78,0,0.0,Qwen3-8B,2,random,random
R_3dYebNWHAqR8RQZ,4680,79,0,0.0,Qwen3-8B,3,random,random
R_3dYebNWHAqR8RQZ,4742,80,0,0.0,Qwen3-8B,2,random,random
R_3dYebNWHAqR8RQZ,4805,81,0,0.0,Qwen3-8B,2,random,random
R_3dYebNWHAqR8RQZ,4868,82,0,0.0,Qwen3-8B,1,random,random
R_3dYebNWHAqR8RQZ,4932,83,0,0.0,Qwen3-8B,5,random,random
R_3dYebNWHAqR8RQZ,4993,84,0,0.0,Qwen3-8B,4,random,random
R_3dYebNWHAqR8RQZ,5056,85,0,0.0,Qwen3-8B,4,random,random
R_3dYebNWHAqR8RQZ,5120,86,0,0.0,Qwen3-8B,3,random,random
R_3dYebNWHAqR8RQZ,5185,87,0,0.0,Qwen3-8B,5,random,random
R_3dYebNWHAqR8RQZ,5249,88,0,0.0,Qwen3-8B,3,random,random
R_3dYebNWHAqR8RQZ,5313,89,0,0.0,Qwen3-8B,2,random,random
R_3dYebNWHAqR8RQZ,5376,90,0,0.0,Qwen3-8B,2,random,random
R_3dYebNWHAqR8RQZ,5438,91,0,0.0,Qwen3-8B,3,random,random
R_3dYebNWHAqR8RQZ,5502,92,0,0.0,Qwen3-8B,2,random,random
R_3dYebNWHAqR8RQZ,5565,93,0,0.0,Qwen3-8B,3,random,random
R_3dYebNWHAqR8RQZ,5626,94,0,0.0,Qwen3-8B,3,random,random
R_3dYebNWHAqR8RQZ,5690,95,0,0.0,Qwen3-8B,3,random,random
R_3dYebNWHAqR8RQZ,5753,96,0,0.0,Qwen3-8B,2,random,random
R_3dYebNWHAqR8RQZ,5817,97,0,0.0,Qwen3-8B,4,random,random
R_3dYebNWHAqR8RQZ,5880,98,0,0.0,Qwen3-8B,3,random,random
R_3dYebNWHAqR8RQZ,5942,99,0,0.0,Qwen3-8B,2,random,random
R_3dYebNWHAqR8RQZ,6007,100,0,0.0,Qwen3-8B,3,random,random
R_3dYebNWHAqR8RQZ,6063,101,0,0.0,Qwen3-8B,3,random,random
R_3dYebNWHAqR8RQZ,6125,102,0,0.0,Qwen3-8B,3,random,random
R_3dYebNWHAqR8RQZ,6189,103,0,0.0,Qwen3-8B,4,random,random
R_3dYebNWHAqR8RQZ,6252,104,0,0.0,Qwen3-8B,1,random,random
R_3dYebNWHAqR8RQZ,6311,105,0,0.0,Qwen3-8B,3,random,random
R_3dYebNWHAqR8RQZ,6374,106,0,0.0,Qwen3-8B,2,random,random
R_3dYebNWHAqR8RQZ,6436,107,0,0.0,Qwen3-8B,2,random,random
R_3dYebNWHAqR8RQZ,6499,108,0,0.0,Qwen3-8B,2,random,random
R_3dYebNWHAqR8RQZ,6563,109,0,0.0,Qwen3-8B,2,random,random
R_2cuU8IoqlL64aBa,4431,75,2,1.0,Qwen3-8B,3,random,random
R_2cuU8IoqlL64aBa,4492,76,0,0.0,Qwen3-8B,1,random,random
R_2cuU8IoqlL64aBa,4557,77,2,1.0,Qwen3-8B,3,random,random
R_2cuU8IoqlL64aBa,4621,78,0,0.0,Qwen3-8B,2,random,random
R_2cuU8IoqlL64aBa,4684,79,1,0.0,Qwen3-8B,3,random,random
R_2cuU8IoqlL64aBa,4746,80,2,1.0,Qwen3-8B,2,random,random
R_2cuU8IoqlL64aBa,4809,81,3,1.0,Qwen3-8B,2,random,random
R_2cuU8IoqlL64aBa,4872,82,1,0.0,Qwen3-8B,1,random,random
R_2cuU8IoqlL64aBa,4936,83,1,0.0,Qwen3-8B,5,random,random
R_2cuU8IoqlL64aBa,4997,84,1,0.0,Qwen3-8B,4,random,random
R_2cuU8IoqlL64aBa,5060,85,0,0.0,Qwen3-8B,4,random,random
R_2cuU8IoqlL64aBa,5124,86,1,0.0,Qwen3-8B,3,random,random
R_2cuU8IoqlL64aBa,5189,87,1,0.0,Qwen3-8B,5,random,random
R_2cuU8IoqlL64aBa,5253,88,0,0.0,Qwen3-8B,3,random,random
R_2cuU8IoqlL64aBa,5317,89,0,0.0,Qwen3-8B,2,random,random
R_2cuU8IoqlL64aBa,5380,90,0,0.0,Qwen3-8B,2,random,random
R_2cuU8IoqlL64aBa,5442,91,0,0.0,Qwen3-8B,3,random,random
R_2cuU8IoqlL64aBa,5506,92,-1,,Qwen3-8B,2,random,random
R_2cuU8IoqlL64aBa,5569,93,0,0.0,Qwen3-8B,3,random,random
R_2cuU8IoqlL64aBa,5630,94,0,0.0,Qwen3-8B,3,random,random
R_2cuU8IoqlL64aBa,5694,95,0,0.0,Qwen3-8B,3,random,random
R_2cuU8IoqlL64aBa,5757,96,0,0.0,Qwen3-8B,2,random,random
R_2cuU8IoqlL64aBa,5821,97,1,0.0,Qwen3-8B,4,random,random
R_2cuU8IoqlL64aBa,5884,98,0,0.0,Qwen3-8B,3,random,random
R_2cuU8IoqlL64aBa,5946,99,0,0.0,Qwen3-8B,2,random,random
R_2cuU8IoqlL64aBa,6011,100,0,0.0,Qwen3-8B,3,random,random
R_2cuU8IoqlL64aBa,6067,101,0,0.0,Qwen3-8B,3,random,random
R_2cuU8IoqlL64aBa,6129,102,0,0.0,Qwen3-8B,3,random,random
R_2cuU8IoqlL64aBa,6193,103,2,1.0,Qwen3-8B,4,random,random
R_2cuU8IoqlL64aBa,6256,104,-1,,Qwen3-8B,1,random,random
R_2cuU8IoqlL64aBa,6315,105,1,0.0,Qwen3-8B,3,random,random
R_2cuU8IoqlL64aBa,6378,106,1,0.0,Qwen3-8B,2,random,random
R_2cuU8IoqlL64aBa,6440,107,0,0.0,Qwen3-8B,2,random,random
R_2cuU8IoqlL64aBa,6503,108,0,0.0,Qwen3-8B,2,random,random
R_2cuU8IoqlL64aBa,6567,109,0,0.0,Qwen3-8B,2,random,random
R_1KkiWnmlz7MFKMG,4451,75,0,0.0,Qwen3-8B,3,random,random
R_1KkiWnmlz7MFKMG,4515,76,1,0.0,Qwen3-8B,1,random,random
R_1KkiWnmlz7MFKMG,4579,77,0,0.0,Qwen3-8B,3,random,random
R_1KkiWnmlz7MFKMG,4642,78,0,0.0,Qwen3-8B,2,random,random
R_1KkiWnmlz7MFKMG,4705,79,1,0.0,Qwen3-8B,3,random,random
R_1KkiWnmlz7MFKMG,4768,80,0,0.0,Qwen3-8B,2,random,random
R_1KkiWnmlz7MFKMG,4831,81,0,0.0,Qwen3-8B,2,random,random
R_1KkiWnmlz7MFKMG,4894,82,1,0.0,Qwen3-8B,1,random,random
R_1KkiWnmlz7MFKMG,4957,83,0,0.0,Qwen3-8B,5,random,random
R_1KkiWnmlz7MFKMG,5018,84,2,1.0,Qwen3-8B,4,random,random
R_1KkiWnmlz7MFKMG,5082,85,0,0.0,Qwen3-8B,4,random,random
R_1KkiWnmlz7MFKMG,5146,86,0,0.0,Qwen3-8B,3,random,random
R_1KkiWnmlz7MFKMG,5211,87,0,0.0,Qwen3-8B,5,random,random
R_1KkiWnmlz7MFKMG,5274,88,1,0.0,Qwen3-8B,3,random,random
R_1KkiWnmlz7MFKMG,5338,89,0,0.0,Qwen3-8B,2,random,random
R_1KkiWnmlz7MFKMG,5400,90,0,0.0,Qwen3-8B,2,random,random
R_1KkiWnmlz7MFKMG,5465,91,0,0.0,Qwen3-8B,3,random,random
R_1KkiWnmlz7MFKMG,5528,92,1,0.0,Qwen3-8B,2,random,random
R_1KkiWnmlz7MFKMG,5590,93,2,1.0,Qwen3-8B,3,random,random
R_1KkiWnmlz7MFKMG,5652,94,0,0.0,Qwen3-8B,3,random,random
R_1KkiWnmlz7MFKMG,5715,95,0,0.0,Qwen3-8B,3,random,random
R_1KkiWnmlz7MFKMG,5779,96,0,0.0,Qwen3-8B,2,random,random
R_1KkiWnmlz7MFKMG,5842,97,0,0.0,Qwen3-8B,4,random,random
R_1KkiWnmlz7MFKMG,5904,98,0,0.0,Qwen3-8B,3,random,random
R_1KkiWnmlz7MFKMG,5968,99,1,0.0,Qwen3-8B,2,random,random
R_1KkiWnmlz7MFKMG,6030,100,0,0.0,Qwen3-8B,3,random,random
R_1KkiWnmlz7MFKMG,6087,101,0,0.0,Qwen3-8B,3,random,random
R_1KkiWnmlz7MFKMG,6151,102,1,0.0,Qwen3-8B,3,random,random
R_1KkiWnmlz7MFKMG,6214,103,0,0.0,Qwen3-8B,4,random,random
R_1KkiWnmlz7MFKMG,6276,104,0,0.0,Qwen3-8B,1,random,random
R_1KkiWnmlz7MFKMG,6336,105,0,0.0,Qwen3-8B,3,random,random
R_1KkiWnmlz7MFKMG,6398,106,0,0.0,Qwen3-8B,2,random,random
R_1KkiWnmlz7MFKMG,6462,107,0,0.0,Qwen3-8B,2,random,random
R_1KkiWnmlz7MFKMG,6525,108,2,1.0,Qwen3-8B,2,random,random
R_1KkiWnmlz7MFKMG,6589,109,0,0.0,Qwen3-8B,2,random,random
R_p0HwfvAtWKKoN9L,4462,76,1,0.0,Qwen3-8B,1,random,random
R_p0HwfvAtWKKoN9L,8071,131,1,0.0,Qwen3-8B,3,random,random
R_p0HwfvAtWKKoN9L,22969,360,0,0.0,Qwen3-8B,3,random,random
R_p0HwfvAtWKKoN9L,28615,459,0,0.0,Qwen3-8B,1,random,random
R_p0HwfvAtWKKoN9L,30501,487,0,0.0,Qwen3-8B,4,random,random
R_p0HwfvAtWKKoN9L,33997,542,0,0.0,Qwen3-8B,3,random,random
R_p0HwfvAtWKKoN9L,36775,589,1,0.0,Qwen3-8B,2,random,random
R_p0HwfvAtWKKoN9L,37012,593,0,0.0,Qwen3-8B,3,random,random
R_p0HwfvAtWKKoN9L,40947,659,0,0.0,Qwen3-8B,4,random,random
R_p0HwfvAtWKKoN9L,42531,685,0,0.0,Qwen3-8B,1,random,random
R_p0HwfvAtWKKoN9L,53385,841,0,0.0,Qwen3-8B,2,random,random
R_p0HwfvAtWKKoN9L,54807,865,1,0.0,Qwen3-8B,3,random,random
R_p0HwfvAtWKKoN9L,67796,1074,0,0.0,Qwen3-8B,3,random,random
R_p0HwfvAtWKKoN9L,103796,2435,1,0.0,Qwen3-8B,2,moral,fairness
R_p0HwfvAtWKKoN9L,103820,2436,1,0.0,Qwen3-8B,1,social-group,muslim
R_p0HwfvAtWKKoN9L,103844,2437,2,1.0,Qwen3-8B,5,social-group,muslim
R_p0HwfvAtWKKoN9L,103868,2438,2,1.0,Qwen3-8B,3,social-group,jewish
R_p0HwfvAtWKKoN9L,103892,2439,0,0.0,Qwen3-8B,2,random,random
R_p0HwfvAtWKKoN9L,103916,2440,1,0.0,Qwen3-8B,3,social-group,jewish
R_p0HwfvAtWKKoN9L,103940,2441,0,0.0,Qwen3-8B,2,social-group,muslim
R_p0HwfvAtWKKoN9L,103964,2442,0,0.0,Qwen3-8B,3,moral,purity
R_p0HwfvAtWKKoN9L,103988,2443,2,1.0,Qwen3-8B,2,social-group,LGB
R_p0HwfvAtWKKoN9L,104012,2444,2,1.0,Qwen3-8B,2,moral,fairness
R_p0HwfvAtWKKoN9L,104036,2445,1,0.0,Qwen3-8B,5,social-group,transgender
R_p0HwfvAtWKKoN9L,104060,2446,1,0.0,Qwen3-8B,4,social-group,transgender
R_p0HwfvAtWKKoN9L,104084,2447,0,0.0,Qwen3-8B,2,random,random
R_p0HwfvAtWKKoN9L,104108,2448,0,0.0,Qwen3-8B,5,social-group,transgender
R_p0HwfvAtWKKoN9L,104132,2449,1,0.0,Qwen3-8B,5,social-group,christian
R_p0HwfvAtWKKoN9L,104156,2450,2,1.0,Qwen3-8B,3,social-group,muslim
R_p0HwfvAtWKKoN9L,104180,2451,0,0.0,Qwen3-8B,1,social-group,transgender
R_p0HwfvAtWKKoN9L,104204,2452,0,0.0,Qwen3-8B,2,random,random
R_p0HwfvAtWKKoN9L,104228,2453,0,0.0,Qwen3-8B,3,social-group,muslim
R_p0HwfvAtWKKoN9L,104252,2454,0,0.0,Qwen3-8B,4,social-group,LGB
R_p0HwfvAtWKKoN9L,104276,2455,0,0.0,Qwen3-8B,3,social-group,transgender
R_p0HwfvAtWKKoN9L,104300,2456,0,0.0,Qwen3-8B,1,social-group,transgender
R_2wNtGp6rpgDHyWC,4464,76,0,0.0,Qwen3-8B,1,random,random
R_2wNtGp6rpgDHyWC,8073,131,0,0.0,Qwen3-8B,3,random,random
R_2wNtGp6rpgDHyWC,22971,360,0,0.0,Qwen3-8B,3,random,random
R_2wNtGp6rpgDHyWC,28617,459,0,0.0,Qwen3-8B,1,random,random
R_2wNtGp6rpgDHyWC,30503,487,0,0.0,Qwen3-8B,4,random,random
R_2wNtGp6rpgDHyWC,33999,542,0,0.0,Qwen3-8B,3,random,random
R_2wNtGp6rpgDHyWC,36777,589,0,0.0,Qwen3-8B,2,random,random
R_2wNtGp6rpgDHyWC,37014,593,0,0.0,Qwen3-8B,3,random,random
R_2wNtGp6rpgDHyWC,40949,659,0,0.0,Qwen3-8B,4,random,random
R_2wNtGp6rpgDHyWC,42533,685,0,0.0,Qwen3-8B,1,random,random
R_2wNtGp6rpgDHyWC,53387,841,0,0.0,Qwen3-8B,2,random,random
R_2wNtGp6rpgDHyWC,54809,865,0,0.0,Qwen3-8B,3,random,random
R_2wNtGp6rpgDHyWC,67798,1074,0,0.0,Qwen3-8B,3,random,random
R_2wNtGp6rpgDHyWC,103798,2435,0,0.0,Qwen3-8B,2,moral,fairness
R_2wNtGp6rpgDHyWC,103822,2436,0,0.0,Qwen3-8B,1,social-group,muslim
R_2wNtGp6rpgDHyWC,103846,2437,0,0.0,Qwen3-8B,5,social-group,muslim
R_2wNtGp6rpgDHyWC,103870,2438,0,0.0,Qwen3-8B,3,social-group,jewish
R_2wNtGp6rpgDHyWC,103894,2439,0,0.0,Qwen3-8B,2,random,random
R_2wNtGp6rpgDHyWC,103918,2440,0,0.0,Qwen3-8B,3,social-group,jewish
R_2wNtGp6rpgDHyWC,103942,2441,0,0.0,Qwen3-8B,2,social-group,muslim
R_2wNtGp6rpgDHyWC,103966,2442,0,0.0,Qwen3-8B,3,moral,purity
R_2wNtGp6rpgDHyWC,103990,2443,0,0.0,Qwen3-8B,2,social-group,LGB
R_2wNtGp6rpgDHyWC,104014,2444,0,0.0,Qwen3-8B,2,moral,fairness
R_2wNtGp6rpgDHyWC,104038,2445,0,0.0,Qwen3-8B,5,social-group,transgender
R_2wNtGp6rpgDHyWC,104062,2446,0,0.0,Qwen3-8B,4,social-group,transgender
R_2wNtGp6rpgDHyWC,104086,2447,0,0.0,Qwen3-8B,2,random,random
R_2wNtGp6rpgDHyWC,104110,2448,0,0.0,Qwen3-8B,5,social-group,transgender
R_2wNtGp6rpgDHyWC,104134,2449,0,0.0,Qwen3-8B,5,social-group,christian
R_2wNtGp6rpgDHyWC,104158,2450,0,0.0,Qwen3-8B,3,social-group,muslim
R_2wNtGp6rpgDHyWC,104182,2451,0,0.0,Qwen3-8B,1,social-group,transgender
R_2wNtGp6rpgDHyWC,104206,2452,0,0.0,Qwen3-8B,2,random,random
R_2wNtGp6rpgDHyWC,104230,2453,0,0.0,Qwen3-8B,3,social-group,muslim
R_2wNtGp6rpgDHyWC,104254,2454,0,0.0,Qwen3-8B,4,social-group,LGB
R_2wNtGp6rpgDHyWC,104278,2455,0,0.0,Qwen3-8B,3,social-group,transgender
R_2wNtGp6rpgDHyWC,104302,2456,0,0.0,Qwen3-8B,1,social-group,transgender
R_3GrCsSgiZ2Df12e,4471,76,0,0.0,Qwen3-8B,1,random,random
R_3GrCsSgiZ2Df12e,8079,131,3,1.0,Qwen3-8B,3,random,random
R_3GrCsSgiZ2Df12e,22979,360,3,1.0,Qwen3-8B,3,random,random
R_3GrCsSgiZ2Df12e,28622,459,0,0.0,Qwen3-8B,1,random,random
R_3GrCsSgiZ2Df12e,30509,487,0,0.0,Qwen3-8B,4,random,random
R_3GrCsSgiZ2Df12e,34007,542,0,0.0,Qwen3-8B,3,random,random
R_3GrCsSgiZ2Df12e,36781,589,0,0.0,Qwen3-8B,2,random,random
R_3GrCsSgiZ2Df12e,37018,593,4,1.0,Qwen3-8B,3,random,random
R_3GrCsSgiZ2Df12e,40954,659,0,0.0,Qwen3-8B,4,random,random
R_3GrCsSgiZ2Df12e,42538,685,0,0.0,Qwen3-8B,1,random,random
R_3GrCsSgiZ2Df12e,53392,841,0,0.0,Qwen3-8B,2,random,random
R_3GrCsSgiZ2Df12e,54814,865,0,0.0,Qwen3-8B,3,random,random
R_3GrCsSgiZ2Df12e,67803,1074,1,0.0,Qwen3-8B,3,random,random
R_3GrCsSgiZ2Df12e,103800,2435,-1,,Qwen3-8B,2,moral,fairness
R_3GrCsSgiZ2Df12e,103824,2436,2,1.0,Qwen3-8B,1,social-group,muslim
R_3GrCsSgiZ2Df12e,103848,2437,4,1.0,Qwen3-8B,5,social-group,muslim
R_3GrCsSgiZ2Df12e,103872,2438,-1,,Qwen3-8B,3,social-group,jewish
R_3GrCsSgiZ2Df12e,103896,2439,0,0.0,Qwen3-8B,2,random,random
R_3GrCsSgiZ2Df12e,103920,2440,0,0.0,Qwen3-8B,3,social-group,jewish
R_3GrCsSgiZ2Df12e,103944,2441,3,1.0,Qwen3-8B,2,social-group,muslim
R_3GrCsSgiZ2Df12e,103968,2442,4,1.0,Qwen3-8B,3,moral,purity
R_3GrCsSgiZ2Df12e,103992,2443,0,0.0,Qwen3-8B,2,social-group,LGB
R_3GrCsSgiZ2Df12e,104016,2444,0,0.0,Qwen3-8B,2,moral,fairness
R_3GrCsSgiZ2Df12e,104040,2445,0,0.0,Qwen3-8B,5,social-group,transgender
R_3GrCsSgiZ2Df12e,104064,2446,-1,,Qwen3-8B,4,social-group,transgender
R_3GrCsSgiZ2Df12e,104088,2447,0,0.0,Qwen3-8B,2,random,random
R_3GrCsSgiZ2Df12e,104112,2448,1,0.0,Qwen3-8B,5,social-group,transgender
R_3GrCsSgiZ2Df12e,104136,2449,0,0.0,Qwen3-8B,5,social-group,christian
R_3GrCsSgiZ2Df12e,104160,2450,0,0.0,Qwen3-8B,3,social-group,muslim
R_3GrCsSgiZ2Df12e,104184,2451,0,0.0,Qwen3-8B,1,social-group,transgender
R_3GrCsSgiZ2Df12e,104208,2452,0,0.0,Qwen3-8B,2,random,random
R_3GrCsSgiZ2Df12e,104232,2453,2,1.0,Qwen3-8B,3,social-group,muslim
R_3GrCsSgiZ2Df12e,104256,2454,3,1.0,Qwen3-8B,4,social-group,LGB
R_3GrCsSgiZ2Df12e,104280,2455,0,0.0,Qwen3-8B,3,social-group,transgender
R_3GrCsSgiZ2Df12e,104304,2456,0,0.0,Qwen3-8B,1,social-group,transgender
R_3Ma5epCAum1h1ZK,4654,79,0,0.0,Qwen3-8B,3,random,random
R_3Ma5epCAum1h1ZK,10683,173,0,0.0,Qwen3-8B,1,random,random
R_3Ma5epCAum1h1ZK,16725,263,4,1.0,Qwen3-8B,1,random,random
R_3Ma5epCAum1h1ZK,32915,524,3,1.0,Qwen3-8B,4,random,random
R_3Ma5epCAum1h1ZK,33163,528,0,0.0,Qwen3-8B,3,random,random
R_3Ma5epCAum1h1ZK,38611,620,4,1.0,Qwen3-8B,3,random,random
R_3Ma5epCAum1h1ZK,41988,676,2,1.0,Qwen3-8B,3,random,random
R_3Ma5epCAum1h1ZK,51089,812,4,1.0,Qwen3-8B,4,random,random
R_3Ma5epCAum1h1ZK,51089,812,4,1.0,Qwen3-8B,4,moral,purity
R_3Ma5epCAum1h1ZK,51089,812,4,1.0,Qwen3-8B,4,random,random
R_3Ma5epCAum1h1ZK,51089,812,4,1.0,Qwen3-8B,4,moral,purity
R_3Ma5epCAum1h1ZK,51765,821,-1,,Qwen3-8B,2,random,random
R_3Ma5epCAum1h1ZK,88768,1816,0,0.0,Qwen3-8B,1,moral,authority
R_3Ma5epCAum1h1ZK,123927,3290,3,1.0,Qwen3-8B,3,social-group,christian
R_3Ma5epCAum1h1ZK,123950,3291,4,1.0,Qwen3-8B,3,random,random
R_3Ma5epCAum1h1ZK,123973,3292,4,1.0,Qwen3-8B,5,social-group,jewish
R_3Ma5epCAum1h1ZK,123996,3293,4,1.0,Qwen3-8B,3,social-group,jewish
R_3Ma5epCAum1h1ZK,124019,3294,0,0.0,Qwen3-8B,1,random,random
R_3Ma5epCAum1h1ZK,124042,3295,3,1.0,Qwen3-8B,1,moral,authority
R_3Ma5epCAum1h1ZK,124065,3296,4,1.0,Qwen3-8B,3,social-group,transgender
R_3Ma5epCAum1h1ZK,124088,3297,2,1.0,Qwen3-8B,3,social-group,LGB
R_3Ma5epCAum1h1ZK,124111,3298,1,0.0,Qwen3-8B,2,random,random
R_3Ma5epCAum1h1ZK,124134,3299,4,1.0,Qwen3-8B,2,social-group,muslim
R_3Ma5epCAum1h1ZK,124157,3300,4,1.0,Qwen3-8B,5,social-group,muslim
R_3Ma5epCAum1h1ZK,124180,3301,4,1.0,Qwen3-8B,3,social-group,LGB
R_3Ma5epCAum1h1ZK,124203,3302,4,1.0,Qwen3-8B,5,social-group,jewish
R_3Ma5epCAum1h1ZK,124226,3303,0,0.0,Qwen3-8B,3,random,random
R_3Ma5epCAum1h1ZK,124249,3304,2,1.0,Qwen3-8B,5,social-group,transgender
R_3Ma5epCAum1h1ZK,124272,3305,3,1.0,Qwen3-8B,3,random,random
R_3Ma5epCAum1h1ZK,124295,3306,4,1.0,Qwen3-8B,3,random,random
R_3Ma5epCAum1h1ZK,124318,3307,0,0.0,Qwen3-8B,1,random,random
R_3Ma5epCAum1h1ZK,124341,3308,4,1.0,Qwen3-8B,5,social-group,transgender
R_3Ma5epCAum1h1ZK,124364,3309,4,1.0,Qwen3-8B,3,social-group,LGB
R_3Ma5epCAum1h1ZK,124387,3310,4,1.0,Qwen3-8B,1,social-group,LGB
R_3Ma5epCAum1h1ZK,124410,3311,4,1.0,Qwen3-8B,3,social-group,jewish
R_3Ma5epCAum1h1ZK,124433,3312,4,1.0,Qwen3-8B,4,social-group,LGB
R_3Ma5epCAum1h1ZK,124456,3313,0,0.0,Qwen3-8B,1,moral,fairness
R_3Ma5epCAum1h1ZK,124479,3314,0,0.0,Qwen3-8B,1,moral,care
R_1M4GE1XWwdC2Uqp,4655,79,0,0.0,Qwen3-8B,3,random,random
R_1M4GE1XWwdC2Uqp,10684,173,0,0.0,Qwen3-8B,1,random,random
R_1M4GE1XWwdC2Uqp,16726,263,0,0.0,Qwen3-8B,1,random,random
R_1M4GE1XWwdC2Uqp,32916,524,0,0.0,Qwen3-8B,4,random,random
R_1M4GE1XWwdC2Uqp,33164,528,0,0.0,Qwen3-8B,3,random,random
R_1M4GE1XWwdC2Uqp,38612,620,0,0.0,Qwen3-8B,3,random,random
R_1M4GE1XWwdC2Uqp,41989,676,0,0.0,Qwen3-8B,3,random,random
R_1M4GE1XWwdC2Uqp,51091,812,0,0.0,Qwen3-8B,4,random,random
R_1M4GE1XWwdC2Uqp,51091,812,0,0.0,Qwen3-8B,4,moral,purity
R_1M4GE1XWwdC2Uqp,51091,812,0,0.0,Qwen3-8B,4,random,random
R_1M4GE1XWwdC2Uqp,51091,812,0,0.0,Qwen3-8B,4,moral,purity
R_1M4GE1XWwdC2Uqp,51766,821,0,0.0,Qwen3-8B,2,random,random
R_1M4GE1XWwdC2Uqp,88769,1816,0,0.0,Qwen3-8B,1,moral,authority
R_1M4GE1XWwdC2Uqp,123928,3290,0,0.0,Qwen3-8B,3,social-group,christian
R_1M4GE1XWwdC2Uqp,123951,3291,0,0.0,Qwen3-8B,3,random,random
R_1M4GE1XWwdC2Uqp,123974,3292,0,0.0,Qwen3-8B,5,social-group,jewish
R_1M4GE1XWwdC2Uqp,123997,3293,0,0.0,Qwen3-8B,3,social-group,jewish
R_1M4GE1XWwdC2Uqp,124020,3294,0,0.0,Qwen3-8B,1,random,random
R_1M4GE1XWwdC2Uqp,124043,3295,0,0.0,Qwen3-8B,1,moral,authority
R_1M4GE1XWwdC2Uqp,124066,3296,0,0.0,Qwen3-8B,3,social-group,transgender
R_1M4GE1XWwdC2Uqp,124089,3297,0,0.0,Qwen3-8B,3,social-group,LGB
R_1M4GE1XWwdC2Uqp,124112,3298,0,0.0,Qwen3-8B,2,random,random
R_1M4GE1XWwdC2Uqp,124135,3299,0,0.0,Qwen3-8B,2,social-group,muslim
R_1M4GE1XWwdC2Uqp,124158,3300,0,0.0,Qwen3-8B,5,social-group,muslim
R_1M4GE1XWwdC2Uqp,124181,3301,0,0.0,Qwen3-8B,3,social-group,LGB
R_1M4GE1XWwdC2Uqp,124204,3302,0,0.0,Qwen3-8B,5,social-group,jewish
R_1M4GE1XWwdC2Uqp,124227,3303,0,0.0,Qwen3-8B,3,random,random
R_1M4GE1XWwdC2Uqp,124250,3304,0,0.0,Qwen3-8B,5,social-group,transgender
R_1M4GE1XWwdC2Uqp,124273,3305,0,0.0,Qwen3-8B,3,random,random
R_1M4GE1XWwdC2Uqp,124296,3306,0,0.0,Qwen3-8B,3,random,random
R_1M4GE1XWwdC2Uqp,124319,3307,0,0.0,Qwen3-8B,1,random,random
R_1M4GE1XWwdC2Uqp,124342,3308,0,0.0,Qwen3-8B,5,social-group,transgender
R_1M4GE1XWwdC2Uqp,124365,3309,0,0.0,Qwen3-8B,3,social-group,LGB
R_1M4GE1XWwdC2Uqp,124388,3310,0,0.0,Qwen3-8B,1,social-group,LGB
R_1M4GE1XWwdC2Uqp,124411,3311,0,0.0,Qwen3-8B,3,social-group,jewish
R_1M4GE1XWwdC2Uqp,124434,3312,0,0.0,Qwen3-8B,4,social-group,LGB
R_1M4GE1XWwdC2Uqp,124457,3313,0,0.0,Qwen3-8B,1,moral,fairness
R_1M4GE1XWwdC2Uqp,124480,3314,0,0.0,Qwen3-8B,1,moral,care
R_2mc1ZcVqDm9l32h,4662,79,1,0.0,Qwen3-8B,3,random,random
R_2mc1ZcVqDm9l32h,10692,173,1,0.0,Qwen3-8B,1,random,random
R_2mc1ZcVqDm9l32h,16732,263,2,1.0,Qwen3-8B,1,random,random
R_2mc1ZcVqDm9l32h,32921,524,1,0.0,Qwen3-8B,4,random,random
R_2mc1ZcVqDm9l32h,33169,528,1,0.0,Qwen3-8B,3,random,random
R_2mc1ZcVqDm9l32h,38621,620,1,0.0,Qwen3-8B,3,random,random
R_2mc1ZcVqDm9l32h,41993,676,3,1.0,Qwen3-8B,3,random,random
R_2mc1ZcVqDm9l32h,51101,812,3,1.0,Qwen3-8B,4,random,random
R_2mc1ZcVqDm9l32h,51101,812,3,1.0,Qwen3-8B,4,moral,purity
R_2mc1ZcVqDm9l32h,51101,812,3,1.0,Qwen3-8B,4,random,random
R_2mc1ZcVqDm9l32h,51101,812,3,1.0,Qwen3-8B,4,moral,purity
R_2mc1ZcVqDm9l32h,51771,821,2,1.0,Qwen3-8B,2,random,random
R_2mc1ZcVqDm9l32h,88773,1816,0,0.0,Qwen3-8B,1,moral,authority
R_2mc1ZcVqDm9l32h,123930,3290,2,1.0,Qwen3-8B,3,social-group,christian
R_2mc1ZcVqDm9l32h,123953,3291,2,1.0,Qwen3-8B,3,random,random
R_2mc1ZcVqDm9l32h,123976,3292,4,1.0,Qwen3-8B,5,social-group,jewish
R_2mc1ZcVqDm9l32h,123999,3293,0,0.0,Qwen3-8B,3,social-group,jewish
R_2mc1ZcVqDm9l32h,124022,3294,0,0.0,Qwen3-8B,1,random,random
R_2mc1ZcVqDm9l32h,124045,3295,1,0.0,Qwen3-8B,1,moral,authority
R_2mc1ZcVqDm9l32h,124068,3296,1,0.0,Qwen3-8B,3,social-group,transgender
R_2mc1ZcVqDm9l32h,124091,3297,4,1.0,Qwen3-8B,3,social-group,LGB
R_2mc1ZcVqDm9l32h,124114,3298,0,0.0,Qwen3-8B,2,random,random
R_2mc1ZcVqDm9l32h,124137,3299,1,0.0,Qwen3-8B,2,social-group,muslim
R_2mc1ZcVqDm9l32h,124160,3300,1,0.0,Qwen3-8B,5,social-group,muslim
R_2mc1ZcVqDm9l32h,124183,3301,2,1.0,Qwen3-8B,3,social-group,LGB
R_2mc1ZcVqDm9l32h,124206,3302,0,0.0,Qwen3-8B,5,social-group,jewish
R_2mc1ZcVqDm9l32h,124229,3303,4,1.0,Qwen3-8B,3,random,random
R_2mc1ZcVqDm9l32h,124252,3304,3,1.0,Qwen3-8B,5,social-group,transgender
R_2mc1ZcVqDm9l32h,124275,3305,1,0.0,Qwen3-8B,3,random,random
R_2mc1ZcVqDm9l32h,124298,3306,2,1.0,Qwen3-8B,3,random,random
R_2mc1ZcVqDm9l32h,124321,3307,0,0.0,Qwen3-8B,1,random,random
R_2mc1ZcVqDm9l32h,124344,3308,1,0.0,Qwen3-8B,5,social-group,transgender
R_2mc1ZcVqDm9l32h,124367,3309,2,1.0,Qwen3-8B,3,social-group,LGB
R_2mc1ZcVqDm9l32h,124390,3310,0,0.0,Qwen3-8B,1,social-group,LGB
R_2mc1ZcVqDm9l32h,124413,3311,1,0.0,Qwen3-8B,3,social-group,jewish
R_2mc1ZcVqDm9l32h,124436,3312,0,0.0,Qwen3-8B,4,social-group,LGB
R_2mc1ZcVqDm9l32h,124459,3313,0,0.0,Qwen3-8B,1,moral,fairness
R_2mc1ZcVqDm9l32h,124482,3314,0,0.0,Qwen3-8B,1,moral,care
R_1OIF2XcX2EoVQ7T,4663,79,2,1.0,Qwen3-8B,3,random,random
R_1OIF2XcX2EoVQ7T,10693,173,1,0.0,Qwen3-8B,1,random,random
R_1OIF2XcX2EoVQ7T,16733,263,0,0.0,Qwen3-8B,1,random,random
R_1OIF2XcX2EoVQ7T,32922,524,2,1.0,Qwen3-8B,4,random,random
R_1OIF2XcX2EoVQ7T,33170,528,0,0.0,Qwen3-8B,3,random,random
R_1OIF2XcX2EoVQ7T,38622,620,1,0.0,Qwen3-8B,3,random,random
R_1OIF2XcX2EoVQ7T,41995,676,2,1.0,Qwen3-8B,3,random,random
R_1OIF2XcX2EoVQ7T,51109,812,0,0.0,Qwen3-8B,4,random,random
R_1OIF2XcX2EoVQ7T,51109,812,0,0.0,Qwen3-8B,4,moral,purity
R_1OIF2XcX2EoVQ7T,51109,812,0,0.0,Qwen3-8B,4,random,random
R_1OIF2XcX2EoVQ7T,51109,812,0,0.0,Qwen3-8B,4,moral,purity
R_1OIF2XcX2EoVQ7T,51772,821,1,0.0,Qwen3-8B,2,random,random
R_1OIF2XcX2EoVQ7T,88785,1816,0,0.0,Qwen3-8B,1,moral,authority
R_1OIF2XcX2EoVQ7T,123931,3290,3,1.0,Qwen3-8B,3,social-group,christian
R_1OIF2XcX2EoVQ7T,123954,3291,3,1.0,Qwen3-8B,3,random,random
R_1OIF2XcX2EoVQ7T,123977,3292,4,1.0,Qwen3-8B,5,social-group,jewish
R_1OIF2XcX2EoVQ7T,124000,3293,0,0.0,Qwen3-8B,3,social-group,jewish
R_1OIF2XcX2EoVQ7T,124023,3294,0,0.0,Qwen3-8B,1,random,random
R_1OIF2XcX2EoVQ7T,124046,3295,1,0.0,Qwen3-8B,1,moral,authority
R_1OIF2XcX2EoVQ7T,124069,3296,1,0.0,Qwen3-8B,3,social-group,transgender
R_1OIF2XcX2EoVQ7T,124092,3297,0,0.0,Qwen3-8B,3,social-group,LGB
R_1OIF2XcX2EoVQ7T,124115,3298,0,0.0,Qwen3-8B,2,random,random
R_1OIF2XcX2EoVQ7T,124138,3299,0,0.0,Qwen3-8B,2,social-group,muslim
R_1OIF2XcX2EoVQ7T,124161,3300,4,1.0,Qwen3-8B,5,social-group,muslim
R_1OIF2XcX2EoVQ7T,124184,3301,0,0.0,Qwen3-8B,3,social-group,LGB
R_1OIF2XcX2EoVQ7T,124207,3302,1,0.0,Qwen3-8B,5,social-group,jewish
R_1OIF2XcX2EoVQ7T,124230,3303,2,1.0,Qwen3-8B,3,random,random
R_1OIF2XcX2EoVQ7T,124253,3304,3,1.0,Qwen3-8B,5,social-group,transgender
R_1OIF2XcX2EoVQ7T,124276,3305,4,1.0,Qwen3-8B,3,random,random
R_1OIF2XcX2EoVQ7T,124299,3306,2,1.0,Qwen3-8B,3,random,random
R_1OIF2XcX2EoVQ7T,124322,3307,0,0.0,Qwen3-8B,1,random,random
R_1OIF2XcX2EoVQ7T,124345,3308,4,1.0,Qwen3-8B,5,social-group,transgender
R_1OIF2XcX2EoVQ7T,124368,3309,0,0.0,Qwen3-8B,3,social-group,LGB
R_1OIF2XcX2EoVQ7T,124391,3310,0,0.0,Qwen3-8B,1,social-group,LGB
R_1OIF2XcX2EoVQ7T,124414,3311,2,1.0,Qwen3-8B,3,social-group,jewish
R_1OIF2XcX2EoVQ7T,124437,3312,0,0.0,Qwen3-8B,4,social-group,LGB
R_1OIF2XcX2EoVQ7T,124460,3313,0,0.0,Qwen3-8B,1,moral,fairness
R_1OIF2XcX2EoVQ7T,124483,3314,0,0.0,Qwen3-8B,1,moral,care
R_ub4gKR4UKRiJXkB,4669,79,0,0.0,Qwen3-8B,3,random,random
R_ub4gKR4UKRiJXkB,10698,173,2,1.0,Qwen3-8B,1,random,random
R_ub4gKR4UKRiJXkB,16744,263,0,0.0,Qwen3-8B,1,random,random
R_ub4gKR4UKRiJXkB,32930,524,2,1.0,Qwen3-8B,4,random,random
R_ub4gKR4UKRiJXkB,33178,528,0,0.0,Qwen3-8B,3,random,random
R_ub4gKR4UKRiJXkB,38630,620,2,1.0,Qwen3-8B,3,random,random
R_ub4gKR4UKRiJXkB,42000,676,2,1.0,Qwen3-8B,3,random,random
R_ub4gKR4UKRiJXkB,51131,812,2,1.0,Qwen3-8B,4,random,random
R_ub4gKR4UKRiJXkB,51131,812,2,1.0,Qwen3-8B,4,moral,purity
R_ub4gKR4UKRiJXkB,51131,812,2,1.0,Qwen3-8B,4,random,random
R_ub4gKR4UKRiJXkB,51131,812,2,1.0,Qwen3-8B,4,moral,purity
R_ub4gKR4UKRiJXkB,51782,821,0,0.0,Qwen3-8B,2,random,random
R_ub4gKR4UKRiJXkB,88798,1816,0,0.0,Qwen3-8B,1,moral,authority
R_ub4gKR4UKRiJXkB,123933,3290,2,1.0,Qwen3-8B,3,social-group,christian
R_ub4gKR4UKRiJXkB,123956,3291,2,1.0,Qwen3-8B,3,random,random
R_ub4gKR4UKRiJXkB,123979,3292,0,0.0,Qwen3-8B,5,social-group,jewish
R_ub4gKR4UKRiJXkB,124002,3293,0,0.0,Qwen3-8B,3,social-group,jewish
R_ub4gKR4UKRiJXkB,124025,3294,0,0.0,Qwen3-8B,1,random,random
R_ub4gKR4UKRiJXkB,124048,3295,0,0.0,Qwen3-8B,1,moral,authority
R_ub4gKR4UKRiJXkB,124071,3296,2,1.0,Qwen3-8B,3,social-group,transgender
R_ub4gKR4UKRiJXkB,124094,3297,0,0.0,Qwen3-8B,3,social-group,LGB
R_ub4gKR4UKRiJXkB,124117,3298,0,0.0,Qwen3-8B,2,random,random
R_ub4gKR4UKRiJXkB,124140,3299,2,1.0,Qwen3-8B,2,social-group,muslim
R_ub4gKR4UKRiJXkB,124163,3300,2,1.0,Qwen3-8B,5,social-group,muslim
R_ub4gKR4UKRiJXkB,124186,3301,2,1.0,Qwen3-8B,3,social-group,LGB
R_ub4gKR4UKRiJXkB,124209,3302,0,0.0,Qwen3-8B,5,social-group,jewish
R_ub4gKR4UKRiJXkB,124232,3303,0,0.0,Qwen3-8B,3,random,random
R_ub4gKR4UKRiJXkB,124255,3304,0,0.0,Qwen3-8B,5,social-group,transgender
R_ub4gKR4UKRiJXkB,124278,3305,0,0.0,Qwen3-8B,3,random,random
R_ub4gKR4UKRiJXkB,124301,3306,2,1.0,Qwen3-8B,3,random,random
R_ub4gKR4UKRiJXkB,124324,3307,2,1.0,Qwen3-8B,1,random,random
R_ub4gKR4UKRiJXkB,124347,3308,4,1.0,Qwen3-8B,5,social-group,transgender
R_ub4gKR4UKRiJXkB,124370,3309,0,0.0,Qwen3-8B,3,social-group,LGB
R_ub4gKR4UKRiJXkB,124393,3310,0,0.0,Qwen3-8B,1,social-group,LGB
R_ub4gKR4UKRiJXkB,124416,3311,0,0.0,Qwen3-8B,3,social-group,jewish
R_ub4gKR4UKRiJXkB,124439,3312,0,0.0,Qwen3-8B,4,social-group,LGB
R_ub4gKR4UKRiJXkB,124462,3313,0,0.0,Qwen3-8B,1,moral,fairness
R_ub4gKR4UKRiJXkB,124485,3314,0,0.0,Qwen3-8B,1,moral,care
R_3kGiGQSc4moLBwv,4717,80,0,0.0,Qwen3-8B,2,random,random
R_3kGiGQSc4moLBwv,19518,307,0,0.0,Qwen3-8B,2,random,random
R_3kGiGQSc4moLBwv,21211,334,0,0.0,Qwen3-8B,1,random,random
R_3kGiGQSc4moLBwv,25322,400,0,0.0,Qwen3-8B,3,random,random
R_3kGiGQSc4moLBwv,29367,471,4,1.0,Qwen3-8B,3,random,random
R_3kGiGQSc4moLBwv,43228,696,0,0.0,Qwen3-8B,3,random,random
R_3kGiGQSc4moLBwv,53873,849,0,0.0,Qwen3-8B,4,random,random
R_3kGiGQSc4moLBwv,56474,891,4,1.0,Qwen3-8B,3,random,random
R_3kGiGQSc4moLBwv,69506,1104,4,1.0,Qwen3-8B,3,random,random
R_3kGiGQSc4moLBwv,70868,1129,0,0.0,Qwen3-8B,2,random,random
R_3kGiGQSc4moLBwv,71993,1151,4,1.0,Qwen3-8B,1,random,random
R_3kGiGQSc4moLBwv,120950,3166,0,0.0,Qwen3-8B,1,moral,care
R_3kGiGQSc4moLBwv,120950,3166,0,0.0,Qwen3-8B,1,moral,loyalty
R_3kGiGQSc4moLBwv,120950,3166,0,0.0,Qwen3-8B,1,moral,purity
R_3kGiGQSc4moLBwv,120950,3166,0,0.0,Qwen3-8B,1,moral,care
R_3kGiGQSc4moLBwv,120950,3166,0,0.0,Qwen3-8B,1,moral,loyalty
R_3kGiGQSc4moLBwv,120950,3166,0,0.0,Qwen3-8B,1,moral,purity
R_3kGiGQSc4moLBwv,120950,3166,0,0.0,Qwen3-8B,1,moral,care
R_3kGiGQSc4moLBwv,120950,3166,0,0.0,Qwen3-8B,1,moral,loyalty
R_3kGiGQSc4moLBwv,120950,3166,0,0.0,Qwen3-8B,1,moral,purity
R_3kGiGQSc4moLBwv,135767,3795,4,1.0,Qwen3-8B,3,social-group,christian
R_3kGiGQSc4moLBwv,135790,3796,4,1.0,Qwen3-8B,2,social-group,muslim
R_3kGiGQSc4moLBwv,135813,3797,4,1.0,Qwen3-8B,1,social-group,LGB
R_3kGiGQSc4moLBwv,135836,3798,4,1.0,Qwen3-8B,4,social-group,muslim
R_3kGiGQSc4moLBwv,135859,3799,4,1.0,Qwen3-8B,3,social-group,LGB
R_3kGiGQSc4moLBwv,135882,3800,4,1.0,Qwen3-8B,5,social-group,christian
R_3kGiGQSc4moLBwv,135905,3801,4,1.0,Qwen3-8B,5,social-group,muslim
R_3kGiGQSc4moLBwv,135928,3802,0,0.0,Qwen3-8B,2,random,random
R_3kGiGQSc4moLBwv,135951,3803,4,1.0,Qwen3-8B,5,social-group,transgender
R_3kGiGQSc4moLBwv,135974,3804,0,0.0,Qwen3-8B,1,moral,authority
R_3kGiGQSc4moLBwv,135997,3805,4,1.0,Qwen3-8B,4,social-group,muslim
R_3kGiGQSc4moLBwv,136020,3806,4,1.0,Qwen3-8B,2,social-group,muslim
R_3kGiGQSc4moLBwv,136043,3807,4,1.0,Qwen3-8B,2,social-group,LGB
R_3kGiGQSc4moLBwv,136066,3808,4,1.0,Qwen3-8B,1,social-group,jewish
R_3kGiGQSc4moLBwv,136089,3809,4,1.0,Qwen3-8B,2,social-group,LGB
R_3kGiGQSc4moLBwv,136112,3810,4,1.0,Qwen3-8B,2,social-group,christian
R_3kGiGQSc4moLBwv,136135,3811,4,1.0,Qwen3-8B,4,social-group,transgender
R_3kGiGQSc4moLBwv,136158,3812,4,1.0,Qwen3-8B,3,social-group,christian
R_3kGiGQSc4moLBwv,136181,3813,0,0.0,Qwen3-8B,3,random,random
R_3kGiGQSc4moLBwv,136204,3814,4,1.0,Qwen3-8B,3,social-group,transgender
R_3kGiGQSc4moLBwv,136227,3815,4,1.0,Qwen3-8B,3,social-group,transgender
R_3kGiGQSc4moLBwv,136250,3816,4,1.0,Qwen3-8B,2,social-group,christian
R_3kGiGQSc4moLBwv,136273,3817,-1,,Qwen3-8B,5,moral,care
R_1qX8yI7u3mjZirO,4724,80,0,0.0,Qwen3-8B,2,random,random
R_1qX8yI7u3mjZirO,19524,307,0,0.0,Qwen3-8B,2,random,random
R_1qX8yI7u3mjZirO,21217,334,0,0.0,Qwen3-8B,1,random,random
R_1qX8yI7u3mjZirO,25327,400,0,0.0,Qwen3-8B,3,random,random
R_1qX8yI7u3mjZirO,29373,471,0,0.0,Qwen3-8B,3,random,random
R_1qX8yI7u3mjZirO,43233,696,0,0.0,Qwen3-8B,3,random,random
R_1qX8yI7u3mjZirO,53878,849,0,0.0,Qwen3-8B,4,random,random
R_1qX8yI7u3mjZirO,56486,891,0,0.0,Qwen3-8B,3,random,random
R_1qX8yI7u3mjZirO,69516,1104,0,0.0,Qwen3-8B,3,random,random
R_1qX8yI7u3mjZirO,70873,1129,0,0.0,Qwen3-8B,2,random,random
R_1qX8yI7u3mjZirO,71998,1151,0,0.0,Qwen3-8B,1,random,random
R_1qX8yI7u3mjZirO,120968,3166,0,0.0,Qwen3-8B,1,moral,care
R_1qX8yI7u3mjZirO,120968,3166,0,0.0,Qwen3-8B,1,moral,loyalty
R_1qX8yI7u3mjZirO,120968,3166,0,0.0,Qwen3-8B,1,moral,purity
R_1qX8yI7u3mjZirO,120968,3166,0,0.0,Qwen3-8B,1,moral,care
R_1qX8yI7u3mjZirO,120968,3166,0,0.0,Qwen3-8B,1,moral,loyalty
R_1qX8yI7u3mjZirO,120968,3166,0,0.0,Qwen3-8B,1,moral,purity
R_1qX8yI7u3mjZirO,120968,3166,0,0.0,Qwen3-8B,1,moral,care
R_1qX8yI7u3mjZirO,120968,3166,0,0.0,Qwen3-8B,1,moral,loyalty
R_1qX8yI7u3mjZirO,120968,3166,0,0.0,Qwen3-8B,1,moral,purity
R_1qX8yI7u3mjZirO,135769,3795,0,0.0,Qwen3-8B,3,social-group,christian
R_1qX8yI7u3mjZirO,135792,3796,0,0.0,Qwen3-8B,2,social-group,muslim
R_1qX8yI7u3mjZirO,135815,3797,2,1.0,Qwen3-8B,1,social-group,LGB
R_1qX8yI7u3mjZirO,135838,3798,0,0.0,Qwen3-8B,4,social-group,muslim
R_1qX8yI7u3mjZirO,135861,3799,0,0.0,Qwen3-8B,3,social-group,LGB
R_1qX8yI7u3mjZirO,135884,3800,1,0.0,Qwen3-8B,5,social-group,christian
R_1qX8yI7u3mjZirO,135907,3801,0,0.0,Qwen3-8B,5,social-group,muslim
R_1qX8yI7u3mjZirO,135930,3802,0,0.0,Qwen3-8B,2,random,random
R_1qX8yI7u3mjZirO,135953,3803,0,0.0,Qwen3-8B,5,social-group,transgender
R_1qX8yI7u3mjZirO,135976,3804,0,0.0,Qwen3-8B,1,moral,authority
R_1qX8yI7u3mjZirO,135999,3805,0,0.0,Qwen3-8B,4,social-group,muslim
R_1qX8yI7u3mjZirO,136022,3806,0,0.0,Qwen3-8B,2,social-group,muslim
R_1qX8yI7u3mjZirO,136045,3807,0,0.0,Qwen3-8B,2,social-group,LGB
R_1qX8yI7u3mjZirO,136068,3808,0,0.0,Qwen3-8B,1,social-group,jewish
R_1qX8yI7u3mjZirO,136091,3809,0,0.0,Qwen3-8B,2,social-group,LGB
R_1qX8yI7u3mjZirO,136114,3810,0,0.0,Qwen3-8B,2,social-group,christian
R_1qX8yI7u3mjZirO,136137,3811,0,0.0,Qwen3-8B,4,social-group,transgender
R_1qX8yI7u3mjZirO,136160,3812,0,0.0,Qwen3-8B,3,social-group,christian
R_1qX8yI7u3mjZirO,136183,3813,0,0.0,Qwen3-8B,3,random,random
R_1qX8yI7u3mjZirO,136206,3814,0,0.0,Qwen3-8B,3,social-group,transgender
R_1qX8yI7u3mjZirO,136229,3815,0,0.0,Qwen3-8B,3,social-group,transgender
R_1qX8yI7u3mjZirO,136252,3816,0,0.0,Qwen3-8B,2,social-group,christian
R_1qX8yI7u3mjZirO,136275,3817,0,0.0,Qwen3-8B,5,moral,care
R_SC93jEfM0CTtHJD,4920,83,0,0.0,Qwen3-8B,5,random,random
R_SC93jEfM0CTtHJD,17654,278,1,0.0,Qwen3-8B,2,random,random
R_SC93jEfM0CTtHJD,31398,501,3,1.0,Qwen3-8B,1,random,random
R_SC93jEfM0CTtHJD,35553,568,2,1.0,Qwen3-8B,4,random,random
R_SC93jEfM0CTtHJD,35846,573,1,0.0,Qwen3-8B,1,random,random
R_SC93jEfM0CTtHJD,53338,840,2,1.0,Qwen3-8B,3,random,random
R_SC93jEfM0CTtHJD,56567,892,1,0.0,Qwen3-8B,1,random,random
R_SC93jEfM0CTtHJD,70183,1116,0,0.0,Qwen3-8B,3,random,random
R_SC93jEfM0CTtHJD,70777,1127,4,1.0,Qwen3-8B,5,random,random
R_SC93jEfM0CTtHJD,74473,1243,0,0.0,Qwen3-8B,1,moral,purity
R_SC93jEfM0CTtHJD,74473,1243,0,0.0,Qwen3-8B,1,moral,loyalty
R_SC93jEfM0CTtHJD,74473,1243,0,0.0,Qwen3-8B,1,moral,purity
R_SC93jEfM0CTtHJD,74473,1243,0,0.0,Qwen3-8B,1,moral,loyalty
R_SC93jEfM0CTtHJD,86780,1739,0,0.0,Qwen3-8B,1,moral,care
R_SC93jEfM0CTtHJD,110460,2715,1,0.0,Qwen3-8B,5,social-group,muslim
R_SC93jEfM0CTtHJD,110483,2716,2,1.0,Qwen3-8B,3,social-group,transgender
R_SC93jEfM0CTtHJD,110506,2717,1,0.0,Qwen3-8B,1,moral,loyalty
R_SC93jEfM0CTtHJD,110529,2718,-1,,Qwen3-8B,1,random,random
R_SC93jEfM0CTtHJD,110552,2719,1,0.0,Qwen3-8B,3,social-group,muslim
R_SC93jEfM0CTtHJD,110575,2720,0,0.0,Qwen3-8B,1,random,random
R_SC93jEfM0CTtHJD,110598,2721,0,0.0,Qwen3-8B,1,random,random
R_SC93jEfM0CTtHJD,110621,2722,4,1.0,Qwen3-8B,3,social-group,transgender
R_SC93jEfM0CTtHJD,110644,2723,0,0.0,Qwen3-8B,3,social-group,transgender
R_SC93jEfM0CTtHJD,110667,2724,1,0.0,Qwen3-8B,2,random,random
R_SC93jEfM0CTtHJD,110690,2725,1,0.0,Qwen3-8B,1,moral,purity
R_SC93jEfM0CTtHJD,110713,2726,0,0.0,Qwen3-8B,2,random,random
R_SC93jEfM0CTtHJD,110736,2727,0,0.0,Qwen3-8B,5,social-group,jewish
R_SC93jEfM0CTtHJD,110759,2728,0,0.0,Qwen3-8B,4,social-group,muslim
R_SC93jEfM0CTtHJD,110782,2729,1,0.0,Qwen3-8B,2,social-group,christian
R_SC93jEfM0CTtHJD,110805,2730,-1,,Qwen3-8B,2,social-group,transgender
R_SC93jEfM0CTtHJD,110828,2731,-1,,Qwen3-8B,2,random,random
R_SC93jEfM0CTtHJD,110851,2732,0,0.0,Qwen3-8B,1,moral,fairness
R_SC93jEfM0CTtHJD,110874,2733,4,1.0,Qwen3-8B,5,social-group,christian
R_SC93jEfM0CTtHJD,110897,2734,0,0.0,Qwen3-8B,2,moral,fairness
R_SC93jEfM0CTtHJD,110920,2735,0,0.0,Qwen3-8B,2,moral,authority
R_SC93jEfM0CTtHJD,110943,2736,4,1.0,Qwen3-8B,3,social-group,christian
R_SC93jEfM0CTtHJD,110966,2737,3,1.0,Qwen3-8B,3,random,random
R_SC93jEfM0CTtHJD,110989,2738,1,0.0,Qwen3-8B,3,moral,care
R_1FfhislcBleZwMJ,4928,83,1,0.0,Qwen3-8B,5,random,random
R_1FfhislcBleZwMJ,17664,278,1,0.0,Qwen3-8B,2,random,random
R_1FfhislcBleZwMJ,31406,501,0,0.0,Qwen3-8B,1,random,random
R_1FfhislcBleZwMJ,35563,568,0,0.0,Qwen3-8B,4,random,random
R_1FfhislcBleZwMJ,35856,573,0,0.0,Qwen3-8B,1,random,random
R_1FfhislcBleZwMJ,53346,840,1,0.0,Qwen3-8B,3,random,random
R_1FfhislcBleZwMJ,56577,892,0,0.0,Qwen3-8B,1,random,random
R_1FfhislcBleZwMJ,70189,1116,1,0.0,Qwen3-8B,3,random,random
R_1FfhislcBleZwMJ,70784,1127,0,0.0,Qwen3-8B,5,random,random
R_1FfhislcBleZwMJ,74517,1243,2,1.0,Qwen3-8B,1,moral,purity
R_1FfhislcBleZwMJ,74517,1243,2,1.0,Qwen3-8B,1,moral,loyalty
R_1FfhislcBleZwMJ,74517,1243,2,1.0,Qwen3-8B,1,moral,purity
R_1FfhislcBleZwMJ,74517,1243,2,1.0,Qwen3-8B,1,moral,loyalty
R_1FfhislcBleZwMJ,86788,1739,0,0.0,Qwen3-8B,1,moral,care
R_1FfhislcBleZwMJ,110464,2715,2,1.0,Qwen3-8B,5,social-group,muslim
R_1FfhislcBleZwMJ,110487,2716,3,1.0,Qwen3-8B,3,social-group,transgender
R_1FfhislcBleZwMJ,110510,2717,2,1.0,Qwen3-8B,1,moral,loyalty
R_1FfhislcBleZwMJ,110533,2718,1,0.0,Qwen3-8B,1,random,random
R_1FfhislcBleZwMJ,110556,2719,2,1.0,Qwen3-8B,3,social-group,muslim
R_1FfhislcBleZwMJ,110579,2720,2,1.0,Qwen3-8B,1,random,random
R_1FfhislcBleZwMJ,110602,2721,0,0.0,Qwen3-8B,1,random,random
R_1FfhislcBleZwMJ,110625,2722,1,0.0,Qwen3-8B,3,social-group,transgender
R_1FfhislcBleZwMJ,110648,2723,2,1.0,Qwen3-8B,3,social-group,transgender
R_1FfhislcBleZwMJ,110671,2724,0,0.0,Qwen3-8B,2,random,random
R_1FfhislcBleZwMJ,110694,2725,1,0.0,Qwen3-8B,1,moral,purity
R_1FfhislcBleZwMJ,110717,2726,1,0.0,Qwen3-8B,2,random,random
R_1FfhislcBleZwMJ,110740,2727,0,0.0,Qwen3-8B,5,social-group,jewish
R_1FfhislcBleZwMJ,110763,2728,1,0.0,Qwen3-8B,4,social-group,muslim
R_1FfhislcBleZwMJ,110786,2729,0,0.0,Qwen3-8B,2,social-group,christian
R_1FfhislcBleZwMJ,110809,2730,0,0.0,Qwen3-8B,2,social-group,transgender
R_1FfhislcBleZwMJ,110832,2731,0,0.0,Qwen3-8B,2,random,random
R_1FfhislcBleZwMJ,110855,2732,0,0.0,Qwen3-8B,1,moral,fairness
R_1FfhislcBleZwMJ,110878,2733,1,0.0,Qwen3-8B,5,social-group,christian
R_1FfhislcBleZwMJ,110901,2734,0,0.0,Qwen3-8B,2,moral,fairness
R_1FfhislcBleZwMJ,110924,2735,1,0.0,Qwen3-8B,2,moral,authority
R_1FfhislcBleZwMJ,110947,2736,1,0.0,Qwen3-8B,3,social-group,christian
R_1FfhislcBleZwMJ,110970,2737,1,0.0,Qwen3-8B,3,random,random
R_1FfhislcBleZwMJ,110993,2738,0,0.0,Qwen3-8B,3,moral,care
R_12y8xRBMiNzKElY,4945,83,0,0.0,Qwen3-8B,5,random,random
R_12y8xRBMiNzKElY,17676,278,0,0.0,Qwen3-8B,2,random,random
R_12y8xRBMiNzKElY,31422,501,0,0.0,Qwen3-8B,1,random,random
R_12y8xRBMiNzKElY,35579,568,0,0.0,Qwen3-8B,4,random,random
R_12y8xRBMiNzKElY,35872,573,0,0.0,Qwen3-8B,1,random,random
R_12y8xRBMiNzKElY,53364,840,0,0.0,Qwen3-8B,3,random,random
R_12y8xRBMiNzKElY,56595,892,0,0.0,Qwen3-8B,1,random,random
R_12y8xRBMiNzKElY,70200,1116,0,0.0,Qwen3-8B,3,random,random
R_12y8xRBMiNzKElY,70796,1127,0,0.0,Qwen3-8B,5,random,random
R_12y8xRBMiNzKElY,74567,1243,0,0.0,Qwen3-8B,1,moral,purity
R_12y8xRBMiNzKElY,74567,1243,0,0.0,Qwen3-8B,1,moral,loyalty
R_12y8xRBMiNzKElY,74567,1243,0,0.0,Qwen3-8B,1,moral,purity
R_12y8xRBMiNzKElY,74567,1243,0,0.0,Qwen3-8B,1,moral,loyalty
R_12y8xRBMiNzKElY,86793,1739,0,0.0,Qwen3-8B,1,moral,care
R_12y8xRBMiNzKElY,110469,2715,0,0.0,Qwen3-8B,5,social-group,muslim
R_12y8xRBMiNzKElY,110492,2716,0,0.0,Qwen3-8B,3,social-group,transgender
R_12y8xRBMiNzKElY,110515,2717,0,0.0,Qwen3-8B,1,moral,loyalty
R_12y8xRBMiNzKElY,110538,2718,0,0.0,Qwen3-8B,1,random,random
R_12y8xRBMiNzKElY,110561,2719,0,0.0,Qwen3-8B,3,social-group,muslim
R_12y8xRBMiNzKElY,110584,2720,0,0.0,Qwen3-8B,1,random,random
R_12y8xRBMiNzKElY,110607,2721,0,0.0,Qwen3-8B,1,random,random
R_12y8xRBMiNzKElY,110630,2722,0,0.0,Qwen3-8B,3,social-group,transgender
R_12y8xRBMiNzKElY,110653,2723,0,0.0,Qwen3-8B,3,social-group,transgender
R_12y8xRBMiNzKElY,110676,2724,0,0.0,Qwen3-8B,2,random,random
R_12y8xRBMiNzKElY,110699,2725,0,0.0,Qwen3-8B,1,moral,purity
R_12y8xRBMiNzKElY,110722,2726,0,0.0,Qwen3-8B,2,random,random
R_12y8xRBMiNzKElY,110745,2727,0,0.0,Qwen3-8B,5,social-group,jewish
R_12y8xRBMiNzKElY,110768,2728,0,0.0,Qwen3-8B,4,social-group,muslim
R_12y8xRBMiNzKElY,110791,2729,0,0.0,Qwen3-8B,2,social-group,christian
R_12y8xRBMiNzKElY,110814,2730,0,0.0,Qwen3-8B,2,social-group,transgender
R_12y8xRBMiNzKElY,110837,2731,0,0.0,Qwen3-8B,2,random,random
R_12y8xRBMiNzKElY,110860,2732,0,0.0,Qwen3-8B,1,moral,fairness
R_12y8xRBMiNzKElY,110883,2733,0,0.0,Qwen3-8B,5,social-group,christian
R_12y8xRBMiNzKElY,110906,2734,0,0.0,Qwen3-8B,2,moral,fairness
R_12y8xRBMiNzKElY,110929,2735,0,0.0,Qwen3-8B,2,moral,authority
R_12y8xRBMiNzKElY,110952,2736,0,0.0,Qwen3-8B,3,social-group,christian
R_12y8xRBMiNzKElY,110975,2737,0,0.0,Qwen3-8B,3,random,random
R_12y8xRBMiNzKElY,110998,2738,0,0.0,Qwen3-8B,3,moral,care
R_e5oIn3cHYcHofdL,5045,85,1,0.0,Qwen3-8B,4,random,random
R_e5oIn3cHYcHofdL,9317,151,0,0.0,Qwen3-8B,3,random,random
R_e5oIn3cHYcHofdL,10291,166,0,0.0,Qwen3-8B,2,random,random
R_e5oIn3cHYcHofdL,15816,248,4,1.0,Qwen3-8B,3,random,random
R_e5oIn3cHYcHofdL,17533,276,2,1.0,Qwen3-8B,2,random,random
R_e5oIn3cHYcHofdL,28107,449,0,0.0,Qwen3-8B,1,random,random
R_e5oIn3cHYcHofdL,34366,548,1,0.0,Qwen3-8B,3,random,random
R_e5oIn3cHYcHofdL,34724,554,3,1.0,Qwen3-8B,3,random,random
R_e5oIn3cHYcHofdL,51269,813,4,1.0,Qwen3-8B,3,random,random
R_e5oIn3cHYcHofdL,55773,881,0,0.0,Qwen3-8B,2,random,random
R_e5oIn3cHYcHofdL,58611,920,1,0.0,Qwen3-8B,3,random,random
R_e5oIn3cHYcHofdL,64044,1014,1,0.0,Qwen3-8B,3,random,random
R_e5oIn3cHYcHofdL,68874,1092,0,0.0,Qwen3-8B,3,random,random
R_e5oIn3cHYcHofdL,87169,1756,2,1.0,Qwen3-8B,5,social-group,jewish
R_e5oIn3cHYcHofdL,87193,1757,2,1.0,Qwen3-8B,3,random,random
R_e5oIn3cHYcHofdL,87217,1758,0,0.0,Qwen3-8B,1,moral,fairness
R_e5oIn3cHYcHofdL,87241,1759,1,0.0,Qwen3-8B,3,social-group,jewish
R_e5oIn3cHYcHofdL,87265,1760,1,0.0,Qwen3-8B,5,social-group,jewish
R_e5oIn3cHYcHofdL,87289,1761,0,0.0,Qwen3-8B,3,random,random
R_e5oIn3cHYcHofdL,87313,1762,4,1.0,Qwen3-8B,5,social-group,christian
R_e5oIn3cHYcHofdL,87337,1763,0,0.0,Qwen3-8B,3,social-group,christian
R_e5oIn3cHYcHofdL,87361,1764,1,0.0,Qwen3-8B,1,random,random
R_e5oIn3cHYcHofdL,87385,1765,1,0.0,Qwen3-8B,3,social-group,christian
R_e5oIn3cHYcHofdL,87409,1766,1,0.0,Qwen3-8B,4,social-group,christian
R_e5oIn3cHYcHofdL,87433,1767,4,1.0,Qwen3-8B,4,social-group,jewish
R_e5oIn3cHYcHofdL,87457,1768,4,1.0,Qwen3-8B,3,social-group,jewish
R_e5oIn3cHYcHofdL,87481,1769,0,0.0,Qwen3-8B,4,social-group,transgender
R_e5oIn3cHYcHofdL,87505,1770,1,0.0,Qwen3-8B,4,random,random
R_e5oIn3cHYcHofdL,87529,1771,1,0.0,Qwen3-8B,1,random,random
R_e5oIn3cHYcHofdL,87574,1772,0,0.0,Qwen3-8B,1,moral,care
R_e5oIn3cHYcHofdL,87574,1772,0,0.0,Qwen3-8B,1,moral,purity
R_e5oIn3cHYcHofdL,87574,1772,0,0.0,Qwen3-8B,1,moral,care
R_e5oIn3cHYcHofdL,87574,1772,0,0.0,Qwen3-8B,1,moral,purity
R_e5oIn3cHYcHofdL,87653,1773,1,0.0,Qwen3-8B,4,moral,care
R_e5oIn3cHYcHofdL,87692,1774,1,0.0,Qwen3-8B,5,social-group,jewish
R_e5oIn3cHYcHofdL,87716,1775,1,0.0,Qwen3-8B,3,social-group,transgender
R_e5oIn3cHYcHofdL,87740,1776,0,0.0,Qwen3-8B,2,social-group,LGB
R_e5oIn3cHYcHofdL,87764,1777,1,0.0,Qwen3-8B,5,social-group,transgender
R_UfnwpA4xbVRikhP,5070,85,0,0.0,Qwen3-8B,4,random,random
R_UfnwpA4xbVRikhP,9342,151,0,0.0,Qwen3-8B,3,random,random
R_UfnwpA4xbVRikhP,10316,166,0,0.0,Qwen3-8B,2,random,random
R_UfnwpA4xbVRikhP,15845,248,0,0.0,Qwen3-8B,3,random,random
R_UfnwpA4xbVRikhP,17555,276,0,0.0,Qwen3-8B,2,random,random
R_UfnwpA4xbVRikhP,28129,449,0,0.0,Qwen3-8B,1,random,random
R_UfnwpA4xbVRikhP,34390,548,0,0.0,Qwen3-8B,3,random,random
R_UfnwpA4xbVRikhP,34748,554,0,0.0,Qwen3-8B,3,random,random
R_UfnwpA4xbVRikhP,51295,813,0,0.0,Qwen3-8B,3,random,random
R_UfnwpA4xbVRikhP,55801,881,0,0.0,Qwen3-8B,2,random,random
R_UfnwpA4xbVRikhP,58633,920,0,0.0,Qwen3-8B,3,random,random
R_UfnwpA4xbVRikhP,64071,1014,0,0.0,Qwen3-8B,3,random,random
R_UfnwpA4xbVRikhP,68891,1092,0,0.0,Qwen3-8B,3,random,random
R_UfnwpA4xbVRikhP,87178,1756,0,0.0,Qwen3-8B,5,social-group,jewish
R_UfnwpA4xbVRikhP,87202,1757,0,0.0,Qwen3-8B,3,random,random
R_UfnwpA4xbVRikhP,87226,1758,0,0.0,Qwen3-8B,1,moral,fairness
R_UfnwpA4xbVRikhP,87250,1759,0,0.0,Qwen3-8B,3,social-group,jewish
R_UfnwpA4xbVRikhP,87274,1760,0,0.0,Qwen3-8B,5,social-group,jewish
R_UfnwpA4xbVRikhP,87298,1761,0,0.0,Qwen3-8B,3,random,random
R_UfnwpA4xbVRikhP,87322,1762,0,0.0,Qwen3-8B,5,social-group,christian
R_UfnwpA4xbVRikhP,87346,1763,0,0.0,Qwen3-8B,3,social-group,christian
R_UfnwpA4xbVRikhP,87370,1764,0,0.0,Qwen3-8B,1,random,random
R_UfnwpA4xbVRikhP,87394,1765,0,0.0,Qwen3-8B,3,social-group,christian
R_UfnwpA4xbVRikhP,87418,1766,0,0.0,Qwen3-8B,4,social-group,christian
R_UfnwpA4xbVRikhP,87442,1767,0,0.0,Qwen3-8B,4,social-group,jewish
R_UfnwpA4xbVRikhP,87466,1768,0,0.0,Qwen3-8B,3,social-group,jewish
R_UfnwpA4xbVRikhP,87490,1769,0,0.0,Qwen3-8B,4,social-group,transgender
R_UfnwpA4xbVRikhP,87514,1770,0,0.0,Qwen3-8B,4,random,random
R_UfnwpA4xbVRikhP,87538,1771,0,0.0,Qwen3-8B,1,random,random
R_UfnwpA4xbVRikhP,87610,1772,0,0.0,Qwen3-8B,1,moral,care
R_UfnwpA4xbVRikhP,87610,1772,0,0.0,Qwen3-8B,1,moral,purity
R_UfnwpA4xbVRikhP,87610,1772,0,0.0,Qwen3-8B,1,moral,care
R_UfnwpA4xbVRikhP,87610,1772,0,0.0,Qwen3-8B,1,moral,purity
R_UfnwpA4xbVRikhP,87669,1773,0,0.0,Qwen3-8B,4,moral,care
R_UfnwpA4xbVRikhP,87701,1774,0,0.0,Qwen3-8B,5,social-group,jewish
R_UfnwpA4xbVRikhP,87725,1775,0,0.0,Qwen3-8B,3,social-group,transgender
R_UfnwpA4xbVRikhP,87749,1776,0,0.0,Qwen3-8B,2,social-group,LGB
R_UfnwpA4xbVRikhP,87773,1777,0,0.0,Qwen3-8B,5,social-group,transgender
R_3JtwxktGEooDiNI,5182,87,3,1.0,Qwen3-8B,5,random,random
R_3JtwxktGEooDiNI,11639,188,0,0.0,Qwen3-8B,5,random,random
R_3JtwxktGEooDiNI,22819,357,2,1.0,Qwen3-8B,3,random,random
R_3JtwxktGEooDiNI,23054,361,0,0.0,Qwen3-8B,1,random,random
R_3JtwxktGEooDiNI,29330,470,3,1.0,Qwen3-8B,3,random,random
R_3JtwxktGEooDiNI,52402,828,0,0.0,Qwen3-8B,1,random,random
R_3JtwxktGEooDiNI,52402,828,0,0.0,Qwen3-8B,1,moral,loyalty
R_3JtwxktGEooDiNI,52402,828,0,0.0,Qwen3-8B,1,random,random
R_3JtwxktGEooDiNI,52402,828,0,0.0,Qwen3-8B,1,moral,loyalty
R_3JtwxktGEooDiNI,54720,863,3,1.0,Qwen3-8B,5,random,random
R_3JtwxktGEooDiNI,55419,875,1,0.0,Qwen3-8B,2,random,random
R_3JtwxktGEooDiNI,116077,2952,3,1.0,Qwen3-8B,3,random,random
R_3JtwxktGEooDiNI,116077,2952,3,1.0,Qwen3-8B,3,moral,care
R_3JtwxktGEooDiNI,116077,2952,3,1.0,Qwen3-8B,3,random,random
R_3JtwxktGEooDiNI,116077,2952,3,1.0,Qwen3-8B,3,moral,care
R_3JtwxktGEooDiNI,128190,3472,1,0.0,Qwen3-8B,1,social-group,christian
R_3JtwxktGEooDiNI,128215,3473,0,0.0,Qwen3-8B,1,moral,purity
R_3JtwxktGEooDiNI,128240,3474,0,0.0,Qwen3-8B,3,social-group,LGB
R_3JtwxktGEooDiNI,128265,3475,4,1.0,Qwen3-8B,4,social-group,christian
R_3JtwxktGEooDiNI,128290,3476,1,0.0,Qwen3-8B,3,social-group,transgender
R_3JtwxktGEooDiNI,128315,3477,3,1.0,Qwen3-8B,4,social-group,christian
R_3JtwxktGEooDiNI,128340,3478,4,1.0,Qwen3-8B,4,random,random
R_3JtwxktGEooDiNI,128365,3479,0,0.0,Qwen3-8B,1,moral,fairness
R_3JtwxktGEooDiNI,128390,3480,0,0.0,Qwen3-8B,1,moral,authority
R_3JtwxktGEooDiNI,128415,3481,4,1.0,Qwen3-8B,5,social-group,transgender
R_3JtwxktGEooDiNI,128440,3482,-1,,Qwen3-8B,1,random,random
R_3JtwxktGEooDiNI,128465,3483,4,1.0,Qwen3-8B,4,social-group,transgender
R_3JtwxktGEooDiNI,128490,3484,0,0.0,Qwen3-8B,4,social-group,LGB
R_3JtwxktGEooDiNI,128515,3485,1,0.0,Qwen3-8B,4,social-group,jewish
R_3JtwxktGEooDiNI,128540,3486,0,0.0,Qwen3-8B,1,moral,loyalty
R_3JtwxktGEooDiNI,128565,3487,4,1.0,Qwen3-8B,2,social-group,muslim
R_3JtwxktGEooDiNI,128590,3488,2,1.0,Qwen3-8B,4,social-group,muslim
R_3JtwxktGEooDiNI,128615,3489,-1,,Qwen3-8B,2,moral,purity
R_3JtwxktGEooDiNI,128640,3490,1,0.0,Qwen3-8B,3,random,random
R_3JtwxktGEooDiNI,128665,3491,0,0.0,Qwen3-8B,1,moral,authority
R_3JtwxktGEooDiNI,128690,3492,4,1.0,Qwen3-8B,5,social-group,muslim
R_3JtwxktGEooDiNI,128715,3493,2,1.0,Qwen3-8B,4,social-group,christian
R_3JtwxktGEooDiNI,128740,3494,0,0.0,Qwen3-8B,1,random,random
R_3JtwxktGEooDiNI,128765,3495,0,0.0,Qwen3-8B,1,moral,fairness
R_3JtwxktGEooDiNI,128790,3496,1,0.0,Qwen3-8B,1,social-group,LGB
R_3JtwxktGEooDiNI,128815,3497,-1,,Qwen3-8B,3,social-group,LGB
R_1KxPW93gQr7eTBV,5451,91,1,0.0,Qwen3-8B,3,random,random
R_1KxPW93gQr7eTBV,18043,284,1,0.0,Qwen3-8B,4,random,random
R_1KxPW93gQr7eTBV,19949,313,1,0.0,Qwen3-8B,3,random,random
R_1KxPW93gQr7eTBV,26268,415,1,0.0,Qwen3-8B,1,random,random
R_1KxPW93gQr7eTBV,61056,964,1,0.0,Qwen3-8B,3,random,random
R_1KxPW93gQr7eTBV,68428,1084,1,0.0,Qwen3-8B,3,random,random
R_1KxPW93gQr7eTBV,70475,1121,0,0.0,Qwen3-8B,1,random,random
R_1KxPW93gQr7eTBV,94142,2038,2,1.0,Qwen3-8B,5,social-group,jewish
R_1KxPW93gQr7eTBV,94167,2039,1,0.0,Qwen3-8B,3,social-group,transgender
R_1KxPW93gQr7eTBV,94192,2040,0,0.0,Qwen3-8B,4,social-group,muslim
R_1KxPW93gQr7eTBV,94217,2041,0,0.0,Qwen3-8B,1,moral,fairness
R_1KxPW93gQr7eTBV,94242,2042,0,0.0,Qwen3-8B,1,random,random
R_1KxPW93gQr7eTBV,94267,2043,3,1.0,Qwen3-8B,5,social-group,jewish
R_1KxPW93gQr7eTBV,94292,2044,1,0.0,Qwen3-8B,4,social-group,LGB
R_1KxPW93gQr7eTBV,94317,2045,0,0.0,Qwen3-8B,2,social-group,LGB
R_1KxPW93gQr7eTBV,94342,2046,1,0.0,Qwen3-8B,1,social-group,LGB
R_1KxPW93gQr7eTBV,94367,2047,0,0.0,Qwen3-8B,5,random,random
R_1KxPW93gQr7eTBV,94392,2048,1,0.0,Qwen3-8B,3,social-group,christian
R_1KxPW93gQr7eTBV,94417,2049,1,0.0,Qwen3-8B,5,social-group,jewish
R_1KxPW93gQr7eTBV,94442,2050,0,0.0,Qwen3-8B,1,moral,loyalty
R_1KxPW93gQr7eTBV,94467,2051,2,1.0,Qwen3-8B,5,social-group,LGB
R_1KxPW93gQr7eTBV,94492,2052,0,0.0,Qwen3-8B,2,moral,authority
R_1KxPW93gQr7eTBV,94517,2053,2,1.0,Qwen3-8B,2,social-group,christian
R_1KxPW93gQr7eTBV,94542,2054,2,1.0,Qwen3-8B,5,social-group,muslim
R_1KxPW93gQr7eTBV,94567,2055,2,1.0,Qwen3-8B,2,social-group,LGB
R_1KxPW93gQr7eTBV,94592,2056,1,0.0,Qwen3-8B,1,social-group,christian
R_1KxPW93gQr7eTBV,94617,2057,1,0.0,Qwen3-8B,3,social-group,muslim
R_1KxPW93gQr7eTBV,94642,2058,0,0.0,Qwen3-8B,1,random,random
R_1KxPW93gQr7eTBV,94667,2059,0,0.0,Qwen3-8B,3,social-group,LGB
R_1KxPW93gQr7eTBV,94692,2060,1,0.0,Qwen3-8B,4,social-group,transgender
R_1KxPW93gQr7eTBV,94717,2061,0,0.0,Qwen3-8B,2,random,random
R_1KxPW93gQr7eTBV,94742,2062,3,1.0,Qwen3-8B,3,social-group,jewish
R_1KxPW93gQr7eTBV,94767,2063,1,0.0,Qwen3-8B,5,social-group,transgender
R_1KxPW93gQr7eTBV,94792,2064,2,1.0,Qwen3-8B,3,random,random
R_1KxPW93gQr7eTBV,94817,2065,0,0.0,Qwen3-8B,5,random,random
R_1cUGnpUq9D8z1T0,5452,91,0,0.0,Qwen3-8B,3,random,random
R_1cUGnpUq9D8z1T0,18044,284,0,0.0,Qwen3-8B,4,random,random
R_1cUGnpUq9D8z1T0,19950,313,0,0.0,Qwen3-8B,3,random,random
R_1cUGnpUq9D8z1T0,26269,415,0,0.0,Qwen3-8B,1,random,random
R_1cUGnpUq9D8z1T0,61057,964,0,0.0,Qwen3-8B,3,random,random
R_1cUGnpUq9D8z1T0,68429,1084,0,0.0,Qwen3-8B,3,random,random
R_1cUGnpUq9D8z1T0,70476,1121,0,0.0,Qwen3-8B,1,random,random
R_1cUGnpUq9D8z1T0,94143,2038,0,0.0,Qwen3-8B,5,social-group,jewish
R_1cUGnpUq9D8z1T0,94168,2039,0,0.0,Qwen3-8B,3,social-group,transgender
R_1cUGnpUq9D8z1T0,94193,2040,0,0.0,Qwen3-8B,4,social-group,muslim
R_1cUGnpUq9D8z1T0,94218,2041,0,0.0,Qwen3-8B,1,moral,fairness
R_1cUGnpUq9D8z1T0,94243,2042,0,0.0,Qwen3-8B,1,random,random
R_1cUGnpUq9D8z1T0,94268,2043,0,0.0,Qwen3-8B,5,social-group,jewish
R_1cUGnpUq9D8z1T0,94293,2044,0,0.0,Qwen3-8B,4,social-group,LGB
R_1cUGnpUq9D8z1T0,94318,2045,0,0.0,Qwen3-8B,2,social-group,LGB
R_1cUGnpUq9D8z1T0,94343,2046,0,0.0,Qwen3-8B,1,social-group,LGB
R_1cUGnpUq9D8z1T0,94368,2047,0,0.0,Qwen3-8B,5,random,random
R_1cUGnpUq9D8z1T0,94393,2048,0,0.0,Qwen3-8B,3,social-group,christian
R_1cUGnpUq9D8z1T0,94418,2049,0,0.0,Qwen3-8B,5,social-group,jewish
R_1cUGnpUq9D8z1T0,94443,2050,0,0.0,Qwen3-8B,1,moral,loyalty
R_1cUGnpUq9D8z1T0,94468,2051,0,0.0,Qwen3-8B,5,social-group,LGB
R_1cUGnpUq9D8z1T0,94493,2052,0,0.0,Qwen3-8B,2,moral,authority
R_1cUGnpUq9D8z1T0,94518,2053,0,0.0,Qwen3-8B,2,social-group,christian
R_1cUGnpUq9D8z1T0,94543,2054,0,0.0,Qwen3-8B,5,social-group,muslim
R_1cUGnpUq9D8z1T0,94568,2055,0,0.0,Qwen3-8B,2,social-group,LGB
R_1cUGnpUq9D8z1T0,94593,2056,0,0.0,Qwen3-8B,1,social-group,christian
R_1cUGnpUq9D8z1T0,94618,2057,0,0.0,Qwen3-8B,3,social-group,muslim
R_1cUGnpUq9D8z1T0,94643,2058,0,0.0,Qwen3-8B,1,random,random
R_1cUGnpUq9D8z1T0,94668,2059,0,0.0,Qwen3-8B,3,social-group,LGB
R_1cUGnpUq9D8z1T0,94693,2060,0,0.0,Qwen3-8B,4,social-group,transgender
R_1cUGnpUq9D8z1T0,94718,2061,0,0.0,Qwen3-8B,2,random,random
R_1cUGnpUq9D8z1T0,94743,2062,0,0.0,Qwen3-8B,3,social-group,jewish
R_1cUGnpUq9D8z1T0,94768,2063,0,0.0,Qwen3-8B,5,social-group,transgender
R_1cUGnpUq9D8z1T0,94793,2064,0,0.0,Qwen3-8B,3,random,random
R_1cUGnpUq9D8z1T0,94818,2065,0,0.0,Qwen3-8B,5,random,random
R_2vekIhUxwaIasCd,5461,91,0,0.0,Qwen3-8B,3,random,random
R_2vekIhUxwaIasCd,18051,284,0,0.0,Qwen3-8B,4,random,random
R_2vekIhUxwaIasCd,19961,313,0,0.0,Qwen3-8B,3,random,random
R_2vekIhUxwaIasCd,26281,415,0,0.0,Qwen3-8B,1,random,random
R_2vekIhUxwaIasCd,61063,964,0,0.0,Qwen3-8B,3,random,random
R_2vekIhUxwaIasCd,68435,1084,0,0.0,Qwen3-8B,3,random,random
R_2vekIhUxwaIasCd,70481,1121,0,0.0,Qwen3-8B,1,random,random
R_2vekIhUxwaIasCd,94145,2038,1,0.0,Qwen3-8B,5,social-group,jewish
R_2vekIhUxwaIasCd,94170,2039,0,0.0,Qwen3-8B,3,social-group,transgender
R_2vekIhUxwaIasCd,94195,2040,0,0.0,Qwen3-8B,4,social-group,muslim
R_2vekIhUxwaIasCd,94220,2041,0,0.0,Qwen3-8B,1,moral,fairness
R_2vekIhUxwaIasCd,94245,2042,0,0.0,Qwen3-8B,1,random,random
R_2vekIhUxwaIasCd,94270,2043,0,0.0,Qwen3-8B,5,social-group,jewish
R_2vekIhUxwaIasCd,94295,2044,0,0.0,Qwen3-8B,4,social-group,LGB
R_2vekIhUxwaIasCd,94320,2045,4,1.0,Qwen3-8B,2,social-group,LGB
R_2vekIhUxwaIasCd,94345,2046,0,0.0,Qwen3-8B,1,social-group,LGB
R_2vekIhUxwaIasCd,94370,2047,0,0.0,Qwen3-8B,5,random,random
R_2vekIhUxwaIasCd,94395,2048,0,0.0,Qwen3-8B,3,social-group,christian
R_2vekIhUxwaIasCd,94420,2049,0,0.0,Qwen3-8B,5,social-group,jewish
R_2vekIhUxwaIasCd,94445,2050,0,0.0,Qwen3-8B,1,moral,loyalty
R_2vekIhUxwaIasCd,94470,2051,0,0.0,Qwen3-8B,5,social-group,LGB
R_2vekIhUxwaIasCd,94495,2052,0,0.0,Qwen3-8B,2,moral,authority
R_2vekIhUxwaIasCd,94520,2053,0,0.0,Qwen3-8B,2,social-group,christian
R_2vekIhUxwaIasCd,94545,2054,0,0.0,Qwen3-8B,5,social-group,muslim
R_2vekIhUxwaIasCd,94570,2055,0,0.0,Qwen3-8B,2,social-group,LGB
R_2vekIhUxwaIasCd,94595,2056,0,0.0,Qwen3-8B,1,social-group,christian
R_2vekIhUxwaIasCd,94620,2057,0,0.0,Qwen3-8B,3,social-group,muslim
R_2vekIhUxwaIasCd,94645,2058,0,0.0,Qwen3-8B,1,random,random
R_2vekIhUxwaIasCd,94670,2059,0,0.0,Qwen3-8B,3,social-group,LGB
R_2vekIhUxwaIasCd,94695,2060,0,0.0,Qwen3-8B,4,social-group,transgender
R_2vekIhUxwaIasCd,94720,2061,0,0.0,Qwen3-8B,2,random,random
R_2vekIhUxwaIasCd,94745,2062,0,0.0,Qwen3-8B,3,social-group,jewish
R_2vekIhUxwaIasCd,94770,2063,0,0.0,Qwen3-8B,5,social-group,transgender
R_2vekIhUxwaIasCd,94795,2064,0,0.0,Qwen3-8B,3,random,random
R_2vekIhUxwaIasCd,94820,2065,0,0.0,Qwen3-8B,5,random,random
R_1LHFDdBNHQ8fMBk,5539,93,4,1.0,Qwen3-8B,3,random,random
R_1LHFDdBNHQ8fMBk,13961,222,4,1.0,Qwen3-8B,5,random,random
R_1LHFDdBNHQ8fMBk,18199,287,4,1.0,Qwen3-8B,5,random,random
R_1LHFDdBNHQ8fMBk,26171,414,0,0.0,Qwen3-8B,1,random,random
R_1LHFDdBNHQ8fMBk,32235,513,4,1.0,Qwen3-8B,2,random,random
R_1LHFDdBNHQ8fMBk,32420,516,4,1.0,Qwen3-8B,4,random,random
R_1LHFDdBNHQ8fMBk,42974,692,3,1.0,Qwen3-8B,2,random,random
R_1LHFDdBNHQ8fMBk,46755,748,4,1.0,Qwen3-8B,2,random,random
R_1LHFDdBNHQ8fMBk,60006,945,2,1.0,Qwen3-8B,3,random,random
R_1LHFDdBNHQ8fMBk,62407,989,0,0.0,Qwen3-8B,2,random,random
R_1LHFDdBNHQ8fMBk,65123,1031,0,0.0,Qwen3-8B,1,random,random
R_1LHFDdBNHQ8fMBk,87552,1772,4,1.0,Qwen3-8B,1,moral,care
R_1LHFDdBNHQ8fMBk,87552,1772,4,1.0,Qwen3-8B,1,moral,purity
R_1LHFDdBNHQ8fMBk,87552,1772,4,1.0,Qwen3-8B,1,moral,care
R_1LHFDdBNHQ8fMBk,87552,1772,4,1.0,Qwen3-8B,1,moral,purity
R_1LHFDdBNHQ8fMBk,143270,4120,4,1.0,Qwen3-8B,3,social-group,jewish
R_1LHFDdBNHQ8fMBk,143292,4121,4,1.0,Qwen3-8B,1,moral,purity
R_1LHFDdBNHQ8fMBk,143314,4122,4,1.0,Qwen3-8B,4,random,random
R_1LHFDdBNHQ8fMBk,143336,4123,4,1.0,Qwen3-8B,5,social-group,muslim
R_1LHFDdBNHQ8fMBk,143358,4124,4,1.0,Qwen3-8B,4,social-group,muslim
R_1LHFDdBNHQ8fMBk,143380,4125,3,1.0,Qwen3-8B,3,social-group,transgender
R_1LHFDdBNHQ8fMBk,143402,4126,3,1.0,Qwen3-8B,4,social-group,LGB
R_1LHFDdBNHQ8fMBk,143424,4127,4,1.0,Qwen3-8B,5,social-group,muslim
R_1LHFDdBNHQ8fMBk,143446,4128,4,1.0,Qwen3-8B,4,social-group,LGB
R_1LHFDdBNHQ8fMBk,143468,4129,0,0.0,Qwen3-8B,3,random,random
R_1LHFDdBNHQ8fMBk,143490,4130,3,1.0,Qwen3-8B,3,social-group,transgender
R_1LHFDdBNHQ8fMBk,143512,4131,4,1.0,Qwen3-8B,3,social-group,muslim
R_1LHFDdBNHQ8fMBk,143534,4132,4,1.0,Qwen3-8B,2,social-group,christian
R_1LHFDdBNHQ8fMBk,143556,4133,0,0.0,Qwen3-8B,1,random,random
R_1LHFDdBNHQ8fMBk,143578,4134,4,1.0,Qwen3-8B,4,social-group,transgender
R_1LHFDdBNHQ8fMBk,143600,4135,2,1.0,Qwen3-8B,3,social-group,transgender
R_1LHFDdBNHQ8fMBk,143622,4136,4,1.0,Qwen3-8B,5,social-group,transgender
R_1LHFDdBNHQ8fMBk,143644,4137,0,0.0,Qwen3-8B,3,social-group,LGB
R_1LHFDdBNHQ8fMBk,143666,4138,4,1.0,Qwen3-8B,1,moral,purity
R_1LHFDdBNHQ8fMBk,143688,4139,0,0.0,Qwen3-8B,2,social-group,transgender
R_1LHFDdBNHQ8fMBk,143710,4140,0,0.0,Qwen3-8B,1,social-group,transgender
R_1LHFDdBNHQ8fMBk,143732,4141,0,0.0,Qwen3-8B,3,social-group,christian
R_1LHFDdBNHQ8fMBk,143754,4142,4,1.0,Qwen3-8B,2,social-group,transgender
R_1HnOaN81URnNeqt,5673,95,1,0.0,Qwen3-8B,3,random,random
R_1HnOaN81URnNeqt,10925,177,0,0.0,Qwen3-8B,4,random,random
R_1HnOaN81URnNeqt,15478,243,1,0.0,Qwen3-8B,5,random,random
R_1HnOaN81URnNeqt,20318,319,0,0.0,Qwen3-8B,2,random,random
R_1HnOaN81URnNeqt,20977,330,1,0.0,Qwen3-8B,2,random,random
R_1HnOaN81URnNeqt,29504,473,0,0.0,Qwen3-8B,1,random,random
R_1HnOaN81URnNeqt,42413,683,0,0.0,Qwen3-8B,3,random,random
R_1HnOaN81URnNeqt,45039,723,0,0.0,Qwen3-8B,2,random,random
R_1HnOaN81URnNeqt,45039,723,0,0.0,Qwen3-8B,2,moral,fairness
R_1HnOaN81URnNeqt,45039,723,0,0.0,Qwen3-8B,2,random,random
R_1HnOaN81URnNeqt,45039,723,0,0.0,Qwen3-8B,2,moral,fairness
R_1HnOaN81URnNeqt,107926,2610,0,0.0,Qwen3-8B,1,moral,fairness
R_1HnOaN81URnNeqt,107949,2611,2,1.0,Qwen3-8B,5,social-group,transgender
R_1HnOaN81URnNeqt,107972,2612,0,0.0,Qwen3-8B,2,social-group,transgender
R_1HnOaN81URnNeqt,107995,2613,1,0.0,Qwen3-8B,1,social-group,christian
R_1HnOaN81URnNeqt,108018,2614,2,1.0,Qwen3-8B,4,social-group,jewish
R_1HnOaN81URnNeqt,108041,2615,3,1.0,Qwen3-8B,5,social-group,christian
R_1HnOaN81URnNeqt,108064,2616,0,0.0,Qwen3-8B,3,random,random
R_1HnOaN81URnNeqt,108087,2617,2,1.0,Qwen3-8B,4,social-group,LGB
R_1HnOaN81URnNeqt,108110,2618,1,0.0,Qwen3-8B,3,social-group,jewish
R_1HnOaN81URnNeqt,108133,2619,0,0.0,Qwen3-8B,1,random,random
R_1HnOaN81URnNeqt,108156,2620,1,0.0,Qwen3-8B,5,social-group,jewish
R_1HnOaN81URnNeqt,108179,2621,0,0.0,Qwen3-8B,3,moral,loyalty
R_1HnOaN81URnNeqt,108202,2622,2,1.0,Qwen3-8B,3,social-group,LGB
R_1HnOaN81URnNeqt,108225,2623,0,0.0,Qwen3-8B,2,random,random
R_1HnOaN81URnNeqt,108248,2624,1,0.0,Qwen3-8B,3,social-group,LGB
R_1HnOaN81URnNeqt,108271,2625,0,0.0,Qwen3-8B,2,moral,fairness
R_1HnOaN81URnNeqt,108294,2626,0,0.0,Qwen3-8B,1,social-group,transgender
R_1HnOaN81URnNeqt,108317,2627,1,0.0,Qwen3-8B,1,social-group,christian
R_1HnOaN81URnNeqt,108340,2628,2,1.0,Qwen3-8B,5,moral,fairness
R_1HnOaN81URnNeqt,108363,2629,1,0.0,Qwen3-8B,4,social-group,transgender
R_1HnOaN81URnNeqt,108386,2630,2,1.0,Qwen3-8B,5,social-group,transgender
R_1HnOaN81URnNeqt,108409,2631,1,0.0,Qwen3-8B,2,social-group,transgender
R_1HnOaN81URnNeqt,108432,2632,2,1.0,Qwen3-8B,5,social-group,jewish
R_1HnOaN81URnNeqt,108455,2633,0,0.0,Qwen3-8B,1,random,random
R_1HnOaN81URnNeqt,108478,2634,2,1.0,Qwen3-8B,5,social-group,jewish
R_1HnOaN81URnNeqt,108501,2635,1,0.0,Qwen3-8B,1,social-group,christian
R_1HnOaN81URnNeqt,108524,2636,1,0.0,Qwen3-8B,2,random,random
R_1CgoorlzhW2l5vl,5678,95,1,0.0,Qwen3-8B,3,random,random
R_1CgoorlzhW2l5vl,10929,177,3,1.0,Qwen3-8B,4,random,random
R_1CgoorlzhW2l5vl,15482,243,3,1.0,Qwen3-8B,5,random,random
R_1CgoorlzhW2l5vl,20323,319,1,0.0,Qwen3-8B,2,random,random
R_1CgoorlzhW2l5vl,20983,330,2,1.0,Qwen3-8B,2,random,random
R_1CgoorlzhW2l5vl,29510,473,2,1.0,Qwen3-8B,1,random,random
R_1CgoorlzhW2l5vl,42417,683,4,1.0,Qwen3-8B,3,random,random
R_1CgoorlzhW2l5vl,45057,723,0,0.0,Qwen3-8B,2,random,random
R_1CgoorlzhW2l5vl,45057,723,0,0.0,Qwen3-8B,2,moral,fairness
R_1CgoorlzhW2l5vl,45057,723,0,0.0,Qwen3-8B,2,random,random
R_1CgoorlzhW2l5vl,45057,723,0,0.0,Qwen3-8B,2,moral,fairness
R_1CgoorlzhW2l5vl,107927,2610,0,0.0,Qwen3-8B,1,moral,fairness
R_1CgoorlzhW2l5vl,107950,2611,4,1.0,Qwen3-8B,5,social-group,transgender
R_1CgoorlzhW2l5vl,107973,2612,2,1.0,Qwen3-8B,2,social-group,transgender
R_1CgoorlzhW2l5vl,107996,2613,4,1.0,Qwen3-8B,1,social-group,christian
R_1CgoorlzhW2l5vl,108019,2614,3,1.0,Qwen3-8B,4,social-group,jewish
R_1CgoorlzhW2l5vl,108042,2615,1,0.0,Qwen3-8B,5,social-group,christian
R_1CgoorlzhW2l5vl,108065,2616,0,0.0,Qwen3-8B,3,random,random
R_1CgoorlzhW2l5vl,108088,2617,2,1.0,Qwen3-8B,4,social-group,LGB
R_1CgoorlzhW2l5vl,108111,2618,4,1.0,Qwen3-8B,3,social-group,jewish
R_1CgoorlzhW2l5vl,108134,2619,1,0.0,Qwen3-8B,1,random,random
R_1CgoorlzhW2l5vl,108157,2620,4,1.0,Qwen3-8B,5,social-group,jewish
R_1CgoorlzhW2l5vl,108180,2621,2,1.0,Qwen3-8B,3,moral,loyalty
R_1CgoorlzhW2l5vl,108203,2622,3,1.0,Qwen3-8B,3,social-group,LGB
R_1CgoorlzhW2l5vl,108226,2623,1,0.0,Qwen3-8B,2,random,random
R_1CgoorlzhW2l5vl,108249,2624,4,1.0,Qwen3-8B,3,social-group,LGB
R_1CgoorlzhW2l5vl,108272,2625,3,1.0,Qwen3-8B,2,moral,fairness
R_1CgoorlzhW2l5vl,108295,2626,2,1.0,Qwen3-8B,1,social-group,transgender
R_1CgoorlzhW2l5vl,108318,2627,4,1.0,Qwen3-8B,1,social-group,christian
R_1CgoorlzhW2l5vl,108341,2628,3,1.0,Qwen3-8B,5,moral,fairness
R_1CgoorlzhW2l5vl,108364,2629,2,1.0,Qwen3-8B,4,social-group,transgender
R_1CgoorlzhW2l5vl,108387,2630,4,1.0,Qwen3-8B,5,social-group,transgender
R_1CgoorlzhW2l5vl,108410,2631,4,1.0,Qwen3-8B,2,social-group,transgender
R_1CgoorlzhW2l5vl,108433,2632,4,1.0,Qwen3-8B,5,social-group,jewish
R_1CgoorlzhW2l5vl,108456,2633,1,0.0,Qwen3-8B,1,random,random
R_1CgoorlzhW2l5vl,108479,2634,4,1.0,Qwen3-8B,5,social-group,jewish
R_1CgoorlzhW2l5vl,108502,2635,3,1.0,Qwen3-8B,1,social-group,christian
R_1CgoorlzhW2l5vl,108525,2636,1,0.0,Qwen3-8B,2,random,random
R_3fTaivWBHJF7lbc,5703,95,0,0.0,Qwen3-8B,3,random,random
R_3fTaivWBHJF7lbc,10954,177,0,0.0,Qwen3-8B,4,random,random
R_3fTaivWBHJF7lbc,15510,243,0,0.0,Qwen3-8B,5,random,random
R_3fTaivWBHJF7lbc,20346,319,0,0.0,Qwen3-8B,2,random,random
R_3fTaivWBHJF7lbc,21003,330,0,0.0,Qwen3-8B,2,random,random
R_3fTaivWBHJF7lbc,29537,473,0,0.0,Qwen3-8B,1,random,random
R_3fTaivWBHJF7lbc,42442,683,0,0.0,Qwen3-8B,3,random,random
R_3fTaivWBHJF7lbc,45123,723,0,0.0,Qwen3-8B,2,random,random
R_3fTaivWBHJF7lbc,45123,723,0,0.0,Qwen3-8B,2,moral,fairness
R_3fTaivWBHJF7lbc,45123,723,0,0.0,Qwen3-8B,2,random,random
R_3fTaivWBHJF7lbc,45123,723,0,0.0,Qwen3-8B,2,moral,fairness
R_3fTaivWBHJF7lbc,107936,2610,0,0.0,Qwen3-8B,1,moral,fairness
R_3fTaivWBHJF7lbc,107959,2611,0,0.0,Qwen3-8B,5,social-group,transgender
R_3fTaivWBHJF7lbc,107982,2612,0,0.0,Qwen3-8B,2,social-group,transgender
R_3fTaivWBHJF7lbc,108005,2613,0,0.0,Qwen3-8B,1,social-group,christian
R_3fTaivWBHJF7lbc,108028,2614,0,0.0,Qwen3-8B,4,social-group,jewish
R_3fTaivWBHJF7lbc,108051,2615,0,0.0,Qwen3-8B,5,social-group,christian
R_3fTaivWBHJF7lbc,108074,2616,0,0.0,Qwen3-8B,3,random,random
R_3fTaivWBHJF7lbc,108097,2617,0,0.0,Qwen3-8B,4,social-group,LGB
R_3fTaivWBHJF7lbc,108120,2618,0,0.0,Qwen3-8B,3,social-group,jewish
R_3fTaivWBHJF7lbc,108143,2619,0,0.0,Qwen3-8B,1,random,random
R_3fTaivWBHJF7lbc,108166,2620,0,0.0,Qwen3-8B,5,social-group,jewish
R_3fTaivWBHJF7lbc,108189,2621,0,0.0,Qwen3-8B,3,moral,loyalty
R_3fTaivWBHJF7lbc,108212,2622,0,0.0,Qwen3-8B,3,social-group,LGB
R_3fTaivWBHJF7lbc,108235,2623,0,0.0,Qwen3-8B,2,random,random
R_3fTaivWBHJF7lbc,108258,2624,0,0.0,Qwen3-8B,3,social-group,LGB
R_3fTaivWBHJF7lbc,108281,2625,0,0.0,Qwen3-8B,2,moral,fairness
R_3fTaivWBHJF7lbc,108304,2626,0,0.0,Qwen3-8B,1,social-group,transgender
R_3fTaivWBHJF7lbc,108327,2627,0,0.0,Qwen3-8B,1,social-group,christian
R_3fTaivWBHJF7lbc,108350,2628,0,0.0,Qwen3-8B,5,moral,fairness
R_3fTaivWBHJF7lbc,108373,2629,0,0.0,Qwen3-8B,4,social-group,transgender
R_3fTaivWBHJF7lbc,108396,2630,0,0.0,Qwen3-8B,5,social-group,transgender
R_3fTaivWBHJF7lbc,108419,2631,0,0.0,Qwen3-8B,2,social-group,transgender
R_3fTaivWBHJF7lbc,108442,2632,0,0.0,Qwen3-8B,5,social-group,jewish
R_3fTaivWBHJF7lbc,108465,2633,0,0.0,Qwen3-8B,1,random,random
R_3fTaivWBHJF7lbc,108488,2634,0,0.0,Qwen3-8B,5,social-group,jewish
R_3fTaivWBHJF7lbc,108511,2635,0,0.0,Qwen3-8B,1,social-group,christian
R_3fTaivWBHJF7lbc,108534,2636,0,0.0,Qwen3-8B,2,random,random
R_Uge5u18yMoxHORH,5726,96,0,0.0,Qwen3-8B,2,random,random
R_Uge5u18yMoxHORH,9419,153,0,0.0,Qwen3-8B,2,random,random
R_Uge5u18yMoxHORH,19450,306,0,0.0,Qwen3-8B,1,random,random
R_Uge5u18yMoxHORH,29046,466,1,0.0,Qwen3-8B,3,random,random
R_Uge5u18yMoxHORH,33578,535,0,0.0,Qwen3-8B,2,random,random
R_Uge5u18yMoxHORH,44394,713,0,0.0,Qwen3-8B,3,random,random
R_Uge5u18yMoxHORH,50531,803,0,0.0,Qwen3-8B,2,random,random
R_Uge5u18yMoxHORH,52220,828,0,0.0,Qwen3-8B,1,random,random
R_Uge5u18yMoxHORH,52220,828,0,0.0,Qwen3-8B,1,moral,loyalty
R_Uge5u18yMoxHORH,52220,828,0,0.0,Qwen3-8B,1,random,random
R_Uge5u18yMoxHORH,52220,828,0,0.0,Qwen3-8B,1,moral,loyalty
R_Uge5u18yMoxHORH,72450,1160,4,1.0,Qwen3-8B,3,social-group,LGB
R_Uge5u18yMoxHORH,72474,1161,4,1.0,Qwen3-8B,4,social-group,muslim
R_Uge5u18yMoxHORH,72498,1162,4,1.0,Qwen3-8B,2,social-group,LGB
R_Uge5u18yMoxHORH,72522,1163,0,0.0,Qwen3-8B,2,moral,purity
R_Uge5u18yMoxHORH,72546,1164,2,1.0,Qwen3-8B,5,social-group,jewish
R_Uge5u18yMoxHORH,72570,1165,4,1.0,Qwen3-8B,2,social-group,LGB
R_Uge5u18yMoxHORH,72594,1166,4,1.0,Qwen3-8B,4,social-group,jewish
R_Uge5u18yMoxHORH,72618,1167,4,1.0,Qwen3-8B,5,social-group,jewish
R_Uge5u18yMoxHORH,72642,1168,4,1.0,Qwen3-8B,4,social-group,muslim
R_Uge5u18yMoxHORH,72666,1169,0,0.0,Qwen3-8B,1,moral,purity
R_Uge5u18yMoxHORH,72690,1170,0,0.0,Qwen3-8B,3,social-group,muslim
R_Uge5u18yMoxHORH,72714,1171,2,1.0,Qwen3-8B,3,social-group,muslim
R_Uge5u18yMoxHORH,72738,1172,-1,,Qwen3-8B,5,social-group,jewish
R_Uge5u18yMoxHORH,72762,1173,4,1.0,Qwen3-8B,5,social-group,muslim
R_Uge5u18yMoxHORH,72786,1174,0,0.0,Qwen3-8B,1,random,random
R_Uge5u18yMoxHORH,72810,1175,4,1.0,Qwen3-8B,1,social-group,transgender
R_Uge5u18yMoxHORH,72834,1176,3,1.0,Qwen3-8B,3,social-group,christian
R_Uge5u18yMoxHORH,72858,1177,3,1.0,Qwen3-8B,5,social-group,transgender
R_Uge5u18yMoxHORH,72882,1178,4,1.0,Qwen3-8B,2,random,random
R_Uge5u18yMoxHORH,72906,1179,2,1.0,Qwen3-8B,2,random,random
R_Uge5u18yMoxHORH,72930,1180,4,1.0,Qwen3-8B,4,random,random
R_Uge5u18yMoxHORH,72954,1181,4,1.0,Qwen3-8B,5,social-group,jewish
R_Uge5u18yMoxHORH,72978,1182,1,0.0,Qwen3-8B,5,social-group,jewish
R_Uge5u18yMoxHORH,73002,1183,0,0.0,Qwen3-8B,1,random,random
R_Uge5u18yMoxHORH,73026,1184,0,0.0,Qwen3-8B,5,social-group,LGB
R_Uge5u18yMoxHORH,73050,1185,0,0.0,Qwen3-8B,3,social-group,transgender
R_Uge5u18yMoxHORH,73074,1186,4,1.0,Qwen3-8B,4,social-group,muslim
R_1mrNHwhmElCGzZa,5727,96,0,0.0,Qwen3-8B,2,random,random
R_1mrNHwhmElCGzZa,9420,153,0,0.0,Qwen3-8B,2,random,random
R_1mrNHwhmElCGzZa,19451,306,0,0.0,Qwen3-8B,1,random,random
R_1mrNHwhmElCGzZa,29047,466,3,1.0,Qwen3-8B,3,random,random
R_1mrNHwhmElCGzZa,33579,535,0,0.0,Qwen3-8B,2,random,random
R_1mrNHwhmElCGzZa,44395,713,0,0.0,Qwen3-8B,3,random,random
R_1mrNHwhmElCGzZa,50532,803,4,1.0,Qwen3-8B,2,random,random
R_1mrNHwhmElCGzZa,52254,828,0,0.0,Qwen3-8B,1,random,random
R_1mrNHwhmElCGzZa,52254,828,0,0.0,Qwen3-8B,1,moral,loyalty
R_1mrNHwhmElCGzZa,52254,828,0,0.0,Qwen3-8B,1,random,random
R_1mrNHwhmElCGzZa,52254,828,0,0.0,Qwen3-8B,1,moral,loyalty
R_1mrNHwhmElCGzZa,72451,1160,4,1.0,Qwen3-8B,3,social-group,LGB
R_1mrNHwhmElCGzZa,72475,1161,4,1.0,Qwen3-8B,4,social-group,muslim
R_1mrNHwhmElCGzZa,72499,1162,4,1.0,Qwen3-8B,2,social-group,LGB
R_1mrNHwhmElCGzZa,72523,1163,2,1.0,Qwen3-8B,2,moral,purity
R_1mrNHwhmElCGzZa,72547,1164,4,1.0,Qwen3-8B,5,social-group,jewish
R_1mrNHwhmElCGzZa,72571,1165,4,1.0,Qwen3-8B,2,social-group,LGB
R_1mrNHwhmElCGzZa,72595,1166,4,1.0,Qwen3-8B,4,social-group,jewish
R_1mrNHwhmElCGzZa,72619,1167,4,1.0,Qwen3-8B,5,social-group,jewish
R_1mrNHwhmElCGzZa,72643,1168,4,1.0,Qwen3-8B,4,social-group,muslim
R_1mrNHwhmElCGzZa,72667,1169,0,0.0,Qwen3-8B,1,moral,purity
R_1mrNHwhmElCGzZa,72691,1170,3,1.0,Qwen3-8B,3,social-group,muslim
R_1mrNHwhmElCGzZa,72715,1171,4,1.0,Qwen3-8B,3,social-group,muslim
R_1mrNHwhmElCGzZa,72739,1172,4,1.0,Qwen3-8B,5,social-group,jewish
R_1mrNHwhmElCGzZa,72763,1173,4,1.0,Qwen3-8B,5,social-group,muslim
R_1mrNHwhmElCGzZa,72787,1174,0,0.0,Qwen3-8B,1,random,random
R_1mrNHwhmElCGzZa,72811,1175,4,1.0,Qwen3-8B,1,social-group,transgender
R_1mrNHwhmElCGzZa,72835,1176,4,1.0,Qwen3-8B,3,social-group,christian
R_1mrNHwhmElCGzZa,72859,1177,4,1.0,Qwen3-8B,5,social-group,transgender
R_1mrNHwhmElCGzZa,72883,1178,0,0.0,Qwen3-8B,2,random,random
R_1mrNHwhmElCGzZa,72907,1179,0,0.0,Qwen3-8B,2,random,random
R_1mrNHwhmElCGzZa,72931,1180,4,1.0,Qwen3-8B,4,random,random
R_1mrNHwhmElCGzZa,72955,1181,4,1.0,Qwen3-8B,5,social-group,jewish
R_1mrNHwhmElCGzZa,72979,1182,3,1.0,Qwen3-8B,5,social-group,jewish
R_1mrNHwhmElCGzZa,73003,1183,0,0.0,Qwen3-8B,1,random,random
R_1mrNHwhmElCGzZa,73027,1184,4,1.0,Qwen3-8B,5,social-group,LGB
R_1mrNHwhmElCGzZa,73051,1185,0,0.0,Qwen3-8B,3,social-group,transgender
R_1mrNHwhmElCGzZa,73075,1186,4,1.0,Qwen3-8B,4,social-group,muslim
R_2TLV08niNsG7J8p,5750,96,1,0.0,Qwen3-8B,2,random,random
R_2TLV08niNsG7J8p,9445,153,0,0.0,Qwen3-8B,2,random,random
R_2TLV08niNsG7J8p,19476,306,4,1.0,Qwen3-8B,1,random,random
R_2TLV08niNsG7J8p,29075,466,1,0.0,Qwen3-8B,3,random,random
R_2TLV08niNsG7J8p,33602,535,0,0.0,Qwen3-8B,2,random,random
R_2TLV08niNsG7J8p,44421,713,4,1.0,Qwen3-8B,3,random,random
R_2TLV08niNsG7J8p,50557,803,0,0.0,Qwen3-8B,2,random,random
R_2TLV08niNsG7J8p,52396,828,3,1.0,Qwen3-8B,1,random,random
R_2TLV08niNsG7J8p,52396,828,3,1.0,Qwen3-8B,1,moral,loyalty
R_2TLV08niNsG7J8p,52396,828,3,1.0,Qwen3-8B,1,random,random
R_2TLV08niNsG7J8p,52396,828,3,1.0,Qwen3-8B,1,moral,loyalty
R_2TLV08niNsG7J8p,72461,1160,2,1.0,Qwen3-8B,3,social-group,LGB
R_2TLV08niNsG7J8p,72485,1161,1,0.0,Qwen3-8B,4,social-group,muslim
R_2TLV08niNsG7J8p,72509,1162,1,0.0,Qwen3-8B,2,social-group,LGB
R_2TLV08niNsG7J8p,72533,1163,1,0.0,Qwen3-8B,2,moral,purity
R_2TLV08niNsG7J8p,72557,1164,3,1.0,Qwen3-8B,5,social-group,jewish
R_2TLV08niNsG7J8p,72581,1165,4,1.0,Qwen3-8B,2,social-group,LGB
R_2TLV08niNsG7J8p,72605,1166,2,1.0,Qwen3-8B,4,social-group,jewish
R_2TLV08niNsG7J8p,72629,1167,4,1.0,Qwen3-8B,5,social-group,jewish
R_2TLV08niNsG7J8p,72653,1168,4,1.0,Qwen3-8B,4,social-group,muslim
R_2TLV08niNsG7J8p,72677,1169,4,1.0,Qwen3-8B,1,moral,purity
R_2TLV08niNsG7J8p,72701,1170,4,1.0,Qwen3-8B,3,social-group,muslim
R_2TLV08niNsG7J8p,72725,1171,4,1.0,Qwen3-8B,3,social-group,muslim
R_2TLV08niNsG7J8p,72749,1172,4,1.0,Qwen3-8B,5,social-group,jewish
R_2TLV08niNsG7J8p,72773,1173,4,1.0,Qwen3-8B,5,social-group,muslim
R_2TLV08niNsG7J8p,72797,1174,0,0.0,Qwen3-8B,1,random,random
R_2TLV08niNsG7J8p,72821,1175,4,1.0,Qwen3-8B,1,social-group,transgender
R_2TLV08niNsG7J8p,72845,1176,4,1.0,Qwen3-8B,3,social-group,christian
R_2TLV08niNsG7J8p,72869,1177,1,0.0,Qwen3-8B,5,social-group,transgender
R_2TLV08niNsG7J8p,72893,1178,3,1.0,Qwen3-8B,2,random,random
R_2TLV08niNsG7J8p,72917,1179,2,1.0,Qwen3-8B,2,random,random
R_2TLV08niNsG7J8p,72941,1180,3,1.0,Qwen3-8B,4,random,random
R_2TLV08niNsG7J8p,72965,1181,0,0.0,Qwen3-8B,5,social-group,jewish
R_2TLV08niNsG7J8p,72989,1182,4,1.0,Qwen3-8B,5,social-group,jewish
R_2TLV08niNsG7J8p,73013,1183,4,1.0,Qwen3-8B,1,random,random
R_2TLV08niNsG7J8p,73037,1184,4,1.0,Qwen3-8B,5,social-group,LGB
R_2TLV08niNsG7J8p,73061,1185,3,1.0,Qwen3-8B,3,social-group,transgender
R_2TLV08niNsG7J8p,73085,1186,4,1.0,Qwen3-8B,4,social-group,muslim
R_1Ns8tYbkQOT9Jxl,5782,96,1,0.0,Qwen3-8B,2,random,random
R_1Ns8tYbkQOT9Jxl,9471,153,0,0.0,Qwen3-8B,2,random,random
R_1Ns8tYbkQOT9Jxl,19508,306,0,0.0,Qwen3-8B,1,random,random
R_1Ns8tYbkQOT9Jxl,29105,466,2,1.0,Qwen3-8B,3,random,random
R_1Ns8tYbkQOT9Jxl,33628,535,1,0.0,Qwen3-8B,2,random,random
R_1Ns8tYbkQOT9Jxl,44452,713,1,0.0,Qwen3-8B,3,random,random
R_1Ns8tYbkQOT9Jxl,50587,803,1,0.0,Qwen3-8B,2,random,random
R_1Ns8tYbkQOT9Jxl,52574,828,0,0.0,Qwen3-8B,1,random,random
R_1Ns8tYbkQOT9Jxl,52574,828,0,0.0,Qwen3-8B,1,moral,loyalty
R_1Ns8tYbkQOT9Jxl,52574,828,0,0.0,Qwen3-8B,1,random,random
R_1Ns8tYbkQOT9Jxl,52574,828,0,0.0,Qwen3-8B,1,moral,loyalty
R_1Ns8tYbkQOT9Jxl,72471,1160,1,0.0,Qwen3-8B,3,social-group,LGB
R_1Ns8tYbkQOT9Jxl,72495,1161,0,0.0,Qwen3-8B,4,social-group,muslim
R_1Ns8tYbkQOT9Jxl,72519,1162,0,0.0,Qwen3-8B,2,social-group,LGB
R_1Ns8tYbkQOT9Jxl,72543,1163,0,0.0,Qwen3-8B,2,moral,purity
R_1Ns8tYbkQOT9Jxl,72567,1164,2,1.0,Qwen3-8B,5,social-group,jewish
R_1Ns8tYbkQOT9Jxl,72591,1165,1,0.0,Qwen3-8B,2,social-group,LGB
R_1Ns8tYbkQOT9Jxl,72615,1166,2,1.0,Qwen3-8B,4,social-group,jewish
R_1Ns8tYbkQOT9Jxl,72639,1167,2,1.0,Qwen3-8B,5,social-group,jewish
R_1Ns8tYbkQOT9Jxl,72663,1168,2,1.0,Qwen3-8B,4,social-group,muslim
R_1Ns8tYbkQOT9Jxl,72687,1169,0,0.0,Qwen3-8B,1,moral,purity
R_1Ns8tYbkQOT9Jxl,72711,1170,-1,,Qwen3-8B,3,social-group,muslim
R_1Ns8tYbkQOT9Jxl,72735,1171,0,0.0,Qwen3-8B,3,social-group,muslim
R_1Ns8tYbkQOT9Jxl,72759,1172,-1,,Qwen3-8B,5,social-group,jewish
R_1Ns8tYbkQOT9Jxl,72783,1173,-1,,Qwen3-8B,5,social-group,muslim
R_1Ns8tYbkQOT9Jxl,72807,1174,0,0.0,Qwen3-8B,1,random,random
R_1Ns8tYbkQOT9Jxl,72831,1175,0,0.0,Qwen3-8B,1,social-group,transgender
R_1Ns8tYbkQOT9Jxl,72855,1176,2,1.0,Qwen3-8B,3,social-group,christian
R_1Ns8tYbkQOT9Jxl,72879,1177,2,1.0,Qwen3-8B,5,social-group,transgender
R_1Ns8tYbkQOT9Jxl,72903,1178,1,0.0,Qwen3-8B,2,random,random
R_1Ns8tYbkQOT9Jxl,72927,1179,1,0.0,Qwen3-8B,2,random,random
R_1Ns8tYbkQOT9Jxl,72951,1180,2,1.0,Qwen3-8B,4,random,random
R_1Ns8tYbkQOT9Jxl,72975,1181,2,1.0,Qwen3-8B,5,social-group,jewish
R_1Ns8tYbkQOT9Jxl,72999,1182,3,1.0,Qwen3-8B,5,social-group,jewish
R_1Ns8tYbkQOT9Jxl,73023,1183,-1,,Qwen3-8B,1,random,random
R_1Ns8tYbkQOT9Jxl,73047,1184,-1,,Qwen3-8B,5,social-group,LGB
R_1Ns8tYbkQOT9Jxl,73071,1185,-1,,Qwen3-8B,3,social-group,transgender
R_1Ns8tYbkQOT9Jxl,73095,1186,2,1.0,Qwen3-8B,4,social-group,muslim
R_2QoAkDDoTpjhF7S,5860,98,0,0.0,Qwen3-8B,3,random,random
R_2QoAkDDoTpjhF7S,12252,197,0,0.0,Qwen3-8B,3,random,random
R_2QoAkDDoTpjhF7S,15142,238,0,0.0,Qwen3-8B,3,random,random
R_2QoAkDDoTpjhF7S,18992,299,0,0.0,Qwen3-8B,2,random,random
R_2QoAkDDoTpjhF7S,34539,551,0,0.0,Qwen3-8B,2,random,random
R_2QoAkDDoTpjhF7S,37613,603,0,0.0,Qwen3-8B,3,random,random
R_2QoAkDDoTpjhF7S,60563,955,0,0.0,Qwen3-8B,4,random,random
R_2QoAkDDoTpjhF7S,95892,2102,0,0.0,Qwen3-8B,1,moral,care
R_2QoAkDDoTpjhF7S,95892,2102,0,0.0,Qwen3-8B,1,moral,loyalty
R_2QoAkDDoTpjhF7S,95892,2102,0,0.0,Qwen3-8B,1,moral,care
R_2QoAkDDoTpjhF7S,95892,2102,0,0.0,Qwen3-8B,1,moral,loyalty
R_2QoAkDDoTpjhF7S,114633,2893,4,1.0,Qwen3-8B,2,social-group,LGB
R_2QoAkDDoTpjhF7S,114656,2894,0,0.0,Qwen3-8B,4,random,random
R_2QoAkDDoTpjhF7S,114679,2895,4,1.0,Qwen3-8B,3,social-group,christian
R_2QoAkDDoTpjhF7S,114702,2896,4,1.0,Qwen3-8B,5,social-group,LGB
R_2QoAkDDoTpjhF7S,114725,2897,4,1.0,Qwen3-8B,3,social-group,jewish
R_2QoAkDDoTpjhF7S,114748,2898,0,0.0,Qwen3-8B,3,social-group,muslim
R_2QoAkDDoTpjhF7S,114771,2899,0,0.0,Qwen3-8B,2,social-group,transgender
R_2QoAkDDoTpjhF7S,114794,2900,4,1.0,Qwen3-8B,4,social-group,muslim
R_2QoAkDDoTpjhF7S,114817,2901,0,0.0,Qwen3-8B,3,social-group,jewish
R_2QoAkDDoTpjhF7S,114840,2902,0,0.0,Qwen3-8B,4,social-group,LGB
R_2QoAkDDoTpjhF7S,114863,2903,4,1.0,Qwen3-8B,3,random,random
R_2QoAkDDoTpjhF7S,114886,2904,4,1.0,Qwen3-8B,2,social-group,LGB
R_2QoAkDDoTpjhF7S,114909,2905,0,0.0,Qwen3-8B,4,social-group,LGB
R_2QoAkDDoTpjhF7S,114932,2906,0,0.0,Qwen3-8B,1,random,random
R_2QoAkDDoTpjhF7S,114955,2907,0,0.0,Qwen3-8B,4,social-group,jewish
R_2QoAkDDoTpjhF7S,114978,2908,4,1.0,Qwen3-8B,5,moral,care
R_2QoAkDDoTpjhF7S,115001,2909,4,1.0,Qwen3-8B,5,social-group,christian
R_2QoAkDDoTpjhF7S,115024,2910,4,1.0,Qwen3-8B,5,social-group,LGB
R_2QoAkDDoTpjhF7S,115047,2911,4,1.0,Qwen3-8B,4,social-group,transgender
R_2QoAkDDoTpjhF7S,115070,2912,0,0.0,Qwen3-8B,4,social-group,muslim
R_2QoAkDDoTpjhF7S,115093,2913,0,0.0,Qwen3-8B,3,social-group,LGB
R_2QoAkDDoTpjhF7S,115116,2914,0,0.0,Qwen3-8B,5,social-group,jewish
R_2QoAkDDoTpjhF7S,115139,2915,0,0.0,Qwen3-8B,2,random,random
R_2QoAkDDoTpjhF7S,115162,2916,4,1.0,Qwen3-8B,5,social-group,jewish
R_2QoAkDDoTpjhF7S,115185,2917,0,0.0,Qwen3-8B,3,moral,loyalty
R_2QoAkDDoTpjhF7S,115208,2918,0,0.0,Qwen3-8B,4,social-group,muslim
R_2QoAkDDoTpjhF7S,115231,2919,0,0.0,Qwen3-8B,4,social-group,jewish
R_3nfuj8E4C0PvesJ,5981,100,0,0.0,Qwen3-8B,3,random,random
R_3nfuj8E4C0PvesJ,7580,125,0,0.0,Qwen3-8B,2,random,random
R_3nfuj8E4C0PvesJ,18333,289,0,0.0,Qwen3-8B,2,random,random
R_3nfuj8E4C0PvesJ,37903,608,0,0.0,Qwen3-8B,4,random,random
R_3nfuj8E4C0PvesJ,38078,611,4,1.0,Qwen3-8B,2,random,random
R_3nfuj8E4C0PvesJ,46061,738,0,0.0,Qwen3-8B,4,random,random
R_3nfuj8E4C0PvesJ,61626,975,0,0.0,Qwen3-8B,3,random,random
R_3nfuj8E4C0PvesJ,62481,990,0,0.0,Qwen3-8B,1,random,random
R_3nfuj8E4C0PvesJ,62481,990,0,0.0,Qwen3-8B,1,moral,fairness
R_3nfuj8E4C0PvesJ,62481,990,0,0.0,Qwen3-8B,1,random,random
R_3nfuj8E4C0PvesJ,62481,990,0,0.0,Qwen3-8B,1,moral,fairness
R_3nfuj8E4C0PvesJ,63913,1012,0,0.0,Qwen3-8B,4,random,random
R_3nfuj8E4C0PvesJ,69453,1103,0,0.0,Qwen3-8B,2,random,random
R_3nfuj8E4C0PvesJ,141404,4043,2,1.0,Qwen3-8B,5,social-group,transgender
R_3nfuj8E4C0PvesJ,141426,4044,0,0.0,Qwen3-8B,1,social-group,muslim
R_3nfuj8E4C0PvesJ,141454,4045,0,0.0,Qwen3-8B,1,moral,care
R_3nfuj8E4C0PvesJ,141454,4045,0,0.0,Qwen3-8B,1,moral,purity
R_3nfuj8E4C0PvesJ,141454,4045,0,0.0,Qwen3-8B,1,moral,care
R_3nfuj8E4C0PvesJ,141454,4045,0,0.0,Qwen3-8B,1,moral,purity
R_3nfuj8E4C0PvesJ,141538,4046,2,1.0,Qwen3-8B,4,social-group,transgender
R_3nfuj8E4C0PvesJ,141560,4047,4,1.0,Qwen3-8B,5,random,random
R_3nfuj8E4C0PvesJ,141582,4048,2,1.0,Qwen3-8B,4,moral,authority
R_3nfuj8E4C0PvesJ,141604,4049,4,1.0,Qwen3-8B,4,social-group,transgender
R_3nfuj8E4C0PvesJ,141626,4050,0,0.0,Qwen3-8B,1,social-group,muslim
R_3nfuj8E4C0PvesJ,141648,4051,0,0.0,Qwen3-8B,2,social-group,christian
R_3nfuj8E4C0PvesJ,141670,4052,0,0.0,Qwen3-8B,3,social-group,muslim
R_3nfuj8E4C0PvesJ,141692,4053,0,0.0,Qwen3-8B,4,random,random
R_3nfuj8E4C0PvesJ,141714,4054,0,0.0,Qwen3-8B,2,social-group,LGB
R_3nfuj8E4C0PvesJ,141736,4055,0,0.0,Qwen3-8B,3,social-group,transgender
R_3nfuj8E4C0PvesJ,141758,4056,0,0.0,Qwen3-8B,5,social-group,jewish
R_3nfuj8E4C0PvesJ,141780,4057,4,1.0,Qwen3-8B,5,social-group,muslim
R_3nfuj8E4C0PvesJ,141802,4058,4,1.0,Qwen3-8B,5,social-group,transgender
R_3nfuj8E4C0PvesJ,141824,4059,0,0.0,Qwen3-8B,1,random,random
R_3nfuj8E4C0PvesJ,141846,4060,4,1.0,Qwen3-8B,4,social-group,christian
R_3nfuj8E4C0PvesJ,141868,4061,0,0.0,Qwen3-8B,1,social-group,jewish
R_3nfuj8E4C0PvesJ,141890,4062,0,0.0,Qwen3-8B,1,random,random
R_3nfuj8E4C0PvesJ,141912,4063,0,0.0,Qwen3-8B,2,social-group,jewish
R_3nfuj8E4C0PvesJ,141934,4064,0,0.0,Qwen3-8B,5,social-group,transgender
R_3nfuj8E4C0PvesJ,141956,4065,0,0.0,Qwen3-8B,4,social-group,LGB
R_3nfuj8E4C0PvesJ,141978,4066,0,0.0,Qwen3-8B,4,random,random
R_3nfuj8E4C0PvesJ,142000,4067,0,0.0,Qwen3-8B,3,moral,authority
R_z0AkIzNIztr9jfb,6201,103,1,0.0,Qwen3-8B,4,random,random
R_z0AkIzNIztr9jfb,12704,203,1,0.0,Qwen3-8B,3,random,random
R_z0AkIzNIztr9jfb,20407,320,0,0.0,Qwen3-8B,1,random,random
R_z0AkIzNIztr9jfb,25044,395,1,0.0,Qwen3-8B,1,random,random
R_z0AkIzNIztr9jfb,28021,447,2,1.0,Qwen3-8B,1,random,random
R_z0AkIzNIztr9jfb,33376,531,0,0.0,Qwen3-8B,3,random,random
R_z0AkIzNIztr9jfb,33976,541,3,1.0,Qwen3-8B,5,random,random
R_z0AkIzNIztr9jfb,47083,752,0,0.0,Qwen3-8B,3,random,random
R_z0AkIzNIztr9jfb,69650,1106,1,0.0,Qwen3-8B,5,random,random
R_z0AkIzNIztr9jfb,125776,3371,2,1.0,Qwen3-8B,5,social-group,transgender
R_z0AkIzNIztr9jfb,125799,3372,2,1.0,Qwen3-8B,3,social-group,LGB
R_z0AkIzNIztr9jfb,125822,3373,0,0.0,Qwen3-8B,1,moral,authority
R_z0AkIzNIztr9jfb,125845,3374,0,0.0,Qwen3-8B,2,social-group,christian
R_z0AkIzNIztr9jfb,125868,3375,0,0.0,Qwen3-8B,3,social-group,christian
R_z0AkIzNIztr9jfb,125891,3376,0,0.0,Qwen3-8B,1,random,random
R_z0AkIzNIztr9jfb,125914,3377,0,0.0,Qwen3-8B,3,social-group,transgender
R_z0AkIzNIztr9jfb,125937,3378,0,0.0,Qwen3-8B,3,random,random
R_z0AkIzNIztr9jfb,125960,3379,0,0.0,Qwen3-8B,5,social-group,christian
R_z0AkIzNIztr9jfb,125983,3380,0,0.0,Qwen3-8B,4,social-group,christian
R_z0AkIzNIztr9jfb,126006,3381,0,0.0,Qwen3-8B,5,social-group,LGB
R_z0AkIzNIztr9jfb,126029,3382,0,0.0,Qwen3-8B,1,social-group,christian
R_z0AkIzNIztr9jfb,126052,3383,0,0.0,Qwen3-8B,4,social-group,muslim
R_z0AkIzNIztr9jfb,126075,3384,0,0.0,Qwen3-8B,5,moral,purity
R_z0AkIzNIztr9jfb,126098,3385,0,0.0,Qwen3-8B,2,moral,authority
R_z0AkIzNIztr9jfb,126121,3386,1,0.0,Qwen3-8B,1,social-group,LGB
R_z0AkIzNIztr9jfb,126144,3387,1,0.0,Qwen3-8B,2,random,random
R_z0AkIzNIztr9jfb,126167,3388,1,0.0,Qwen3-8B,4,social-group,transgender
R_z0AkIzNIztr9jfb,126190,3389,1,0.0,Qwen3-8B,1,random,random
R_z0AkIzNIztr9jfb,126213,3390,0,0.0,Qwen3-8B,3,social-group,christian
R_z0AkIzNIztr9jfb,126236,3391,1,0.0,Qwen3-8B,5,social-group,christian
R_z0AkIzNIztr9jfb,126259,3392,1,0.0,Qwen3-8B,2,social-group,LGB
R_z0AkIzNIztr9jfb,126282,3393,1,0.0,Qwen3-8B,3,social-group,LGB
R_z0AkIzNIztr9jfb,126305,3394,1,0.0,Qwen3-8B,5,social-group,jewish
R_z0AkIzNIztr9jfb,126328,3395,1,0.0,Qwen3-8B,2,social-group,transgender
R_z0AkIzNIztr9jfb,126351,3396,3,1.0,Qwen3-8B,5,social-group,muslim
R_tZ25FFYGwEC0U5b,6202,103,0,0.0,Qwen3-8B,4,random,random
R_tZ25FFYGwEC0U5b,12705,203,0,0.0,Qwen3-8B,3,random,random
R_tZ25FFYGwEC0U5b,20408,320,0,0.0,Qwen3-8B,1,random,random
R_tZ25FFYGwEC0U5b,25045,395,0,0.0,Qwen3-8B,1,random,random
R_tZ25FFYGwEC0U5b,28022,447,0,0.0,Qwen3-8B,1,random,random
R_tZ25FFYGwEC0U5b,33377,531,0,0.0,Qwen3-8B,3,random,random
R_tZ25FFYGwEC0U5b,33977,541,0,0.0,Qwen3-8B,5,random,random
R_tZ25FFYGwEC0U5b,47084,752,0,0.0,Qwen3-8B,3,random,random
R_tZ25FFYGwEC0U5b,69651,1106,0,0.0,Qwen3-8B,5,random,random
R_tZ25FFYGwEC0U5b,125777,3371,0,0.0,Qwen3-8B,5,social-group,transgender
R_tZ25FFYGwEC0U5b,125800,3372,0,0.0,Qwen3-8B,3,social-group,LGB
R_tZ25FFYGwEC0U5b,125823,3373,0,0.0,Qwen3-8B,1,moral,authority
R_tZ25FFYGwEC0U5b,125846,3374,0,0.0,Qwen3-8B,2,social-group,christian
R_tZ25FFYGwEC0U5b,125869,3375,0,0.0,Qwen3-8B,3,social-group,christian
R_tZ25FFYGwEC0U5b,125892,3376,0,0.0,Qwen3-8B,1,random,random
R_tZ25FFYGwEC0U5b,125915,3377,0,0.0,Qwen3-8B,3,social-group,transgender
R_tZ25FFYGwEC0U5b,125938,3378,0,0.0,Qwen3-8B,3,random,random
R_tZ25FFYGwEC0U5b,125961,3379,0,0.0,Qwen3-8B,5,social-group,christian
R_tZ25FFYGwEC0U5b,125984,3380,0,0.0,Qwen3-8B,4,social-group,christian
R_tZ25FFYGwEC0U5b,126007,3381,0,0.0,Qwen3-8B,5,social-group,LGB
R_tZ25FFYGwEC0U5b,126030,3382,0,0.0,Qwen3-8B,1,social-group,christian
R_tZ25FFYGwEC0U5b,126053,3383,0,0.0,Qwen3-8B,4,social-group,muslim
R_tZ25FFYGwEC0U5b,126076,3384,0,0.0,Qwen3-8B,5,moral,purity
R_tZ25FFYGwEC0U5b,126099,3385,0,0.0,Qwen3-8B,2,moral,authority
R_tZ25FFYGwEC0U5b,126122,3386,0,0.0,Qwen3-8B,1,social-group,LGB
R_tZ25FFYGwEC0U5b,126145,3387,0,0.0,Qwen3-8B,2,random,random
R_tZ25FFYGwEC0U5b,126168,3388,0,0.0,Qwen3-8B,4,social-group,transgender
R_tZ25FFYGwEC0U5b,126191,3389,0,0.0,Qwen3-8B,1,random,random
R_tZ25FFYGwEC0U5b,126214,3390,0,0.0,Qwen3-8B,3,social-group,christian
R_tZ25FFYGwEC0U5b,126237,3391,0,0.0,Qwen3-8B,5,social-group,christian
R_tZ25FFYGwEC0U5b,126260,3392,0,0.0,Qwen3-8B,2,social-group,LGB
R_tZ25FFYGwEC0U5b,126283,3393,0,0.0,Qwen3-8B,3,social-group,LGB
R_tZ25FFYGwEC0U5b,126306,3394,0,0.0,Qwen3-8B,5,social-group,jewish
R_tZ25FFYGwEC0U5b,126329,3395,0,0.0,Qwen3-8B,2,social-group,transgender
R_tZ25FFYGwEC0U5b,126352,3396,0,0.0,Qwen3-8B,5,social-group,muslim
R_1MSvQUyzk3ne18n,6247,104,4,1.0,Qwen3-8B,1,random,random
R_1MSvQUyzk3ne18n,16145,253,0,0.0,Qwen3-8B,2,random,random
R_1MSvQUyzk3ne18n,26976,427,-1,,Qwen3-8B,1,random,random
R_1MSvQUyzk3ne18n,39643,637,-1,,Qwen3-8B,3,random,random
R_1MSvQUyzk3ne18n,50369,800,4,1.0,Qwen3-8B,3,random,random
R_1MSvQUyzk3ne18n,54367,857,-1,,Qwen3-8B,2,random,random
R_1MSvQUyzk3ne18n,68934,1093,0,0.0,Qwen3-8B,4,random,random
R_1MSvQUyzk3ne18n,71961,1150,0,0.0,Qwen3-8B,2,random,random
R_1MSvQUyzk3ne18n,121007,3166,0,0.0,Qwen3-8B,1,moral,care
R_1MSvQUyzk3ne18n,121007,3166,0,0.0,Qwen3-8B,1,moral,loyalty
R_1MSvQUyzk3ne18n,121007,3166,0,0.0,Qwen3-8B,1,moral,purity
R_1MSvQUyzk3ne18n,121007,3166,0,0.0,Qwen3-8B,1,moral,care
R_1MSvQUyzk3ne18n,121007,3166,0,0.0,Qwen3-8B,1,moral,loyalty
R_1MSvQUyzk3ne18n,121007,3166,0,0.0,Qwen3-8B,1,moral,purity
R_1MSvQUyzk3ne18n,121007,3166,0,0.0,Qwen3-8B,1,moral,care
R_1MSvQUyzk3ne18n,121007,3166,0,0.0,Qwen3-8B,1,moral,loyalty
R_1MSvQUyzk3ne18n,121007,3166,0,0.0,Qwen3-8B,1,moral,purity
R_1MSvQUyzk3ne18n,127615,3446,0,0.0,Qwen3-8B,2,random,random
R_1MSvQUyzk3ne18n,127637,3447,4,1.0,Qwen3-8B,5,social-group,transgender
R_1MSvQUyzk3ne18n,127659,3448,0,0.0,Qwen3-8B,3,moral,fairness
R_1MSvQUyzk3ne18n,127681,3449,-1,,Qwen3-8B,5,social-group,jewish
R_1MSvQUyzk3ne18n,127703,3450,0,0.0,Qwen3-8B,3,social-group,transgender
R_1MSvQUyzk3ne18n,127725,3451,0,0.0,Qwen3-8B,2,moral,fairness
R_1MSvQUyzk3ne18n,127747,3452,0,0.0,Qwen3-8B,2,random,random
R_1MSvQUyzk3ne18n,127769,3453,0,0.0,Qwen3-8B,2,social-group,LGB
R_1MSvQUyzk3ne18n,127791,3454,-1,,Qwen3-8B,1,social-group,transgender
R_1MSvQUyzk3ne18n,127813,3455,0,0.0,Qwen3-8B,1,moral,fairness
R_1MSvQUyzk3ne18n,127835,3456,-1,,Qwen3-8B,3,social-group,LGB
R_1MSvQUyzk3ne18n,127857,3457,0,0.0,Qwen3-8B,3,random,random
R_1MSvQUyzk3ne18n,127879,3458,0,0.0,Qwen3-8B,1,random,random
R_1MSvQUyzk3ne18n,127901,3459,0,0.0,Qwen3-8B,1,moral,purity
R_1MSvQUyzk3ne18n,127923,3460,0,0.0,Qwen3-8B,3,social-group,LGB
R_1MSvQUyzk3ne18n,127945,3461,0,0.0,Qwen3-8B,4,social-group,transgender
R_1MSvQUyzk3ne18n,127967,3462,0,0.0,Qwen3-8B,3,social-group,transgender
R_1MSvQUyzk3ne18n,127989,3463,0,0.0,Qwen3-8B,5,social-group,jewish
R_1MSvQUyzk3ne18n,128011,3464,4,1.0,Qwen3-8B,3,social-group,christian
R_1MSvQUyzk3ne18n,128033,3465,0,0.0,Qwen3-8B,5,social-group,jewish
R_1MSvQUyzk3ne18n,128055,3466,0,0.0,Qwen3-8B,3,social-group,LGB
R_1MSvQUyzk3ne18n,128077,3467,4,1.0,Qwen3-8B,2,social-group,transgender
R_1MSvQUyzk3ne18n,128099,3468,-1,,Qwen3-8B,3,social-group,transgender
R_1MSvQUyzk3ne18n,128121,3469,-1,,Qwen3-8B,3,social-group,LGB
R_1MSvQUyzk3ne18n,128143,3470,0,0.0,Qwen3-8B,2,social-group,LGB
R_1MSvQUyzk3ne18n,128165,3471,-1,,Qwen3-8B,3,random,random
R_BrCBYGEq8biSzol,6274,104,1,0.0,Qwen3-8B,1,random,random
R_BrCBYGEq8biSzol,16165,253,0,0.0,Qwen3-8B,2,random,random
R_BrCBYGEq8biSzol,26996,427,0,0.0,Qwen3-8B,1,random,random
R_BrCBYGEq8biSzol,39667,637,0,0.0,Qwen3-8B,3,random,random
R_BrCBYGEq8biSzol,50392,800,2,1.0,Qwen3-8B,3,random,random
R_BrCBYGEq8biSzol,54385,857,0,0.0,Qwen3-8B,2,random,random
R_BrCBYGEq8biSzol,68951,1093,3,1.0,Qwen3-8B,4,random,random
R_BrCBYGEq8biSzol,71979,1150,1,0.0,Qwen3-8B,2,random,random
R_BrCBYGEq8biSzol,121091,3166,0,0.0,Qwen3-8B,1,moral,care
R_BrCBYGEq8biSzol,121091,3166,0,0.0,Qwen3-8B,1,moral,loyalty
R_BrCBYGEq8biSzol,121091,3166,0,0.0,Qwen3-8B,1,moral,purity
R_BrCBYGEq8biSzol,121091,3166,0,0.0,Qwen3-8B,1,moral,care
R_BrCBYGEq8biSzol,121091,3166,0,0.0,Qwen3-8B,1,moral,loyalty
R_BrCBYGEq8biSzol,121091,3166,0,0.0,Qwen3-8B,1,moral,purity
R_BrCBYGEq8biSzol,121091,3166,0,0.0,Qwen3-8B,1,moral,care
R_BrCBYGEq8biSzol,121091,3166,0,0.0,Qwen3-8B,1,moral,loyalty
R_BrCBYGEq8biSzol,121091,3166,0,0.0,Qwen3-8B,1,moral,purity
R_BrCBYGEq8biSzol,127623,3446,0,0.0,Qwen3-8B,2,random,random
R_BrCBYGEq8biSzol,127645,3447,3,1.0,Qwen3-8B,5,social-group,transgender
R_BrCBYGEq8biSzol,127667,3448,1,0.0,Qwen3-8B,3,moral,fairness
R_BrCBYGEq8biSzol,127689,3449,4,1.0,Qwen3-8B,5,social-group,jewish
R_BrCBYGEq8biSzol,127711,3450,0,0.0,Qwen3-8B,3,social-group,transgender
R_BrCBYGEq8biSzol,127733,3451,1,0.0,Qwen3-8B,2,moral,fairness
R_BrCBYGEq8biSzol,127755,3452,2,1.0,Qwen3-8B,2,random,random
R_BrCBYGEq8biSzol,127777,3453,4,1.0,Qwen3-8B,2,social-group,LGB
R_BrCBYGEq8biSzol,127799,3454,0,0.0,Qwen3-8B,1,social-group,transgender
R_BrCBYGEq8biSzol,127821,3455,0,0.0,Qwen3-8B,1,moral,fairness
R_BrCBYGEq8biSzol,127843,3456,2,1.0,Qwen3-8B,3,social-group,LGB
R_BrCBYGEq8biSzol,127865,3457,0,0.0,Qwen3-8B,3,random,random
R_BrCBYGEq8biSzol,127887,3458,0,0.0,Qwen3-8B,1,random,random
R_BrCBYGEq8biSzol,127909,3459,0,0.0,Qwen3-8B,1,moral,purity
R_BrCBYGEq8biSzol,127931,3460,4,1.0,Qwen3-8B,3,social-group,LGB
R_BrCBYGEq8biSzol,127953,3461,0,0.0,Qwen3-8B,4,social-group,transgender
R_BrCBYGEq8biSzol,127975,3462,4,1.0,Qwen3-8B,3,social-group,transgender
R_BrCBYGEq8biSzol,127997,3463,1,0.0,Qwen3-8B,5,social-group,jewish
R_BrCBYGEq8biSzol,128019,3464,4,1.0,Qwen3-8B,3,social-group,christian
R_BrCBYGEq8biSzol,128041,3465,4,1.0,Qwen3-8B,5,social-group,jewish
R_BrCBYGEq8biSzol,128063,3466,4,1.0,Qwen3-8B,3,social-group,LGB
R_BrCBYGEq8biSzol,128085,3467,0,0.0,Qwen3-8B,2,social-group,transgender
R_BrCBYGEq8biSzol,128107,3468,1,0.0,Qwen3-8B,3,social-group,transgender
R_BrCBYGEq8biSzol,128129,3469,0,0.0,Qwen3-8B,3,social-group,LGB
R_BrCBYGEq8biSzol,128151,3470,1,0.0,Qwen3-8B,2,social-group,LGB
R_BrCBYGEq8biSzol,128173,3471,4,1.0,Qwen3-8B,3,random,random
R_1IsAdoo3iD8UQo2,6287,105,4,1.0,Qwen3-8B,3,random,random
R_1IsAdoo3iD8UQo2,7877,128,0,0.0,Qwen3-8B,2,random,random
R_1IsAdoo3iD8UQo2,23670,372,4,1.0,Qwen3-8B,3,random,random
R_1IsAdoo3iD8UQo2,26856,425,0,0.0,Qwen3-8B,1,random,random
R_1IsAdoo3iD8UQo2,28355,454,4,1.0,Qwen3-8B,2,random,random
R_1IsAdoo3iD8UQo2,29111,467,1,0.0,Qwen3-8B,2,random,random
R_1IsAdoo3iD8UQo2,46825,749,0,0.0,Qwen3-8B,3,random,random
R_1IsAdoo3iD8UQo2,52878,833,4,1.0,Qwen3-8B,3,random,random
R_1IsAdoo3iD8UQo2,145020,4195,0,0.0,Qwen3-8B,4,moral,care
R_1IsAdoo3iD8UQo2,145040,4196,4,1.0,Qwen3-8B,2,social-group,jewish
R_1IsAdoo3iD8UQo2,145060,4197,3,1.0,Qwen3-8B,4,random,random
R_1IsAdoo3iD8UQo2,145080,4198,4,1.0,Qwen3-8B,5,social-group,LGB
R_1IsAdoo3iD8UQo2,145100,4199,4,1.0,Qwen3-8B,4,social-group,jewish
R_1IsAdoo3iD8UQo2,145120,4200,4,1.0,Qwen3-8B,4,social-group,christian
R_1IsAdoo3iD8UQo2,145140,4201,4,1.0,Qwen3-8B,3,moral,loyalty
R_1IsAdoo3iD8UQo2,145160,4202,3,1.0,Qwen3-8B,2,social-group,christian
R_1IsAdoo3iD8UQo2,145180,4203,4,1.0,Qwen3-8B,5,social-group,christian
R_1IsAdoo3iD8UQo2,145200,4204,4,1.0,Qwen3-8B,3,social-group,jewish
R_1IsAdoo3iD8UQo2,145220,4205,4,1.0,Qwen3-8B,4,social-group,LGB
R_1IsAdoo3iD8UQo2,145240,4206,4,1.0,Qwen3-8B,4,social-group,jewish
R_1IsAdoo3iD8UQo2,145260,4207,4,1.0,Qwen3-8B,1,social-group,transgender
R_1IsAdoo3iD8UQo2,145280,4208,4,1.0,Qwen3-8B,4,social-group,transgender
R_1IsAdoo3iD8UQo2,145300,4209,0,0.0,Qwen3-8B,2,social-group,christian
R_1IsAdoo3iD8UQo2,145320,4210,4,1.0,Qwen3-8B,5,social-group,christian
R_1IsAdoo3iD8UQo2,145340,4211,4,1.0,Qwen3-8B,3,social-group,christian
R_1IsAdoo3iD8UQo2,145360,4212,4,1.0,Qwen3-8B,3,social-group,LGB
R_1IsAdoo3iD8UQo2,145380,4213,2,1.0,Qwen3-8B,4,social-group,jewish
R_1IsAdoo3iD8UQo2,145400,4214,4,1.0,Qwen3-8B,5,social-group,LGB
R_1IsAdoo3iD8UQo2,145420,4215,4,1.0,Qwen3-8B,4,social-group,transgender
R_1IsAdoo3iD8UQo2,145440,4216,-1,,Qwen3-8B,1,social-group,christian
R_1IsAdoo3iD8UQo2,145460,4217,4,1.0,Qwen3-8B,3,social-group,jewish
R_1IsAdoo3iD8UQo2,145480,4218,4,1.0,Qwen3-8B,2,social-group,transgender
R_1IsAdoo3iD8UQo2,145500,4219,4,1.0,Qwen3-8B,5,social-group,christian
R_1IsAdoo3iD8UQo2,145520,4220,4,1.0,Qwen3-8B,5,social-group,jewish
R_1IsAdoo3iD8UQo2,145540,4221,4,1.0,Qwen3-8B,5,social-group,jewish
R_UPWqHri9I7155kd,6386,106,0,0.0,Qwen3-8B,2,random,random
R_UPWqHri9I7155kd,23940,376,0,0.0,Qwen3-8B,1,random,random
R_UPWqHri9I7155kd,32891,523,0,0.0,Qwen3-8B,2,random,random
R_UPWqHri9I7155kd,60483,953,0,0.0,Qwen3-8B,2,random,random
R_UPWqHri9I7155kd,68013,1077,0,0.0,Qwen3-8B,2,random,random
R_UPWqHri9I7155kd,69922,1111,0,0.0,Qwen3-8B,2,random,random
R_UPWqHri9I7155kd,84207,1632,0,0.0,Qwen3-8B,4,moral,authority
R_UPWqHri9I7155kd,101245,2323,0,0.0,Qwen3-8B,4,random,random
R_UPWqHri9I7155kd,101245,2323,0,0.0,Qwen3-8B,4,moral,fairness
R_UPWqHri9I7155kd,101245,2323,0,0.0,Qwen3-8B,4,random,random
R_UPWqHri9I7155kd,101245,2323,0,0.0,Qwen3-8B,4,moral,fairness
R_UPWqHri9I7155kd,123346,3263,0,0.0,Qwen3-8B,3,social-group,jewish
R_UPWqHri9I7155kd,123368,3264,0,0.0,Qwen3-8B,5,social-group,LGB
R_UPWqHri9I7155kd,123390,3265,0,0.0,Qwen3-8B,1,social-group,LGB
R_UPWqHri9I7155kd,123412,3266,0,0.0,Qwen3-8B,4,social-group,muslim
R_UPWqHri9I7155kd,123434,3267,0,0.0,Qwen3-8B,1,moral,purity
R_UPWqHri9I7155kd,123456,3268,0,0.0,Qwen3-8B,5,social-group,christian
R_UPWqHri9I7155kd,123478,3269,0,0.0,Qwen3-8B,4,social-group,muslim
R_UPWqHri9I7155kd,123500,3270,0,0.0,Qwen3-8B,5,social-group,jewish
R_UPWqHri9I7155kd,123522,3271,0,0.0,Qwen3-8B,3,random,random
R_UPWqHri9I7155kd,123544,3272,0,0.0,Qwen3-8B,1,social-group,christian
R_UPWqHri9I7155kd,123566,3273,0,0.0,Qwen3-8B,3,social-group,transgender
R_UPWqHri9I7155kd,123588,3274,0,0.0,Qwen3-8B,4,social-group,muslim
R_UPWqHri9I7155kd,123610,3275,0,0.0,Qwen3-8B,5,social-group,jewish
R_UPWqHri9I7155kd,123632,3276,0,0.0,Qwen3-8B,3,social-group,muslim
R_UPWqHri9I7155kd,123654,3277,0,0.0,Qwen3-8B,2,random,random
R_UPWqHri9I7155kd,123676,3278,0,0.0,Qwen3-8B,5,social-group,LGB
R_UPWqHri9I7155kd,123698,3279,0,0.0,Qwen3-8B,4,social-group,LGB
R_UPWqHri9I7155kd,123720,3280,0,0.0,Qwen3-8B,3,social-group,transgender
R_UPWqHri9I7155kd,123742,3281,0,0.0,Qwen3-8B,5,social-group,jewish
R_UPWqHri9I7155kd,123764,3282,0,0.0,Qwen3-8B,3,social-group,christian
R_UPWqHri9I7155kd,123786,3283,0,0.0,Qwen3-8B,2,moral,purity
R_UPWqHri9I7155kd,123808,3284,0,0.0,Qwen3-8B,5,social-group,LGB
R_UPWqHri9I7155kd,123830,3285,0,0.0,Qwen3-8B,1,random,random
R_UPWqHri9I7155kd,123852,3286,0,0.0,Qwen3-8B,1,social-group,muslim
R_UPWqHri9I7155kd,123874,3287,0,0.0,Qwen3-8B,4,social-group,muslim
R_UPWqHri9I7155kd,123896,3288,0,0.0,Qwen3-8B,3,random,random
R_UPWqHri9I7155kd,123918,3289,0,0.0,Qwen3-8B,5,social-group,LGB
R_3LaT34Ju4vVludC,6596,110,0,0.0,Qwen3-8B,3,random,random
R_3LaT34Ju4vVludC,6662,111,0,0.0,Qwen3-8B,1,random,random
R_3LaT34Ju4vVludC,6728,112,0,0.0,Qwen3-8B,1,random,random
R_3LaT34Ju4vVludC,6793,113,0,0.0,Qwen3-8B,1,random,random
R_3LaT34Ju4vVludC,6859,114,0,0.0,Qwen3-8B,3,random,random
R_3LaT34Ju4vVludC,6925,115,2,1.0,Qwen3-8B,3,random,random
R_3LaT34Ju4vVludC,6989,116,0,0.0,Qwen3-8B,3,random,random
R_3LaT34Ju4vVludC,7055,117,0,0.0,Qwen3-8B,1,random,random
R_3LaT34Ju4vVludC,7119,118,1,0.0,Qwen3-8B,3,random,random
R_3LaT34Ju4vVludC,7185,119,0,0.0,Qwen3-8B,3,random,random
R_3LaT34Ju4vVludC,7249,120,1,0.0,Qwen3-8B,1,random,random
R_3LaT34Ju4vVludC,7315,121,0,0.0,Qwen3-8B,3,random,random
R_3LaT34Ju4vVludC,7381,122,0,0.0,Qwen3-8B,1,random,random
R_3LaT34Ju4vVludC,7447,123,0,0.0,Qwen3-8B,4,random,random
R_3LaT34Ju4vVludC,7506,124,0,0.0,Qwen3-8B,1,random,random
R_3LaT34Ju4vVludC,7572,125,0,0.0,Qwen3-8B,2,random,random
R_3LaT34Ju4vVludC,7637,126,0,0.0,Qwen3-8B,3,random,random
R_3LaT34Ju4vVludC,7637,126,0,0.0,Qwen3-8B,3,moral,fairness
R_3LaT34Ju4vVludC,7637,126,0,0.0,Qwen3-8B,3,random,random
R_3LaT34Ju4vVludC,7637,126,0,0.0,Qwen3-8B,3,moral,fairness
R_3LaT34Ju4vVludC,7808,127,0,0.0,Qwen3-8B,3,random,random
R_3LaT34Ju4vVludC,7871,128,0,0.0,Qwen3-8B,2,random,random
R_3LaT34Ju4vVludC,7933,129,1,0.0,Qwen3-8B,3,random,random
R_3LaT34Ju4vVludC,7999,130,1,0.0,Qwen3-8B,2,random,random
R_3LaT34Ju4vVludC,8065,131,0,0.0,Qwen3-8B,3,random,random
R_3LaT34Ju4vVludC,8131,132,0,0.0,Qwen3-8B,2,random,random
R_3LaT34Ju4vVludC,8196,133,0,0.0,Qwen3-8B,2,random,random
R_3LaT34Ju4vVludC,8262,134,0,0.0,Qwen3-8B,1,random,random
R_3LaT34Ju4vVludC,8329,135,0,0.0,Qwen3-8B,4,random,random
R_3LaT34Ju4vVludC,8394,136,0,0.0,Qwen3-8B,1,random,random
R_3LaT34Ju4vVludC,8457,137,0,0.0,Qwen3-8B,3,random,random
R_3LaT34Ju4vVludC,8522,138,0,0.0,Qwen3-8B,3,random,random
R_3LaT34Ju4vVludC,8587,139,1,0.0,Qwen3-8B,2,random,random
R_3LaT34Ju4vVludC,8652,140,4,1.0,Qwen3-8B,3,random,random
R_3LaT34Ju4vVludC,8715,141,3,1.0,Qwen3-8B,3,random,random
R_3LaT34Ju4vVludC,8781,142,1,0.0,Qwen3-8B,5,random,random
R_3LaT34Ju4vVludC,8823,143,1,0.0,Qwen3-8B,2,random,random
R_3LaT34Ju4vVludC,8889,144,0,0.0,Qwen3-8B,1,random,random
R_3Ey7qW3fo46rBJk,6605,110,3,1.0,Qwen3-8B,3,random,random
R_3Ey7qW3fo46rBJk,6671,111,4,1.0,Qwen3-8B,1,random,random
R_3Ey7qW3fo46rBJk,6737,112,2,1.0,Qwen3-8B,1,random,random
R_3Ey7qW3fo46rBJk,6802,113,3,1.0,Qwen3-8B,1,random,random
R_3Ey7qW3fo46rBJk,6867,114,3,1.0,Qwen3-8B,3,random,random
R_3Ey7qW3fo46rBJk,6934,115,4,1.0,Qwen3-8B,3,random,random
R_3Ey7qW3fo46rBJk,6998,116,3,1.0,Qwen3-8B,3,random,random
R_3Ey7qW3fo46rBJk,7064,117,4,1.0,Qwen3-8B,1,random,random
R_3Ey7qW3fo46rBJk,7128,118,3,1.0,Qwen3-8B,3,random,random
R_3Ey7qW3fo46rBJk,7193,119,4,1.0,Qwen3-8B,3,random,random
R_3Ey7qW3fo46rBJk,7258,120,3,1.0,Qwen3-8B,1,random,random
R_3Ey7qW3fo46rBJk,7324,121,4,1.0,Qwen3-8B,3,random,random
R_3Ey7qW3fo46rBJk,7390,122,3,1.0,Qwen3-8B,1,random,random
R_3Ey7qW3fo46rBJk,7455,123,3,1.0,Qwen3-8B,4,random,random
R_3Ey7qW3fo46rBJk,7515,124,3,1.0,Qwen3-8B,1,random,random
R_3Ey7qW3fo46rBJk,7581,125,4,1.0,Qwen3-8B,2,random,random
R_3Ey7qW3fo46rBJk,7659,126,4,1.0,Qwen3-8B,3,random,random
R_3Ey7qW3fo46rBJk,7659,126,4,1.0,Qwen3-8B,3,moral,fairness
R_3Ey7qW3fo46rBJk,7659,126,4,1.0,Qwen3-8B,3,random,random
R_3Ey7qW3fo46rBJk,7659,126,4,1.0,Qwen3-8B,3,moral,fairness
R_3Ey7qW3fo46rBJk,7817,127,3,1.0,Qwen3-8B,3,random,random
R_3Ey7qW3fo46rBJk,7878,128,3,1.0,Qwen3-8B,2,random,random
R_3Ey7qW3fo46rBJk,7943,129,3,1.0,Qwen3-8B,3,random,random
R_3Ey7qW3fo46rBJk,8007,130,3,1.0,Qwen3-8B,2,random,random
R_3Ey7qW3fo46rBJk,8074,131,2,1.0,Qwen3-8B,3,random,random
R_3Ey7qW3fo46rBJk,8139,132,4,1.0,Qwen3-8B,2,random,random
R_3Ey7qW3fo46rBJk,8205,133,3,1.0,Qwen3-8B,2,random,random
R_3Ey7qW3fo46rBJk,8271,134,3,1.0,Qwen3-8B,1,random,random
R_3Ey7qW3fo46rBJk,8338,135,4,1.0,Qwen3-8B,4,random,random
R_3Ey7qW3fo46rBJk,8403,136,4,1.0,Qwen3-8B,1,random,random
R_3Ey7qW3fo46rBJk,8466,137,4,1.0,Qwen3-8B,3,random,random
R_3Ey7qW3fo46rBJk,8531,138,3,1.0,Qwen3-8B,3,random,random
R_3Ey7qW3fo46rBJk,8596,139,4,1.0,Qwen3-8B,2,random,random
R_3Ey7qW3fo46rBJk,8659,140,3,1.0,Qwen3-8B,3,random,random
R_3Ey7qW3fo46rBJk,8724,141,3,1.0,Qwen3-8B,3,random,random
R_3Ey7qW3fo46rBJk,8787,142,4,1.0,Qwen3-8B,5,random,random
R_3Ey7qW3fo46rBJk,8832,143,3,1.0,Qwen3-8B,2,random,random
R_3Ey7qW3fo46rBJk,8898,144,4,1.0,Qwen3-8B,1,random,random
R_1ImcJwHMDKIsD9O,6619,110,0,0.0,Qwen3-8B,3,random,random
R_1ImcJwHMDKIsD9O,6685,111,1,0.0,Qwen3-8B,1,random,random
R_1ImcJwHMDKIsD9O,6753,112,1,0.0,Qwen3-8B,1,random,random
R_1ImcJwHMDKIsD9O,6816,113,0,0.0,Qwen3-8B,1,random,random
R_1ImcJwHMDKIsD9O,6882,114,0,0.0,Qwen3-8B,3,random,random
R_1ImcJwHMDKIsD9O,6948,115,0,0.0,Qwen3-8B,3,random,random
R_1ImcJwHMDKIsD9O,7012,116,0,0.0,Qwen3-8B,3,random,random
R_1ImcJwHMDKIsD9O,7077,117,0,0.0,Qwen3-8B,1,random,random
R_1ImcJwHMDKIsD9O,7142,118,0,0.0,Qwen3-8B,3,random,random
R_1ImcJwHMDKIsD9O,7207,119,0,0.0,Qwen3-8B,3,random,random
R_1ImcJwHMDKIsD9O,7272,120,0,0.0,Qwen3-8B,1,random,random
R_1ImcJwHMDKIsD9O,7338,121,0,0.0,Qwen3-8B,3,random,random
R_1ImcJwHMDKIsD9O,7404,122,0,0.0,Qwen3-8B,1,random,random
R_1ImcJwHMDKIsD9O,7466,123,0,0.0,Qwen3-8B,4,random,random
R_1ImcJwHMDKIsD9O,7529,124,0,0.0,Qwen3-8B,1,random,random
R_1ImcJwHMDKIsD9O,7596,125,0,0.0,Qwen3-8B,2,random,random
R_1ImcJwHMDKIsD9O,7699,126,0,0.0,Qwen3-8B,3,random,random
R_1ImcJwHMDKIsD9O,7699,126,0,0.0,Qwen3-8B,3,moral,fairness
R_1ImcJwHMDKIsD9O,7699,126,0,0.0,Qwen3-8B,3,random,random
R_1ImcJwHMDKIsD9O,7699,126,0,0.0,Qwen3-8B,3,moral,fairness
R_1ImcJwHMDKIsD9O,7831,127,0,0.0,Qwen3-8B,3,random,random
R_1ImcJwHMDKIsD9O,7891,128,0,0.0,Qwen3-8B,2,random,random
R_1ImcJwHMDKIsD9O,7957,129,0,0.0,Qwen3-8B,3,random,random
R_1ImcJwHMDKIsD9O,8022,130,0,0.0,Qwen3-8B,2,random,random
R_1ImcJwHMDKIsD9O,8087,131,0,0.0,Qwen3-8B,3,random,random
R_1ImcJwHMDKIsD9O,8153,132,0,0.0,Qwen3-8B,2,random,random
R_1ImcJwHMDKIsD9O,8219,133,0,0.0,Qwen3-8B,2,random,random
R_1ImcJwHMDKIsD9O,8286,134,2,1.0,Qwen3-8B,1,random,random
R_1ImcJwHMDKIsD9O,8351,135,1,0.0,Qwen3-8B,4,random,random
R_1ImcJwHMDKIsD9O,8417,136,0,0.0,Qwen3-8B,1,random,random
R_1ImcJwHMDKIsD9O,8480,137,0,0.0,Qwen3-8B,3,random,random
R_1ImcJwHMDKIsD9O,8544,138,0,0.0,Qwen3-8B,3,random,random
R_1ImcJwHMDKIsD9O,8609,139,0,0.0,Qwen3-8B,2,random,random
R_1ImcJwHMDKIsD9O,8673,140,0,0.0,Qwen3-8B,3,random,random
R_1ImcJwHMDKIsD9O,8738,141,0,0.0,Qwen3-8B,3,random,random
R_1ImcJwHMDKIsD9O,8795,142,0,0.0,Qwen3-8B,5,random,random
R_1ImcJwHMDKIsD9O,8845,143,0,0.0,Qwen3-8B,2,random,random
R_1ImcJwHMDKIsD9O,8912,144,0,0.0,Qwen3-8B,1,random,random
R_2dosj73le47jFnB,6623,110,2,1.0,Qwen3-8B,3,random,random
R_2dosj73le47jFnB,6689,111,3,1.0,Qwen3-8B,1,random,random
R_2dosj73le47jFnB,6757,112,2,1.0,Qwen3-8B,1,random,random
R_2dosj73le47jFnB,6820,113,0,0.0,Qwen3-8B,1,random,random
R_2dosj73le47jFnB,6886,114,0,0.0,Qwen3-8B,3,random,random
R_2dosj73le47jFnB,6952,115,3,1.0,Qwen3-8B,3,random,random
R_2dosj73le47jFnB,7016,116,1,0.0,Qwen3-8B,3,random,random
R_2dosj73le47jFnB,7081,117,0,0.0,Qwen3-8B,1,random,random
R_2dosj73le47jFnB,7146,118,1,0.0,Qwen3-8B,3,random,random
R_2dosj73le47jFnB,7211,119,2,1.0,Qwen3-8B,3,random,random
R_2dosj73le47jFnB,7276,120,1,0.0,Qwen3-8B,1,random,random
R_2dosj73le47jFnB,7342,121,2,1.0,Qwen3-8B,3,random,random
R_2dosj73le47jFnB,7408,122,2,1.0,Qwen3-8B,1,random,random
R_2dosj73le47jFnB,7470,123,3,1.0,Qwen3-8B,4,random,random
R_2dosj73le47jFnB,7533,124,1,0.0,Qwen3-8B,1,random,random
R_2dosj73le47jFnB,7600,125,0,0.0,Qwen3-8B,2,random,random
R_2dosj73le47jFnB,7707,126,1,0.0,Qwen3-8B,3,random,random
R_2dosj73le47jFnB,7707,126,1,0.0,Qwen3-8B,3,moral,fairness
R_2dosj73le47jFnB,7707,126,1,0.0,Qwen3-8B,3,random,random
R_2dosj73le47jFnB,7707,126,1,0.0,Qwen3-8B,3,moral,fairness
R_2dosj73le47jFnB,7835,127,1,0.0,Qwen3-8B,3,random,random
R_2dosj73le47jFnB,7895,128,2,1.0,Qwen3-8B,2,random,random
R_2dosj73le47jFnB,7961,129,0,0.0,Qwen3-8B,3,random,random
R_2dosj73le47jFnB,8026,130,3,1.0,Qwen3-8B,2,random,random
R_2dosj73le47jFnB,8091,131,1,0.0,Qwen3-8B,3,random,random
R_2dosj73le47jFnB,8157,132,1,0.0,Qwen3-8B,2,random,random
R_2dosj73le47jFnB,8223,133,3,1.0,Qwen3-8B,2,random,random
R_2dosj73le47jFnB,8290,134,0,0.0,Qwen3-8B,1,random,random
R_2dosj73le47jFnB,8355,135,1,0.0,Qwen3-8B,4,random,random
R_2dosj73le47jFnB,8421,136,2,1.0,Qwen3-8B,1,random,random
R_2dosj73le47jFnB,8484,137,0,0.0,Qwen3-8B,3,random,random
R_2dosj73le47jFnB,8548,138,1,0.0,Qwen3-8B,3,random,random
R_2dosj73le47jFnB,8613,139,2,1.0,Qwen3-8B,2,random,random
R_2dosj73le47jFnB,8677,140,1,0.0,Qwen3-8B,3,random,random
R_2dosj73le47jFnB,8742,141,1,0.0,Qwen3-8B,3,random,random
R_2dosj73le47jFnB,8799,142,2,1.0,Qwen3-8B,5,random,random
R_2dosj73le47jFnB,8849,143,0,0.0,Qwen3-8B,2,random,random
R_2dosj73le47jFnB,8916,144,1,0.0,Qwen3-8B,1,random,random
R_06w1AH73d5x2rER,6639,110,0,0.0,Qwen3-8B,3,random,random
R_06w1AH73d5x2rER,6704,111,0,0.0,Qwen3-8B,1,random,random
R_06w1AH73d5x2rER,6770,112,0,0.0,Qwen3-8B,1,random,random
R_06w1AH73d5x2rER,6835,113,0,0.0,Qwen3-8B,1,random,random
R_06w1AH73d5x2rER,6902,114,0,0.0,Qwen3-8B,3,random,random
R_06w1AH73d5x2rER,6966,115,0,0.0,Qwen3-8B,3,random,random
R_06w1AH73d5x2rER,7032,116,0,0.0,Qwen3-8B,3,random,random
R_06w1AH73d5x2rER,7097,117,0,0.0,Qwen3-8B,1,random,random
R_06w1AH73d5x2rER,7161,118,0,0.0,Qwen3-8B,3,random,random
R_06w1AH73d5x2rER,7226,119,0,0.0,Qwen3-8B,3,random,random
R_06w1AH73d5x2rER,7291,120,0,0.0,Qwen3-8B,1,random,random
R_06w1AH73d5x2rER,7357,121,0,0.0,Qwen3-8B,3,random,random
R_06w1AH73d5x2rER,7424,122,0,0.0,Qwen3-8B,1,random,random
R_06w1AH73d5x2rER,7484,123,0,0.0,Qwen3-8B,4,random,random
R_06w1AH73d5x2rER,7548,124,0,0.0,Qwen3-8B,1,random,random
R_06w1AH73d5x2rER,7616,125,0,0.0,Qwen3-8B,2,random,random
R_06w1AH73d5x2rER,7747,126,0,0.0,Qwen3-8B,3,random,random
R_06w1AH73d5x2rER,7747,126,0,0.0,Qwen3-8B,3,moral,fairness
R_06w1AH73d5x2rER,7747,126,0,0.0,Qwen3-8B,3,random,random
R_06w1AH73d5x2rER,7747,126,0,0.0,Qwen3-8B,3,moral,fairness
R_06w1AH73d5x2rER,7851,127,0,0.0,Qwen3-8B,3,random,random
R_06w1AH73d5x2rER,7910,128,0,0.0,Qwen3-8B,2,random,random
R_06w1AH73d5x2rER,7976,129,0,0.0,Qwen3-8B,3,random,random
R_06w1AH73d5x2rER,8042,130,0,0.0,Qwen3-8B,2,random,random
R_06w1AH73d5x2rER,8107,131,0,0.0,Qwen3-8B,3,random,random
R_06w1AH73d5x2rER,8173,132,0,0.0,Qwen3-8B,2,random,random
R_06w1AH73d5x2rER,8239,133,0,0.0,Qwen3-8B,2,random,random
R_06w1AH73d5x2rER,8306,134,0,0.0,Qwen3-8B,1,random,random
R_06w1AH73d5x2rER,8371,135,0,0.0,Qwen3-8B,4,random,random
R_06w1AH73d5x2rER,8435,136,0,0.0,Qwen3-8B,1,random,random
R_06w1AH73d5x2rER,8499,137,0,0.0,Qwen3-8B,3,random,random
R_06w1AH73d5x2rER,8563,138,0,0.0,Qwen3-8B,3,random,random
R_06w1AH73d5x2rER,8629,139,0,0.0,Qwen3-8B,2,random,random
R_06w1AH73d5x2rER,8692,140,0,0.0,Qwen3-8B,3,random,random
R_06w1AH73d5x2rER,8758,141,0,0.0,Qwen3-8B,3,random,random
R_06w1AH73d5x2rER,8809,142,0,0.0,Qwen3-8B,5,random,random
R_06w1AH73d5x2rER,8865,143,0,0.0,Qwen3-8B,2,random,random
R_06w1AH73d5x2rER,8932,144,0,0.0,Qwen3-8B,1,random,random
R_3MKIYQv2W7F9XCv,6735,112,4,1.0,Qwen3-8B,1,random,random
R_3MKIYQv2W7F9XCv,15933,250,0,0.0,Qwen3-8B,2,random,random
R_3MKIYQv2W7F9XCv,21918,344,4,1.0,Qwen3-8B,4,random,random
R_3MKIYQv2W7F9XCv,21918,344,4,1.0,Qwen3-8B,4,moral,fairness
R_3MKIYQv2W7F9XCv,21918,344,4,1.0,Qwen3-8B,4,random,random
R_3MKIYQv2W7F9XCv,21918,344,4,1.0,Qwen3-8B,4,moral,fairness
R_3MKIYQv2W7F9XCv,32359,515,0,0.0,Qwen3-8B,2,random,random
R_3MKIYQv2W7F9XCv,33639,536,0,0.0,Qwen3-8B,2,random,random
R_3MKIYQv2W7F9XCv,36897,591,0,0.0,Qwen3-8B,3,random,random
R_3MKIYQv2W7F9XCv,49420,785,2,1.0,Qwen3-8B,2,random,random
R_3MKIYQv2W7F9XCv,56329,889,0,0.0,Qwen3-8B,1,random,random
R_3MKIYQv2W7F9XCv,57264,902,3,1.0,Qwen3-8B,3,random,random
R_3MKIYQv2W7F9XCv,117671,3019,4,1.0,Qwen3-8B,3,social-group,jewish
R_3MKIYQv2W7F9XCv,132948,3673,4,1.0,Qwen3-8B,5,social-group,jewish
R_3MKIYQv2W7F9XCv,132971,3674,3,1.0,Qwen3-8B,3,social-group,transgender
R_3MKIYQv2W7F9XCv,132994,3675,3,1.0,Qwen3-8B,4,random,random
R_3MKIYQv2W7F9XCv,133017,3676,3,1.0,Qwen3-8B,5,social-group,jewish
R_3MKIYQv2W7F9XCv,133040,3677,0,0.0,Qwen3-8B,3,random,random
R_3MKIYQv2W7F9XCv,133063,3678,4,1.0,Qwen3-8B,4,social-group,LGB
R_3MKIYQv2W7F9XCv,133086,3679,2,1.0,Qwen3-8B,2,social-group,muslim
R_3MKIYQv2W7F9XCv,133109,3680,4,1.0,Qwen3-8B,2,social-group,muslim
R_3MKIYQv2W7F9XCv,133132,3681,4,1.0,Qwen3-8B,4,social-group,LGB
R_3MKIYQv2W7F9XCv,133155,3682,0,0.0,Qwen3-8B,2,random,random
R_3MKIYQv2W7F9XCv,133178,3683,4,1.0,Qwen3-8B,5,social-group,LGB
R_3MKIYQv2W7F9XCv,133201,3684,4,1.0,Qwen3-8B,4,social-group,jewish
R_3MKIYQv2W7F9XCv,133224,3685,0,0.0,Qwen3-8B,1,random,random
R_3MKIYQv2W7F9XCv,133247,3686,0,0.0,Qwen3-8B,1,moral,purity
R_3MKIYQv2W7F9XCv,133270,3687,-1,,Qwen3-8B,2,social-group,muslim
R_3MKIYQv2W7F9XCv,133293,3688,4,1.0,Qwen3-8B,3,random,random
R_3MKIYQv2W7F9XCv,133316,3689,4,1.0,Qwen3-8B,3,social-group,transgender
R_3MKIYQv2W7F9XCv,133339,3690,4,1.0,Qwen3-8B,4,social-group,muslim
R_3MKIYQv2W7F9XCv,133362,3691,3,1.0,Qwen3-8B,2,social-group,transgender
R_3MKIYQv2W7F9XCv,133385,3692,4,1.0,Qwen3-8B,2,social-group,transgender
R_3MKIYQv2W7F9XCv,133408,3693,4,1.0,Qwen3-8B,4,social-group,muslim
R_3MKIYQv2W7F9XCv,133431,3694,0,0.0,Qwen3-8B,1,moral,care
R_3MKIYQv2W7F9XCv,133454,3695,0,0.0,Qwen3-8B,3,social-group,LGB
R_3MKIYQv2W7F9XCv,133477,3696,2,1.0,Qwen3-8B,4,social-group,transgender
R_3MKIYQv2W7F9XCv,133500,3697,4,1.0,Qwen3-8B,4,social-group,jewish
R_2zM7mMfnz3SYBZa,6736,112,1,0.0,Qwen3-8B,1,random,random
R_2zM7mMfnz3SYBZa,15934,250,0,0.0,Qwen3-8B,2,random,random
R_2zM7mMfnz3SYBZa,21920,344,0,0.0,Qwen3-8B,4,random,random
R_2zM7mMfnz3SYBZa,21920,344,0,0.0,Qwen3-8B,4,moral,fairness
R_2zM7mMfnz3SYBZa,21920,344,0,0.0,Qwen3-8B,4,random,random
R_2zM7mMfnz3SYBZa,21920,344,0,0.0,Qwen3-8B,4,moral,fairness
R_2zM7mMfnz3SYBZa,32360,515,0,0.0,Qwen3-8B,2,random,random
R_2zM7mMfnz3SYBZa,33640,536,0,0.0,Qwen3-8B,2,random,random
R_2zM7mMfnz3SYBZa,36898,591,0,0.0,Qwen3-8B,3,random,random
R_2zM7mMfnz3SYBZa,49421,785,0,0.0,Qwen3-8B,2,random,random
R_2zM7mMfnz3SYBZa,56330,889,0,0.0,Qwen3-8B,1,random,random
R_2zM7mMfnz3SYBZa,57265,902,0,0.0,Qwen3-8B,3,random,random
R_2zM7mMfnz3SYBZa,117672,3019,0,0.0,Qwen3-8B,3,social-group,jewish
R_2zM7mMfnz3SYBZa,132949,3673,0,0.0,Qwen3-8B,5,social-group,jewish
R_2zM7mMfnz3SYBZa,132972,3674,0,0.0,Qwen3-8B,3,social-group,transgender
R_2zM7mMfnz3SYBZa,132995,3675,0,0.0,Qwen3-8B,4,random,random
R_2zM7mMfnz3SYBZa,133018,3676,0,0.0,Qwen3-8B,5,social-group,jewish
R_2zM7mMfnz3SYBZa,133041,3677,0,0.0,Qwen3-8B,3,random,random
R_2zM7mMfnz3SYBZa,133064,3678,0,0.0,Qwen3-8B,4,social-group,LGB
R_2zM7mMfnz3SYBZa,133087,3679,0,0.0,Qwen3-8B,2,social-group,muslim
R_2zM7mMfnz3SYBZa,133110,3680,0,0.0,Qwen3-8B,2,social-group,muslim
R_2zM7mMfnz3SYBZa,133133,3681,1,0.0,Qwen3-8B,4,social-group,LGB
R_2zM7mMfnz3SYBZa,133156,3682,0,0.0,Qwen3-8B,2,random,random
R_2zM7mMfnz3SYBZa,133179,3683,0,0.0,Qwen3-8B,5,social-group,LGB
R_2zM7mMfnz3SYBZa,133202,3684,0,0.0,Qwen3-8B,4,social-group,jewish
R_2zM7mMfnz3SYBZa,133225,3685,0,0.0,Qwen3-8B,1,random,random
R_2zM7mMfnz3SYBZa,133248,3686,0,0.0,Qwen3-8B,1,moral,purity
R_2zM7mMfnz3SYBZa,133271,3687,0,0.0,Qwen3-8B,2,social-group,muslim
R_2zM7mMfnz3SYBZa,133294,3688,0,0.0,Qwen3-8B,3,random,random
R_2zM7mMfnz3SYBZa,133317,3689,0,0.0,Qwen3-8B,3,social-group,transgender
R_2zM7mMfnz3SYBZa,133340,3690,0,0.0,Qwen3-8B,4,social-group,muslim
R_2zM7mMfnz3SYBZa,133363,3691,0,0.0,Qwen3-8B,2,social-group,transgender
R_2zM7mMfnz3SYBZa,133386,3692,0,0.0,Qwen3-8B,2,social-group,transgender
R_2zM7mMfnz3SYBZa,133409,3693,0,0.0,Qwen3-8B,4,social-group,muslim
R_2zM7mMfnz3SYBZa,133432,3694,0,0.0,Qwen3-8B,1,moral,care
R_2zM7mMfnz3SYBZa,133455,3695,0,0.0,Qwen3-8B,3,social-group,LGB
R_2zM7mMfnz3SYBZa,133478,3696,0,0.0,Qwen3-8B,4,social-group,transgender
R_2zM7mMfnz3SYBZa,133501,3697,0,0.0,Qwen3-8B,4,social-group,jewish
R_6G1TWdhlmClNUHL,6749,112,4,1.0,Qwen3-8B,1,random,random
R_6G1TWdhlmClNUHL,15952,250,3,1.0,Qwen3-8B,2,random,random
R_6G1TWdhlmClNUHL,21954,344,0,0.0,Qwen3-8B,4,random,random
R_6G1TWdhlmClNUHL,21954,344,0,0.0,Qwen3-8B,4,moral,fairness
R_6G1TWdhlmClNUHL,21954,344,0,0.0,Qwen3-8B,4,random,random
R_6G1TWdhlmClNUHL,21954,344,0,0.0,Qwen3-8B,4,moral,fairness
R_6G1TWdhlmClNUHL,32374,515,2,1.0,Qwen3-8B,2,random,random
R_6G1TWdhlmClNUHL,33653,536,3,1.0,Qwen3-8B,2,random,random
R_6G1TWdhlmClNUHL,36909,591,3,1.0,Qwen3-8B,3,random,random
R_6G1TWdhlmClNUHL,49438,785,2,1.0,Qwen3-8B,2,random,random
R_6G1TWdhlmClNUHL,56351,889,1,0.0,Qwen3-8B,1,random,random
R_6G1TWdhlmClNUHL,57286,902,0,0.0,Qwen3-8B,3,random,random
R_6G1TWdhlmClNUHL,117678,3019,0,0.0,Qwen3-8B,3,social-group,jewish
R_6G1TWdhlmClNUHL,132954,3673,2,1.0,Qwen3-8B,5,social-group,jewish
R_6G1TWdhlmClNUHL,132977,3674,3,1.0,Qwen3-8B,3,social-group,transgender
R_6G1TWdhlmClNUHL,133000,3675,4,1.0,Qwen3-8B,4,random,random
R_6G1TWdhlmClNUHL,133023,3676,3,1.0,Qwen3-8B,5,social-group,jewish
R_6G1TWdhlmClNUHL,133046,3677,2,1.0,Qwen3-8B,3,random,random
R_6G1TWdhlmClNUHL,133069,3678,4,1.0,Qwen3-8B,4,social-group,LGB
R_6G1TWdhlmClNUHL,133092,3679,1,0.0,Qwen3-8B,2,social-group,muslim
R_6G1TWdhlmClNUHL,133115,3680,4,1.0,Qwen3-8B,2,social-group,muslim
R_6G1TWdhlmClNUHL,133138,3681,4,1.0,Qwen3-8B,4,social-group,LGB
R_6G1TWdhlmClNUHL,133161,3682,3,1.0,Qwen3-8B,2,random,random
R_6G1TWdhlmClNUHL,133184,3683,4,1.0,Qwen3-8B,5,social-group,LGB
R_6G1TWdhlmClNUHL,133207,3684,3,1.0,Qwen3-8B,4,social-group,jewish
R_6G1TWdhlmClNUHL,133230,3685,0,0.0,Qwen3-8B,1,random,random
R_6G1TWdhlmClNUHL,133253,3686,1,0.0,Qwen3-8B,1,moral,purity
R_6G1TWdhlmClNUHL,133276,3687,2,1.0,Qwen3-8B,2,social-group,muslim
R_6G1TWdhlmClNUHL,133299,3688,2,1.0,Qwen3-8B,3,random,random
R_6G1TWdhlmClNUHL,133322,3689,3,1.0,Qwen3-8B,3,social-group,transgender
R_6G1TWdhlmClNUHL,133345,3690,2,1.0,Qwen3-8B,4,social-group,muslim
R_6G1TWdhlmClNUHL,133368,3691,2,1.0,Qwen3-8B,2,social-group,transgender
R_6G1TWdhlmClNUHL,133391,3692,2,1.0,Qwen3-8B,2,social-group,transgender
R_6G1TWdhlmClNUHL,133414,3693,4,1.0,Qwen3-8B,4,social-group,muslim
R_6G1TWdhlmClNUHL,133437,3694,3,1.0,Qwen3-8B,1,moral,care
R_6G1TWdhlmClNUHL,133460,3695,-1,,Qwen3-8B,3,social-group,LGB
R_6G1TWdhlmClNUHL,133483,3696,4,1.0,Qwen3-8B,4,social-group,transgender
R_6G1TWdhlmClNUHL,133506,3697,2,1.0,Qwen3-8B,4,social-group,jewish
R_2PbXzyC2Si64VFz,6773,112,0,0.0,Qwen3-8B,1,random,random
R_2PbXzyC2Si64VFz,15973,250,0,0.0,Qwen3-8B,2,random,random
R_2PbXzyC2Si64VFz,22012,344,0,0.0,Qwen3-8B,4,random,random
R_2PbXzyC2Si64VFz,22012,344,0,0.0,Qwen3-8B,4,moral,fairness
R_2PbXzyC2Si64VFz,22012,344,0,0.0,Qwen3-8B,4,random,random
R_2PbXzyC2Si64VFz,22012,344,0,0.0,Qwen3-8B,4,moral,fairness
R_2PbXzyC2Si64VFz,32397,515,0,0.0,Qwen3-8B,2,random,random
R_2PbXzyC2Si64VFz,33677,536,0,0.0,Qwen3-8B,2,random,random
R_2PbXzyC2Si64VFz,36934,591,0,0.0,Qwen3-8B,3,random,random
R_2PbXzyC2Si64VFz,49461,785,0,0.0,Qwen3-8B,2,random,random
R_2PbXzyC2Si64VFz,56378,889,0,0.0,Qwen3-8B,1,random,random
R_2PbXzyC2Si64VFz,57313,902,0,0.0,Qwen3-8B,3,random,random
R_2PbXzyC2Si64VFz,117692,3019,0,0.0,Qwen3-8B,3,social-group,jewish
R_2PbXzyC2Si64VFz,132962,3673,0,0.0,Qwen3-8B,5,social-group,jewish
R_2PbXzyC2Si64VFz,132985,3674,0,0.0,Qwen3-8B,3,social-group,transgender
R_2PbXzyC2Si64VFz,133008,3675,0,0.0,Qwen3-8B,4,random,random
R_2PbXzyC2Si64VFz,133031,3676,0,0.0,Qwen3-8B,5,social-group,jewish
R_2PbXzyC2Si64VFz,133054,3677,0,0.0,Qwen3-8B,3,random,random
R_2PbXzyC2Si64VFz,133077,3678,0,0.0,Qwen3-8B,4,social-group,LGB
R_2PbXzyC2Si64VFz,133100,3679,0,0.0,Qwen3-8B,2,social-group,muslim
R_2PbXzyC2Si64VFz,133123,3680,0,0.0,Qwen3-8B,2,social-group,muslim
R_2PbXzyC2Si64VFz,133146,3681,0,0.0,Qwen3-8B,4,social-group,LGB
R_2PbXzyC2Si64VFz,133169,3682,0,0.0,Qwen3-8B,2,random,random
R_2PbXzyC2Si64VFz,133192,3683,0,0.0,Qwen3-8B,5,social-group,LGB
R_2PbXzyC2Si64VFz,133215,3684,0,0.0,Qwen3-8B,4,social-group,jewish
R_2PbXzyC2Si64VFz,133238,3685,0,0.0,Qwen3-8B,1,random,random
R_2PbXzyC2Si64VFz,133261,3686,0,0.0,Qwen3-8B,1,moral,purity
R_2PbXzyC2Si64VFz,133284,3687,0,0.0,Qwen3-8B,2,social-group,muslim
R_2PbXzyC2Si64VFz,133307,3688,0,0.0,Qwen3-8B,3,random,random
R_2PbXzyC2Si64VFz,133330,3689,0,0.0,Qwen3-8B,3,social-group,transgender
R_2PbXzyC2Si64VFz,133353,3690,0,0.0,Qwen3-8B,4,social-group,muslim
R_2PbXzyC2Si64VFz,133376,3691,0,0.0,Qwen3-8B,2,social-group,transgender
R_2PbXzyC2Si64VFz,133399,3692,0,0.0,Qwen3-8B,2,social-group,transgender
R_2PbXzyC2Si64VFz,133422,3693,0,0.0,Qwen3-8B,4,social-group,muslim
R_2PbXzyC2Si64VFz,133445,3694,0,0.0,Qwen3-8B,1,moral,care
R_2PbXzyC2Si64VFz,133468,3695,0,0.0,Qwen3-8B,3,social-group,LGB
R_2PbXzyC2Si64VFz,133491,3696,0,0.0,Qwen3-8B,4,social-group,transgender
R_2PbXzyC2Si64VFz,133514,3697,0,0.0,Qwen3-8B,4,social-group,jewish
R_82BSYqZ7vgLXgJ3,6774,112,0,0.0,Qwen3-8B,1,random,random
R_82BSYqZ7vgLXgJ3,15974,250,0,0.0,Qwen3-8B,2,random,random
R_82BSYqZ7vgLXgJ3,22014,344,0,0.0,Qwen3-8B,4,random,random
R_82BSYqZ7vgLXgJ3,22014,344,0,0.0,Qwen3-8B,4,moral,fairness
R_82BSYqZ7vgLXgJ3,22014,344,0,0.0,Qwen3-8B,4,random,random
R_82BSYqZ7vgLXgJ3,22014,344,0,0.0,Qwen3-8B,4,moral,fairness
R_82BSYqZ7vgLXgJ3,32398,515,0,0.0,Qwen3-8B,2,random,random
R_82BSYqZ7vgLXgJ3,33678,536,0,0.0,Qwen3-8B,2,random,random
R_82BSYqZ7vgLXgJ3,36935,591,0,0.0,Qwen3-8B,3,random,random
R_82BSYqZ7vgLXgJ3,49462,785,0,0.0,Qwen3-8B,2,random,random
R_82BSYqZ7vgLXgJ3,56379,889,0,0.0,Qwen3-8B,1,random,random
R_82BSYqZ7vgLXgJ3,57314,902,0,0.0,Qwen3-8B,3,random,random
R_82BSYqZ7vgLXgJ3,117693,3019,0,0.0,Qwen3-8B,3,social-group,jewish
R_82BSYqZ7vgLXgJ3,132963,3673,0,0.0,Qwen3-8B,5,social-group,jewish
R_82BSYqZ7vgLXgJ3,132986,3674,1,0.0,Qwen3-8B,3,social-group,transgender
R_82BSYqZ7vgLXgJ3,133009,3675,0,0.0,Qwen3-8B,4,random,random
R_82BSYqZ7vgLXgJ3,133032,3676,0,0.0,Qwen3-8B,5,social-group,jewish
R_82BSYqZ7vgLXgJ3,133055,3677,0,0.0,Qwen3-8B,3,random,random
R_82BSYqZ7vgLXgJ3,133078,3678,0,0.0,Qwen3-8B,4,social-group,LGB
R_82BSYqZ7vgLXgJ3,133101,3679,0,0.0,Qwen3-8B,2,social-group,muslim
R_82BSYqZ7vgLXgJ3,133124,3680,0,0.0,Qwen3-8B,2,social-group,muslim
R_82BSYqZ7vgLXgJ3,133147,3681,0,0.0,Qwen3-8B,4,social-group,LGB
R_82BSYqZ7vgLXgJ3,133170,3682,0,0.0,Qwen3-8B,2,random,random
R_82BSYqZ7vgLXgJ3,133193,3683,0,0.0,Qwen3-8B,5,social-group,LGB
R_82BSYqZ7vgLXgJ3,133216,3684,0,0.0,Qwen3-8B,4,social-group,jewish
R_82BSYqZ7vgLXgJ3,133239,3685,0,0.0,Qwen3-8B,1,random,random
R_82BSYqZ7vgLXgJ3,133262,3686,0,0.0,Qwen3-8B,1,moral,purity
R_82BSYqZ7vgLXgJ3,133285,3687,0,0.0,Qwen3-8B,2,social-group,muslim
R_82BSYqZ7vgLXgJ3,133308,3688,0,0.0,Qwen3-8B,3,random,random
R_82BSYqZ7vgLXgJ3,133331,3689,0,0.0,Qwen3-8B,3,social-group,transgender
R_82BSYqZ7vgLXgJ3,133354,3690,0,0.0,Qwen3-8B,4,social-group,muslim
R_82BSYqZ7vgLXgJ3,133377,3691,0,0.0,Qwen3-8B,2,social-group,transgender
R_82BSYqZ7vgLXgJ3,133400,3692,0,0.0,Qwen3-8B,2,social-group,transgender
R_82BSYqZ7vgLXgJ3,133423,3693,0,0.0,Qwen3-8B,4,social-group,muslim
R_82BSYqZ7vgLXgJ3,133446,3694,0,0.0,Qwen3-8B,1,moral,care
R_82BSYqZ7vgLXgJ3,133469,3695,0,0.0,Qwen3-8B,3,social-group,LGB
R_82BSYqZ7vgLXgJ3,133492,3696,0,0.0,Qwen3-8B,4,social-group,transgender
R_82BSYqZ7vgLXgJ3,133515,3697,0,0.0,Qwen3-8B,4,social-group,jewish
R_2BtXaUffdHCqwlR,6996,116,4,1.0,Qwen3-8B,3,random,random
R_2BtXaUffdHCqwlR,15201,239,2,1.0,Qwen3-8B,3,random,random
R_2BtXaUffdHCqwlR,20549,323,2,1.0,Qwen3-8B,3,random,random
R_2BtXaUffdHCqwlR,33519,534,4,1.0,Qwen3-8B,2,random,random
R_2BtXaUffdHCqwlR,34471,550,0,0.0,Qwen3-8B,3,random,random
R_2BtXaUffdHCqwlR,52619,829,0,0.0,Qwen3-8B,3,random,random
R_2BtXaUffdHCqwlR,68746,1090,0,0.0,Qwen3-8B,3,random,random
R_2BtXaUffdHCqwlR,148437,4350,0,0.0,Qwen3-8B,2,random,random
R_2BtXaUffdHCqwlR,148461,4351,4,1.0,Qwen3-8B,2,social-group,transgender
R_2BtXaUffdHCqwlR,148485,4352,0,0.0,Qwen3-8B,1,moral,authority
R_2BtXaUffdHCqwlR,148509,4353,4,1.0,Qwen3-8B,3,social-group,jewish
R_2BtXaUffdHCqwlR,148533,4354,4,1.0,Qwen3-8B,4,social-group,jewish
R_2BtXaUffdHCqwlR,148557,4355,4,1.0,Qwen3-8B,3,random,random
R_2BtXaUffdHCqwlR,148581,4356,4,1.0,Qwen3-8B,5,social-group,muslim
R_2BtXaUffdHCqwlR,148605,4357,3,1.0,Qwen3-8B,4,social-group,christian
R_2BtXaUffdHCqwlR,148629,4358,0,0.0,Qwen3-8B,2,moral,fairness
R_2BtXaUffdHCqwlR,148653,4359,4,1.0,Qwen3-8B,3,social-group,LGB
R_2BtXaUffdHCqwlR,148677,4360,4,1.0,Qwen3-8B,3,social-group,jewish
R_2BtXaUffdHCqwlR,148701,4361,3,1.0,Qwen3-8B,3,social-group,christian
R_2BtXaUffdHCqwlR,148725,4362,4,1.0,Qwen3-8B,2,social-group,christian
R_2BtXaUffdHCqwlR,148749,4363,4,1.0,Qwen3-8B,4,social-group,christian
R_2BtXaUffdHCqwlR,148773,4364,3,1.0,Qwen3-8B,3,social-group,christian
R_2BtXaUffdHCqwlR,148797,4365,4,1.0,Qwen3-8B,2,social-group,muslim
R_2BtXaUffdHCqwlR,148821,4366,4,1.0,Qwen3-8B,3,social-group,jewish
R_2BtXaUffdHCqwlR,148845,4367,1,0.0,Qwen3-8B,2,social-group,transgender
R_2BtXaUffdHCqwlR,148869,4368,0,0.0,Qwen3-8B,2,random,random
R_2BtXaUffdHCqwlR,148893,4369,0,0.0,Qwen3-8B,3,moral,care
R_2BtXaUffdHCqwlR,148917,4370,4,1.0,Qwen3-8B,1,social-group,transgender
R_2BtXaUffdHCqwlR,148941,4371,4,1.0,Qwen3-8B,5,social-group,muslim
R_2BtXaUffdHCqwlR,148965,4372,3,1.0,Qwen3-8B,2,random,random
R_2BtXaUffdHCqwlR,148989,4373,4,1.0,Qwen3-8B,4,social-group,LGB
R_2BtXaUffdHCqwlR,149013,4374,0,0.0,Qwen3-8B,2,random,random
R_2BtXaUffdHCqwlR,149037,4375,0,0.0,Qwen3-8B,3,social-group,LGB
R_2BtXaUffdHCqwlR,149061,4376,0,0.0,Qwen3-8B,1,moral,loyalty
R_2BtXaUffdHCqwlR,149085,4377,0,0.0,Qwen3-8B,3,moral,fairness
R_3CPLIKScHOARFf3,6997,116,0,0.0,Qwen3-8B,3,random,random
R_3CPLIKScHOARFf3,15202,239,2,1.0,Qwen3-8B,3,random,random
R_3CPLIKScHOARFf3,20550,323,4,1.0,Qwen3-8B,3,random,random
R_3CPLIKScHOARFf3,33520,534,0,0.0,Qwen3-8B,2,random,random
R_3CPLIKScHOARFf3,34472,550,4,1.0,Qwen3-8B,3,random,random
R_3CPLIKScHOARFf3,52620,829,4,1.0,Qwen3-8B,3,random,random
R_3CPLIKScHOARFf3,68747,1090,4,1.0,Qwen3-8B,3,random,random
R_3CPLIKScHOARFf3,148438,4350,4,1.0,Qwen3-8B,2,random,random
R_3CPLIKScHOARFf3,148462,4351,0,0.0,Qwen3-8B,2,social-group,transgender
R_3CPLIKScHOARFf3,148486,4352,0,0.0,Qwen3-8B,1,moral,authority
R_3CPLIKScHOARFf3,148510,4353,4,1.0,Qwen3-8B,3,social-group,jewish
R_3CPLIKScHOARFf3,148534,4354,4,1.0,Qwen3-8B,4,social-group,jewish
R_3CPLIKScHOARFf3,148558,4355,0,0.0,Qwen3-8B,3,random,random
R_3CPLIKScHOARFf3,148582,4356,4,1.0,Qwen3-8B,5,social-group,muslim
R_3CPLIKScHOARFf3,148606,4357,4,1.0,Qwen3-8B,4,social-group,christian
R_3CPLIKScHOARFf3,148630,4358,2,1.0,Qwen3-8B,2,moral,fairness
R_3CPLIKScHOARFf3,148654,4359,4,1.0,Qwen3-8B,3,social-group,LGB
R_3CPLIKScHOARFf3,148678,4360,4,1.0,Qwen3-8B,3,social-group,jewish
R_3CPLIKScHOARFf3,148702,4361,0,0.0,Qwen3-8B,3,social-group,christian
R_3CPLIKScHOARFf3,148726,4362,0,0.0,Qwen3-8B,2,social-group,christian
R_3CPLIKScHOARFf3,148750,4363,4,1.0,Qwen3-8B,4,social-group,christian
R_3CPLIKScHOARFf3,148774,4364,4,1.0,Qwen3-8B,3,social-group,christian
R_3CPLIKScHOARFf3,148798,4365,0,0.0,Qwen3-8B,2,social-group,muslim
R_3CPLIKScHOARFf3,148822,4366,4,1.0,Qwen3-8B,3,social-group,jewish
R_3CPLIKScHOARFf3,148846,4367,4,1.0,Qwen3-8B,2,social-group,transgender
R_3CPLIKScHOARFf3,148870,4368,0,0.0,Qwen3-8B,2,random,random
R_3CPLIKScHOARFf3,148894,4369,2,1.0,Qwen3-8B,3,moral,care
R_3CPLIKScHOARFf3,148918,4370,4,1.0,Qwen3-8B,1,social-group,transgender
R_3CPLIKScHOARFf3,148942,4371,4,1.0,Qwen3-8B,5,social-group,muslim
R_3CPLIKScHOARFf3,148966,4372,4,1.0,Qwen3-8B,2,random,random
R_3CPLIKScHOARFf3,148990,4373,4,1.0,Qwen3-8B,4,social-group,LGB
R_3CPLIKScHOARFf3,149014,4374,4,1.0,Qwen3-8B,2,random,random
R_3CPLIKScHOARFf3,149038,4375,0,0.0,Qwen3-8B,3,social-group,LGB
R_3CPLIKScHOARFf3,149062,4376,0,0.0,Qwen3-8B,1,moral,loyalty
R_3CPLIKScHOARFf3,149086,4377,0,0.0,Qwen3-8B,3,moral,fairness
R_3IT9YOLl4IewFtg,7019,116,0,0.0,Qwen3-8B,3,random,random
R_3IT9YOLl4IewFtg,15225,239,0,0.0,Qwen3-8B,3,random,random
R_3IT9YOLl4IewFtg,20571,323,0,0.0,Qwen3-8B,3,random,random
R_3IT9YOLl4IewFtg,33540,534,0,0.0,Qwen3-8B,2,random,random
R_3IT9YOLl4IewFtg,34492,550,0,0.0,Qwen3-8B,3,random,random
R_3IT9YOLl4IewFtg,52642,829,4,1.0,Qwen3-8B,3,random,random
R_3IT9YOLl4IewFtg,68767,1090,1,0.0,Qwen3-8B,3,random,random
R_3IT9YOLl4IewFtg,148445,4350,3,1.0,Qwen3-8B,2,random,random
R_3IT9YOLl4IewFtg,148469,4351,2,1.0,Qwen3-8B,2,social-group,transgender
R_3IT9YOLl4IewFtg,148493,4352,1,0.0,Qwen3-8B,1,moral,authority
R_3IT9YOLl4IewFtg,148517,4353,0,0.0,Qwen3-8B,3,social-group,jewish
R_3IT9YOLl4IewFtg,148541,4354,4,1.0,Qwen3-8B,4,social-group,jewish
R_3IT9YOLl4IewFtg,148565,4355,3,1.0,Qwen3-8B,3,random,random
R_3IT9YOLl4IewFtg,148589,4356,4,1.0,Qwen3-8B,5,social-group,muslim
R_3IT9YOLl4IewFtg,148613,4357,2,1.0,Qwen3-8B,4,social-group,christian
R_3IT9YOLl4IewFtg,148637,4358,0,0.0,Qwen3-8B,2,moral,fairness
R_3IT9YOLl4IewFtg,148661,4359,4,1.0,Qwen3-8B,3,social-group,LGB
R_3IT9YOLl4IewFtg,148685,4360,4,1.0,Qwen3-8B,3,social-group,jewish
R_3IT9YOLl4IewFtg,148709,4361,3,1.0,Qwen3-8B,3,social-group,christian
R_3IT9YOLl4IewFtg,148733,4362,0,0.0,Qwen3-8B,2,social-group,christian
R_3IT9YOLl4IewFtg,148757,4363,1,0.0,Qwen3-8B,4,social-group,christian
R_3IT9YOLl4IewFtg,148781,4364,0,0.0,Qwen3-8B,3,social-group,christian
R_3IT9YOLl4IewFtg,148805,4365,0,0.0,Qwen3-8B,2,social-group,muslim
R_3IT9YOLl4IewFtg,148829,4366,0,0.0,Qwen3-8B,3,social-group,jewish
R_3IT9YOLl4IewFtg,148853,4367,0,0.0,Qwen3-8B,2,social-group,transgender
R_3IT9YOLl4IewFtg,148877,4368,0,0.0,Qwen3-8B,2,random,random
R_3IT9YOLl4IewFtg,148901,4369,0,0.0,Qwen3-8B,3,moral,care
R_3IT9YOLl4IewFtg,148925,4370,0,0.0,Qwen3-8B,1,social-group,transgender
R_3IT9YOLl4IewFtg,148949,4371,0,0.0,Qwen3-8B,5,social-group,muslim
R_3IT9YOLl4IewFtg,148973,4372,1,0.0,Qwen3-8B,2,random,random
R_3IT9YOLl4IewFtg,148997,4373,4,1.0,Qwen3-8B,4,social-group,LGB
R_3IT9YOLl4IewFtg,149021,4374,3,1.0,Qwen3-8B,2,random,random
R_3IT9YOLl4IewFtg,149045,4375,2,1.0,Qwen3-8B,3,social-group,LGB
R_3IT9YOLl4IewFtg,149069,4376,0,0.0,Qwen3-8B,1,moral,loyalty
R_3IT9YOLl4IewFtg,149093,4377,0,0.0,Qwen3-8B,3,moral,fairness
R_3dDHJKvHMh6eq1c,7027,116,1,0.0,Qwen3-8B,3,random,random
R_3dDHJKvHMh6eq1c,15238,239,1,0.0,Qwen3-8B,3,random,random
R_3dDHJKvHMh6eq1c,20579,323,1,0.0,Qwen3-8B,3,random,random
R_3dDHJKvHMh6eq1c,33552,534,1,0.0,Qwen3-8B,2,random,random
R_3dDHJKvHMh6eq1c,34504,550,1,0.0,Qwen3-8B,3,random,random
R_3dDHJKvHMh6eq1c,52656,829,2,1.0,Qwen3-8B,3,random,random
R_3dDHJKvHMh6eq1c,68772,1090,2,1.0,Qwen3-8B,3,random,random
R_3dDHJKvHMh6eq1c,148449,4350,2,1.0,Qwen3-8B,2,random,random
R_3dDHJKvHMh6eq1c,148473,4351,2,1.0,Qwen3-8B,2,social-group,transgender
R_3dDHJKvHMh6eq1c,148497,4352,2,1.0,Qwen3-8B,1,moral,authority
R_3dDHJKvHMh6eq1c,148521,4353,2,1.0,Qwen3-8B,3,social-group,jewish
R_3dDHJKvHMh6eq1c,148545,4354,3,1.0,Qwen3-8B,4,social-group,jewish
R_3dDHJKvHMh6eq1c,148569,4355,2,1.0,Qwen3-8B,3,random,random
R_3dDHJKvHMh6eq1c,148593,4356,3,1.0,Qwen3-8B,5,social-group,muslim
R_3dDHJKvHMh6eq1c,148617,4357,2,1.0,Qwen3-8B,4,social-group,christian
R_3dDHJKvHMh6eq1c,148641,4358,0,0.0,Qwen3-8B,2,moral,fairness
R_3dDHJKvHMh6eq1c,148665,4359,2,1.0,Qwen3-8B,3,social-group,LGB
R_3dDHJKvHMh6eq1c,148689,4360,2,1.0,Qwen3-8B,3,social-group,jewish
R_3dDHJKvHMh6eq1c,148713,4361,1,0.0,Qwen3-8B,3,social-group,christian
R_3dDHJKvHMh6eq1c,148737,4362,2,1.0,Qwen3-8B,2,social-group,christian
R_3dDHJKvHMh6eq1c,148761,4363,2,1.0,Qwen3-8B,4,social-group,christian
R_3dDHJKvHMh6eq1c,148785,4364,2,1.0,Qwen3-8B,3,social-group,christian
R_3dDHJKvHMh6eq1c,148809,4365,2,1.0,Qwen3-8B,2,social-group,muslim
R_3dDHJKvHMh6eq1c,148833,4366,2,1.0,Qwen3-8B,3,social-group,jewish
R_3dDHJKvHMh6eq1c,148857,4367,2,1.0,Qwen3-8B,2,social-group,transgender
R_3dDHJKvHMh6eq1c,148881,4368,1,0.0,Qwen3-8B,2,random,random
R_3dDHJKvHMh6eq1c,148905,4369,1,0.0,Qwen3-8B,3,moral,care
R_3dDHJKvHMh6eq1c,148929,4370,0,0.0,Qwen3-8B,1,social-group,transgender
R_3dDHJKvHMh6eq1c,148953,4371,1,0.0,Qwen3-8B,5,social-group,muslim
R_3dDHJKvHMh6eq1c,148977,4372,1,0.0,Qwen3-8B,2,random,random
R_3dDHJKvHMh6eq1c,149001,4373,1,0.0,Qwen3-8B,4,social-group,LGB
R_3dDHJKvHMh6eq1c,149025,4374,2,1.0,Qwen3-8B,2,random,random
R_3dDHJKvHMh6eq1c,149049,4375,1,0.0,Qwen3-8B,3,social-group,LGB
R_3dDHJKvHMh6eq1c,149073,4376,0,0.0,Qwen3-8B,1,moral,loyalty
R_3dDHJKvHMh6eq1c,149097,4377,1,0.0,Qwen3-8B,3,moral,fairness
R_1DGQfOTdVaAU0JE,7070,117,0,0.0,Qwen3-8B,1,random,random
R_1DGQfOTdVaAU0JE,12744,204,0,0.0,Qwen3-8B,4,random,random
R_1DGQfOTdVaAU0JE,13839,220,0,0.0,Qwen3-8B,3,random,random
R_1DGQfOTdVaAU0JE,16429,258,0,0.0,Qwen3-8B,1,random,random
R_1DGQfOTdVaAU0JE,27688,441,0,0.0,Qwen3-8B,3,random,random
R_1DGQfOTdVaAU0JE,28677,460,0,0.0,Qwen3-8B,3,random,random
R_1DGQfOTdVaAU0JE,41808,673,0,0.0,Qwen3-8B,3,random,random
R_1DGQfOTdVaAU0JE,60240,949,0,0.0,Qwen3-8B,3,random,random
R_1DGQfOTdVaAU0JE,63860,1011,0,0.0,Qwen3-8B,3,random,random
R_1DGQfOTdVaAU0JE,71078,1133,0,0.0,Qwen3-8B,3,random,random
R_1DGQfOTdVaAU0JE,102217,2364,0,0.0,Qwen3-8B,3,moral,authority
R_1DGQfOTdVaAU0JE,119724,3112,0,0.0,Qwen3-8B,2,moral,loyalty
R_1DGQfOTdVaAU0JE,119746,3113,0,0.0,Qwen3-8B,1,moral,fairness
R_1DGQfOTdVaAU0JE,119768,3114,0,0.0,Qwen3-8B,2,social-group,christian
R_1DGQfOTdVaAU0JE,119790,3115,0,0.0,Qwen3-8B,3,social-group,muslim
R_1DGQfOTdVaAU0JE,119812,3116,0,0.0,Qwen3-8B,3,random,random
R_1DGQfOTdVaAU0JE,119834,3117,0,0.0,Qwen3-8B,4,social-group,christian
R_1DGQfOTdVaAU0JE,119856,3118,0,0.0,Qwen3-8B,5,social-group,muslim
R_1DGQfOTdVaAU0JE,119878,3119,0,0.0,Qwen3-8B,3,social-group,jewish
R_1DGQfOTdVaAU0JE,119900,3120,0,0.0,Qwen3-8B,1,random,random
R_1DGQfOTdVaAU0JE,119922,3121,0,0.0,Qwen3-8B,2,random,random
R_1DGQfOTdVaAU0JE,119944,3122,0,0.0,Qwen3-8B,2,moral,fairness
R_1DGQfOTdVaAU0JE,119966,3123,0,0.0,Qwen3-8B,5,social-group,muslim
R_1DGQfOTdVaAU0JE,119988,3124,0,0.0,Qwen3-8B,2,social-group,LGB
R_1DGQfOTdVaAU0JE,120010,3125,0,0.0,Qwen3-8B,3,social-group,transgender
R_1DGQfOTdVaAU0JE,120032,3126,0,0.0,Qwen3-8B,4,social-group,christian
R_1DGQfOTdVaAU0JE,120054,3127,0,0.0,Qwen3-8B,2,random,random
R_1DGQfOTdVaAU0JE,120076,3128,0,0.0,Qwen3-8B,5,social-group,jewish
R_1DGQfOTdVaAU0JE,120098,3129,0,0.0,Qwen3-8B,2,social-group,christian
R_1DGQfOTdVaAU0JE,120120,3130,0,0.0,Qwen3-8B,1,moral,loyalty
R_1DGQfOTdVaAU0JE,120142,3131,0,0.0,Qwen3-8B,3,social-group,LGB
R_1DGQfOTdVaAU0JE,120164,3132,0,0.0,Qwen3-8B,1,moral,loyalty
R_1DGQfOTdVaAU0JE,120186,3133,0,0.0,Qwen3-8B,5,social-group,jewish
R_1DGQfOTdVaAU0JE,120208,3134,0,0.0,Qwen3-8B,5,social-group,LGB
R_3CCpqifzugvRu7A,7115,117,0,0.0,Qwen3-8B,1,random,random
R_3CCpqifzugvRu7A,12792,204,0,0.0,Qwen3-8B,4,random,random
R_3CCpqifzugvRu7A,13887,220,1,0.0,Qwen3-8B,3,random,random
R_3CCpqifzugvRu7A,16473,258,0,0.0,Qwen3-8B,1,random,random
R_3CCpqifzugvRu7A,27725,441,0,0.0,Qwen3-8B,3,random,random
R_3CCpqifzugvRu7A,28725,460,0,0.0,Qwen3-8B,3,random,random
R_3CCpqifzugvRu7A,41854,673,1,0.0,Qwen3-8B,3,random,random
R_3CCpqifzugvRu7A,60275,949,0,0.0,Qwen3-8B,3,random,random
R_3CCpqifzugvRu7A,63904,1011,0,0.0,Qwen3-8B,3,random,random
R_3CCpqifzugvRu7A,71113,1133,0,0.0,Qwen3-8B,3,random,random
R_3CCpqifzugvRu7A,102245,2364,0,0.0,Qwen3-8B,3,moral,authority
R_3CCpqifzugvRu7A,119738,3112,1,0.0,Qwen3-8B,2,moral,loyalty
R_3CCpqifzugvRu7A,119760,3113,1,0.0,Qwen3-8B,1,moral,fairness
R_3CCpqifzugvRu7A,119782,3114,1,0.0,Qwen3-8B,2,social-group,christian
R_3CCpqifzugvRu7A,119804,3115,1,0.0,Qwen3-8B,3,social-group,muslim
R_3CCpqifzugvRu7A,119826,3116,0,0.0,Qwen3-8B,3,random,random
R_3CCpqifzugvRu7A,119848,3117,1,0.0,Qwen3-8B,4,social-group,christian
R_3CCpqifzugvRu7A,119870,3118,1,0.0,Qwen3-8B,5,social-group,muslim
R_3CCpqifzugvRu7A,119892,3119,1,0.0,Qwen3-8B,3,social-group,jewish
R_3CCpqifzugvRu7A,119914,3120,0,0.0,Qwen3-8B,1,random,random
R_3CCpqifzugvRu7A,119936,3121,0,0.0,Qwen3-8B,2,random,random
R_3CCpqifzugvRu7A,119958,3122,0,0.0,Qwen3-8B,2,moral,fairness
R_3CCpqifzugvRu7A,119980,3123,1,0.0,Qwen3-8B,5,social-group,muslim
R_3CCpqifzugvRu7A,120002,3124,1,0.0,Qwen3-8B,2,social-group,LGB
R_3CCpqifzugvRu7A,120024,3125,0,0.0,Qwen3-8B,3,social-group,transgender
R_3CCpqifzugvRu7A,120046,3126,0,0.0,Qwen3-8B,4,social-group,christian
R_3CCpqifzugvRu7A,120068,3127,1,0.0,Qwen3-8B,2,random,random
R_3CCpqifzugvRu7A,120090,3128,1,0.0,Qwen3-8B,5,social-group,jewish
R_3CCpqifzugvRu7A,120112,3129,0,0.0,Qwen3-8B,2,social-group,christian
R_3CCpqifzugvRu7A,120134,3130,0,0.0,Qwen3-8B,1,moral,loyalty
R_3CCpqifzugvRu7A,120156,3131,1,0.0,Qwen3-8B,3,social-group,LGB
R_3CCpqifzugvRu7A,120178,3132,0,0.0,Qwen3-8B,1,moral,loyalty
R_3CCpqifzugvRu7A,120200,3133,1,0.0,Qwen3-8B,5,social-group,jewish
R_3CCpqifzugvRu7A,120222,3134,1,0.0,Qwen3-8B,5,social-group,LGB
R_2CWmYAp70pjZpmO,7192,119,1,0.0,Qwen3-8B,3,random,random
R_2CWmYAp70pjZpmO,13502,215,0,0.0,Qwen3-8B,2,random,random
R_2CWmYAp70pjZpmO,15603,245,0,0.0,Qwen3-8B,1,random,random
R_2CWmYAp70pjZpmO,22195,347,1,0.0,Qwen3-8B,1,random,random
R_2CWmYAp70pjZpmO,28984,465,-1,,Qwen3-8B,1,random,random
R_2CWmYAp70pjZpmO,34233,546,0,0.0,Qwen3-8B,2,random,random
R_2CWmYAp70pjZpmO,51382,815,1,0.0,Qwen3-8B,2,random,random
R_2CWmYAp70pjZpmO,52087,826,1,0.0,Qwen3-8B,3,random,random
R_2CWmYAp70pjZpmO,58428,917,1,0.0,Qwen3-8B,4,random,random
R_2CWmYAp70pjZpmO,62348,988,1,0.0,Qwen3-8B,3,random,random
R_2CWmYAp70pjZpmO,151577,4484,1,0.0,Qwen3-8B,3,social-group,jewish
R_2CWmYAp70pjZpmO,151599,4485,2,1.0,Qwen3-8B,4,social-group,transgender
R_2CWmYAp70pjZpmO,151621,4486,2,1.0,Qwen3-8B,3,moral,authority
R_2CWmYAp70pjZpmO,151643,4487,4,1.0,Qwen3-8B,5,social-group,transgender
R_2CWmYAp70pjZpmO,151665,4488,0,0.0,Qwen3-8B,1,moral,fairness
R_2CWmYAp70pjZpmO,151687,4489,0,0.0,Qwen3-8B,3,social-group,transgender
R_2CWmYAp70pjZpmO,151709,4490,0,0.0,Qwen3-8B,4,moral,loyalty
R_2CWmYAp70pjZpmO,151731,4491,1,0.0,Qwen3-8B,3,random,random
R_2CWmYAp70pjZpmO,151753,4492,1,0.0,Qwen3-8B,3,social-group,christian
R_2CWmYAp70pjZpmO,151775,4493,0,0.0,Qwen3-8B,3,random,random
R_2CWmYAp70pjZpmO,151797,4494,0,0.0,Qwen3-8B,1,moral,loyalty
R_2CWmYAp70pjZpmO,151819,4495,1,0.0,Qwen3-8B,4,social-group,christian
R_2CWmYAp70pjZpmO,151841,4496,2,1.0,Qwen3-8B,4,social-group,jewish
R_2CWmYAp70pjZpmO,151863,4497,4,1.0,Qwen3-8B,3,social-group,LGB
R_2CWmYAp70pjZpmO,151885,4498,0,0.0,Qwen3-8B,5,social-group,transgender
R_2CWmYAp70pjZpmO,151907,4499,3,1.0,Qwen3-8B,4,social-group,transgender
R_2CWmYAp70pjZpmO,151929,4500,0,0.0,Qwen3-8B,4,social-group,muslim
R_2CWmYAp70pjZpmO,151951,4501,0,0.0,Qwen3-8B,2,social-group,LGB
R_2CWmYAp70pjZpmO,151973,4502,1,0.0,Qwen3-8B,4,social-group,LGB
R_2CWmYAp70pjZpmO,151995,4503,2,1.0,Qwen3-8B,4,social-group,LGB
R_2CWmYAp70pjZpmO,152017,4504,4,1.0,Qwen3-8B,5,social-group,muslim
R_2CWmYAp70pjZpmO,152039,4505,1,0.0,Qwen3-8B,3,random,random
R_2CWmYAp70pjZpmO,152061,4506,0,0.0,Qwen3-8B,2,moral,fairness
R_2CWmYAp70pjZpmO,152083,4507,2,1.0,Qwen3-8B,5,social-group,christian
R_2CWmYAp70pjZpmO,152105,4508,0,0.0,Qwen3-8B,3,social-group,LGB
R_2w02zeurVHUT5Sl,7197,119,1,0.0,Qwen3-8B,3,random,random
R_2w02zeurVHUT5Sl,13508,215,0,0.0,Qwen3-8B,2,random,random
R_2w02zeurVHUT5Sl,15609,245,0,0.0,Qwen3-8B,1,random,random
R_2w02zeurVHUT5Sl,22200,347,0,0.0,Qwen3-8B,1,random,random
R_2w02zeurVHUT5Sl,28989,465,0,0.0,Qwen3-8B,1,random,random
R_2w02zeurVHUT5Sl,34240,546,3,1.0,Qwen3-8B,2,random,random
R_2w02zeurVHUT5Sl,51386,815,0,0.0,Qwen3-8B,2,random,random
R_2w02zeurVHUT5Sl,52091,826,0,0.0,Qwen3-8B,3,random,random
R_2w02zeurVHUT5Sl,58433,917,2,1.0,Qwen3-8B,4,random,random
R_2w02zeurVHUT5Sl,62353,988,0,0.0,Qwen3-8B,3,random,random
R_2w02zeurVHUT5Sl,151578,4484,2,1.0,Qwen3-8B,3,social-group,jewish
R_2w02zeurVHUT5Sl,151600,4485,1,0.0,Qwen3-8B,4,social-group,transgender
R_2w02zeurVHUT5Sl,151622,4486,2,1.0,Qwen3-8B,3,moral,authority
R_2w02zeurVHUT5Sl,151644,4487,0,0.0,Qwen3-8B,5,social-group,transgender
R_2w02zeurVHUT5Sl,151666,4488,0,0.0,Qwen3-8B,1,moral,fairness
R_2w02zeurVHUT5Sl,151688,4489,0,0.0,Qwen3-8B,3,social-group,transgender
R_2w02zeurVHUT5Sl,151710,4490,0,0.0,Qwen3-8B,4,moral,loyalty
R_2w02zeurVHUT5Sl,151732,4491,0,0.0,Qwen3-8B,3,random,random
R_2w02zeurVHUT5Sl,151754,4492,0,0.0,Qwen3-8B,3,social-group,christian
R_2w02zeurVHUT5Sl,151776,4493,3,1.0,Qwen3-8B,3,random,random
R_2w02zeurVHUT5Sl,151798,4494,0,0.0,Qwen3-8B,1,moral,loyalty
R_2w02zeurVHUT5Sl,151820,4495,4,1.0,Qwen3-8B,4,social-group,christian
R_2w02zeurVHUT5Sl,151842,4496,1,0.0,Qwen3-8B,4,social-group,jewish
R_2w02zeurVHUT5Sl,151864,4497,2,1.0,Qwen3-8B,3,social-group,LGB
R_2w02zeurVHUT5Sl,151886,4498,0,0.0,Qwen3-8B,5,social-group,transgender
R_2w02zeurVHUT5Sl,151908,4499,0,0.0,Qwen3-8B,4,social-group,transgender
R_2w02zeurVHUT5Sl,151930,4500,4,1.0,Qwen3-8B,4,social-group,muslim
R_2w02zeurVHUT5Sl,151952,4501,3,1.0,Qwen3-8B,2,social-group,LGB
R_2w02zeurVHUT5Sl,151974,4502,0,0.0,Qwen3-8B,4,social-group,LGB
R_2w02zeurVHUT5Sl,151996,4503,2,1.0,Qwen3-8B,4,social-group,LGB
R_2w02zeurVHUT5Sl,152018,4504,4,1.0,Qwen3-8B,5,social-group,muslim
R_2w02zeurVHUT5Sl,152040,4505,3,1.0,Qwen3-8B,3,random,random
R_2w02zeurVHUT5Sl,152062,4506,0,0.0,Qwen3-8B,2,moral,fairness
R_2w02zeurVHUT5Sl,152084,4507,2,1.0,Qwen3-8B,5,social-group,christian
R_2w02zeurVHUT5Sl,152106,4508,0,0.0,Qwen3-8B,3,social-group,LGB
R_3fwlYJBcC6GtFSN,7206,119,2,1.0,Qwen3-8B,3,random,random
R_3fwlYJBcC6GtFSN,13516,215,0,0.0,Qwen3-8B,2,random,random
R_3fwlYJBcC6GtFSN,15617,245,3,1.0,Qwen3-8B,1,random,random
R_3fwlYJBcC6GtFSN,22210,347,2,1.0,Qwen3-8B,1,random,random
R_3fwlYJBcC6GtFSN,28999,465,0,0.0,Qwen3-8B,1,random,random
R_3fwlYJBcC6GtFSN,34248,546,2,1.0,Qwen3-8B,2,random,random
R_3fwlYJBcC6GtFSN,51399,815,2,1.0,Qwen3-8B,2,random,random
R_3fwlYJBcC6GtFSN,52104,826,0,0.0,Qwen3-8B,3,random,random
R_3fwlYJBcC6GtFSN,58441,917,4,1.0,Qwen3-8B,4,random,random
R_3fwlYJBcC6GtFSN,62361,988,4,1.0,Qwen3-8B,3,random,random
R_3fwlYJBcC6GtFSN,151583,4484,3,1.0,Qwen3-8B,3,social-group,jewish
R_3fwlYJBcC6GtFSN,151605,4485,4,1.0,Qwen3-8B,4,social-group,transgender
R_3fwlYJBcC6GtFSN,151627,4486,2,1.0,Qwen3-8B,3,moral,authority
R_3fwlYJBcC6GtFSN,151649,4487,4,1.0,Qwen3-8B,5,social-group,transgender
R_3fwlYJBcC6GtFSN,151671,4488,0,0.0,Qwen3-8B,1,moral,fairness
R_3fwlYJBcC6GtFSN,151693,4489,3,1.0,Qwen3-8B,3,social-group,transgender
R_3fwlYJBcC6GtFSN,151715,4490,1,0.0,Qwen3-8B,4,moral,loyalty
R_3fwlYJBcC6GtFSN,151737,4491,3,1.0,Qwen3-8B,3,random,random
R_3fwlYJBcC6GtFSN,151759,4492,3,1.0,Qwen3-8B,3,social-group,christian
R_3fwlYJBcC6GtFSN,151781,4493,0,0.0,Qwen3-8B,3,random,random
R_3fwlYJBcC6GtFSN,151803,4494,0,0.0,Qwen3-8B,1,moral,loyalty
R_3fwlYJBcC6GtFSN,151825,4495,4,1.0,Qwen3-8B,4,social-group,christian
R_3fwlYJBcC6GtFSN,151847,4496,4,1.0,Qwen3-8B,4,social-group,jewish
R_3fwlYJBcC6GtFSN,151869,4497,4,1.0,Qwen3-8B,3,social-group,LGB
R_3fwlYJBcC6GtFSN,151891,4498,4,1.0,Qwen3-8B,5,social-group,transgender
R_3fwlYJBcC6GtFSN,151913,4499,2,1.0,Qwen3-8B,4,social-group,transgender
R_3fwlYJBcC6GtFSN,151935,4500,3,1.0,Qwen3-8B,4,social-group,muslim
R_3fwlYJBcC6GtFSN,151957,4501,1,0.0,Qwen3-8B,2,social-group,LGB
R_3fwlYJBcC6GtFSN,151979,4502,1,0.0,Qwen3-8B,4,social-group,LGB
R_3fwlYJBcC6GtFSN,152001,4503,2,1.0,Qwen3-8B,4,social-group,LGB
R_3fwlYJBcC6GtFSN,152023,4504,0,0.0,Qwen3-8B,5,social-group,muslim
R_3fwlYJBcC6GtFSN,152045,4505,4,1.0,Qwen3-8B,3,random,random
R_3fwlYJBcC6GtFSN,152067,4506,3,1.0,Qwen3-8B,2,moral,fairness
R_3fwlYJBcC6GtFSN,152089,4507,3,1.0,Qwen3-8B,5,social-group,christian
R_3fwlYJBcC6GtFSN,152111,4508,0,0.0,Qwen3-8B,3,social-group,LGB
R_0uCz9edSlreQoRH,7229,119,0,0.0,Qwen3-8B,3,random,random
R_0uCz9edSlreQoRH,13542,215,0,0.0,Qwen3-8B,2,random,random
R_0uCz9edSlreQoRH,15643,245,0,0.0,Qwen3-8B,1,random,random
R_0uCz9edSlreQoRH,22228,347,0,0.0,Qwen3-8B,1,random,random
R_0uCz9edSlreQoRH,29024,465,0,0.0,Qwen3-8B,1,random,random
R_0uCz9edSlreQoRH,34270,546,0,0.0,Qwen3-8B,2,random,random
R_0uCz9edSlreQoRH,51423,815,0,0.0,Qwen3-8B,2,random,random
R_0uCz9edSlreQoRH,52128,826,0,0.0,Qwen3-8B,3,random,random
R_0uCz9edSlreQoRH,58461,917,0,0.0,Qwen3-8B,4,random,random
R_0uCz9edSlreQoRH,62386,988,0,0.0,Qwen3-8B,3,random,random
R_0uCz9edSlreQoRH,151590,4484,0,0.0,Qwen3-8B,3,social-group,jewish
R_0uCz9edSlreQoRH,151612,4485,0,0.0,Qwen3-8B,4,social-group,transgender
R_0uCz9edSlreQoRH,151634,4486,0,0.0,Qwen3-8B,3,moral,authority
R_0uCz9edSlreQoRH,151656,4487,0,0.0,Qwen3-8B,5,social-group,transgender
R_0uCz9edSlreQoRH,151678,4488,0,0.0,Qwen3-8B,1,moral,fairness
R_0uCz9edSlreQoRH,151700,4489,0,0.0,Qwen3-8B,3,social-group,transgender
R_0uCz9edSlreQoRH,151722,4490,0,0.0,Qwen3-8B,4,moral,loyalty
R_0uCz9edSlreQoRH,151744,4491,0,0.0,Qwen3-8B,3,random,random
R_0uCz9edSlreQoRH,151766,4492,0,0.0,Qwen3-8B,3,social-group,christian
R_0uCz9edSlreQoRH,151788,4493,0,0.0,Qwen3-8B,3,random,random
R_0uCz9edSlreQoRH,151810,4494,0,0.0,Qwen3-8B,1,moral,loyalty
R_0uCz9edSlreQoRH,151832,4495,0,0.0,Qwen3-8B,4,social-group,christian
R_0uCz9edSlreQoRH,151854,4496,0,0.0,Qwen3-8B,4,social-group,jewish
R_0uCz9edSlreQoRH,151876,4497,0,0.0,Qwen3-8B,3,social-group,LGB
R_0uCz9edSlreQoRH,151898,4498,0,0.0,Qwen3-8B,5,social-group,transgender
R_0uCz9edSlreQoRH,151920,4499,0,0.0,Qwen3-8B,4,social-group,transgender
R_0uCz9edSlreQoRH,151942,4500,0,0.0,Qwen3-8B,4,social-group,muslim
R_0uCz9edSlreQoRH,151964,4501,0,0.0,Qwen3-8B,2,social-group,LGB
R_0uCz9edSlreQoRH,151986,4502,0,0.0,Qwen3-8B,4,social-group,LGB
R_0uCz9edSlreQoRH,152008,4503,0,0.0,Qwen3-8B,4,social-group,LGB
R_0uCz9edSlreQoRH,152030,4504,0,0.0,Qwen3-8B,5,social-group,muslim
R_0uCz9edSlreQoRH,152052,4505,0,0.0,Qwen3-8B,3,random,random
R_0uCz9edSlreQoRH,152074,4506,0,0.0,Qwen3-8B,2,moral,fairness
R_0uCz9edSlreQoRH,152096,4507,0,0.0,Qwen3-8B,5,social-group,christian
R_0uCz9edSlreQoRH,152118,4508,0,0.0,Qwen3-8B,3,social-group,LGB
R_3CPH2FqfoW5XSIJ,7329,121,1,0.0,Qwen3-8B,3,random,random
R_3CPH2FqfoW5XSIJ,24650,389,0,0.0,Qwen3-8B,3,random,random
R_3CPH2FqfoW5XSIJ,40472,651,0,0.0,Qwen3-8B,2,random,random
R_3CPH2FqfoW5XSIJ,44466,714,0,0.0,Qwen3-8B,4,random,random
R_3CPH2FqfoW5XSIJ,54873,866,0,0.0,Qwen3-8B,2,random,random
R_3CPH2FqfoW5XSIJ,66494,1052,1,0.0,Qwen3-8B,3,random,random
R_3CPH2FqfoW5XSIJ,109108,2660,0,0.0,Qwen3-8B,1,moral,loyalty
R_3CPH2FqfoW5XSIJ,109108,2660,0,0.0,Qwen3-8B,1,moral,care
R_3CPH2FqfoW5XSIJ,109108,2660,0,0.0,Qwen3-8B,1,moral,loyalty
R_3CPH2FqfoW5XSIJ,109108,2660,0,0.0,Qwen3-8B,1,moral,care
R_3CPH2FqfoW5XSIJ,109188,2661,0,0.0,Qwen3-8B,4,social-group,christian
R_3CPH2FqfoW5XSIJ,109212,2662,0,0.0,Qwen3-8B,2,social-group,jewish
R_3CPH2FqfoW5XSIJ,109236,2663,0,0.0,Qwen3-8B,2,social-group,LGB
R_3CPH2FqfoW5XSIJ,109260,2664,0,0.0,Qwen3-8B,5,social-group,christian
R_3CPH2FqfoW5XSIJ,109284,2665,1,0.0,Qwen3-8B,5,social-group,jewish
R_3CPH2FqfoW5XSIJ,109308,2666,0,0.0,Qwen3-8B,2,random,random
R_3CPH2FqfoW5XSIJ,109332,2667,1,0.0,Qwen3-8B,2,moral,fairness
R_3CPH2FqfoW5XSIJ,109356,2668,1,0.0,Qwen3-8B,3,social-group,transgender
R_3CPH2FqfoW5XSIJ,109380,2669,0,0.0,Qwen3-8B,2,random,random
R_3CPH2FqfoW5XSIJ,109404,2670,0,0.0,Qwen3-8B,1,social-group,muslim
R_3CPH2FqfoW5XSIJ,109428,2671,0,0.0,Qwen3-8B,5,social-group,jewish
R_3CPH2FqfoW5XSIJ,109452,2672,0,0.0,Qwen3-8B,3,social-group,jewish
R_3CPH2FqfoW5XSIJ,109476,2673,0,0.0,Qwen3-8B,2,social-group,jewish
R_3CPH2FqfoW5XSIJ,109500,2674,4,1.0,Qwen3-8B,3,random,random
R_3CPH2FqfoW5XSIJ,109524,2675,1,0.0,Qwen3-8B,4,social-group,transgender
R_3CPH2FqfoW5XSIJ,109548,2676,1,0.0,Qwen3-8B,2,social-group,LGB
R_3CPH2FqfoW5XSIJ,109572,2677,0,0.0,Qwen3-8B,2,social-group,christian
R_3CPH2FqfoW5XSIJ,109596,2678,0,0.0,Qwen3-8B,2,social-group,transgender
R_3CPH2FqfoW5XSIJ,109620,2679,1,0.0,Qwen3-8B,2,social-group,christian
R_3CPH2FqfoW5XSIJ,109644,2680,0,0.0,Qwen3-8B,4,social-group,LGB
R_3CPH2FqfoW5XSIJ,109668,2681,0,0.0,Qwen3-8B,1,social-group,christian
R_3CPH2FqfoW5XSIJ,109692,2682,0,0.0,Qwen3-8B,3,random,random
R_3CPH2FqfoW5XSIJ,109716,2683,1,0.0,Qwen3-8B,4,random,random
R_3CPH2FqfoW5XSIJ,109740,2684,0,0.0,Qwen3-8B,3,social-group,jewish
R_3CPH2FqfoW5XSIJ,109764,2685,1,0.0,Qwen3-8B,4,social-group,transgender
R_3CPH2FqfoW5XSIJ,109788,2686,0,0.0,Qwen3-8B,3,moral,authority
R_3CPH2FqfoW5XSIJ,109812,2687,1,0.0,Qwen3-8B,4,social-group,LGB
R_3CPH2FqfoW5XSIJ,109836,2688,0,0.0,Qwen3-8B,4,social-group,christian
R_2s5u4Zmkba7Zeri,7359,121,1,0.0,Qwen3-8B,3,random,random
R_2s5u4Zmkba7Zeri,24678,389,2,1.0,Qwen3-8B,3,random,random
R_2s5u4Zmkba7Zeri,40501,651,1,0.0,Qwen3-8B,2,random,random
R_2s5u4Zmkba7Zeri,44499,714,3,1.0,Qwen3-8B,4,random,random
R_2s5u4Zmkba7Zeri,54907,866,2,1.0,Qwen3-8B,2,random,random
R_2s5u4Zmkba7Zeri,66526,1052,2,1.0,Qwen3-8B,3,random,random
R_2s5u4Zmkba7Zeri,109150,2660,0,0.0,Qwen3-8B,1,moral,loyalty
R_2s5u4Zmkba7Zeri,109150,2660,0,0.0,Qwen3-8B,1,moral,care
R_2s5u4Zmkba7Zeri,109150,2660,0,0.0,Qwen3-8B,1,moral,loyalty
R_2s5u4Zmkba7Zeri,109150,2660,0,0.0,Qwen3-8B,1,moral,care
R_2s5u4Zmkba7Zeri,109198,2661,2,1.0,Qwen3-8B,4,social-group,christian
R_2s5u4Zmkba7Zeri,109222,2662,2,1.0,Qwen3-8B,2,social-group,jewish
R_2s5u4Zmkba7Zeri,109246,2663,0,0.0,Qwen3-8B,2,social-group,LGB
R_2s5u4Zmkba7Zeri,109270,2664,3,1.0,Qwen3-8B,5,social-group,christian
R_2s5u4Zmkba7Zeri,109294,2665,4,1.0,Qwen3-8B,5,social-group,jewish
R_2s5u4Zmkba7Zeri,109318,2666,2,1.0,Qwen3-8B,2,random,random
R_2s5u4Zmkba7Zeri,109342,2667,0,0.0,Qwen3-8B,2,moral,fairness
R_2s5u4Zmkba7Zeri,109366,2668,0,0.0,Qwen3-8B,3,social-group,transgender
R_2s5u4Zmkba7Zeri,109390,2669,1,0.0,Qwen3-8B,2,random,random
R_2s5u4Zmkba7Zeri,109414,2670,1,0.0,Qwen3-8B,1,social-group,muslim
R_2s5u4Zmkba7Zeri,109438,2671,1,0.0,Qwen3-8B,5,social-group,jewish
R_2s5u4Zmkba7Zeri,109462,2672,2,1.0,Qwen3-8B,3,social-group,jewish
R_2s5u4Zmkba7Zeri,109486,2673,0,0.0,Qwen3-8B,2,social-group,jewish
R_2s5u4Zmkba7Zeri,109510,2674,2,1.0,Qwen3-8B,3,random,random
R_2s5u4Zmkba7Zeri,109534,2675,1,0.0,Qwen3-8B,4,social-group,transgender
R_2s5u4Zmkba7Zeri,109558,2676,0,0.0,Qwen3-8B,2,social-group,LGB
R_2s5u4Zmkba7Zeri,109582,2677,0,0.0,Qwen3-8B,2,social-group,christian
R_2s5u4Zmkba7Zeri,109606,2678,2,1.0,Qwen3-8B,2,social-group,transgender
R_2s5u4Zmkba7Zeri,109630,2679,1,0.0,Qwen3-8B,2,social-group,christian
R_2s5u4Zmkba7Zeri,109654,2680,0,0.0,Qwen3-8B,4,social-group,LGB
R_2s5u4Zmkba7Zeri,109678,2681,1,0.0,Qwen3-8B,1,social-group,christian
R_2s5u4Zmkba7Zeri,109702,2682,2,1.0,Qwen3-8B,3,random,random
R_2s5u4Zmkba7Zeri,109726,2683,1,0.0,Qwen3-8B,4,random,random
R_2s5u4Zmkba7Zeri,109750,2684,0,0.0,Qwen3-8B,3,social-group,jewish
R_2s5u4Zmkba7Zeri,109774,2685,2,1.0,Qwen3-8B,4,social-group,transgender
R_2s5u4Zmkba7Zeri,109798,2686,2,1.0,Qwen3-8B,3,moral,authority
R_2s5u4Zmkba7Zeri,109822,2687,2,1.0,Qwen3-8B,4,social-group,LGB
R_2s5u4Zmkba7Zeri,109846,2688,0,0.0,Qwen3-8B,4,social-group,christian
R_xc2NgnhtJfGekxz,7361,121,0,0.0,Qwen3-8B,3,random,random
R_xc2NgnhtJfGekxz,24680,389,0,0.0,Qwen3-8B,3,random,random
R_xc2NgnhtJfGekxz,40503,651,0,0.0,Qwen3-8B,2,random,random
R_xc2NgnhtJfGekxz,44501,714,0,0.0,Qwen3-8B,4,random,random
R_xc2NgnhtJfGekxz,54909,866,0,0.0,Qwen3-8B,2,random,random
R_xc2NgnhtJfGekxz,66528,1052,0,0.0,Qwen3-8B,3,random,random
R_xc2NgnhtJfGekxz,109158,2660,0,0.0,Qwen3-8B,1,moral,loyalty
R_xc2NgnhtJfGekxz,109158,2660,0,0.0,Qwen3-8B,1,moral,care
R_xc2NgnhtJfGekxz,109158,2660,0,0.0,Qwen3-8B,1,moral,loyalty
R_xc2NgnhtJfGekxz,109158,2660,0,0.0,Qwen3-8B,1,moral,care
R_xc2NgnhtJfGekxz,109200,2661,0,0.0,Qwen3-8B,4,social-group,christian
R_xc2NgnhtJfGekxz,109224,2662,0,0.0,Qwen3-8B,2,social-group,jewish
R_xc2NgnhtJfGekxz,109248,2663,0,0.0,Qwen3-8B,2,social-group,LGB
R_xc2NgnhtJfGekxz,109272,2664,0,0.0,Qwen3-8B,5,social-group,christian
R_xc2NgnhtJfGekxz,109296,2665,0,0.0,Qwen3-8B,5,social-group,jewish
R_xc2NgnhtJfGekxz,109320,2666,0,0.0,Qwen3-8B,2,random,random
R_xc2NgnhtJfGekxz,109344,2667,0,0.0,Qwen3-8B,2,moral,fairness
R_xc2NgnhtJfGekxz,109368,2668,0,0.0,Qwen3-8B,3,social-group,transgender
R_xc2NgnhtJfGekxz,109392,2669,0,0.0,Qwen3-8B,2,random,random
R_xc2NgnhtJfGekxz,109416,2670,0,0.0,Qwen3-8B,1,social-group,muslim
R_xc2NgnhtJfGekxz,109440,2671,0,0.0,Qwen3-8B,5,social-group,jewish
R_xc2NgnhtJfGekxz,109464,2672,0,0.0,Qwen3-8B,3,social-group,jewish
R_xc2NgnhtJfGekxz,109488,2673,0,0.0,Qwen3-8B,2,social-group,jewish
R_xc2NgnhtJfGekxz,109512,2674,0,0.0,Qwen3-8B,3,random,random
R_xc2NgnhtJfGekxz,109536,2675,0,0.0,Qwen3-8B,4,social-group,transgender
R_xc2NgnhtJfGekxz,109560,2676,0,0.0,Qwen3-8B,2,social-group,LGB
R_xc2NgnhtJfGekxz,109584,2677,0,0.0,Qwen3-8B,2,social-group,christian
R_xc2NgnhtJfGekxz,109608,2678,0,0.0,Qwen3-8B,2,social-group,transgender
R_xc2NgnhtJfGekxz,109632,2679,0,0.0,Qwen3-8B,2,social-group,christian
R_xc2NgnhtJfGekxz,109656,2680,0,0.0,Qwen3-8B,4,social-group,LGB
R_xc2NgnhtJfGekxz,109680,2681,0,0.0,Qwen3-8B,1,social-group,christian
R_xc2NgnhtJfGekxz,109704,2682,0,0.0,Qwen3-8B,3,random,random
R_xc2NgnhtJfGekxz,109728,2683,0,0.0,Qwen3-8B,4,random,random
R_xc2NgnhtJfGekxz,109752,2684,0,0.0,Qwen3-8B,3,social-group,jewish
R_xc2NgnhtJfGekxz,109776,2685,0,0.0,Qwen3-8B,4,social-group,transgender
R_xc2NgnhtJfGekxz,109800,2686,0,0.0,Qwen3-8B,3,moral,authority
R_xc2NgnhtJfGekxz,109824,2687,0,0.0,Qwen3-8B,4,social-group,LGB
R_xc2NgnhtJfGekxz,109848,2688,0,0.0,Qwen3-8B,4,social-group,christian
R_8D5OghPhXsUjJWp,7389,122,0,0.0,Qwen3-8B,1,random,random
R_8D5OghPhXsUjJWp,8723,141,0,0.0,Qwen3-8B,3,random,random
R_8D5OghPhXsUjJWp,49295,783,0,0.0,Qwen3-8B,3,random,random
R_8D5OghPhXsUjJWp,52151,827,0,0.0,Qwen3-8B,2,random,random
R_8D5OghPhXsUjJWp,65058,1030,0,0.0,Qwen3-8B,1,random,random
R_8D5OghPhXsUjJWp,69674,1107,0,0.0,Qwen3-8B,3,random,random
R_8D5OghPhXsUjJWp,70276,1118,2,1.0,Qwen3-8B,3,random,random
R_8D5OghPhXsUjJWp,89163,1829,0,0.0,Qwen3-8B,1,random,random
R_8D5OghPhXsUjJWp,89187,1830,0,0.0,Qwen3-8B,3,social-group,christian
R_8D5OghPhXsUjJWp,89211,1831,2,1.0,Qwen3-8B,1,social-group,transgender
R_8D5OghPhXsUjJWp,89235,1832,0,0.0,Qwen3-8B,2,social-group,LGB
R_8D5OghPhXsUjJWp,89259,1833,2,1.0,Qwen3-8B,5,social-group,LGB
R_8D5OghPhXsUjJWp,89283,1834,2,1.0,Qwen3-8B,4,social-group,transgender
R_8D5OghPhXsUjJWp,89307,1835,2,1.0,Qwen3-8B,4,social-group,christian
R_8D5OghPhXsUjJWp,89331,1836,2,1.0,Qwen3-8B,4,social-group,transgender
R_8D5OghPhXsUjJWp,89355,1837,2,1.0,Qwen3-8B,3,social-group,transgender
R_8D5OghPhXsUjJWp,89379,1838,2,1.0,Qwen3-8B,5,social-group,muslim
R_8D5OghPhXsUjJWp,89403,1839,0,0.0,Qwen3-8B,1,social-group,transgender
R_8D5OghPhXsUjJWp,89431,1840,2,1.0,Qwen3-8B,4,random,random
R_8D5OghPhXsUjJWp,89431,1840,2,1.0,Qwen3-8B,4,moral,care
R_8D5OghPhXsUjJWp,89431,1840,2,1.0,Qwen3-8B,4,random,random
R_8D5OghPhXsUjJWp,89431,1840,2,1.0,Qwen3-8B,4,moral,care
R_8D5OghPhXsUjJWp,89517,1841,2,1.0,Qwen3-8B,2,social-group,christian
R_8D5OghPhXsUjJWp,89541,1842,2,1.0,Qwen3-8B,3,social-group,muslim
R_8D5OghPhXsUjJWp,89565,1843,4,1.0,Qwen3-8B,3,social-group,christian
R_8D5OghPhXsUjJWp,89589,1844,3,1.0,Qwen3-8B,3,social-group,jewish
R_8D5OghPhXsUjJWp,89613,1845,0,0.0,Qwen3-8B,3,moral,fairness
R_8D5OghPhXsUjJWp,89637,1846,3,1.0,Qwen3-8B,3,social-group,LGB
R_8D5OghPhXsUjJWp,89661,1847,2,1.0,Qwen3-8B,1,social-group,transgender
R_8D5OghPhXsUjJWp,89685,1848,2,1.0,Qwen3-8B,4,social-group,LGB
R_8D5OghPhXsUjJWp,89709,1849,0,0.0,Qwen3-8B,2,social-group,christian
R_8D5OghPhXsUjJWp,89733,1850,0,0.0,Qwen3-8B,1,moral,purity
R_8D5OghPhXsUjJWp,89757,1851,4,1.0,Qwen3-8B,1,social-group,christian
R_8D5OghPhXsUjJWp,89781,1852,0,0.0,Qwen3-8B,5,social-group,muslim
R_8D5OghPhXsUjJWp,89805,1853,3,1.0,Qwen3-8B,2,social-group,transgender
R_8D5OghPhXsUjJWp,89829,1854,0,0.0,Qwen3-8B,2,random,random
R_8D5OghPhXsUjJWp,89853,1855,0,0.0,Qwen3-8B,3,moral,authority
R_8D5OghPhXsUjJWp,89877,1856,0,0.0,Qwen3-8B,2,random,random
R_33BCSJwYxS01Goq,7426,122,2,1.0,Qwen3-8B,1,random,random
R_33BCSJwYxS01Goq,8760,141,3,1.0,Qwen3-8B,3,random,random
R_33BCSJwYxS01Goq,49335,783,0,0.0,Qwen3-8B,3,random,random
R_33BCSJwYxS01Goq,52192,827,3,1.0,Qwen3-8B,2,random,random
R_33BCSJwYxS01Goq,65104,1030,0,0.0,Qwen3-8B,1,random,random
R_33BCSJwYxS01Goq,69706,1107,3,1.0,Qwen3-8B,3,random,random
R_33BCSJwYxS01Goq,70308,1118,2,1.0,Qwen3-8B,3,random,random
R_33BCSJwYxS01Goq,89176,1829,3,1.0,Qwen3-8B,1,random,random
R_33BCSJwYxS01Goq,89200,1830,3,1.0,Qwen3-8B,3,social-group,christian
R_33BCSJwYxS01Goq,89224,1831,3,1.0,Qwen3-8B,1,social-group,transgender
R_33BCSJwYxS01Goq,89248,1832,3,1.0,Qwen3-8B,2,social-group,LGB
R_33BCSJwYxS01Goq,89272,1833,0,0.0,Qwen3-8B,5,social-group,LGB
R_33BCSJwYxS01Goq,89296,1834,0,0.0,Qwen3-8B,4,social-group,transgender
R_33BCSJwYxS01Goq,89320,1835,2,1.0,Qwen3-8B,4,social-group,christian
R_33BCSJwYxS01Goq,89344,1836,0,0.0,Qwen3-8B,4,social-group,transgender
R_33BCSJwYxS01Goq,89368,1837,0,0.0,Qwen3-8B,3,social-group,transgender
R_33BCSJwYxS01Goq,89392,1838,0,0.0,Qwen3-8B,5,social-group,muslim
R_33BCSJwYxS01Goq,89416,1839,0,0.0,Qwen3-8B,1,social-group,transgender
R_33BCSJwYxS01Goq,89481,1840,0,0.0,Qwen3-8B,4,random,random
R_33BCSJwYxS01Goq,89481,1840,0,0.0,Qwen3-8B,4,moral,care
R_33BCSJwYxS01Goq,89481,1840,0,0.0,Qwen3-8B,4,random,random
R_33BCSJwYxS01Goq,89481,1840,0,0.0,Qwen3-8B,4,moral,care
R_33BCSJwYxS01Goq,89530,1841,0,0.0,Qwen3-8B,2,social-group,christian
R_33BCSJwYxS01Goq,89554,1842,0,0.0,Qwen3-8B,3,social-group,muslim
R_33BCSJwYxS01Goq,89578,1843,1,0.0,Qwen3-8B,3,social-group,christian
R_33BCSJwYxS01Goq,89602,1844,0,0.0,Qwen3-8B,3,social-group,jewish
R_33BCSJwYxS01Goq,89626,1845,1,0.0,Qwen3-8B,3,moral,fairness
R_33BCSJwYxS01Goq,89650,1846,0,0.0,Qwen3-8B,3,social-group,LGB
R_33BCSJwYxS01Goq,89674,1847,0,0.0,Qwen3-8B,1,social-group,transgender
R_33BCSJwYxS01Goq,89698,1848,1,0.0,Qwen3-8B,4,social-group,LGB
R_33BCSJwYxS01Goq,89722,1849,0,0.0,Qwen3-8B,2,social-group,christian
R_33BCSJwYxS01Goq,89746,1850,0,0.0,Qwen3-8B,1,moral,purity
R_33BCSJwYxS01Goq,89770,1851,1,0.0,Qwen3-8B,1,social-group,christian
R_33BCSJwYxS01Goq,89794,1852,2,1.0,Qwen3-8B,5,social-group,muslim
R_33BCSJwYxS01Goq,89818,1853,1,0.0,Qwen3-8B,2,social-group,transgender
R_33BCSJwYxS01Goq,89842,1854,2,1.0,Qwen3-8B,2,random,random
R_33BCSJwYxS01Goq,89866,1855,3,1.0,Qwen3-8B,3,moral,authority
R_33BCSJwYxS01Goq,89890,1856,2,1.0,Qwen3-8B,2,random,random
R_SBretuOfwP4SnuN,7428,122,-1,,Qwen3-8B,1,random,random
R_SBretuOfwP4SnuN,8762,141,-1,,Qwen3-8B,3,random,random
R_SBretuOfwP4SnuN,49337,783,2,1.0,Qwen3-8B,3,random,random
R_SBretuOfwP4SnuN,52194,827,-1,,Qwen3-8B,2,random,random
R_SBretuOfwP4SnuN,65106,1030,0,0.0,Qwen3-8B,1,random,random
R_SBretuOfwP4SnuN,69708,1107,-1,,Qwen3-8B,3,random,random
R_SBretuOfwP4SnuN,70310,1118,0,0.0,Qwen3-8B,3,random,random
R_SBretuOfwP4SnuN,89178,1829,-1,,Qwen3-8B,1,random,random
R_SBretuOfwP4SnuN,89202,1830,-1,,Qwen3-8B,3,social-group,christian
R_SBretuOfwP4SnuN,89226,1831,-1,,Qwen3-8B,1,social-group,transgender
R_SBretuOfwP4SnuN,89250,1832,-1,,Qwen3-8B,2,social-group,LGB
R_SBretuOfwP4SnuN,89274,1833,-1,,Qwen3-8B,5,social-group,LGB
R_SBretuOfwP4SnuN,89298,1834,4,1.0,Qwen3-8B,4,social-group,transgender
R_SBretuOfwP4SnuN,89322,1835,4,1.0,Qwen3-8B,4,social-group,christian
R_SBretuOfwP4SnuN,89346,1836,0,0.0,Qwen3-8B,4,social-group,transgender
R_SBretuOfwP4SnuN,89370,1837,0,0.0,Qwen3-8B,3,social-group,transgender
R_SBretuOfwP4SnuN,89394,1838,0,0.0,Qwen3-8B,5,social-group,muslim
R_SBretuOfwP4SnuN,89418,1839,0,0.0,Qwen3-8B,1,social-group,transgender
R_SBretuOfwP4SnuN,89487,1840,0,0.0,Qwen3-8B,4,random,random
R_SBretuOfwP4SnuN,89487,1840,0,0.0,Qwen3-8B,4,moral,care
R_SBretuOfwP4SnuN,89487,1840,0,0.0,Qwen3-8B,4,random,random
R_SBretuOfwP4SnuN,89487,1840,0,0.0,Qwen3-8B,4,moral,care
R_SBretuOfwP4SnuN,89532,1841,0,0.0,Qwen3-8B,2,social-group,christian
R_SBretuOfwP4SnuN,89556,1842,0,0.0,Qwen3-8B,3,social-group,muslim
R_SBretuOfwP4SnuN,89580,1843,0,0.0,Qwen3-8B,3,social-group,christian
R_SBretuOfwP4SnuN,89604,1844,0,0.0,Qwen3-8B,3,social-group,jewish
R_SBretuOfwP4SnuN,89628,1845,0,0.0,Qwen3-8B,3,moral,fairness
R_SBretuOfwP4SnuN,89652,1846,0,0.0,Qwen3-8B,3,social-group,LGB
R_SBretuOfwP4SnuN,89676,1847,1,0.0,Qwen3-8B,1,social-group,transgender
R_SBretuOfwP4SnuN,89700,1848,0,0.0,Qwen3-8B,4,social-group,LGB
R_SBretuOfwP4SnuN,89724,1849,0,0.0,Qwen3-8B,2,social-group,christian
R_SBretuOfwP4SnuN,89748,1850,0,0.0,Qwen3-8B,1,moral,purity
R_SBretuOfwP4SnuN,89772,1851,0,0.0,Qwen3-8B,1,social-group,christian
R_SBretuOfwP4SnuN,89796,1852,1,0.0,Qwen3-8B,5,social-group,muslim
R_SBretuOfwP4SnuN,89820,1853,0,0.0,Qwen3-8B,2,social-group,transgender
R_SBretuOfwP4SnuN,89844,1854,1,0.0,Qwen3-8B,2,random,random
R_SBretuOfwP4SnuN,89868,1855,0,0.0,Qwen3-8B,3,moral,authority
R_SBretuOfwP4SnuN,89892,1856,0,0.0,Qwen3-8B,2,random,random
R_3fuYsBv0LfLsCNs,7513,124,2,1.0,Qwen3-8B,1,random,random
R_3fuYsBv0LfLsCNs,39684,638,4,1.0,Qwen3-8B,1,random,random
R_3fuYsBv0LfLsCNs,41068,661,4,1.0,Qwen3-8B,3,random,random
R_3fuYsBv0LfLsCNs,49482,786,4,1.0,Qwen3-8B,3,random,random
R_3fuYsBv0LfLsCNs,68035,1078,0,0.0,Qwen3-8B,1,random,random
R_3fuYsBv0LfLsCNs,101362,2328,4,1.0,Qwen3-8B,3,social-group,christian
R_3fuYsBv0LfLsCNs,101386,2329,4,1.0,Qwen3-8B,5,social-group,muslim
R_3fuYsBv0LfLsCNs,101410,2330,4,1.0,Qwen3-8B,1,moral,purity
R_3fuYsBv0LfLsCNs,101434,2331,4,1.0,Qwen3-8B,5,random,random
R_3fuYsBv0LfLsCNs,101458,2332,4,1.0,Qwen3-8B,4,social-group,LGB
R_3fuYsBv0LfLsCNs,101482,2333,4,1.0,Qwen3-8B,3,social-group,transgender
R_3fuYsBv0LfLsCNs,101506,2334,4,1.0,Qwen3-8B,2,social-group,transgender
R_3fuYsBv0LfLsCNs,101530,2335,4,1.0,Qwen3-8B,1,social-group,muslim
R_3fuYsBv0LfLsCNs,101554,2336,4,1.0,Qwen3-8B,3,social-group,LGB
R_3fuYsBv0LfLsCNs,101578,2337,4,1.0,Qwen3-8B,4,social-group,christian
R_3fuYsBv0LfLsCNs,101602,2338,3,1.0,Qwen3-8B,1,social-group,transgender
R_3fuYsBv0LfLsCNs,101626,2339,4,1.0,Qwen3-8B,4,social-group,transgender
R_3fuYsBv0LfLsCNs,101650,2340,0,0.0,Qwen3-8B,2,moral,care
R_3fuYsBv0LfLsCNs,101674,2341,4,1.0,Qwen3-8B,3,social-group,transgender
R_3fuYsBv0LfLsCNs,101698,2342,4,1.0,Qwen3-8B,4,moral,fairness
R_3fuYsBv0LfLsCNs,101722,2343,4,1.0,Qwen3-8B,3,social-group,christian
R_3fuYsBv0LfLsCNs,101746,2344,4,1.0,Qwen3-8B,3,social-group,jewish
R_3fuYsBv0LfLsCNs,101770,2345,3,1.0,Qwen3-8B,2,social-group,christian
R_3fuYsBv0LfLsCNs,101794,2346,0,0.0,Qwen3-8B,2,random,random
R_3fuYsBv0LfLsCNs,101818,2347,4,1.0,Qwen3-8B,2,social-group,jewish
R_3fuYsBv0LfLsCNs,101842,2348,4,1.0,Qwen3-8B,4,random,random
R_3fuYsBv0LfLsCNs,101866,2349,4,1.0,Qwen3-8B,5,social-group,muslim
R_3fuYsBv0LfLsCNs,101890,2350,-1,,Qwen3-8B,3,social-group,jewish
R_3fuYsBv0LfLsCNs,101914,2351,4,1.0,Qwen3-8B,2,social-group,LGB
R_3fuYsBv0LfLsCNs,101938,2352,4,1.0,Qwen3-8B,4,social-group,jewish
R_3fuYsBv0LfLsCNs,101962,2353,4,1.0,Qwen3-8B,2,social-group,christian
R_3fuYsBv0LfLsCNs,101986,2354,0,0.0,Qwen3-8B,5,social-group,jewish
R_3fuYsBv0LfLsCNs,102010,2355,0,0.0,Qwen3-8B,1,moral,authority
R_3fuYsBv0LfLsCNs,102034,2356,4,1.0,Qwen3-8B,1,moral,purity
R_3fuYsBv0LfLsCNs,102058,2357,4,1.0,Qwen3-8B,4,social-group,jewish
R_3FLGPFX3qViWjt4,7521,124,0,0.0,Qwen3-8B,1,random,random
R_3FLGPFX3qViWjt4,39691,638,0,0.0,Qwen3-8B,1,random,random
R_3FLGPFX3qViWjt4,41075,661,4,1.0,Qwen3-8B,3,random,random
R_3FLGPFX3qViWjt4,49494,786,3,1.0,Qwen3-8B,3,random,random
R_3FLGPFX3qViWjt4,68042,1078,0,0.0,Qwen3-8B,1,random,random
R_3FLGPFX3qViWjt4,101366,2328,3,1.0,Qwen3-8B,3,social-group,christian
R_3FLGPFX3qViWjt4,101390,2329,4,1.0,Qwen3-8B,5,social-group,muslim
R_3FLGPFX3qViWjt4,101414,2330,0,0.0,Qwen3-8B,1,moral,purity
R_3FLGPFX3qViWjt4,101438,2331,0,0.0,Qwen3-8B,5,random,random
R_3FLGPFX3qViWjt4,101462,2332,3,1.0,Qwen3-8B,4,social-group,LGB
R_3FLGPFX3qViWjt4,101486,2333,4,1.0,Qwen3-8B,3,social-group,transgender
R_3FLGPFX3qViWjt4,101510,2334,2,1.0,Qwen3-8B,2,social-group,transgender
R_3FLGPFX3qViWjt4,101534,2335,3,1.0,Qwen3-8B,1,social-group,muslim
R_3FLGPFX3qViWjt4,101558,2336,2,1.0,Qwen3-8B,3,social-group,LGB
R_3FLGPFX3qViWjt4,101582,2337,1,0.0,Qwen3-8B,4,social-group,christian
R_3FLGPFX3qViWjt4,101606,2338,3,1.0,Qwen3-8B,1,social-group,transgender
R_3FLGPFX3qViWjt4,101630,2339,3,1.0,Qwen3-8B,4,social-group,transgender
R_3FLGPFX3qViWjt4,101654,2340,0,0.0,Qwen3-8B,2,moral,care
R_3FLGPFX3qViWjt4,101678,2341,1,0.0,Qwen3-8B,3,social-group,transgender
R_3FLGPFX3qViWjt4,101702,2342,3,1.0,Qwen3-8B,4,moral,fairness
R_3FLGPFX3qViWjt4,101726,2343,3,1.0,Qwen3-8B,3,social-group,christian
R_3FLGPFX3qViWjt4,101750,2344,2,1.0,Qwen3-8B,3,social-group,jewish
R_3FLGPFX3qViWjt4,101774,2345,0,0.0,Qwen3-8B,2,social-group,christian
R_3FLGPFX3qViWjt4,101798,2346,3,1.0,Qwen3-8B,2,random,random
R_3FLGPFX3qViWjt4,101822,2347,1,0.0,Qwen3-8B,2,social-group,jewish
R_3FLGPFX3qViWjt4,101846,2348,2,1.0,Qwen3-8B,4,random,random
R_3FLGPFX3qViWjt4,101870,2349,4,1.0,Qwen3-8B,5,social-group,muslim
R_3FLGPFX3qViWjt4,101894,2350,3,1.0,Qwen3-8B,3,social-group,jewish
R_3FLGPFX3qViWjt4,101918,2351,2,1.0,Qwen3-8B,2,social-group,LGB
R_3FLGPFX3qViWjt4,101942,2352,3,1.0,Qwen3-8B,4,social-group,jewish
R_3FLGPFX3qViWjt4,101966,2353,2,1.0,Qwen3-8B,2,social-group,christian
R_3FLGPFX3qViWjt4,101990,2354,3,1.0,Qwen3-8B,5,social-group,jewish
R_3FLGPFX3qViWjt4,102014,2355,1,0.0,Qwen3-8B,1,moral,authority
R_3FLGPFX3qViWjt4,102038,2356,3,1.0,Qwen3-8B,1,moral,purity
R_3FLGPFX3qViWjt4,102062,2357,1,0.0,Qwen3-8B,4,social-group,jewish
R_esqubT8ZIt9RjH3,8145,132,0,0.0,Qwen3-8B,2,random,random
R_esqubT8ZIt9RjH3,28207,451,1,0.0,Qwen3-8B,1,random,random
R_esqubT8ZIt9RjH3,37673,604,0,0.0,Qwen3-8B,4,random,random
R_esqubT8ZIt9RjH3,46907,750,0,0.0,Qwen3-8B,3,random,random
R_esqubT8ZIt9RjH3,48046,766,0,0.0,Qwen3-8B,3,random,random
R_esqubT8ZIt9RjH3,62172,985,0,0.0,Qwen3-8B,1,random,random
R_esqubT8ZIt9RjH3,68574,1087,0,0.0,Qwen3-8B,3,random,random
R_esqubT8ZIt9RjH3,72154,1154,0,0.0,Qwen3-8B,1,random,random
R_esqubT8ZIt9RjH3,143780,4143,3,1.0,Qwen3-8B,3,social-group,LGB
R_esqubT8ZIt9RjH3,143803,4144,4,1.0,Qwen3-8B,3,social-group,christian
R_esqubT8ZIt9RjH3,143826,4145,3,1.0,Qwen3-8B,5,social-group,jewish
R_esqubT8ZIt9RjH3,143849,4146,0,0.0,Qwen3-8B,1,moral,care
R_esqubT8ZIt9RjH3,143872,4147,0,0.0,Qwen3-8B,1,social-group,transgender
R_esqubT8ZIt9RjH3,143895,4148,-1,,Qwen3-8B,5,social-group,jewish
R_esqubT8ZIt9RjH3,143918,4149,0,0.0,Qwen3-8B,3,social-group,transgender
R_esqubT8ZIt9RjH3,143941,4150,0,0.0,Qwen3-8B,1,social-group,christian
R_esqubT8ZIt9RjH3,143964,4151,0,0.0,Qwen3-8B,1,social-group,LGB
R_esqubT8ZIt9RjH3,143987,4152,0,0.0,Qwen3-8B,1,moral,loyalty
R_esqubT8ZIt9RjH3,144010,4153,3,1.0,Qwen3-8B,3,social-group,muslim
R_esqubT8ZIt9RjH3,144033,4154,-1,,Qwen3-8B,3,social-group,muslim
R_esqubT8ZIt9RjH3,144056,4155,-1,,Qwen3-8B,1,random,random
R_esqubT8ZIt9RjH3,144079,4156,4,1.0,Qwen3-8B,1,social-group,christian
R_esqubT8ZIt9RjH3,144102,4157,4,1.0,Qwen3-8B,3,social-group,jewish
R_esqubT8ZIt9RjH3,144125,4158,0,0.0,Qwen3-8B,3,social-group,muslim
R_esqubT8ZIt9RjH3,144148,4159,2,1.0,Qwen3-8B,5,moral,care
R_esqubT8ZIt9RjH3,144171,4160,0,0.0,Qwen3-8B,3,random,random
R_esqubT8ZIt9RjH3,144194,4161,3,1.0,Qwen3-8B,3,random,random
R_esqubT8ZIt9RjH3,144217,4162,0,0.0,Qwen3-8B,1,social-group,LGB
R_esqubT8ZIt9RjH3,144240,4163,3,1.0,Qwen3-8B,5,social-group,transgender
R_esqubT8ZIt9RjH3,144263,4164,4,1.0,Qwen3-8B,3,social-group,LGB
R_esqubT8ZIt9RjH3,144286,4165,4,1.0,Qwen3-8B,3,social-group,jewish
R_esqubT8ZIt9RjH3,144309,4166,2,1.0,Qwen3-8B,3,social-group,christian
R_esqubT8ZIt9RjH3,144332,4167,4,1.0,Qwen3-8B,2,social-group,muslim
R_esqubT8ZIt9RjH3,144355,4168,2,1.0,Qwen3-8B,2,random,random
R_1GBJWWUT0gFQo9V,8204,133,0,0.0,Qwen3-8B,2,random,random
R_1GBJWWUT0gFQo9V,9018,146,0,0.0,Qwen3-8B,2,random,random
R_1GBJWWUT0gFQo9V,19183,302,0,0.0,Qwen3-8B,2,random,random
R_1GBJWWUT0gFQo9V,21786,342,0,0.0,Qwen3-8B,2,random,random
R_1GBJWWUT0gFQo9V,34116,544,0,0.0,Qwen3-8B,2,random,random
R_1GBJWWUT0gFQo9V,45557,730,0,0.0,Qwen3-8B,3,random,random
R_1GBJWWUT0gFQo9V,46255,741,0,0.0,Qwen3-8B,1,random,random
R_1GBJWWUT0gFQo9V,52815,832,0,0.0,Qwen3-8B,2,random,random
R_1GBJWWUT0gFQo9V,55157,871,0,0.0,Qwen3-8B,3,random,random
R_1GBJWWUT0gFQo9V,69344,1101,0,0.0,Qwen3-8B,2,random,random
R_1GBJWWUT0gFQo9V,152653,4534,0,0.0,Qwen3-8B,5,social-group,jewish
R_1GBJWWUT0gFQo9V,152677,4535,0,0.0,Qwen3-8B,1,social-group,jewish
R_1GBJWWUT0gFQo9V,152701,4536,0,0.0,Qwen3-8B,3,social-group,jewish
R_1GBJWWUT0gFQo9V,152725,4537,0,0.0,Qwen3-8B,5,social-group,LGB
R_1GBJWWUT0gFQo9V,152749,4538,0,0.0,Qwen3-8B,2,moral,purity
R_1GBJWWUT0gFQo9V,152773,4539,0,0.0,Qwen3-8B,1,moral,authority
R_1GBJWWUT0gFQo9V,152797,4540,0,0.0,Qwen3-8B,4,social-group,jewish
R_1GBJWWUT0gFQo9V,152821,4541,0,0.0,Qwen3-8B,1,social-group,jewish
R_1GBJWWUT0gFQo9V,152845,4542,0,0.0,Qwen3-8B,2,social-group,muslim
R_1GBJWWUT0gFQo9V,152869,4543,0,0.0,Qwen3-8B,2,social-group,christian
R_1GBJWWUT0gFQo9V,152893,4544,0,0.0,Qwen3-8B,2,social-group,LGB
R_1GBJWWUT0gFQo9V,152917,4545,0,0.0,Qwen3-8B,3,social-group,transgender
R_1GBJWWUT0gFQo9V,152941,4546,0,0.0,Qwen3-8B,2,random,random
R_1GBJWWUT0gFQo9V,152965,4547,0,0.0,Qwen3-8B,5,social-group,muslim
R_1GBJWWUT0gFQo9V,152989,4548,0,0.0,Qwen3-8B,4,social-group,jewish
R_1GBJWWUT0gFQo9V,153013,4549,0,0.0,Qwen3-8B,1,moral,care
R_1GBJWWUT0gFQo9V,153037,4550,0,0.0,Qwen3-8B,5,social-group,jewish
R_1GBJWWUT0gFQo9V,153061,4551,0,0.0,Qwen3-8B,3,social-group,muslim
R_1GBJWWUT0gFQo9V,153085,4552,0,0.0,Qwen3-8B,1,social-group,transgender
R_1GBJWWUT0gFQo9V,153109,4553,0,0.0,Qwen3-8B,3,social-group,christian
R_1GBJWWUT0gFQo9V,153133,4554,0,0.0,Qwen3-8B,4,random,random
R_1GBJWWUT0gFQo9V,153157,4555,0,0.0,Qwen3-8B,2,random,random
R_1GBJWWUT0gFQo9V,153181,4556,0,0.0,Qwen3-8B,1,moral,care
R_1GBJWWUT0gFQo9V,153205,4557,0,0.0,Qwen3-8B,4,social-group,christian
R_1GBJWWUT0gFQo9V,153229,4558,0,0.0,Qwen3-8B,4,social-group,LGB
R_pKqxMzeyDXT6izv,8235,133,0,0.0,Qwen3-8B,2,random,random
R_pKqxMzeyDXT6izv,9052,146,0,0.0,Qwen3-8B,2,random,random
R_pKqxMzeyDXT6izv,19215,302,3,1.0,Qwen3-8B,2,random,random
R_pKqxMzeyDXT6izv,21816,342,1,0.0,Qwen3-8B,2,random,random
R_pKqxMzeyDXT6izv,34149,544,1,0.0,Qwen3-8B,2,random,random
R_pKqxMzeyDXT6izv,45593,730,3,1.0,Qwen3-8B,3,random,random
R_pKqxMzeyDXT6izv,46295,741,0,0.0,Qwen3-8B,1,random,random
R_pKqxMzeyDXT6izv,52852,832,0,0.0,Qwen3-8B,2,random,random
R_pKqxMzeyDXT6izv,55193,871,1,0.0,Qwen3-8B,3,random,random
R_pKqxMzeyDXT6izv,69371,1101,1,0.0,Qwen3-8B,2,random,random
R_pKqxMzeyDXT6izv,152665,4534,-1,,Qwen3-8B,5,social-group,jewish
R_pKqxMzeyDXT6izv,152689,4535,0,0.0,Qwen3-8B,1,social-group,jewish
R_pKqxMzeyDXT6izv,152713,4536,4,1.0,Qwen3-8B,3,social-group,jewish
R_pKqxMzeyDXT6izv,152737,4537,-1,,Qwen3-8B,5,social-group,LGB
R_pKqxMzeyDXT6izv,152761,4538,2,1.0,Qwen3-8B,2,moral,purity
R_pKqxMzeyDXT6izv,152785,4539,0,0.0,Qwen3-8B,1,moral,authority
R_pKqxMzeyDXT6izv,152809,4540,0,0.0,Qwen3-8B,4,social-group,jewish
R_pKqxMzeyDXT6izv,152833,4541,0,0.0,Qwen3-8B,1,social-group,jewish
R_pKqxMzeyDXT6izv,152857,4542,0,0.0,Qwen3-8B,2,social-group,muslim
R_pKqxMzeyDXT6izv,152881,4543,0,0.0,Qwen3-8B,2,social-group,christian
R_pKqxMzeyDXT6izv,152905,4544,2,1.0,Qwen3-8B,2,social-group,LGB
R_pKqxMzeyDXT6izv,152929,4545,1,0.0,Qwen3-8B,3,social-group,transgender
R_pKqxMzeyDXT6izv,152953,4546,1,0.0,Qwen3-8B,2,random,random
R_pKqxMzeyDXT6izv,152977,4547,4,1.0,Qwen3-8B,5,social-group,muslim
R_pKqxMzeyDXT6izv,153001,4548,1,0.0,Qwen3-8B,4,social-group,jewish
R_pKqxMzeyDXT6izv,153025,4549,0,0.0,Qwen3-8B,1,moral,care
R_pKqxMzeyDXT6izv,153049,4550,4,1.0,Qwen3-8B,5,social-group,jewish
R_pKqxMzeyDXT6izv,153073,4551,3,1.0,Qwen3-8B,3,social-group,muslim
R_pKqxMzeyDXT6izv,153097,4552,0,0.0,Qwen3-8B,1,social-group,transgender
R_pKqxMzeyDXT6izv,153121,4553,4,1.0,Qwen3-8B,3,social-group,christian
R_pKqxMzeyDXT6izv,153145,4554,1,0.0,Qwen3-8B,4,random,random
R_pKqxMzeyDXT6izv,153169,4555,4,1.0,Qwen3-8B,2,random,random
R_pKqxMzeyDXT6izv,153193,4556,0,0.0,Qwen3-8B,1,moral,care
R_pKqxMzeyDXT6izv,153217,4557,3,1.0,Qwen3-8B,4,social-group,christian
R_pKqxMzeyDXT6izv,153241,4558,0,0.0,Qwen3-8B,4,social-group,LGB
R_3iNYXN9r0NLnHFy,8502,137,0,0.0,Qwen3-8B,3,random,random
R_3iNYXN9r0NLnHFy,28597,458,0,0.0,Qwen3-8B,2,random,random
R_3iNYXN9r0NLnHFy,28773,461,0,0.0,Qwen3-8B,1,random,random
R_3iNYXN9r0NLnHFy,37227,596,0,0.0,Qwen3-8B,4,random,random
R_3iNYXN9r0NLnHFy,56812,895,0,0.0,Qwen3-8B,3,random,random
R_3iNYXN9r0NLnHFy,58406,916,0,0.0,Qwen3-8B,3,random,random
R_3iNYXN9r0NLnHFy,58689,921,0,0.0,Qwen3-8B,2,random,random
R_3iNYXN9r0NLnHFy,93498,2010,0,0.0,Qwen3-8B,3,random,random
R_3iNYXN9r0NLnHFy,93521,2011,0,0.0,Qwen3-8B,4,social-group,jewish
R_3iNYXN9r0NLnHFy,93544,2012,0,0.0,Qwen3-8B,2,moral,authority
R_3iNYXN9r0NLnHFy,93567,2013,0,0.0,Qwen3-8B,3,random,random
R_3iNYXN9r0NLnHFy,93590,2014,2,1.0,Qwen3-8B,3,social-group,christian
R_3iNYXN9r0NLnHFy,93613,2015,0,0.0,Qwen3-8B,5,social-group,muslim
R_3iNYXN9r0NLnHFy,93636,2016,0,0.0,Qwen3-8B,4,social-group,LGB
R_3iNYXN9r0NLnHFy,93659,2017,0,0.0,Qwen3-8B,5,social-group,transgender
R_3iNYXN9r0NLnHFy,93682,2018,0,0.0,Qwen3-8B,1,moral,fairness
R_3iNYXN9r0NLnHFy,93705,2019,0,0.0,Qwen3-8B,3,social-group,muslim
R_3iNYXN9r0NLnHFy,93728,2020,0,0.0,Qwen3-8B,2,social-group,LGB
R_3iNYXN9r0NLnHFy,93751,2021,0,0.0,Qwen3-8B,2,moral,authority
R_3iNYXN9r0NLnHFy,93774,2022,0,0.0,Qwen3-8B,1,social-group,muslim
R_3iNYXN9r0NLnHFy,93797,2023,0,0.0,Qwen3-8B,3,social-group,LGB
R_3iNYXN9r0NLnHFy,93820,2024,0,0.0,Qwen3-8B,4,social-group,jewish
R_3iNYXN9r0NLnHFy,93843,2025,0,0.0,Qwen3-8B,5,random,random
R_3iNYXN9r0NLnHFy,93866,2026,0,0.0,Qwen3-8B,2,random,random
R_3iNYXN9r0NLnHFy,93889,2027,0,0.0,Qwen3-8B,5,social-group,jewish
R_3iNYXN9r0NLnHFy,93912,2028,0,0.0,Qwen3-8B,5,social-group,muslim
R_3iNYXN9r0NLnHFy,93935,2029,0,0.0,Qwen3-8B,1,social-group,christian
R_3iNYXN9r0NLnHFy,93958,2030,0,0.0,Qwen3-8B,3,social-group,LGB
R_3iNYXN9r0NLnHFy,93981,2031,0,0.0,Qwen3-8B,1,social-group,christian
R_3iNYXN9r0NLnHFy,94004,2032,0,0.0,Qwen3-8B,3,moral,fairness
R_3iNYXN9r0NLnHFy,94027,2033,0,0.0,Qwen3-8B,3,random,random
R_3iNYXN9r0NLnHFy,94050,2034,0,0.0,Qwen3-8B,3,social-group,muslim
R_3iNYXN9r0NLnHFy,94073,2035,0,0.0,Qwen3-8B,4,social-group,christian
R_3iNYXN9r0NLnHFy,94096,2036,0,0.0,Qwen3-8B,1,moral,fairness
R_3iNYXN9r0NLnHFy,94119,2037,0,0.0,Qwen3-8B,2,social-group,jewish
R_3NNU5qcQx6L9mmB,8510,137,2,1.0,Qwen3-8B,3,random,random
R_3NNU5qcQx6L9mmB,28605,458,0,0.0,Qwen3-8B,2,random,random
R_3NNU5qcQx6L9mmB,28779,461,0,0.0,Qwen3-8B,1,random,random
R_3NNU5qcQx6L9mmB,37236,596,4,1.0,Qwen3-8B,4,random,random
R_3NNU5qcQx6L9mmB,56819,895,-1,,Qwen3-8B,3,random,random
R_3NNU5qcQx6L9mmB,58413,916,0,0.0,Qwen3-8B,3,random,random
R_3NNU5qcQx6L9mmB,58696,921,0,0.0,Qwen3-8B,2,random,random
R_3NNU5qcQx6L9mmB,93502,2010,1,0.0,Qwen3-8B,3,random,random
R_3NNU5qcQx6L9mmB,93525,2011,0,0.0,Qwen3-8B,4,social-group,jewish
R_3NNU5qcQx6L9mmB,93548,2012,1,0.0,Qwen3-8B,2,moral,authority
R_3NNU5qcQx6L9mmB,93571,2013,1,0.0,Qwen3-8B,3,random,random
R_3NNU5qcQx6L9mmB,93594,2014,4,1.0,Qwen3-8B,3,social-group,christian
R_3NNU5qcQx6L9mmB,93617,2015,4,1.0,Qwen3-8B,5,social-group,muslim
R_3NNU5qcQx6L9mmB,93640,2016,2,1.0,Qwen3-8B,4,social-group,LGB
R_3NNU5qcQx6L9mmB,93663,2017,0,0.0,Qwen3-8B,5,social-group,transgender
R_3NNU5qcQx6L9mmB,93686,2018,0,0.0,Qwen3-8B,1,moral,fairness
R_3NNU5qcQx6L9mmB,93709,2019,4,1.0,Qwen3-8B,3,social-group,muslim
R_3NNU5qcQx6L9mmB,93732,2020,0,0.0,Qwen3-8B,2,social-group,LGB
R_3NNU5qcQx6L9mmB,93755,2021,1,0.0,Qwen3-8B,2,moral,authority
R_3NNU5qcQx6L9mmB,93778,2022,0,0.0,Qwen3-8B,1,social-group,muslim
R_3NNU5qcQx6L9mmB,93801,2023,0,0.0,Qwen3-8B,3,social-group,LGB
R_3NNU5qcQx6L9mmB,93824,2024,1,0.0,Qwen3-8B,4,social-group,jewish
R_3NNU5qcQx6L9mmB,93847,2025,4,1.0,Qwen3-8B,5,random,random
R_3NNU5qcQx6L9mmB,93870,2026,-1,,Qwen3-8B,2,random,random
R_3NNU5qcQx6L9mmB,93893,2027,-1,,Qwen3-8B,5,social-group,jewish
R_3NNU5qcQx6L9mmB,93916,2028,4,1.0,Qwen3-8B,5,social-group,muslim
R_3NNU5qcQx6L9mmB,93939,2029,4,1.0,Qwen3-8B,1,social-group,christian
R_3NNU5qcQx6L9mmB,93962,2030,2,1.0,Qwen3-8B,3,social-group,LGB
R_3NNU5qcQx6L9mmB,93985,2031,-1,,Qwen3-8B,1,social-group,christian
R_3NNU5qcQx6L9mmB,94008,2032,4,1.0,Qwen3-8B,3,moral,fairness
R_3NNU5qcQx6L9mmB,94031,2033,4,1.0,Qwen3-8B,3,random,random
R_3NNU5qcQx6L9mmB,94054,2034,4,1.0,Qwen3-8B,3,social-group,muslim
R_3NNU5qcQx6L9mmB,94077,2035,3,1.0,Qwen3-8B,4,social-group,christian
R_3NNU5qcQx6L9mmB,94100,2036,0,0.0,Qwen3-8B,1,moral,fairness
R_3NNU5qcQx6L9mmB,94123,2037,0,0.0,Qwen3-8B,2,social-group,jewish
R_2Ym1yWemE1yyWqE,8843,143,0,0.0,Qwen3-8B,2,random,random
R_2Ym1yWemE1yyWqE,16558,260,-1,,Qwen3-8B,3,random,random
R_2Ym1yWemE1yyWqE,26056,412,1,0.0,Qwen3-8B,2,random,random
R_2Ym1yWemE1yyWqE,40660,654,0,0.0,Qwen3-8B,1,random,random
R_2Ym1yWemE1yyWqE,46632,746,0,0.0,Qwen3-8B,2,random,random
R_2Ym1yWemE1yyWqE,47193,754,4,1.0,Qwen3-8B,3,random,random
R_2Ym1yWemE1yyWqE,57503,905,0,0.0,Qwen3-8B,3,random,random
R_2Ym1yWemE1yyWqE,60981,963,-1,,Qwen3-8B,3,random,random
R_2Ym1yWemE1yyWqE,63494,1005,0,0.0,Qwen3-8B,2,random,random
R_2Ym1yWemE1yyWqE,63740,1009,2,1.0,Qwen3-8B,2,random,random
R_2Ym1yWemE1yyWqE,74954,1255,0,0.0,Qwen3-8B,1,moral,purity
R_2Ym1yWemE1yyWqE,74954,1255,0,0.0,Qwen3-8B,1,moral,care
R_2Ym1yWemE1yyWqE,74954,1255,0,0.0,Qwen3-8B,1,moral,purity
R_2Ym1yWemE1yyWqE,74954,1255,0,0.0,Qwen3-8B,1,moral,care
R_2Ym1yWemE1yyWqE,91147,1909,-1,,Qwen3-8B,3,social-group,transgender
R_2Ym1yWemE1yyWqE,91171,1910,-1,,Qwen3-8B,1,random,random
R_2Ym1yWemE1yyWqE,91195,1911,3,1.0,Qwen3-8B,4,social-group,muslim
R_2Ym1yWemE1yyWqE,91219,1912,4,1.0,Qwen3-8B,3,social-group,christian
R_2Ym1yWemE1yyWqE,91243,1913,4,1.0,Qwen3-8B,4,social-group,transgender
R_2Ym1yWemE1yyWqE,91267,1914,4,1.0,Qwen3-8B,2,social-group,christian
R_2Ym1yWemE1yyWqE,91291,1915,0,0.0,Qwen3-8B,3,social-group,LGB
R_2Ym1yWemE1yyWqE,91315,1916,4,1.0,Qwen3-8B,3,social-group,transgender
R_2Ym1yWemE1yyWqE,91339,1917,2,1.0,Qwen3-8B,3,social-group,jewish
R_2Ym1yWemE1yyWqE,91363,1918,4,1.0,Qwen3-8B,3,random,random
R_2Ym1yWemE1yyWqE,91387,1919,4,1.0,Qwen3-8B,3,social-group,muslim
R_2Ym1yWemE1yyWqE,91411,1920,4,1.0,Qwen3-8B,3,social-group,LGB
R_2Ym1yWemE1yyWqE,91435,1921,4,1.0,Qwen3-8B,4,social-group,LGB
R_2Ym1yWemE1yyWqE,91459,1922,4,1.0,Qwen3-8B,4,social-group,transgender
R_2Ym1yWemE1yyWqE,91483,1923,4,1.0,Qwen3-8B,5,social-group,LGB
R_2Ym1yWemE1yyWqE,91507,1924,0,0.0,Qwen3-8B,1,random,random
R_2Ym1yWemE1yyWqE,91531,1925,3,1.0,Qwen3-8B,2,social-group,transgender
R_2Ym1yWemE1yyWqE,91555,1926,2,1.0,Qwen3-8B,2,moral,fairness
R_2Ym1yWemE1yyWqE,91579,1927,0,0.0,Qwen3-8B,1,moral,loyalty
R_2Ym1yWemE1yyWqE,91603,1928,2,1.0,Qwen3-8B,3,random,random
R_2Ym1yWemE1yyWqE,91627,1929,0,0.0,Qwen3-8B,1,random,random
R_2Ym1yWemE1yyWqE,91651,1930,3,1.0,Qwen3-8B,5,social-group,muslim
R_2Ym1yWemE1yyWqE,91675,1931,-1,,Qwen3-8B,1,social-group,christian
R_2Ym1yWemE1yyWqE,91699,1932,4,1.0,Qwen3-8B,5,social-group,transgender
R_2ZHAv6oZQcQu33B,8859,143,1,0.0,Qwen3-8B,2,random,random
R_2ZHAv6oZQcQu33B,16573,260,0,0.0,Qwen3-8B,3,random,random
R_2ZHAv6oZQcQu33B,26074,412,0,0.0,Qwen3-8B,2,random,random
R_2ZHAv6oZQcQu33B,40676,654,0,0.0,Qwen3-8B,1,random,random
R_2ZHAv6oZQcQu33B,46651,746,0,0.0,Qwen3-8B,2,random,random
R_2ZHAv6oZQcQu33B,47212,754,0,0.0,Qwen3-8B,3,random,random
R_2ZHAv6oZQcQu33B,57523,905,1,0.0,Qwen3-8B,3,random,random
R_2ZHAv6oZQcQu33B,60992,963,0,0.0,Qwen3-8B,3,random,random
R_2ZHAv6oZQcQu33B,63513,1005,0,0.0,Qwen3-8B,2,random,random
R_2ZHAv6oZQcQu33B,63759,1009,0,0.0,Qwen3-8B,2,random,random
R_2ZHAv6oZQcQu33B,74988,1255,0,0.0,Qwen3-8B,1,moral,purity
R_2ZHAv6oZQcQu33B,74988,1255,0,0.0,Qwen3-8B,1,moral,care
R_2ZHAv6oZQcQu33B,74988,1255,0,0.0,Qwen3-8B,1,moral,purity
R_2ZHAv6oZQcQu33B,74988,1255,0,0.0,Qwen3-8B,1,moral,care
R_2ZHAv6oZQcQu33B,91152,1909,1,0.0,Qwen3-8B,3,social-group,transgender
R_2ZHAv6oZQcQu33B,91176,1910,0,0.0,Qwen3-8B,1,random,random
R_2ZHAv6oZQcQu33B,91200,1911,1,0.0,Qwen3-8B,4,social-group,muslim
R_2ZHAv6oZQcQu33B,91224,1912,0,0.0,Qwen3-8B,3,social-group,christian
R_2ZHAv6oZQcQu33B,91248,1913,2,1.0,Qwen3-8B,4,social-group,transgender
R_2ZHAv6oZQcQu33B,91272,1914,1,0.0,Qwen3-8B,2,social-group,christian
R_2ZHAv6oZQcQu33B,91296,1915,1,0.0,Qwen3-8B,3,social-group,LGB
R_2ZHAv6oZQcQu33B,91320,1916,2,1.0,Qwen3-8B,3,social-group,transgender
R_2ZHAv6oZQcQu33B,91344,1917,1,0.0,Qwen3-8B,3,social-group,jewish
R_2ZHAv6oZQcQu33B,91368,1918,0,0.0,Qwen3-8B,3,random,random
R_2ZHAv6oZQcQu33B,91392,1919,1,0.0,Qwen3-8B,3,social-group,muslim
R_2ZHAv6oZQcQu33B,91416,1920,2,1.0,Qwen3-8B,3,social-group,LGB
R_2ZHAv6oZQcQu33B,91440,1921,1,0.0,Qwen3-8B,4,social-group,LGB
R_2ZHAv6oZQcQu33B,91464,1922,1,0.0,Qwen3-8B,4,social-group,transgender
R_2ZHAv6oZQcQu33B,91488,1923,2,1.0,Qwen3-8B,5,social-group,LGB
R_2ZHAv6oZQcQu33B,91512,1924,0,0.0,Qwen3-8B,1,random,random
R_2ZHAv6oZQcQu33B,91536,1925,2,1.0,Qwen3-8B,2,social-group,transgender
R_2ZHAv6oZQcQu33B,91560,1926,1,0.0,Qwen3-8B,2,moral,fairness
R_2ZHAv6oZQcQu33B,91584,1927,0,0.0,Qwen3-8B,1,moral,loyalty
R_2ZHAv6oZQcQu33B,91608,1928,0,0.0,Qwen3-8B,3,random,random
R_2ZHAv6oZQcQu33B,91632,1929,0,0.0,Qwen3-8B,1,random,random
R_2ZHAv6oZQcQu33B,91656,1930,1,0.0,Qwen3-8B,5,social-group,muslim
R_2ZHAv6oZQcQu33B,91680,1931,0,0.0,Qwen3-8B,1,social-group,christian
R_2ZHAv6oZQcQu33B,91704,1932,1,0.0,Qwen3-8B,5,social-group,transgender
R_29jehtqi8n6hoYC,8887,143,1,0.0,Qwen3-8B,2,random,random
R_29jehtqi8n6hoYC,16596,260,0,0.0,Qwen3-8B,3,random,random
R_29jehtqi8n6hoYC,26103,412,1,0.0,Qwen3-8B,2,random,random
R_29jehtqi8n6hoYC,40702,654,0,0.0,Qwen3-8B,1,random,random
R_29jehtqi8n6hoYC,46682,746,0,0.0,Qwen3-8B,2,random,random
R_29jehtqi8n6hoYC,47243,754,3,1.0,Qwen3-8B,3,random,random
R_29jehtqi8n6hoYC,57549,905,1,0.0,Qwen3-8B,3,random,random
R_29jehtqi8n6hoYC,61016,963,1,0.0,Qwen3-8B,3,random,random
R_29jehtqi8n6hoYC,63538,1005,0,0.0,Qwen3-8B,2,random,random
R_29jehtqi8n6hoYC,63784,1009,0,0.0,Qwen3-8B,2,random,random
R_29jehtqi8n6hoYC,75048,1255,0,0.0,Qwen3-8B,1,moral,purity
R_29jehtqi8n6hoYC,75048,1255,0,0.0,Qwen3-8B,1,moral,care
R_29jehtqi8n6hoYC,75048,1255,0,0.0,Qwen3-8B,1,moral,purity
R_29jehtqi8n6hoYC,75048,1255,0,0.0,Qwen3-8B,1,moral,care
R_29jehtqi8n6hoYC,91164,1909,-1,,Qwen3-8B,3,social-group,transgender
R_29jehtqi8n6hoYC,91188,1910,0,0.0,Qwen3-8B,1,random,random
R_29jehtqi8n6hoYC,91212,1911,3,1.0,Qwen3-8B,4,social-group,muslim
R_29jehtqi8n6hoYC,91236,1912,1,0.0,Qwen3-8B,3,social-group,christian
R_29jehtqi8n6hoYC,91260,1913,1,0.0,Qwen3-8B,4,social-group,transgender
R_29jehtqi8n6hoYC,91284,1914,0,0.0,Qwen3-8B,2,social-group,christian
R_29jehtqi8n6hoYC,91308,1915,0,0.0,Qwen3-8B,3,social-group,LGB
R_29jehtqi8n6hoYC,91332,1916,1,0.0,Qwen3-8B,3,social-group,transgender
R_29jehtqi8n6hoYC,91356,1917,3,1.0,Qwen3-8B,3,social-group,jewish
R_29jehtqi8n6hoYC,91380,1918,2,1.0,Qwen3-8B,3,random,random
R_29jehtqi8n6hoYC,91404,1919,3,1.0,Qwen3-8B,3,social-group,muslim
R_29jehtqi8n6hoYC,91428,1920,2,1.0,Qwen3-8B,3,social-group,LGB
R_29jehtqi8n6hoYC,91452,1921,3,1.0,Qwen3-8B,4,social-group,LGB
R_29jehtqi8n6hoYC,91476,1922,3,1.0,Qwen3-8B,4,social-group,transgender
R_29jehtqi8n6hoYC,91500,1923,4,1.0,Qwen3-8B,5,social-group,LGB
R_29jehtqi8n6hoYC,91524,1924,0,0.0,Qwen3-8B,1,random,random
R_29jehtqi8n6hoYC,91548,1925,2,1.0,Qwen3-8B,2,social-group,transgender
R_29jehtqi8n6hoYC,91572,1926,1,0.0,Qwen3-8B,2,moral,fairness
R_29jehtqi8n6hoYC,91596,1927,2,1.0,Qwen3-8B,1,moral,loyalty
R_29jehtqi8n6hoYC,91620,1928,1,0.0,Qwen3-8B,3,random,random
R_29jehtqi8n6hoYC,91644,1929,1,0.0,Qwen3-8B,1,random,random
R_29jehtqi8n6hoYC,91668,1930,3,1.0,Qwen3-8B,5,social-group,muslim
R_29jehtqi8n6hoYC,91692,1931,1,0.0,Qwen3-8B,1,social-group,christian
R_29jehtqi8n6hoYC,91716,1932,1,0.0,Qwen3-8B,5,social-group,transgender
R_26lFR8siw8fAH0T,8957,145,1,0.0,Qwen3-8B,2,random,random
R_26lFR8siw8fAH0T,9015,146,0,0.0,Qwen3-8B,2,random,random
R_26lFR8siw8fAH0T,9074,147,0,0.0,Qwen3-8B,2,random,random
R_26lFR8siw8fAH0T,9132,148,0,0.0,Qwen3-8B,2,random,random
R_26lFR8siw8fAH0T,9189,149,0,0.0,Qwen3-8B,1,random,random
R_26lFR8siw8fAH0T,9241,150,0,0.0,Qwen3-8B,3,random,random
R_26lFR8siw8fAH0T,9300,151,0,0.0,Qwen3-8B,3,random,random
R_26lFR8siw8fAH0T,9359,152,0,0.0,Qwen3-8B,1,random,random
R_26lFR8siw8fAH0T,9418,153,0,0.0,Qwen3-8B,2,random,random
R_26lFR8siw8fAH0T,9477,154,0,0.0,Qwen3-8B,2,random,random
R_26lFR8siw8fAH0T,9539,155,0,0.0,Qwen3-8B,3,random,random
R_26lFR8siw8fAH0T,9539,155,0,0.0,Qwen3-8B,3,moral,care
R_26lFR8siw8fAH0T,9539,155,0,0.0,Qwen3-8B,3,random,random
R_26lFR8siw8fAH0T,9539,155,0,0.0,Qwen3-8B,3,moral,care
R_26lFR8siw8fAH0T,9700,156,0,0.0,Qwen3-8B,2,random,random
R_26lFR8siw8fAH0T,9758,157,0,0.0,Qwen3-8B,5,random,random
R_26lFR8siw8fAH0T,9816,158,0,0.0,Qwen3-8B,2,random,random
R_26lFR8siw8fAH0T,9875,159,0,0.0,Qwen3-8B,1,random,random
R_26lFR8siw8fAH0T,9931,160,0,0.0,Qwen3-8B,3,random,random
R_26lFR8siw8fAH0T,9990,161,0,0.0,Qwen3-8B,3,random,random
R_26lFR8siw8fAH0T,10045,162,0,0.0,Qwen3-8B,3,random,random
R_26lFR8siw8fAH0T,10101,163,0,0.0,Qwen3-8B,2,random,random
R_26lFR8siw8fAH0T,10159,164,0,0.0,Qwen3-8B,3,random,random
R_26lFR8siw8fAH0T,10217,165,0,0.0,Qwen3-8B,4,random,random
R_26lFR8siw8fAH0T,10274,166,0,0.0,Qwen3-8B,2,random,random
R_26lFR8siw8fAH0T,10333,167,0,0.0,Qwen3-8B,2,random,random
R_26lFR8siw8fAH0T,10391,168,0,0.0,Qwen3-8B,1,random,random
R_26lFR8siw8fAH0T,10449,169,0,0.0,Qwen3-8B,3,random,random
R_26lFR8siw8fAH0T,10506,170,0,0.0,Qwen3-8B,3,random,random
R_26lFR8siw8fAH0T,10564,171,0,0.0,Qwen3-8B,2,random,random
R_26lFR8siw8fAH0T,10623,172,0,0.0,Qwen3-8B,3,random,random
R_26lFR8siw8fAH0T,10681,173,0,0.0,Qwen3-8B,1,random,random
R_26lFR8siw8fAH0T,10739,174,0,0.0,Qwen3-8B,2,random,random
R_26lFR8siw8fAH0T,10798,175,0,0.0,Qwen3-8B,2,random,random
R_26lFR8siw8fAH0T,10855,176,0,0.0,Qwen3-8B,2,random,random
R_26lFR8siw8fAH0T,10913,177,0,0.0,Qwen3-8B,4,random,random
R_26lFR8siw8fAH0T,10971,178,0,0.0,Qwen3-8B,1,random,random
R_26lFR8siw8fAH0T,11030,179,0,0.0,Qwen3-8B,3,random,random
R_Remb9iICL2QJovT,8962,145,2,1.0,Qwen3-8B,2,random,random
R_Remb9iICL2QJovT,9020,146,3,1.0,Qwen3-8B,2,random,random
R_Remb9iICL2QJovT,9079,147,3,1.0,Qwen3-8B,2,random,random
R_Remb9iICL2QJovT,9137,148,2,1.0,Qwen3-8B,2,random,random
R_Remb9iICL2QJovT,9193,149,1,0.0,Qwen3-8B,1,random,random
R_Remb9iICL2QJovT,9246,150,3,1.0,Qwen3-8B,3,random,random
R_Remb9iICL2QJovT,9305,151,3,1.0,Qwen3-8B,3,random,random
R_Remb9iICL2QJovT,9364,152,1,0.0,Qwen3-8B,1,random,random
R_Remb9iICL2QJovT,9423,153,0,0.0,Qwen3-8B,2,random,random
R_Remb9iICL2QJovT,9482,154,3,1.0,Qwen3-8B,2,random,random
R_Remb9iICL2QJovT,9555,155,3,1.0,Qwen3-8B,3,random,random
R_Remb9iICL2QJovT,9555,155,3,1.0,Qwen3-8B,3,moral,care
R_Remb9iICL2QJovT,9555,155,3,1.0,Qwen3-8B,3,random,random
R_Remb9iICL2QJovT,9555,155,3,1.0,Qwen3-8B,3,moral,care
R_Remb9iICL2QJovT,9705,156,3,1.0,Qwen3-8B,2,random,random
R_Remb9iICL2QJovT,9763,157,2,1.0,Qwen3-8B,5,random,random
R_Remb9iICL2QJovT,9821,158,2,1.0,Qwen3-8B,2,random,random
R_Remb9iICL2QJovT,9880,159,2,1.0,Qwen3-8B,1,random,random
R_Remb9iICL2QJovT,9936,160,3,1.0,Qwen3-8B,3,random,random
R_Remb9iICL2QJovT,9995,161,2,1.0,Qwen3-8B,3,random,random
R_Remb9iICL2QJovT,10050,162,2,1.0,Qwen3-8B,3,random,random
R_Remb9iICL2QJovT,10106,163,1,0.0,Qwen3-8B,2,random,random
R_Remb9iICL2QJovT,10164,164,0,0.0,Qwen3-8B,3,random,random
R_Remb9iICL2QJovT,10223,165,2,1.0,Qwen3-8B,4,random,random
R_Remb9iICL2QJovT,10279,166,4,1.0,Qwen3-8B,2,random,random
R_Remb9iICL2QJovT,10338,167,1,0.0,Qwen3-8B,2,random,random
R_Remb9iICL2QJovT,10396,168,3,1.0,Qwen3-8B,1,random,random
R_Remb9iICL2QJovT,10454,169,2,1.0,Qwen3-8B,3,random,random
R_Remb9iICL2QJovT,10511,170,2,1.0,Qwen3-8B,3,random,random
R_Remb9iICL2QJovT,10569,171,3,1.0,Qwen3-8B,2,random,random
R_Remb9iICL2QJovT,10628,172,2,1.0,Qwen3-8B,3,random,random
R_Remb9iICL2QJovT,10686,173,3,1.0,Qwen3-8B,1,random,random
R_Remb9iICL2QJovT,10744,174,3,1.0,Qwen3-8B,2,random,random
R_Remb9iICL2QJovT,10803,175,2,1.0,Qwen3-8B,2,random,random
R_Remb9iICL2QJovT,10860,176,2,1.0,Qwen3-8B,2,random,random
R_Remb9iICL2QJovT,10918,177,4,1.0,Qwen3-8B,4,random,random
R_Remb9iICL2QJovT,10976,178,3,1.0,Qwen3-8B,1,random,random
R_Remb9iICL2QJovT,11035,179,2,1.0,Qwen3-8B,3,random,random
R_p0Kmsbzzs6stmvf,8967,145,4,1.0,Qwen3-8B,2,random,random
R_p0Kmsbzzs6stmvf,9768,157,4,1.0,Qwen3-8B,5,random,random
R_p0Kmsbzzs6stmvf,13162,210,3,1.0,Qwen3-8B,2,random,random
R_p0Kmsbzzs6stmvf,14433,229,0,0.0,Qwen3-8B,3,random,random
R_p0Kmsbzzs6stmvf,35367,565,0,0.0,Qwen3-8B,3,random,random
R_p0Kmsbzzs6stmvf,35958,575,1,0.0,Qwen3-8B,4,random,random
R_p0Kmsbzzs6stmvf,41438,667,3,1.0,Qwen3-8B,2,random,random
R_p0Kmsbzzs6stmvf,48733,774,0,0.0,Qwen3-8B,3,random,random
R_p0Kmsbzzs6stmvf,63673,1008,0,0.0,Qwen3-8B,2,random,random
R_p0Kmsbzzs6stmvf,71227,1136,1,0.0,Qwen3-8B,3,random,random
R_p0Kmsbzzs6stmvf,137951,3891,4,1.0,Qwen3-8B,5,social-group,LGB
R_p0Kmsbzzs6stmvf,137974,3892,0,0.0,Qwen3-8B,3,social-group,muslim
R_p0Kmsbzzs6stmvf,137997,3893,4,1.0,Qwen3-8B,3,social-group,christian
R_p0Kmsbzzs6stmvf,138020,3894,4,1.0,Qwen3-8B,5,social-group,christian
R_p0Kmsbzzs6stmvf,138043,3895,4,1.0,Qwen3-8B,4,social-group,LGB
R_p0Kmsbzzs6stmvf,138066,3896,3,1.0,Qwen3-8B,5,social-group,jewish
R_p0Kmsbzzs6stmvf,138089,3897,0,0.0,Qwen3-8B,5,social-group,LGB
R_p0Kmsbzzs6stmvf,138112,3898,4,1.0,Qwen3-8B,5,social-group,LGB
R_p0Kmsbzzs6stmvf,138135,3899,1,0.0,Qwen3-8B,3,social-group,jewish
R_p0Kmsbzzs6stmvf,138158,3900,4,1.0,Qwen3-8B,2,moral,fairness
R_p0Kmsbzzs6stmvf,138181,3901,0,0.0,Qwen3-8B,3,social-group,transgender
R_p0Kmsbzzs6stmvf,138204,3902,0,0.0,Qwen3-8B,2,random,random
R_p0Kmsbzzs6stmvf,138227,3903,3,1.0,Qwen3-8B,3,social-group,jewish
R_p0Kmsbzzs6stmvf,138250,3904,4,1.0,Qwen3-8B,3,social-group,transgender
R_p0Kmsbzzs6stmvf,138273,3905,3,1.0,Qwen3-8B,2,social-group,LGB
R_p0Kmsbzzs6stmvf,138296,3906,0,0.0,Qwen3-8B,2,random,random
R_p0Kmsbzzs6stmvf,138319,3907,0,0.0,Qwen3-8B,1,moral,care
R_p0Kmsbzzs6stmvf,138342,3908,1,0.0,Qwen3-8B,5,social-group,jewish
R_p0Kmsbzzs6stmvf,138365,3909,3,1.0,Qwen3-8B,5,social-group,jewish
R_p0Kmsbzzs6stmvf,138388,3910,4,1.0,Qwen3-8B,3,social-group,LGB
R_p0Kmsbzzs6stmvf,138411,3911,3,1.0,Qwen3-8B,1,moral,authority
R_p0Kmsbzzs6stmvf,138434,3912,4,1.0,Qwen3-8B,2,social-group,transgender
R_p0Kmsbzzs6stmvf,138457,3913,4,1.0,Qwen3-8B,2,random,random
R_p0Kmsbzzs6stmvf,138480,3914,1,0.0,Qwen3-8B,1,moral,fairness
R_p0Kmsbzzs6stmvf,138503,3915,3,1.0,Qwen3-8B,3,random,random
R_1dajjJYKmhJPz02,8976,145,3,1.0,Qwen3-8B,2,random,random
R_1dajjJYKmhJPz02,9034,146,0,0.0,Qwen3-8B,2,random,random
R_1dajjJYKmhJPz02,9092,147,3,1.0,Qwen3-8B,2,random,random
R_1dajjJYKmhJPz02,9149,148,-1,,Qwen3-8B,2,random,random
R_1dajjJYKmhJPz02,9204,149,4,1.0,Qwen3-8B,1,random,random
R_1dajjJYKmhJPz02,9260,150,4,1.0,Qwen3-8B,3,random,random
R_1dajjJYKmhJPz02,9319,151,2,1.0,Qwen3-8B,3,random,random
R_1dajjJYKmhJPz02,9378,152,2,1.0,Qwen3-8B,1,random,random
R_1dajjJYKmhJPz02,9437,153,0,0.0,Qwen3-8B,2,random,random
R_1dajjJYKmhJPz02,9496,154,4,1.0,Qwen3-8B,2,random,random
R_1dajjJYKmhJPz02,9599,155,4,1.0,Qwen3-8B,3,random,random
R_1dajjJYKmhJPz02,9599,155,4,1.0,Qwen3-8B,3,moral,care
R_1dajjJYKmhJPz02,9599,155,4,1.0,Qwen3-8B,3,random,random
R_1dajjJYKmhJPz02,9599,155,4,1.0,Qwen3-8B,3,moral,care
R_1dajjJYKmhJPz02,9719,156,2,1.0,Qwen3-8B,2,random,random
R_1dajjJYKmhJPz02,9777,157,3,1.0,Qwen3-8B,5,random,random
R_1dajjJYKmhJPz02,9835,158,0,0.0,Qwen3-8B,2,random,random
R_1dajjJYKmhJPz02,9893,159,2,1.0,Qwen3-8B,1,random,random
R_1dajjJYKmhJPz02,9950,160,3,1.0,Qwen3-8B,3,random,random
R_1dajjJYKmhJPz02,10006,161,0,0.0,Qwen3-8B,3,random,random
R_1dajjJYKmhJPz02,10064,162,4,1.0,Qwen3-8B,3,random,random
R_1dajjJYKmhJPz02,10120,163,1,0.0,Qwen3-8B,2,random,random
R_1dajjJYKmhJPz02,10178,164,2,1.0,Qwen3-8B,3,random,random
R_1dajjJYKmhJPz02,10237,165,0,0.0,Qwen3-8B,4,random,random
R_1dajjJYKmhJPz02,10293,166,2,1.0,Qwen3-8B,2,random,random
R_1dajjJYKmhJPz02,10352,167,2,1.0,Qwen3-8B,2,random,random
R_1dajjJYKmhJPz02,10410,168,0,0.0,Qwen3-8B,1,random,random
R_1dajjJYKmhJPz02,10468,169,4,1.0,Qwen3-8B,3,random,random
R_1dajjJYKmhJPz02,10525,170,0,0.0,Qwen3-8B,3,random,random
R_1dajjJYKmhJPz02,10583,171,2,1.0,Qwen3-8B,2,random,random
R_1dajjJYKmhJPz02,10642,172,4,1.0,Qwen3-8B,3,random,random
R_1dajjJYKmhJPz02,10700,173,1,0.0,Qwen3-8B,1,random,random
R_1dajjJYKmhJPz02,10758,174,1,0.0,Qwen3-8B,2,random,random
R_1dajjJYKmhJPz02,10817,175,2,1.0,Qwen3-8B,2,random,random
R_1dajjJYKmhJPz02,10873,176,1,0.0,Qwen3-8B,2,random,random
R_1dajjJYKmhJPz02,10932,177,3,1.0,Qwen3-8B,4,random,random
R_1dajjJYKmhJPz02,10991,178,4,1.0,Qwen3-8B,1,random,random
R_1dajjJYKmhJPz02,11049,179,1,0.0,Qwen3-8B,3,random,random
R_qL8WnV4CR8Xwdyh,8981,145,0,0.0,Qwen3-8B,2,random,random
R_qL8WnV4CR8Xwdyh,9039,146,-1,,Qwen3-8B,2,random,random
R_qL8WnV4CR8Xwdyh,9097,147,-1,,Qwen3-8B,2,random,random
R_qL8WnV4CR8Xwdyh,9154,148,-1,,Qwen3-8B,2,random,random
R_qL8WnV4CR8Xwdyh,9209,149,-1,,Qwen3-8B,1,random,random
R_qL8WnV4CR8Xwdyh,9265,150,2,1.0,Qwen3-8B,3,random,random
R_qL8WnV4CR8Xwdyh,9324,151,0,0.0,Qwen3-8B,3,random,random
R_qL8WnV4CR8Xwdyh,9383,152,-1,,Qwen3-8B,1,random,random
R_qL8WnV4CR8Xwdyh,9442,153,0,0.0,Qwen3-8B,2,random,random
R_qL8WnV4CR8Xwdyh,9501,154,1,0.0,Qwen3-8B,2,random,random
R_qL8WnV4CR8Xwdyh,9609,155,0,0.0,Qwen3-8B,3,random,random
R_qL8WnV4CR8Xwdyh,9609,155,0,0.0,Qwen3-8B,3,moral,care
R_qL8WnV4CR8Xwdyh,9609,155,0,0.0,Qwen3-8B,3,random,random
R_qL8WnV4CR8Xwdyh,9609,155,0,0.0,Qwen3-8B,3,moral,care
R_qL8WnV4CR8Xwdyh,9724,156,0,0.0,Qwen3-8B,2,random,random
R_qL8WnV4CR8Xwdyh,9782,157,-1,,Qwen3-8B,5,random,random
R_qL8WnV4CR8Xwdyh,9840,158,1,0.0,Qwen3-8B,2,random,random
R_qL8WnV4CR8Xwdyh,9898,159,0,0.0,Qwen3-8B,1,random,random
R_qL8WnV4CR8Xwdyh,9955,160,0,0.0,Qwen3-8B,3,random,random
R_qL8WnV4CR8Xwdyh,10011,161,-1,,Qwen3-8B,3,random,random
R_qL8WnV4CR8Xwdyh,10069,162,0,0.0,Qwen3-8B,3,random,random
R_qL8WnV4CR8Xwdyh,10125,163,1,0.0,Qwen3-8B,2,random,random
R_qL8WnV4CR8Xwdyh,10183,164,-1,,Qwen3-8B,3,random,random
R_qL8WnV4CR8Xwdyh,10242,165,3,1.0,Qwen3-8B,4,random,random
R_qL8WnV4CR8Xwdyh,10298,166,1,0.0,Qwen3-8B,2,random,random
R_qL8WnV4CR8Xwdyh,10357,167,0,0.0,Qwen3-8B,2,random,random
R_qL8WnV4CR8Xwdyh,10415,168,0,0.0,Qwen3-8B,1,random,random
R_qL8WnV4CR8Xwdyh,10473,169,-1,,Qwen3-8B,3,random,random
R_qL8WnV4CR8Xwdyh,10530,170,2,1.0,Qwen3-8B,3,random,random
R_qL8WnV4CR8Xwdyh,10588,171,-1,,Qwen3-8B,2,random,random
R_qL8WnV4CR8Xwdyh,10647,172,0,0.0,Qwen3-8B,3,random,random
R_qL8WnV4CR8Xwdyh,10705,173,1,0.0,Qwen3-8B,1,random,random
R_qL8WnV4CR8Xwdyh,10763,174,0,0.0,Qwen3-8B,2,random,random
R_qL8WnV4CR8Xwdyh,10822,175,0,0.0,Qwen3-8B,2,random,random
R_qL8WnV4CR8Xwdyh,10878,176,0,0.0,Qwen3-8B,2,random,random
R_qL8WnV4CR8Xwdyh,10937,177,0,0.0,Qwen3-8B,4,random,random
R_qL8WnV4CR8Xwdyh,10996,178,0,0.0,Qwen3-8B,1,random,random
R_qL8WnV4CR8Xwdyh,11054,179,-1,,Qwen3-8B,3,random,random
R_9EPYuqtvfOoCAvf,8985,145,2,1.0,Qwen3-8B,2,random,random
R_9EPYuqtvfOoCAvf,9044,146,3,1.0,Qwen3-8B,2,random,random
R_9EPYuqtvfOoCAvf,9102,147,4,1.0,Qwen3-8B,2,random,random
R_9EPYuqtvfOoCAvf,9159,148,0,0.0,Qwen3-8B,2,random,random
R_9EPYuqtvfOoCAvf,9213,149,3,1.0,Qwen3-8B,1,random,random
R_9EPYuqtvfOoCAvf,9270,150,3,1.0,Qwen3-8B,3,random,random
R_9EPYuqtvfOoCAvf,9329,151,4,1.0,Qwen3-8B,3,random,random
R_9EPYuqtvfOoCAvf,9388,152,0,0.0,Qwen3-8B,1,random,random
R_9EPYuqtvfOoCAvf,9447,153,3,1.0,Qwen3-8B,2,random,random
R_9EPYuqtvfOoCAvf,9506,154,2,1.0,Qwen3-8B,2,random,random
R_9EPYuqtvfOoCAvf,9625,155,2,1.0,Qwen3-8B,3,random,random
R_9EPYuqtvfOoCAvf,9625,155,2,1.0,Qwen3-8B,3,moral,care
R_9EPYuqtvfOoCAvf,9625,155,2,1.0,Qwen3-8B,3,random,random
R_9EPYuqtvfOoCAvf,9625,155,2,1.0,Qwen3-8B,3,moral,care
R_9EPYuqtvfOoCAvf,9729,156,1,0.0,Qwen3-8B,2,random,random
R_9EPYuqtvfOoCAvf,9786,157,0,0.0,Qwen3-8B,5,random,random
R_9EPYuqtvfOoCAvf,9845,158,2,1.0,Qwen3-8B,2,random,random
R_9EPYuqtvfOoCAvf,9903,159,2,1.0,Qwen3-8B,1,random,random
R_9EPYuqtvfOoCAvf,9960,160,1,0.0,Qwen3-8B,3,random,random
R_9EPYuqtvfOoCAvf,10016,161,2,1.0,Qwen3-8B,3,random,random
R_9EPYuqtvfOoCAvf,10074,162,1,0.0,Qwen3-8B,3,random,random
R_9EPYuqtvfOoCAvf,10130,163,2,1.0,Qwen3-8B,2,random,random
R_9EPYuqtvfOoCAvf,10188,164,3,1.0,Qwen3-8B,3,random,random
R_9EPYuqtvfOoCAvf,10246,165,3,1.0,Qwen3-8B,4,random,random
R_9EPYuqtvfOoCAvf,10303,166,2,1.0,Qwen3-8B,2,random,random
R_9EPYuqtvfOoCAvf,10362,167,3,1.0,Qwen3-8B,2,random,random
R_9EPYuqtvfOoCAvf,10420,168,0,0.0,Qwen3-8B,1,random,random
R_9EPYuqtvfOoCAvf,10478,169,0,0.0,Qwen3-8B,3,random,random
R_9EPYuqtvfOoCAvf,10535,170,3,1.0,Qwen3-8B,3,random,random
R_9EPYuqtvfOoCAvf,10593,171,1,0.0,Qwen3-8B,2,random,random
R_9EPYuqtvfOoCAvf,10652,172,0,0.0,Qwen3-8B,3,random,random
R_9EPYuqtvfOoCAvf,10710,173,2,1.0,Qwen3-8B,1,random,random
R_9EPYuqtvfOoCAvf,10768,174,0,0.0,Qwen3-8B,2,random,random
R_9EPYuqtvfOoCAvf,10827,175,1,0.0,Qwen3-8B,2,random,random
R_9EPYuqtvfOoCAvf,10883,176,0,0.0,Qwen3-8B,2,random,random
R_9EPYuqtvfOoCAvf,10942,177,0,0.0,Qwen3-8B,4,random,random
R_9EPYuqtvfOoCAvf,11001,178,0,0.0,Qwen3-8B,1,random,random
R_9EPYuqtvfOoCAvf,11059,179,1,0.0,Qwen3-8B,3,random,random
R_tGMVfZ8gfJPPmi5,8994,145,2,1.0,Qwen3-8B,2,random,random
R_tGMVfZ8gfJPPmi5,9053,146,2,1.0,Qwen3-8B,2,random,random
R_tGMVfZ8gfJPPmi5,9111,147,2,1.0,Qwen3-8B,2,random,random
R_tGMVfZ8gfJPPmi5,9168,148,1,0.0,Qwen3-8B,2,random,random
R_tGMVfZ8gfJPPmi5,9221,149,1,0.0,Qwen3-8B,1,random,random
R_tGMVfZ8gfJPPmi5,9279,150,2,1.0,Qwen3-8B,3,random,random
R_tGMVfZ8gfJPPmi5,9338,151,2,1.0,Qwen3-8B,3,random,random
R_tGMVfZ8gfJPPmi5,9397,152,2,1.0,Qwen3-8B,1,random,random
R_tGMVfZ8gfJPPmi5,9456,153,1,0.0,Qwen3-8B,2,random,random
R_tGMVfZ8gfJPPmi5,9514,154,2,1.0,Qwen3-8B,2,random,random
R_tGMVfZ8gfJPPmi5,9643,155,2,1.0,Qwen3-8B,3,random,random
R_tGMVfZ8gfJPPmi5,9643,155,2,1.0,Qwen3-8B,3,moral,care
R_tGMVfZ8gfJPPmi5,9643,155,2,1.0,Qwen3-8B,3,random,random
R_tGMVfZ8gfJPPmi5,9643,155,2,1.0,Qwen3-8B,3,moral,care
R_tGMVfZ8gfJPPmi5,9737,156,1,0.0,Qwen3-8B,2,random,random
R_tGMVfZ8gfJPPmi5,9795,157,2,1.0,Qwen3-8B,5,random,random
R_tGMVfZ8gfJPPmi5,9853,158,1,0.0,Qwen3-8B,2,random,random
R_tGMVfZ8gfJPPmi5,9912,159,1,0.0,Qwen3-8B,1,random,random
R_tGMVfZ8gfJPPmi5,9969,160,2,1.0,Qwen3-8B,3,random,random
R_tGMVfZ8gfJPPmi5,10024,161,3,1.0,Qwen3-8B,3,random,random
R_tGMVfZ8gfJPPmi5,10081,162,3,1.0,Qwen3-8B,3,random,random
R_tGMVfZ8gfJPPmi5,10139,163,2,1.0,Qwen3-8B,2,random,random
R_tGMVfZ8gfJPPmi5,10196,164,3,1.0,Qwen3-8B,3,random,random
R_tGMVfZ8gfJPPmi5,10253,165,3,1.0,Qwen3-8B,4,random,random
R_tGMVfZ8gfJPPmi5,10312,166,3,1.0,Qwen3-8B,2,random,random
R_tGMVfZ8gfJPPmi5,10371,167,3,1.0,Qwen3-8B,2,random,random
R_tGMVfZ8gfJPPmi5,10428,168,3,1.0,Qwen3-8B,1,random,random
R_tGMVfZ8gfJPPmi5,10486,169,2,1.0,Qwen3-8B,3,random,random
R_tGMVfZ8gfJPPmi5,10542,170,3,1.0,Qwen3-8B,3,random,random
R_tGMVfZ8gfJPPmi5,10601,171,3,1.0,Qwen3-8B,2,random,random
R_tGMVfZ8gfJPPmi5,10661,172,2,1.0,Qwen3-8B,3,random,random
R_tGMVfZ8gfJPPmi5,10718,173,3,1.0,Qwen3-8B,1,random,random
R_tGMVfZ8gfJPPmi5,10777,174,3,1.0,Qwen3-8B,2,random,random
R_tGMVfZ8gfJPPmi5,10834,175,3,1.0,Qwen3-8B,2,random,random
R_tGMVfZ8gfJPPmi5,10891,176,2,1.0,Qwen3-8B,2,random,random
R_tGMVfZ8gfJPPmi5,10950,177,3,1.0,Qwen3-8B,4,random,random
R_tGMVfZ8gfJPPmi5,11010,178,3,1.0,Qwen3-8B,1,random,random
R_tGMVfZ8gfJPPmi5,11067,179,2,1.0,Qwen3-8B,3,random,random
R_Tef4X47n6c4EzTz,8999,145,0,0.0,Qwen3-8B,2,random,random
R_Tef4X47n6c4EzTz,9800,157,0,0.0,Qwen3-8B,5,random,random
R_Tef4X47n6c4EzTz,13196,210,0,0.0,Qwen3-8B,2,random,random
R_Tef4X47n6c4EzTz,14469,229,0,0.0,Qwen3-8B,3,random,random
R_Tef4X47n6c4EzTz,35401,565,0,0.0,Qwen3-8B,3,random,random
R_Tef4X47n6c4EzTz,35992,575,0,0.0,Qwen3-8B,4,random,random
R_Tef4X47n6c4EzTz,41470,667,0,0.0,Qwen3-8B,2,random,random
R_Tef4X47n6c4EzTz,48773,774,0,0.0,Qwen3-8B,3,random,random
R_Tef4X47n6c4EzTz,63707,1008,0,0.0,Qwen3-8B,2,random,random
R_Tef4X47n6c4EzTz,71254,1136,0,0.0,Qwen3-8B,3,random,random
R_Tef4X47n6c4EzTz,137964,3891,0,0.0,Qwen3-8B,5,social-group,LGB
R_Tef4X47n6c4EzTz,137987,3892,0,0.0,Qwen3-8B,3,social-group,muslim
R_Tef4X47n6c4EzTz,138010,3893,0,0.0,Qwen3-8B,3,social-group,christian
R_Tef4X47n6c4EzTz,138033,3894,0,0.0,Qwen3-8B,5,social-group,christian
R_Tef4X47n6c4EzTz,138056,3895,0,0.0,Qwen3-8B,4,social-group,LGB
R_Tef4X47n6c4EzTz,138079,3896,0,0.0,Qwen3-8B,5,social-group,jewish
R_Tef4X47n6c4EzTz,138102,3897,0,0.0,Qwen3-8B,5,social-group,LGB
R_Tef4X47n6c4EzTz,138125,3898,0,0.0,Qwen3-8B,5,social-group,LGB
R_Tef4X47n6c4EzTz,138148,3899,0,0.0,Qwen3-8B,3,social-group,jewish
R_Tef4X47n6c4EzTz,138171,3900,0,0.0,Qwen3-8B,2,moral,fairness
R_Tef4X47n6c4EzTz,138194,3901,0,0.0,Qwen3-8B,3,social-group,transgender
R_Tef4X47n6c4EzTz,138217,3902,0,0.0,Qwen3-8B,2,random,random
R_Tef4X47n6c4EzTz,138240,3903,0,0.0,Qwen3-8B,3,social-group,jewish
R_Tef4X47n6c4EzTz,138263,3904,0,0.0,Qwen3-8B,3,social-group,transgender
R_Tef4X47n6c4EzTz,138286,3905,0,0.0,Qwen3-8B,2,social-group,LGB
R_Tef4X47n6c4EzTz,138309,3906,0,0.0,Qwen3-8B,2,random,random
R_Tef4X47n6c4EzTz,138332,3907,0,0.0,Qwen3-8B,1,moral,care
R_Tef4X47n6c4EzTz,138355,3908,0,0.0,Qwen3-8B,5,social-group,jewish
R_Tef4X47n6c4EzTz,138378,3909,0,0.0,Qwen3-8B,5,social-group,jewish
R_Tef4X47n6c4EzTz,138401,3910,0,0.0,Qwen3-8B,3,social-group,LGB
R_Tef4X47n6c4EzTz,138424,3911,0,0.0,Qwen3-8B,1,moral,authority
R_Tef4X47n6c4EzTz,138447,3912,0,0.0,Qwen3-8B,2,social-group,transgender
R_Tef4X47n6c4EzTz,138470,3913,0,0.0,Qwen3-8B,2,random,random
R_Tef4X47n6c4EzTz,138493,3914,0,0.0,Qwen3-8B,1,moral,fairness
R_Tef4X47n6c4EzTz,138516,3915,0,0.0,Qwen3-8B,3,random,random
R_0dpAINcze7j1uIp,9076,147,2,1.0,Qwen3-8B,2,random,random
R_0dpAINcze7j1uIp,25384,401,4,1.0,Qwen3-8B,2,random,random
R_0dpAINcze7j1uIp,28405,455,0,0.0,Qwen3-8B,3,random,random
R_0dpAINcze7j1uIp,45620,731,0,0.0,Qwen3-8B,1,random,random
R_0dpAINcze7j1uIp,50470,802,0,0.0,Qwen3-8B,2,random,random
R_0dpAINcze7j1uIp,60804,960,4,1.0,Qwen3-8B,4,random,random
R_0dpAINcze7j1uIp,67503,1069,0,0.0,Qwen3-8B,3,random,random
R_0dpAINcze7j1uIp,70552,1123,-1,,Qwen3-8B,4,random,random
R_0dpAINcze7j1uIp,70919,1130,0,0.0,Qwen3-8B,1,random,random
R_0dpAINcze7j1uIp,72250,1156,0,0.0,Qwen3-8B,3,random,random
R_0dpAINcze7j1uIp,102650,2384,0,0.0,Qwen3-8B,3,random,random
R_0dpAINcze7j1uIp,102673,2385,0,0.0,Qwen3-8B,3,moral,fairness
R_0dpAINcze7j1uIp,102696,2386,4,1.0,Qwen3-8B,3,random,random
R_0dpAINcze7j1uIp,102719,2387,0,0.0,Qwen3-8B,3,moral,fairness
R_0dpAINcze7j1uIp,102742,2388,4,1.0,Qwen3-8B,3,social-group,muslim
R_0dpAINcze7j1uIp,102765,2389,4,1.0,Qwen3-8B,2,random,random
R_0dpAINcze7j1uIp,102788,2390,4,1.0,Qwen3-8B,1,moral,fairness
R_0dpAINcze7j1uIp,102811,2391,4,1.0,Qwen3-8B,3,social-group,christian
R_0dpAINcze7j1uIp,102834,2392,4,1.0,Qwen3-8B,4,social-group,muslim
R_0dpAINcze7j1uIp,102857,2393,4,1.0,Qwen3-8B,4,social-group,LGB
R_0dpAINcze7j1uIp,102880,2394,0,0.0,Qwen3-8B,3,social-group,LGB
R_0dpAINcze7j1uIp,102903,2395,4,1.0,Qwen3-8B,4,social-group,transgender
R_0dpAINcze7j1uIp,102926,2396,0,0.0,Qwen3-8B,1,moral,authority
R_0dpAINcze7j1uIp,102949,2397,0,0.0,Qwen3-8B,3,social-group,transgender
R_0dpAINcze7j1uIp,102972,2398,0,0.0,Qwen3-8B,3,social-group,christian
R_0dpAINcze7j1uIp,102995,2399,4,1.0,Qwen3-8B,3,social-group,christian
R_0dpAINcze7j1uIp,103018,2400,4,1.0,Qwen3-8B,5,random,random
R_0dpAINcze7j1uIp,103041,2401,0,0.0,Qwen3-8B,1,moral,loyalty
R_0dpAINcze7j1uIp,103064,2402,4,1.0,Qwen3-8B,3,social-group,christian
R_0dpAINcze7j1uIp,103087,2403,0,0.0,Qwen3-8B,1,moral,authority
R_0dpAINcze7j1uIp,103110,2404,4,1.0,Qwen3-8B,2,random,random
R_0dpAINcze7j1uIp,103133,2405,4,1.0,Qwen3-8B,2,social-group,jewish
R_0dpAINcze7j1uIp,103156,2406,4,1.0,Qwen3-8B,4,social-group,muslim
R_0dpAINcze7j1uIp,103179,2407,0,0.0,Qwen3-8B,2,social-group,christian
R_0dpAINcze7j1uIp,103202,2408,2,1.0,Qwen3-8B,4,social-group,christian
R_sjNmHbxwRiyF9iF,9077,147,2,1.0,Qwen3-8B,2,random,random
R_sjNmHbxwRiyF9iF,25385,401,1,0.0,Qwen3-8B,2,random,random
R_sjNmHbxwRiyF9iF,28406,455,0,0.0,Qwen3-8B,3,random,random
R_sjNmHbxwRiyF9iF,45621,731,0,0.0,Qwen3-8B,1,random,random
R_sjNmHbxwRiyF9iF,50471,802,0,0.0,Qwen3-8B,2,random,random
R_sjNmHbxwRiyF9iF,60805,960,0,0.0,Qwen3-8B,4,random,random
R_sjNmHbxwRiyF9iF,67504,1069,1,0.0,Qwen3-8B,3,random,random
R_sjNmHbxwRiyF9iF,70553,1123,-1,,Qwen3-8B,4,random,random
R_sjNmHbxwRiyF9iF,70920,1130,0,0.0,Qwen3-8B,1,random,random
R_sjNmHbxwRiyF9iF,72251,1156,0,0.0,Qwen3-8B,3,random,random
R_sjNmHbxwRiyF9iF,102651,2384,0,0.0,Qwen3-8B,3,random,random
R_sjNmHbxwRiyF9iF,102674,2385,0,0.0,Qwen3-8B,3,moral,fairness
R_sjNmHbxwRiyF9iF,102697,2386,0,0.0,Qwen3-8B,3,random,random
R_sjNmHbxwRiyF9iF,102720,2387,2,1.0,Qwen3-8B,3,moral,fairness
R_sjNmHbxwRiyF9iF,102743,2388,4,1.0,Qwen3-8B,3,social-group,muslim
R_sjNmHbxwRiyF9iF,102766,2389,0,0.0,Qwen3-8B,2,random,random
R_sjNmHbxwRiyF9iF,102789,2390,0,0.0,Qwen3-8B,1,moral,fairness
R_sjNmHbxwRiyF9iF,102812,2391,0,0.0,Qwen3-8B,3,social-group,christian
R_sjNmHbxwRiyF9iF,102835,2392,4,1.0,Qwen3-8B,4,social-group,muslim
R_sjNmHbxwRiyF9iF,102858,2393,4,1.0,Qwen3-8B,4,social-group,LGB
R_sjNmHbxwRiyF9iF,102881,2394,0,0.0,Qwen3-8B,3,social-group,LGB
R_sjNmHbxwRiyF9iF,102904,2395,0,0.0,Qwen3-8B,4,social-group,transgender
R_sjNmHbxwRiyF9iF,102927,2396,0,0.0,Qwen3-8B,1,moral,authority
R_sjNmHbxwRiyF9iF,102950,2397,0,0.0,Qwen3-8B,3,social-group,transgender
R_sjNmHbxwRiyF9iF,102973,2398,1,0.0,Qwen3-8B,3,social-group,christian
R_sjNmHbxwRiyF9iF,102996,2399,0,0.0,Qwen3-8B,3,social-group,christian
R_sjNmHbxwRiyF9iF,103019,2400,0,0.0,Qwen3-8B,5,random,random
R_sjNmHbxwRiyF9iF,103042,2401,0,0.0,Qwen3-8B,1,moral,loyalty
R_sjNmHbxwRiyF9iF,103065,2402,0,0.0,Qwen3-8B,3,social-group,christian
R_sjNmHbxwRiyF9iF,103088,2403,0,0.0,Qwen3-8B,1,moral,authority
R_sjNmHbxwRiyF9iF,103111,2404,0,0.0,Qwen3-8B,2,random,random
R_sjNmHbxwRiyF9iF,103134,2405,0,0.0,Qwen3-8B,2,social-group,jewish
R_sjNmHbxwRiyF9iF,103157,2406,0,0.0,Qwen3-8B,4,social-group,muslim
R_sjNmHbxwRiyF9iF,103180,2407,0,0.0,Qwen3-8B,2,social-group,christian
R_sjNmHbxwRiyF9iF,103203,2408,2,1.0,Qwen3-8B,4,social-group,christian
R_bxgHlvKEqQUAYpz,9085,147,0,0.0,Qwen3-8B,2,random,random
R_bxgHlvKEqQUAYpz,25390,401,1,0.0,Qwen3-8B,2,random,random
R_bxgHlvKEqQUAYpz,28411,455,0,0.0,Qwen3-8B,3,random,random
R_bxgHlvKEqQUAYpz,45627,731,1,0.0,Qwen3-8B,1,random,random
R_bxgHlvKEqQUAYpz,50481,802,0,0.0,Qwen3-8B,2,random,random
R_bxgHlvKEqQUAYpz,60811,960,0,0.0,Qwen3-8B,4,random,random
R_bxgHlvKEqQUAYpz,67509,1069,0,0.0,Qwen3-8B,3,random,random
R_bxgHlvKEqQUAYpz,70563,1123,-1,,Qwen3-8B,4,random,random
R_bxgHlvKEqQUAYpz,70925,1130,0,0.0,Qwen3-8B,1,random,random
R_bxgHlvKEqQUAYpz,72256,1156,0,0.0,Qwen3-8B,3,random,random
R_bxgHlvKEqQUAYpz,102653,2384,2,1.0,Qwen3-8B,3,random,random
R_bxgHlvKEqQUAYpz,102676,2385,0,0.0,Qwen3-8B,3,moral,fairness
R_bxgHlvKEqQUAYpz,102699,2386,0,0.0,Qwen3-8B,3,random,random
R_bxgHlvKEqQUAYpz,102722,2387,0,0.0,Qwen3-8B,3,moral,fairness
R_bxgHlvKEqQUAYpz,102745,2388,3,1.0,Qwen3-8B,3,social-group,muslim
R_bxgHlvKEqQUAYpz,102768,2389,2,1.0,Qwen3-8B,2,random,random
R_bxgHlvKEqQUAYpz,102791,2390,0,0.0,Qwen3-8B,1,moral,fairness
R_bxgHlvKEqQUAYpz,102814,2391,0,0.0,Qwen3-8B,3,social-group,christian
R_bxgHlvKEqQUAYpz,102837,2392,3,1.0,Qwen3-8B,4,social-group,muslim
R_bxgHlvKEqQUAYpz,102860,2393,0,0.0,Qwen3-8B,4,social-group,LGB
R_bxgHlvKEqQUAYpz,102883,2394,0,0.0,Qwen3-8B,3,social-group,LGB
R_bxgHlvKEqQUAYpz,102906,2395,1,0.0,Qwen3-8B,4,social-group,transgender
R_bxgHlvKEqQUAYpz,102929,2396,0,0.0,Qwen3-8B,1,moral,authority
R_bxgHlvKEqQUAYpz,102952,2397,0,0.0,Qwen3-8B,3,social-group,transgender
R_bxgHlvKEqQUAYpz,102975,2398,1,0.0,Qwen3-8B,3,social-group,christian
R_bxgHlvKEqQUAYpz,102998,2399,0,0.0,Qwen3-8B,3,social-group,christian
R_bxgHlvKEqQUAYpz,103021,2400,0,0.0,Qwen3-8B,5,random,random
R_bxgHlvKEqQUAYpz,103044,2401,0,0.0,Qwen3-8B,1,moral,loyalty
R_bxgHlvKEqQUAYpz,103067,2402,1,0.0,Qwen3-8B,3,social-group,christian
R_bxgHlvKEqQUAYpz,103090,2403,0,0.0,Qwen3-8B,1,moral,authority
R_bxgHlvKEqQUAYpz,103113,2404,0,0.0,Qwen3-8B,2,random,random
R_bxgHlvKEqQUAYpz,103136,2405,0,0.0,Qwen3-8B,2,social-group,jewish
R_bxgHlvKEqQUAYpz,103159,2406,0,0.0,Qwen3-8B,4,social-group,muslim
R_bxgHlvKEqQUAYpz,103182,2407,0,0.0,Qwen3-8B,2,social-group,christian
R_bxgHlvKEqQUAYpz,103205,2408,2,1.0,Qwen3-8B,4,social-group,christian
R_2qEo5llUrCscUmQ,9478,154,2,1.0,Qwen3-8B,2,random,random
R_2qEo5llUrCscUmQ,10565,171,2,1.0,Qwen3-8B,2,random,random
R_2qEo5llUrCscUmQ,12871,206,0,0.0,Qwen3-8B,2,random,random
R_2qEo5llUrCscUmQ,25757,407,0,0.0,Qwen3-8B,2,random,random
R_2qEo5llUrCscUmQ,27575,439,0,0.0,Qwen3-8B,2,random,random
R_2qEo5llUrCscUmQ,34410,549,0,0.0,Qwen3-8B,2,random,random
R_2qEo5llUrCscUmQ,34947,558,0,0.0,Qwen3-8B,2,random,random
R_2qEo5llUrCscUmQ,35246,563,0,0.0,Qwen3-8B,2,random,random
R_2qEo5llUrCscUmQ,47817,763,0,0.0,Qwen3-8B,3,random,random
R_2qEo5llUrCscUmQ,48794,775,4,1.0,Qwen3-8B,2,random,random
R_2qEo5llUrCscUmQ,63789,1010,0,0.0,Qwen3-8B,2,random,random
R_2qEo5llUrCscUmQ,72352,1158,0,0.0,Qwen3-8B,2,random,random
R_2qEo5llUrCscUmQ,78148,1385,1,0.0,Qwen3-8B,3,moral,care
R_2qEo5llUrCscUmQ,122804,3241,2,1.0,Qwen3-8B,3,social-group,LGB
R_2qEo5llUrCscUmQ,122828,3242,4,1.0,Qwen3-8B,4,social-group,jewish
R_2qEo5llUrCscUmQ,122852,3243,4,1.0,Qwen3-8B,5,social-group,christian
R_2qEo5llUrCscUmQ,122876,3244,0,0.0,Qwen3-8B,1,moral,loyalty
R_2qEo5llUrCscUmQ,122900,3245,4,1.0,Qwen3-8B,3,social-group,transgender
R_2qEo5llUrCscUmQ,122924,3246,4,1.0,Qwen3-8B,2,social-group,LGB
R_2qEo5llUrCscUmQ,122948,3247,0,0.0,Qwen3-8B,2,moral,fairness
R_2qEo5llUrCscUmQ,122972,3248,0,0.0,Qwen3-8B,1,moral,authority
R_2qEo5llUrCscUmQ,122996,3249,0,0.0,Qwen3-8B,3,random,random
R_2qEo5llUrCscUmQ,123020,3250,4,1.0,Qwen3-8B,3,social-group,LGB
R_2qEo5llUrCscUmQ,123044,3251,4,1.0,Qwen3-8B,4,social-group,muslim
R_2qEo5llUrCscUmQ,123068,3252,0,0.0,Qwen3-8B,1,social-group,transgender
R_2qEo5llUrCscUmQ,123092,3253,4,1.0,Qwen3-8B,4,social-group,muslim
R_2qEo5llUrCscUmQ,123116,3254,0,0.0,Qwen3-8B,3,random,random
R_2qEo5llUrCscUmQ,123140,3255,1,0.0,Qwen3-8B,4,social-group,LGB
R_2qEo5llUrCscUmQ,123164,3256,0,0.0,Qwen3-8B,4,social-group,jewish
R_2qEo5llUrCscUmQ,123188,3257,0,0.0,Qwen3-8B,3,social-group,christian
R_2qEo5llUrCscUmQ,123212,3258,0,0.0,Qwen3-8B,1,moral,care
R_2qEo5llUrCscUmQ,123236,3259,0,0.0,Qwen3-8B,2,social-group,christian
R_2qEo5llUrCscUmQ,123260,3260,4,1.0,Qwen3-8B,5,random,random
R_2qEo5llUrCscUmQ,123284,3261,0,0.0,Qwen3-8B,3,social-group,LGB
R_2qEo5llUrCscUmQ,123308,3262,0,0.0,Qwen3-8B,1,moral,loyalty
R_300LdxRvW8HWuyz,9531,154,1,0.0,Qwen3-8B,2,random,random
R_300LdxRvW8HWuyz,10618,171,0,0.0,Qwen3-8B,2,random,random
R_300LdxRvW8HWuyz,12935,206,3,1.0,Qwen3-8B,2,random,random
R_300LdxRvW8HWuyz,25814,407,0,0.0,Qwen3-8B,2,random,random
R_300LdxRvW8HWuyz,27623,439,1,0.0,Qwen3-8B,2,random,random
R_300LdxRvW8HWuyz,34461,549,0,0.0,Qwen3-8B,2,random,random
R_300LdxRvW8HWuyz,34998,558,0,0.0,Qwen3-8B,2,random,random
R_300LdxRvW8HWuyz,35297,563,2,1.0,Qwen3-8B,2,random,random
R_300LdxRvW8HWuyz,47886,763,0,0.0,Qwen3-8B,3,random,random
R_300LdxRvW8HWuyz,48851,775,1,0.0,Qwen3-8B,2,random,random
R_300LdxRvW8HWuyz,63845,1010,1,0.0,Qwen3-8B,2,random,random
R_300LdxRvW8HWuyz,72398,1158,4,1.0,Qwen3-8B,2,random,random
R_300LdxRvW8HWuyz,78189,1385,0,0.0,Qwen3-8B,3,moral,care
R_300LdxRvW8HWuyz,122826,3241,3,1.0,Qwen3-8B,3,social-group,LGB
R_300LdxRvW8HWuyz,122850,3242,4,1.0,Qwen3-8B,4,social-group,jewish
R_300LdxRvW8HWuyz,122874,3243,2,1.0,Qwen3-8B,5,social-group,christian
R_300LdxRvW8HWuyz,122898,3244,0,0.0,Qwen3-8B,1,moral,loyalty
R_300LdxRvW8HWuyz,122922,3245,1,0.0,Qwen3-8B,3,social-group,transgender
R_300LdxRvW8HWuyz,122946,3246,3,1.0,Qwen3-8B,2,social-group,LGB
R_300LdxRvW8HWuyz,122970,3247,0,0.0,Qwen3-8B,2,moral,fairness
R_300LdxRvW8HWuyz,122994,3248,1,0.0,Qwen3-8B,1,moral,authority
R_300LdxRvW8HWuyz,123018,3249,0,0.0,Qwen3-8B,3,random,random
R_300LdxRvW8HWuyz,123042,3250,0,0.0,Qwen3-8B,3,social-group,LGB
R_300LdxRvW8HWuyz,123066,3251,1,0.0,Qwen3-8B,4,social-group,muslim
R_300LdxRvW8HWuyz,123090,3252,0,0.0,Qwen3-8B,1,social-group,transgender
R_300LdxRvW8HWuyz,123114,3253,4,1.0,Qwen3-8B,4,social-group,muslim
R_300LdxRvW8HWuyz,123138,3254,0,0.0,Qwen3-8B,3,random,random
R_300LdxRvW8HWuyz,123162,3255,0,0.0,Qwen3-8B,4,social-group,LGB
R_300LdxRvW8HWuyz,123186,3256,1,0.0,Qwen3-8B,4,social-group,jewish
R_300LdxRvW8HWuyz,123210,3257,1,0.0,Qwen3-8B,3,social-group,christian
R_300LdxRvW8HWuyz,123234,3258,0,0.0,Qwen3-8B,1,moral,care
R_300LdxRvW8HWuyz,123258,3259,1,0.0,Qwen3-8B,2,social-group,christian
R_300LdxRvW8HWuyz,123282,3260,2,1.0,Qwen3-8B,5,random,random
R_300LdxRvW8HWuyz,123306,3261,2,1.0,Qwen3-8B,3,social-group,LGB
R_300LdxRvW8HWuyz,123330,3262,0,0.0,Qwen3-8B,1,moral,loyalty
R_1ifEMLfdW3bwHZa,9549,155,0,0.0,Qwen3-8B,3,random,random
R_1ifEMLfdW3bwHZa,9549,155,0,0.0,Qwen3-8B,3,moral,care
R_1ifEMLfdW3bwHZa,9549,155,0,0.0,Qwen3-8B,3,random,random
R_1ifEMLfdW3bwHZa,9549,155,0,0.0,Qwen3-8B,3,moral,care
R_1ifEMLfdW3bwHZa,12313,198,0,0.0,Qwen3-8B,1,random,random
R_1ifEMLfdW3bwHZa,19250,303,0,0.0,Qwen3-8B,1,random,random
R_1ifEMLfdW3bwHZa,36480,584,0,0.0,Qwen3-8B,3,random,random
R_1ifEMLfdW3bwHZa,39443,634,4,1.0,Qwen3-8B,2,random,random
R_1ifEMLfdW3bwHZa,50596,804,0,0.0,Qwen3-8B,3,random,random
R_1ifEMLfdW3bwHZa,59385,934,0,0.0,Qwen3-8B,3,random,random
R_1ifEMLfdW3bwHZa,62812,994,0,0.0,Qwen3-8B,5,random,random
R_1ifEMLfdW3bwHZa,142597,4093,4,1.0,Qwen3-8B,5,social-group,christian
R_1ifEMLfdW3bwHZa,142622,4094,0,0.0,Qwen3-8B,4,social-group,LGB
R_1ifEMLfdW3bwHZa,142647,4095,0,0.0,Qwen3-8B,3,social-group,christian
R_1ifEMLfdW3bwHZa,142672,4096,0,0.0,Qwen3-8B,4,social-group,christian
R_1ifEMLfdW3bwHZa,142697,4097,4,1.0,Qwen3-8B,3,social-group,LGB
R_1ifEMLfdW3bwHZa,142722,4098,4,1.0,Qwen3-8B,1,social-group,christian
R_1ifEMLfdW3bwHZa,142747,4099,0,0.0,Qwen3-8B,3,social-group,transgender
R_1ifEMLfdW3bwHZa,142772,4100,0,0.0,Qwen3-8B,5,social-group,LGB
R_1ifEMLfdW3bwHZa,142797,4101,0,0.0,Qwen3-8B,5,social-group,jewish
R_1ifEMLfdW3bwHZa,142822,4102,0,0.0,Qwen3-8B,2,social-group,christian
R_1ifEMLfdW3bwHZa,142847,4103,4,1.0,Qwen3-8B,3,moral,loyalty
R_1ifEMLfdW3bwHZa,142872,4104,0,0.0,Qwen3-8B,2,random,random
R_1ifEMLfdW3bwHZa,142897,4105,0,0.0,Qwen3-8B,2,random,random
R_1ifEMLfdW3bwHZa,142922,4106,0,0.0,Qwen3-8B,5,social-group,muslim
R_1ifEMLfdW3bwHZa,142947,4107,1,0.0,Qwen3-8B,3,social-group,christian
R_1ifEMLfdW3bwHZa,142972,4108,1,0.0,Qwen3-8B,5,social-group,jewish
R_1ifEMLfdW3bwHZa,142997,4109,4,1.0,Qwen3-8B,1,social-group,transgender
R_1ifEMLfdW3bwHZa,143022,4110,0,0.0,Qwen3-8B,3,social-group,christian
R_1ifEMLfdW3bwHZa,143047,4111,0,0.0,Qwen3-8B,5,social-group,muslim
R_1ifEMLfdW3bwHZa,143072,4112,0,0.0,Qwen3-8B,1,social-group,jewish
R_1ifEMLfdW3bwHZa,143097,4113,0,0.0,Qwen3-8B,3,social-group,christian
R_1ifEMLfdW3bwHZa,143122,4114,0,0.0,Qwen3-8B,1,moral,loyalty
R_1ifEMLfdW3bwHZa,143147,4115,0,0.0,Qwen3-8B,5,social-group,jewish
R_1ifEMLfdW3bwHZa,143172,4116,0,0.0,Qwen3-8B,2,social-group,transgender
R_1ifEMLfdW3bwHZa,143197,4117,0,0.0,Qwen3-8B,5,social-group,LGB
R_1ifEMLfdW3bwHZa,143222,4118,0,0.0,Qwen3-8B,2,social-group,transgender
R_1ifEMLfdW3bwHZa,143247,4119,0,0.0,Qwen3-8B,1,social-group,transgender
R_U9YuY8UyS1dFABj,9653,155,0,0.0,Qwen3-8B,3,random,random
R_U9YuY8UyS1dFABj,9653,155,0,0.0,Qwen3-8B,3,moral,care
R_U9YuY8UyS1dFABj,9653,155,0,0.0,Qwen3-8B,3,random,random
R_U9YuY8UyS1dFABj,9653,155,0,0.0,Qwen3-8B,3,moral,care
R_U9YuY8UyS1dFABj,39899,641,0,0.0,Qwen3-8B,3,random,random
R_U9YuY8UyS1dFABj,44080,709,0,0.0,Qwen3-8B,2,random,random
R_U9YuY8UyS1dFABj,54321,856,0,0.0,Qwen3-8B,1,random,random
R_U9YuY8UyS1dFABj,65234,1032,0,0.0,Qwen3-8B,1,random,random
R_U9YuY8UyS1dFABj,68722,1089,0,0.0,Qwen3-8B,3,random,random
R_U9YuY8UyS1dFABj,86514,1727,0,0.0,Qwen3-8B,1,social-group,transgender
R_U9YuY8UyS1dFABj,86536,1728,0,0.0,Qwen3-8B,3,social-group,LGB
R_U9YuY8UyS1dFABj,86558,1729,0,0.0,Qwen3-8B,3,social-group,christian
R_U9YuY8UyS1dFABj,86580,1730,0,0.0,Qwen3-8B,3,social-group,christian
R_U9YuY8UyS1dFABj,86602,1731,0,0.0,Qwen3-8B,1,social-group,jewish
R_U9YuY8UyS1dFABj,86624,1732,0,0.0,Qwen3-8B,2,social-group,transgender
R_U9YuY8UyS1dFABj,86646,1733,0,0.0,Qwen3-8B,3,social-group,LGB
R_U9YuY8UyS1dFABj,86668,1734,0,0.0,Qwen3-8B,5,social-group,LGB
R_U9YuY8UyS1dFABj,86690,1735,0,0.0,Qwen3-8B,3,social-group,jewish
R_U9YuY8UyS1dFABj,86712,1736,0,0.0,Qwen3-8B,5,social-group,jewish
R_U9YuY8UyS1dFABj,86734,1737,0,0.0,Qwen3-8B,3,social-group,LGB
R_U9YuY8UyS1dFABj,86756,1738,0,0.0,Qwen3-8B,1,moral,purity
R_U9YuY8UyS1dFABj,86794,1739,0,0.0,Qwen3-8B,1,moral,care
R_U9YuY8UyS1dFABj,86823,1740,0,0.0,Qwen3-8B,2,social-group,LGB
R_U9YuY8UyS1dFABj,86845,1741,0,0.0,Qwen3-8B,3,social-group,transgender
R_U9YuY8UyS1dFABj,86867,1742,0,0.0,Qwen3-8B,3,social-group,LGB
R_U9YuY8UyS1dFABj,86889,1743,0,0.0,Qwen3-8B,3,random,random
R_U9YuY8UyS1dFABj,86911,1744,0,0.0,Qwen3-8B,2,moral,care
R_U9YuY8UyS1dFABj,86933,1745,0,0.0,Qwen3-8B,5,social-group,christian
R_U9YuY8UyS1dFABj,86955,1746,0,0.0,Qwen3-8B,2,random,random
R_U9YuY8UyS1dFABj,86977,1747,0,0.0,Qwen3-8B,1,random,random
R_U9YuY8UyS1dFABj,86999,1748,0,0.0,Qwen3-8B,2,social-group,transgender
R_U9YuY8UyS1dFABj,87021,1749,0,0.0,Qwen3-8B,2,random,random
R_U9YuY8UyS1dFABj,87043,1750,0,0.0,Qwen3-8B,3,random,random
R_U9YuY8UyS1dFABj,87065,1751,0,0.0,Qwen3-8B,2,moral,purity
R_U9YuY8UyS1dFABj,87087,1752,0,0.0,Qwen3-8B,2,social-group,jewish
R_U9YuY8UyS1dFABj,87109,1753,0,0.0,Qwen3-8B,1,moral,loyalty
R_U9YuY8UyS1dFABj,87131,1754,0,0.0,Qwen3-8B,3,social-group,transgender
R_U9YuY8UyS1dFABj,87153,1755,0,0.0,Qwen3-8B,1,social-group,LGB
R_2dzKvGHuTpwRLGl,9878,159,3,1.0,Qwen3-8B,1,random,random
R_2dzKvGHuTpwRLGl,11820,191,-1,,Qwen3-8B,1,random,random
R_2dzKvGHuTpwRLGl,21488,337,3,1.0,Qwen3-8B,4,random,random
R_2dzKvGHuTpwRLGl,31510,503,3,1.0,Qwen3-8B,1,random,random
R_2dzKvGHuTpwRLGl,35719,571,0,0.0,Qwen3-8B,2,random,random
R_2dzKvGHuTpwRLGl,63973,1013,-1,,Qwen3-8B,2,random,random
R_2dzKvGHuTpwRLGl,109102,2660,-1,,Qwen3-8B,1,moral,loyalty
R_2dzKvGHuTpwRLGl,109102,2660,-1,,Qwen3-8B,1,moral,care
R_2dzKvGHuTpwRLGl,109102,2660,-1,,Qwen3-8B,1,moral,loyalty
R_2dzKvGHuTpwRLGl,109102,2660,-1,,Qwen3-8B,1,moral,care
R_2dzKvGHuTpwRLGl,115803,2942,3,1.0,Qwen3-8B,5,social-group,transgender
R_2dzKvGHuTpwRLGl,115824,2943,3,1.0,Qwen3-8B,4,social-group,jewish
R_2dzKvGHuTpwRLGl,115845,2944,0,0.0,Qwen3-8B,3,social-group,christian
R_2dzKvGHuTpwRLGl,115866,2945,-1,,Qwen3-8B,3,random,random
R_2dzKvGHuTpwRLGl,115887,2946,2,1.0,Qwen3-8B,3,social-group,transgender
R_2dzKvGHuTpwRLGl,115908,2947,-1,,Qwen3-8B,3,random,random
R_2dzKvGHuTpwRLGl,115929,2948,0,0.0,Qwen3-8B,1,random,random
R_2dzKvGHuTpwRLGl,115950,2949,-1,,Qwen3-8B,2,social-group,christian
R_2dzKvGHuTpwRLGl,115971,2950,0,0.0,Qwen3-8B,2,social-group,jewish
R_2dzKvGHuTpwRLGl,115992,2951,0,0.0,Qwen3-8B,4,social-group,christian
R_2dzKvGHuTpwRLGl,116023,2952,1,0.0,Qwen3-8B,3,random,random
R_2dzKvGHuTpwRLGl,116023,2952,1,0.0,Qwen3-8B,3,moral,care
R_2dzKvGHuTpwRLGl,116023,2952,1,0.0,Qwen3-8B,3,random,random
R_2dzKvGHuTpwRLGl,116023,2952,1,0.0,Qwen3-8B,3,moral,care
R_2dzKvGHuTpwRLGl,116147,2953,-1,,Qwen3-8B,2,random,random
R_2dzKvGHuTpwRLGl,116168,2954,0,0.0,Qwen3-8B,3,social-group,jewish
R_2dzKvGHuTpwRLGl,116189,2955,2,1.0,Qwen3-8B,1,moral,loyalty
R_2dzKvGHuTpwRLGl,116210,2956,0,0.0,Qwen3-8B,3,social-group,muslim
R_2dzKvGHuTpwRLGl,116231,2957,0,0.0,Qwen3-8B,3,social-group,transgender
R_2dzKvGHuTpwRLGl,116252,2958,3,1.0,Qwen3-8B,2,random,random
R_2dzKvGHuTpwRLGl,116273,2959,4,1.0,Qwen3-8B,5,social-group,transgender
R_2dzKvGHuTpwRLGl,116294,2960,-1,,Qwen3-8B,4,social-group,transgender
R_2dzKvGHuTpwRLGl,116315,2961,3,1.0,Qwen3-8B,5,social-group,muslim
R_2dzKvGHuTpwRLGl,116336,2962,-1,,Qwen3-8B,3,social-group,LGB
R_2dzKvGHuTpwRLGl,116357,2963,2,1.0,Qwen3-8B,4,social-group,LGB
R_2dzKvGHuTpwRLGl,116378,2964,2,1.0,Qwen3-8B,4,social-group,jewish
R_2dzKvGHuTpwRLGl,116399,2965,2,1.0,Qwen3-8B,4,moral,care
R_2dzKvGHuTpwRLGl,116420,2966,1,0.0,Qwen3-8B,5,social-group,muslim
R_2dzKvGHuTpwRLGl,116441,2967,-1,,Qwen3-8B,1,random,random
R_2dzKvGHuTpwRLGl,116462,2968,-1,,Qwen3-8B,4,social-group,transgender
R_2dzKvGHuTpwRLGl,116483,2969,4,1.0,Qwen3-8B,3,social-group,transgender
R_31Qz1AN9EZgcQ0S,9885,159,2,1.0,Qwen3-8B,1,random,random
R_31Qz1AN9EZgcQ0S,11829,191,1,0.0,Qwen3-8B,1,random,random
R_31Qz1AN9EZgcQ0S,21493,337,0,0.0,Qwen3-8B,4,random,random
R_31Qz1AN9EZgcQ0S,31514,503,0,0.0,Qwen3-8B,1,random,random
R_31Qz1AN9EZgcQ0S,35722,571,0,0.0,Qwen3-8B,2,random,random
R_31Qz1AN9EZgcQ0S,63978,1013,2,1.0,Qwen3-8B,2,random,random
R_31Qz1AN9EZgcQ0S,109110,2660,0,0.0,Qwen3-8B,1,moral,loyalty
R_31Qz1AN9EZgcQ0S,109110,2660,0,0.0,Qwen3-8B,1,moral,care
R_31Qz1AN9EZgcQ0S,109110,2660,0,0.0,Qwen3-8B,1,moral,loyalty
R_31Qz1AN9EZgcQ0S,109110,2660,0,0.0,Qwen3-8B,1,moral,care
R_31Qz1AN9EZgcQ0S,115804,2942,2,1.0,Qwen3-8B,5,social-group,transgender
R_31Qz1AN9EZgcQ0S,115825,2943,2,1.0,Qwen3-8B,4,social-group,jewish
R_31Qz1AN9EZgcQ0S,115846,2944,1,0.0,Qwen3-8B,3,social-group,christian
R_31Qz1AN9EZgcQ0S,115867,2945,1,0.0,Qwen3-8B,3,random,random
R_31Qz1AN9EZgcQ0S,115888,2946,0,0.0,Qwen3-8B,3,social-group,transgender
R_31Qz1AN9EZgcQ0S,115909,2947,0,0.0,Qwen3-8B,3,random,random
R_31Qz1AN9EZgcQ0S,115930,2948,0,0.0,Qwen3-8B,1,random,random
R_31Qz1AN9EZgcQ0S,115951,2949,0,0.0,Qwen3-8B,2,social-group,christian
R_31Qz1AN9EZgcQ0S,115972,2950,0,0.0,Qwen3-8B,2,social-group,jewish
R_31Qz1AN9EZgcQ0S,115993,2951,0,0.0,Qwen3-8B,4,social-group,christian
R_31Qz1AN9EZgcQ0S,116035,2952,0,0.0,Qwen3-8B,3,random,random
R_31Qz1AN9EZgcQ0S,116035,2952,0,0.0,Qwen3-8B,3,moral,care
R_31Qz1AN9EZgcQ0S,116035,2952,0,0.0,Qwen3-8B,3,random,random
R_31Qz1AN9EZgcQ0S,116035,2952,0,0.0,Qwen3-8B,3,moral,care
R_31Qz1AN9EZgcQ0S,116148,2953,0,0.0,Qwen3-8B,2,random,random
R_31Qz1AN9EZgcQ0S,116169,2954,0,0.0,Qwen3-8B,3,social-group,jewish
R_31Qz1AN9EZgcQ0S,116190,2955,0,0.0,Qwen3-8B,1,moral,loyalty
R_31Qz1AN9EZgcQ0S,116211,2956,1,0.0,Qwen3-8B,3,social-group,muslim
R_31Qz1AN9EZgcQ0S,116232,2957,0,0.0,Qwen3-8B,3,social-group,transgender
R_31Qz1AN9EZgcQ0S,116253,2958,0,0.0,Qwen3-8B,2,random,random
R_31Qz1AN9EZgcQ0S,116274,2959,1,0.0,Qwen3-8B,5,social-group,transgender
R_31Qz1AN9EZgcQ0S,116295,2960,1,0.0,Qwen3-8B,4,social-group,transgender
R_31Qz1AN9EZgcQ0S,116316,2961,1,0.0,Qwen3-8B,5,social-group,muslim
R_31Qz1AN9EZgcQ0S,116337,2962,1,0.0,Qwen3-8B,3,social-group,LGB
R_31Qz1AN9EZgcQ0S,116358,2963,1,0.0,Qwen3-8B,4,social-group,LGB
R_31Qz1AN9EZgcQ0S,116379,2964,2,1.0,Qwen3-8B,4,social-group,jewish
R_31Qz1AN9EZgcQ0S,116400,2965,1,0.0,Qwen3-8B,4,moral,care
R_31Qz1AN9EZgcQ0S,116421,2966,2,1.0,Qwen3-8B,5,social-group,muslim
R_31Qz1AN9EZgcQ0S,116442,2967,0,0.0,Qwen3-8B,1,random,random
R_31Qz1AN9EZgcQ0S,116463,2968,2,1.0,Qwen3-8B,4,social-group,transgender
R_31Qz1AN9EZgcQ0S,116484,2969,2,1.0,Qwen3-8B,3,social-group,transgender
R_1rGq0Ph340gUqa2,9886,159,0,0.0,Qwen3-8B,1,random,random
R_1rGq0Ph340gUqa2,11830,191,-1,,Qwen3-8B,1,random,random
R_1rGq0Ph340gUqa2,21494,337,0,0.0,Qwen3-8B,4,random,random
R_1rGq0Ph340gUqa2,31515,503,0,0.0,Qwen3-8B,1,random,random
R_1rGq0Ph340gUqa2,35723,571,1,0.0,Qwen3-8B,2,random,random
R_1rGq0Ph340gUqa2,63979,1013,0,0.0,Qwen3-8B,2,random,random
R_1rGq0Ph340gUqa2,109114,2660,0,0.0,Qwen3-8B,1,moral,loyalty
R_1rGq0Ph340gUqa2,109114,2660,0,0.0,Qwen3-8B,1,moral,care
R_1rGq0Ph340gUqa2,109114,2660,0,0.0,Qwen3-8B,1,moral,loyalty
R_1rGq0Ph340gUqa2,109114,2660,0,0.0,Qwen3-8B,1,moral,care
R_1rGq0Ph340gUqa2,115805,2942,4,1.0,Qwen3-8B,5,social-group,transgender
R_1rGq0Ph340gUqa2,115826,2943,2,1.0,Qwen3-8B,4,social-group,jewish
R_1rGq0Ph340gUqa2,115847,2944,0,0.0,Qwen3-8B,3,social-group,christian
R_1rGq0Ph340gUqa2,115868,2945,1,0.0,Qwen3-8B,3,random,random
R_1rGq0Ph340gUqa2,115889,2946,0,0.0,Qwen3-8B,3,social-group,transgender
R_1rGq0Ph340gUqa2,115910,2947,0,0.0,Qwen3-8B,3,random,random
R_1rGq0Ph340gUqa2,115931,2948,0,0.0,Qwen3-8B,1,random,random
R_1rGq0Ph340gUqa2,115952,2949,1,0.0,Qwen3-8B,2,social-group,christian
R_1rGq0Ph340gUqa2,115973,2950,2,1.0,Qwen3-8B,2,social-group,jewish
R_1rGq0Ph340gUqa2,115994,2951,3,1.0,Qwen3-8B,4,social-group,christian
R_1rGq0Ph340gUqa2,116039,2952,4,1.0,Qwen3-8B,3,random,random
R_1rGq0Ph340gUqa2,116039,2952,4,1.0,Qwen3-8B,3,moral,care
R_1rGq0Ph340gUqa2,116039,2952,4,1.0,Qwen3-8B,3,random,random
R_1rGq0Ph340gUqa2,116039,2952,4,1.0,Qwen3-8B,3,moral,care
R_1rGq0Ph340gUqa2,116149,2953,0,0.0,Qwen3-8B,2,random,random
R_1rGq0Ph340gUqa2,116170,2954,2,1.0,Qwen3-8B,3,social-group,jewish
R_1rGq0Ph340gUqa2,116191,2955,0,0.0,Qwen3-8B,1,moral,loyalty
R_1rGq0Ph340gUqa2,116212,2956,4,1.0,Qwen3-8B,3,social-group,muslim
R_1rGq0Ph340gUqa2,116233,2957,1,0.0,Qwen3-8B,3,social-group,transgender
R_1rGq0Ph340gUqa2,116254,2958,0,0.0,Qwen3-8B,2,random,random
R_1rGq0Ph340gUqa2,116275,2959,4,1.0,Qwen3-8B,5,social-group,transgender
R_1rGq0Ph340gUqa2,116296,2960,2,1.0,Qwen3-8B,4,social-group,transgender
R_1rGq0Ph340gUqa2,116317,2961,4,1.0,Qwen3-8B,5,social-group,muslim
R_1rGq0Ph340gUqa2,116338,2962,0,0.0,Qwen3-8B,3,social-group,LGB
R_1rGq0Ph340gUqa2,116359,2963,1,0.0,Qwen3-8B,4,social-group,LGB
R_1rGq0Ph340gUqa2,116380,2964,2,1.0,Qwen3-8B,4,social-group,jewish
R_1rGq0Ph340gUqa2,116401,2965,2,1.0,Qwen3-8B,4,moral,care
R_1rGq0Ph340gUqa2,116422,2966,2,1.0,Qwen3-8B,5,social-group,muslim
R_1rGq0Ph340gUqa2,116443,2967,0,0.0,Qwen3-8B,1,random,random
R_1rGq0Ph340gUqa2,116464,2968,0,0.0,Qwen3-8B,4,social-group,transgender
R_1rGq0Ph340gUqa2,116485,2969,0,0.0,Qwen3-8B,3,social-group,transgender
R_10P0lXhi2zHKREl,10200,164,0,0.0,Qwen3-8B,3,random,random
R_10P0lXhi2zHKREl,22589,353,0,0.0,Qwen3-8B,1,random,random
R_10P0lXhi2zHKREl,22715,355,0,0.0,Qwen3-8B,1,random,random
R_10P0lXhi2zHKREl,29601,474,0,0.0,Qwen3-8B,1,random,random
R_10P0lXhi2zHKREl,31172,497,0,0.0,Qwen3-8B,1,random,random
R_10P0lXhi2zHKREl,31234,498,0,0.0,Qwen3-8B,3,random,random
R_10P0lXhi2zHKREl,48013,765,0,0.0,Qwen3-8B,3,random,random
R_10P0lXhi2zHKREl,50016,794,0,0.0,Qwen3-8B,4,random,random
R_10P0lXhi2zHKREl,50700,805,0,0.0,Qwen3-8B,2,random,random
R_10P0lXhi2zHKREl,62265,986,0,0.0,Qwen3-8B,1,random,random
R_10P0lXhi2zHKREl,142035,4068,0,0.0,Qwen3-8B,2,social-group,jewish
R_10P0lXhi2zHKREl,142058,4069,0,0.0,Qwen3-8B,4,social-group,LGB
R_10P0lXhi2zHKREl,142081,4070,0,0.0,Qwen3-8B,4,social-group,jewish
R_10P0lXhi2zHKREl,142104,4071,0,0.0,Qwen3-8B,4,social-group,jewish
R_10P0lXhi2zHKREl,142127,4072,0,0.0,Qwen3-8B,3,social-group,jewish
R_10P0lXhi2zHKREl,142150,4073,0,0.0,Qwen3-8B,5,social-group,LGB
R_10P0lXhi2zHKREl,142173,4074,0,0.0,Qwen3-8B,1,social-group,christian
R_10P0lXhi2zHKREl,142196,4075,0,0.0,Qwen3-8B,3,social-group,jewish
R_10P0lXhi2zHKREl,142219,4076,0,0.0,Qwen3-8B,3,social-group,muslim
R_10P0lXhi2zHKREl,142242,4077,0,0.0,Qwen3-8B,1,social-group,transgender
R_10P0lXhi2zHKREl,142265,4078,0,0.0,Qwen3-8B,2,social-group,LGB
R_10P0lXhi2zHKREl,142288,4079,0,0.0,Qwen3-8B,2,social-group,LGB
R_10P0lXhi2zHKREl,142311,4080,0,0.0,Qwen3-8B,5,social-group,LGB
R_10P0lXhi2zHKREl,142334,4081,0,0.0,Qwen3-8B,1,social-group,LGB
R_10P0lXhi2zHKREl,142357,4082,0,0.0,Qwen3-8B,4,social-group,LGB
R_10P0lXhi2zHKREl,142380,4083,0,0.0,Qwen3-8B,1,moral,purity
R_10P0lXhi2zHKREl,142403,4084,0,0.0,Qwen3-8B,4,social-group,LGB
R_10P0lXhi2zHKREl,142426,4085,0,0.0,Qwen3-8B,4,social-group,jewish
R_10P0lXhi2zHKREl,142449,4086,0,0.0,Qwen3-8B,2,random,random
R_10P0lXhi2zHKREl,142472,4087,0,0.0,Qwen3-8B,2,social-group,christian
R_10P0lXhi2zHKREl,142495,4088,0,0.0,Qwen3-8B,5,social-group,transgender
R_10P0lXhi2zHKREl,142518,4089,0,0.0,Qwen3-8B,4,social-group,jewish
R_10P0lXhi2zHKREl,142541,4090,0,0.0,Qwen3-8B,4,social-group,transgender
R_10P0lXhi2zHKREl,142564,4091,0,0.0,Qwen3-8B,1,moral,fairness
R_10P0lXhi2zHKREl,142587,4092,0,0.0,Qwen3-8B,5,social-group,jewish
R_1q4VFFELPgQVi3e,10228,165,0,0.0,Qwen3-8B,4,random,random
R_1q4VFFELPgQVi3e,25204,398,0,0.0,Qwen3-8B,1,random,random
R_1q4VFFELPgQVi3e,26912,426,0,0.0,Qwen3-8B,1,random,random
R_1q4VFFELPgQVi3e,28864,463,0,0.0,Qwen3-8B,1,random,random
R_1q4VFFELPgQVi3e,33290,530,0,0.0,Qwen3-8B,2,random,random
R_1q4VFFELPgQVi3e,71382,1139,0,0.0,Qwen3-8B,1,random,random
R_1q4VFFELPgQVi3e,75315,1264,0,0.0,Qwen3-8B,4,social-group,muslim
R_1q4VFFELPgQVi3e,75337,1265,0,0.0,Qwen3-8B,1,social-group,transgender
R_1q4VFFELPgQVi3e,75359,1266,0,0.0,Qwen3-8B,5,random,random
R_1q4VFFELPgQVi3e,75381,1267,0,0.0,Qwen3-8B,3,social-group,jewish
R_1q4VFFELPgQVi3e,75403,1268,0,0.0,Qwen3-8B,3,social-group,jewish
R_1q4VFFELPgQVi3e,75425,1269,0,0.0,Qwen3-8B,2,moral,purity
R_1q4VFFELPgQVi3e,75447,1270,0,0.0,Qwen3-8B,5,social-group,transgender
R_1q4VFFELPgQVi3e,75469,1271,0,0.0,Qwen3-8B,3,social-group,transgender
R_1q4VFFELPgQVi3e,75491,1272,0,0.0,Qwen3-8B,2,random,random
R_1q4VFFELPgQVi3e,75513,1273,0,0.0,Qwen3-8B,3,social-group,transgender
R_1q4VFFELPgQVi3e,75535,1274,0,0.0,Qwen3-8B,3,social-group,jewish
R_1q4VFFELPgQVi3e,75557,1275,0,0.0,Qwen3-8B,3,moral,authority
R_1q4VFFELPgQVi3e,75579,1276,0,0.0,Qwen3-8B,5,social-group,christian
R_1q4VFFELPgQVi3e,75601,1277,0,0.0,Qwen3-8B,1,social-group,transgender
R_1q4VFFELPgQVi3e,75623,1278,0,0.0,Qwen3-8B,5,social-group,jewish
R_1q4VFFELPgQVi3e,75645,1279,0,0.0,Qwen3-8B,1,moral,loyalty
R_1q4VFFELPgQVi3e,75667,1280,0,0.0,Qwen3-8B,5,social-group,transgender
R_1q4VFFELPgQVi3e,75689,1281,0,0.0,Qwen3-8B,2,social-group,transgender
R_1q4VFFELPgQVi3e,75711,1282,0,0.0,Qwen3-8B,1,moral,loyalty
R_1q4VFFELPgQVi3e,75733,1283,0,0.0,Qwen3-8B,3,random,random
R_1q4VFFELPgQVi3e,75755,1284,0,0.0,Qwen3-8B,1,moral,purity
R_1q4VFFELPgQVi3e,75777,1285,0,0.0,Qwen3-8B,1,social-group,jewish
R_1q4VFFELPgQVi3e,75799,1286,0,0.0,Qwen3-8B,3,social-group,LGB
R_1q4VFFELPgQVi3e,75821,1287,0,0.0,Qwen3-8B,1,social-group,LGB
R_1q4VFFELPgQVi3e,75843,1288,0,0.0,Qwen3-8B,4,social-group,jewish
R_1q4VFFELPgQVi3e,75865,1289,0,0.0,Qwen3-8B,1,moral,fairness
R_1q4VFFELPgQVi3e,75887,1290,0,0.0,Qwen3-8B,2,social-group,transgender
R_1q4VFFELPgQVi3e,75909,1291,0,0.0,Qwen3-8B,5,social-group,muslim
R_1q4VFFELPgQVi3e,75931,1292,0,0.0,Qwen3-8B,3,social-group,christian
R_2OGvE917vMNm5cA,10393,168,4,1.0,Qwen3-8B,1,random,random
R_2OGvE917vMNm5cA,16664,262,0,0.0,Qwen3-8B,2,random,random
R_2OGvE917vMNm5cA,22254,348,4,1.0,Qwen3-8B,4,random,random
R_2OGvE917vMNm5cA,36600,586,4,1.0,Qwen3-8B,5,random,random
R_2OGvE917vMNm5cA,39984,643,4,1.0,Qwen3-8B,4,random,random
R_2OGvE917vMNm5cA,61352,970,4,1.0,Qwen3-8B,3,random,random
R_2OGvE917vMNm5cA,61461,972,4,1.0,Qwen3-8B,2,random,random
R_2OGvE917vMNm5cA,70714,1126,4,1.0,Qwen3-8B,1,random,random
R_2OGvE917vMNm5cA,87782,1778,0,0.0,Qwen3-8B,1,random,random
R_2OGvE917vMNm5cA,87805,1779,4,1.0,Qwen3-8B,5,social-group,muslim
R_2OGvE917vMNm5cA,87828,1780,4,1.0,Qwen3-8B,4,random,random
R_2OGvE917vMNm5cA,87851,1781,4,1.0,Qwen3-8B,5,social-group,LGB
R_2OGvE917vMNm5cA,87874,1782,4,1.0,Qwen3-8B,3,social-group,LGB
R_2OGvE917vMNm5cA,87897,1783,4,1.0,Qwen3-8B,3,social-group,LGB
R_2OGvE917vMNm5cA,87925,1784,0,0.0,Qwen3-8B,1,moral,loyalty
R_2OGvE917vMNm5cA,87925,1784,0,0.0,Qwen3-8B,1,moral,authority
R_2OGvE917vMNm5cA,87925,1784,0,0.0,Qwen3-8B,1,moral,loyalty
R_2OGvE917vMNm5cA,87925,1784,0,0.0,Qwen3-8B,1,moral,authority
R_2OGvE917vMNm5cA,88011,1785,0,0.0,Qwen3-8B,2,moral,authority
R_2OGvE917vMNm5cA,88055,1786,4,1.0,Qwen3-8B,4,social-group,christian
R_2OGvE917vMNm5cA,88078,1787,0,0.0,Qwen3-8B,2,random,random
R_2OGvE917vMNm5cA,88101,1788,4,1.0,Qwen3-8B,3,social-group,LGB
R_2OGvE917vMNm5cA,88124,1789,0,0.0,Qwen3-8B,2,random,random
R_2OGvE917vMNm5cA,88147,1790,4,1.0,Qwen3-8B,3,social-group,muslim
R_2OGvE917vMNm5cA,88170,1791,4,1.0,Qwen3-8B,3,social-group,jewish
R_2OGvE917vMNm5cA,88193,1792,0,0.0,Qwen3-8B,2,random,random
R_2OGvE917vMNm5cA,88216,1793,4,1.0,Qwen3-8B,3,social-group,christian
R_2OGvE917vMNm5cA,88239,1794,4,1.0,Qwen3-8B,4,social-group,muslim
R_2OGvE917vMNm5cA,88262,1795,0,0.0,Qwen3-8B,4,random,random
R_2OGvE917vMNm5cA,88285,1796,4,1.0,Qwen3-8B,1,social-group,muslim
R_2OGvE917vMNm5cA,88308,1797,4,1.0,Qwen3-8B,2,social-group,christian
R_2OGvE917vMNm5cA,88331,1798,4,1.0,Qwen3-8B,4,random,random
R_2OGvE917vMNm5cA,88354,1799,4,1.0,Qwen3-8B,5,social-group,jewish
R_2OGvE917vMNm5cA,88377,1800,4,1.0,Qwen3-8B,5,social-group,transgender
R_2OGvE917vMNm5cA,88400,1801,0,0.0,Qwen3-8B,4,moral,care
R_2OGvE917vMNm5cA,88423,1802,4,1.0,Qwen3-8B,5,social-group,muslim
R_2OGvE917vMNm5cA,88446,1803,0,0.0,Qwen3-8B,1,moral,fairness
R_2OGvE917vMNm5cA,88469,1804,4,1.0,Qwen3-8B,3,social-group,christian
R_d0Gz9eZIsxKWVMd,10431,168,0,0.0,Qwen3-8B,1,random,random
R_d0Gz9eZIsxKWVMd,16703,262,0,0.0,Qwen3-8B,2,random,random
R_d0Gz9eZIsxKWVMd,22287,348,0,0.0,Qwen3-8B,4,random,random
R_d0Gz9eZIsxKWVMd,36636,586,0,0.0,Qwen3-8B,5,random,random
R_d0Gz9eZIsxKWVMd,40019,643,0,0.0,Qwen3-8B,4,random,random
R_d0Gz9eZIsxKWVMd,61385,970,0,0.0,Qwen3-8B,3,random,random
R_d0Gz9eZIsxKWVMd,61494,972,0,0.0,Qwen3-8B,2,random,random
R_d0Gz9eZIsxKWVMd,70744,1126,0,0.0,Qwen3-8B,1,random,random
R_d0Gz9eZIsxKWVMd,87795,1778,0,0.0,Qwen3-8B,1,random,random
R_d0Gz9eZIsxKWVMd,87818,1779,0,0.0,Qwen3-8B,5,social-group,muslim
R_d0Gz9eZIsxKWVMd,87841,1780,0,0.0,Qwen3-8B,4,random,random
R_d0Gz9eZIsxKWVMd,87864,1781,0,0.0,Qwen3-8B,5,social-group,LGB
R_d0Gz9eZIsxKWVMd,87887,1782,0,0.0,Qwen3-8B,3,social-group,LGB
R_d0Gz9eZIsxKWVMd,87910,1783,0,0.0,Qwen3-8B,3,social-group,LGB
R_d0Gz9eZIsxKWVMd,87973,1784,0,0.0,Qwen3-8B,1,moral,loyalty
R_d0Gz9eZIsxKWVMd,87973,1784,0,0.0,Qwen3-8B,1,moral,authority
R_d0Gz9eZIsxKWVMd,87973,1784,0,0.0,Qwen3-8B,1,moral,loyalty
R_d0Gz9eZIsxKWVMd,87973,1784,0,0.0,Qwen3-8B,1,moral,authority
R_d0Gz9eZIsxKWVMd,88037,1785,0,0.0,Qwen3-8B,2,moral,authority
R_d0Gz9eZIsxKWVMd,88068,1786,0,0.0,Qwen3-8B,4,social-group,christian
R_d0Gz9eZIsxKWVMd,88091,1787,0,0.0,Qwen3-8B,2,random,random
R_d0Gz9eZIsxKWVMd,88114,1788,0,0.0,Qwen3-8B,3,social-group,LGB
R_d0Gz9eZIsxKWVMd,88137,1789,0,0.0,Qwen3-8B,2,random,random
R_d0Gz9eZIsxKWVMd,88160,1790,0,0.0,Qwen3-8B,3,social-group,muslim
R_d0Gz9eZIsxKWVMd,88183,1791,0,0.0,Qwen3-8B,3,social-group,jewish
R_d0Gz9eZIsxKWVMd,88206,1792,0,0.0,Qwen3-8B,2,random,random
R_d0Gz9eZIsxKWVMd,88229,1793,0,0.0,Qwen3-8B,3,social-group,christian
R_d0Gz9eZIsxKWVMd,88252,1794,0,0.0,Qwen3-8B,4,social-group,muslim
R_d0Gz9eZIsxKWVMd,88275,1795,0,0.0,Qwen3-8B,4,random,random
R_d0Gz9eZIsxKWVMd,88298,1796,0,0.0,Qwen3-8B,1,social-group,muslim
R_d0Gz9eZIsxKWVMd,88321,1797,0,0.0,Qwen3-8B,2,social-group,christian
R_d0Gz9eZIsxKWVMd,88344,1798,0,0.0,Qwen3-8B,4,random,random
R_d0Gz9eZIsxKWVMd,88367,1799,0,0.0,Qwen3-8B,5,social-group,jewish
R_d0Gz9eZIsxKWVMd,88390,1800,0,0.0,Qwen3-8B,5,social-group,transgender
R_d0Gz9eZIsxKWVMd,88413,1801,0,0.0,Qwen3-8B,4,moral,care
R_d0Gz9eZIsxKWVMd,88436,1802,0,0.0,Qwen3-8B,5,social-group,muslim
R_d0Gz9eZIsxKWVMd,88459,1803,0,0.0,Qwen3-8B,1,moral,fairness
R_d0Gz9eZIsxKWVMd,88482,1804,0,0.0,Qwen3-8B,3,social-group,christian
R_efIJAQkFJCwukJX,10489,169,0,0.0,Qwen3-8B,3,random,random
R_efIJAQkFJCwukJX,21637,339,0,0.0,Qwen3-8B,2,random,random
R_efIJAQkFJCwukJX,35637,569,0,0.0,Qwen3-8B,3,random,random
R_efIJAQkFJCwukJX,36457,583,0,0.0,Qwen3-8B,2,random,random
R_efIJAQkFJCwukJX,38233,613,0,0.0,Qwen3-8B,3,random,random
R_efIJAQkFJCwukJX,43832,705,0,0.0,Qwen3-8B,5,random,random
R_efIJAQkFJCwukJX,47154,753,0,0.0,Qwen3-8B,3,random,random
R_efIJAQkFJCwukJX,59025,927,0,0.0,Qwen3-8B,1,random,random
R_efIJAQkFJCwukJX,66775,1056,0,0.0,Qwen3-8B,2,random,random
R_efIJAQkFJCwukJX,107363,2584,0,0.0,Qwen3-8B,2,social-group,transgender
R_efIJAQkFJCwukJX,107385,2585,0,0.0,Qwen3-8B,5,social-group,jewish
R_efIJAQkFJCwukJX,107407,2586,0,0.0,Qwen3-8B,3,random,random
R_efIJAQkFJCwukJX,107429,2587,0,0.0,Qwen3-8B,4,social-group,transgender
R_efIJAQkFJCwukJX,107451,2588,0,0.0,Qwen3-8B,3,social-group,LGB
R_efIJAQkFJCwukJX,107473,2589,0,0.0,Qwen3-8B,3,social-group,jewish
R_efIJAQkFJCwukJX,107495,2590,0,0.0,Qwen3-8B,1,moral,authority
R_efIJAQkFJCwukJX,107517,2591,0,0.0,Qwen3-8B,5,social-group,transgender
R_efIJAQkFJCwukJX,107539,2592,0,0.0,Qwen3-8B,1,social-group,christian
R_efIJAQkFJCwukJX,107561,2593,0,0.0,Qwen3-8B,1,social-group,transgender
R_efIJAQkFJCwukJX,107583,2594,0,0.0,Qwen3-8B,4,social-group,jewish
R_efIJAQkFJCwukJX,107605,2595,0,0.0,Qwen3-8B,5,social-group,christian
R_efIJAQkFJCwukJX,107627,2596,0,0.0,Qwen3-8B,3,social-group,LGB
R_efIJAQkFJCwukJX,107649,2597,0,0.0,Qwen3-8B,1,social-group,christian
R_efIJAQkFJCwukJX,107671,2598,0,0.0,Qwen3-8B,4,social-group,christian
R_efIJAQkFJCwukJX,107693,2599,1,0.0,Qwen3-8B,1,social-group,LGB
R_efIJAQkFJCwukJX,107715,2600,0,0.0,Qwen3-8B,5,social-group,muslim
R_efIJAQkFJCwukJX,107737,2601,0,0.0,Qwen3-8B,5,social-group,LGB
R_efIJAQkFJCwukJX,107759,2602,0,0.0,Qwen3-8B,1,moral,authority
R_efIJAQkFJCwukJX,107781,2603,0,0.0,Qwen3-8B,5,social-group,LGB
R_efIJAQkFJCwukJX,107803,2604,0,0.0,Qwen3-8B,3,social-group,jewish
R_efIJAQkFJCwukJX,107825,2605,0,0.0,Qwen3-8B,2,random,random
R_efIJAQkFJCwukJX,107847,2606,0,0.0,Qwen3-8B,3,random,random
R_efIJAQkFJCwukJX,107869,2607,0,0.0,Qwen3-8B,5,social-group,jewish
R_efIJAQkFJCwukJX,107891,2608,0,0.0,Qwen3-8B,2,social-group,muslim
R_efIJAQkFJCwukJX,107913,2609,0,0.0,Qwen3-8B,1,social-group,christian
R_2cqsTmdXv7EGdDa,10856,176,0,0.0,Qwen3-8B,2,random,random
R_2cqsTmdXv7EGdDa,27628,440,0,0.0,Qwen3-8B,2,random,random
R_2cqsTmdXv7EGdDa,27731,442,0,0.0,Qwen3-8B,3,random,random
R_2cqsTmdXv7EGdDa,50036,795,0,0.0,Qwen3-8B,2,random,random
R_2cqsTmdXv7EGdDa,50283,799,4,1.0,Qwen3-8B,4,random,random
R_2cqsTmdXv7EGdDa,51700,820,3,1.0,Qwen3-8B,1,random,random
R_2cqsTmdXv7EGdDa,56039,885,3,1.0,Qwen3-8B,3,random,random
R_2cqsTmdXv7EGdDa,59158,930,0,0.0,Qwen3-8B,1,random,random
R_2cqsTmdXv7EGdDa,68801,1091,0,0.0,Qwen3-8B,2,random,random
R_2cqsTmdXv7EGdDa,77871,1373,4,1.0,Qwen3-8B,3,social-group,transgender
R_2cqsTmdXv7EGdDa,77894,1374,4,1.0,Qwen3-8B,4,social-group,christian
R_2cqsTmdXv7EGdDa,77917,1375,0,0.0,Qwen3-8B,2,random,random
R_2cqsTmdXv7EGdDa,77940,1376,0,0.0,Qwen3-8B,1,random,random
R_2cqsTmdXv7EGdDa,77963,1377,4,1.0,Qwen3-8B,4,social-group,muslim
R_2cqsTmdXv7EGdDa,77986,1378,4,1.0,Qwen3-8B,1,social-group,LGB
R_2cqsTmdXv7EGdDa,78009,1379,0,0.0,Qwen3-8B,5,social-group,transgender
R_2cqsTmdXv7EGdDa,78032,1380,-1,,Qwen3-8B,2,random,random
R_2cqsTmdXv7EGdDa,78055,1381,4,1.0,Qwen3-8B,5,social-group,christian
R_2cqsTmdXv7EGdDa,78078,1382,4,1.0,Qwen3-8B,3,social-group,transgender
R_2cqsTmdXv7EGdDa,78101,1383,0,0.0,Qwen3-8B,3,moral,purity
R_2cqsTmdXv7EGdDa,78124,1384,4,1.0,Qwen3-8B,5,social-group,muslim
R_2cqsTmdXv7EGdDa,78147,1385,0,0.0,Qwen3-8B,3,moral,care
R_2cqsTmdXv7EGdDa,78194,1386,-1,,Qwen3-8B,2,random,random
R_2cqsTmdXv7EGdDa,78217,1387,0,0.0,Qwen3-8B,2,social-group,jewish
R_2cqsTmdXv7EGdDa,78240,1388,4,1.0,Qwen3-8B,5,social-group,jewish
R_2cqsTmdXv7EGdDa,78263,1389,4,1.0,Qwen3-8B,5,social-group,christian
R_2cqsTmdXv7EGdDa,78286,1390,4,1.0,Qwen3-8B,3,social-group,transgender
R_2cqsTmdXv7EGdDa,78309,1391,4,1.0,Qwen3-8B,5,social-group,muslim
R_2cqsTmdXv7EGdDa,78332,1392,4,1.0,Qwen3-8B,3,social-group,LGB
R_2cqsTmdXv7EGdDa,78355,1393,0,0.0,Qwen3-8B,4,social-group,muslim
R_2cqsTmdXv7EGdDa,78378,1394,4,1.0,Qwen3-8B,5,social-group,jewish
R_2cqsTmdXv7EGdDa,78401,1395,0,0.0,Qwen3-8B,1,random,random
R_2cqsTmdXv7EGdDa,78424,1396,0,0.0,Qwen3-8B,2,random,random
R_2cqsTmdXv7EGdDa,78447,1397,0,0.0,Qwen3-8B,2,random,random
R_2cqsTmdXv7EGdDa,78470,1398,0,0.0,Qwen3-8B,3,social-group,muslim
R_1jvWm0424P9RnYm,10858,176,0,0.0,Qwen3-8B,2,random,random
R_1jvWm0424P9RnYm,27630,440,3,1.0,Qwen3-8B,2,random,random
R_1jvWm0424P9RnYm,27733,442,0,0.0,Qwen3-8B,3,random,random
R_1jvWm0424P9RnYm,50038,795,0,0.0,Qwen3-8B,2,random,random
R_1jvWm0424P9RnYm,50285,799,4,1.0,Qwen3-8B,4,random,random
R_1jvWm0424P9RnYm,51702,820,0,0.0,Qwen3-8B,1,random,random
R_1jvWm0424P9RnYm,56041,885,0,0.0,Qwen3-8B,3,random,random
R_1jvWm0424P9RnYm,59160,930,0,0.0,Qwen3-8B,1,random,random
R_1jvWm0424P9RnYm,68803,1091,4,1.0,Qwen3-8B,2,random,random
R_1jvWm0424P9RnYm,77873,1373,4,1.0,Qwen3-8B,3,social-group,transgender
R_1jvWm0424P9RnYm,77896,1374,4,1.0,Qwen3-8B,4,social-group,christian
R_1jvWm0424P9RnYm,77919,1375,0,0.0,Qwen3-8B,2,random,random
R_1jvWm0424P9RnYm,77942,1376,0,0.0,Qwen3-8B,1,random,random
R_1jvWm0424P9RnYm,77965,1377,4,1.0,Qwen3-8B,4,social-group,muslim
R_1jvWm0424P9RnYm,77988,1378,4,1.0,Qwen3-8B,1,social-group,LGB
R_1jvWm0424P9RnYm,78011,1379,3,1.0,Qwen3-8B,5,social-group,transgender
R_1jvWm0424P9RnYm,78034,1380,0,0.0,Qwen3-8B,2,random,random
R_1jvWm0424P9RnYm,78057,1381,4,1.0,Qwen3-8B,5,social-group,christian
R_1jvWm0424P9RnYm,78080,1382,4,1.0,Qwen3-8B,3,social-group,transgender
R_1jvWm0424P9RnYm,78103,1383,0,0.0,Qwen3-8B,3,moral,purity
R_1jvWm0424P9RnYm,78126,1384,4,1.0,Qwen3-8B,5,social-group,muslim
R_1jvWm0424P9RnYm,78152,1385,4,1.0,Qwen3-8B,3,moral,care
R_1jvWm0424P9RnYm,78196,1386,4,1.0,Qwen3-8B,2,random,random
R_1jvWm0424P9RnYm,78219,1387,4,1.0,Qwen3-8B,2,social-group,jewish
R_1jvWm0424P9RnYm,78242,1388,4,1.0,Qwen3-8B,5,social-group,jewish
R_1jvWm0424P9RnYm,78265,1389,4,1.0,Qwen3-8B,5,social-group,christian
R_1jvWm0424P9RnYm,78288,1390,4,1.0,Qwen3-8B,3,social-group,transgender
R_1jvWm0424P9RnYm,78311,1391,4,1.0,Qwen3-8B,5,social-group,muslim
R_1jvWm0424P9RnYm,78334,1392,4,1.0,Qwen3-8B,3,social-group,LGB
R_1jvWm0424P9RnYm,78357,1393,4,1.0,Qwen3-8B,4,social-group,muslim
R_1jvWm0424P9RnYm,78380,1394,2,1.0,Qwen3-8B,5,social-group,jewish
R_1jvWm0424P9RnYm,78403,1395,4,1.0,Qwen3-8B,1,random,random
R_1jvWm0424P9RnYm,78426,1396,1,0.0,Qwen3-8B,2,random,random
R_1jvWm0424P9RnYm,78449,1397,0,0.0,Qwen3-8B,2,random,random
R_1jvWm0424P9RnYm,78472,1398,0,0.0,Qwen3-8B,3,social-group,muslim
R_9FV1vkWDVa7HO8N,10896,176,0,0.0,Qwen3-8B,2,random,random
R_9FV1vkWDVa7HO8N,27662,440,0,0.0,Qwen3-8B,2,random,random
R_9FV1vkWDVa7HO8N,27765,442,0,0.0,Qwen3-8B,3,random,random
R_9FV1vkWDVa7HO8N,50078,795,0,0.0,Qwen3-8B,2,random,random
R_9FV1vkWDVa7HO8N,50325,799,0,0.0,Qwen3-8B,4,random,random
R_9FV1vkWDVa7HO8N,51743,820,0,0.0,Qwen3-8B,1,random,random
R_9FV1vkWDVa7HO8N,56089,885,0,0.0,Qwen3-8B,3,random,random
R_9FV1vkWDVa7HO8N,59193,930,0,0.0,Qwen3-8B,1,random,random
R_9FV1vkWDVa7HO8N,68835,1091,0,0.0,Qwen3-8B,2,random,random
R_9FV1vkWDVa7HO8N,77886,1373,0,0.0,Qwen3-8B,3,social-group,transgender
R_9FV1vkWDVa7HO8N,77909,1374,0,0.0,Qwen3-8B,4,social-group,christian
R_9FV1vkWDVa7HO8N,77932,1375,0,0.0,Qwen3-8B,2,random,random
R_9FV1vkWDVa7HO8N,77955,1376,0,0.0,Qwen3-8B,1,random,random
R_9FV1vkWDVa7HO8N,77978,1377,0,0.0,Qwen3-8B,4,social-group,muslim
R_9FV1vkWDVa7HO8N,78001,1378,0,0.0,Qwen3-8B,1,social-group,LGB
R_9FV1vkWDVa7HO8N,78024,1379,0,0.0,Qwen3-8B,5,social-group,transgender
R_9FV1vkWDVa7HO8N,78047,1380,0,0.0,Qwen3-8B,2,random,random
R_9FV1vkWDVa7HO8N,78070,1381,0,0.0,Qwen3-8B,5,social-group,christian
R_9FV1vkWDVa7HO8N,78093,1382,0,0.0,Qwen3-8B,3,social-group,transgender
R_9FV1vkWDVa7HO8N,78116,1383,0,0.0,Qwen3-8B,3,moral,purity
R_9FV1vkWDVa7HO8N,78139,1384,0,0.0,Qwen3-8B,5,social-group,muslim
R_9FV1vkWDVa7HO8N,78178,1385,0,0.0,Qwen3-8B,3,moral,care
R_9FV1vkWDVa7HO8N,78209,1386,0,0.0,Qwen3-8B,2,random,random
R_9FV1vkWDVa7HO8N,78232,1387,0,0.0,Qwen3-8B,2,social-group,jewish
R_9FV1vkWDVa7HO8N,78255,1388,0,0.0,Qwen3-8B,5,social-group,jewish
R_9FV1vkWDVa7HO8N,78278,1389,0,0.0,Qwen3-8B,5,social-group,christian
R_9FV1vkWDVa7HO8N,78301,1390,0,0.0,Qwen3-8B,3,social-group,transgender
R_9FV1vkWDVa7HO8N,78324,1391,0,0.0,Qwen3-8B,5,social-group,muslim
R_9FV1vkWDVa7HO8N,78347,1392,0,0.0,Qwen3-8B,3,social-group,LGB
R_9FV1vkWDVa7HO8N,78370,1393,0,0.0,Qwen3-8B,4,social-group,muslim
R_9FV1vkWDVa7HO8N,78393,1394,0,0.0,Qwen3-8B,5,social-group,jewish
R_9FV1vkWDVa7HO8N,78416,1395,0,0.0,Qwen3-8B,1,random,random
R_9FV1vkWDVa7HO8N,78439,1396,0,0.0,Qwen3-8B,2,random,random
R_9FV1vkWDVa7HO8N,78462,1397,0,0.0,Qwen3-8B,2,random,random
R_9FV1vkWDVa7HO8N,78485,1398,0,0.0,Qwen3-8B,3,social-group,muslim
R_29bKABaOBZE3o3t,11092,180,0,0.0,Qwen3-8B,1,random,random
R_29bKABaOBZE3o3t,11161,181,0,0.0,Qwen3-8B,3,random,random
R_29bKABaOBZE3o3t,11208,182,1,0.0,Qwen3-8B,3,random,random
R_29bKABaOBZE3o3t,11258,183,0,0.0,Qwen3-8B,3,random,random
R_29bKABaOBZE3o3t,11329,184,0,0.0,Qwen3-8B,2,random,random
R_29bKABaOBZE3o3t,11400,185,0,0.0,Qwen3-8B,2,random,random
R_29bKABaOBZE3o3t,11470,186,0,0.0,Qwen3-8B,5,random,random
R_29bKABaOBZE3o3t,11542,187,0,0.0,Qwen3-8B,4,random,random
R_29bKABaOBZE3o3t,11612,188,1,0.0,Qwen3-8B,5,random,random
R_29bKABaOBZE3o3t,11683,189,3,1.0,Qwen3-8B,3,random,random
R_29bKABaOBZE3o3t,11751,190,0,0.0,Qwen3-8B,3,random,random
R_29bKABaOBZE3o3t,11821,191,0,0.0,Qwen3-8B,1,random,random
R_29bKABaOBZE3o3t,11889,192,0,0.0,Qwen3-8B,4,random,random
R_29bKABaOBZE3o3t,11961,193,0,0.0,Qwen3-8B,3,random,random
R_29bKABaOBZE3o3t,12031,194,0,0.0,Qwen3-8B,2,random,random
R_29bKABaOBZE3o3t,12102,195,0,0.0,Qwen3-8B,1,random,random
R_29bKABaOBZE3o3t,12173,196,0,0.0,Qwen3-8B,1,random,random
R_29bKABaOBZE3o3t,12244,197,0,0.0,Qwen3-8B,3,random,random
R_29bKABaOBZE3o3t,12314,198,0,0.0,Qwen3-8B,1,random,random
R_29bKABaOBZE3o3t,12384,199,0,0.0,Qwen3-8B,3,random,random
R_29bKABaOBZE3o3t,12454,200,0,0.0,Qwen3-8B,2,random,random
R_29bKABaOBZE3o3t,12523,201,0,0.0,Qwen3-8B,3,random,random
R_29bKABaOBZE3o3t,12593,202,0,0.0,Qwen3-8B,2,random,random
R_29bKABaOBZE3o3t,12664,203,0,0.0,Qwen3-8B,3,random,random
R_29bKABaOBZE3o3t,12734,204,0,0.0,Qwen3-8B,4,random,random
R_29bKABaOBZE3o3t,12803,205,2,1.0,Qwen3-8B,5,random,random
R_29bKABaOBZE3o3t,12874,206,0,0.0,Qwen3-8B,2,random,random
R_29bKABaOBZE3o3t,12944,207,0,0.0,Qwen3-8B,2,random,random
R_29bKABaOBZE3o3t,13015,208,0,0.0,Qwen3-8B,5,random,random
R_29bKABaOBZE3o3t,13083,209,0,0.0,Qwen3-8B,1,random,random
R_29bKABaOBZE3o3t,13154,210,0,0.0,Qwen3-8B,2,random,random
R_29bKABaOBZE3o3t,13224,211,0,0.0,Qwen3-8B,3,random,random
R_29bKABaOBZE3o3t,13295,212,0,0.0,Qwen3-8B,1,random,random
R_29bKABaOBZE3o3t,13363,213,0,0.0,Qwen3-8B,3,random,random
R_29bKABaOBZE3o3t,13434,214,-1,,Qwen3-8B,2,random,random
R_1jkt7UsxwWAi02d,11094,180,1,0.0,Qwen3-8B,1,random,random
R_1jkt7UsxwWAi02d,11163,181,1,0.0,Qwen3-8B,3,random,random
R_1jkt7UsxwWAi02d,11210,182,2,1.0,Qwen3-8B,3,random,random
R_1jkt7UsxwWAi02d,11260,183,2,1.0,Qwen3-8B,3,random,random
R_1jkt7UsxwWAi02d,11331,184,1,0.0,Qwen3-8B,2,random,random
R_1jkt7UsxwWAi02d,11402,185,1,0.0,Qwen3-8B,2,random,random
R_1jkt7UsxwWAi02d,11472,186,1,0.0,Qwen3-8B,5,random,random
R_1jkt7UsxwWAi02d,11544,187,1,0.0,Qwen3-8B,4,random,random
R_1jkt7UsxwWAi02d,11614,188,2,1.0,Qwen3-8B,5,random,random
R_1jkt7UsxwWAi02d,11685,189,1,0.0,Qwen3-8B,3,random,random
R_1jkt7UsxwWAi02d,11753,190,4,1.0,Qwen3-8B,3,random,random
R_1jkt7UsxwWAi02d,11823,191,4,1.0,Qwen3-8B,1,random,random
R_1jkt7UsxwWAi02d,11891,192,2,1.0,Qwen3-8B,4,random,random
R_1jkt7UsxwWAi02d,11963,193,2,1.0,Qwen3-8B,3,random,random
R_1jkt7UsxwWAi02d,12033,194,2,1.0,Qwen3-8B,2,random,random
R_1jkt7UsxwWAi02d,12104,195,2,1.0,Qwen3-8B,1,random,random
R_1jkt7UsxwWAi02d,12175,196,3,1.0,Qwen3-8B,1,random,random
R_1jkt7UsxwWAi02d,12246,197,1,0.0,Qwen3-8B,3,random,random
R_1jkt7UsxwWAi02d,12316,198,3,1.0,Qwen3-8B,1,random,random
R_1jkt7UsxwWAi02d,12386,199,4,1.0,Qwen3-8B,3,random,random
R_1jkt7UsxwWAi02d,12456,200,3,1.0,Qwen3-8B,2,random,random
R_1jkt7UsxwWAi02d,12525,201,3,1.0,Qwen3-8B,3,random,random
R_1jkt7UsxwWAi02d,12595,202,2,1.0,Qwen3-8B,2,random,random
R_1jkt7UsxwWAi02d,12666,203,3,1.0,Qwen3-8B,3,random,random
R_1jkt7UsxwWAi02d,12736,204,2,1.0,Qwen3-8B,4,random,random
R_1jkt7UsxwWAi02d,12805,205,3,1.0,Qwen3-8B,5,random,random
R_1jkt7UsxwWAi02d,12876,206,3,1.0,Qwen3-8B,2,random,random
R_1jkt7UsxwWAi02d,12946,207,3,1.0,Qwen3-8B,2,random,random
R_1jkt7UsxwWAi02d,13017,208,3,1.0,Qwen3-8B,5,random,random
R_1jkt7UsxwWAi02d,13085,209,3,1.0,Qwen3-8B,1,random,random
R_1jkt7UsxwWAi02d,13156,210,4,1.0,Qwen3-8B,2,random,random
R_1jkt7UsxwWAi02d,13226,211,3,1.0,Qwen3-8B,3,random,random
R_1jkt7UsxwWAi02d,13297,212,1,0.0,Qwen3-8B,1,random,random
R_1jkt7UsxwWAi02d,13365,213,1,0.0,Qwen3-8B,3,random,random
R_1jkt7UsxwWAi02d,13436,214,1,0.0,Qwen3-8B,2,random,random
R_1DuPcPRBHk28WaO,11120,180,-1,,Qwen3-8B,1,random,random
R_1DuPcPRBHk28WaO,11179,181,0,0.0,Qwen3-8B,3,random,random
R_1DuPcPRBHk28WaO,11226,182,0,0.0,Qwen3-8B,3,random,random
R_1DuPcPRBHk28WaO,11285,183,0,0.0,Qwen3-8B,3,random,random
R_1DuPcPRBHk28WaO,11356,184,0,0.0,Qwen3-8B,2,random,random
R_1DuPcPRBHk28WaO,11427,185,0,0.0,Qwen3-8B,2,random,random
R_1DuPcPRBHk28WaO,11497,186,0,0.0,Qwen3-8B,5,random,random
R_1DuPcPRBHk28WaO,11569,187,0,0.0,Qwen3-8B,4,random,random
R_1DuPcPRBHk28WaO,11640,188,0,0.0,Qwen3-8B,5,random,random
R_1DuPcPRBHk28WaO,11710,189,0,0.0,Qwen3-8B,3,random,random
R_1DuPcPRBHk28WaO,11778,190,0,0.0,Qwen3-8B,3,random,random
R_1DuPcPRBHk28WaO,11847,191,0,0.0,Qwen3-8B,1,random,random
R_1DuPcPRBHk28WaO,11916,192,0,0.0,Qwen3-8B,4,random,random
R_1DuPcPRBHk28WaO,11987,193,0,0.0,Qwen3-8B,3,random,random
R_1DuPcPRBHk28WaO,12058,194,0,0.0,Qwen3-8B,2,random,random
R_1DuPcPRBHk28WaO,12129,195,0,0.0,Qwen3-8B,1,random,random
R_1DuPcPRBHk28WaO,12200,196,0,0.0,Qwen3-8B,1,random,random
R_1DuPcPRBHk28WaO,12272,197,0,0.0,Qwen3-8B,3,random,random
R_1DuPcPRBHk28WaO,12342,198,0,0.0,Qwen3-8B,1,random,random
R_1DuPcPRBHk28WaO,12411,199,0,0.0,Qwen3-8B,3,random,random
R_1DuPcPRBHk28WaO,12480,200,0,0.0,Qwen3-8B,2,random,random
R_1DuPcPRBHk28WaO,12551,201,0,0.0,Qwen3-8B,3,random,random
R_1DuPcPRBHk28WaO,12620,202,0,0.0,Qwen3-8B,2,random,random
R_1DuPcPRBHk28WaO,12691,203,0,0.0,Qwen3-8B,3,random,random
R_1DuPcPRBHk28WaO,12760,204,0,0.0,Qwen3-8B,4,random,random
R_1DuPcPRBHk28WaO,12830,205,0,0.0,Qwen3-8B,5,random,random
R_1DuPcPRBHk28WaO,12901,206,0,0.0,Qwen3-8B,2,random,random
R_1DuPcPRBHk28WaO,12971,207,0,0.0,Qwen3-8B,2,random,random
R_1DuPcPRBHk28WaO,13042,208,0,0.0,Qwen3-8B,5,random,random
R_1DuPcPRBHk28WaO,13110,209,0,0.0,Qwen3-8B,1,random,random
R_1DuPcPRBHk28WaO,13180,210,0,0.0,Qwen3-8B,2,random,random
R_1DuPcPRBHk28WaO,13252,211,0,0.0,Qwen3-8B,3,random,random
R_1DuPcPRBHk28WaO,13321,212,0,0.0,Qwen3-8B,1,random,random
R_1DuPcPRBHk28WaO,13390,213,0,0.0,Qwen3-8B,3,random,random
R_1DuPcPRBHk28WaO,13462,214,0,0.0,Qwen3-8B,2,random,random
R_3M0EDv01vIubAs2,11121,180,3,1.0,Qwen3-8B,1,random,random
R_3M0EDv01vIubAs2,11180,181,1,0.0,Qwen3-8B,3,random,random
R_3M0EDv01vIubAs2,11227,182,2,1.0,Qwen3-8B,3,random,random
R_3M0EDv01vIubAs2,11286,183,3,1.0,Qwen3-8B,3,random,random
R_3M0EDv01vIubAs2,11357,184,3,1.0,Qwen3-8B,2,random,random
R_3M0EDv01vIubAs2,11428,185,3,1.0,Qwen3-8B,2,random,random
R_3M0EDv01vIubAs2,11498,186,1,0.0,Qwen3-8B,5,random,random
R_3M0EDv01vIubAs2,11570,187,3,1.0,Qwen3-8B,4,random,random
R_3M0EDv01vIubAs2,11641,188,3,1.0,Qwen3-8B,5,random,random
R_3M0EDv01vIubAs2,11711,189,4,1.0,Qwen3-8B,3,random,random
R_3M0EDv01vIubAs2,11779,190,4,1.0,Qwen3-8B,3,random,random
R_3M0EDv01vIubAs2,11848,191,3,1.0,Qwen3-8B,1,random,random
R_3M0EDv01vIubAs2,11917,192,4,1.0,Qwen3-8B,4,random,random
R_3M0EDv01vIubAs2,11988,193,2,1.0,Qwen3-8B,3,random,random
R_3M0EDv01vIubAs2,12059,194,3,1.0,Qwen3-8B,2,random,random
R_3M0EDv01vIubAs2,12130,195,3,1.0,Qwen3-8B,1,random,random
R_3M0EDv01vIubAs2,12201,196,4,1.0,Qwen3-8B,1,random,random
R_3M0EDv01vIubAs2,12273,197,3,1.0,Qwen3-8B,3,random,random
R_3M0EDv01vIubAs2,12343,198,3,1.0,Qwen3-8B,1,random,random
R_3M0EDv01vIubAs2,12412,199,4,1.0,Qwen3-8B,3,random,random
R_3M0EDv01vIubAs2,12481,200,2,1.0,Qwen3-8B,2,random,random
R_3M0EDv01vIubAs2,12552,201,3,1.0,Qwen3-8B,3,random,random
R_3M0EDv01vIubAs2,12621,202,3,1.0,Qwen3-8B,2,random,random
R_3M0EDv01vIubAs2,12692,203,2,1.0,Qwen3-8B,3,random,random
R_3M0EDv01vIubAs2,12761,204,2,1.0,Qwen3-8B,4,random,random
R_3M0EDv01vIubAs2,12831,205,3,1.0,Qwen3-8B,5,random,random
R_3M0EDv01vIubAs2,12902,206,4,1.0,Qwen3-8B,2,random,random
R_3M0EDv01vIubAs2,12972,207,4,1.0,Qwen3-8B,2,random,random
R_3M0EDv01vIubAs2,13043,208,3,1.0,Qwen3-8B,5,random,random
R_3M0EDv01vIubAs2,13111,209,3,1.0,Qwen3-8B,1,random,random
R_3M0EDv01vIubAs2,13181,210,3,1.0,Qwen3-8B,2,random,random
R_3M0EDv01vIubAs2,13253,211,3,1.0,Qwen3-8B,3,random,random
R_3M0EDv01vIubAs2,13322,212,4,1.0,Qwen3-8B,1,random,random
R_3M0EDv01vIubAs2,13391,213,4,1.0,Qwen3-8B,3,random,random
R_3M0EDv01vIubAs2,13463,214,4,1.0,Qwen3-8B,2,random,random
R_3EWHJvWwkprEKHI,11467,186,2,1.0,Qwen3-8B,5,random,random
R_3EWHJvWwkprEKHI,11886,192,1,0.0,Qwen3-8B,4,random,random
R_3EWHJvWwkprEKHI,15400,242,0,0.0,Qwen3-8B,4,random,random
R_3EWHJvWwkprEKHI,23725,373,4,1.0,Qwen3-8B,3,random,random
R_3EWHJvWwkprEKHI,33457,533,4,1.0,Qwen3-8B,3,random,random
R_3EWHJvWwkprEKHI,33877,540,0,0.0,Qwen3-8B,2,random,random
R_3EWHJvWwkprEKHI,38904,625,0,0.0,Qwen3-8B,3,random,random
R_3EWHJvWwkprEKHI,53637,845,4,1.0,Qwen3-8B,3,random,random
R_3EWHJvWwkprEKHI,56617,893,0,0.0,Qwen3-8B,1,random,random
R_3EWHJvWwkprEKHI,61295,969,4,1.0,Qwen3-8B,3,random,random
R_3EWHJvWwkprEKHI,62873,995,3,1.0,Qwen3-8B,3,random,random
R_3EWHJvWwkprEKHI,65891,1043,0,0.0,Qwen3-8B,4,random,random
R_3EWHJvWwkprEKHI,71889,1149,0,0.0,Qwen3-8B,2,random,random
R_3EWHJvWwkprEKHI,115251,2920,4,1.0,Qwen3-8B,5,random,random
R_3EWHJvWwkprEKHI,115276,2921,1,0.0,Qwen3-8B,2,moral,fairness
R_3EWHJvWwkprEKHI,115301,2922,0,0.0,Qwen3-8B,2,moral,fairness
R_3EWHJvWwkprEKHI,115326,2923,2,1.0,Qwen3-8B,5,social-group,christian
R_3EWHJvWwkprEKHI,115351,2924,4,1.0,Qwen3-8B,2,random,random
R_3EWHJvWwkprEKHI,115376,2925,3,1.0,Qwen3-8B,1,random,random
R_3EWHJvWwkprEKHI,115401,2926,2,1.0,Qwen3-8B,3,social-group,christian
R_3EWHJvWwkprEKHI,115426,2927,3,1.0,Qwen3-8B,5,social-group,jewish
R_3EWHJvWwkprEKHI,115451,2928,4,1.0,Qwen3-8B,4,social-group,muslim
R_3EWHJvWwkprEKHI,115476,2929,0,0.0,Qwen3-8B,5,social-group,jewish
R_3EWHJvWwkprEKHI,115501,2930,2,1.0,Qwen3-8B,4,social-group,muslim
R_3EWHJvWwkprEKHI,115526,2931,0,0.0,Qwen3-8B,3,social-group,christian
R_3EWHJvWwkprEKHI,115551,2932,4,1.0,Qwen3-8B,5,random,random
R_3EWHJvWwkprEKHI,115576,2933,4,1.0,Qwen3-8B,3,social-group,LGB
R_3EWHJvWwkprEKHI,115601,2934,2,1.0,Qwen3-8B,3,random,random
R_3EWHJvWwkprEKHI,115626,2935,1,0.0,Qwen3-8B,2,social-group,christian
R_3EWHJvWwkprEKHI,115651,2936,1,0.0,Qwen3-8B,2,random,random
R_3EWHJvWwkprEKHI,115676,2937,1,0.0,Qwen3-8B,3,social-group,transgender
R_3EWHJvWwkprEKHI,115701,2938,0,0.0,Qwen3-8B,5,social-group,transgender
R_3EWHJvWwkprEKHI,115726,2939,2,1.0,Qwen3-8B,3,social-group,transgender
R_3EWHJvWwkprEKHI,115751,2940,0,0.0,Qwen3-8B,3,moral,fairness
R_3EWHJvWwkprEKHI,115776,2941,4,1.0,Qwen3-8B,5,social-group,muslim
R_3PzvLSGbkfs3CFe,11533,186,3,1.0,Qwen3-8B,5,random,random
R_3PzvLSGbkfs3CFe,11952,192,3,1.0,Qwen3-8B,4,random,random
R_3PzvLSGbkfs3CFe,15463,242,1,0.0,Qwen3-8B,4,random,random
R_3PzvLSGbkfs3CFe,23779,373,4,1.0,Qwen3-8B,3,random,random
R_3PzvLSGbkfs3CFe,33511,533,4,1.0,Qwen3-8B,3,random,random
R_3PzvLSGbkfs3CFe,33931,540,1,0.0,Qwen3-8B,2,random,random
R_3PzvLSGbkfs3CFe,38961,625,2,1.0,Qwen3-8B,3,random,random
R_3PzvLSGbkfs3CFe,53694,845,4,1.0,Qwen3-8B,3,random,random
R_3PzvLSGbkfs3CFe,56686,893,1,0.0,Qwen3-8B,1,random,random
R_3PzvLSGbkfs3CFe,61346,969,1,0.0,Qwen3-8B,3,random,random
R_3PzvLSGbkfs3CFe,62931,995,1,0.0,Qwen3-8B,3,random,random
R_3PzvLSGbkfs3CFe,65953,1043,1,0.0,Qwen3-8B,4,random,random
R_3PzvLSGbkfs3CFe,71937,1149,1,0.0,Qwen3-8B,2,random,random
R_3PzvLSGbkfs3CFe,115275,2920,4,1.0,Qwen3-8B,5,random,random
R_3PzvLSGbkfs3CFe,115300,2921,1,0.0,Qwen3-8B,2,moral,fairness
R_3PzvLSGbkfs3CFe,115325,2922,2,1.0,Qwen3-8B,2,moral,fairness
R_3PzvLSGbkfs3CFe,115350,2923,4,1.0,Qwen3-8B,5,social-group,christian
R_3PzvLSGbkfs3CFe,115375,2924,2,1.0,Qwen3-8B,2,random,random
R_3PzvLSGbkfs3CFe,115400,2925,1,0.0,Qwen3-8B,1,random,random
R_3PzvLSGbkfs3CFe,115425,2926,2,1.0,Qwen3-8B,3,social-group,christian
R_3PzvLSGbkfs3CFe,115450,2927,0,0.0,Qwen3-8B,5,social-group,jewish
R_3PzvLSGbkfs3CFe,115475,2928,0,0.0,Qwen3-8B,4,social-group,muslim
R_3PzvLSGbkfs3CFe,115500,2929,4,1.0,Qwen3-8B,5,social-group,jewish
R_3PzvLSGbkfs3CFe,115525,2930,4,1.0,Qwen3-8B,4,social-group,muslim
R_3PzvLSGbkfs3CFe,115550,2931,2,1.0,Qwen3-8B,3,social-group,christian
R_3PzvLSGbkfs3CFe,115575,2932,0,0.0,Qwen3-8B,5,random,random
R_3PzvLSGbkfs3CFe,115600,2933,1,0.0,Qwen3-8B,3,social-group,LGB
R_3PzvLSGbkfs3CFe,115625,2934,4,1.0,Qwen3-8B,3,random,random
R_3PzvLSGbkfs3CFe,115650,2935,3,1.0,Qwen3-8B,2,social-group,christian
R_3PzvLSGbkfs3CFe,115675,2936,3,1.0,Qwen3-8B,2,random,random
R_3PzvLSGbkfs3CFe,115700,2937,0,0.0,Qwen3-8B,3,social-group,transgender
R_3PzvLSGbkfs3CFe,115725,2938,0,0.0,Qwen3-8B,5,social-group,transgender
R_3PzvLSGbkfs3CFe,115750,2939,0,0.0,Qwen3-8B,3,social-group,transgender
R_3PzvLSGbkfs3CFe,115775,2940,2,1.0,Qwen3-8B,3,moral,fairness
R_3PzvLSGbkfs3CFe,115800,2941,4,1.0,Qwen3-8B,5,social-group,muslim
R_2QX39vP9jTAVsjU,11691,189,1,0.0,Qwen3-8B,3,random,random
R_2QX39vP9jTAVsjU,13771,219,0,0.0,Qwen3-8B,1,random,random
R_2QX39vP9jTAVsjU,19589,308,0,0.0,Qwen3-8B,1,random,random
R_2QX39vP9jTAVsjU,27275,433,0,0.0,Qwen3-8B,2,random,random
R_2QX39vP9jTAVsjU,53583,844,-1,,Qwen3-8B,2,random,random
R_2QX39vP9jTAVsjU,55046,869,-1,,Qwen3-8B,3,random,random
R_2QX39vP9jTAVsjU,58042,911,1,0.0,Qwen3-8B,1,random,random
R_2QX39vP9jTAVsjU,58886,925,0,0.0,Qwen3-8B,1,random,random
R_2QX39vP9jTAVsjU,121684,3193,4,1.0,Qwen3-8B,5,moral,fairness
R_2QX39vP9jTAVsjU,144958,4193,0,0.0,Qwen3-8B,1,moral,authority
R_2QX39vP9jTAVsjU,150308,4429,-1,,Qwen3-8B,4,random,random
R_2QX39vP9jTAVsjU,150330,4430,1,0.0,Qwen3-8B,5,social-group,LGB
R_2QX39vP9jTAVsjU,150352,4431,1,0.0,Qwen3-8B,2,random,random
R_2QX39vP9jTAVsjU,150374,4432,0,0.0,Qwen3-8B,1,moral,authority
R_2QX39vP9jTAVsjU,150396,4433,3,1.0,Qwen3-8B,4,social-group,transgender
R_2QX39vP9jTAVsjU,150418,4434,0,0.0,Qwen3-8B,1,random,random
R_2QX39vP9jTAVsjU,150440,4435,0,0.0,Qwen3-8B,4,social-group,muslim
R_2QX39vP9jTAVsjU,150462,4436,0,0.0,Qwen3-8B,1,social-group,transgender
R_2QX39vP9jTAVsjU,150484,4437,2,1.0,Qwen3-8B,3,social-group,LGB
R_2QX39vP9jTAVsjU,150506,4438,0,0.0,Qwen3-8B,3,social-group,muslim
R_2QX39vP9jTAVsjU,150528,4439,0,0.0,Qwen3-8B,1,moral,loyalty
R_2QX39vP9jTAVsjU,150550,4440,2,1.0,Qwen3-8B,5,social-group,jewish
R_2QX39vP9jTAVsjU,150572,4441,0,0.0,Qwen3-8B,4,social-group,transgender
R_2QX39vP9jTAVsjU,150594,4442,0,0.0,Qwen3-8B,3,random,random
R_2QX39vP9jTAVsjU,150616,4443,1,0.0,Qwen3-8B,3,moral,authority
R_2QX39vP9jTAVsjU,150638,4444,3,1.0,Qwen3-8B,5,social-group,christian
R_2QX39vP9jTAVsjU,150660,4445,3,1.0,Qwen3-8B,5,social-group,LGB
R_2QX39vP9jTAVsjU,150682,4446,4,1.0,Qwen3-8B,3,random,random
R_2QX39vP9jTAVsjU,150704,4447,4,1.0,Qwen3-8B,3,social-group,LGB
R_2QX39vP9jTAVsjU,150726,4448,0,0.0,Qwen3-8B,1,moral,authority
R_2QX39vP9jTAVsjU,150748,4449,1,0.0,Qwen3-8B,4,social-group,LGB
R_2QX39vP9jTAVsjU,150770,4450,1,0.0,Qwen3-8B,1,social-group,transgender
R_2QX39vP9jTAVsjU,150792,4451,1,0.0,Qwen3-8B,2,random,random
R_2QX39vP9jTAVsjU,150814,4452,0,0.0,Qwen3-8B,2,social-group,LGB
R_2QX39vP9jTAVsjU,150836,4453,0,0.0,Qwen3-8B,4,moral,care
R_2tx289rHVeB2tKB,11709,189,2,1.0,Qwen3-8B,3,random,random
R_2tx289rHVeB2tKB,13790,219,0,0.0,Qwen3-8B,1,random,random
R_2tx289rHVeB2tKB,19608,308,0,0.0,Qwen3-8B,1,random,random
R_2tx289rHVeB2tKB,27291,433,0,0.0,Qwen3-8B,2,random,random
R_2tx289rHVeB2tKB,53603,844,0,0.0,Qwen3-8B,2,random,random
R_2tx289rHVeB2tKB,55071,869,1,0.0,Qwen3-8B,3,random,random
R_2tx289rHVeB2tKB,58062,911,0,0.0,Qwen3-8B,1,random,random
R_2tx289rHVeB2tKB,58901,925,1,0.0,Qwen3-8B,1,random,random
R_2tx289rHVeB2tKB,121698,3193,1,0.0,Qwen3-8B,5,moral,fairness
R_2tx289rHVeB2tKB,144971,4193,0,0.0,Qwen3-8B,1,moral,authority
R_2tx289rHVeB2tKB,150316,4429,1,0.0,Qwen3-8B,4,random,random
R_2tx289rHVeB2tKB,150338,4430,0,0.0,Qwen3-8B,5,social-group,LGB
R_2tx289rHVeB2tKB,150360,4431,0,0.0,Qwen3-8B,2,random,random
R_2tx289rHVeB2tKB,150382,4432,0,0.0,Qwen3-8B,1,moral,authority
R_2tx289rHVeB2tKB,150404,4433,2,1.0,Qwen3-8B,4,social-group,transgender
R_2tx289rHVeB2tKB,150426,4434,4,1.0,Qwen3-8B,1,random,random
R_2tx289rHVeB2tKB,150448,4435,0,0.0,Qwen3-8B,4,social-group,muslim
R_2tx289rHVeB2tKB,150470,4436,0,0.0,Qwen3-8B,1,social-group,transgender
R_2tx289rHVeB2tKB,150492,4437,0,0.0,Qwen3-8B,3,social-group,LGB
R_2tx289rHVeB2tKB,150514,4438,0,0.0,Qwen3-8B,3,social-group,muslim
R_2tx289rHVeB2tKB,150536,4439,0,0.0,Qwen3-8B,1,moral,loyalty
R_2tx289rHVeB2tKB,150558,4440,4,1.0,Qwen3-8B,5,social-group,jewish
R_2tx289rHVeB2tKB,150580,4441,2,1.0,Qwen3-8B,4,social-group,transgender
R_2tx289rHVeB2tKB,150602,4442,1,0.0,Qwen3-8B,3,random,random
R_2tx289rHVeB2tKB,150624,4443,0,0.0,Qwen3-8B,3,moral,authority
R_2tx289rHVeB2tKB,150646,4444,0,0.0,Qwen3-8B,5,social-group,christian
R_2tx289rHVeB2tKB,150668,4445,1,0.0,Qwen3-8B,5,social-group,LGB
R_2tx289rHVeB2tKB,150690,4446,0,0.0,Qwen3-8B,3,random,random
R_2tx289rHVeB2tKB,150712,4447,0,0.0,Qwen3-8B,3,social-group,LGB
R_2tx289rHVeB2tKB,150734,4448,0,0.0,Qwen3-8B,1,moral,authority
R_2tx289rHVeB2tKB,150756,4449,0,0.0,Qwen3-8B,4,social-group,LGB
R_2tx289rHVeB2tKB,150778,4450,-1,,Qwen3-8B,1,social-group,transgender
R_2tx289rHVeB2tKB,150800,4451,1,0.0,Qwen3-8B,2,random,random
R_2tx289rHVeB2tKB,150822,4452,0,0.0,Qwen3-8B,2,social-group,LGB
R_2tx289rHVeB2tKB,150844,4453,1,0.0,Qwen3-8B,4,moral,care
R_2TLETUNWFRJDSk9,11718,189,0,0.0,Qwen3-8B,3,random,random
R_2TLETUNWFRJDSk9,13800,219,0,0.0,Qwen3-8B,1,random,random
R_2TLETUNWFRJDSk9,19614,308,0,0.0,Qwen3-8B,1,random,random
R_2TLETUNWFRJDSk9,27296,433,0,0.0,Qwen3-8B,2,random,random
R_2TLETUNWFRJDSk9,53614,844,0,0.0,Qwen3-8B,2,random,random
R_2TLETUNWFRJDSk9,55076,869,0,0.0,Qwen3-8B,3,random,random
R_2TLETUNWFRJDSk9,58072,911,0,0.0,Qwen3-8B,1,random,random
R_2TLETUNWFRJDSk9,58907,925,0,0.0,Qwen3-8B,1,random,random
R_2TLETUNWFRJDSk9,121700,3193,0,0.0,Qwen3-8B,5,moral,fairness
R_2TLETUNWFRJDSk9,144973,4193,0,0.0,Qwen3-8B,1,moral,authority
R_2TLETUNWFRJDSk9,150317,4429,1,0.0,Qwen3-8B,4,random,random
R_2TLETUNWFRJDSk9,150339,4430,0,0.0,Qwen3-8B,5,social-group,LGB
R_2TLETUNWFRJDSk9,150361,4431,0,0.0,Qwen3-8B,2,random,random
R_2TLETUNWFRJDSk9,150383,4432,0,0.0,Qwen3-8B,1,moral,authority
R_2TLETUNWFRJDSk9,150405,4433,0,0.0,Qwen3-8B,4,social-group,transgender
R_2TLETUNWFRJDSk9,150427,4434,0,0.0,Qwen3-8B,1,random,random
R_2TLETUNWFRJDSk9,150449,4435,0,0.0,Qwen3-8B,4,social-group,muslim
R_2TLETUNWFRJDSk9,150471,4436,0,0.0,Qwen3-8B,1,social-group,transgender
R_2TLETUNWFRJDSk9,150493,4437,0,0.0,Qwen3-8B,3,social-group,LGB
R_2TLETUNWFRJDSk9,150515,4438,0,0.0,Qwen3-8B,3,social-group,muslim
R_2TLETUNWFRJDSk9,150537,4439,0,0.0,Qwen3-8B,1,moral,loyalty
R_2TLETUNWFRJDSk9,150559,4440,0,0.0,Qwen3-8B,5,social-group,jewish
R_2TLETUNWFRJDSk9,150581,4441,0,0.0,Qwen3-8B,4,social-group,transgender
R_2TLETUNWFRJDSk9,150603,4442,0,0.0,Qwen3-8B,3,random,random
R_2TLETUNWFRJDSk9,150625,4443,0,0.0,Qwen3-8B,3,moral,authority
R_2TLETUNWFRJDSk9,150647,4444,0,0.0,Qwen3-8B,5,social-group,christian
R_2TLETUNWFRJDSk9,150669,4445,0,0.0,Qwen3-8B,5,social-group,LGB
R_2TLETUNWFRJDSk9,150691,4446,0,0.0,Qwen3-8B,3,random,random
R_2TLETUNWFRJDSk9,150713,4447,0,0.0,Qwen3-8B,3,social-group,LGB
R_2TLETUNWFRJDSk9,150735,4448,0,0.0,Qwen3-8B,1,moral,authority
R_2TLETUNWFRJDSk9,150757,4449,0,0.0,Qwen3-8B,4,social-group,LGB
R_2TLETUNWFRJDSk9,150779,4450,0,0.0,Qwen3-8B,1,social-group,transgender
R_2TLETUNWFRJDSk9,150801,4451,0,0.0,Qwen3-8B,2,random,random
R_2TLETUNWFRJDSk9,150823,4452,0,0.0,Qwen3-8B,2,social-group,LGB
R_2TLETUNWFRJDSk9,150845,4453,0,0.0,Qwen3-8B,4,moral,care
R_3D0hgtW1838pnwy,11724,189,0,0.0,Qwen3-8B,3,random,random
R_3D0hgtW1838pnwy,13805,219,0,0.0,Qwen3-8B,1,random,random
R_3D0hgtW1838pnwy,19619,308,0,0.0,Qwen3-8B,1,random,random
R_3D0hgtW1838pnwy,27303,433,0,0.0,Qwen3-8B,2,random,random
R_3D0hgtW1838pnwy,53620,844,2,1.0,Qwen3-8B,2,random,random
R_3D0hgtW1838pnwy,55082,869,2,1.0,Qwen3-8B,3,random,random
R_3D0hgtW1838pnwy,58079,911,2,1.0,Qwen3-8B,1,random,random
R_3D0hgtW1838pnwy,58914,925,1,0.0,Qwen3-8B,1,random,random
R_3D0hgtW1838pnwy,121706,3193,2,1.0,Qwen3-8B,5,moral,fairness
R_3D0hgtW1838pnwy,144979,4193,0,0.0,Qwen3-8B,1,moral,authority
R_3D0hgtW1838pnwy,150320,4429,2,1.0,Qwen3-8B,4,random,random
R_3D0hgtW1838pnwy,150342,4430,0,0.0,Qwen3-8B,5,social-group,LGB
R_3D0hgtW1838pnwy,150364,4431,0,0.0,Qwen3-8B,2,random,random
R_3D0hgtW1838pnwy,150386,4432,1,0.0,Qwen3-8B,1,moral,authority
R_3D0hgtW1838pnwy,150408,4433,0,0.0,Qwen3-8B,4,social-group,transgender
R_3D0hgtW1838pnwy,150430,4434,0,0.0,Qwen3-8B,1,random,random
R_3D0hgtW1838pnwy,150452,4435,1,0.0,Qwen3-8B,4,social-group,muslim
R_3D0hgtW1838pnwy,150474,4436,2,1.0,Qwen3-8B,1,social-group,transgender
R_3D0hgtW1838pnwy,150496,4437,1,0.0,Qwen3-8B,3,social-group,LGB
R_3D0hgtW1838pnwy,150518,4438,1,0.0,Qwen3-8B,3,social-group,muslim
R_3D0hgtW1838pnwy,150540,4439,0,0.0,Qwen3-8B,1,moral,loyalty
R_3D0hgtW1838pnwy,150562,4440,1,0.0,Qwen3-8B,5,social-group,jewish
R_3D0hgtW1838pnwy,150584,4441,1,0.0,Qwen3-8B,4,social-group,transgender
R_3D0hgtW1838pnwy,150606,4442,3,1.0,Qwen3-8B,3,random,random
R_3D0hgtW1838pnwy,150628,4443,1,0.0,Qwen3-8B,3,moral,authority
R_3D0hgtW1838pnwy,150650,4444,1,0.0,Qwen3-8B,5,social-group,christian
R_3D0hgtW1838pnwy,150672,4445,0,0.0,Qwen3-8B,5,social-group,LGB
R_3D0hgtW1838pnwy,150694,4446,1,0.0,Qwen3-8B,3,random,random
R_3D0hgtW1838pnwy,150716,4447,1,0.0,Qwen3-8B,3,social-group,LGB
R_3D0hgtW1838pnwy,150738,4448,0,0.0,Qwen3-8B,1,moral,authority
R_3D0hgtW1838pnwy,150760,4449,0,0.0,Qwen3-8B,4,social-group,LGB
R_3D0hgtW1838pnwy,150782,4450,1,0.0,Qwen3-8B,1,social-group,transgender
R_3D0hgtW1838pnwy,150804,4451,1,0.0,Qwen3-8B,2,random,random
R_3D0hgtW1838pnwy,150826,4452,2,1.0,Qwen3-8B,2,social-group,LGB
R_3D0hgtW1838pnwy,150848,4453,3,1.0,Qwen3-8B,4,moral,care
R_3lWDyD4QdqocgRa,11725,189,0,0.0,Qwen3-8B,3,random,random
R_3lWDyD4QdqocgRa,13806,219,0,0.0,Qwen3-8B,1,random,random
R_3lWDyD4QdqocgRa,19620,308,0,0.0,Qwen3-8B,1,random,random
R_3lWDyD4QdqocgRa,27304,433,2,1.0,Qwen3-8B,2,random,random
R_3lWDyD4QdqocgRa,53621,844,2,1.0,Qwen3-8B,2,random,random
R_3lWDyD4QdqocgRa,55083,869,1,0.0,Qwen3-8B,3,random,random
R_3lWDyD4QdqocgRa,58080,911,4,1.0,Qwen3-8B,1,random,random
R_3lWDyD4QdqocgRa,58915,925,0,0.0,Qwen3-8B,1,random,random
R_3lWDyD4QdqocgRa,121708,3193,1,0.0,Qwen3-8B,5,moral,fairness
R_3lWDyD4QdqocgRa,144981,4193,1,0.0,Qwen3-8B,1,moral,authority
R_3lWDyD4QdqocgRa,150321,4429,2,1.0,Qwen3-8B,4,random,random
R_3lWDyD4QdqocgRa,150343,4430,3,1.0,Qwen3-8B,5,social-group,LGB
R_3lWDyD4QdqocgRa,150365,4431,0,0.0,Qwen3-8B,2,random,random
R_3lWDyD4QdqocgRa,150387,4432,0,0.0,Qwen3-8B,1,moral,authority
R_3lWDyD4QdqocgRa,150409,4433,4,1.0,Qwen3-8B,4,social-group,transgender
R_3lWDyD4QdqocgRa,150431,4434,4,1.0,Qwen3-8B,1,random,random
R_3lWDyD4QdqocgRa,150453,4435,3,1.0,Qwen3-8B,4,social-group,muslim
R_3lWDyD4QdqocgRa,150475,4436,0,0.0,Qwen3-8B,1,social-group,transgender
R_3lWDyD4QdqocgRa,150497,4437,4,1.0,Qwen3-8B,3,social-group,LGB
R_3lWDyD4QdqocgRa,150519,4438,3,1.0,Qwen3-8B,3,social-group,muslim
R_3lWDyD4QdqocgRa,150541,4439,0,0.0,Qwen3-8B,1,moral,loyalty
R_3lWDyD4QdqocgRa,150563,4440,4,1.0,Qwen3-8B,5,social-group,jewish
R_3lWDyD4QdqocgRa,150585,4441,0,0.0,Qwen3-8B,4,social-group,transgender
R_3lWDyD4QdqocgRa,150607,4442,0,0.0,Qwen3-8B,3,random,random
R_3lWDyD4QdqocgRa,150629,4443,2,1.0,Qwen3-8B,3,moral,authority
R_3lWDyD4QdqocgRa,150651,4444,0,0.0,Qwen3-8B,5,social-group,christian
R_3lWDyD4QdqocgRa,150673,4445,4,1.0,Qwen3-8B,5,social-group,LGB
R_3lWDyD4QdqocgRa,150695,4446,3,1.0,Qwen3-8B,3,random,random
R_3lWDyD4QdqocgRa,150717,4447,4,1.0,Qwen3-8B,3,social-group,LGB
R_3lWDyD4QdqocgRa,150739,4448,0,0.0,Qwen3-8B,1,moral,authority
R_3lWDyD4QdqocgRa,150761,4449,3,1.0,Qwen3-8B,4,social-group,LGB
R_3lWDyD4QdqocgRa,150783,4450,4,1.0,Qwen3-8B,1,social-group,transgender
R_3lWDyD4QdqocgRa,150805,4451,3,1.0,Qwen3-8B,2,random,random
R_3lWDyD4QdqocgRa,150827,4452,2,1.0,Qwen3-8B,2,social-group,LGB
R_3lWDyD4QdqocgRa,150849,4453,2,1.0,Qwen3-8B,4,moral,care
R_O0ugCNyPns8At3P,11737,189,0,0.0,Qwen3-8B,3,random,random
R_O0ugCNyPns8At3P,13814,219,0,0.0,Qwen3-8B,1,random,random
R_O0ugCNyPns8At3P,19632,308,0,0.0,Qwen3-8B,1,random,random
R_O0ugCNyPns8At3P,27311,433,0,0.0,Qwen3-8B,2,random,random
R_O0ugCNyPns8At3P,53627,844,0,0.0,Qwen3-8B,2,random,random
R_O0ugCNyPns8At3P,55089,869,0,0.0,Qwen3-8B,3,random,random
R_O0ugCNyPns8At3P,58086,911,0,0.0,Qwen3-8B,1,random,random
R_O0ugCNyPns8At3P,58921,925,0,0.0,Qwen3-8B,1,random,random
R_O0ugCNyPns8At3P,121716,3193,0,0.0,Qwen3-8B,5,moral,fairness
R_O0ugCNyPns8At3P,144989,4193,0,0.0,Qwen3-8B,1,moral,authority
R_O0ugCNyPns8At3P,150324,4429,0,0.0,Qwen3-8B,4,random,random
R_O0ugCNyPns8At3P,150346,4430,2,1.0,Qwen3-8B,5,social-group,LGB
R_O0ugCNyPns8At3P,150368,4431,0,0.0,Qwen3-8B,2,random,random
R_O0ugCNyPns8At3P,150390,4432,0,0.0,Qwen3-8B,1,moral,authority
R_O0ugCNyPns8At3P,150412,4433,0,0.0,Qwen3-8B,4,social-group,transgender
R_O0ugCNyPns8At3P,150434,4434,0,0.0,Qwen3-8B,1,random,random
R_O0ugCNyPns8At3P,150456,4435,0,0.0,Qwen3-8B,4,social-group,muslim
R_O0ugCNyPns8At3P,150478,4436,0,0.0,Qwen3-8B,1,social-group,transgender
R_O0ugCNyPns8At3P,150500,4437,0,0.0,Qwen3-8B,3,social-group,LGB
R_O0ugCNyPns8At3P,150522,4438,0,0.0,Qwen3-8B,3,social-group,muslim
R_O0ugCNyPns8At3P,150544,4439,0,0.0,Qwen3-8B,1,moral,loyalty
R_O0ugCNyPns8At3P,150566,4440,4,1.0,Qwen3-8B,5,social-group,jewish
R_O0ugCNyPns8At3P,150588,4441,1,0.0,Qwen3-8B,4,social-group,transgender
R_O0ugCNyPns8At3P,150610,4442,0,0.0,Qwen3-8B,3,random,random
R_O0ugCNyPns8At3P,150632,4443,0,0.0,Qwen3-8B,3,moral,authority
R_O0ugCNyPns8At3P,150654,4444,1,0.0,Qwen3-8B,5,social-group,christian
R_O0ugCNyPns8At3P,150676,4445,0,0.0,Qwen3-8B,5,social-group,LGB
R_O0ugCNyPns8At3P,150698,4446,0,0.0,Qwen3-8B,3,random,random
R_O0ugCNyPns8At3P,150720,4447,0,0.0,Qwen3-8B,3,social-group,LGB
R_O0ugCNyPns8At3P,150742,4448,0,0.0,Qwen3-8B,1,moral,authority
R_O0ugCNyPns8At3P,150764,4449,0,0.0,Qwen3-8B,4,social-group,LGB
R_O0ugCNyPns8At3P,150786,4450,1,0.0,Qwen3-8B,1,social-group,transgender
R_O0ugCNyPns8At3P,150808,4451,0,0.0,Qwen3-8B,2,random,random
R_O0ugCNyPns8At3P,150830,4452,0,0.0,Qwen3-8B,2,social-group,LGB
R_O0ugCNyPns8At3P,150852,4453,0,0.0,Qwen3-8B,4,moral,care
R_3F4LGvEbT35oYat,12399,199,0,0.0,Qwen3-8B,3,random,random
R_3F4LGvEbT35oYat,16194,254,1,0.0,Qwen3-8B,4,random,random
R_3F4LGvEbT35oYat,37976,609,0,0.0,Qwen3-8B,1,random,random
R_3F4LGvEbT35oYat,43427,699,1,0.0,Qwen3-8B,3,random,random
R_3F4LGvEbT35oYat,66440,1051,0,0.0,Qwen3-8B,3,random,random
R_3F4LGvEbT35oYat,69197,1098,0,0.0,Qwen3-8B,5,random,random
R_3F4LGvEbT35oYat,70236,1117,0,0.0,Qwen3-8B,2,random,random
R_3F4LGvEbT35oYat,89447,1840,0,0.0,Qwen3-8B,4,random,random
R_3F4LGvEbT35oYat,89447,1840,0,0.0,Qwen3-8B,4,moral,care
R_3F4LGvEbT35oYat,89447,1840,0,0.0,Qwen3-8B,4,random,random
R_3F4LGvEbT35oYat,89447,1840,0,0.0,Qwen3-8B,4,moral,care
R_3F4LGvEbT35oYat,147873,4323,1,0.0,Qwen3-8B,5,social-group,LGB
R_3F4LGvEbT35oYat,147894,4324,0,0.0,Qwen3-8B,3,social-group,transgender
R_3F4LGvEbT35oYat,147915,4325,4,1.0,Qwen3-8B,5,social-group,jewish
R_3F4LGvEbT35oYat,147936,4326,0,0.0,Qwen3-8B,2,social-group,transgender
R_3F4LGvEbT35oYat,147957,4327,0,0.0,Qwen3-8B,3,social-group,LGB
R_3F4LGvEbT35oYat,147978,4328,1,0.0,Qwen3-8B,4,social-group,jewish
R_3F4LGvEbT35oYat,147999,4329,0,0.0,Qwen3-8B,5,social-group,transgender
R_3F4LGvEbT35oYat,148020,4330,0,0.0,Qwen3-8B,2,random,random
R_3F4LGvEbT35oYat,148041,4331,0,0.0,Qwen3-8B,2,social-group,christian
R_3F4LGvEbT35oYat,148062,4332,0,0.0,Qwen3-8B,1,social-group,transgender
R_3F4LGvEbT35oYat,148083,4333,0,0.0,Qwen3-8B,3,social-group,transgender
R_3F4LGvEbT35oYat,148104,4334,0,0.0,Qwen3-8B,4,social-group,transgender
R_3F4LGvEbT35oYat,148125,4335,0,0.0,Qwen3-8B,1,social-group,transgender
R_3F4LGvEbT35oYat,148146,4336,0,0.0,Qwen3-8B,3,social-group,christian
R_3F4LGvEbT35oYat,148167,4337,0,0.0,Qwen3-8B,1,moral,loyalty
R_3F4LGvEbT35oYat,148188,4338,0,0.0,Qwen3-8B,1,social-group,christian
R_3F4LGvEbT35oYat,148209,4339,0,0.0,Qwen3-8B,3,social-group,transgender
R_3F4LGvEbT35oYat,148230,4340,0,0.0,Qwen3-8B,1,random,random
R_3F4LGvEbT35oYat,148251,4341,0,0.0,Qwen3-8B,5,social-group,LGB
R_3F4LGvEbT35oYat,148272,4342,0,0.0,Qwen3-8B,3,moral,authority
R_3F4LGvEbT35oYat,148293,4343,0,0.0,Qwen3-8B,2,random,random
R_3F4LGvEbT35oYat,148314,4344,0,0.0,Qwen3-8B,3,social-group,transgender
R_3F4LGvEbT35oYat,148335,4345,0,0.0,Qwen3-8B,2,moral,authority
R_3F4LGvEbT35oYat,148356,4346,0,0.0,Qwen3-8B,2,random,random
R_3F4LGvEbT35oYat,148377,4347,4,1.0,Qwen3-8B,4,social-group,jewish
R_3F4LGvEbT35oYat,148398,4348,0,0.0,Qwen3-8B,4,moral,purity
R_3F4LGvEbT35oYat,148419,4349,1,0.0,Qwen3-8B,2,social-group,transgender
R_2CpFYELqziauIwr,12426,199,1,0.0,Qwen3-8B,3,random,random
R_2CpFYELqziauIwr,16217,254,0,0.0,Qwen3-8B,4,random,random
R_2CpFYELqziauIwr,37998,609,0,0.0,Qwen3-8B,1,random,random
R_2CpFYELqziauIwr,43453,699,0,0.0,Qwen3-8B,3,random,random
R_2CpFYELqziauIwr,66462,1051,0,0.0,Qwen3-8B,3,random,random
R_2CpFYELqziauIwr,69215,1098,0,0.0,Qwen3-8B,5,random,random
R_2CpFYELqziauIwr,70254,1117,0,0.0,Qwen3-8B,2,random,random
R_2CpFYELqziauIwr,89489,1840,4,1.0,Qwen3-8B,4,random,random
R_2CpFYELqziauIwr,89489,1840,4,1.0,Qwen3-8B,4,moral,care
R_2CpFYELqziauIwr,89489,1840,4,1.0,Qwen3-8B,4,random,random
R_2CpFYELqziauIwr,89489,1840,4,1.0,Qwen3-8B,4,moral,care
R_2CpFYELqziauIwr,147883,4323,0,0.0,Qwen3-8B,5,social-group,LGB
R_2CpFYELqziauIwr,147904,4324,0,0.0,Qwen3-8B,3,social-group,transgender
R_2CpFYELqziauIwr,147925,4325,0,0.0,Qwen3-8B,5,social-group,jewish
R_2CpFYELqziauIwr,147946,4326,0,0.0,Qwen3-8B,2,social-group,transgender
R_2CpFYELqziauIwr,147967,4327,0,0.0,Qwen3-8B,3,social-group,LGB
R_2CpFYELqziauIwr,147988,4328,0,0.0,Qwen3-8B,4,social-group,jewish
R_2CpFYELqziauIwr,148009,4329,0,0.0,Qwen3-8B,5,social-group,transgender
R_2CpFYELqziauIwr,148030,4330,0,0.0,Qwen3-8B,2,random,random
R_2CpFYELqziauIwr,148051,4331,0,0.0,Qwen3-8B,2,social-group,christian
R_2CpFYELqziauIwr,148072,4332,0,0.0,Qwen3-8B,1,social-group,transgender
R_2CpFYELqziauIwr,148093,4333,0,0.0,Qwen3-8B,3,social-group,transgender
R_2CpFYELqziauIwr,148114,4334,0,0.0,Qwen3-8B,4,social-group,transgender
R_2CpFYELqziauIwr,148135,4335,0,0.0,Qwen3-8B,1,social-group,transgender
R_2CpFYELqziauIwr,148156,4336,0,0.0,Qwen3-8B,3,social-group,christian
R_2CpFYELqziauIwr,148177,4337,0,0.0,Qwen3-8B,1,moral,loyalty
R_2CpFYELqziauIwr,148198,4338,0,0.0,Qwen3-8B,1,social-group,christian
R_2CpFYELqziauIwr,148219,4339,0,0.0,Qwen3-8B,3,social-group,transgender
R_2CpFYELqziauIwr,148240,4340,0,0.0,Qwen3-8B,1,random,random
R_2CpFYELqziauIwr,148261,4341,0,0.0,Qwen3-8B,5,social-group,LGB
R_2CpFYELqziauIwr,148282,4342,0,0.0,Qwen3-8B,3,moral,authority
R_2CpFYELqziauIwr,148303,4343,0,0.0,Qwen3-8B,2,random,random
R_2CpFYELqziauIwr,148324,4344,0,0.0,Qwen3-8B,3,social-group,transgender
R_2CpFYELqziauIwr,148345,4345,0,0.0,Qwen3-8B,2,moral,authority
R_2CpFYELqziauIwr,148366,4346,0,0.0,Qwen3-8B,2,random,random
R_2CpFYELqziauIwr,148387,4347,0,0.0,Qwen3-8B,4,social-group,jewish
R_2CpFYELqziauIwr,148408,4348,0,0.0,Qwen3-8B,4,moral,purity
R_2CpFYELqziauIwr,148429,4349,0,0.0,Qwen3-8B,2,social-group,transgender
R_2bK9399qs8u5Jht,12444,199,0,0.0,Qwen3-8B,3,random,random
R_2bK9399qs8u5Jht,16230,254,2,1.0,Qwen3-8B,4,random,random
R_2bK9399qs8u5Jht,38011,609,2,1.0,Qwen3-8B,1,random,random
R_2bK9399qs8u5Jht,43471,699,3,1.0,Qwen3-8B,3,random,random
R_2bK9399qs8u5Jht,66472,1051,2,1.0,Qwen3-8B,3,random,random
R_2bK9399qs8u5Jht,69227,1098,4,1.0,Qwen3-8B,5,random,random
R_2bK9399qs8u5Jht,70266,1117,2,1.0,Qwen3-8B,2,random,random
R_2bK9399qs8u5Jht,89511,1840,2,1.0,Qwen3-8B,4,random,random
R_2bK9399qs8u5Jht,89511,1840,2,1.0,Qwen3-8B,4,moral,care
R_2bK9399qs8u5Jht,89511,1840,2,1.0,Qwen3-8B,4,random,random
R_2bK9399qs8u5Jht,89511,1840,2,1.0,Qwen3-8B,4,moral,care
R_2bK9399qs8u5Jht,147888,4323,4,1.0,Qwen3-8B,5,social-group,LGB
R_2bK9399qs8u5Jht,147909,4324,3,1.0,Qwen3-8B,3,social-group,transgender
R_2bK9399qs8u5Jht,147930,4325,4,1.0,Qwen3-8B,5,social-group,jewish
R_2bK9399qs8u5Jht,147951,4326,0,0.0,Qwen3-8B,2,social-group,transgender
R_2bK9399qs8u5Jht,147972,4327,0,0.0,Qwen3-8B,3,social-group,LGB
R_2bK9399qs8u5Jht,147993,4328,3,1.0,Qwen3-8B,4,social-group,jewish
R_2bK9399qs8u5Jht,148014,4329,3,1.0,Qwen3-8B,5,social-group,transgender
R_2bK9399qs8u5Jht,148035,4330,0,0.0,Qwen3-8B,2,random,random
R_2bK9399qs8u5Jht,148056,4331,3,1.0,Qwen3-8B,2,social-group,christian
R_2bK9399qs8u5Jht,148077,4332,0,0.0,Qwen3-8B,1,social-group,transgender
R_2bK9399qs8u5Jht,148098,4333,2,1.0,Qwen3-8B,3,social-group,transgender
R_2bK9399qs8u5Jht,148119,4334,4,1.0,Qwen3-8B,4,social-group,transgender
R_2bK9399qs8u5Jht,148140,4335,0,0.0,Qwen3-8B,1,social-group,transgender
R_2bK9399qs8u5Jht,148161,4336,3,1.0,Qwen3-8B,3,social-group,christian
R_2bK9399qs8u5Jht,148182,4337,0,0.0,Qwen3-8B,1,moral,loyalty
R_2bK9399qs8u5Jht,148203,4338,4,1.0,Qwen3-8B,1,social-group,christian
R_2bK9399qs8u5Jht,148224,4339,0,0.0,Qwen3-8B,3,social-group,transgender
R_2bK9399qs8u5Jht,148245,4340,0,0.0,Qwen3-8B,1,random,random
R_2bK9399qs8u5Jht,148266,4341,0,0.0,Qwen3-8B,5,social-group,LGB
R_2bK9399qs8u5Jht,148287,4342,0,0.0,Qwen3-8B,3,moral,authority
R_2bK9399qs8u5Jht,148308,4343,0,0.0,Qwen3-8B,2,random,random
R_2bK9399qs8u5Jht,148329,4344,1,0.0,Qwen3-8B,3,social-group,transgender
R_2bK9399qs8u5Jht,148350,4345,2,1.0,Qwen3-8B,2,moral,authority
R_2bK9399qs8u5Jht,148371,4346,1,0.0,Qwen3-8B,2,random,random
R_2bK9399qs8u5Jht,148392,4347,4,1.0,Qwen3-8B,4,social-group,jewish
R_2bK9399qs8u5Jht,148413,4348,2,1.0,Qwen3-8B,4,moral,purity
R_2bK9399qs8u5Jht,148434,4349,1,0.0,Qwen3-8B,2,social-group,transgender
R_1kUgVptsjObSFq9,12453,200,0,0.0,Qwen3-8B,2,random,random
R_1kUgVptsjObSFq9,17577,277,3,1.0,Qwen3-8B,2,random,random
R_1kUgVptsjObSFq9,23441,368,0,0.0,Qwen3-8B,3,random,random
R_1kUgVptsjObSFq9,61134,966,0,0.0,Qwen3-8B,3,random,random
R_1kUgVptsjObSFq9,71582,1143,0,0.0,Qwen3-8B,3,random,random
R_1kUgVptsjObSFq9,78495,1399,4,1.0,Qwen3-8B,3,social-group,LGB
R_1kUgVptsjObSFq9,78517,1400,4,1.0,Qwen3-8B,3,random,random
R_1kUgVptsjObSFq9,78539,1401,4,1.0,Qwen3-8B,4,social-group,jewish
R_1kUgVptsjObSFq9,78561,1402,4,1.0,Qwen3-8B,5,social-group,transgender
R_1kUgVptsjObSFq9,78583,1403,4,1.0,Qwen3-8B,5,social-group,jewish
R_1kUgVptsjObSFq9,78605,1404,4,1.0,Qwen3-8B,3,social-group,muslim
R_1kUgVptsjObSFq9,78635,1405,0,0.0,Qwen3-8B,3,moral,fairness
R_1kUgVptsjObSFq9,78635,1405,0,0.0,Qwen3-8B,3,random,random
R_1kUgVptsjObSFq9,78635,1405,0,0.0,Qwen3-8B,3,moral,fairness
R_1kUgVptsjObSFq9,78635,1405,0,0.0,Qwen3-8B,3,random,random
R_1kUgVptsjObSFq9,78719,1406,0,0.0,Qwen3-8B,3,random,random
R_1kUgVptsjObSFq9,78741,1407,4,1.0,Qwen3-8B,5,social-group,jewish
R_1kUgVptsjObSFq9,78763,1408,0,0.0,Qwen3-8B,2,random,random
R_1kUgVptsjObSFq9,78793,1409,0,0.0,Qwen3-8B,3,moral,fairness
R_1kUgVptsjObSFq9,78793,1409,0,0.0,Qwen3-8B,3,random,random
R_1kUgVptsjObSFq9,78793,1409,0,0.0,Qwen3-8B,3,moral,fairness
R_1kUgVptsjObSFq9,78793,1409,0,0.0,Qwen3-8B,3,random,random
R_1kUgVptsjObSFq9,78875,1410,4,1.0,Qwen3-8B,3,social-group,transgender
R_1kUgVptsjObSFq9,78897,1411,0,0.0,Qwen3-8B,2,random,random
R_1kUgVptsjObSFq9,78919,1412,4,1.0,Qwen3-8B,3,social-group,LGB
R_1kUgVptsjObSFq9,78941,1413,3,1.0,Qwen3-8B,3,social-group,transgender
R_1kUgVptsjObSFq9,78963,1414,0,0.0,Qwen3-8B,2,social-group,transgender
R_1kUgVptsjObSFq9,78985,1415,0,0.0,Qwen3-8B,1,moral,care
R_1kUgVptsjObSFq9,79007,1416,0,0.0,Qwen3-8B,3,moral,authority
R_1kUgVptsjObSFq9,79029,1417,3,1.0,Qwen3-8B,4,social-group,LGB
R_1kUgVptsjObSFq9,79051,1418,4,1.0,Qwen3-8B,5,random,random
R_1kUgVptsjObSFq9,79073,1419,4,1.0,Qwen3-8B,5,social-group,transgender
R_1kUgVptsjObSFq9,79095,1420,4,1.0,Qwen3-8B,3,social-group,LGB
R_1kUgVptsjObSFq9,79117,1421,4,1.0,Qwen3-8B,5,social-group,christian
R_1kUgVptsjObSFq9,79139,1422,3,1.0,Qwen3-8B,3,social-group,transgender
R_1kUgVptsjObSFq9,79161,1423,0,0.0,Qwen3-8B,1,random,random
R_1kUgVptsjObSFq9,79183,1424,4,1.0,Qwen3-8B,3,social-group,jewish
R_1kUgVptsjObSFq9,79205,1425,0,0.0,Qwen3-8B,1,moral,fairness
R_1kUgVptsjObSFq9,79227,1426,4,1.0,Qwen3-8B,4,social-group,jewish
R_1kUgVptsjObSFq9,79249,1427,4,1.0,Qwen3-8B,4,random,random
R_1kUgVptsjObSFq9,79271,1428,4,1.0,Qwen3-8B,2,social-group,LGB
R_3RaOhTKTOiGy9Kr,12463,200,2,1.0,Qwen3-8B,2,random,random
R_3RaOhTKTOiGy9Kr,17583,277,2,1.0,Qwen3-8B,2,random,random
R_3RaOhTKTOiGy9Kr,23449,368,0,0.0,Qwen3-8B,3,random,random
R_3RaOhTKTOiGy9Kr,61140,966,1,0.0,Qwen3-8B,3,random,random
R_3RaOhTKTOiGy9Kr,71587,1143,1,0.0,Qwen3-8B,3,random,random
R_3RaOhTKTOiGy9Kr,78497,1399,3,1.0,Qwen3-8B,3,social-group,LGB
R_3RaOhTKTOiGy9Kr,78519,1400,1,0.0,Qwen3-8B,3,random,random
R_3RaOhTKTOiGy9Kr,78541,1401,0,0.0,Qwen3-8B,4,social-group,jewish
R_3RaOhTKTOiGy9Kr,78563,1402,0,0.0,Qwen3-8B,5,social-group,transgender
R_3RaOhTKTOiGy9Kr,78585,1403,1,0.0,Qwen3-8B,5,social-group,jewish
R_3RaOhTKTOiGy9Kr,78607,1404,2,1.0,Qwen3-8B,3,social-group,muslim
R_3RaOhTKTOiGy9Kr,78643,1405,1,0.0,Qwen3-8B,3,moral,fairness
R_3RaOhTKTOiGy9Kr,78643,1405,1,0.0,Qwen3-8B,3,random,random
R_3RaOhTKTOiGy9Kr,78643,1405,1,0.0,Qwen3-8B,3,moral,fairness
R_3RaOhTKTOiGy9Kr,78643,1405,1,0.0,Qwen3-8B,3,random,random
R_3RaOhTKTOiGy9Kr,78721,1406,0,0.0,Qwen3-8B,3,random,random
R_3RaOhTKTOiGy9Kr,78743,1407,1,0.0,Qwen3-8B,5,social-group,jewish
R_3RaOhTKTOiGy9Kr,78765,1408,0,0.0,Qwen3-8B,2,random,random
R_3RaOhTKTOiGy9Kr,78797,1409,0,0.0,Qwen3-8B,3,moral,fairness
R_3RaOhTKTOiGy9Kr,78797,1409,0,0.0,Qwen3-8B,3,random,random
R_3RaOhTKTOiGy9Kr,78797,1409,0,0.0,Qwen3-8B,3,moral,fairness
R_3RaOhTKTOiGy9Kr,78797,1409,0,0.0,Qwen3-8B,3,random,random
R_3RaOhTKTOiGy9Kr,78877,1410,1,0.0,Qwen3-8B,3,social-group,transgender
R_3RaOhTKTOiGy9Kr,78899,1411,0,0.0,Qwen3-8B,2,random,random
R_3RaOhTKTOiGy9Kr,78921,1412,1,0.0,Qwen3-8B,3,social-group,LGB
R_3RaOhTKTOiGy9Kr,78943,1413,2,1.0,Qwen3-8B,3,social-group,transgender
R_3RaOhTKTOiGy9Kr,78965,1414,1,0.0,Qwen3-8B,2,social-group,transgender
R_3RaOhTKTOiGy9Kr,78987,1415,0,0.0,Qwen3-8B,1,moral,care
R_3RaOhTKTOiGy9Kr,79009,1416,0,0.0,Qwen3-8B,3,moral,authority
R_3RaOhTKTOiGy9Kr,79031,1417,1,0.0,Qwen3-8B,4,social-group,LGB
R_3RaOhTKTOiGy9Kr,79053,1418,0,0.0,Qwen3-8B,5,random,random
R_3RaOhTKTOiGy9Kr,79075,1419,1,0.0,Qwen3-8B,5,social-group,transgender
R_3RaOhTKTOiGy9Kr,79097,1420,1,0.0,Qwen3-8B,3,social-group,LGB
R_3RaOhTKTOiGy9Kr,79119,1421,1,0.0,Qwen3-8B,5,social-group,christian
R_3RaOhTKTOiGy9Kr,79141,1422,0,0.0,Qwen3-8B,3,social-group,transgender
R_3RaOhTKTOiGy9Kr,79163,1423,0,0.0,Qwen3-8B,1,random,random
R_3RaOhTKTOiGy9Kr,79185,1424,1,0.0,Qwen3-8B,3,social-group,jewish
R_3RaOhTKTOiGy9Kr,79207,1425,0,0.0,Qwen3-8B,1,moral,fairness
R_3RaOhTKTOiGy9Kr,79229,1426,2,1.0,Qwen3-8B,4,social-group,jewish
R_3RaOhTKTOiGy9Kr,79251,1427,2,1.0,Qwen3-8B,4,random,random
R_3RaOhTKTOiGy9Kr,79273,1428,1,0.0,Qwen3-8B,2,social-group,LGB
R_2EgbkN0lxHsIWx9,12464,200,2,1.0,Qwen3-8B,2,random,random
R_2EgbkN0lxHsIWx9,17584,277,1,0.0,Qwen3-8B,2,random,random
R_2EgbkN0lxHsIWx9,23450,368,0,0.0,Qwen3-8B,3,random,random
R_2EgbkN0lxHsIWx9,61141,966,0,0.0,Qwen3-8B,3,random,random
R_2EgbkN0lxHsIWx9,71588,1143,0,0.0,Qwen3-8B,3,random,random
R_2EgbkN0lxHsIWx9,78498,1399,1,0.0,Qwen3-8B,3,social-group,LGB
R_2EgbkN0lxHsIWx9,78520,1400,-1,,Qwen3-8B,3,random,random
R_2EgbkN0lxHsIWx9,78542,1401,0,0.0,Qwen3-8B,4,social-group,jewish
R_2EgbkN0lxHsIWx9,78564,1402,0,0.0,Qwen3-8B,5,social-group,transgender
R_2EgbkN0lxHsIWx9,78586,1403,0,0.0,Qwen3-8B,5,social-group,jewish
R_2EgbkN0lxHsIWx9,78608,1404,0,0.0,Qwen3-8B,3,social-group,muslim
R_2EgbkN0lxHsIWx9,78647,1405,0,0.0,Qwen3-8B,3,moral,fairness
R_2EgbkN0lxHsIWx9,78647,1405,0,0.0,Qwen3-8B,3,random,random
R_2EgbkN0lxHsIWx9,78647,1405,0,0.0,Qwen3-8B,3,moral,fairness
R_2EgbkN0lxHsIWx9,78647,1405,0,0.0,Qwen3-8B,3,random,random
R_2EgbkN0lxHsIWx9,78722,1406,0,0.0,Qwen3-8B,3,random,random
R_2EgbkN0lxHsIWx9,78744,1407,0,0.0,Qwen3-8B,5,social-group,jewish
R_2EgbkN0lxHsIWx9,78766,1408,0,0.0,Qwen3-8B,2,random,random
R_2EgbkN0lxHsIWx9,78803,1409,0,0.0,Qwen3-8B,3,moral,fairness
R_2EgbkN0lxHsIWx9,78803,1409,0,0.0,Qwen3-8B,3,random,random
R_2EgbkN0lxHsIWx9,78803,1409,0,0.0,Qwen3-8B,3,moral,fairness
R_2EgbkN0lxHsIWx9,78803,1409,0,0.0,Qwen3-8B,3,random,random
R_2EgbkN0lxHsIWx9,78878,1410,0,0.0,Qwen3-8B,3,social-group,transgender
R_2EgbkN0lxHsIWx9,78900,1411,0,0.0,Qwen3-8B,2,random,random
R_2EgbkN0lxHsIWx9,78922,1412,0,0.0,Qwen3-8B,3,social-group,LGB
R_2EgbkN0lxHsIWx9,78944,1413,0,0.0,Qwen3-8B,3,social-group,transgender
R_2EgbkN0lxHsIWx9,78966,1414,1,0.0,Qwen3-8B,2,social-group,transgender
R_2EgbkN0lxHsIWx9,78988,1415,0,0.0,Qwen3-8B,1,moral,care
R_2EgbkN0lxHsIWx9,79010,1416,0,0.0,Qwen3-8B,3,moral,authority
R_2EgbkN0lxHsIWx9,79032,1417,0,0.0,Qwen3-8B,4,social-group,LGB
R_2EgbkN0lxHsIWx9,79054,1418,0,0.0,Qwen3-8B,5,random,random
R_2EgbkN0lxHsIWx9,79076,1419,0,0.0,Qwen3-8B,5,social-group,transgender
R_2EgbkN0lxHsIWx9,79098,1420,0,0.0,Qwen3-8B,3,social-group,LGB
R_2EgbkN0lxHsIWx9,79120,1421,-1,,Qwen3-8B,5,social-group,christian
R_2EgbkN0lxHsIWx9,79142,1422,0,0.0,Qwen3-8B,3,social-group,transgender
R_2EgbkN0lxHsIWx9,79164,1423,0,0.0,Qwen3-8B,1,random,random
R_2EgbkN0lxHsIWx9,79186,1424,0,0.0,Qwen3-8B,3,social-group,jewish
R_2EgbkN0lxHsIWx9,79208,1425,0,0.0,Qwen3-8B,1,moral,fairness
R_2EgbkN0lxHsIWx9,79230,1426,1,0.0,Qwen3-8B,4,social-group,jewish
R_2EgbkN0lxHsIWx9,79252,1427,0,0.0,Qwen3-8B,4,random,random
R_2EgbkN0lxHsIWx9,79274,1428,0,0.0,Qwen3-8B,2,social-group,LGB
R_2UXkBMpJyvawo2A,12494,200,0,0.0,Qwen3-8B,2,random,random
R_2UXkBMpJyvawo2A,17615,277,0,0.0,Qwen3-8B,2,random,random
R_2UXkBMpJyvawo2A,23477,368,0,0.0,Qwen3-8B,3,random,random
R_2UXkBMpJyvawo2A,61166,966,0,0.0,Qwen3-8B,3,random,random
R_2UXkBMpJyvawo2A,71611,1143,0,0.0,Qwen3-8B,3,random,random
R_2UXkBMpJyvawo2A,78507,1399,0,0.0,Qwen3-8B,3,social-group,LGB
R_2UXkBMpJyvawo2A,78529,1400,0,0.0,Qwen3-8B,3,random,random
R_2UXkBMpJyvawo2A,78551,1401,0,0.0,Qwen3-8B,4,social-group,jewish
R_2UXkBMpJyvawo2A,78573,1402,0,0.0,Qwen3-8B,5,social-group,transgender
R_2UXkBMpJyvawo2A,78595,1403,0,0.0,Qwen3-8B,5,social-group,jewish
R_2UXkBMpJyvawo2A,78617,1404,0,0.0,Qwen3-8B,3,social-group,muslim
R_2UXkBMpJyvawo2A,78687,1405,0,0.0,Qwen3-8B,3,moral,fairness
R_2UXkBMpJyvawo2A,78687,1405,0,0.0,Qwen3-8B,3,random,random
R_2UXkBMpJyvawo2A,78687,1405,0,0.0,Qwen3-8B,3,moral,fairness
R_2UXkBMpJyvawo2A,78687,1405,0,0.0,Qwen3-8B,3,random,random
R_2UXkBMpJyvawo2A,78731,1406,0,0.0,Qwen3-8B,3,random,random
R_2UXkBMpJyvawo2A,78753,1407,0,0.0,Qwen3-8B,5,social-group,jewish
R_2UXkBMpJyvawo2A,78775,1408,0,0.0,Qwen3-8B,2,random,random
R_2UXkBMpJyvawo2A,78845,1409,0,0.0,Qwen3-8B,3,moral,fairness
R_2UXkBMpJyvawo2A,78845,1409,0,0.0,Qwen3-8B,3,random,random
R_2UXkBMpJyvawo2A,78845,1409,0,0.0,Qwen3-8B,3,moral,fairness
R_2UXkBMpJyvawo2A,78845,1409,0,0.0,Qwen3-8B,3,random,random
R_2UXkBMpJyvawo2A,78887,1410,0,0.0,Qwen3-8B,3,social-group,transgender
R_2UXkBMpJyvawo2A,78909,1411,0,0.0,Qwen3-8B,2,random,random
R_2UXkBMpJyvawo2A,78931,1412,0,0.0,Qwen3-8B,3,social-group,LGB
R_2UXkBMpJyvawo2A,78953,1413,0,0.0,Qwen3-8B,3,social-group,transgender
R_2UXkBMpJyvawo2A,78975,1414,0,0.0,Qwen3-8B,2,social-group,transgender
R_2UXkBMpJyvawo2A,78997,1415,0,0.0,Qwen3-8B,1,moral,care
R_2UXkBMpJyvawo2A,79019,1416,0,0.0,Qwen3-8B,3,moral,authority
R_2UXkBMpJyvawo2A,79041,1417,0,0.0,Qwen3-8B,4,social-group,LGB
R_2UXkBMpJyvawo2A,79063,1418,0,0.0,Qwen3-8B,5,random,random
R_2UXkBMpJyvawo2A,79085,1419,0,0.0,Qwen3-8B,5,social-group,transgender
R_2UXkBMpJyvawo2A,79107,1420,0,0.0,Qwen3-8B,3,social-group,LGB
R_2UXkBMpJyvawo2A,79129,1421,0,0.0,Qwen3-8B,5,social-group,christian
R_2UXkBMpJyvawo2A,79151,1422,0,0.0,Qwen3-8B,3,social-group,transgender
R_2UXkBMpJyvawo2A,79173,1423,0,0.0,Qwen3-8B,1,random,random
R_2UXkBMpJyvawo2A,79195,1424,0,0.0,Qwen3-8B,3,social-group,jewish
R_2UXkBMpJyvawo2A,79217,1425,0,0.0,Qwen3-8B,1,moral,fairness
R_2UXkBMpJyvawo2A,79239,1426,0,0.0,Qwen3-8B,4,social-group,jewish
R_2UXkBMpJyvawo2A,79261,1427,0,0.0,Qwen3-8B,4,random,random
R_2UXkBMpJyvawo2A,79283,1428,0,0.0,Qwen3-8B,2,social-group,LGB
R_W3v1QGYMZsrmUAF,12506,200,4,1.0,Qwen3-8B,2,random,random
R_W3v1QGYMZsrmUAF,17623,277,0,0.0,Qwen3-8B,2,random,random
R_W3v1QGYMZsrmUAF,23483,368,0,0.0,Qwen3-8B,3,random,random
R_W3v1QGYMZsrmUAF,61173,966,0,0.0,Qwen3-8B,3,random,random
R_W3v1QGYMZsrmUAF,71617,1143,2,1.0,Qwen3-8B,3,random,random
R_W3v1QGYMZsrmUAF,78510,1399,0,0.0,Qwen3-8B,3,social-group,LGB
R_W3v1QGYMZsrmUAF,78532,1400,2,1.0,Qwen3-8B,3,random,random
R_W3v1QGYMZsrmUAF,78554,1401,2,1.0,Qwen3-8B,4,social-group,jewish
R_W3v1QGYMZsrmUAF,78576,1402,4,1.0,Qwen3-8B,5,social-group,transgender
R_W3v1QGYMZsrmUAF,78598,1403,4,1.0,Qwen3-8B,5,social-group,jewish
R_W3v1QGYMZsrmUAF,78620,1404,0,0.0,Qwen3-8B,3,social-group,muslim
R_W3v1QGYMZsrmUAF,78701,1405,4,1.0,Qwen3-8B,3,moral,fairness
R_W3v1QGYMZsrmUAF,78701,1405,4,1.0,Qwen3-8B,3,random,random
R_W3v1QGYMZsrmUAF,78701,1405,4,1.0,Qwen3-8B,3,moral,fairness
R_W3v1QGYMZsrmUAF,78701,1405,4,1.0,Qwen3-8B,3,random,random
R_W3v1QGYMZsrmUAF,78734,1406,2,1.0,Qwen3-8B,3,random,random
R_W3v1QGYMZsrmUAF,78756,1407,0,0.0,Qwen3-8B,5,social-group,jewish
R_W3v1QGYMZsrmUAF,78778,1408,0,0.0,Qwen3-8B,2,random,random
R_W3v1QGYMZsrmUAF,78853,1409,0,0.0,Qwen3-8B,3,moral,fairness
R_W3v1QGYMZsrmUAF,78853,1409,0,0.0,Qwen3-8B,3,random,random
R_W3v1QGYMZsrmUAF,78853,1409,0,0.0,Qwen3-8B,3,moral,fairness
R_W3v1QGYMZsrmUAF,78853,1409,0,0.0,Qwen3-8B,3,random,random
R_W3v1QGYMZsrmUAF,78890,1410,3,1.0,Qwen3-8B,3,social-group,transgender
R_W3v1QGYMZsrmUAF,78912,1411,0,0.0,Qwen3-8B,2,random,random
R_W3v1QGYMZsrmUAF,78934,1412,0,0.0,Qwen3-8B,3,social-group,LGB
R_W3v1QGYMZsrmUAF,78956,1413,4,1.0,Qwen3-8B,3,social-group,transgender
R_W3v1QGYMZsrmUAF,78978,1414,0,0.0,Qwen3-8B,2,social-group,transgender
R_W3v1QGYMZsrmUAF,79000,1415,0,0.0,Qwen3-8B,1,moral,care
R_W3v1QGYMZsrmUAF,79022,1416,0,0.0,Qwen3-8B,3,moral,authority
R_W3v1QGYMZsrmUAF,79044,1417,3,1.0,Qwen3-8B,4,social-group,LGB
R_W3v1QGYMZsrmUAF,79066,1418,4,1.0,Qwen3-8B,5,random,random
R_W3v1QGYMZsrmUAF,79088,1419,0,0.0,Qwen3-8B,5,social-group,transgender
R_W3v1QGYMZsrmUAF,79110,1420,4,1.0,Qwen3-8B,3,social-group,LGB
R_W3v1QGYMZsrmUAF,79132,1421,4,1.0,Qwen3-8B,5,social-group,christian
R_W3v1QGYMZsrmUAF,79154,1422,0,0.0,Qwen3-8B,3,social-group,transgender
R_W3v1QGYMZsrmUAF,79176,1423,4,1.0,Qwen3-8B,1,random,random
R_W3v1QGYMZsrmUAF,79198,1424,3,1.0,Qwen3-8B,3,social-group,jewish
R_W3v1QGYMZsrmUAF,79220,1425,0,0.0,Qwen3-8B,1,moral,fairness
R_W3v1QGYMZsrmUAF,79242,1426,0,0.0,Qwen3-8B,4,social-group,jewish
R_W3v1QGYMZsrmUAF,79264,1427,2,1.0,Qwen3-8B,4,random,random
R_W3v1QGYMZsrmUAF,79286,1428,0,0.0,Qwen3-8B,2,social-group,LGB
R_D16mc67RYMHRYJz,12522,201,2,1.0,Qwen3-8B,3,random,random
R_D16mc67RYMHRYJz,20116,316,3,1.0,Qwen3-8B,3,random,random
R_D16mc67RYMHRYJz,25447,402,0,0.0,Qwen3-8B,1,random,random
R_D16mc67RYMHRYJz,45242,725,0,0.0,Qwen3-8B,2,random,random
R_D16mc67RYMHRYJz,48185,768,2,1.0,Qwen3-8B,1,random,random
R_D16mc67RYMHRYJz,48185,768,2,1.0,Qwen3-8B,1,moral,loyalty
R_D16mc67RYMHRYJz,48185,768,2,1.0,Qwen3-8B,1,random,random
R_D16mc67RYMHRYJz,48185,768,2,1.0,Qwen3-8B,1,moral,loyalty
R_D16mc67RYMHRYJz,49172,781,0,0.0,Qwen3-8B,2,random,random
R_D16mc67RYMHRYJz,57121,900,4,1.0,Qwen3-8B,3,random,random
R_D16mc67RYMHRYJz,62288,987,0,0.0,Qwen3-8B,1,random,random
R_D16mc67RYMHRYJz,80559,1482,0,0.0,Qwen3-8B,2,random,random
R_D16mc67RYMHRYJz,80582,1483,2,1.0,Qwen3-8B,1,random,random
R_D16mc67RYMHRYJz,80605,1484,4,1.0,Qwen3-8B,3,social-group,LGB
R_D16mc67RYMHRYJz,80628,1485,4,1.0,Qwen3-8B,3,random,random
R_D16mc67RYMHRYJz,80651,1486,3,1.0,Qwen3-8B,3,random,random
R_D16mc67RYMHRYJz,80674,1487,4,1.0,Qwen3-8B,5,social-group,jewish
R_D16mc67RYMHRYJz,80697,1488,4,1.0,Qwen3-8B,1,social-group,transgender
R_D16mc67RYMHRYJz,80720,1489,4,1.0,Qwen3-8B,2,social-group,LGB
R_D16mc67RYMHRYJz,80743,1490,0,0.0,Qwen3-8B,2,social-group,transgender
R_D16mc67RYMHRYJz,80766,1491,0,0.0,Qwen3-8B,1,moral,purity
R_D16mc67RYMHRYJz,80789,1492,4,1.0,Qwen3-8B,3,social-group,muslim
R_D16mc67RYMHRYJz,80812,1493,4,1.0,Qwen3-8B,3,social-group,christian
R_D16mc67RYMHRYJz,80835,1494,4,1.0,Qwen3-8B,5,social-group,jewish
R_D16mc67RYMHRYJz,80858,1495,4,1.0,Qwen3-8B,3,social-group,transgender
R_D16mc67RYMHRYJz,80881,1496,4,1.0,Qwen3-8B,5,social-group,jewish
R_D16mc67RYMHRYJz,80904,1497,4,1.0,Qwen3-8B,1,moral,loyalty
R_D16mc67RYMHRYJz,80927,1498,4,1.0,Qwen3-8B,5,social-group,jewish
R_D16mc67RYMHRYJz,80950,1499,0,0.0,Qwen3-8B,4,social-group,muslim
R_D16mc67RYMHRYJz,80973,1500,4,1.0,Qwen3-8B,5,social-group,muslim
R_D16mc67RYMHRYJz,80996,1501,0,0.0,Qwen3-8B,1,random,random
R_D16mc67RYMHRYJz,81019,1502,4,1.0,Qwen3-8B,3,social-group,LGB
R_D16mc67RYMHRYJz,81042,1503,4,1.0,Qwen3-8B,5,social-group,christian
R_D16mc67RYMHRYJz,81065,1504,4,1.0,Qwen3-8B,4,random,random
R_D16mc67RYMHRYJz,81088,1505,2,1.0,Qwen3-8B,2,social-group,muslim
R_D16mc67RYMHRYJz,81111,1506,-1,,Qwen3-8B,3,social-group,christian
R_D16mc67RYMHRYJz,81134,1507,4,1.0,Qwen3-8B,1,social-group,christian
R_D16mc67RYMHRYJz,81157,1508,1,0.0,Qwen3-8B,1,moral,authority
R_2ClDGWZiquWjfHI,12800,205,4,1.0,Qwen3-8B,5,random,random
R_2ClDGWZiquWjfHI,16358,257,4,1.0,Qwen3-8B,4,random,random
R_2ClDGWZiquWjfHI,25507,403,4,1.0,Qwen3-8B,2,random,random
R_2ClDGWZiquWjfHI,40343,649,4,1.0,Qwen3-8B,4,random,random
R_2ClDGWZiquWjfHI,64092,1015,4,1.0,Qwen3-8B,3,random,random
R_2ClDGWZiquWjfHI,68451,1085,0,0.0,Qwen3-8B,1,random,random
R_2ClDGWZiquWjfHI,85234,1676,0,0.0,Qwen3-8B,2,moral,authority
R_2ClDGWZiquWjfHI,85234,1676,0,0.0,Qwen3-8B,2,moral,loyalty
R_2ClDGWZiquWjfHI,85234,1676,0,0.0,Qwen3-8B,2,moral,authority
R_2ClDGWZiquWjfHI,85234,1676,0,0.0,Qwen3-8B,2,moral,loyalty
R_2ClDGWZiquWjfHI,127364,3439,0,0.0,Qwen3-8B,1,moral,authority
R_2ClDGWZiquWjfHI,127364,3439,0,0.0,Qwen3-8B,1,random,random
R_2ClDGWZiquWjfHI,127364,3439,0,0.0,Qwen3-8B,1,moral,authority
R_2ClDGWZiquWjfHI,127364,3439,0,0.0,Qwen3-8B,1,random,random
R_2ClDGWZiquWjfHI,145560,4222,4,1.0,Qwen3-8B,4,random,random
R_2ClDGWZiquWjfHI,145584,4223,4,1.0,Qwen3-8B,3,social-group,muslim
R_2ClDGWZiquWjfHI,145608,4224,4,1.0,Qwen3-8B,3,social-group,LGB
R_2ClDGWZiquWjfHI,145632,4225,4,1.0,Qwen3-8B,3,social-group,transgender
R_2ClDGWZiquWjfHI,145656,4226,4,1.0,Qwen3-8B,2,moral,loyalty
R_2ClDGWZiquWjfHI,145680,4227,3,1.0,Qwen3-8B,2,random,random
R_2ClDGWZiquWjfHI,145704,4228,4,1.0,Qwen3-8B,3,social-group,LGB
R_2ClDGWZiquWjfHI,145728,4229,4,1.0,Qwen3-8B,2,social-group,christian
R_2ClDGWZiquWjfHI,145752,4230,4,1.0,Qwen3-8B,4,social-group,christian
R_2ClDGWZiquWjfHI,145776,4231,0,0.0,Qwen3-8B,1,moral,care
R_2ClDGWZiquWjfHI,145800,4232,4,1.0,Qwen3-8B,3,social-group,muslim
R_2ClDGWZiquWjfHI,145824,4233,0,0.0,Qwen3-8B,2,random,random
R_2ClDGWZiquWjfHI,145848,4234,4,1.0,Qwen3-8B,3,social-group,transgender
R_2ClDGWZiquWjfHI,145872,4235,4,1.0,Qwen3-8B,3,random,random
R_2ClDGWZiquWjfHI,145896,4236,4,1.0,Qwen3-8B,1,social-group,muslim
R_2ClDGWZiquWjfHI,145920,4237,0,0.0,Qwen3-8B,4,random,random
R_2ClDGWZiquWjfHI,145944,4238,0,0.0,Qwen3-8B,1,moral,fairness
R_2ClDGWZiquWjfHI,145968,4239,4,1.0,Qwen3-8B,3,social-group,transgender
R_2ClDGWZiquWjfHI,145992,4240,4,1.0,Qwen3-8B,3,random,random
R_2ClDGWZiquWjfHI,146016,4241,4,1.0,Qwen3-8B,2,social-group,transgender
R_2ClDGWZiquWjfHI,146040,4242,0,0.0,Qwen3-8B,4,social-group,christian
R_2ClDGWZiquWjfHI,146064,4243,4,1.0,Qwen3-8B,3,social-group,christian
R_2ClDGWZiquWjfHI,146088,4244,4,1.0,Qwen3-8B,3,social-group,muslim
R_2ClDGWZiquWjfHI,146112,4245,-1,,Qwen3-8B,1,moral,purity
R_2ClDGWZiquWjfHI,146136,4246,4,1.0,Qwen3-8B,4,random,random
R_2ClDGWZiquWjfHI,146160,4247,4,1.0,Qwen3-8B,1,social-group,christian
R_2ClDGWZiquWjfHI,146184,4248,4,1.0,Qwen3-8B,1,social-group,LGB
R_2YM9SStzl1cVcdA,12813,205,2,1.0,Qwen3-8B,5,random,random
R_2YM9SStzl1cVcdA,16367,257,1,0.0,Qwen3-8B,4,random,random
R_2YM9SStzl1cVcdA,25515,403,1,0.0,Qwen3-8B,2,random,random
R_2YM9SStzl1cVcdA,40351,649,1,0.0,Qwen3-8B,4,random,random
R_2YM9SStzl1cVcdA,64101,1015,1,0.0,Qwen3-8B,3,random,random
R_2YM9SStzl1cVcdA,68459,1085,0,0.0,Qwen3-8B,1,random,random
R_2YM9SStzl1cVcdA,85252,1676,0,0.0,Qwen3-8B,2,moral,authority
R_2YM9SStzl1cVcdA,85252,1676,0,0.0,Qwen3-8B,2,moral,loyalty
R_2YM9SStzl1cVcdA,85252,1676,0,0.0,Qwen3-8B,2,moral,authority
R_2YM9SStzl1cVcdA,85252,1676,0,0.0,Qwen3-8B,2,moral,loyalty
R_2YM9SStzl1cVcdA,127382,3439,0,0.0,Qwen3-8B,1,moral,authority
R_2YM9SStzl1cVcdA,127382,3439,0,0.0,Qwen3-8B,1,random,random
R_2YM9SStzl1cVcdA,127382,3439,0,0.0,Qwen3-8B,1,moral,authority
R_2YM9SStzl1cVcdA,127382,3439,0,0.0,Qwen3-8B,1,random,random
R_2YM9SStzl1cVcdA,145565,4222,2,1.0,Qwen3-8B,4,random,random
R_2YM9SStzl1cVcdA,145589,4223,4,1.0,Qwen3-8B,3,social-group,muslim
R_2YM9SStzl1cVcdA,145613,4224,0,0.0,Qwen3-8B,3,social-group,LGB
R_2YM9SStzl1cVcdA,145637,4225,3,1.0,Qwen3-8B,3,social-group,transgender
R_2YM9SStzl1cVcdA,145661,4226,0,0.0,Qwen3-8B,2,moral,loyalty
R_2YM9SStzl1cVcdA,145685,4227,0,0.0,Qwen3-8B,2,random,random
R_2YM9SStzl1cVcdA,145709,4228,1,0.0,Qwen3-8B,3,social-group,LGB
R_2YM9SStzl1cVcdA,145733,4229,0,0.0,Qwen3-8B,2,social-group,christian
R_2YM9SStzl1cVcdA,145757,4230,2,1.0,Qwen3-8B,4,social-group,christian
R_2YM9SStzl1cVcdA,145781,4231,3,1.0,Qwen3-8B,1,moral,care
R_2YM9SStzl1cVcdA,145805,4232,1,0.0,Qwen3-8B,3,social-group,muslim
R_2YM9SStzl1cVcdA,145829,4233,0,0.0,Qwen3-8B,2,random,random
R_2YM9SStzl1cVcdA,145853,4234,4,1.0,Qwen3-8B,3,social-group,transgender
R_2YM9SStzl1cVcdA,145877,4235,0,0.0,Qwen3-8B,3,random,random
R_2YM9SStzl1cVcdA,145901,4236,0,0.0,Qwen3-8B,1,social-group,muslim
R_2YM9SStzl1cVcdA,145925,4237,3,1.0,Qwen3-8B,4,random,random
R_2YM9SStzl1cVcdA,145949,4238,0,0.0,Qwen3-8B,1,moral,fairness
R_2YM9SStzl1cVcdA,145973,4239,4,1.0,Qwen3-8B,3,social-group,transgender
R_2YM9SStzl1cVcdA,145997,4240,0,0.0,Qwen3-8B,3,random,random
R_2YM9SStzl1cVcdA,146021,4241,0,0.0,Qwen3-8B,2,social-group,transgender
R_2YM9SStzl1cVcdA,146045,4242,1,0.0,Qwen3-8B,4,social-group,christian
R_2YM9SStzl1cVcdA,146069,4243,0,0.0,Qwen3-8B,3,social-group,christian
R_2YM9SStzl1cVcdA,146093,4244,0,0.0,Qwen3-8B,3,social-group,muslim
R_2YM9SStzl1cVcdA,146117,4245,0,0.0,Qwen3-8B,1,moral,purity
R_2YM9SStzl1cVcdA,146141,4246,0,0.0,Qwen3-8B,4,random,random
R_2YM9SStzl1cVcdA,146165,4247,0,0.0,Qwen3-8B,1,social-group,christian
R_2YM9SStzl1cVcdA,146189,4248,0,0.0,Qwen3-8B,1,social-group,LGB
R_3F2xc0ypEWWFQOP,12844,205,0,0.0,Qwen3-8B,5,random,random
R_3F2xc0ypEWWFQOP,16399,257,0,0.0,Qwen3-8B,4,random,random
R_3F2xc0ypEWWFQOP,25543,403,0,0.0,Qwen3-8B,2,random,random
R_3F2xc0ypEWWFQOP,40380,649,0,0.0,Qwen3-8B,4,random,random
R_3F2xc0ypEWWFQOP,64132,1015,0,0.0,Qwen3-8B,3,random,random
R_3F2xc0ypEWWFQOP,68489,1085,0,0.0,Qwen3-8B,1,random,random
R_3F2xc0ypEWWFQOP,85292,1676,0,0.0,Qwen3-8B,2,moral,authority
R_3F2xc0ypEWWFQOP,85292,1676,0,0.0,Qwen3-8B,2,moral,loyalty
R_3F2xc0ypEWWFQOP,85292,1676,0,0.0,Qwen3-8B,2,moral,authority
R_3F2xc0ypEWWFQOP,85292,1676,0,0.0,Qwen3-8B,2,moral,loyalty
R_3F2xc0ypEWWFQOP,127422,3439,0,0.0,Qwen3-8B,1,moral,authority
R_3F2xc0ypEWWFQOP,127422,3439,0,0.0,Qwen3-8B,1,random,random
R_3F2xc0ypEWWFQOP,127422,3439,0,0.0,Qwen3-8B,1,moral,authority
R_3F2xc0ypEWWFQOP,127422,3439,0,0.0,Qwen3-8B,1,random,random
R_3F2xc0ypEWWFQOP,145575,4222,0,0.0,Qwen3-8B,4,random,random
R_3F2xc0ypEWWFQOP,145599,4223,0,0.0,Qwen3-8B,3,social-group,muslim
R_3F2xc0ypEWWFQOP,145623,4224,0,0.0,Qwen3-8B,3,social-group,LGB
R_3F2xc0ypEWWFQOP,145647,4225,0,0.0,Qwen3-8B,3,social-group,transgender
R_3F2xc0ypEWWFQOP,145671,4226,0,0.0,Qwen3-8B,2,moral,loyalty
R_3F2xc0ypEWWFQOP,145695,4227,0,0.0,Qwen3-8B,2,random,random
R_3F2xc0ypEWWFQOP,145719,4228,0,0.0,Qwen3-8B,3,social-group,LGB
R_3F2xc0ypEWWFQOP,145743,4229,0,0.0,Qwen3-8B,2,social-group,christian
R_3F2xc0ypEWWFQOP,145767,4230,0,0.0,Qwen3-8B,4,social-group,christian
R_3F2xc0ypEWWFQOP,145791,4231,0,0.0,Qwen3-8B,1,moral,care
R_3F2xc0ypEWWFQOP,145815,4232,0,0.0,Qwen3-8B,3,social-group,muslim
R_3F2xc0ypEWWFQOP,145839,4233,0,0.0,Qwen3-8B,2,random,random
R_3F2xc0ypEWWFQOP,145863,4234,0,0.0,Qwen3-8B,3,social-group,transgender
R_3F2xc0ypEWWFQOP,145887,4235,0,0.0,Qwen3-8B,3,random,random
R_3F2xc0ypEWWFQOP,145911,4236,0,0.0,Qwen3-8B,1,social-group,muslim
R_3F2xc0ypEWWFQOP,145935,4237,0,0.0,Qwen3-8B,4,random,random
R_3F2xc0ypEWWFQOP,145959,4238,0,0.0,Qwen3-8B,1,moral,fairness
R_3F2xc0ypEWWFQOP,145983,4239,0,0.0,Qwen3-8B,3,social-group,transgender
R_3F2xc0ypEWWFQOP,146007,4240,0,0.0,Qwen3-8B,3,random,random
R_3F2xc0ypEWWFQOP,146031,4241,0,0.0,Qwen3-8B,2,social-group,transgender
R_3F2xc0ypEWWFQOP,146055,4242,0,0.0,Qwen3-8B,4,social-group,christian
R_3F2xc0ypEWWFQOP,146079,4243,0,0.0,Qwen3-8B,3,social-group,christian
R_3F2xc0ypEWWFQOP,146103,4244,0,0.0,Qwen3-8B,3,social-group,muslim
R_3F2xc0ypEWWFQOP,146127,4245,0,0.0,Qwen3-8B,1,moral,purity
R_3F2xc0ypEWWFQOP,146151,4246,0,0.0,Qwen3-8B,4,random,random
R_3F2xc0ypEWWFQOP,146175,4247,0,0.0,Qwen3-8B,1,social-group,christian
R_3F2xc0ypEWWFQOP,146199,4248,0,0.0,Qwen3-8B,1,social-group,LGB
R_tYdOAMmclaaEhIB,13497,215,3,1.0,Qwen3-8B,2,random,random
R_tYdOAMmclaaEhIB,13562,216,4,1.0,Qwen3-8B,2,random,random
R_tYdOAMmclaaEhIB,13629,217,3,1.0,Qwen3-8B,2,random,random
R_tYdOAMmclaaEhIB,13695,218,3,1.0,Qwen3-8B,3,random,random
R_tYdOAMmclaaEhIB,13760,219,0,0.0,Qwen3-8B,1,random,random
R_tYdOAMmclaaEhIB,13825,220,2,1.0,Qwen3-8B,3,random,random
R_tYdOAMmclaaEhIB,13890,221,0,0.0,Qwen3-8B,1,random,random
R_tYdOAMmclaaEhIB,13957,222,4,1.0,Qwen3-8B,5,random,random
R_tYdOAMmclaaEhIB,14022,223,3,1.0,Qwen3-8B,3,random,random
R_tYdOAMmclaaEhIB,14089,224,2,1.0,Qwen3-8B,5,random,random
R_tYdOAMmclaaEhIB,14153,225,4,1.0,Qwen3-8B,2,random,random
R_tYdOAMmclaaEhIB,14220,226,0,0.0,Qwen3-8B,1,random,random
R_tYdOAMmclaaEhIB,14287,227,1,0.0,Qwen3-8B,1,random,random
R_tYdOAMmclaaEhIB,14354,228,0,0.0,Qwen3-8B,2,random,random
R_tYdOAMmclaaEhIB,14421,229,1,0.0,Qwen3-8B,3,random,random
R_tYdOAMmclaaEhIB,14487,230,0,0.0,Qwen3-8B,1,random,random
R_tYdOAMmclaaEhIB,14553,231,4,1.0,Qwen3-8B,2,random,random
R_tYdOAMmclaaEhIB,14620,232,-1,,Qwen3-8B,2,random,random
R_tYdOAMmclaaEhIB,14687,233,1,0.0,Qwen3-8B,1,random,random
R_tYdOAMmclaaEhIB,14754,234,3,1.0,Qwen3-8B,3,random,random
R_tYdOAMmclaaEhIB,14821,235,1,0.0,Qwen3-8B,3,random,random
R_tYdOAMmclaaEhIB,14821,235,1,0.0,Qwen3-8B,3,moral,loyalty
R_tYdOAMmclaaEhIB,14821,235,1,0.0,Qwen3-8B,3,random,random
R_tYdOAMmclaaEhIB,14821,235,1,0.0,Qwen3-8B,3,moral,loyalty
R_tYdOAMmclaaEhIB,14997,236,0,0.0,Qwen3-8B,2,random,random
R_tYdOAMmclaaEhIB,15063,237,0,0.0,Qwen3-8B,3,random,random
R_tYdOAMmclaaEhIB,15130,238,1,0.0,Qwen3-8B,3,random,random
R_tYdOAMmclaaEhIB,15196,239,2,1.0,Qwen3-8B,3,random,random
R_tYdOAMmclaaEhIB,15263,240,2,1.0,Qwen3-8B,3,random,random
R_tYdOAMmclaaEhIB,15331,241,0,0.0,Qwen3-8B,2,random,random
R_tYdOAMmclaaEhIB,15396,242,1,0.0,Qwen3-8B,4,random,random
R_tYdOAMmclaaEhIB,15464,243,4,1.0,Qwen3-8B,5,random,random
R_tYdOAMmclaaEhIB,15530,244,4,1.0,Qwen3-8B,2,random,random
R_tYdOAMmclaaEhIB,15598,245,4,1.0,Qwen3-8B,1,random,random
R_tYdOAMmclaaEhIB,15663,246,2,1.0,Qwen3-8B,1,random,random
R_tYdOAMmclaaEhIB,15730,247,0,0.0,Qwen3-8B,3,random,random
R_tYdOAMmclaaEhIB,15797,248,0,0.0,Qwen3-8B,3,random,random
R_tYdOAMmclaaEhIB,15864,249,2,1.0,Qwen3-8B,3,random,random
R_3oAtguDV1ChsRbK,13547,215,0,0.0,Qwen3-8B,2,random,random
R_3oAtguDV1ChsRbK,13614,216,1,0.0,Qwen3-8B,2,random,random
R_3oAtguDV1ChsRbK,13681,217,0,0.0,Qwen3-8B,2,random,random
R_3oAtguDV1ChsRbK,13746,218,1,0.0,Qwen3-8B,3,random,random
R_3oAtguDV1ChsRbK,13810,219,0,0.0,Qwen3-8B,1,random,random
R_3oAtguDV1ChsRbK,13875,220,0,0.0,Qwen3-8B,3,random,random
R_3oAtguDV1ChsRbK,13942,221,0,0.0,Qwen3-8B,1,random,random
R_3oAtguDV1ChsRbK,14007,222,0,0.0,Qwen3-8B,5,random,random
R_3oAtguDV1ChsRbK,14074,223,0,0.0,Qwen3-8B,3,random,random
R_3oAtguDV1ChsRbK,14138,224,0,0.0,Qwen3-8B,5,random,random
R_3oAtguDV1ChsRbK,14205,225,0,0.0,Qwen3-8B,2,random,random
R_3oAtguDV1ChsRbK,14272,226,0,0.0,Qwen3-8B,1,random,random
R_3oAtguDV1ChsRbK,14339,227,1,0.0,Qwen3-8B,1,random,random
R_3oAtguDV1ChsRbK,14406,228,0,0.0,Qwen3-8B,2,random,random
R_3oAtguDV1ChsRbK,14472,229,0,0.0,Qwen3-8B,3,random,random
R_3oAtguDV1ChsRbK,14538,230,0,0.0,Qwen3-8B,1,random,random
R_3oAtguDV1ChsRbK,14605,231,0,0.0,Qwen3-8B,2,random,random
R_3oAtguDV1ChsRbK,14673,232,0,0.0,Qwen3-8B,2,random,random
R_3oAtguDV1ChsRbK,14740,233,0,0.0,Qwen3-8B,1,random,random
R_3oAtguDV1ChsRbK,14806,234,0,0.0,Qwen3-8B,3,random,random
R_3oAtguDV1ChsRbK,14955,235,0,0.0,Qwen3-8B,3,random,random
R_3oAtguDV1ChsRbK,14955,235,0,0.0,Qwen3-8B,3,moral,loyalty
R_3oAtguDV1ChsRbK,14955,235,0,0.0,Qwen3-8B,3,random,random
R_3oAtguDV1ChsRbK,14955,235,0,0.0,Qwen3-8B,3,moral,loyalty
R_3oAtguDV1ChsRbK,15048,236,0,0.0,Qwen3-8B,2,random,random
R_3oAtguDV1ChsRbK,15115,237,0,0.0,Qwen3-8B,3,random,random
R_3oAtguDV1ChsRbK,15181,238,0,0.0,Qwen3-8B,3,random,random
R_3oAtguDV1ChsRbK,15248,239,1,0.0,Qwen3-8B,3,random,random
R_3oAtguDV1ChsRbK,15315,240,0,0.0,Qwen3-8B,3,random,random
R_3oAtguDV1ChsRbK,15382,241,1,0.0,Qwen3-8B,2,random,random
R_3oAtguDV1ChsRbK,15448,242,0,0.0,Qwen3-8B,4,random,random
R_3oAtguDV1ChsRbK,15515,243,0,0.0,Qwen3-8B,5,random,random
R_3oAtguDV1ChsRbK,15583,244,0,0.0,Qwen3-8B,2,random,random
R_3oAtguDV1ChsRbK,15648,245,0,0.0,Qwen3-8B,1,random,random
R_3oAtguDV1ChsRbK,15715,246,0,0.0,Qwen3-8B,1,random,random
R_3oAtguDV1ChsRbK,15782,247,0,0.0,Qwen3-8B,3,random,random
R_3oAtguDV1ChsRbK,15849,248,0,0.0,Qwen3-8B,3,random,random
R_3oAtguDV1ChsRbK,15913,249,0,0.0,Qwen3-8B,3,random,random
R_237wWIgRqPWnIP4,14102,224,1,0.0,Qwen3-8B,5,random,random
R_237wWIgRqPWnIP4,19059,300,3,1.0,Qwen3-8B,2,random,random
R_237wWIgRqPWnIP4,20188,317,0,0.0,Qwen3-8B,3,random,random
R_237wWIgRqPWnIP4,21436,336,2,1.0,Qwen3-8B,3,random,random
R_237wWIgRqPWnIP4,23393,367,0,0.0,Qwen3-8B,2,random,random
R_237wWIgRqPWnIP4,27227,432,1,0.0,Qwen3-8B,2,random,random
R_237wWIgRqPWnIP4,27790,443,3,1.0,Qwen3-8B,3,random,random
R_237wWIgRqPWnIP4,32983,525,3,1.0,Qwen3-8B,3,random,random
R_237wWIgRqPWnIP4,36724,588,1,0.0,Qwen3-8B,1,random,random
R_237wWIgRqPWnIP4,42920,691,3,1.0,Qwen3-8B,3,random,random
R_237wWIgRqPWnIP4,44110,710,1,0.0,Qwen3-8B,3,random,random
R_237wWIgRqPWnIP4,57666,907,4,1.0,Qwen3-8B,1,random,random
R_237wWIgRqPWnIP4,57666,907,4,1.0,Qwen3-8B,1,moral,care
R_237wWIgRqPWnIP4,57666,907,4,1.0,Qwen3-8B,1,random,random
R_237wWIgRqPWnIP4,57666,907,4,1.0,Qwen3-8B,1,moral,care
R_237wWIgRqPWnIP4,59960,944,0,0.0,Qwen3-8B,1,random,random
R_237wWIgRqPWnIP4,61739,977,2,1.0,Qwen3-8B,2,random,random
R_237wWIgRqPWnIP4,62637,991,0,0.0,Qwen3-8B,4,random,random
R_237wWIgRqPWnIP4,65268,1033,2,1.0,Qwen3-8B,3,random,random
R_237wWIgRqPWnIP4,134750,3749,1,0.0,Qwen3-8B,2,social-group,muslim
R_237wWIgRqPWnIP4,134771,3750,0,0.0,Qwen3-8B,2,random,random
R_237wWIgRqPWnIP4,134792,3751,1,0.0,Qwen3-8B,5,social-group,transgender
R_237wWIgRqPWnIP4,134813,3752,3,1.0,Qwen3-8B,4,random,random
R_237wWIgRqPWnIP4,134834,3753,3,1.0,Qwen3-8B,5,social-group,jewish
R_237wWIgRqPWnIP4,134855,3754,1,0.0,Qwen3-8B,3,random,random
R_237wWIgRqPWnIP4,134876,3755,2,1.0,Qwen3-8B,5,social-group,LGB
R_237wWIgRqPWnIP4,134897,3756,2,1.0,Qwen3-8B,1,social-group,jewish
R_237wWIgRqPWnIP4,134918,3757,2,1.0,Qwen3-8B,2,random,random
R_237wWIgRqPWnIP4,134939,3758,3,1.0,Qwen3-8B,2,random,random
R_237wWIgRqPWnIP4,134960,3759,0,0.0,Qwen3-8B,4,social-group,LGB
R_237wWIgRqPWnIP4,134981,3760,4,1.0,Qwen3-8B,3,social-group,transgender
R_237wWIgRqPWnIP4,135002,3761,1,0.0,Qwen3-8B,4,social-group,transgender
R_237wWIgRqPWnIP4,135023,3762,1,0.0,Qwen3-8B,2,random,random
R_237wWIgRqPWnIP4,135044,3763,1,0.0,Qwen3-8B,1,social-group,jewish
R_237wWIgRqPWnIP4,135065,3764,4,1.0,Qwen3-8B,2,social-group,jewish
R_237wWIgRqPWnIP4,135086,3765,2,1.0,Qwen3-8B,3,moral,loyalty
R_237wWIgRqPWnIP4,135107,3766,2,1.0,Qwen3-8B,3,social-group,jewish
R_237wWIgRqPWnIP4,135128,3767,1,0.0,Qwen3-8B,1,moral,care
R_qRyYyV13hrGWZKV,14765,234,0,0.0,Qwen3-8B,3,random,random
R_qRyYyV13hrGWZKV,15999,251,0,0.0,Qwen3-8B,2,random,random
R_qRyYyV13hrGWZKV,25076,396,0,0.0,Qwen3-8B,5,random,random
R_qRyYyV13hrGWZKV,34298,547,1,0.0,Qwen3-8B,2,random,random
R_qRyYyV13hrGWZKV,39808,640,0,0.0,Qwen3-8B,2,random,random
R_qRyYyV13hrGWZKV,43167,695,0,0.0,Qwen3-8B,1,random,random
R_qRyYyV13hrGWZKV,50793,807,0,0.0,Qwen3-8B,2,random,random
R_qRyYyV13hrGWZKV,55452,876,1,0.0,Qwen3-8B,5,random,random
R_qRyYyV13hrGWZKV,57420,904,0,0.0,Qwen3-8B,2,random,random
R_qRyYyV13hrGWZKV,63610,1007,0,0.0,Qwen3-8B,1,random,random
R_qRyYyV13hrGWZKV,133524,3698,0,0.0,Qwen3-8B,1,moral,purity
R_qRyYyV13hrGWZKV,133548,3699,1,0.0,Qwen3-8B,3,social-group,LGB
R_qRyYyV13hrGWZKV,133572,3700,0,0.0,Qwen3-8B,2,social-group,transgender
R_qRyYyV13hrGWZKV,133596,3701,1,0.0,Qwen3-8B,3,social-group,christian
R_qRyYyV13hrGWZKV,133620,3702,0,0.0,Qwen3-8B,1,social-group,jewish
R_qRyYyV13hrGWZKV,133644,3703,0,0.0,Qwen3-8B,3,random,random
R_qRyYyV13hrGWZKV,133668,3704,0,0.0,Qwen3-8B,2,social-group,christian
R_qRyYyV13hrGWZKV,133692,3705,0,0.0,Qwen3-8B,2,random,random
R_qRyYyV13hrGWZKV,133716,3706,0,0.0,Qwen3-8B,3,social-group,LGB
R_qRyYyV13hrGWZKV,133740,3707,0,0.0,Qwen3-8B,3,random,random
R_qRyYyV13hrGWZKV,133764,3708,0,0.0,Qwen3-8B,1,social-group,jewish
R_qRyYyV13hrGWZKV,133788,3709,0,0.0,Qwen3-8B,1,random,random
R_qRyYyV13hrGWZKV,133812,3710,1,0.0,Qwen3-8B,2,social-group,transgender
R_qRyYyV13hrGWZKV,133836,3711,0,0.0,Qwen3-8B,3,social-group,transgender
R_qRyYyV13hrGWZKV,133860,3712,0,0.0,Qwen3-8B,2,moral,care
R_qRyYyV13hrGWZKV,133884,3713,1,0.0,Qwen3-8B,3,random,random
R_qRyYyV13hrGWZKV,133908,3714,0,0.0,Qwen3-8B,2,social-group,LGB
R_qRyYyV13hrGWZKV,133932,3715,0,0.0,Qwen3-8B,2,random,random
R_qRyYyV13hrGWZKV,133956,3716,1,0.0,Qwen3-8B,2,random,random
R_qRyYyV13hrGWZKV,133980,3717,3,1.0,Qwen3-8B,5,social-group,jewish
R_qRyYyV13hrGWZKV,134004,3718,1,0.0,Qwen3-8B,2,social-group,LGB
R_qRyYyV13hrGWZKV,134028,3719,2,1.0,Qwen3-8B,1,social-group,transgender
R_qRyYyV13hrGWZKV,134052,3720,2,1.0,Qwen3-8B,5,social-group,transgender
R_qRyYyV13hrGWZKV,134076,3721,0,0.0,Qwen3-8B,3,random,random
R_qRyYyV13hrGWZKV,134100,3722,0,0.0,Qwen3-8B,2,random,random
R_a4wd5MkqK2YkfIZ,14782,234,0,0.0,Qwen3-8B,3,random,random
R_a4wd5MkqK2YkfIZ,16020,251,1,0.0,Qwen3-8B,2,random,random
R_a4wd5MkqK2YkfIZ,25089,396,0,0.0,Qwen3-8B,5,random,random
R_a4wd5MkqK2YkfIZ,34311,547,1,0.0,Qwen3-8B,2,random,random
R_a4wd5MkqK2YkfIZ,39821,640,0,0.0,Qwen3-8B,2,random,random
R_a4wd5MkqK2YkfIZ,43180,695,0,0.0,Qwen3-8B,1,random,random
R_a4wd5MkqK2YkfIZ,50806,807,0,0.0,Qwen3-8B,2,random,random
R_a4wd5MkqK2YkfIZ,55475,876,2,1.0,Qwen3-8B,5,random,random
R_a4wd5MkqK2YkfIZ,57438,904,0,0.0,Qwen3-8B,2,random,random
R_a4wd5MkqK2YkfIZ,63623,1007,0,0.0,Qwen3-8B,1,random,random
R_a4wd5MkqK2YkfIZ,133530,3698,0,0.0,Qwen3-8B,1,moral,purity
R_a4wd5MkqK2YkfIZ,133554,3699,1,0.0,Qwen3-8B,3,social-group,LGB
R_a4wd5MkqK2YkfIZ,133578,3700,0,0.0,Qwen3-8B,2,social-group,transgender
R_a4wd5MkqK2YkfIZ,133602,3701,0,0.0,Qwen3-8B,3,social-group,christian
R_a4wd5MkqK2YkfIZ,133626,3702,0,0.0,Qwen3-8B,1,social-group,jewish
R_a4wd5MkqK2YkfIZ,133650,3703,0,0.0,Qwen3-8B,3,random,random
R_a4wd5MkqK2YkfIZ,133674,3704,1,0.0,Qwen3-8B,2,social-group,christian
R_a4wd5MkqK2YkfIZ,133698,3705,0,0.0,Qwen3-8B,2,random,random
R_a4wd5MkqK2YkfIZ,133722,3706,0,0.0,Qwen3-8B,3,social-group,LGB
R_a4wd5MkqK2YkfIZ,133746,3707,0,0.0,Qwen3-8B,3,random,random
R_a4wd5MkqK2YkfIZ,133770,3708,0,0.0,Qwen3-8B,1,social-group,jewish
R_a4wd5MkqK2YkfIZ,133794,3709,0,0.0,Qwen3-8B,1,random,random
R_a4wd5MkqK2YkfIZ,133818,3710,0,0.0,Qwen3-8B,2,social-group,transgender
R_a4wd5MkqK2YkfIZ,133842,3711,0,0.0,Qwen3-8B,3,social-group,transgender
R_a4wd5MkqK2YkfIZ,133866,3712,0,0.0,Qwen3-8B,2,moral,care
R_a4wd5MkqK2YkfIZ,133890,3713,1,0.0,Qwen3-8B,3,random,random
R_a4wd5MkqK2YkfIZ,133914,3714,0,0.0,Qwen3-8B,2,social-group,LGB
R_a4wd5MkqK2YkfIZ,133938,3715,0,0.0,Qwen3-8B,2,random,random
R_a4wd5MkqK2YkfIZ,133962,3716,0,0.0,Qwen3-8B,2,random,random
R_a4wd5MkqK2YkfIZ,133986,3717,0,0.0,Qwen3-8B,5,social-group,jewish
R_a4wd5MkqK2YkfIZ,134010,3718,0,0.0,Qwen3-8B,2,social-group,LGB
R_a4wd5MkqK2YkfIZ,134034,3719,0,0.0,Qwen3-8B,1,social-group,transgender
R_a4wd5MkqK2YkfIZ,134058,3720,0,0.0,Qwen3-8B,5,social-group,transgender
R_a4wd5MkqK2YkfIZ,134082,3721,0,0.0,Qwen3-8B,3,random,random
R_a4wd5MkqK2YkfIZ,134106,3722,0,0.0,Qwen3-8B,2,random,random
R_237FH5dcfsOPXOB,14801,234,0,0.0,Qwen3-8B,3,random,random
R_237FH5dcfsOPXOB,16034,251,0,0.0,Qwen3-8B,2,random,random
R_237FH5dcfsOPXOB,25107,396,0,0.0,Qwen3-8B,5,random,random
R_237FH5dcfsOPXOB,34329,547,1,0.0,Qwen3-8B,2,random,random
R_237FH5dcfsOPXOB,39840,640,0,0.0,Qwen3-8B,2,random,random
R_237FH5dcfsOPXOB,43200,695,1,0.0,Qwen3-8B,1,random,random
R_237FH5dcfsOPXOB,50825,807,0,0.0,Qwen3-8B,2,random,random
R_237FH5dcfsOPXOB,55489,876,0,0.0,Qwen3-8B,5,random,random
R_237FH5dcfsOPXOB,57458,904,0,0.0,Qwen3-8B,2,random,random
R_237FH5dcfsOPXOB,63644,1007,0,0.0,Qwen3-8B,1,random,random
R_237FH5dcfsOPXOB,133537,3698,0,0.0,Qwen3-8B,1,moral,purity
R_237FH5dcfsOPXOB,133561,3699,0,0.0,Qwen3-8B,3,social-group,LGB
R_237FH5dcfsOPXOB,133585,3700,0,0.0,Qwen3-8B,2,social-group,transgender
R_237FH5dcfsOPXOB,133609,3701,0,0.0,Qwen3-8B,3,social-group,christian
R_237FH5dcfsOPXOB,133633,3702,0,0.0,Qwen3-8B,1,social-group,jewish
R_237FH5dcfsOPXOB,133657,3703,0,0.0,Qwen3-8B,3,random,random
R_237FH5dcfsOPXOB,133681,3704,0,0.0,Qwen3-8B,2,social-group,christian
R_237FH5dcfsOPXOB,133705,3705,0,0.0,Qwen3-8B,2,random,random
R_237FH5dcfsOPXOB,133729,3706,0,0.0,Qwen3-8B,3,social-group,LGB
R_237FH5dcfsOPXOB,133753,3707,0,0.0,Qwen3-8B,3,random,random
R_237FH5dcfsOPXOB,133777,3708,0,0.0,Qwen3-8B,1,social-group,jewish
R_237FH5dcfsOPXOB,133801,3709,0,0.0,Qwen3-8B,1,random,random
R_237FH5dcfsOPXOB,133825,3710,0,0.0,Qwen3-8B,2,social-group,transgender
R_237FH5dcfsOPXOB,133849,3711,0,0.0,Qwen3-8B,3,social-group,transgender
R_237FH5dcfsOPXOB,133873,3712,0,0.0,Qwen3-8B,2,moral,care
R_237FH5dcfsOPXOB,133897,3713,0,0.0,Qwen3-8B,3,random,random
R_237FH5dcfsOPXOB,133921,3714,0,0.0,Qwen3-8B,2,social-group,LGB
R_237FH5dcfsOPXOB,133945,3715,0,0.0,Qwen3-8B,2,random,random
R_237FH5dcfsOPXOB,133969,3716,0,0.0,Qwen3-8B,2,random,random
R_237FH5dcfsOPXOB,133993,3717,0,0.0,Qwen3-8B,5,social-group,jewish
R_237FH5dcfsOPXOB,134017,3718,0,0.0,Qwen3-8B,2,social-group,LGB
R_237FH5dcfsOPXOB,134041,3719,0,0.0,Qwen3-8B,1,social-group,transgender
R_237FH5dcfsOPXOB,134065,3720,0,0.0,Qwen3-8B,5,social-group,transgender
R_237FH5dcfsOPXOB,134089,3721,0,0.0,Qwen3-8B,3,random,random
R_237FH5dcfsOPXOB,134113,3722,0,0.0,Qwen3-8B,2,random,random
R_1rMl64HZGhxLStM,15001,236,4,1.0,Qwen3-8B,2,random,random
R_1rMl64HZGhxLStM,22072,345,0,0.0,Qwen3-8B,1,random,random
R_1rMl64HZGhxLStM,30437,486,4,1.0,Qwen3-8B,3,random,random
R_1rMl64HZGhxLStM,51957,824,-1,,Qwen3-8B,5,random,random
R_1rMl64HZGhxLStM,55329,874,0,0.0,Qwen3-8B,2,random,random
R_1rMl64HZGhxLStM,57047,899,4,1.0,Qwen3-8B,4,random,random
R_1rMl64HZGhxLStM,67737,1073,4,1.0,Qwen3-8B,3,random,random
R_1rMl64HZGhxLStM,69019,1095,-1,,Qwen3-8B,1,random,random
R_1rMl64HZGhxLStM,69781,1109,0,0.0,Qwen3-8B,3,random,random
R_1rMl64HZGhxLStM,72198,1155,4,1.0,Qwen3-8B,2,random,random
R_1rMl64HZGhxLStM,84166,1632,0,0.0,Qwen3-8B,4,moral,authority
R_1rMl64HZGhxLStM,136867,3844,0,0.0,Qwen3-8B,1,moral,care
R_1rMl64HZGhxLStM,136890,3845,4,1.0,Qwen3-8B,4,social-group,muslim
R_1rMl64HZGhxLStM,136913,3846,0,0.0,Qwen3-8B,1,social-group,jewish
R_1rMl64HZGhxLStM,136936,3847,4,1.0,Qwen3-8B,2,social-group,LGB
R_1rMl64HZGhxLStM,136959,3848,4,1.0,Qwen3-8B,3,social-group,christian
R_1rMl64HZGhxLStM,136982,3849,4,1.0,Qwen3-8B,3,social-group,transgender
R_1rMl64HZGhxLStM,137005,3850,4,1.0,Qwen3-8B,2,social-group,christian
R_1rMl64HZGhxLStM,137028,3851,0,0.0,Qwen3-8B,1,moral,loyalty
R_1rMl64HZGhxLStM,137051,3852,4,1.0,Qwen3-8B,5,social-group,transgender
R_1rMl64HZGhxLStM,137074,3853,4,1.0,Qwen3-8B,3,social-group,transgender
R_1rMl64HZGhxLStM,137097,3854,4,1.0,Qwen3-8B,5,social-group,jewish
R_1rMl64HZGhxLStM,137120,3855,4,1.0,Qwen3-8B,5,social-group,muslim
R_1rMl64HZGhxLStM,137143,3856,4,1.0,Qwen3-8B,1,moral,fairness
R_1rMl64HZGhxLStM,137166,3857,4,1.0,Qwen3-8B,3,social-group,muslim
R_1rMl64HZGhxLStM,137189,3858,0,0.0,Qwen3-8B,2,social-group,LGB
R_1rMl64HZGhxLStM,137212,3859,4,1.0,Qwen3-8B,5,social-group,LGB
R_1rMl64HZGhxLStM,137235,3860,4,1.0,Qwen3-8B,3,social-group,muslim
R_1rMl64HZGhxLStM,137258,3861,-1,,Qwen3-8B,2,random,random
R_1rMl64HZGhxLStM,137281,3862,4,1.0,Qwen3-8B,3,social-group,christian
R_1rMl64HZGhxLStM,137304,3863,4,1.0,Qwen3-8B,2,random,random
R_1rMl64HZGhxLStM,137327,3864,3,1.0,Qwen3-8B,2,moral,loyalty
R_1rMl64HZGhxLStM,137350,3865,0,0.0,Qwen3-8B,4,social-group,muslim
R_1rMl64HZGhxLStM,137373,3866,0,0.0,Qwen3-8B,2,moral,purity
R_1rMl64HZGhxLStM,137396,3867,4,1.0,Qwen3-8B,5,social-group,transgender
R_BQgsOQyhFqRTxIZ,15002,236,4,1.0,Qwen3-8B,2,random,random
R_BQgsOQyhFqRTxIZ,22073,345,0,0.0,Qwen3-8B,1,random,random
R_BQgsOQyhFqRTxIZ,30438,486,4,1.0,Qwen3-8B,3,random,random
R_BQgsOQyhFqRTxIZ,51958,824,-1,,Qwen3-8B,5,random,random
R_BQgsOQyhFqRTxIZ,55330,874,3,1.0,Qwen3-8B,2,random,random
R_BQgsOQyhFqRTxIZ,57048,899,4,1.0,Qwen3-8B,4,random,random
R_BQgsOQyhFqRTxIZ,67738,1073,4,1.0,Qwen3-8B,3,random,random
R_BQgsOQyhFqRTxIZ,69020,1095,-1,,Qwen3-8B,1,random,random
R_BQgsOQyhFqRTxIZ,69782,1109,4,1.0,Qwen3-8B,3,random,random
R_BQgsOQyhFqRTxIZ,72199,1155,2,1.0,Qwen3-8B,2,random,random
R_BQgsOQyhFqRTxIZ,84169,1632,4,1.0,Qwen3-8B,4,moral,authority
R_BQgsOQyhFqRTxIZ,136868,3844,0,0.0,Qwen3-8B,1,moral,care
R_BQgsOQyhFqRTxIZ,136891,3845,4,1.0,Qwen3-8B,4,social-group,muslim
R_BQgsOQyhFqRTxIZ,136914,3846,4,1.0,Qwen3-8B,1,social-group,jewish
R_BQgsOQyhFqRTxIZ,136937,3847,4,1.0,Qwen3-8B,2,social-group,LGB
R_BQgsOQyhFqRTxIZ,136960,3848,4,1.0,Qwen3-8B,3,social-group,christian
R_BQgsOQyhFqRTxIZ,136983,3849,4,1.0,Qwen3-8B,3,social-group,transgender
R_BQgsOQyhFqRTxIZ,137006,3850,4,1.0,Qwen3-8B,2,social-group,christian
R_BQgsOQyhFqRTxIZ,137029,3851,2,1.0,Qwen3-8B,1,moral,loyalty
R_BQgsOQyhFqRTxIZ,137052,3852,4,1.0,Qwen3-8B,5,social-group,transgender
R_BQgsOQyhFqRTxIZ,137075,3853,4,1.0,Qwen3-8B,3,social-group,transgender
R_BQgsOQyhFqRTxIZ,137098,3854,4,1.0,Qwen3-8B,5,social-group,jewish
R_BQgsOQyhFqRTxIZ,137121,3855,4,1.0,Qwen3-8B,5,social-group,muslim
R_BQgsOQyhFqRTxIZ,137144,3856,4,1.0,Qwen3-8B,1,moral,fairness
R_BQgsOQyhFqRTxIZ,137167,3857,4,1.0,Qwen3-8B,3,social-group,muslim
R_BQgsOQyhFqRTxIZ,137190,3858,3,1.0,Qwen3-8B,2,social-group,LGB
R_BQgsOQyhFqRTxIZ,137213,3859,4,1.0,Qwen3-8B,5,social-group,LGB
R_BQgsOQyhFqRTxIZ,137236,3860,4,1.0,Qwen3-8B,3,social-group,muslim
R_BQgsOQyhFqRTxIZ,137259,3861,0,0.0,Qwen3-8B,2,random,random
R_BQgsOQyhFqRTxIZ,137282,3862,4,1.0,Qwen3-8B,3,social-group,christian
R_BQgsOQyhFqRTxIZ,137305,3863,4,1.0,Qwen3-8B,2,random,random
R_BQgsOQyhFqRTxIZ,137328,3864,4,1.0,Qwen3-8B,2,moral,loyalty
R_BQgsOQyhFqRTxIZ,137351,3865,4,1.0,Qwen3-8B,4,social-group,muslim
R_BQgsOQyhFqRTxIZ,137374,3866,4,1.0,Qwen3-8B,2,moral,purity
R_BQgsOQyhFqRTxIZ,137397,3867,4,1.0,Qwen3-8B,5,social-group,transgender
R_qUa6y4eBAgGWUud,15027,236,0,0.0,Qwen3-8B,2,random,random
R_qUa6y4eBAgGWUud,22096,345,0,0.0,Qwen3-8B,1,random,random
R_qUa6y4eBAgGWUud,30465,486,0,0.0,Qwen3-8B,3,random,random
R_qUa6y4eBAgGWUud,51982,824,0,0.0,Qwen3-8B,5,random,random
R_qUa6y4eBAgGWUud,55359,874,0,0.0,Qwen3-8B,2,random,random
R_qUa6y4eBAgGWUud,57079,899,0,0.0,Qwen3-8B,4,random,random
R_qUa6y4eBAgGWUud,67762,1073,0,0.0,Qwen3-8B,3,random,random
R_qUa6y4eBAgGWUud,69042,1095,0,0.0,Qwen3-8B,1,random,random
R_qUa6y4eBAgGWUud,69804,1109,0,0.0,Qwen3-8B,3,random,random
R_qUa6y4eBAgGWUud,72218,1155,0,0.0,Qwen3-8B,2,random,random
R_qUa6y4eBAgGWUud,84196,1632,0,0.0,Qwen3-8B,4,moral,authority
R_qUa6y4eBAgGWUud,136877,3844,0,0.0,Qwen3-8B,1,moral,care
R_qUa6y4eBAgGWUud,136900,3845,0,0.0,Qwen3-8B,4,social-group,muslim
R_qUa6y4eBAgGWUud,136923,3846,0,0.0,Qwen3-8B,1,social-group,jewish
R_qUa6y4eBAgGWUud,136946,3847,0,0.0,Qwen3-8B,2,social-group,LGB
R_qUa6y4eBAgGWUud,136969,3848,0,0.0,Qwen3-8B,3,social-group,christian
R_qUa6y4eBAgGWUud,136992,3849,0,0.0,Qwen3-8B,3,social-group,transgender
R_qUa6y4eBAgGWUud,137015,3850,0,0.0,Qwen3-8B,2,social-group,christian
R_qUa6y4eBAgGWUud,137038,3851,0,0.0,Qwen3-8B,1,moral,loyalty
R_qUa6y4eBAgGWUud,137061,3852,0,0.0,Qwen3-8B,5,social-group,transgender
R_qUa6y4eBAgGWUud,137084,3853,0,0.0,Qwen3-8B,3,social-group,transgender
R_qUa6y4eBAgGWUud,137107,3854,0,0.0,Qwen3-8B,5,social-group,jewish
R_qUa6y4eBAgGWUud,137130,3855,0,0.0,Qwen3-8B,5,social-group,muslim
R_qUa6y4eBAgGWUud,137153,3856,0,0.0,Qwen3-8B,1,moral,fairness
R_qUa6y4eBAgGWUud,137176,3857,0,0.0,Qwen3-8B,3,social-group,muslim
R_qUa6y4eBAgGWUud,137199,3858,0,0.0,Qwen3-8B,2,social-group,LGB
R_qUa6y4eBAgGWUud,137222,3859,0,0.0,Qwen3-8B,5,social-group,LGB
R_qUa6y4eBAgGWUud,137245,3860,0,0.0,Qwen3-8B,3,social-group,muslim
R_qUa6y4eBAgGWUud,137268,3861,0,0.0,Qwen3-8B,2,random,random
R_qUa6y4eBAgGWUud,137291,3862,0,0.0,Qwen3-8B,3,social-group,christian
R_qUa6y4eBAgGWUud,137314,3863,0,0.0,Qwen3-8B,2,random,random
R_qUa6y4eBAgGWUud,137337,3864,0,0.0,Qwen3-8B,2,moral,loyalty
R_qUa6y4eBAgGWUud,137360,3865,0,0.0,Qwen3-8B,4,social-group,muslim
R_qUa6y4eBAgGWUud,137383,3866,0,0.0,Qwen3-8B,2,moral,purity
R_qUa6y4eBAgGWUud,137406,3867,0,0.0,Qwen3-8B,5,social-group,transgender
R_3OlAOTtnif3Mf9H,15044,236,0,0.0,Qwen3-8B,2,random,random
R_3OlAOTtnif3Mf9H,22108,345,0,0.0,Qwen3-8B,1,random,random
R_3OlAOTtnif3Mf9H,30480,486,0,0.0,Qwen3-8B,3,random,random
R_3OlAOTtnif3Mf9H,52001,824,0,0.0,Qwen3-8B,5,random,random
R_3OlAOTtnif3Mf9H,55372,874,0,0.0,Qwen3-8B,2,random,random
R_3OlAOTtnif3Mf9H,57098,899,0,0.0,Qwen3-8B,4,random,random
R_3OlAOTtnif3Mf9H,67776,1073,0,0.0,Qwen3-8B,3,random,random
R_3OlAOTtnif3Mf9H,69054,1095,0,0.0,Qwen3-8B,1,random,random
R_3OlAOTtnif3Mf9H,69816,1109,0,0.0,Qwen3-8B,3,random,random
R_3OlAOTtnif3Mf9H,72231,1155,0,0.0,Qwen3-8B,2,random,random
R_3OlAOTtnif3Mf9H,84206,1632,0,0.0,Qwen3-8B,4,moral,authority
R_3OlAOTtnif3Mf9H,136883,3844,0,0.0,Qwen3-8B,1,moral,care
R_3OlAOTtnif3Mf9H,136906,3845,0,0.0,Qwen3-8B,4,social-group,muslim
R_3OlAOTtnif3Mf9H,136929,3846,0,0.0,Qwen3-8B,1,social-group,jewish
R_3OlAOTtnif3Mf9H,136952,3847,0,0.0,Qwen3-8B,2,social-group,LGB
R_3OlAOTtnif3Mf9H,136975,3848,0,0.0,Qwen3-8B,3,social-group,christian
R_3OlAOTtnif3Mf9H,136998,3849,0,0.0,Qwen3-8B,3,social-group,transgender
R_3OlAOTtnif3Mf9H,137021,3850,0,0.0,Qwen3-8B,2,social-group,christian
R_3OlAOTtnif3Mf9H,137044,3851,0,0.0,Qwen3-8B,1,moral,loyalty
R_3OlAOTtnif3Mf9H,137067,3852,0,0.0,Qwen3-8B,5,social-group,transgender
R_3OlAOTtnif3Mf9H,137090,3853,0,0.0,Qwen3-8B,3,social-group,transgender
R_3OlAOTtnif3Mf9H,137113,3854,0,0.0,Qwen3-8B,5,social-group,jewish
R_3OlAOTtnif3Mf9H,137136,3855,0,0.0,Qwen3-8B,5,social-group,muslim
R_3OlAOTtnif3Mf9H,137159,3856,0,0.0,Qwen3-8B,1,moral,fairness
R_3OlAOTtnif3Mf9H,137182,3857,0,0.0,Qwen3-8B,3,social-group,muslim
R_3OlAOTtnif3Mf9H,137205,3858,0,0.0,Qwen3-8B,2,social-group,LGB
R_3OlAOTtnif3Mf9H,137228,3859,0,0.0,Qwen3-8B,5,social-group,LGB
R_3OlAOTtnif3Mf9H,137251,3860,0,0.0,Qwen3-8B,3,social-group,muslim
R_3OlAOTtnif3Mf9H,137274,3861,0,0.0,Qwen3-8B,2,random,random
R_3OlAOTtnif3Mf9H,137297,3862,0,0.0,Qwen3-8B,3,social-group,christian
R_3OlAOTtnif3Mf9H,137320,3863,0,0.0,Qwen3-8B,2,random,random
R_3OlAOTtnif3Mf9H,137343,3864,0,0.0,Qwen3-8B,2,moral,loyalty
R_3OlAOTtnif3Mf9H,137366,3865,0,0.0,Qwen3-8B,4,social-group,muslim
R_3OlAOTtnif3Mf9H,137389,3866,0,0.0,Qwen3-8B,2,moral,purity
R_3OlAOTtnif3Mf9H,137412,3867,0,0.0,Qwen3-8B,5,social-group,transgender
R_YVK36EQElLwuQWR,15304,240,1,0.0,Qwen3-8B,3,random,random
R_YVK36EQElLwuQWR,22162,346,1,0.0,Qwen3-8B,1,random,random
R_YVK36EQElLwuQWR,23117,362,2,1.0,Qwen3-8B,3,random,random
R_YVK36EQElLwuQWR,44811,719,2,1.0,Qwen3-8B,3,random,random
R_YVK36EQElLwuQWR,58567,919,2,1.0,Qwen3-8B,2,random,random
R_YVK36EQElLwuQWR,81770,1533,0,0.0,Qwen3-8B,3,moral,fairness
R_YVK36EQElLwuQWR,105484,2507,0,0.0,Qwen3-8B,3,social-group,transgender
R_YVK36EQElLwuQWR,105509,2508,2,1.0,Qwen3-8B,5,social-group,jewish
R_YVK36EQElLwuQWR,105534,2509,3,1.0,Qwen3-8B,3,social-group,transgender
R_YVK36EQElLwuQWR,105559,2510,0,0.0,Qwen3-8B,1,moral,care
R_YVK36EQElLwuQWR,105584,2511,1,0.0,Qwen3-8B,4,social-group,christian
R_YVK36EQElLwuQWR,105609,2512,2,1.0,Qwen3-8B,4,social-group,jewish
R_YVK36EQElLwuQWR,105634,2513,0,0.0,Qwen3-8B,1,social-group,LGB
R_YVK36EQElLwuQWR,105659,2514,0,0.0,Qwen3-8B,1,social-group,christian
R_YVK36EQElLwuQWR,105684,2515,1,0.0,Qwen3-8B,2,social-group,LGB
R_YVK36EQElLwuQWR,105709,2516,0,0.0,Qwen3-8B,3,social-group,muslim
R_YVK36EQElLwuQWR,105734,2517,0,0.0,Qwen3-8B,1,moral,loyalty
R_YVK36EQElLwuQWR,105759,2518,2,1.0,Qwen3-8B,3,social-group,christian
R_YVK36EQElLwuQWR,105784,2519,4,1.0,Qwen3-8B,4,social-group,LGB
R_YVK36EQElLwuQWR,105809,2520,1,0.0,Qwen3-8B,4,social-group,transgender
R_YVK36EQElLwuQWR,105834,2521,0,0.0,Qwen3-8B,2,random,random
R_YVK36EQElLwuQWR,105859,2522,0,0.0,Qwen3-8B,2,moral,care
R_YVK36EQElLwuQWR,105884,2523,0,0.0,Qwen3-8B,5,social-group,jewish
R_YVK36EQElLwuQWR,105909,2524,1,0.0,Qwen3-8B,5,social-group,LGB
R_YVK36EQElLwuQWR,105934,2525,2,1.0,Qwen3-8B,3,social-group,jewish
R_YVK36EQElLwuQWR,105959,2526,0,0.0,Qwen3-8B,5,social-group,jewish
R_YVK36EQElLwuQWR,105984,2527,0,0.0,Qwen3-8B,3,social-group,transgender
R_YVK36EQElLwuQWR,106009,2528,1,0.0,Qwen3-8B,2,social-group,christian
R_YVK36EQElLwuQWR,106034,2529,0,0.0,Qwen3-8B,1,moral,purity
R_YVK36EQElLwuQWR,106059,2530,0,0.0,Qwen3-8B,5,social-group,jewish
R_YVK36EQElLwuQWR,106084,2531,0,0.0,Qwen3-8B,1,social-group,transgender
R_YVK36EQElLwuQWR,106109,2532,1,0.0,Qwen3-8B,5,social-group,muslim
R_YVK36EQElLwuQWR,106134,2533,1,0.0,Qwen3-8B,3,social-group,christian
R_YVK36EQElLwuQWR,106159,2534,0,0.0,Qwen3-8B,5,social-group,jewish
R_YVK36EQElLwuQWR,106184,2535,2,1.0,Qwen3-8B,5,social-group,transgender
R_3MKCoDXMArCgrls,15310,240,0,0.0,Qwen3-8B,3,random,random
R_3MKCoDXMArCgrls,22167,346,0,0.0,Qwen3-8B,1,random,random
R_3MKCoDXMArCgrls,23127,362,0,0.0,Qwen3-8B,3,random,random
R_3MKCoDXMArCgrls,44817,719,0,0.0,Qwen3-8B,3,random,random
R_3MKCoDXMArCgrls,58574,919,0,0.0,Qwen3-8B,2,random,random
R_3MKCoDXMArCgrls,81775,1533,0,0.0,Qwen3-8B,3,moral,fairness
R_3MKCoDXMArCgrls,105487,2507,0,0.0,Qwen3-8B,3,social-group,transgender
R_3MKCoDXMArCgrls,105512,2508,0,0.0,Qwen3-8B,5,social-group,jewish
R_3MKCoDXMArCgrls,105537,2509,0,0.0,Qwen3-8B,3,social-group,transgender
R_3MKCoDXMArCgrls,105562,2510,0,0.0,Qwen3-8B,1,moral,care
R_3MKCoDXMArCgrls,105587,2511,0,0.0,Qwen3-8B,4,social-group,christian
R_3MKCoDXMArCgrls,105612,2512,0,0.0,Qwen3-8B,4,social-group,jewish
R_3MKCoDXMArCgrls,105637,2513,0,0.0,Qwen3-8B,1,social-group,LGB
R_3MKCoDXMArCgrls,105662,2514,0,0.0,Qwen3-8B,1,social-group,christian
R_3MKCoDXMArCgrls,105687,2515,0,0.0,Qwen3-8B,2,social-group,LGB
R_3MKCoDXMArCgrls,105712,2516,0,0.0,Qwen3-8B,3,social-group,muslim
R_3MKCoDXMArCgrls,105737,2517,0,0.0,Qwen3-8B,1,moral,loyalty
R_3MKCoDXMArCgrls,105762,2518,0,0.0,Qwen3-8B,3,social-group,christian
R_3MKCoDXMArCgrls,105787,2519,0,0.0,Qwen3-8B,4,social-group,LGB
R_3MKCoDXMArCgrls,105812,2520,0,0.0,Qwen3-8B,4,social-group,transgender
R_3MKCoDXMArCgrls,105837,2521,0,0.0,Qwen3-8B,2,random,random
R_3MKCoDXMArCgrls,105862,2522,0,0.0,Qwen3-8B,2,moral,care
R_3MKCoDXMArCgrls,105887,2523,0,0.0,Qwen3-8B,5,social-group,jewish
R_3MKCoDXMArCgrls,105912,2524,0,0.0,Qwen3-8B,5,social-group,LGB
R_3MKCoDXMArCgrls,105937,2525,0,0.0,Qwen3-8B,3,social-group,jewish
R_3MKCoDXMArCgrls,105962,2526,0,0.0,Qwen3-8B,5,social-group,jewish
R_3MKCoDXMArCgrls,105987,2527,0,0.0,Qwen3-8B,3,social-group,transgender
R_3MKCoDXMArCgrls,106012,2528,0,0.0,Qwen3-8B,2,social-group,christian
R_3MKCoDXMArCgrls,106037,2529,0,0.0,Qwen3-8B,1,moral,purity
R_3MKCoDXMArCgrls,106062,2530,0,0.0,Qwen3-8B,5,social-group,jewish
R_3MKCoDXMArCgrls,106087,2531,0,0.0,Qwen3-8B,1,social-group,transgender
R_3MKCoDXMArCgrls,106112,2532,0,0.0,Qwen3-8B,5,social-group,muslim
R_3MKCoDXMArCgrls,106137,2533,0,0.0,Qwen3-8B,3,social-group,christian
R_3MKCoDXMArCgrls,106162,2534,0,0.0,Qwen3-8B,5,social-group,jewish
R_3MKCoDXMArCgrls,106187,2535,0,0.0,Qwen3-8B,5,social-group,transgender
R_bC451MwrfewzKKZ,15344,241,1,0.0,Qwen3-8B,2,random,random
R_bC451MwrfewzKKZ,17889,282,0,0.0,Qwen3-8B,1,random,random
R_bC451MwrfewzKKZ,21296,335,0,0.0,Qwen3-8B,4,random,random
R_bC451MwrfewzKKZ,21296,335,0,0.0,Qwen3-8B,4,moral,authority
R_bC451MwrfewzKKZ,21296,335,0,0.0,Qwen3-8B,4,random,random
R_bC451MwrfewzKKZ,21296,335,0,0.0,Qwen3-8B,4,moral,authority
R_bC451MwrfewzKKZ,21552,338,1,0.0,Qwen3-8B,2,random,random
R_bC451MwrfewzKKZ,27328,434,0,0.0,Qwen3-8B,3,random,random
R_bC451MwrfewzKKZ,43986,708,0,0.0,Qwen3-8B,1,random,random
R_bC451MwrfewzKKZ,88018,1785,1,0.0,Qwen3-8B,2,moral,authority
R_bC451MwrfewzKKZ,91721,1933,1,0.0,Qwen3-8B,2,social-group,jewish
R_bC451MwrfewzKKZ,91743,1934,0,0.0,Qwen3-8B,2,moral,care
R_bC451MwrfewzKKZ,91765,1935,2,1.0,Qwen3-8B,3,random,random
R_bC451MwrfewzKKZ,91787,1936,1,0.0,Qwen3-8B,4,social-group,LGB
R_bC451MwrfewzKKZ,91809,1937,0,0.0,Qwen3-8B,4,social-group,jewish
R_bC451MwrfewzKKZ,91831,1938,1,0.0,Qwen3-8B,3,random,random
R_bC451MwrfewzKKZ,91853,1939,0,0.0,Qwen3-8B,2,random,random
R_bC451MwrfewzKKZ,91875,1940,0,0.0,Qwen3-8B,2,social-group,LGB
R_bC451MwrfewzKKZ,91897,1941,0,0.0,Qwen3-8B,3,social-group,jewish
R_bC451MwrfewzKKZ,91919,1942,1,0.0,Qwen3-8B,5,social-group,LGB
R_bC451MwrfewzKKZ,91941,1943,1,0.0,Qwen3-8B,3,social-group,transgender
R_bC451MwrfewzKKZ,91963,1944,0,0.0,Qwen3-8B,3,social-group,muslim
R_bC451MwrfewzKKZ,91985,1945,1,0.0,Qwen3-8B,5,social-group,transgender
R_bC451MwrfewzKKZ,92007,1946,0,0.0,Qwen3-8B,3,social-group,LGB
R_bC451MwrfewzKKZ,92029,1947,0,0.0,Qwen3-8B,2,social-group,transgender
R_bC451MwrfewzKKZ,92051,1948,0,0.0,Qwen3-8B,3,social-group,muslim
R_bC451MwrfewzKKZ,92073,1949,0,0.0,Qwen3-8B,2,social-group,LGB
R_bC451MwrfewzKKZ,92095,1950,0,0.0,Qwen3-8B,5,social-group,transgender
R_bC451MwrfewzKKZ,92117,1951,1,0.0,Qwen3-8B,3,moral,care
R_bC451MwrfewzKKZ,92139,1952,1,0.0,Qwen3-8B,5,social-group,muslim
R_bC451MwrfewzKKZ,92161,1953,0,0.0,Qwen3-8B,4,social-group,transgender
R_bC451MwrfewzKKZ,92183,1954,1,0.0,Qwen3-8B,4,social-group,christian
R_bC451MwrfewzKKZ,92205,1955,0,0.0,Qwen3-8B,1,random,random
R_bC451MwrfewzKKZ,92227,1956,1,0.0,Qwen3-8B,2,social-group,muslim
R_bC451MwrfewzKKZ,92249,1957,2,1.0,Qwen3-8B,4,random,random
R_bC451MwrfewzKKZ,92271,1958,1,0.0,Qwen3-8B,5,social-group,jewish
R_bC451MwrfewzKKZ,92293,1959,0,0.0,Qwen3-8B,4,social-group,transgender
R_bC451MwrfewzKKZ,92315,1960,0,0.0,Qwen3-8B,1,moral,care
R_3lE97nt2WwDj5yM,15378,241,0,0.0,Qwen3-8B,2,random,random
R_3lE97nt2WwDj5yM,17922,282,0,0.0,Qwen3-8B,1,random,random
R_3lE97nt2WwDj5yM,21368,335,0,0.0,Qwen3-8B,4,random,random
R_3lE97nt2WwDj5yM,21368,335,0,0.0,Qwen3-8B,4,moral,authority
R_3lE97nt2WwDj5yM,21368,335,0,0.0,Qwen3-8B,4,random,random
R_3lE97nt2WwDj5yM,21368,335,0,0.0,Qwen3-8B,4,moral,authority
R_3lE97nt2WwDj5yM,21579,338,0,0.0,Qwen3-8B,2,random,random
R_3lE97nt2WwDj5yM,27355,434,0,0.0,Qwen3-8B,3,random,random
R_3lE97nt2WwDj5yM,44020,708,0,0.0,Qwen3-8B,1,random,random
R_3lE97nt2WwDj5yM,88041,1785,0,0.0,Qwen3-8B,2,moral,authority
R_3lE97nt2WwDj5yM,91732,1933,0,0.0,Qwen3-8B,2,social-group,jewish
R_3lE97nt2WwDj5yM,91754,1934,0,0.0,Qwen3-8B,2,moral,care
R_3lE97nt2WwDj5yM,91776,1935,0,0.0,Qwen3-8B,3,random,random
R_3lE97nt2WwDj5yM,91798,1936,0,0.0,Qwen3-8B,4,social-group,LGB
R_3lE97nt2WwDj5yM,91820,1937,0,0.0,Qwen3-8B,4,social-group,jewish
R_3lE97nt2WwDj5yM,91842,1938,0,0.0,Qwen3-8B,3,random,random
R_3lE97nt2WwDj5yM,91864,1939,0,0.0,Qwen3-8B,2,random,random
R_3lE97nt2WwDj5yM,91886,1940,0,0.0,Qwen3-8B,2,social-group,LGB
R_3lE97nt2WwDj5yM,91908,1941,0,0.0,Qwen3-8B,3,social-group,jewish
R_3lE97nt2WwDj5yM,91930,1942,0,0.0,Qwen3-8B,5,social-group,LGB
R_3lE97nt2WwDj5yM,91952,1943,0,0.0,Qwen3-8B,3,social-group,transgender
R_3lE97nt2WwDj5yM,91974,1944,0,0.0,Qwen3-8B,3,social-group,muslim
R_3lE97nt2WwDj5yM,91996,1945,0,0.0,Qwen3-8B,5,social-group,transgender
R_3lE97nt2WwDj5yM,92018,1946,0,0.0,Qwen3-8B,3,social-group,LGB
R_3lE97nt2WwDj5yM,92040,1947,0,0.0,Qwen3-8B,2,social-group,transgender
R_3lE97nt2WwDj5yM,92062,1948,0,0.0,Qwen3-8B,3,social-group,muslim
R_3lE97nt2WwDj5yM,92084,1949,0,0.0,Qwen3-8B,2,social-group,LGB
R_3lE97nt2WwDj5yM,92106,1950,0,0.0,Qwen3-8B,5,social-group,transgender
R_3lE97nt2WwDj5yM,92128,1951,0,0.0,Qwen3-8B,3,moral,care
R_3lE97nt2WwDj5yM,92150,1952,0,0.0,Qwen3-8B,5,social-group,muslim
R_3lE97nt2WwDj5yM,92172,1953,0,0.0,Qwen3-8B,4,social-group,transgender
R_3lE97nt2WwDj5yM,92194,1954,0,0.0,Qwen3-8B,4,social-group,christian
R_3lE97nt2WwDj5yM,92216,1955,0,0.0,Qwen3-8B,1,random,random
R_3lE97nt2WwDj5yM,92238,1956,0,0.0,Qwen3-8B,2,social-group,muslim
R_3lE97nt2WwDj5yM,92260,1957,0,0.0,Qwen3-8B,4,random,random
R_3lE97nt2WwDj5yM,92282,1958,0,0.0,Qwen3-8B,5,social-group,jewish
R_3lE97nt2WwDj5yM,92304,1959,0,0.0,Qwen3-8B,4,social-group,transgender
R_3lE97nt2WwDj5yM,92326,1960,0,0.0,Qwen3-8B,1,moral,care
R_29vrjoIMc07b69I,15379,241,0,0.0,Qwen3-8B,2,random,random
R_29vrjoIMc07b69I,17923,282,0,0.0,Qwen3-8B,1,random,random
R_29vrjoIMc07b69I,21370,335,0,0.0,Qwen3-8B,4,random,random
R_29vrjoIMc07b69I,21370,335,0,0.0,Qwen3-8B,4,moral,authority
R_29vrjoIMc07b69I,21370,335,0,0.0,Qwen3-8B,4,random,random
R_29vrjoIMc07b69I,21370,335,0,0.0,Qwen3-8B,4,moral,authority
R_29vrjoIMc07b69I,21580,338,0,0.0,Qwen3-8B,2,random,random
R_29vrjoIMc07b69I,27356,434,0,0.0,Qwen3-8B,3,random,random
R_29vrjoIMc07b69I,44021,708,0,0.0,Qwen3-8B,1,random,random
R_29vrjoIMc07b69I,88042,1785,0,0.0,Qwen3-8B,2,moral,authority
R_29vrjoIMc07b69I,91733,1933,0,0.0,Qwen3-8B,2,social-group,jewish
R_29vrjoIMc07b69I,91755,1934,0,0.0,Qwen3-8B,2,moral,care
R_29vrjoIMc07b69I,91777,1935,0,0.0,Qwen3-8B,3,random,random
R_29vrjoIMc07b69I,91799,1936,0,0.0,Qwen3-8B,4,social-group,LGB
R_29vrjoIMc07b69I,91821,1937,0,0.0,Qwen3-8B,4,social-group,jewish
R_29vrjoIMc07b69I,91843,1938,0,0.0,Qwen3-8B,3,random,random
R_29vrjoIMc07b69I,91865,1939,0,0.0,Qwen3-8B,2,random,random
R_29vrjoIMc07b69I,91887,1940,0,0.0,Qwen3-8B,2,social-group,LGB
R_29vrjoIMc07b69I,91909,1941,0,0.0,Qwen3-8B,3,social-group,jewish
R_29vrjoIMc07b69I,91931,1942,0,0.0,Qwen3-8B,5,social-group,LGB
R_29vrjoIMc07b69I,91953,1943,0,0.0,Qwen3-8B,3,social-group,transgender
R_29vrjoIMc07b69I,91975,1944,0,0.0,Qwen3-8B,3,social-group,muslim
R_29vrjoIMc07b69I,91997,1945,0,0.0,Qwen3-8B,5,social-group,transgender
R_29vrjoIMc07b69I,92019,1946,0,0.0,Qwen3-8B,3,social-group,LGB
R_29vrjoIMc07b69I,92041,1947,0,0.0,Qwen3-8B,2,social-group,transgender
R_29vrjoIMc07b69I,92063,1948,0,0.0,Qwen3-8B,3,social-group,muslim
R_29vrjoIMc07b69I,92085,1949,0,0.0,Qwen3-8B,2,social-group,LGB
R_29vrjoIMc07b69I,92107,1950,0,0.0,Qwen3-8B,5,social-group,transgender
R_29vrjoIMc07b69I,92129,1951,0,0.0,Qwen3-8B,3,moral,care
R_29vrjoIMc07b69I,92151,1952,0,0.0,Qwen3-8B,5,social-group,muslim
R_29vrjoIMc07b69I,92173,1953,0,0.0,Qwen3-8B,4,social-group,transgender
R_29vrjoIMc07b69I,92195,1954,0,0.0,Qwen3-8B,4,social-group,christian
R_29vrjoIMc07b69I,92217,1955,0,0.0,Qwen3-8B,1,random,random
R_29vrjoIMc07b69I,92239,1956,0,0.0,Qwen3-8B,2,social-group,muslim
R_29vrjoIMc07b69I,92261,1957,0,0.0,Qwen3-8B,4,random,random
R_29vrjoIMc07b69I,92283,1958,0,0.0,Qwen3-8B,5,social-group,jewish
R_29vrjoIMc07b69I,92305,1959,0,0.0,Qwen3-8B,4,social-group,transgender
R_29vrjoIMc07b69I,92327,1960,0,0.0,Qwen3-8B,1,moral,care
R_1N2IhhwFYSFLQJg,15393,241,0,0.0,Qwen3-8B,2,random,random
R_1N2IhhwFYSFLQJg,17934,282,0,0.0,Qwen3-8B,1,random,random
R_1N2IhhwFYSFLQJg,21408,335,4,1.0,Qwen3-8B,4,random,random
R_1N2IhhwFYSFLQJg,21408,335,4,1.0,Qwen3-8B,4,moral,authority
R_1N2IhhwFYSFLQJg,21408,335,4,1.0,Qwen3-8B,4,random,random
R_1N2IhhwFYSFLQJg,21408,335,4,1.0,Qwen3-8B,4,moral,authority
R_1N2IhhwFYSFLQJg,21593,338,0,0.0,Qwen3-8B,2,random,random
R_1N2IhhwFYSFLQJg,27366,434,0,0.0,Qwen3-8B,3,random,random
R_1N2IhhwFYSFLQJg,44034,708,0,0.0,Qwen3-8B,1,random,random
R_1N2IhhwFYSFLQJg,88050,1785,3,1.0,Qwen3-8B,2,moral,authority
R_1N2IhhwFYSFLQJg,91736,1933,2,1.0,Qwen3-8B,2,social-group,jewish
R_1N2IhhwFYSFLQJg,91758,1934,1,0.0,Qwen3-8B,2,moral,care
R_1N2IhhwFYSFLQJg,91780,1935,3,1.0,Qwen3-8B,3,random,random
R_1N2IhhwFYSFLQJg,91802,1936,4,1.0,Qwen3-8B,4,social-group,LGB
R_1N2IhhwFYSFLQJg,91824,1937,3,1.0,Qwen3-8B,4,social-group,jewish
R_1N2IhhwFYSFLQJg,91846,1938,4,1.0,Qwen3-8B,3,random,random
R_1N2IhhwFYSFLQJg,91868,1939,0,0.0,Qwen3-8B,2,random,random
R_1N2IhhwFYSFLQJg,91890,1940,4,1.0,Qwen3-8B,2,social-group,LGB
R_1N2IhhwFYSFLQJg,91912,1941,4,1.0,Qwen3-8B,3,social-group,jewish
R_1N2IhhwFYSFLQJg,91934,1942,4,1.0,Qwen3-8B,5,social-group,LGB
R_1N2IhhwFYSFLQJg,91956,1943,4,1.0,Qwen3-8B,3,social-group,transgender
R_1N2IhhwFYSFLQJg,91978,1944,4,1.0,Qwen3-8B,3,social-group,muslim
R_1N2IhhwFYSFLQJg,92000,1945,4,1.0,Qwen3-8B,5,social-group,transgender
R_1N2IhhwFYSFLQJg,92022,1946,4,1.0,Qwen3-8B,3,social-group,LGB
R_1N2IhhwFYSFLQJg,92044,1947,2,1.0,Qwen3-8B,2,social-group,transgender
R_1N2IhhwFYSFLQJg,92066,1948,0,0.0,Qwen3-8B,3,social-group,muslim
R_1N2IhhwFYSFLQJg,92088,1949,1,0.0,Qwen3-8B,2,social-group,LGB
R_1N2IhhwFYSFLQJg,92110,1950,4,1.0,Qwen3-8B,5,social-group,transgender
R_1N2IhhwFYSFLQJg,92132,1951,0,0.0,Qwen3-8B,3,moral,care
R_1N2IhhwFYSFLQJg,92154,1952,4,1.0,Qwen3-8B,5,social-group,muslim
R_1N2IhhwFYSFLQJg,92176,1953,4,1.0,Qwen3-8B,4,social-group,transgender
R_1N2IhhwFYSFLQJg,92198,1954,4,1.0,Qwen3-8B,4,social-group,christian
R_1N2IhhwFYSFLQJg,92220,1955,0,0.0,Qwen3-8B,1,random,random
R_1N2IhhwFYSFLQJg,92242,1956,0,0.0,Qwen3-8B,2,social-group,muslim
R_1N2IhhwFYSFLQJg,92264,1957,2,1.0,Qwen3-8B,4,random,random
R_1N2IhhwFYSFLQJg,92286,1958,4,1.0,Qwen3-8B,5,social-group,jewish
R_1N2IhhwFYSFLQJg,92308,1959,4,1.0,Qwen3-8B,4,social-group,transgender
R_1N2IhhwFYSFLQJg,92330,1960,0,0.0,Qwen3-8B,1,moral,care
R_1l3IulqnCsnzCFQ,15742,247,1,0.0,Qwen3-8B,3,random,random
R_1l3IulqnCsnzCFQ,38026,610,0,0.0,Qwen3-8B,2,random,random
R_1l3IulqnCsnzCFQ,41377,666,4,1.0,Qwen3-8B,1,random,random
R_1l3IulqnCsnzCFQ,43734,704,1,0.0,Qwen3-8B,3,random,random
R_1l3IulqnCsnzCFQ,46338,742,0,0.0,Qwen3-8B,1,random,random
R_1l3IulqnCsnzCFQ,56124,886,0,0.0,Qwen3-8B,2,random,random
R_1l3IulqnCsnzCFQ,65597,1038,0,0.0,Qwen3-8B,1,random,random
R_1l3IulqnCsnzCFQ,71636,1144,0,0.0,Qwen3-8B,2,random,random
R_1l3IulqnCsnzCFQ,83969,1624,0,0.0,Qwen3-8B,1,moral,authority
R_1l3IulqnCsnzCFQ,96985,2145,3,1.0,Qwen3-8B,3,social-group,muslim
R_1l3IulqnCsnzCFQ,97009,2146,3,1.0,Qwen3-8B,5,social-group,muslim
R_1l3IulqnCsnzCFQ,97033,2147,2,1.0,Qwen3-8B,3,social-group,muslim
R_1l3IulqnCsnzCFQ,97057,2148,1,0.0,Qwen3-8B,3,social-group,LGB
R_1l3IulqnCsnzCFQ,97081,2149,3,1.0,Qwen3-8B,2,social-group,LGB
R_1l3IulqnCsnzCFQ,97105,2150,3,1.0,Qwen3-8B,4,social-group,christian
R_1l3IulqnCsnzCFQ,97129,2151,1,0.0,Qwen3-8B,2,random,random
R_1l3IulqnCsnzCFQ,97153,2152,4,1.0,Qwen3-8B,4,social-group,christian
R_1l3IulqnCsnzCFQ,97177,2153,1,0.0,Qwen3-8B,3,random,random
R_1l3IulqnCsnzCFQ,97201,2154,2,1.0,Qwen3-8B,3,social-group,christian
R_1l3IulqnCsnzCFQ,97225,2155,0,0.0,Qwen3-8B,2,social-group,transgender
R_1l3IulqnCsnzCFQ,97249,2156,2,1.0,Qwen3-8B,1,random,random
R_1l3IulqnCsnzCFQ,97273,2157,3,1.0,Qwen3-8B,2,moral,authority
R_1l3IulqnCsnzCFQ,97297,2158,2,1.0,Qwen3-8B,4,social-group,LGB
R_1l3IulqnCsnzCFQ,97321,2159,1,0.0,Qwen3-8B,4,social-group,transgender
R_1l3IulqnCsnzCFQ,97345,2160,1,0.0,Qwen3-8B,5,social-group,transgender
R_1l3IulqnCsnzCFQ,97369,2161,1,0.0,Qwen3-8B,3,moral,care
R_1l3IulqnCsnzCFQ,97393,2162,0,0.0,Qwen3-8B,3,random,random
R_1l3IulqnCsnzCFQ,97417,2163,0,0.0,Qwen3-8B,2,random,random
R_1l3IulqnCsnzCFQ,97441,2164,1,0.0,Qwen3-8B,3,social-group,transgender
R_1l3IulqnCsnzCFQ,97465,2165,1,0.0,Qwen3-8B,2,social-group,muslim
R_1l3IulqnCsnzCFQ,97489,2166,3,1.0,Qwen3-8B,5,social-group,muslim
R_1l3IulqnCsnzCFQ,97513,2167,1,0.0,Qwen3-8B,4,social-group,christian
R_1l3IulqnCsnzCFQ,97537,2168,0,0.0,Qwen3-8B,3,random,random
R_1l3IulqnCsnzCFQ,97561,2169,1,0.0,Qwen3-8B,1,random,random
R_1l3IulqnCsnzCFQ,97585,2170,3,1.0,Qwen3-8B,3,random,random
R_vcU8zQqF8mVYlvX,15748,247,0,0.0,Qwen3-8B,3,random,random
R_vcU8zQqF8mVYlvX,38035,610,0,0.0,Qwen3-8B,2,random,random
R_vcU8zQqF8mVYlvX,41384,666,0,0.0,Qwen3-8B,1,random,random
R_vcU8zQqF8mVYlvX,43741,704,0,0.0,Qwen3-8B,3,random,random
R_vcU8zQqF8mVYlvX,46345,742,0,0.0,Qwen3-8B,1,random,random
R_vcU8zQqF8mVYlvX,56133,886,0,0.0,Qwen3-8B,2,random,random
R_vcU8zQqF8mVYlvX,65610,1038,0,0.0,Qwen3-8B,1,random,random
R_vcU8zQqF8mVYlvX,71643,1144,0,0.0,Qwen3-8B,2,random,random
R_vcU8zQqF8mVYlvX,83977,1624,0,0.0,Qwen3-8B,1,moral,authority
R_vcU8zQqF8mVYlvX,96988,2145,0,0.0,Qwen3-8B,3,social-group,muslim
R_vcU8zQqF8mVYlvX,97012,2146,-1,,Qwen3-8B,5,social-group,muslim
R_vcU8zQqF8mVYlvX,97036,2147,4,1.0,Qwen3-8B,3,social-group,muslim
R_vcU8zQqF8mVYlvX,97060,2148,0,0.0,Qwen3-8B,3,social-group,LGB
R_vcU8zQqF8mVYlvX,97084,2149,0,0.0,Qwen3-8B,2,social-group,LGB
R_vcU8zQqF8mVYlvX,97108,2150,0,0.0,Qwen3-8B,4,social-group,christian
R_vcU8zQqF8mVYlvX,97132,2151,0,0.0,Qwen3-8B,2,random,random
R_vcU8zQqF8mVYlvX,97156,2152,0,0.0,Qwen3-8B,4,social-group,christian
R_vcU8zQqF8mVYlvX,97180,2153,0,0.0,Qwen3-8B,3,random,random
R_vcU8zQqF8mVYlvX,97204,2154,0,0.0,Qwen3-8B,3,social-group,christian
R_vcU8zQqF8mVYlvX,97228,2155,0,0.0,Qwen3-8B,2,social-group,transgender
R_vcU8zQqF8mVYlvX,97252,2156,0,0.0,Qwen3-8B,1,random,random
R_vcU8zQqF8mVYlvX,97276,2157,0,0.0,Qwen3-8B,2,moral,authority
R_vcU8zQqF8mVYlvX,97300,2158,0,0.0,Qwen3-8B,4,social-group,LGB
R_vcU8zQqF8mVYlvX,97324,2159,0,0.0,Qwen3-8B,4,social-group,transgender
R_vcU8zQqF8mVYlvX,97348,2160,0,0.0,Qwen3-8B,5,social-group,transgender
R_vcU8zQqF8mVYlvX,97372,2161,0,0.0,Qwen3-8B,3,moral,care
R_vcU8zQqF8mVYlvX,97396,2162,0,0.0,Qwen3-8B,3,random,random
R_vcU8zQqF8mVYlvX,97420,2163,0,0.0,Qwen3-8B,2,random,random
R_vcU8zQqF8mVYlvX,97444,2164,0,0.0,Qwen3-8B,3,social-group,transgender
R_vcU8zQqF8mVYlvX,97468,2165,0,0.0,Qwen3-8B,2,social-group,muslim
R_vcU8zQqF8mVYlvX,97492,2166,0,0.0,Qwen3-8B,5,social-group,muslim
R_vcU8zQqF8mVYlvX,97516,2167,0,0.0,Qwen3-8B,4,social-group,christian
R_vcU8zQqF8mVYlvX,97540,2168,0,0.0,Qwen3-8B,3,random,random
R_vcU8zQqF8mVYlvX,97564,2169,0,0.0,Qwen3-8B,1,random,random
R_vcU8zQqF8mVYlvX,97588,2170,3,1.0,Qwen3-8B,3,random,random
R_3Mfe30LWbtXHG0Y,15786,247,0,0.0,Qwen3-8B,3,random,random
R_3Mfe30LWbtXHG0Y,38065,610,0,0.0,Qwen3-8B,2,random,random
R_3Mfe30LWbtXHG0Y,41417,666,0,0.0,Qwen3-8B,1,random,random
R_3Mfe30LWbtXHG0Y,43778,704,0,0.0,Qwen3-8B,3,random,random
R_3Mfe30LWbtXHG0Y,46389,742,0,0.0,Qwen3-8B,1,random,random
R_3Mfe30LWbtXHG0Y,56169,886,0,0.0,Qwen3-8B,2,random,random
R_3Mfe30LWbtXHG0Y,65639,1038,0,0.0,Qwen3-8B,1,random,random
R_3Mfe30LWbtXHG0Y,71670,1144,0,0.0,Qwen3-8B,2,random,random
R_3Mfe30LWbtXHG0Y,84001,1624,0,0.0,Qwen3-8B,1,moral,authority
R_3Mfe30LWbtXHG0Y,97002,2145,0,0.0,Qwen3-8B,3,social-group,muslim
R_3Mfe30LWbtXHG0Y,97026,2146,3,1.0,Qwen3-8B,5,social-group,muslim
R_3Mfe30LWbtXHG0Y,97050,2147,0,0.0,Qwen3-8B,3,social-group,muslim
R_3Mfe30LWbtXHG0Y,97074,2148,0,0.0,Qwen3-8B,3,social-group,LGB
R_3Mfe30LWbtXHG0Y,97098,2149,0,0.0,Qwen3-8B,2,social-group,LGB
R_3Mfe30LWbtXHG0Y,97122,2150,0,0.0,Qwen3-8B,4,social-group,christian
R_3Mfe30LWbtXHG0Y,97146,2151,0,0.0,Qwen3-8B,2,random,random
R_3Mfe30LWbtXHG0Y,97170,2152,0,0.0,Qwen3-8B,4,social-group,christian
R_3Mfe30LWbtXHG0Y,97194,2153,0,0.0,Qwen3-8B,3,random,random
R_3Mfe30LWbtXHG0Y,97218,2154,1,0.0,Qwen3-8B,3,social-group,christian
R_3Mfe30LWbtXHG0Y,97242,2155,0,0.0,Qwen3-8B,2,social-group,transgender
R_3Mfe30LWbtXHG0Y,97266,2156,0,0.0,Qwen3-8B,1,random,random
R_3Mfe30LWbtXHG0Y,97290,2157,1,0.0,Qwen3-8B,2,moral,authority
R_3Mfe30LWbtXHG0Y,97314,2158,0,0.0,Qwen3-8B,4,social-group,LGB
R_3Mfe30LWbtXHG0Y,97338,2159,2,1.0,Qwen3-8B,4,social-group,transgender
R_3Mfe30LWbtXHG0Y,97362,2160,4,1.0,Qwen3-8B,5,social-group,transgender
R_3Mfe30LWbtXHG0Y,97386,2161,1,0.0,Qwen3-8B,3,moral,care
R_3Mfe30LWbtXHG0Y,97410,2162,0,0.0,Qwen3-8B,3,random,random
R_3Mfe30LWbtXHG0Y,97434,2163,0,0.0,Qwen3-8B,2,random,random
R_3Mfe30LWbtXHG0Y,97458,2164,0,0.0,Qwen3-8B,3,social-group,transgender
R_3Mfe30LWbtXHG0Y,97482,2165,0,0.0,Qwen3-8B,2,social-group,muslim
R_3Mfe30LWbtXHG0Y,97506,2166,0,0.0,Qwen3-8B,5,social-group,muslim
R_3Mfe30LWbtXHG0Y,97530,2167,0,0.0,Qwen3-8B,4,social-group,christian
R_3Mfe30LWbtXHG0Y,97554,2168,0,0.0,Qwen3-8B,3,random,random
R_3Mfe30LWbtXHG0Y,97578,2169,0,0.0,Qwen3-8B,1,random,random
R_3Mfe30LWbtXHG0Y,97602,2170,0,0.0,Qwen3-8B,3,random,random
R_3Dj8aeAhZnumlBn,15965,250,0,0.0,Qwen3-8B,2,random,random
R_3Dj8aeAhZnumlBn,16023,251,0,0.0,Qwen3-8B,2,random,random
R_3Dj8aeAhZnumlBn,16086,252,0,0.0,Qwen3-8B,2,random,random
R_3Dj8aeAhZnumlBn,16148,253,0,0.0,Qwen3-8B,2,random,random
R_3Dj8aeAhZnumlBn,16206,254,0,0.0,Qwen3-8B,4,random,random
R_3Dj8aeAhZnumlBn,16267,255,1,0.0,Qwen3-8B,4,random,random
R_3Dj8aeAhZnumlBn,16328,256,0,0.0,Qwen3-8B,4,random,random
R_3Dj8aeAhZnumlBn,16389,257,0,0.0,Qwen3-8B,4,random,random
R_3Dj8aeAhZnumlBn,16450,258,0,0.0,Qwen3-8B,1,random,random
R_3Dj8aeAhZnumlBn,16511,259,0,0.0,Qwen3-8B,4,random,random
R_3Dj8aeAhZnumlBn,16569,260,0,0.0,Qwen3-8B,3,random,random
R_3Dj8aeAhZnumlBn,16632,261,0,0.0,Qwen3-8B,2,random,random
R_3Dj8aeAhZnumlBn,16694,262,0,0.0,Qwen3-8B,2,random,random
R_3Dj8aeAhZnumlBn,16755,263,0,0.0,Qwen3-8B,1,random,random
R_3Dj8aeAhZnumlBn,16816,264,0,0.0,Qwen3-8B,1,random,random
R_3Dj8aeAhZnumlBn,16878,265,0,0.0,Qwen3-8B,2,random,random
R_3Dj8aeAhZnumlBn,16939,266,0,0.0,Qwen3-8B,1,random,random
R_3Dj8aeAhZnumlBn,16999,267,0,0.0,Qwen3-8B,2,random,random
R_3Dj8aeAhZnumlBn,17058,268,0,0.0,Qwen3-8B,5,random,random
R_3Dj8aeAhZnumlBn,17120,269,0,0.0,Qwen3-8B,2,random,random
R_3Dj8aeAhZnumlBn,17180,270,0,0.0,Qwen3-8B,2,random,random
R_3Dj8aeAhZnumlBn,17241,271,0,0.0,Qwen3-8B,3,random,random
R_3Dj8aeAhZnumlBn,17302,272,0,0.0,Qwen3-8B,2,random,random
R_3Dj8aeAhZnumlBn,17359,273,0,0.0,Qwen3-8B,1,random,random
R_3Dj8aeAhZnumlBn,17420,274,0,0.0,Qwen3-8B,4,random,random
R_3Dj8aeAhZnumlBn,17482,275,0,0.0,Qwen3-8B,1,random,random
R_3Dj8aeAhZnumlBn,17544,276,0,0.0,Qwen3-8B,2,random,random
R_3Dj8aeAhZnumlBn,17605,277,0,0.0,Qwen3-8B,2,random,random
R_3Dj8aeAhZnumlBn,17666,278,0,0.0,Qwen3-8B,2,random,random
R_3Dj8aeAhZnumlBn,17727,279,0,0.0,Qwen3-8B,5,random,random
R_3Dj8aeAhZnumlBn,17788,280,0,0.0,Qwen3-8B,3,random,random
R_3Dj8aeAhZnumlBn,17851,281,0,0.0,Qwen3-8B,2,random,random
R_3Dj8aeAhZnumlBn,17912,282,0,0.0,Qwen3-8B,1,random,random
R_3Dj8aeAhZnumlBn,17972,283,0,0.0,Qwen3-8B,2,random,random
R_3Dj8aeAhZnumlBn,18033,284,0,0.0,Qwen3-8B,4,random,random
R_1hEVap6Fdda9jlQ,15984,250,1,0.0,Qwen3-8B,2,random,random
R_1hEVap6Fdda9jlQ,16046,251,1,0.0,Qwen3-8B,2,random,random
R_1hEVap6Fdda9jlQ,16108,252,1,0.0,Qwen3-8B,2,random,random
R_1hEVap6Fdda9jlQ,16168,253,1,0.0,Qwen3-8B,2,random,random
R_1hEVap6Fdda9jlQ,16227,254,1,0.0,Qwen3-8B,4,random,random
R_1hEVap6Fdda9jlQ,16288,255,1,0.0,Qwen3-8B,4,random,random
R_1hEVap6Fdda9jlQ,16349,256,1,0.0,Qwen3-8B,4,random,random
R_1hEVap6Fdda9jlQ,16411,257,1,0.0,Qwen3-8B,4,random,random
R_1hEVap6Fdda9jlQ,16471,258,0,0.0,Qwen3-8B,1,random,random
R_1hEVap6Fdda9jlQ,16530,259,1,0.0,Qwen3-8B,4,random,random
R_1hEVap6Fdda9jlQ,16592,260,1,0.0,Qwen3-8B,3,random,random
R_1hEVap6Fdda9jlQ,16654,261,1,0.0,Qwen3-8B,2,random,random
R_1hEVap6Fdda9jlQ,16715,262,1,0.0,Qwen3-8B,2,random,random
R_1hEVap6Fdda9jlQ,16776,263,1,0.0,Qwen3-8B,1,random,random
R_1hEVap6Fdda9jlQ,16838,264,1,0.0,Qwen3-8B,1,random,random
R_1hEVap6Fdda9jlQ,16899,265,1,0.0,Qwen3-8B,2,random,random
R_1hEVap6Fdda9jlQ,16959,266,1,0.0,Qwen3-8B,1,random,random
R_1hEVap6Fdda9jlQ,17018,267,1,0.0,Qwen3-8B,2,random,random
R_1hEVap6Fdda9jlQ,17080,268,1,0.0,Qwen3-8B,5,random,random
R_1hEVap6Fdda9jlQ,17142,269,1,0.0,Qwen3-8B,2,random,random
R_1hEVap6Fdda9jlQ,17201,270,1,0.0,Qwen3-8B,2,random,random
R_1hEVap6Fdda9jlQ,17262,271,1,0.0,Qwen3-8B,3,random,random
R_1hEVap6Fdda9jlQ,17322,272,1,0.0,Qwen3-8B,2,random,random
R_1hEVap6Fdda9jlQ,17380,273,1,0.0,Qwen3-8B,1,random,random
R_1hEVap6Fdda9jlQ,17442,274,1,0.0,Qwen3-8B,4,random,random
R_1hEVap6Fdda9jlQ,17504,275,1,0.0,Qwen3-8B,1,random,random
R_1hEVap6Fdda9jlQ,17566,276,1,0.0,Qwen3-8B,2,random,random
R_1hEVap6Fdda9jlQ,17626,277,1,0.0,Qwen3-8B,2,random,random
R_1hEVap6Fdda9jlQ,17687,278,1,0.0,Qwen3-8B,2,random,random
R_1hEVap6Fdda9jlQ,17749,279,1,0.0,Qwen3-8B,5,random,random
R_1hEVap6Fdda9jlQ,17810,280,1,0.0,Qwen3-8B,3,random,random
R_1hEVap6Fdda9jlQ,17872,281,1,0.0,Qwen3-8B,2,random,random
R_1hEVap6Fdda9jlQ,17932,282,1,0.0,Qwen3-8B,1,random,random
R_1hEVap6Fdda9jlQ,17993,283,1,0.0,Qwen3-8B,2,random,random
R_1hEVap6Fdda9jlQ,18056,284,1,0.0,Qwen3-8B,4,random,random
R_3OlxZ5rStKH4rDE,16096,252,1,0.0,Qwen3-8B,2,random,random
R_3OlxZ5rStKH4rDE,17130,269,1,0.0,Qwen3-8B,2,random,random
R_3OlxZ5rStKH4rDE,26582,420,1,0.0,Qwen3-8B,2,random,random
R_3OlxZ5rStKH4rDE,33436,532,0,0.0,Qwen3-8B,2,random,random
R_3OlxZ5rStKH4rDE,33856,539,0,0.0,Qwen3-8B,1,random,random
R_3OlxZ5rStKH4rDE,47514,758,4,1.0,Qwen3-8B,3,random,random
R_3OlxZ5rStKH4rDE,64842,1026,2,1.0,Qwen3-8B,4,random,random
R_3OlxZ5rStKH4rDE,72127,1153,0,0.0,Qwen3-8B,1,random,random
R_3OlxZ5rStKH4rDE,95784,2100,0,0.0,Qwen3-8B,1,moral,purity
R_3OlxZ5rStKH4rDE,95784,2100,0,0.0,Qwen3-8B,1,moral,care
R_3OlxZ5rStKH4rDE,95784,2100,0,0.0,Qwen3-8B,1,moral,loyalty
R_3OlxZ5rStKH4rDE,95784,2100,0,0.0,Qwen3-8B,1,moral,purity
R_3OlxZ5rStKH4rDE,95784,2100,0,0.0,Qwen3-8B,1,moral,care
R_3OlxZ5rStKH4rDE,95784,2100,0,0.0,Qwen3-8B,1,moral,loyalty
R_3OlxZ5rStKH4rDE,95784,2100,0,0.0,Qwen3-8B,1,moral,purity
R_3OlxZ5rStKH4rDE,95784,2100,0,0.0,Qwen3-8B,1,moral,care
R_3OlxZ5rStKH4rDE,95784,2100,0,0.0,Qwen3-8B,1,moral,loyalty
R_3OlxZ5rStKH4rDE,98888,2225,0,0.0,Qwen3-8B,3,social-group,christian
R_3OlxZ5rStKH4rDE,98912,2226,0,0.0,Qwen3-8B,1,social-group,LGB
R_3OlxZ5rStKH4rDE,98936,2227,1,0.0,Qwen3-8B,4,social-group,transgender
R_3OlxZ5rStKH4rDE,98960,2228,1,0.0,Qwen3-8B,3,social-group,christian
R_3OlxZ5rStKH4rDE,98984,2229,2,1.0,Qwen3-8B,4,social-group,muslim
R_3OlxZ5rStKH4rDE,99008,2230,0,0.0,Qwen3-8B,4,social-group,jewish
R_3OlxZ5rStKH4rDE,99032,2231,2,1.0,Qwen3-8B,5,social-group,jewish
R_3OlxZ5rStKH4rDE,99056,2232,0,0.0,Qwen3-8B,1,moral,loyalty
R_3OlxZ5rStKH4rDE,99080,2233,1,0.0,Qwen3-8B,4,social-group,muslim
R_3OlxZ5rStKH4rDE,99104,2234,0,0.0,Qwen3-8B,3,random,random
R_3OlxZ5rStKH4rDE,99128,2235,0,0.0,Qwen3-8B,2,social-group,muslim
R_3OlxZ5rStKH4rDE,99152,2236,0,0.0,Qwen3-8B,1,random,random
R_3OlxZ5rStKH4rDE,99176,2237,1,0.0,Qwen3-8B,3,social-group,jewish
R_3OlxZ5rStKH4rDE,99200,2238,0,0.0,Qwen3-8B,1,moral,loyalty
R_3OlxZ5rStKH4rDE,99224,2239,0,0.0,Qwen3-8B,1,random,random
R_3OlxZ5rStKH4rDE,99248,2240,1,0.0,Qwen3-8B,1,social-group,LGB
R_3OlxZ5rStKH4rDE,99272,2241,1,0.0,Qwen3-8B,4,social-group,LGB
R_3OlxZ5rStKH4rDE,99296,2242,4,1.0,Qwen3-8B,5,random,random
R_3OlxZ5rStKH4rDE,99320,2243,2,1.0,Qwen3-8B,3,social-group,LGB
R_3OlxZ5rStKH4rDE,99344,2244,1,0.0,Qwen3-8B,1,social-group,transgender
R_3OlxZ5rStKH4rDE,99368,2245,0,0.0,Qwen3-8B,1,moral,authority
R_3OlxZ5rStKH4rDE,99392,2246,1,0.0,Qwen3-8B,4,social-group,transgender
R_3OlxZ5rStKH4rDE,99416,2247,1,0.0,Qwen3-8B,3,social-group,christian
R_3OlxZ5rStKH4rDE,99440,2248,4,1.0,Qwen3-8B,5,social-group,jewish
R_3OlxZ5rStKH4rDE,99464,2249,4,1.0,Qwen3-8B,3,moral,fairness
R_3OlxZ5rStKH4rDE,99488,2250,1,0.0,Qwen3-8B,1,social-group,transgender
R_3Dkm46WLrHxEMy3,16244,255,0,0.0,Qwen3-8B,4,random,random
R_3Dkm46WLrHxEMy3,45941,736,0,0.0,Qwen3-8B,2,random,random
R_3Dkm46WLrHxEMy3,53457,842,0,0.0,Qwen3-8B,1,random,random
R_3Dkm46WLrHxEMy3,54637,862,0,0.0,Qwen3-8B,3,random,random
R_3Dkm46WLrHxEMy3,59279,932,0,0.0,Qwen3-8B,2,random,random
R_3Dkm46WLrHxEMy3,100441,2290,0,0.0,Qwen3-8B,3,moral,purity
R_3Dkm46WLrHxEMy3,120229,3135,0,0.0,Qwen3-8B,1,random,random
R_3Dkm46WLrHxEMy3,120252,3136,0,0.0,Qwen3-8B,1,random,random
R_3Dkm46WLrHxEMy3,120275,3137,0,0.0,Qwen3-8B,2,random,random
R_3Dkm46WLrHxEMy3,120298,3138,0,0.0,Qwen3-8B,3,random,random
R_3Dkm46WLrHxEMy3,120321,3139,3,1.0,Qwen3-8B,3,social-group,muslim
R_3Dkm46WLrHxEMy3,120344,3140,3,1.0,Qwen3-8B,5,social-group,LGB
R_3Dkm46WLrHxEMy3,120367,3141,3,1.0,Qwen3-8B,3,social-group,LGB
R_3Dkm46WLrHxEMy3,120390,3142,2,1.0,Qwen3-8B,4,social-group,muslim
R_3Dkm46WLrHxEMy3,120413,3143,2,1.0,Qwen3-8B,3,random,random
R_3Dkm46WLrHxEMy3,120436,3144,2,1.0,Qwen3-8B,1,social-group,transgender
R_3Dkm46WLrHxEMy3,120459,3145,2,1.0,Qwen3-8B,3,social-group,muslim
R_3Dkm46WLrHxEMy3,120482,3146,2,1.0,Qwen3-8B,5,social-group,LGB
R_3Dkm46WLrHxEMy3,120505,3147,2,1.0,Qwen3-8B,1,social-group,transgender
R_3Dkm46WLrHxEMy3,120528,3148,0,0.0,Qwen3-8B,2,social-group,jewish
R_3Dkm46WLrHxEMy3,120551,3149,3,1.0,Qwen3-8B,4,social-group,muslim
R_3Dkm46WLrHxEMy3,120574,3150,2,1.0,Qwen3-8B,1,social-group,jewish
R_3Dkm46WLrHxEMy3,120597,3151,0,0.0,Qwen3-8B,2,social-group,LGB
R_3Dkm46WLrHxEMy3,120620,3152,2,1.0,Qwen3-8B,3,social-group,christian
R_3Dkm46WLrHxEMy3,120643,3153,1,0.0,Qwen3-8B,1,social-group,LGB
R_3Dkm46WLrHxEMy3,120666,3154,3,1.0,Qwen3-8B,4,social-group,LGB
R_3Dkm46WLrHxEMy3,120689,3155,0,0.0,Qwen3-8B,2,random,random
R_3Dkm46WLrHxEMy3,120712,3156,3,1.0,Qwen3-8B,3,social-group,christian
R_3Dkm46WLrHxEMy3,120735,3157,1,0.0,Qwen3-8B,3,moral,authority
R_3Dkm46WLrHxEMy3,120758,3158,1,0.0,Qwen3-8B,3,social-group,transgender
R_3Dkm46WLrHxEMy3,120781,3159,2,1.0,Qwen3-8B,3,social-group,jewish
R_3Dkm46WLrHxEMy3,120804,3160,0,0.0,Qwen3-8B,2,moral,loyalty
R_3Dkm46WLrHxEMy3,120827,3161,1,0.0,Qwen3-8B,1,social-group,christian
R_3Dkm46WLrHxEMy3,120850,3162,3,1.0,Qwen3-8B,3,social-group,transgender
R_22siYqX4cbiREQB,16264,255,4,1.0,Qwen3-8B,4,random,random
R_22siYqX4cbiREQB,45958,736,0,0.0,Qwen3-8B,2,random,random
R_22siYqX4cbiREQB,53474,842,1,0.0,Qwen3-8B,1,random,random
R_22siYqX4cbiREQB,54659,862,3,1.0,Qwen3-8B,3,random,random
R_22siYqX4cbiREQB,59291,932,1,0.0,Qwen3-8B,2,random,random
R_22siYqX4cbiREQB,100452,2290,0,0.0,Qwen3-8B,3,moral,purity
R_22siYqX4cbiREQB,120234,3135,0,0.0,Qwen3-8B,1,random,random
R_22siYqX4cbiREQB,120257,3136,0,0.0,Qwen3-8B,1,random,random
R_22siYqX4cbiREQB,120280,3137,1,0.0,Qwen3-8B,2,random,random
R_22siYqX4cbiREQB,120303,3138,0,0.0,Qwen3-8B,3,random,random
R_22siYqX4cbiREQB,120326,3139,2,1.0,Qwen3-8B,3,social-group,muslim
R_22siYqX4cbiREQB,120349,3140,1,0.0,Qwen3-8B,5,social-group,LGB
R_22siYqX4cbiREQB,120372,3141,2,1.0,Qwen3-8B,3,social-group,LGB
R_22siYqX4cbiREQB,120395,3142,3,1.0,Qwen3-8B,4,social-group,muslim
R_22siYqX4cbiREQB,120418,3143,1,0.0,Qwen3-8B,3,random,random
R_22siYqX4cbiREQB,120441,3144,0,0.0,Qwen3-8B,1,social-group,transgender
R_22siYqX4cbiREQB,120464,3145,1,0.0,Qwen3-8B,3,social-group,muslim
R_22siYqX4cbiREQB,120487,3146,4,1.0,Qwen3-8B,5,social-group,LGB
R_22siYqX4cbiREQB,120510,3147,1,0.0,Qwen3-8B,1,social-group,transgender
R_22siYqX4cbiREQB,120533,3148,1,0.0,Qwen3-8B,2,social-group,jewish
R_22siYqX4cbiREQB,120556,3149,3,1.0,Qwen3-8B,4,social-group,muslim
R_22siYqX4cbiREQB,120579,3150,3,1.0,Qwen3-8B,1,social-group,jewish
R_22siYqX4cbiREQB,120602,3151,2,1.0,Qwen3-8B,2,social-group,LGB
R_22siYqX4cbiREQB,120625,3152,3,1.0,Qwen3-8B,3,social-group,christian
R_22siYqX4cbiREQB,120648,3153,2,1.0,Qwen3-8B,1,social-group,LGB
R_22siYqX4cbiREQB,120671,3154,4,1.0,Qwen3-8B,4,social-group,LGB
R_22siYqX4cbiREQB,120694,3155,3,1.0,Qwen3-8B,2,random,random
R_22siYqX4cbiREQB,120717,3156,2,1.0,Qwen3-8B,3,social-group,christian
R_22siYqX4cbiREQB,120740,3157,2,1.0,Qwen3-8B,3,moral,authority
R_22siYqX4cbiREQB,120763,3158,3,1.0,Qwen3-8B,3,social-group,transgender
R_22siYqX4cbiREQB,120786,3159,4,1.0,Qwen3-8B,3,social-group,jewish
R_22siYqX4cbiREQB,120809,3160,1,0.0,Qwen3-8B,2,moral,loyalty
R_22siYqX4cbiREQB,120832,3161,0,0.0,Qwen3-8B,1,social-group,christian
R_22siYqX4cbiREQB,120855,3162,0,0.0,Qwen3-8B,3,social-group,transgender
R_2Xn5KZn8HVCqxpX,16290,255,3,1.0,Qwen3-8B,4,random,random
R_2Xn5KZn8HVCqxpX,45990,736,0,0.0,Qwen3-8B,2,random,random
R_2Xn5KZn8HVCqxpX,53503,842,-1,,Qwen3-8B,1,random,random
R_2Xn5KZn8HVCqxpX,54683,862,-1,,Qwen3-8B,3,random,random
R_2Xn5KZn8HVCqxpX,59316,932,0,0.0,Qwen3-8B,2,random,random
R_2Xn5KZn8HVCqxpX,100474,2290,4,1.0,Qwen3-8B,3,moral,purity
R_2Xn5KZn8HVCqxpX,120245,3135,-1,,Qwen3-8B,1,random,random
R_2Xn5KZn8HVCqxpX,120268,3136,0,0.0,Qwen3-8B,1,random,random
R_2Xn5KZn8HVCqxpX,120291,3137,1,0.0,Qwen3-8B,2,random,random
R_2Xn5KZn8HVCqxpX,120314,3138,0,0.0,Qwen3-8B,3,random,random
R_2Xn5KZn8HVCqxpX,120337,3139,4,1.0,Qwen3-8B,3,social-group,muslim
R_2Xn5KZn8HVCqxpX,120360,3140,0,0.0,Qwen3-8B,5,social-group,LGB
R_2Xn5KZn8HVCqxpX,120383,3141,0,0.0,Qwen3-8B,3,social-group,LGB
R_2Xn5KZn8HVCqxpX,120406,3142,3,1.0,Qwen3-8B,4,social-group,muslim
R_2Xn5KZn8HVCqxpX,120429,3143,1,0.0,Qwen3-8B,3,random,random
R_2Xn5KZn8HVCqxpX,120452,3144,0,0.0,Qwen3-8B,1,social-group,transgender
R_2Xn5KZn8HVCqxpX,120475,3145,1,0.0,Qwen3-8B,3,social-group,muslim
R_2Xn5KZn8HVCqxpX,120498,3146,-1,,Qwen3-8B,5,social-group,LGB
R_2Xn5KZn8HVCqxpX,120521,3147,0,0.0,Qwen3-8B,1,social-group,transgender
R_2Xn5KZn8HVCqxpX,120544,3148,-1,,Qwen3-8B,2,social-group,jewish
R_2Xn5KZn8HVCqxpX,120567,3149,2,1.0,Qwen3-8B,4,social-group,muslim
R_2Xn5KZn8HVCqxpX,120590,3150,0,0.0,Qwen3-8B,1,social-group,jewish
R_2Xn5KZn8HVCqxpX,120613,3151,0,0.0,Qwen3-8B,2,social-group,LGB
R_2Xn5KZn8HVCqxpX,120636,3152,4,1.0,Qwen3-8B,3,social-group,christian
R_2Xn5KZn8HVCqxpX,120659,3153,-1,,Qwen3-8B,1,social-group,LGB
R_2Xn5KZn8HVCqxpX,120682,3154,-1,,Qwen3-8B,4,social-group,LGB
R_2Xn5KZn8HVCqxpX,120705,3155,-1,,Qwen3-8B,2,random,random
R_2Xn5KZn8HVCqxpX,120728,3156,1,0.0,Qwen3-8B,3,social-group,christian
R_2Xn5KZn8HVCqxpX,120751,3157,1,0.0,Qwen3-8B,3,moral,authority
R_2Xn5KZn8HVCqxpX,120774,3158,-1,,Qwen3-8B,3,social-group,transgender
R_2Xn5KZn8HVCqxpX,120797,3159,-1,,Qwen3-8B,3,social-group,jewish
R_2Xn5KZn8HVCqxpX,120820,3160,2,1.0,Qwen3-8B,2,moral,loyalty
R_2Xn5KZn8HVCqxpX,120843,3161,2,1.0,Qwen3-8B,1,social-group,christian
R_2Xn5KZn8HVCqxpX,120866,3162,2,1.0,Qwen3-8B,3,social-group,transgender
R_1obd5Mm7Z0PnqSk,16916,266,0,0.0,Qwen3-8B,1,random,random
R_1obd5Mm7Z0PnqSk,25639,405,0,0.0,Qwen3-8B,2,random,random
R_1obd5Mm7Z0PnqSk,36960,592,4,1.0,Qwen3-8B,3,random,random
R_1obd5Mm7Z0PnqSk,52286,828,-1,,Qwen3-8B,1,random,random
R_1obd5Mm7Z0PnqSk,52286,828,-1,,Qwen3-8B,1,moral,loyalty
R_1obd5Mm7Z0PnqSk,52286,828,-1,,Qwen3-8B,1,random,random
R_1obd5Mm7Z0PnqSk,52286,828,-1,,Qwen3-8B,1,moral,loyalty
R_1obd5Mm7Z0PnqSk,62495,990,0,0.0,Qwen3-8B,1,random,random
R_1obd5Mm7Z0PnqSk,62495,990,0,0.0,Qwen3-8B,1,moral,fairness
R_1obd5Mm7Z0PnqSk,62495,990,0,0.0,Qwen3-8B,1,random,random
R_1obd5Mm7Z0PnqSk,62495,990,0,0.0,Qwen3-8B,1,moral,fairness
R_1obd5Mm7Z0PnqSk,62943,996,4,1.0,Qwen3-8B,4,random,random
R_1obd5Mm7Z0PnqSk,120872,3163,4,1.0,Qwen3-8B,4,social-group,christian
R_1obd5Mm7Z0PnqSk,120893,3164,4,1.0,Qwen3-8B,1,social-group,christian
R_1obd5Mm7Z0PnqSk,120914,3165,1,0.0,Qwen3-8B,4,social-group,christian
R_1obd5Mm7Z0PnqSk,120959,3166,0,0.0,Qwen3-8B,1,moral,care
R_1obd5Mm7Z0PnqSk,120959,3166,0,0.0,Qwen3-8B,1,moral,loyalty
R_1obd5Mm7Z0PnqSk,120959,3166,0,0.0,Qwen3-8B,1,moral,purity
R_1obd5Mm7Z0PnqSk,120959,3166,0,0.0,Qwen3-8B,1,moral,care
R_1obd5Mm7Z0PnqSk,120959,3166,0,0.0,Qwen3-8B,1,moral,loyalty
R_1obd5Mm7Z0PnqSk,120959,3166,0,0.0,Qwen3-8B,1,moral,purity
R_1obd5Mm7Z0PnqSk,120959,3166,0,0.0,Qwen3-8B,1,moral,care
R_1obd5Mm7Z0PnqSk,120959,3166,0,0.0,Qwen3-8B,1,moral,loyalty
R_1obd5Mm7Z0PnqSk,120959,3166,0,0.0,Qwen3-8B,1,moral,purity
R_1obd5Mm7Z0PnqSk,121133,3167,0,0.0,Qwen3-8B,3,social-group,transgender
R_1obd5Mm7Z0PnqSk,121154,3168,2,1.0,Qwen3-8B,4,social-group,transgender
R_1obd5Mm7Z0PnqSk,121175,3169,3,1.0,Qwen3-8B,3,random,random
R_1obd5Mm7Z0PnqSk,121196,3170,1,0.0,Qwen3-8B,4,social-group,jewish
R_1obd5Mm7Z0PnqSk,121217,3171,-1,,Qwen3-8B,1,moral,authority
R_1obd5Mm7Z0PnqSk,121238,3172,3,1.0,Qwen3-8B,3,social-group,LGB
R_1obd5Mm7Z0PnqSk,121259,3173,1,0.0,Qwen3-8B,4,social-group,transgender
R_1obd5Mm7Z0PnqSk,121280,3174,3,1.0,Qwen3-8B,4,random,random
R_1obd5Mm7Z0PnqSk,121301,3175,4,1.0,Qwen3-8B,2,random,random
R_1obd5Mm7Z0PnqSk,121322,3176,1,0.0,Qwen3-8B,2,moral,authority
R_1obd5Mm7Z0PnqSk,121343,3177,1,0.0,Qwen3-8B,4,social-group,jewish
R_1obd5Mm7Z0PnqSk,121364,3178,1,0.0,Qwen3-8B,2,social-group,LGB
R_1obd5Mm7Z0PnqSk,121385,3179,3,1.0,Qwen3-8B,4,social-group,transgender
R_1obd5Mm7Z0PnqSk,121406,3180,3,1.0,Qwen3-8B,3,social-group,christian
R_1obd5Mm7Z0PnqSk,121427,3181,1,0.0,Qwen3-8B,3,social-group,LGB
R_1obd5Mm7Z0PnqSk,121448,3182,3,1.0,Qwen3-8B,4,social-group,LGB
R_1obd5Mm7Z0PnqSk,121469,3183,3,1.0,Qwen3-8B,1,social-group,christian
R_1obd5Mm7Z0PnqSk,121490,3184,2,1.0,Qwen3-8B,1,moral,purity
R_1obd5Mm7Z0PnqSk,121511,3185,0,0.0,Qwen3-8B,3,social-group,jewish
R_1obd5Mm7Z0PnqSk,121532,3186,0,0.0,Qwen3-8B,5,social-group,muslim
R_1obd5Mm7Z0PnqSk,121553,3187,1,0.0,Qwen3-8B,5,social-group,transgender
R_1obd5Mm7Z0PnqSk,121574,3188,2,1.0,Qwen3-8B,2,social-group,muslim
R_1obd5Mm7Z0PnqSk,121595,3189,0,0.0,Qwen3-8B,4,social-group,jewish
R_1obd5Mm7Z0PnqSk,121616,3190,0,0.0,Qwen3-8B,2,random,random
R_1obd5Mm7Z0PnqSk,121637,3191,2,1.0,Qwen3-8B,2,social-group,muslim
R_2zpSgYL9q71Sikw,16927,266,0,0.0,Qwen3-8B,1,random,random
R_2zpSgYL9q71Sikw,25644,405,0,0.0,Qwen3-8B,2,random,random
R_2zpSgYL9q71Sikw,36966,592,1,0.0,Qwen3-8B,3,random,random
R_2zpSgYL9q71Sikw,52334,828,0,0.0,Qwen3-8B,1,random,random
R_2zpSgYL9q71Sikw,52334,828,0,0.0,Qwen3-8B,1,moral,loyalty
R_2zpSgYL9q71Sikw,52334,828,0,0.0,Qwen3-8B,1,random,random
R_2zpSgYL9q71Sikw,52334,828,0,0.0,Qwen3-8B,1,moral,loyalty
R_2zpSgYL9q71Sikw,62515,990,0,0.0,Qwen3-8B,1,random,random
R_2zpSgYL9q71Sikw,62515,990,0,0.0,Qwen3-8B,1,moral,fairness
R_2zpSgYL9q71Sikw,62515,990,0,0.0,Qwen3-8B,1,random,random
R_2zpSgYL9q71Sikw,62515,990,0,0.0,Qwen3-8B,1,moral,fairness
R_2zpSgYL9q71Sikw,62948,996,4,1.0,Qwen3-8B,4,random,random
R_2zpSgYL9q71Sikw,120874,3163,2,1.0,Qwen3-8B,4,social-group,christian
R_2zpSgYL9q71Sikw,120895,3164,1,0.0,Qwen3-8B,1,social-group,christian
R_2zpSgYL9q71Sikw,120916,3165,2,1.0,Qwen3-8B,4,social-group,christian
R_2zpSgYL9q71Sikw,120998,3166,0,0.0,Qwen3-8B,1,moral,care
R_2zpSgYL9q71Sikw,120998,3166,0,0.0,Qwen3-8B,1,moral,loyalty
R_2zpSgYL9q71Sikw,120998,3166,0,0.0,Qwen3-8B,1,moral,purity
R_2zpSgYL9q71Sikw,120998,3166,0,0.0,Qwen3-8B,1,moral,care
R_2zpSgYL9q71Sikw,120998,3166,0,0.0,Qwen3-8B,1,moral,loyalty
R_2zpSgYL9q71Sikw,120998,3166,0,0.0,Qwen3-8B,1,moral,purity
R_2zpSgYL9q71Sikw,120998,3166,0,0.0,Qwen3-8B,1,moral,care
R_2zpSgYL9q71Sikw,120998,3166,0,0.0,Qwen3-8B,1,moral,loyalty
R_2zpSgYL9q71Sikw,120998,3166,0,0.0,Qwen3-8B,1,moral,purity
R_2zpSgYL9q71Sikw,121135,3167,1,0.0,Qwen3-8B,3,social-group,transgender
R_2zpSgYL9q71Sikw,121156,3168,0,0.0,Qwen3-8B,4,social-group,transgender
R_2zpSgYL9q71Sikw,121177,3169,2,1.0,Qwen3-8B,3,random,random
R_2zpSgYL9q71Sikw,121198,3170,3,1.0,Qwen3-8B,4,social-group,jewish
R_2zpSgYL9q71Sikw,121219,3171,0,0.0,Qwen3-8B,1,moral,authority
R_2zpSgYL9q71Sikw,121240,3172,0,0.0,Qwen3-8B,3,social-group,LGB
R_2zpSgYL9q71Sikw,121261,3173,3,1.0,Qwen3-8B,4,social-group,transgender
R_2zpSgYL9q71Sikw,121282,3174,4,1.0,Qwen3-8B,4,random,random
R_2zpSgYL9q71Sikw,121303,3175,2,1.0,Qwen3-8B,2,random,random
R_2zpSgYL9q71Sikw,121324,3176,0,0.0,Qwen3-8B,2,moral,authority
R_2zpSgYL9q71Sikw,121345,3177,1,0.0,Qwen3-8B,4,social-group,jewish
R_2zpSgYL9q71Sikw,121366,3178,0,0.0,Qwen3-8B,2,social-group,LGB
R_2zpSgYL9q71Sikw,121387,3179,1,0.0,Qwen3-8B,4,social-group,transgender
R_2zpSgYL9q71Sikw,121408,3180,1,0.0,Qwen3-8B,3,social-group,christian
R_2zpSgYL9q71Sikw,121429,3181,1,0.0,Qwen3-8B,3,social-group,LGB
R_2zpSgYL9q71Sikw,121450,3182,3,1.0,Qwen3-8B,4,social-group,LGB
R_2zpSgYL9q71Sikw,121471,3183,1,0.0,Qwen3-8B,1,social-group,christian
R_2zpSgYL9q71Sikw,121492,3184,0,0.0,Qwen3-8B,1,moral,purity
R_2zpSgYL9q71Sikw,121513,3185,4,1.0,Qwen3-8B,3,social-group,jewish
R_2zpSgYL9q71Sikw,121534,3186,4,1.0,Qwen3-8B,5,social-group,muslim
R_2zpSgYL9q71Sikw,121555,3187,3,1.0,Qwen3-8B,5,social-group,transgender
R_2zpSgYL9q71Sikw,121576,3188,2,1.0,Qwen3-8B,2,social-group,muslim
R_2zpSgYL9q71Sikw,121597,3189,4,1.0,Qwen3-8B,4,social-group,jewish
R_2zpSgYL9q71Sikw,121618,3190,1,0.0,Qwen3-8B,2,random,random
R_2zpSgYL9q71Sikw,121639,3191,0,0.0,Qwen3-8B,2,social-group,muslim
R_ALiaCbLwDrysPFD,16949,266,0,0.0,Qwen3-8B,1,random,random
R_ALiaCbLwDrysPFD,25668,405,0,0.0,Qwen3-8B,2,random,random
R_ALiaCbLwDrysPFD,36992,592,0,0.0,Qwen3-8B,3,random,random
R_ALiaCbLwDrysPFD,52498,828,0,0.0,Qwen3-8B,1,random,random
R_ALiaCbLwDrysPFD,52498,828,0,0.0,Qwen3-8B,1,moral,loyalty
R_ALiaCbLwDrysPFD,52498,828,0,0.0,Qwen3-8B,1,random,random
R_ALiaCbLwDrysPFD,52498,828,0,0.0,Qwen3-8B,1,moral,loyalty
R_ALiaCbLwDrysPFD,62581,990,0,0.0,Qwen3-8B,1,random,random
R_ALiaCbLwDrysPFD,62581,990,0,0.0,Qwen3-8B,1,moral,fairness
R_ALiaCbLwDrysPFD,62581,990,0,0.0,Qwen3-8B,1,random,random
R_ALiaCbLwDrysPFD,62581,990,0,0.0,Qwen3-8B,1,moral,fairness
R_ALiaCbLwDrysPFD,62975,996,0,0.0,Qwen3-8B,4,random,random
R_ALiaCbLwDrysPFD,120883,3163,0,0.0,Qwen3-8B,4,social-group,christian
R_ALiaCbLwDrysPFD,120904,3164,0,0.0,Qwen3-8B,1,social-group,christian
R_ALiaCbLwDrysPFD,120925,3165,0,0.0,Qwen3-8B,4,social-group,christian
R_ALiaCbLwDrysPFD,121058,3166,0,0.0,Qwen3-8B,1,moral,care
R_ALiaCbLwDrysPFD,121058,3166,0,0.0,Qwen3-8B,1,moral,loyalty
R_ALiaCbLwDrysPFD,121058,3166,0,0.0,Qwen3-8B,1,moral,purity
R_ALiaCbLwDrysPFD,121058,3166,0,0.0,Qwen3-8B,1,moral,care
R_ALiaCbLwDrysPFD,121058,3166,0,0.0,Qwen3-8B,1,moral,loyalty
R_ALiaCbLwDrysPFD,121058,3166,0,0.0,Qwen3-8B,1,moral,purity
R_ALiaCbLwDrysPFD,121058,3166,0,0.0,Qwen3-8B,1,moral,care
R_ALiaCbLwDrysPFD,121058,3166,0,0.0,Qwen3-8B,1,moral,loyalty
R_ALiaCbLwDrysPFD,121058,3166,0,0.0,Qwen3-8B,1,moral,purity
R_ALiaCbLwDrysPFD,121144,3167,0,0.0,Qwen3-8B,3,social-group,transgender
R_ALiaCbLwDrysPFD,121165,3168,0,0.0,Qwen3-8B,4,social-group,transgender
R_ALiaCbLwDrysPFD,121186,3169,0,0.0,Qwen3-8B,3,random,random
R_ALiaCbLwDrysPFD,121207,3170,0,0.0,Qwen3-8B,4,social-group,jewish
R_ALiaCbLwDrysPFD,121228,3171,0,0.0,Qwen3-8B,1,moral,authority
R_ALiaCbLwDrysPFD,121249,3172,0,0.0,Qwen3-8B,3,social-group,LGB
R_ALiaCbLwDrysPFD,121270,3173,0,0.0,Qwen3-8B,4,social-group,transgender
R_ALiaCbLwDrysPFD,121291,3174,0,0.0,Qwen3-8B,4,random,random
R_ALiaCbLwDrysPFD,121312,3175,0,0.0,Qwen3-8B,2,random,random
R_ALiaCbLwDrysPFD,121333,3176,0,0.0,Qwen3-8B,2,moral,authority
R_ALiaCbLwDrysPFD,121354,3177,0,0.0,Qwen3-8B,4,social-group,jewish
R_ALiaCbLwDrysPFD,121375,3178,0,0.0,Qwen3-8B,2,social-group,LGB
R_ALiaCbLwDrysPFD,121396,3179,0,0.0,Qwen3-8B,4,social-group,transgender
R_ALiaCbLwDrysPFD,121417,3180,0,0.0,Qwen3-8B,3,social-group,christian
R_ALiaCbLwDrysPFD,121438,3181,0,0.0,Qwen3-8B,3,social-group,LGB
R_ALiaCbLwDrysPFD,121459,3182,0,0.0,Qwen3-8B,4,social-group,LGB
R_ALiaCbLwDrysPFD,121480,3183,0,0.0,Qwen3-8B,1,social-group,christian
R_ALiaCbLwDrysPFD,121501,3184,0,0.0,Qwen3-8B,1,moral,purity
R_ALiaCbLwDrysPFD,121522,3185,0,0.0,Qwen3-8B,3,social-group,jewish
R_ALiaCbLwDrysPFD,121543,3186,0,0.0,Qwen3-8B,5,social-group,muslim
R_ALiaCbLwDrysPFD,121564,3187,0,0.0,Qwen3-8B,5,social-group,transgender
R_ALiaCbLwDrysPFD,121585,3188,0,0.0,Qwen3-8B,2,social-group,muslim
R_ALiaCbLwDrysPFD,121606,3189,0,0.0,Qwen3-8B,4,social-group,jewish
R_ALiaCbLwDrysPFD,121627,3190,0,0.0,Qwen3-8B,2,random,random
R_ALiaCbLwDrysPFD,121648,3191,0,0.0,Qwen3-8B,2,social-group,muslim
R_XGqbSirgB7SOkNz,17459,275,0,0.0,Qwen3-8B,1,random,random
R_XGqbSirgB7SOkNz,34658,553,0,0.0,Qwen3-8B,1,random,random
R_XGqbSirgB7SOkNz,38501,618,0,0.0,Qwen3-8B,3,random,random
R_XGqbSirgB7SOkNz,42727,688,0,0.0,Qwen3-8B,1,random,random
R_XGqbSirgB7SOkNz,46554,745,1,0.0,Qwen3-8B,2,random,random
R_XGqbSirgB7SOkNz,48869,776,1,0.0,Qwen3-8B,1,random,random
R_XGqbSirgB7SOkNz,50418,801,0,0.0,Qwen3-8B,3,random,random
R_XGqbSirgB7SOkNz,67334,1066,0,0.0,Qwen3-8B,4,random,random
R_XGqbSirgB7SOkNz,88774,1816,0,0.0,Qwen3-8B,1,moral,authority
R_XGqbSirgB7SOkNz,131271,3603,0,0.0,Qwen3-8B,2,social-group,jewish
R_XGqbSirgB7SOkNz,131295,3604,0,0.0,Qwen3-8B,1,social-group,transgender
R_XGqbSirgB7SOkNz,131319,3605,0,0.0,Qwen3-8B,4,social-group,jewish
R_XGqbSirgB7SOkNz,131343,3606,0,0.0,Qwen3-8B,2,social-group,transgender
R_XGqbSirgB7SOkNz,131367,3607,1,0.0,Qwen3-8B,3,social-group,muslim
R_XGqbSirgB7SOkNz,131391,3608,0,0.0,Qwen3-8B,1,social-group,christian
R_XGqbSirgB7SOkNz,131415,3609,0,0.0,Qwen3-8B,2,random,random
R_XGqbSirgB7SOkNz,131439,3610,1,0.0,Qwen3-8B,5,social-group,jewish
R_XGqbSirgB7SOkNz,131463,3611,0,0.0,Qwen3-8B,5,social-group,muslim
R_XGqbSirgB7SOkNz,131487,3612,0,0.0,Qwen3-8B,3,social-group,christian
R_XGqbSirgB7SOkNz,131511,3613,0,0.0,Qwen3-8B,1,social-group,LGB
R_XGqbSirgB7SOkNz,131535,3614,0,0.0,Qwen3-8B,3,random,random
R_XGqbSirgB7SOkNz,131559,3615,0,0.0,Qwen3-8B,2,random,random
R_XGqbSirgB7SOkNz,131583,3616,0,0.0,Qwen3-8B,3,social-group,christian
R_XGqbSirgB7SOkNz,131607,3617,0,0.0,Qwen3-8B,5,social-group,jewish
R_XGqbSirgB7SOkNz,131631,3618,0,0.0,Qwen3-8B,3,social-group,muslim
R_XGqbSirgB7SOkNz,131655,3619,0,0.0,Qwen3-8B,2,random,random
R_XGqbSirgB7SOkNz,131679,3620,0,0.0,Qwen3-8B,4,social-group,transgender
R_XGqbSirgB7SOkNz,131703,3621,0,0.0,Qwen3-8B,3,social-group,transgender
R_XGqbSirgB7SOkNz,131727,3622,0,0.0,Qwen3-8B,1,moral,loyalty
R_XGqbSirgB7SOkNz,131751,3623,0,0.0,Qwen3-8B,4,social-group,muslim
R_XGqbSirgB7SOkNz,131775,3624,0,0.0,Qwen3-8B,4,social-group,transgender
R_XGqbSirgB7SOkNz,131799,3625,0,0.0,Qwen3-8B,4,random,random
R_XGqbSirgB7SOkNz,131823,3626,0,0.0,Qwen3-8B,3,social-group,christian
R_XGqbSirgB7SOkNz,131847,3627,0,0.0,Qwen3-8B,4,random,random
R_XGqbSirgB7SOkNz,131871,3628,0,0.0,Qwen3-8B,3,social-group,muslim
R_1ItqQ2AjsLkRBMy,17492,275,0,0.0,Qwen3-8B,1,random,random
R_1ItqQ2AjsLkRBMy,34687,553,0,0.0,Qwen3-8B,1,random,random
R_1ItqQ2AjsLkRBMy,38530,618,3,1.0,Qwen3-8B,3,random,random
R_1ItqQ2AjsLkRBMy,42758,688,1,0.0,Qwen3-8B,1,random,random
R_1ItqQ2AjsLkRBMy,46592,745,2,1.0,Qwen3-8B,2,random,random
R_1ItqQ2AjsLkRBMy,48899,776,4,1.0,Qwen3-8B,1,random,random
R_1ItqQ2AjsLkRBMy,50448,801,2,1.0,Qwen3-8B,3,random,random
R_1ItqQ2AjsLkRBMy,67365,1066,0,0.0,Qwen3-8B,4,random,random
R_1ItqQ2AjsLkRBMy,88832,1816,0,0.0,Qwen3-8B,1,moral,authority
R_1ItqQ2AjsLkRBMy,131282,3603,4,1.0,Qwen3-8B,2,social-group,jewish
R_1ItqQ2AjsLkRBMy,131306,3604,0,0.0,Qwen3-8B,1,social-group,transgender
R_1ItqQ2AjsLkRBMy,131330,3605,4,1.0,Qwen3-8B,4,social-group,jewish
R_1ItqQ2AjsLkRBMy,131354,3606,4,1.0,Qwen3-8B,2,social-group,transgender
R_1ItqQ2AjsLkRBMy,131378,3607,2,1.0,Qwen3-8B,3,social-group,muslim
R_1ItqQ2AjsLkRBMy,131402,3608,1,0.0,Qwen3-8B,1,social-group,christian
R_1ItqQ2AjsLkRBMy,131426,3609,3,1.0,Qwen3-8B,2,random,random
R_1ItqQ2AjsLkRBMy,131450,3610,0,0.0,Qwen3-8B,5,social-group,jewish
R_1ItqQ2AjsLkRBMy,131474,3611,4,1.0,Qwen3-8B,5,social-group,muslim
R_1ItqQ2AjsLkRBMy,131498,3612,2,1.0,Qwen3-8B,3,social-group,christian
R_1ItqQ2AjsLkRBMy,131522,3613,0,0.0,Qwen3-8B,1,social-group,LGB
R_1ItqQ2AjsLkRBMy,131546,3614,0,0.0,Qwen3-8B,3,random,random
R_1ItqQ2AjsLkRBMy,131570,3615,0,0.0,Qwen3-8B,2,random,random
R_1ItqQ2AjsLkRBMy,131594,3616,1,0.0,Qwen3-8B,3,social-group,christian
R_1ItqQ2AjsLkRBMy,131618,3617,4,1.0,Qwen3-8B,5,social-group,jewish
R_1ItqQ2AjsLkRBMy,131642,3618,3,1.0,Qwen3-8B,3,social-group,muslim
R_1ItqQ2AjsLkRBMy,131666,3619,0,0.0,Qwen3-8B,2,random,random
R_1ItqQ2AjsLkRBMy,131690,3620,0,0.0,Qwen3-8B,4,social-group,transgender
R_1ItqQ2AjsLkRBMy,131714,3621,1,0.0,Qwen3-8B,3,social-group,transgender
R_1ItqQ2AjsLkRBMy,131738,3622,0,0.0,Qwen3-8B,1,moral,loyalty
R_1ItqQ2AjsLkRBMy,131762,3623,0,0.0,Qwen3-8B,4,social-group,muslim
R_1ItqQ2AjsLkRBMy,131786,3624,0,0.0,Qwen3-8B,4,social-group,transgender
R_1ItqQ2AjsLkRBMy,131810,3625,1,0.0,Qwen3-8B,4,random,random
R_1ItqQ2AjsLkRBMy,131834,3626,3,1.0,Qwen3-8B,3,social-group,christian
R_1ItqQ2AjsLkRBMy,131858,3627,4,1.0,Qwen3-8B,4,random,random
R_1ItqQ2AjsLkRBMy,131882,3628,4,1.0,Qwen3-8B,3,social-group,muslim
R_31Lu8Fl7r9nwktU,18087,285,-1,,Qwen3-8B,2,random,random
R_31Lu8Fl7r9nwktU,18152,286,4,1.0,Qwen3-8B,4,random,random
R_31Lu8Fl7r9nwktU,18218,287,4,1.0,Qwen3-8B,5,random,random
R_31Lu8Fl7r9nwktU,18284,288,2,1.0,Qwen3-8B,2,random,random
R_31Lu8Fl7r9nwktU,18352,289,1,0.0,Qwen3-8B,2,random,random
R_31Lu8Fl7r9nwktU,18415,290,4,1.0,Qwen3-8B,4,random,random
R_31Lu8Fl7r9nwktU,18480,291,0,0.0,Qwen3-8B,1,random,random
R_31Lu8Fl7r9nwktU,18544,292,2,1.0,Qwen3-8B,5,random,random
R_31Lu8Fl7r9nwktU,18608,293,0,0.0,Qwen3-8B,2,random,random
R_31Lu8Fl7r9nwktU,18675,294,0,0.0,Qwen3-8B,2,random,random
R_31Lu8Fl7r9nwktU,18740,295,2,1.0,Qwen3-8B,3,random,random
R_31Lu8Fl7r9nwktU,18805,296,1,0.0,Qwen3-8B,3,random,random
R_31Lu8Fl7r9nwktU,18872,297,1,0.0,Qwen3-8B,1,random,random
R_31Lu8Fl7r9nwktU,18938,298,1,0.0,Qwen3-8B,1,random,random
R_31Lu8Fl7r9nwktU,19006,299,0,0.0,Qwen3-8B,2,random,random
R_31Lu8Fl7r9nwktU,19069,300,0,0.0,Qwen3-8B,2,random,random
R_31Lu8Fl7r9nwktU,19134,301,0,0.0,Qwen3-8B,2,random,random
R_31Lu8Fl7r9nwktU,19201,302,0,0.0,Qwen3-8B,2,random,random
R_31Lu8Fl7r9nwktU,19269,303,0,0.0,Qwen3-8B,1,random,random
R_31Lu8Fl7r9nwktU,19336,304,0,0.0,Qwen3-8B,3,random,random
R_31Lu8Fl7r9nwktU,19403,305,0,0.0,Qwen3-8B,3,random,random
R_31Lu8Fl7r9nwktU,19470,306,0,0.0,Qwen3-8B,1,random,random
R_31Lu8Fl7r9nwktU,19536,307,0,0.0,Qwen3-8B,2,random,random
R_31Lu8Fl7r9nwktU,19602,308,0,0.0,Qwen3-8B,1,random,random
R_31Lu8Fl7r9nwktU,19668,309,0,0.0,Qwen3-8B,1,random,random
R_31Lu8Fl7r9nwktU,19733,310,0,0.0,Qwen3-8B,3,random,random
R_31Lu8Fl7r9nwktU,19798,311,0,0.0,Qwen3-8B,3,random,random
R_31Lu8Fl7r9nwktU,19865,312,0,0.0,Qwen3-8B,2,random,random
R_31Lu8Fl7r9nwktU,19932,313,0,0.0,Qwen3-8B,3,random,random
R_31Lu8Fl7r9nwktU,20000,314,0,0.0,Qwen3-8B,2,random,random
R_31Lu8Fl7r9nwktU,20067,315,1,0.0,Qwen3-8B,4,random,random
R_31Lu8Fl7r9nwktU,20135,316,0,0.0,Qwen3-8B,3,random,random
R_31Lu8Fl7r9nwktU,20198,317,4,1.0,Qwen3-8B,3,random,random
R_31Lu8Fl7r9nwktU,20262,318,1,0.0,Qwen3-8B,1,random,random
R_31Lu8Fl7r9nwktU,20329,319,4,1.0,Qwen3-8B,2,random,random
R_ab2mtzshxuxeFhf,18090,285,0,0.0,Qwen3-8B,2,random,random
R_ab2mtzshxuxeFhf,18155,286,0,0.0,Qwen3-8B,4,random,random
R_ab2mtzshxuxeFhf,18221,287,0,0.0,Qwen3-8B,5,random,random
R_ab2mtzshxuxeFhf,18287,288,0,0.0,Qwen3-8B,2,random,random
R_ab2mtzshxuxeFhf,18355,289,0,0.0,Qwen3-8B,2,random,random
R_ab2mtzshxuxeFhf,18418,290,1,0.0,Qwen3-8B,4,random,random
R_ab2mtzshxuxeFhf,18483,291,0,0.0,Qwen3-8B,1,random,random
R_ab2mtzshxuxeFhf,18547,292,0,0.0,Qwen3-8B,5,random,random
R_ab2mtzshxuxeFhf,18611,293,0,0.0,Qwen3-8B,2,random,random
R_ab2mtzshxuxeFhf,18678,294,0,0.0,Qwen3-8B,2,random,random
R_ab2mtzshxuxeFhf,18743,295,0,0.0,Qwen3-8B,3,random,random
R_ab2mtzshxuxeFhf,18808,296,0,0.0,Qwen3-8B,3,random,random
R_ab2mtzshxuxeFhf,18875,297,0,0.0,Qwen3-8B,1,random,random
R_ab2mtzshxuxeFhf,18941,298,0,0.0,Qwen3-8B,1,random,random
R_ab2mtzshxuxeFhf,19009,299,0,0.0,Qwen3-8B,2,random,random
R_ab2mtzshxuxeFhf,19072,300,1,0.0,Qwen3-8B,2,random,random
R_ab2mtzshxuxeFhf,19137,301,1,0.0,Qwen3-8B,2,random,random
R_ab2mtzshxuxeFhf,19204,302,0,0.0,Qwen3-8B,2,random,random
R_ab2mtzshxuxeFhf,19272,303,0,0.0,Qwen3-8B,1,random,random
R_ab2mtzshxuxeFhf,19339,304,0,0.0,Qwen3-8B,3,random,random
R_ab2mtzshxuxeFhf,19406,305,0,0.0,Qwen3-8B,3,random,random
R_ab2mtzshxuxeFhf,19473,306,0,0.0,Qwen3-8B,1,random,random
R_ab2mtzshxuxeFhf,19539,307,0,0.0,Qwen3-8B,2,random,random
R_ab2mtzshxuxeFhf,19605,308,0,0.0,Qwen3-8B,1,random,random
R_ab2mtzshxuxeFhf,19671,309,0,0.0,Qwen3-8B,1,random,random
R_ab2mtzshxuxeFhf,19736,310,0,0.0,Qwen3-8B,3,random,random
R_ab2mtzshxuxeFhf,19801,311,0,0.0,Qwen3-8B,3,random,random
R_ab2mtzshxuxeFhf,19868,312,0,0.0,Qwen3-8B,2,random,random
R_ab2mtzshxuxeFhf,19935,313,0,0.0,Qwen3-8B,3,random,random
R_ab2mtzshxuxeFhf,20003,314,0,0.0,Qwen3-8B,2,random,random
R_ab2mtzshxuxeFhf,20070,315,0,0.0,Qwen3-8B,4,random,random
R_ab2mtzshxuxeFhf,20138,316,0,0.0,Qwen3-8B,3,random,random
R_ab2mtzshxuxeFhf,20201,317,0,0.0,Qwen3-8B,3,random,random
R_ab2mtzshxuxeFhf,20265,318,0,0.0,Qwen3-8B,1,random,random
R_ab2mtzshxuxeFhf,20332,319,0,0.0,Qwen3-8B,2,random,random
R_ZzdyAYOtHwPIcBX,18122,285,3,1.0,Qwen3-8B,2,random,random
R_ZzdyAYOtHwPIcBX,18188,286,4,1.0,Qwen3-8B,4,random,random
R_ZzdyAYOtHwPIcBX,18253,287,4,1.0,Qwen3-8B,5,random,random
R_ZzdyAYOtHwPIcBX,18320,288,2,1.0,Qwen3-8B,2,random,random
R_ZzdyAYOtHwPIcBX,18385,289,-1,,Qwen3-8B,2,random,random
R_ZzdyAYOtHwPIcBX,18449,290,0,0.0,Qwen3-8B,4,random,random
R_ZzdyAYOtHwPIcBX,18513,291,0,0.0,Qwen3-8B,1,random,random
R_ZzdyAYOtHwPIcBX,18577,292,3,1.0,Qwen3-8B,5,random,random
R_ZzdyAYOtHwPIcBX,18644,293,3,1.0,Qwen3-8B,2,random,random
R_ZzdyAYOtHwPIcBX,18710,294,0,0.0,Qwen3-8B,2,random,random
R_ZzdyAYOtHwPIcBX,18774,295,3,1.0,Qwen3-8B,3,random,random
R_ZzdyAYOtHwPIcBX,18841,296,4,1.0,Qwen3-8B,3,random,random
R_ZzdyAYOtHwPIcBX,18908,297,0,0.0,Qwen3-8B,1,random,random
R_ZzdyAYOtHwPIcBX,18974,298,3,1.0,Qwen3-8B,1,random,random
R_ZzdyAYOtHwPIcBX,19040,299,3,1.0,Qwen3-8B,2,random,random
R_ZzdyAYOtHwPIcBX,19104,300,0,0.0,Qwen3-8B,2,random,random
R_ZzdyAYOtHwPIcBX,19170,301,1,0.0,Qwen3-8B,2,random,random
R_ZzdyAYOtHwPIcBX,19237,302,3,1.0,Qwen3-8B,2,random,random
R_ZzdyAYOtHwPIcBX,19305,303,0,0.0,Qwen3-8B,1,random,random
R_ZzdyAYOtHwPIcBX,19372,304,0,0.0,Qwen3-8B,3,random,random
R_ZzdyAYOtHwPIcBX,19439,305,1,0.0,Qwen3-8B,3,random,random
R_ZzdyAYOtHwPIcBX,19506,306,0,0.0,Qwen3-8B,1,random,random
R_ZzdyAYOtHwPIcBX,19572,307,0,0.0,Qwen3-8B,2,random,random
R_ZzdyAYOtHwPIcBX,19637,308,3,1.0,Qwen3-8B,1,random,random
R_ZzdyAYOtHwPIcBX,19703,309,0,0.0,Qwen3-8B,1,random,random
R_ZzdyAYOtHwPIcBX,19768,310,0,0.0,Qwen3-8B,3,random,random
R_ZzdyAYOtHwPIcBX,19834,311,4,1.0,Qwen3-8B,3,random,random
R_ZzdyAYOtHwPIcBX,19901,312,3,1.0,Qwen3-8B,2,random,random
R_ZzdyAYOtHwPIcBX,19969,313,0,0.0,Qwen3-8B,3,random,random
R_ZzdyAYOtHwPIcBX,20036,314,0,0.0,Qwen3-8B,2,random,random
R_ZzdyAYOtHwPIcBX,20103,315,3,1.0,Qwen3-8B,4,random,random
R_ZzdyAYOtHwPIcBX,20169,316,0,0.0,Qwen3-8B,3,random,random
R_ZzdyAYOtHwPIcBX,20233,317,4,1.0,Qwen3-8B,3,random,random
R_ZzdyAYOtHwPIcBX,20298,318,0,0.0,Qwen3-8B,1,random,random
R_ZzdyAYOtHwPIcBX,20364,319,3,1.0,Qwen3-8B,2,random,random
R_1ookVcyFT9OH8xB,18703,294,2,1.0,Qwen3-8B,2,random,random
R_1ookVcyFT9OH8xB,43587,701,0,0.0,Qwen3-8B,1,random,random
R_1ookVcyFT9OH8xB,43650,702,0,0.0,Qwen3-8B,3,random,random
R_1ookVcyFT9OH8xB,56311,888,0,0.0,Qwen3-8B,3,random,random
R_1ookVcyFT9OH8xB,60898,961,0,0.0,Qwen3-8B,3,random,random
R_1ookVcyFT9OH8xB,63040,997,1,0.0,Qwen3-8B,3,random,random
R_1ookVcyFT9OH8xB,67900,1075,0,0.0,Qwen3-8B,1,random,random
R_1ookVcyFT9OH8xB,88853,1816,0,0.0,Qwen3-8B,1,moral,authority
R_1ookVcyFT9OH8xB,135162,3768,2,1.0,Qwen3-8B,4,social-group,christian
R_1ookVcyFT9OH8xB,135185,3769,0,0.0,Qwen3-8B,3,social-group,LGB
R_1ookVcyFT9OH8xB,135208,3770,0,0.0,Qwen3-8B,2,social-group,transgender
R_1ookVcyFT9OH8xB,135231,3771,1,0.0,Qwen3-8B,3,social-group,christian
R_1ookVcyFT9OH8xB,135254,3772,2,1.0,Qwen3-8B,4,social-group,muslim
R_1ookVcyFT9OH8xB,135277,3773,0,0.0,Qwen3-8B,1,moral,loyalty
R_1ookVcyFT9OH8xB,135300,3774,2,1.0,Qwen3-8B,1,social-group,LGB
R_1ookVcyFT9OH8xB,135323,3775,2,1.0,Qwen3-8B,5,social-group,jewish
R_1ookVcyFT9OH8xB,135346,3776,0,0.0,Qwen3-8B,3,random,random
R_1ookVcyFT9OH8xB,135369,3777,0,0.0,Qwen3-8B,4,social-group,transgender
R_1ookVcyFT9OH8xB,135392,3778,2,1.0,Qwen3-8B,3,random,random
R_1ookVcyFT9OH8xB,135415,3779,0,0.0,Qwen3-8B,3,social-group,christian
R_1ookVcyFT9OH8xB,135438,3780,1,0.0,Qwen3-8B,5,social-group,transgender
R_1ookVcyFT9OH8xB,135461,3781,1,0.0,Qwen3-8B,1,random,random
R_1ookVcyFT9OH8xB,135484,3782,0,0.0,Qwen3-8B,1,social-group,muslim
R_1ookVcyFT9OH8xB,135507,3783,0,0.0,Qwen3-8B,4,social-group,jewish
R_1ookVcyFT9OH8xB,135530,3784,1,0.0,Qwen3-8B,1,social-group,transgender
R_1ookVcyFT9OH8xB,135553,3785,1,0.0,Qwen3-8B,3,random,random
R_1ookVcyFT9OH8xB,135576,3786,1,0.0,Qwen3-8B,3,social-group,christian
R_1ookVcyFT9OH8xB,135599,3787,2,1.0,Qwen3-8B,3,social-group,christian
R_1ookVcyFT9OH8xB,135622,3788,3,1.0,Qwen3-8B,3,random,random
R_1ookVcyFT9OH8xB,135645,3789,0,0.0,Qwen3-8B,3,social-group,LGB
R_1ookVcyFT9OH8xB,135668,3790,0,0.0,Qwen3-8B,1,random,random
R_1ookVcyFT9OH8xB,135691,3791,0,0.0,Qwen3-8B,4,random,random
R_1ookVcyFT9OH8xB,135714,3792,0,0.0,Qwen3-8B,3,social-group,jewish
R_1ookVcyFT9OH8xB,135737,3793,1,0.0,Qwen3-8B,3,random,random
R_1ookVcyFT9OH8xB,135760,3794,1,0.0,Qwen3-8B,5,social-group,transgender
R_pyiovveUthbdOGB,18722,295,0,0.0,Qwen3-8B,3,random,random
R_pyiovveUthbdOGB,25923,410,2,1.0,Qwen3-8B,2,random,random
R_pyiovveUthbdOGB,27886,445,0,0.0,Qwen3-8B,3,random,random
R_pyiovveUthbdOGB,28253,452,0,0.0,Qwen3-8B,2,random,random
R_pyiovveUthbdOGB,41740,672,4,1.0,Qwen3-8B,1,random,random
R_pyiovveUthbdOGB,41863,674,0,0.0,Qwen3-8B,2,random,random
R_pyiovveUthbdOGB,55621,879,4,1.0,Qwen3-8B,3,random,random
R_pyiovveUthbdOGB,64155,1016,4,1.0,Qwen3-8B,3,random,random
R_pyiovveUthbdOGB,64731,1025,4,1.0,Qwen3-8B,4,random,random
R_pyiovveUthbdOGB,67446,1068,1,0.0,Qwen3-8B,3,random,random
R_pyiovveUthbdOGB,152127,4509,3,1.0,Qwen3-8B,4,social-group,christian
R_pyiovveUthbdOGB,152148,4510,4,1.0,Qwen3-8B,4,random,random
R_pyiovveUthbdOGB,152169,4511,4,1.0,Qwen3-8B,5,social-group,jewish
R_pyiovveUthbdOGB,152190,4512,4,1.0,Qwen3-8B,2,social-group,transgender
R_pyiovveUthbdOGB,152211,4513,4,1.0,Qwen3-8B,1,moral,purity
R_pyiovveUthbdOGB,152232,4514,3,1.0,Qwen3-8B,5,random,random
R_pyiovveUthbdOGB,152253,4515,4,1.0,Qwen3-8B,2,social-group,muslim
R_pyiovveUthbdOGB,152274,4516,3,1.0,Qwen3-8B,1,social-group,LGB
R_pyiovveUthbdOGB,152295,4517,4,1.0,Qwen3-8B,5,social-group,jewish
R_pyiovveUthbdOGB,152316,4518,4,1.0,Qwen3-8B,3,social-group,jewish
R_pyiovveUthbdOGB,152337,4519,4,1.0,Qwen3-8B,3,social-group,christian
R_pyiovveUthbdOGB,152358,4520,4,1.0,Qwen3-8B,4,social-group,muslim
R_pyiovveUthbdOGB,152379,4521,4,1.0,Qwen3-8B,4,social-group,muslim
R_pyiovveUthbdOGB,152400,4522,4,1.0,Qwen3-8B,3,random,random
R_pyiovveUthbdOGB,152421,4523,4,1.0,Qwen3-8B,3,social-group,LGB
R_pyiovveUthbdOGB,152442,4524,0,0.0,Qwen3-8B,2,random,random
R_pyiovveUthbdOGB,152463,4525,1,0.0,Qwen3-8B,3,social-group,christian
R_pyiovveUthbdOGB,152484,4526,3,1.0,Qwen3-8B,1,moral,loyalty
R_pyiovveUthbdOGB,152505,4527,4,1.0,Qwen3-8B,3,social-group,christian
R_pyiovveUthbdOGB,152526,4528,4,1.0,Qwen3-8B,4,social-group,christian
R_pyiovveUthbdOGB,152547,4529,4,1.0,Qwen3-8B,3,social-group,muslim
R_pyiovveUthbdOGB,152568,4530,4,1.0,Qwen3-8B,4,social-group,transgender
R_pyiovveUthbdOGB,152589,4531,4,1.0,Qwen3-8B,1,social-group,LGB
R_pyiovveUthbdOGB,152610,4532,4,1.0,Qwen3-8B,5,social-group,jewish
R_pyiovveUthbdOGB,152631,4533,0,0.0,Qwen3-8B,1,moral,authority
R_9NZSZ8SZ5NM81S9,18723,295,0,0.0,Qwen3-8B,3,random,random
R_9NZSZ8SZ5NM81S9,25924,410,0,0.0,Qwen3-8B,2,random,random
R_9NZSZ8SZ5NM81S9,27887,445,0,0.0,Qwen3-8B,3,random,random
R_9NZSZ8SZ5NM81S9,28254,452,0,0.0,Qwen3-8B,2,random,random
R_9NZSZ8SZ5NM81S9,41741,672,0,0.0,Qwen3-8B,1,random,random
R_9NZSZ8SZ5NM81S9,41864,674,0,0.0,Qwen3-8B,2,random,random
R_9NZSZ8SZ5NM81S9,55622,879,0,0.0,Qwen3-8B,3,random,random
R_9NZSZ8SZ5NM81S9,64156,1016,0,0.0,Qwen3-8B,3,random,random
R_9NZSZ8SZ5NM81S9,64732,1025,0,0.0,Qwen3-8B,4,random,random
R_9NZSZ8SZ5NM81S9,67447,1068,0,0.0,Qwen3-8B,3,random,random
R_9NZSZ8SZ5NM81S9,152128,4509,0,0.0,Qwen3-8B,4,social-group,christian
R_9NZSZ8SZ5NM81S9,152149,4510,0,0.0,Qwen3-8B,4,random,random
R_9NZSZ8SZ5NM81S9,152170,4511,0,0.0,Qwen3-8B,5,social-group,jewish
R_9NZSZ8SZ5NM81S9,152191,4512,0,0.0,Qwen3-8B,2,social-group,transgender
R_9NZSZ8SZ5NM81S9,152212,4513,0,0.0,Qwen3-8B,1,moral,purity
R_9NZSZ8SZ5NM81S9,152233,4514,0,0.0,Qwen3-8B,5,random,random
R_9NZSZ8SZ5NM81S9,152254,4515,0,0.0,Qwen3-8B,2,social-group,muslim
R_9NZSZ8SZ5NM81S9,152275,4516,0,0.0,Qwen3-8B,1,social-group,LGB
R_9NZSZ8SZ5NM81S9,152296,4517,0,0.0,Qwen3-8B,5,social-group,jewish
R_9NZSZ8SZ5NM81S9,152317,4518,0,0.0,Qwen3-8B,3,social-group,jewish
R_9NZSZ8SZ5NM81S9,152338,4519,0,0.0,Qwen3-8B,3,social-group,christian
R_9NZSZ8SZ5NM81S9,152359,4520,0,0.0,Qwen3-8B,4,social-group,muslim
R_9NZSZ8SZ5NM81S9,152380,4521,0,0.0,Qwen3-8B,4,social-group,muslim
R_9NZSZ8SZ5NM81S9,152401,4522,0,0.0,Qwen3-8B,3,random,random
R_9NZSZ8SZ5NM81S9,152422,4523,0,0.0,Qwen3-8B,3,social-group,LGB
R_9NZSZ8SZ5NM81S9,152443,4524,0,0.0,Qwen3-8B,2,random,random
R_9NZSZ8SZ5NM81S9,152464,4525,0,0.0,Qwen3-8B,3,social-group,christian
R_9NZSZ8SZ5NM81S9,152485,4526,0,0.0,Qwen3-8B,1,moral,loyalty
R_9NZSZ8SZ5NM81S9,152506,4527,0,0.0,Qwen3-8B,3,social-group,christian
R_9NZSZ8SZ5NM81S9,152527,4528,0,0.0,Qwen3-8B,4,social-group,christian
R_9NZSZ8SZ5NM81S9,152548,4529,0,0.0,Qwen3-8B,3,social-group,muslim
R_9NZSZ8SZ5NM81S9,152569,4530,0,0.0,Qwen3-8B,4,social-group,transgender
R_9NZSZ8SZ5NM81S9,152590,4531,0,0.0,Qwen3-8B,1,social-group,LGB
R_9NZSZ8SZ5NM81S9,152611,4532,0,0.0,Qwen3-8B,5,social-group,jewish
R_9NZSZ8SZ5NM81S9,152632,4533,0,0.0,Qwen3-8B,1,moral,authority
R_2sYeUWH1YuJqItV,18728,295,0,0.0,Qwen3-8B,3,random,random
R_2sYeUWH1YuJqItV,25928,410,0,0.0,Qwen3-8B,2,random,random
R_2sYeUWH1YuJqItV,27891,445,3,1.0,Qwen3-8B,3,random,random
R_2sYeUWH1YuJqItV,28258,452,0,0.0,Qwen3-8B,2,random,random
R_2sYeUWH1YuJqItV,41745,672,0,0.0,Qwen3-8B,1,random,random
R_2sYeUWH1YuJqItV,41868,674,0,0.0,Qwen3-8B,2,random,random
R_2sYeUWH1YuJqItV,55626,879,0,0.0,Qwen3-8B,3,random,random
R_2sYeUWH1YuJqItV,64161,1016,0,0.0,Qwen3-8B,3,random,random
R_2sYeUWH1YuJqItV,64744,1025,0,0.0,Qwen3-8B,4,random,random
R_2sYeUWH1YuJqItV,67451,1068,0,0.0,Qwen3-8B,3,random,random
R_2sYeUWH1YuJqItV,152129,4509,0,0.0,Qwen3-8B,4,social-group,christian
R_2sYeUWH1YuJqItV,152150,4510,0,0.0,Qwen3-8B,4,random,random
R_2sYeUWH1YuJqItV,152171,4511,0,0.0,Qwen3-8B,5,social-group,jewish
R_2sYeUWH1YuJqItV,152192,4512,0,0.0,Qwen3-8B,2,social-group,transgender
R_2sYeUWH1YuJqItV,152213,4513,1,0.0,Qwen3-8B,1,moral,purity
R_2sYeUWH1YuJqItV,152234,4514,2,1.0,Qwen3-8B,5,random,random
R_2sYeUWH1YuJqItV,152255,4515,0,0.0,Qwen3-8B,2,social-group,muslim
R_2sYeUWH1YuJqItV,152276,4516,1,0.0,Qwen3-8B,1,social-group,LGB
R_2sYeUWH1YuJqItV,152297,4517,1,0.0,Qwen3-8B,5,social-group,jewish
R_2sYeUWH1YuJqItV,152318,4518,1,0.0,Qwen3-8B,3,social-group,jewish
R_2sYeUWH1YuJqItV,152339,4519,0,0.0,Qwen3-8B,3,social-group,christian
R_2sYeUWH1YuJqItV,152360,4520,0,0.0,Qwen3-8B,4,social-group,muslim
R_2sYeUWH1YuJqItV,152381,4521,1,0.0,Qwen3-8B,4,social-group,muslim
R_2sYeUWH1YuJqItV,152402,4522,0,0.0,Qwen3-8B,3,random,random
R_2sYeUWH1YuJqItV,152423,4523,1,0.0,Qwen3-8B,3,social-group,LGB
R_2sYeUWH1YuJqItV,152444,4524,0,0.0,Qwen3-8B,2,random,random
R_2sYeUWH1YuJqItV,152465,4525,0,0.0,Qwen3-8B,3,social-group,christian
R_2sYeUWH1YuJqItV,152486,4526,0,0.0,Qwen3-8B,1,moral,loyalty
R_2sYeUWH1YuJqItV,152507,4527,1,0.0,Qwen3-8B,3,social-group,christian
R_2sYeUWH1YuJqItV,152528,4528,0,0.0,Qwen3-8B,4,social-group,christian
R_2sYeUWH1YuJqItV,152549,4529,4,1.0,Qwen3-8B,3,social-group,muslim
R_2sYeUWH1YuJqItV,152570,4530,0,0.0,Qwen3-8B,4,social-group,transgender
R_2sYeUWH1YuJqItV,152591,4531,0,0.0,Qwen3-8B,1,social-group,LGB
R_2sYeUWH1YuJqItV,152612,4532,0,0.0,Qwen3-8B,5,social-group,jewish
R_2sYeUWH1YuJqItV,152633,4533,1,0.0,Qwen3-8B,1,moral,authority
R_1FewtaW5wCAbNrJ,18730,295,3,1.0,Qwen3-8B,3,random,random
R_1FewtaW5wCAbNrJ,25930,410,0,0.0,Qwen3-8B,2,random,random
R_1FewtaW5wCAbNrJ,27893,445,1,0.0,Qwen3-8B,3,random,random
R_1FewtaW5wCAbNrJ,28260,452,0,0.0,Qwen3-8B,2,random,random
R_1FewtaW5wCAbNrJ,41747,672,0,0.0,Qwen3-8B,1,random,random
R_1FewtaW5wCAbNrJ,41870,674,0,0.0,Qwen3-8B,2,random,random
R_1FewtaW5wCAbNrJ,55628,879,3,1.0,Qwen3-8B,3,random,random
R_1FewtaW5wCAbNrJ,64163,1016,1,0.0,Qwen3-8B,3,random,random
R_1FewtaW5wCAbNrJ,64746,1025,0,0.0,Qwen3-8B,4,random,random
R_1FewtaW5wCAbNrJ,67453,1068,1,0.0,Qwen3-8B,3,random,random
R_1FewtaW5wCAbNrJ,152131,4509,3,1.0,Qwen3-8B,4,social-group,christian
R_1FewtaW5wCAbNrJ,152152,4510,4,1.0,Qwen3-8B,4,random,random
R_1FewtaW5wCAbNrJ,152173,4511,3,1.0,Qwen3-8B,5,social-group,jewish
R_1FewtaW5wCAbNrJ,152194,4512,0,0.0,Qwen3-8B,2,social-group,transgender
R_1FewtaW5wCAbNrJ,152215,4513,-1,,Qwen3-8B,1,moral,purity
R_1FewtaW5wCAbNrJ,152236,4514,1,0.0,Qwen3-8B,5,random,random
R_1FewtaW5wCAbNrJ,152257,4515,0,0.0,Qwen3-8B,2,social-group,muslim
R_1FewtaW5wCAbNrJ,152278,4516,0,0.0,Qwen3-8B,1,social-group,LGB
R_1FewtaW5wCAbNrJ,152299,4517,0,0.0,Qwen3-8B,5,social-group,jewish
R_1FewtaW5wCAbNrJ,152320,4518,0,0.0,Qwen3-8B,3,social-group,jewish
R_1FewtaW5wCAbNrJ,152341,4519,0,0.0,Qwen3-8B,3,social-group,christian
R_1FewtaW5wCAbNrJ,152362,4520,1,0.0,Qwen3-8B,4,social-group,muslim
R_1FewtaW5wCAbNrJ,152383,4521,0,0.0,Qwen3-8B,4,social-group,muslim
R_1FewtaW5wCAbNrJ,152404,4522,0,0.0,Qwen3-8B,3,random,random
R_1FewtaW5wCAbNrJ,152425,4523,0,0.0,Qwen3-8B,3,social-group,LGB
R_1FewtaW5wCAbNrJ,152446,4524,0,0.0,Qwen3-8B,2,random,random
R_1FewtaW5wCAbNrJ,152467,4525,1,0.0,Qwen3-8B,3,social-group,christian
R_1FewtaW5wCAbNrJ,152488,4526,0,0.0,Qwen3-8B,1,moral,loyalty
R_1FewtaW5wCAbNrJ,152509,4527,0,0.0,Qwen3-8B,3,social-group,christian
R_1FewtaW5wCAbNrJ,152530,4528,0,0.0,Qwen3-8B,4,social-group,christian
R_1FewtaW5wCAbNrJ,152551,4529,0,0.0,Qwen3-8B,3,social-group,muslim
R_1FewtaW5wCAbNrJ,152572,4530,0,0.0,Qwen3-8B,4,social-group,transgender
R_1FewtaW5wCAbNrJ,152593,4531,0,0.0,Qwen3-8B,1,social-group,LGB
R_1FewtaW5wCAbNrJ,152614,4532,1,0.0,Qwen3-8B,5,social-group,jewish
R_1FewtaW5wCAbNrJ,152635,4533,1,0.0,Qwen3-8B,1,moral,authority
R_2B8T9HVROP3PPOA,18735,295,2,1.0,Qwen3-8B,3,random,random
R_2B8T9HVROP3PPOA,25934,410,2,1.0,Qwen3-8B,2,random,random
R_2B8T9HVROP3PPOA,27897,445,3,1.0,Qwen3-8B,3,random,random
R_2B8T9HVROP3PPOA,28264,452,0,0.0,Qwen3-8B,2,random,random
R_2B8T9HVROP3PPOA,41751,672,4,1.0,Qwen3-8B,1,random,random
R_2B8T9HVROP3PPOA,41874,674,1,0.0,Qwen3-8B,2,random,random
R_2B8T9HVROP3PPOA,55642,879,3,1.0,Qwen3-8B,3,random,random
R_2B8T9HVROP3PPOA,64167,1016,2,1.0,Qwen3-8B,3,random,random
R_2B8T9HVROP3PPOA,64757,1025,1,0.0,Qwen3-8B,4,random,random
R_2B8T9HVROP3PPOA,67462,1068,2,1.0,Qwen3-8B,3,random,random
R_2B8T9HVROP3PPOA,152132,4509,2,1.0,Qwen3-8B,4,social-group,christian
R_2B8T9HVROP3PPOA,152153,4510,3,1.0,Qwen3-8B,4,random,random
R_2B8T9HVROP3PPOA,152174,4511,1,0.0,Qwen3-8B,5,social-group,jewish
R_2B8T9HVROP3PPOA,152195,4512,2,1.0,Qwen3-8B,2,social-group,transgender
R_2B8T9HVROP3PPOA,152216,4513,0,0.0,Qwen3-8B,1,moral,purity
R_2B8T9HVROP3PPOA,152237,4514,3,1.0,Qwen3-8B,5,random,random
R_2B8T9HVROP3PPOA,152258,4515,3,1.0,Qwen3-8B,2,social-group,muslim
R_2B8T9HVROP3PPOA,152279,4516,2,1.0,Qwen3-8B,1,social-group,LGB
R_2B8T9HVROP3PPOA,152300,4517,2,1.0,Qwen3-8B,5,social-group,jewish
R_2B8T9HVROP3PPOA,152321,4518,1,0.0,Qwen3-8B,3,social-group,jewish
R_2B8T9HVROP3PPOA,152342,4519,2,1.0,Qwen3-8B,3,social-group,christian
R_2B8T9HVROP3PPOA,152363,4520,4,1.0,Qwen3-8B,4,social-group,muslim
R_2B8T9HVROP3PPOA,152384,4521,2,1.0,Qwen3-8B,4,social-group,muslim
R_2B8T9HVROP3PPOA,152405,4522,2,1.0,Qwen3-8B,3,random,random
R_2B8T9HVROP3PPOA,152426,4523,2,1.0,Qwen3-8B,3,social-group,LGB
R_2B8T9HVROP3PPOA,152447,4524,2,1.0,Qwen3-8B,2,random,random
R_2B8T9HVROP3PPOA,152468,4525,2,1.0,Qwen3-8B,3,social-group,christian
R_2B8T9HVROP3PPOA,152489,4526,3,1.0,Qwen3-8B,1,moral,loyalty
R_2B8T9HVROP3PPOA,152510,4527,1,0.0,Qwen3-8B,3,social-group,christian
R_2B8T9HVROP3PPOA,152531,4528,2,1.0,Qwen3-8B,4,social-group,christian
R_2B8T9HVROP3PPOA,152552,4529,3,1.0,Qwen3-8B,3,social-group,muslim
R_2B8T9HVROP3PPOA,152573,4530,2,1.0,Qwen3-8B,4,social-group,transgender
R_2B8T9HVROP3PPOA,152594,4531,0,0.0,Qwen3-8B,1,social-group,LGB
R_2B8T9HVROP3PPOA,152615,4532,0,0.0,Qwen3-8B,5,social-group,jewish
R_2B8T9HVROP3PPOA,152636,4533,0,0.0,Qwen3-8B,1,moral,authority
R_2Tz07AE0N3goCz9,18756,295,0,0.0,Qwen3-8B,3,random,random
R_2Tz07AE0N3goCz9,25956,410,0,0.0,Qwen3-8B,2,random,random
R_2Tz07AE0N3goCz9,27917,445,0,0.0,Qwen3-8B,3,random,random
R_2Tz07AE0N3goCz9,28284,452,0,0.0,Qwen3-8B,2,random,random
R_2Tz07AE0N3goCz9,41774,672,0,0.0,Qwen3-8B,1,random,random
R_2Tz07AE0N3goCz9,41897,674,0,0.0,Qwen3-8B,2,random,random
R_2Tz07AE0N3goCz9,55660,879,0,0.0,Qwen3-8B,3,random,random
R_2Tz07AE0N3goCz9,64192,1016,0,0.0,Qwen3-8B,3,random,random
R_2Tz07AE0N3goCz9,64776,1025,0,0.0,Qwen3-8B,4,random,random
R_2Tz07AE0N3goCz9,67481,1068,0,0.0,Qwen3-8B,3,random,random
R_2Tz07AE0N3goCz9,152139,4509,0,0.0,Qwen3-8B,4,social-group,christian
R_2Tz07AE0N3goCz9,152160,4510,0,0.0,Qwen3-8B,4,random,random
R_2Tz07AE0N3goCz9,152181,4511,0,0.0,Qwen3-8B,5,social-group,jewish
R_2Tz07AE0N3goCz9,152202,4512,0,0.0,Qwen3-8B,2,social-group,transgender
R_2Tz07AE0N3goCz9,152223,4513,0,0.0,Qwen3-8B,1,moral,purity
R_2Tz07AE0N3goCz9,152244,4514,0,0.0,Qwen3-8B,5,random,random
R_2Tz07AE0N3goCz9,152265,4515,0,0.0,Qwen3-8B,2,social-group,muslim
R_2Tz07AE0N3goCz9,152286,4516,0,0.0,Qwen3-8B,1,social-group,LGB
R_2Tz07AE0N3goCz9,152307,4517,0,0.0,Qwen3-8B,5,social-group,jewish
R_2Tz07AE0N3goCz9,152328,4518,0,0.0,Qwen3-8B,3,social-group,jewish
R_2Tz07AE0N3goCz9,152349,4519,0,0.0,Qwen3-8B,3,social-group,christian
R_2Tz07AE0N3goCz9,152370,4520,0,0.0,Qwen3-8B,4,social-group,muslim
R_2Tz07AE0N3goCz9,152391,4521,0,0.0,Qwen3-8B,4,social-group,muslim
R_2Tz07AE0N3goCz9,152412,4522,0,0.0,Qwen3-8B,3,random,random
R_2Tz07AE0N3goCz9,152433,4523,0,0.0,Qwen3-8B,3,social-group,LGB
R_2Tz07AE0N3goCz9,152454,4524,0,0.0,Qwen3-8B,2,random,random
R_2Tz07AE0N3goCz9,152475,4525,0,0.0,Qwen3-8B,3,social-group,christian
R_2Tz07AE0N3goCz9,152496,4526,0,0.0,Qwen3-8B,1,moral,loyalty
R_2Tz07AE0N3goCz9,152517,4527,0,0.0,Qwen3-8B,3,social-group,christian
R_2Tz07AE0N3goCz9,152538,4528,0,0.0,Qwen3-8B,4,social-group,christian
R_2Tz07AE0N3goCz9,152559,4529,0,0.0,Qwen3-8B,3,social-group,muslim
R_2Tz07AE0N3goCz9,152580,4530,0,0.0,Qwen3-8B,4,social-group,transgender
R_2Tz07AE0N3goCz9,152601,4531,0,0.0,Qwen3-8B,1,social-group,LGB
R_2Tz07AE0N3goCz9,152622,4532,0,0.0,Qwen3-8B,5,social-group,jewish
R_2Tz07AE0N3goCz9,152643,4533,0,0.0,Qwen3-8B,1,moral,authority
R_3irstIP9eIuHdKC,18927,298,0,0.0,Qwen3-8B,1,random,random
R_3irstIP9eIuHdKC,23335,366,3,1.0,Qwen3-8B,2,random,random
R_3irstIP9eIuHdKC,26116,413,1,0.0,Qwen3-8B,3,random,random
R_3irstIP9eIuHdKC,26802,424,0,0.0,Qwen3-8B,3,random,random
R_3irstIP9eIuHdKC,30763,491,0,0.0,Qwen3-8B,1,random,random
R_3irstIP9eIuHdKC,42793,689,0,0.0,Qwen3-8B,3,random,random
R_3irstIP9eIuHdKC,59223,931,0,0.0,Qwen3-8B,1,random,random
R_3irstIP9eIuHdKC,61194,967,2,1.0,Qwen3-8B,3,random,random
R_3irstIP9eIuHdKC,82116,1547,0,0.0,Qwen3-8B,1,moral,authority
R_3irstIP9eIuHdKC,85250,1676,1,0.0,Qwen3-8B,2,moral,authority
R_3irstIP9eIuHdKC,85250,1676,1,0.0,Qwen3-8B,2,moral,loyalty
R_3irstIP9eIuHdKC,85250,1676,1,0.0,Qwen3-8B,2,moral,authority
R_3irstIP9eIuHdKC,85250,1676,1,0.0,Qwen3-8B,2,moral,loyalty
R_3irstIP9eIuHdKC,85331,1677,3,1.0,Qwen3-8B,3,social-group,christian
R_3irstIP9eIuHdKC,85355,1678,0,0.0,Qwen3-8B,1,random,random
R_3irstIP9eIuHdKC,85379,1679,3,1.0,Qwen3-8B,3,social-group,LGB
R_3irstIP9eIuHdKC,85403,1680,1,0.0,Qwen3-8B,2,random,random
R_3irstIP9eIuHdKC,85427,1681,4,1.0,Qwen3-8B,3,social-group,christian
R_3irstIP9eIuHdKC,85451,1682,3,1.0,Qwen3-8B,3,social-group,LGB
R_3irstIP9eIuHdKC,85475,1683,1,0.0,Qwen3-8B,4,random,random
R_3irstIP9eIuHdKC,85499,1684,3,1.0,Qwen3-8B,1,social-group,transgender
R_3irstIP9eIuHdKC,85523,1685,0,0.0,Qwen3-8B,4,social-group,christian
R_3irstIP9eIuHdKC,85547,1686,0,0.0,Qwen3-8B,2,random,random
R_3irstIP9eIuHdKC,85571,1687,3,1.0,Qwen3-8B,4,social-group,jewish
R_3irstIP9eIuHdKC,85595,1688,0,0.0,Qwen3-8B,1,random,random
R_3irstIP9eIuHdKC,85619,1689,3,1.0,Qwen3-8B,2,random,random
R_3irstIP9eIuHdKC,85643,1690,3,1.0,Qwen3-8B,4,social-group,muslim
R_3irstIP9eIuHdKC,85667,1691,1,0.0,Qwen3-8B,2,random,random
R_3irstIP9eIuHdKC,85691,1692,4,1.0,Qwen3-8B,5,social-group,muslim
R_3irstIP9eIuHdKC,85715,1693,3,1.0,Qwen3-8B,1,social-group,muslim
R_3irstIP9eIuHdKC,85739,1694,3,1.0,Qwen3-8B,5,social-group,muslim
R_3irstIP9eIuHdKC,85763,1695,3,1.0,Qwen3-8B,1,social-group,christian
R_3irstIP9eIuHdKC,85787,1696,3,1.0,Qwen3-8B,3,social-group,christian
R_3irstIP9eIuHdKC,85811,1697,2,1.0,Qwen3-8B,1,social-group,transgender
R_3irstIP9eIuHdKC,85835,1698,2,1.0,Qwen3-8B,5,social-group,jewish
R_3irstIP9eIuHdKC,85859,1699,3,1.0,Qwen3-8B,4,social-group,transgender
R_3irstIP9eIuHdKC,85883,1700,0,0.0,Qwen3-8B,5,social-group,jewish
R_3irstIP9eIuHdKC,85907,1701,2,1.0,Qwen3-8B,4,social-group,muslim
R_1MVYVIkMBdHYfRR,18933,298,0,0.0,Qwen3-8B,1,random,random
R_1MVYVIkMBdHYfRR,23342,366,0,0.0,Qwen3-8B,2,random,random
R_1MVYVIkMBdHYfRR,26121,413,0,0.0,Qwen3-8B,3,random,random
R_1MVYVIkMBdHYfRR,26807,424,0,0.0,Qwen3-8B,3,random,random
R_1MVYVIkMBdHYfRR,30770,491,0,0.0,Qwen3-8B,1,random,random
R_1MVYVIkMBdHYfRR,42798,689,0,0.0,Qwen3-8B,3,random,random
R_1MVYVIkMBdHYfRR,59228,931,2,1.0,Qwen3-8B,1,random,random
R_1MVYVIkMBdHYfRR,61201,967,0,0.0,Qwen3-8B,3,random,random
R_1MVYVIkMBdHYfRR,82122,1547,0,0.0,Qwen3-8B,1,moral,authority
R_1MVYVIkMBdHYfRR,85258,1676,0,0.0,Qwen3-8B,2,moral,authority
R_1MVYVIkMBdHYfRR,85258,1676,0,0.0,Qwen3-8B,2,moral,loyalty
R_1MVYVIkMBdHYfRR,85258,1676,0,0.0,Qwen3-8B,2,moral,authority
R_1MVYVIkMBdHYfRR,85258,1676,0,0.0,Qwen3-8B,2,moral,loyalty
R_1MVYVIkMBdHYfRR,85333,1677,0,0.0,Qwen3-8B,3,social-group,christian
R_1MVYVIkMBdHYfRR,85357,1678,0,0.0,Qwen3-8B,1,random,random
R_1MVYVIkMBdHYfRR,85381,1679,0,0.0,Qwen3-8B,3,social-group,LGB
R_1MVYVIkMBdHYfRR,85405,1680,0,0.0,Qwen3-8B,2,random,random
R_1MVYVIkMBdHYfRR,85429,1681,0,0.0,Qwen3-8B,3,social-group,christian
R_1MVYVIkMBdHYfRR,85453,1682,0,0.0,Qwen3-8B,3,social-group,LGB
R_1MVYVIkMBdHYfRR,85477,1683,0,0.0,Qwen3-8B,4,random,random
R_1MVYVIkMBdHYfRR,85501,1684,0,0.0,Qwen3-8B,1,social-group,transgender
R_1MVYVIkMBdHYfRR,85525,1685,0,0.0,Qwen3-8B,4,social-group,christian
R_1MVYVIkMBdHYfRR,85549,1686,0,0.0,Qwen3-8B,2,random,random
R_1MVYVIkMBdHYfRR,85573,1687,0,0.0,Qwen3-8B,4,social-group,jewish
R_1MVYVIkMBdHYfRR,85597,1688,0,0.0,Qwen3-8B,1,random,random
R_1MVYVIkMBdHYfRR,85621,1689,0,0.0,Qwen3-8B,2,random,random
R_1MVYVIkMBdHYfRR,85645,1690,0,0.0,Qwen3-8B,4,social-group,muslim
R_1MVYVIkMBdHYfRR,85669,1691,0,0.0,Qwen3-8B,2,random,random
R_1MVYVIkMBdHYfRR,85693,1692,0,0.0,Qwen3-8B,5,social-group,muslim
R_1MVYVIkMBdHYfRR,85717,1693,0,0.0,Qwen3-8B,1,social-group,muslim
R_1MVYVIkMBdHYfRR,85741,1694,0,0.0,Qwen3-8B,5,social-group,muslim
R_1MVYVIkMBdHYfRR,85765,1695,0,0.0,Qwen3-8B,1,social-group,christian
R_1MVYVIkMBdHYfRR,85789,1696,0,0.0,Qwen3-8B,3,social-group,christian
R_1MVYVIkMBdHYfRR,85813,1697,0,0.0,Qwen3-8B,1,social-group,transgender
R_1MVYVIkMBdHYfRR,85837,1698,0,0.0,Qwen3-8B,5,social-group,jewish
R_1MVYVIkMBdHYfRR,85861,1699,0,0.0,Qwen3-8B,4,social-group,transgender
R_1MVYVIkMBdHYfRR,85885,1700,0,0.0,Qwen3-8B,5,social-group,jewish
R_1MVYVIkMBdHYfRR,85909,1701,0,0.0,Qwen3-8B,4,social-group,muslim
R_1pQDLnocBmmXQ1h,18956,298,0,0.0,Qwen3-8B,1,random,random
R_1pQDLnocBmmXQ1h,23364,366,0,0.0,Qwen3-8B,2,random,random
R_1pQDLnocBmmXQ1h,26145,413,0,0.0,Qwen3-8B,3,random,random
R_1pQDLnocBmmXQ1h,26831,424,0,0.0,Qwen3-8B,3,random,random
R_1pQDLnocBmmXQ1h,30797,491,0,0.0,Qwen3-8B,1,random,random
R_1pQDLnocBmmXQ1h,42823,689,0,0.0,Qwen3-8B,3,random,random
R_1pQDLnocBmmXQ1h,59250,931,0,0.0,Qwen3-8B,1,random,random
R_1pQDLnocBmmXQ1h,61221,967,0,0.0,Qwen3-8B,3,random,random
R_1pQDLnocBmmXQ1h,82150,1547,0,0.0,Qwen3-8B,1,moral,authority
R_1pQDLnocBmmXQ1h,85296,1676,0,0.0,Qwen3-8B,2,moral,authority
R_1pQDLnocBmmXQ1h,85296,1676,0,0.0,Qwen3-8B,2,moral,loyalty
R_1pQDLnocBmmXQ1h,85296,1676,0,0.0,Qwen3-8B,2,moral,authority
R_1pQDLnocBmmXQ1h,85296,1676,0,0.0,Qwen3-8B,2,moral,loyalty
R_1pQDLnocBmmXQ1h,85342,1677,0,0.0,Qwen3-8B,3,social-group,christian
R_1pQDLnocBmmXQ1h,85366,1678,0,0.0,Qwen3-8B,1,random,random
R_1pQDLnocBmmXQ1h,85390,1679,0,0.0,Qwen3-8B,3,social-group,LGB
R_1pQDLnocBmmXQ1h,85414,1680,0,0.0,Qwen3-8B,2,random,random
R_1pQDLnocBmmXQ1h,85438,1681,0,0.0,Qwen3-8B,3,social-group,christian
R_1pQDLnocBmmXQ1h,85462,1682,0,0.0,Qwen3-8B,3,social-group,LGB
R_1pQDLnocBmmXQ1h,85486,1683,0,0.0,Qwen3-8B,4,random,random
R_1pQDLnocBmmXQ1h,85510,1684,0,0.0,Qwen3-8B,1,social-group,transgender
R_1pQDLnocBmmXQ1h,85534,1685,0,0.0,Qwen3-8B,4,social-group,christian
R_1pQDLnocBmmXQ1h,85558,1686,0,0.0,Qwen3-8B,2,random,random
R_1pQDLnocBmmXQ1h,85582,1687,0,0.0,Qwen3-8B,4,social-group,jewish
R_1pQDLnocBmmXQ1h,85606,1688,0,0.0,Qwen3-8B,1,random,random
R_1pQDLnocBmmXQ1h,85630,1689,0,0.0,Qwen3-8B,2,random,random
R_1pQDLnocBmmXQ1h,85654,1690,0,0.0,Qwen3-8B,4,social-group,muslim
R_1pQDLnocBmmXQ1h,85678,1691,0,0.0,Qwen3-8B,2,random,random
R_1pQDLnocBmmXQ1h,85702,1692,0,0.0,Qwen3-8B,5,social-group,muslim
R_1pQDLnocBmmXQ1h,85726,1693,0,0.0,Qwen3-8B,1,social-group,muslim
R_1pQDLnocBmmXQ1h,85750,1694,0,0.0,Qwen3-8B,5,social-group,muslim
R_1pQDLnocBmmXQ1h,85774,1695,0,0.0,Qwen3-8B,1,social-group,christian
R_1pQDLnocBmmXQ1h,85798,1696,0,0.0,Qwen3-8B,3,social-group,christian
R_1pQDLnocBmmXQ1h,85822,1697,0,0.0,Qwen3-8B,1,social-group,transgender
R_1pQDLnocBmmXQ1h,85846,1698,0,0.0,Qwen3-8B,5,social-group,jewish
R_1pQDLnocBmmXQ1h,85870,1699,0,0.0,Qwen3-8B,4,social-group,transgender
R_1pQDLnocBmmXQ1h,85894,1700,0,0.0,Qwen3-8B,5,social-group,jewish
R_1pQDLnocBmmXQ1h,85918,1701,0,0.0,Qwen3-8B,4,social-group,muslim
R_3jS69EFOdTsjHhL,19115,301,0,0.0,Qwen3-8B,2,random,random
R_3jS69EFOdTsjHhL,32481,517,0,0.0,Qwen3-8B,2,random,random
R_3jS69EFOdTsjHhL,46684,747,0,0.0,Qwen3-8B,3,random,random
R_3jS69EFOdTsjHhL,47534,759,0,0.0,Qwen3-8B,1,random,random
R_3jS69EFOdTsjHhL,74387,1243,0,0.0,Qwen3-8B,1,moral,purity
R_3jS69EFOdTsjHhL,74387,1243,0,0.0,Qwen3-8B,1,moral,loyalty
R_3jS69EFOdTsjHhL,74387,1243,0,0.0,Qwen3-8B,1,moral,purity
R_3jS69EFOdTsjHhL,74387,1243,0,0.0,Qwen3-8B,1,moral,loyalty
R_3jS69EFOdTsjHhL,89899,1857,0,0.0,Qwen3-8B,3,social-group,LGB
R_3jS69EFOdTsjHhL,89922,1858,0,0.0,Qwen3-8B,3,moral,loyalty
R_3jS69EFOdTsjHhL,89945,1859,0,0.0,Qwen3-8B,2,moral,purity
R_3jS69EFOdTsjHhL,89968,1860,0,0.0,Qwen3-8B,2,moral,loyalty
R_3jS69EFOdTsjHhL,89991,1861,0,0.0,Qwen3-8B,1,moral,care
R_3jS69EFOdTsjHhL,90014,1862,2,1.0,Qwen3-8B,3,social-group,muslim
R_3jS69EFOdTsjHhL,90037,1863,0,0.0,Qwen3-8B,1,social-group,christian
R_3jS69EFOdTsjHhL,90060,1864,0,0.0,Qwen3-8B,1,moral,care
R_3jS69EFOdTsjHhL,90083,1865,0,0.0,Qwen3-8B,5,social-group,transgender
R_3jS69EFOdTsjHhL,90106,1866,0,0.0,Qwen3-8B,3,social-group,LGB
R_3jS69EFOdTsjHhL,90129,1867,0,0.0,Qwen3-8B,2,moral,loyalty
R_3jS69EFOdTsjHhL,90152,1868,0,0.0,Qwen3-8B,3,social-group,LGB
R_3jS69EFOdTsjHhL,90175,1869,0,0.0,Qwen3-8B,4,social-group,christian
R_3jS69EFOdTsjHhL,90198,1870,0,0.0,Qwen3-8B,4,social-group,LGB
R_3jS69EFOdTsjHhL,90221,1871,0,0.0,Qwen3-8B,4,social-group,transgender
R_3jS69EFOdTsjHhL,90244,1872,0,0.0,Qwen3-8B,4,social-group,muslim
R_3jS69EFOdTsjHhL,90267,1873,0,0.0,Qwen3-8B,4,social-group,LGB
R_3jS69EFOdTsjHhL,90290,1874,0,0.0,Qwen3-8B,1,social-group,christian
R_3jS69EFOdTsjHhL,90313,1875,0,0.0,Qwen3-8B,5,random,random
R_3jS69EFOdTsjHhL,90336,1876,0,0.0,Qwen3-8B,1,random,random
R_3jS69EFOdTsjHhL,90359,1877,0,0.0,Qwen3-8B,3,social-group,muslim
R_3jS69EFOdTsjHhL,90382,1878,0,0.0,Qwen3-8B,3,social-group,christian
R_3jS69EFOdTsjHhL,90405,1879,0,0.0,Qwen3-8B,4,social-group,LGB
R_3jS69EFOdTsjHhL,90428,1880,0,0.0,Qwen3-8B,4,social-group,muslim
R_3jS69EFOdTsjHhL,90451,1881,0,0.0,Qwen3-8B,3,social-group,muslim
R_3jS69EFOdTsjHhL,90474,1882,0,0.0,Qwen3-8B,4,social-group,LGB
R_3jS69EFOdTsjHhL,90497,1883,0,0.0,Qwen3-8B,3,social-group,transgender
R_3jS69EFOdTsjHhL,90520,1884,0,0.0,Qwen3-8B,2,moral,care
R_3jS69EFOdTsjHhL,90543,1885,0,0.0,Qwen3-8B,2,moral,care
R_3jS69EFOdTsjHhL,90590,1886,-1,,Qwen3-8B,4,social-group,LGB
R_1pLPDqOkl4gkgU9,19122,301,2,1.0,Qwen3-8B,2,random,random
R_1pLPDqOkl4gkgU9,32487,517,0,0.0,Qwen3-8B,2,random,random
R_1pLPDqOkl4gkgU9,46697,747,2,1.0,Qwen3-8B,3,random,random
R_1pLPDqOkl4gkgU9,47547,759,2,1.0,Qwen3-8B,1,random,random
R_1pLPDqOkl4gkgU9,74431,1243,3,1.0,Qwen3-8B,1,moral,purity
R_1pLPDqOkl4gkgU9,74431,1243,3,1.0,Qwen3-8B,1,moral,loyalty
R_1pLPDqOkl4gkgU9,74431,1243,3,1.0,Qwen3-8B,1,moral,purity
R_1pLPDqOkl4gkgU9,74431,1243,3,1.0,Qwen3-8B,1,moral,loyalty
R_1pLPDqOkl4gkgU9,89902,1857,3,1.0,Qwen3-8B,3,social-group,LGB
R_1pLPDqOkl4gkgU9,89925,1858,0,0.0,Qwen3-8B,3,moral,loyalty
R_1pLPDqOkl4gkgU9,89948,1859,1,0.0,Qwen3-8B,2,moral,purity
R_1pLPDqOkl4gkgU9,89971,1860,1,0.0,Qwen3-8B,2,moral,loyalty
R_1pLPDqOkl4gkgU9,89994,1861,0,0.0,Qwen3-8B,1,moral,care
R_1pLPDqOkl4gkgU9,90017,1862,3,1.0,Qwen3-8B,3,social-group,muslim
R_1pLPDqOkl4gkgU9,90040,1863,3,1.0,Qwen3-8B,1,social-group,christian
R_1pLPDqOkl4gkgU9,90063,1864,3,1.0,Qwen3-8B,1,moral,care
R_1pLPDqOkl4gkgU9,90086,1865,4,1.0,Qwen3-8B,5,social-group,transgender
R_1pLPDqOkl4gkgU9,90109,1866,2,1.0,Qwen3-8B,3,social-group,LGB
R_1pLPDqOkl4gkgU9,90132,1867,1,0.0,Qwen3-8B,2,moral,loyalty
R_1pLPDqOkl4gkgU9,90155,1868,1,0.0,Qwen3-8B,3,social-group,LGB
R_1pLPDqOkl4gkgU9,90178,1869,4,1.0,Qwen3-8B,4,social-group,christian
R_1pLPDqOkl4gkgU9,90201,1870,4,1.0,Qwen3-8B,4,social-group,LGB
R_1pLPDqOkl4gkgU9,90224,1871,1,0.0,Qwen3-8B,4,social-group,transgender
R_1pLPDqOkl4gkgU9,90247,1872,3,1.0,Qwen3-8B,4,social-group,muslim
R_1pLPDqOkl4gkgU9,90270,1873,4,1.0,Qwen3-8B,4,social-group,LGB
R_1pLPDqOkl4gkgU9,90293,1874,2,1.0,Qwen3-8B,1,social-group,christian
R_1pLPDqOkl4gkgU9,90316,1875,3,1.0,Qwen3-8B,5,random,random
R_1pLPDqOkl4gkgU9,90339,1876,4,1.0,Qwen3-8B,1,random,random
R_1pLPDqOkl4gkgU9,90362,1877,4,1.0,Qwen3-8B,3,social-group,muslim
R_1pLPDqOkl4gkgU9,90385,1878,4,1.0,Qwen3-8B,3,social-group,christian
R_1pLPDqOkl4gkgU9,90408,1879,4,1.0,Qwen3-8B,4,social-group,LGB
R_1pLPDqOkl4gkgU9,90431,1880,3,1.0,Qwen3-8B,4,social-group,muslim
R_1pLPDqOkl4gkgU9,90454,1881,3,1.0,Qwen3-8B,3,social-group,muslim
R_1pLPDqOkl4gkgU9,90477,1882,3,1.0,Qwen3-8B,4,social-group,LGB
R_1pLPDqOkl4gkgU9,90500,1883,3,1.0,Qwen3-8B,3,social-group,transgender
R_1pLPDqOkl4gkgU9,90523,1884,0,0.0,Qwen3-8B,2,moral,care
R_1pLPDqOkl4gkgU9,90552,1885,1,0.0,Qwen3-8B,2,moral,care
R_1pLPDqOkl4gkgU9,90593,1886,3,1.0,Qwen3-8B,4,social-group,LGB
R_31LtRBby8Dzxy8g,19128,301,0,0.0,Qwen3-8B,2,random,random
R_31LtRBby8Dzxy8g,32495,517,1,0.0,Qwen3-8B,2,random,random
R_31LtRBby8Dzxy8g,46703,747,3,1.0,Qwen3-8B,3,random,random
R_31LtRBby8Dzxy8g,47553,759,0,0.0,Qwen3-8B,1,random,random
R_31LtRBby8Dzxy8g,74457,1243,1,0.0,Qwen3-8B,1,moral,purity
R_31LtRBby8Dzxy8g,74457,1243,1,0.0,Qwen3-8B,1,moral,loyalty
R_31LtRBby8Dzxy8g,74457,1243,1,0.0,Qwen3-8B,1,moral,purity
R_31LtRBby8Dzxy8g,74457,1243,1,0.0,Qwen3-8B,1,moral,loyalty
R_31LtRBby8Dzxy8g,89904,1857,2,1.0,Qwen3-8B,3,social-group,LGB
R_31LtRBby8Dzxy8g,89927,1858,0,0.0,Qwen3-8B,3,moral,loyalty
R_31LtRBby8Dzxy8g,89950,1859,2,1.0,Qwen3-8B,2,moral,purity
R_31LtRBby8Dzxy8g,89973,1860,2,1.0,Qwen3-8B,2,moral,loyalty
R_31LtRBby8Dzxy8g,89996,1861,2,1.0,Qwen3-8B,1,moral,care
R_31LtRBby8Dzxy8g,90019,1862,1,0.0,Qwen3-8B,3,social-group,muslim
R_31LtRBby8Dzxy8g,90042,1863,1,0.0,Qwen3-8B,1,social-group,christian
R_31LtRBby8Dzxy8g,90065,1864,1,0.0,Qwen3-8B,1,moral,care
R_31LtRBby8Dzxy8g,90088,1865,1,0.0,Qwen3-8B,5,social-group,transgender
R_31LtRBby8Dzxy8g,90111,1866,1,0.0,Qwen3-8B,3,social-group,LGB
R_31LtRBby8Dzxy8g,90134,1867,2,1.0,Qwen3-8B,2,moral,loyalty
R_31LtRBby8Dzxy8g,90157,1868,3,1.0,Qwen3-8B,3,social-group,LGB
R_31LtRBby8Dzxy8g,90180,1869,3,1.0,Qwen3-8B,4,social-group,christian
R_31LtRBby8Dzxy8g,90203,1870,3,1.0,Qwen3-8B,4,social-group,LGB
R_31LtRBby8Dzxy8g,90226,1871,3,1.0,Qwen3-8B,4,social-group,transgender
R_31LtRBby8Dzxy8g,90249,1872,1,0.0,Qwen3-8B,4,social-group,muslim
R_31LtRBby8Dzxy8g,90272,1873,1,0.0,Qwen3-8B,4,social-group,LGB
R_31LtRBby8Dzxy8g,90295,1874,0,0.0,Qwen3-8B,1,social-group,christian
R_31LtRBby8Dzxy8g,90318,1875,0,0.0,Qwen3-8B,5,random,random
R_31LtRBby8Dzxy8g,90341,1876,0,0.0,Qwen3-8B,1,random,random
R_31LtRBby8Dzxy8g,90364,1877,1,0.0,Qwen3-8B,3,social-group,muslim
R_31LtRBby8Dzxy8g,90387,1878,1,0.0,Qwen3-8B,3,social-group,christian
R_31LtRBby8Dzxy8g,90410,1879,1,0.0,Qwen3-8B,4,social-group,LGB
R_31LtRBby8Dzxy8g,90433,1880,1,0.0,Qwen3-8B,4,social-group,muslim
R_31LtRBby8Dzxy8g,90456,1881,1,0.0,Qwen3-8B,3,social-group,muslim
R_31LtRBby8Dzxy8g,90479,1882,1,0.0,Qwen3-8B,4,social-group,LGB
R_31LtRBby8Dzxy8g,90502,1883,1,0.0,Qwen3-8B,3,social-group,transgender
R_31LtRBby8Dzxy8g,90525,1884,0,0.0,Qwen3-8B,2,moral,care
R_31LtRBby8Dzxy8g,90555,1885,0,0.0,Qwen3-8B,2,moral,care
R_31LtRBby8Dzxy8g,90595,1886,2,1.0,Qwen3-8B,4,social-group,LGB
R_sTk5zElkUMUZUxb,19151,301,0,0.0,Qwen3-8B,2,random,random
R_sTk5zElkUMUZUxb,32519,517,0,0.0,Qwen3-8B,2,random,random
R_sTk5zElkUMUZUxb,46735,747,0,0.0,Qwen3-8B,3,random,random
R_sTk5zElkUMUZUxb,47585,759,0,0.0,Qwen3-8B,1,random,random
R_sTk5zElkUMUZUxb,74573,1243,0,0.0,Qwen3-8B,1,moral,purity
R_sTk5zElkUMUZUxb,74573,1243,0,0.0,Qwen3-8B,1,moral,loyalty
R_sTk5zElkUMUZUxb,74573,1243,0,0.0,Qwen3-8B,1,moral,purity
R_sTk5zElkUMUZUxb,74573,1243,0,0.0,Qwen3-8B,1,moral,loyalty
R_sTk5zElkUMUZUxb,89913,1857,0,0.0,Qwen3-8B,3,social-group,LGB
R_sTk5zElkUMUZUxb,89936,1858,0,0.0,Qwen3-8B,3,moral,loyalty
R_sTk5zElkUMUZUxb,89959,1859,0,0.0,Qwen3-8B,2,moral,purity
R_sTk5zElkUMUZUxb,89982,1860,0,0.0,Qwen3-8B,2,moral,loyalty
R_sTk5zElkUMUZUxb,90005,1861,0,0.0,Qwen3-8B,1,moral,care
R_sTk5zElkUMUZUxb,90028,1862,0,0.0,Qwen3-8B,3,social-group,muslim
R_sTk5zElkUMUZUxb,90051,1863,0,0.0,Qwen3-8B,1,social-group,christian
R_sTk5zElkUMUZUxb,90074,1864,0,0.0,Qwen3-8B,1,moral,care
R_sTk5zElkUMUZUxb,90097,1865,0,0.0,Qwen3-8B,5,social-group,transgender
R_sTk5zElkUMUZUxb,90120,1866,0,0.0,Qwen3-8B,3,social-group,LGB
R_sTk5zElkUMUZUxb,90143,1867,0,0.0,Qwen3-8B,2,moral,loyalty
R_sTk5zElkUMUZUxb,90166,1868,0,0.0,Qwen3-8B,3,social-group,LGB
R_sTk5zElkUMUZUxb,90189,1869,0,0.0,Qwen3-8B,4,social-group,christian
R_sTk5zElkUMUZUxb,90212,1870,0,0.0,Qwen3-8B,4,social-group,LGB
R_sTk5zElkUMUZUxb,90235,1871,0,0.0,Qwen3-8B,4,social-group,transgender
R_sTk5zElkUMUZUxb,90258,1872,0,0.0,Qwen3-8B,4,social-group,muslim
R_sTk5zElkUMUZUxb,90281,1873,0,0.0,Qwen3-8B,4,social-group,LGB
R_sTk5zElkUMUZUxb,90304,1874,0,0.0,Qwen3-8B,1,social-group,christian
R_sTk5zElkUMUZUxb,90327,1875,1,0.0,Qwen3-8B,5,random,random
R_sTk5zElkUMUZUxb,90350,1876,0,0.0,Qwen3-8B,1,random,random
R_sTk5zElkUMUZUxb,90373,1877,0,0.0,Qwen3-8B,3,social-group,muslim
R_sTk5zElkUMUZUxb,90396,1878,0,0.0,Qwen3-8B,3,social-group,christian
R_sTk5zElkUMUZUxb,90419,1879,0,0.0,Qwen3-8B,4,social-group,LGB
R_sTk5zElkUMUZUxb,90442,1880,0,0.0,Qwen3-8B,4,social-group,muslim
R_sTk5zElkUMUZUxb,90465,1881,0,0.0,Qwen3-8B,3,social-group,muslim
R_sTk5zElkUMUZUxb,90488,1882,0,0.0,Qwen3-8B,4,social-group,LGB
R_sTk5zElkUMUZUxb,90511,1883,0,0.0,Qwen3-8B,3,social-group,transgender
R_sTk5zElkUMUZUxb,90534,1884,0,0.0,Qwen3-8B,2,moral,care
R_sTk5zElkUMUZUxb,90573,1885,0,0.0,Qwen3-8B,2,moral,care
R_sTk5zElkUMUZUxb,90604,1886,0,0.0,Qwen3-8B,4,social-group,LGB
R_29bRHdveDhPLTqH,19152,301,0,0.0,Qwen3-8B,2,random,random
R_29bRHdveDhPLTqH,32520,517,0,0.0,Qwen3-8B,2,random,random
R_29bRHdveDhPLTqH,46736,747,0,0.0,Qwen3-8B,3,random,random
R_29bRHdveDhPLTqH,47586,759,0,0.0,Qwen3-8B,1,random,random
R_29bRHdveDhPLTqH,74577,1243,0,0.0,Qwen3-8B,1,moral,purity
R_29bRHdveDhPLTqH,74577,1243,0,0.0,Qwen3-8B,1,moral,loyalty
R_29bRHdveDhPLTqH,74577,1243,0,0.0,Qwen3-8B,1,moral,purity
R_29bRHdveDhPLTqH,74577,1243,0,0.0,Qwen3-8B,1,moral,loyalty
R_29bRHdveDhPLTqH,89914,1857,0,0.0,Qwen3-8B,3,social-group,LGB
R_29bRHdveDhPLTqH,89937,1858,0,0.0,Qwen3-8B,3,moral,loyalty
R_29bRHdveDhPLTqH,89960,1859,0,0.0,Qwen3-8B,2,moral,purity
R_29bRHdveDhPLTqH,89983,1860,0,0.0,Qwen3-8B,2,moral,loyalty
R_29bRHdveDhPLTqH,90006,1861,0,0.0,Qwen3-8B,1,moral,care
R_29bRHdveDhPLTqH,90029,1862,0,0.0,Qwen3-8B,3,social-group,muslim
R_29bRHdveDhPLTqH,90052,1863,0,0.0,Qwen3-8B,1,social-group,christian
R_29bRHdveDhPLTqH,90075,1864,0,0.0,Qwen3-8B,1,moral,care
R_29bRHdveDhPLTqH,90098,1865,0,0.0,Qwen3-8B,5,social-group,transgender
R_29bRHdveDhPLTqH,90121,1866,0,0.0,Qwen3-8B,3,social-group,LGB
R_29bRHdveDhPLTqH,90144,1867,0,0.0,Qwen3-8B,2,moral,loyalty
R_29bRHdveDhPLTqH,90167,1868,0,0.0,Qwen3-8B,3,social-group,LGB
R_29bRHdveDhPLTqH,90190,1869,0,0.0,Qwen3-8B,4,social-group,christian
R_29bRHdveDhPLTqH,90213,1870,0,0.0,Qwen3-8B,4,social-group,LGB
R_29bRHdveDhPLTqH,90236,1871,0,0.0,Qwen3-8B,4,social-group,transgender
R_29bRHdveDhPLTqH,90259,1872,0,0.0,Qwen3-8B,4,social-group,muslim
R_29bRHdveDhPLTqH,90282,1873,0,0.0,Qwen3-8B,4,social-group,LGB
R_29bRHdveDhPLTqH,90305,1874,0,0.0,Qwen3-8B,1,social-group,christian
R_29bRHdveDhPLTqH,90328,1875,0,0.0,Qwen3-8B,5,random,random
R_29bRHdveDhPLTqH,90351,1876,0,0.0,Qwen3-8B,1,random,random
R_29bRHdveDhPLTqH,90374,1877,0,0.0,Qwen3-8B,3,social-group,muslim
R_29bRHdveDhPLTqH,90397,1878,0,0.0,Qwen3-8B,3,social-group,christian
R_29bRHdveDhPLTqH,90420,1879,0,0.0,Qwen3-8B,4,social-group,LGB
R_29bRHdveDhPLTqH,90443,1880,0,0.0,Qwen3-8B,4,social-group,muslim
R_29bRHdveDhPLTqH,90466,1881,0,0.0,Qwen3-8B,3,social-group,muslim
R_29bRHdveDhPLTqH,90489,1882,0,0.0,Qwen3-8B,4,social-group,LGB
R_29bRHdveDhPLTqH,90512,1883,0,0.0,Qwen3-8B,3,social-group,transgender
R_29bRHdveDhPLTqH,90535,1884,0,0.0,Qwen3-8B,2,moral,care
R_29bRHdveDhPLTqH,90575,1885,0,0.0,Qwen3-8B,2,moral,care
R_29bRHdveDhPLTqH,90605,1886,0,0.0,Qwen3-8B,4,social-group,LGB
R_2f9tGfPxdHLzX8Y,19391,305,0,0.0,Qwen3-8B,3,random,random
R_2f9tGfPxdHLzX8Y,26364,417,0,0.0,Qwen3-8B,1,random,random
R_2f9tGfPxdHLzX8Y,35899,574,0,0.0,Qwen3-8B,3,random,random
R_2f9tGfPxdHLzX8Y,38561,619,0,0.0,Qwen3-8B,4,random,random
R_2f9tGfPxdHLzX8Y,59733,940,0,0.0,Qwen3-8B,5,random,random
R_2f9tGfPxdHLzX8Y,61248,968,0,0.0,Qwen3-8B,1,random,random
R_2f9tGfPxdHLzX8Y,64545,1022,0,0.0,Qwen3-8B,2,random,random
R_2f9tGfPxdHLzX8Y,65839,1042,0,0.0,Qwen3-8B,4,random,random
R_2f9tGfPxdHLzX8Y,79913,1455,0,0.0,Qwen3-8B,4,social-group,christian
R_2f9tGfPxdHLzX8Y,79937,1456,0,0.0,Qwen3-8B,1,random,random
R_2f9tGfPxdHLzX8Y,79961,1457,0,0.0,Qwen3-8B,3,social-group,christian
R_2f9tGfPxdHLzX8Y,79985,1458,0,0.0,Qwen3-8B,3,social-group,christian
R_2f9tGfPxdHLzX8Y,80009,1459,0,0.0,Qwen3-8B,4,social-group,muslim
R_2f9tGfPxdHLzX8Y,80033,1460,0,0.0,Qwen3-8B,4,social-group,jewish
R_2f9tGfPxdHLzX8Y,80057,1461,0,0.0,Qwen3-8B,3,social-group,christian
R_2f9tGfPxdHLzX8Y,80081,1462,0,0.0,Qwen3-8B,2,social-group,transgender
R_2f9tGfPxdHLzX8Y,80105,1463,0,0.0,Qwen3-8B,3,social-group,LGB
R_2f9tGfPxdHLzX8Y,80129,1464,0,0.0,Qwen3-8B,3,social-group,jewish
R_2f9tGfPxdHLzX8Y,80153,1465,0,0.0,Qwen3-8B,2,social-group,christian
R_2f9tGfPxdHLzX8Y,80177,1466,0,0.0,Qwen3-8B,5,social-group,LGB
R_2f9tGfPxdHLzX8Y,80201,1467,0,0.0,Qwen3-8B,1,social-group,christian
R_2f9tGfPxdHLzX8Y,80225,1468,0,0.0,Qwen3-8B,3,random,random
R_2f9tGfPxdHLzX8Y,80249,1469,0,0.0,Qwen3-8B,3,random,random
R_2f9tGfPxdHLzX8Y,80273,1470,0,0.0,Qwen3-8B,2,moral,purity
R_2f9tGfPxdHLzX8Y,80297,1471,0,0.0,Qwen3-8B,5,social-group,muslim
R_2f9tGfPxdHLzX8Y,80321,1472,0,0.0,Qwen3-8B,3,social-group,christian
R_2f9tGfPxdHLzX8Y,80345,1473,0,0.0,Qwen3-8B,5,social-group,muslim
R_2f9tGfPxdHLzX8Y,80369,1474,0,0.0,Qwen3-8B,4,social-group,transgender
R_2f9tGfPxdHLzX8Y,80393,1475,0,0.0,Qwen3-8B,3,random,random
R_2f9tGfPxdHLzX8Y,80417,1476,0,0.0,Qwen3-8B,1,moral,purity
R_2f9tGfPxdHLzX8Y,80441,1477,0,0.0,Qwen3-8B,3,social-group,transgender
R_2f9tGfPxdHLzX8Y,80465,1478,0,0.0,Qwen3-8B,1,random,random
R_2f9tGfPxdHLzX8Y,80489,1479,0,0.0,Qwen3-8B,1,social-group,LGB
R_2f9tGfPxdHLzX8Y,80513,1480,0,0.0,Qwen3-8B,3,social-group,muslim
R_2f9tGfPxdHLzX8Y,80537,1481,0,0.0,Qwen3-8B,1,random,random
R_2CBzZqgHBMtZ6YF,19420,305,0,0.0,Qwen3-8B,3,random,random
R_2CBzZqgHBMtZ6YF,26393,417,0,0.0,Qwen3-8B,1,random,random
R_2CBzZqgHBMtZ6YF,35931,574,0,0.0,Qwen3-8B,3,random,random
R_2CBzZqgHBMtZ6YF,38590,619,0,0.0,Qwen3-8B,4,random,random
R_2CBzZqgHBMtZ6YF,59760,940,0,0.0,Qwen3-8B,5,random,random
R_2CBzZqgHBMtZ6YF,61275,968,0,0.0,Qwen3-8B,1,random,random
R_2CBzZqgHBMtZ6YF,64578,1022,0,0.0,Qwen3-8B,2,random,random
R_2CBzZqgHBMtZ6YF,65872,1042,0,0.0,Qwen3-8B,4,random,random
R_2CBzZqgHBMtZ6YF,79924,1455,0,0.0,Qwen3-8B,4,social-group,christian
R_2CBzZqgHBMtZ6YF,79948,1456,0,0.0,Qwen3-8B,1,random,random
R_2CBzZqgHBMtZ6YF,79972,1457,0,0.0,Qwen3-8B,3,social-group,christian
R_2CBzZqgHBMtZ6YF,79996,1458,0,0.0,Qwen3-8B,3,social-group,christian
R_2CBzZqgHBMtZ6YF,80020,1459,0,0.0,Qwen3-8B,4,social-group,muslim
R_2CBzZqgHBMtZ6YF,80044,1460,0,0.0,Qwen3-8B,4,social-group,jewish
R_2CBzZqgHBMtZ6YF,80068,1461,0,0.0,Qwen3-8B,3,social-group,christian
R_2CBzZqgHBMtZ6YF,80092,1462,0,0.0,Qwen3-8B,2,social-group,transgender
R_2CBzZqgHBMtZ6YF,80116,1463,0,0.0,Qwen3-8B,3,social-group,LGB
R_2CBzZqgHBMtZ6YF,80140,1464,0,0.0,Qwen3-8B,3,social-group,jewish
R_2CBzZqgHBMtZ6YF,80164,1465,0,0.0,Qwen3-8B,2,social-group,christian
R_2CBzZqgHBMtZ6YF,80188,1466,0,0.0,Qwen3-8B,5,social-group,LGB
R_2CBzZqgHBMtZ6YF,80212,1467,0,0.0,Qwen3-8B,1,social-group,christian
R_2CBzZqgHBMtZ6YF,80236,1468,0,0.0,Qwen3-8B,3,random,random
R_2CBzZqgHBMtZ6YF,80260,1469,0,0.0,Qwen3-8B,3,random,random
R_2CBzZqgHBMtZ6YF,80284,1470,0,0.0,Qwen3-8B,2,moral,purity
R_2CBzZqgHBMtZ6YF,80308,1471,0,0.0,Qwen3-8B,5,social-group,muslim
R_2CBzZqgHBMtZ6YF,80332,1472,0,0.0,Qwen3-8B,3,social-group,christian
R_2CBzZqgHBMtZ6YF,80356,1473,0,0.0,Qwen3-8B,5,social-group,muslim
R_2CBzZqgHBMtZ6YF,80380,1474,0,0.0,Qwen3-8B,4,social-group,transgender
R_2CBzZqgHBMtZ6YF,80404,1475,0,0.0,Qwen3-8B,3,random,random
R_2CBzZqgHBMtZ6YF,80428,1476,0,0.0,Qwen3-8B,1,moral,purity
R_2CBzZqgHBMtZ6YF,80452,1477,0,0.0,Qwen3-8B,3,social-group,transgender
R_2CBzZqgHBMtZ6YF,80476,1478,0,0.0,Qwen3-8B,1,random,random
R_2CBzZqgHBMtZ6YF,80500,1479,0,0.0,Qwen3-8B,1,social-group,LGB
R_2CBzZqgHBMtZ6YF,80524,1480,0,0.0,Qwen3-8B,3,social-group,muslim
R_2CBzZqgHBMtZ6YF,80548,1481,0,0.0,Qwen3-8B,1,random,random
R_2TnQeE2fGm1jkS7,20054,315,3,1.0,Qwen3-8B,4,random,random
R_2TnQeE2fGm1jkS7,64281,1018,3,1.0,Qwen3-8B,2,random,random
R_2TnQeE2fGm1jkS7,65397,1035,4,1.0,Qwen3-8B,2,random,random
R_2TnQeE2fGm1jkS7,70821,1128,4,1.0,Qwen3-8B,2,random,random
R_2TnQeE2fGm1jkS7,118811,3074,1,0.0,Qwen3-8B,1,moral,loyalty
R_2TnQeE2fGm1jkS7,150859,4454,0,0.0,Qwen3-8B,3,random,random
R_2TnQeE2fGm1jkS7,150883,4455,1,0.0,Qwen3-8B,1,moral,authority
R_2TnQeE2fGm1jkS7,150907,4456,4,1.0,Qwen3-8B,5,social-group,LGB
R_2TnQeE2fGm1jkS7,150931,4457,4,1.0,Qwen3-8B,5,social-group,muslim
R_2TnQeE2fGm1jkS7,150955,4458,4,1.0,Qwen3-8B,5,social-group,transgender
R_2TnQeE2fGm1jkS7,150979,4459,4,1.0,Qwen3-8B,3,social-group,christian
R_2TnQeE2fGm1jkS7,151003,4460,4,1.0,Qwen3-8B,3,social-group,muslim
R_2TnQeE2fGm1jkS7,151027,4461,4,1.0,Qwen3-8B,4,social-group,transgender
R_2TnQeE2fGm1jkS7,151051,4462,1,0.0,Qwen3-8B,1,moral,care
R_2TnQeE2fGm1jkS7,151075,4463,2,1.0,Qwen3-8B,4,social-group,jewish
R_2TnQeE2fGm1jkS7,151099,4464,4,1.0,Qwen3-8B,4,social-group,jewish
R_2TnQeE2fGm1jkS7,151123,4465,0,0.0,Qwen3-8B,1,moral,loyalty
R_2TnQeE2fGm1jkS7,151147,4466,3,1.0,Qwen3-8B,2,random,random
R_2TnQeE2fGm1jkS7,151171,4467,1,0.0,Qwen3-8B,2,random,random
R_2TnQeE2fGm1jkS7,151195,4468,4,1.0,Qwen3-8B,5,social-group,muslim
R_2TnQeE2fGm1jkS7,151219,4469,3,1.0,Qwen3-8B,1,random,random
R_2TnQeE2fGm1jkS7,151243,4470,4,1.0,Qwen3-8B,4,social-group,christian
R_2TnQeE2fGm1jkS7,151267,4471,4,1.0,Qwen3-8B,2,social-group,christian
R_2TnQeE2fGm1jkS7,151291,4472,4,1.0,Qwen3-8B,2,social-group,jewish
R_2TnQeE2fGm1jkS7,151315,4473,4,1.0,Qwen3-8B,5,social-group,transgender
R_2TnQeE2fGm1jkS7,151339,4474,0,0.0,Qwen3-8B,3,random,random
R_2TnQeE2fGm1jkS7,151363,4475,0,0.0,Qwen3-8B,1,random,random
R_2TnQeE2fGm1jkS7,151387,4476,3,1.0,Qwen3-8B,2,random,random
R_2TnQeE2fGm1jkS7,151411,4477,2,1.0,Qwen3-8B,3,social-group,muslim
R_2TnQeE2fGm1jkS7,151435,4478,2,1.0,Qwen3-8B,3,social-group,LGB
R_2TnQeE2fGm1jkS7,151459,4479,1,0.0,Qwen3-8B,2,social-group,christian
R_2TnQeE2fGm1jkS7,151483,4480,3,1.0,Qwen3-8B,3,social-group,christian
R_2TnQeE2fGm1jkS7,151507,4481,3,1.0,Qwen3-8B,3,social-group,LGB
R_2TnQeE2fGm1jkS7,151531,4482,4,1.0,Qwen3-8B,3,social-group,muslim
R_2TnQeE2fGm1jkS7,151555,4483,3,1.0,Qwen3-8B,1,moral,purity
R_3hhCuwcmNa5QM9O,20257,318,0,0.0,Qwen3-8B,1,random,random
R_3hhCuwcmNa5QM9O,24193,381,0,0.0,Qwen3-8B,2,random,random
R_3hhCuwcmNa5QM9O,30580,488,0,0.0,Qwen3-8B,3,random,random
R_3hhCuwcmNa5QM9O,41504,668,0,0.0,Qwen3-8B,1,random,random
R_3hhCuwcmNa5QM9O,53082,836,0,0.0,Qwen3-8B,2,random,random
R_3hhCuwcmNa5QM9O,56924,897,0,0.0,Qwen3-8B,2,random,random
R_3hhCuwcmNa5QM9O,67050,1061,0,0.0,Qwen3-8B,3,random,random
R_3hhCuwcmNa5QM9O,72416,1159,0,0.0,Qwen3-8B,1,random,random
R_3hhCuwcmNa5QM9O,136300,3818,1,0.0,Qwen3-8B,3,social-group,LGB
R_3hhCuwcmNa5QM9O,136322,3819,1,0.0,Qwen3-8B,2,social-group,christian
R_3hhCuwcmNa5QM9O,136344,3820,1,0.0,Qwen3-8B,4,social-group,jewish
R_3hhCuwcmNa5QM9O,136366,3821,0,0.0,Qwen3-8B,5,social-group,jewish
R_3hhCuwcmNa5QM9O,136388,3822,1,0.0,Qwen3-8B,3,social-group,muslim
R_3hhCuwcmNa5QM9O,136410,3823,2,1.0,Qwen3-8B,1,random,random
R_3hhCuwcmNa5QM9O,136432,3824,0,0.0,Qwen3-8B,3,random,random
R_3hhCuwcmNa5QM9O,136454,3825,3,1.0,Qwen3-8B,3,social-group,LGB
R_3hhCuwcmNa5QM9O,136476,3826,4,1.0,Qwen3-8B,5,social-group,christian
R_3hhCuwcmNa5QM9O,136498,3827,2,1.0,Qwen3-8B,3,random,random
R_3hhCuwcmNa5QM9O,136520,3828,0,0.0,Qwen3-8B,4,social-group,transgender
R_3hhCuwcmNa5QM9O,136542,3829,0,0.0,Qwen3-8B,4,social-group,jewish
R_3hhCuwcmNa5QM9O,136564,3830,0,0.0,Qwen3-8B,5,social-group,jewish
R_3hhCuwcmNa5QM9O,136586,3831,1,0.0,Qwen3-8B,3,random,random
R_3hhCuwcmNa5QM9O,136608,3832,4,1.0,Qwen3-8B,5,social-group,jewish
R_3hhCuwcmNa5QM9O,136630,3833,4,1.0,Qwen3-8B,3,social-group,christian
R_3hhCuwcmNa5QM9O,136652,3834,4,1.0,Qwen3-8B,4,random,random
R_3hhCuwcmNa5QM9O,136674,3835,0,0.0,Qwen3-8B,1,social-group,jewish
R_3hhCuwcmNa5QM9O,136696,3836,4,1.0,Qwen3-8B,3,social-group,christian
R_3hhCuwcmNa5QM9O,136718,3837,0,0.0,Qwen3-8B,1,moral,authority
R_3hhCuwcmNa5QM9O,136740,3838,1,0.0,Qwen3-8B,4,social-group,muslim
R_3hhCuwcmNa5QM9O,136762,3839,0,0.0,Qwen3-8B,1,random,random
R_3hhCuwcmNa5QM9O,136784,3840,0,0.0,Qwen3-8B,3,social-group,christian
R_3hhCuwcmNa5QM9O,136806,3841,0,0.0,Qwen3-8B,3,social-group,LGB
R_3hhCuwcmNa5QM9O,136828,3842,1,0.0,Qwen3-8B,4,social-group,transgender
R_3hhCuwcmNa5QM9O,136850,3843,1,0.0,Qwen3-8B,3,social-group,christian
R_BXkj1Grbbd8rFn3,20293,318,0,0.0,Qwen3-8B,1,random,random
R_BXkj1Grbbd8rFn3,24222,381,0,0.0,Qwen3-8B,2,random,random
R_BXkj1Grbbd8rFn3,30613,488,0,0.0,Qwen3-8B,3,random,random
R_BXkj1Grbbd8rFn3,41536,668,3,1.0,Qwen3-8B,1,random,random
R_BXkj1Grbbd8rFn3,53115,836,0,0.0,Qwen3-8B,2,random,random
R_BXkj1Grbbd8rFn3,56959,897,0,0.0,Qwen3-8B,2,random,random
R_BXkj1Grbbd8rFn3,67079,1061,0,0.0,Qwen3-8B,3,random,random
R_BXkj1Grbbd8rFn3,72442,1159,1,0.0,Qwen3-8B,1,random,random
R_BXkj1Grbbd8rFn3,136313,3818,0,0.0,Qwen3-8B,3,social-group,LGB
R_BXkj1Grbbd8rFn3,136335,3819,-1,,Qwen3-8B,2,social-group,christian
R_BXkj1Grbbd8rFn3,136357,3820,1,0.0,Qwen3-8B,4,social-group,jewish
R_BXkj1Grbbd8rFn3,136379,3821,0,0.0,Qwen3-8B,5,social-group,jewish
R_BXkj1Grbbd8rFn3,136401,3822,3,1.0,Qwen3-8B,3,social-group,muslim
R_BXkj1Grbbd8rFn3,136423,3823,0,0.0,Qwen3-8B,1,random,random
R_BXkj1Grbbd8rFn3,136445,3824,-1,,Qwen3-8B,3,random,random
R_BXkj1Grbbd8rFn3,136467,3825,-1,,Qwen3-8B,3,social-group,LGB
R_BXkj1Grbbd8rFn3,136489,3826,2,1.0,Qwen3-8B,5,social-group,christian
R_BXkj1Grbbd8rFn3,136511,3827,0,0.0,Qwen3-8B,3,random,random
R_BXkj1Grbbd8rFn3,136533,3828,0,0.0,Qwen3-8B,4,social-group,transgender
R_BXkj1Grbbd8rFn3,136555,3829,0,0.0,Qwen3-8B,4,social-group,jewish
R_BXkj1Grbbd8rFn3,136577,3830,-1,,Qwen3-8B,5,social-group,jewish
R_BXkj1Grbbd8rFn3,136599,3831,0,0.0,Qwen3-8B,3,random,random
R_BXkj1Grbbd8rFn3,136621,3832,0,0.0,Qwen3-8B,5,social-group,jewish
R_BXkj1Grbbd8rFn3,136643,3833,3,1.0,Qwen3-8B,3,social-group,christian
R_BXkj1Grbbd8rFn3,136665,3834,0,0.0,Qwen3-8B,4,random,random
R_BXkj1Grbbd8rFn3,136687,3835,0,0.0,Qwen3-8B,1,social-group,jewish
R_BXkj1Grbbd8rFn3,136709,3836,4,1.0,Qwen3-8B,3,social-group,christian
R_BXkj1Grbbd8rFn3,136731,3837,0,0.0,Qwen3-8B,1,moral,authority
R_BXkj1Grbbd8rFn3,136753,3838,1,0.0,Qwen3-8B,4,social-group,muslim
R_BXkj1Grbbd8rFn3,136775,3839,0,0.0,Qwen3-8B,1,random,random
R_BXkj1Grbbd8rFn3,136797,3840,-1,,Qwen3-8B,3,social-group,christian
R_BXkj1Grbbd8rFn3,136819,3841,0,0.0,Qwen3-8B,3,social-group,LGB
R_BXkj1Grbbd8rFn3,136841,3842,0,0.0,Qwen3-8B,4,social-group,transgender
R_BXkj1Grbbd8rFn3,136863,3843,3,1.0,Qwen3-8B,3,social-group,christian
R_2tFodwRxsitPYcp,20391,320,0,0.0,Qwen3-8B,1,random,random
R_2tFodwRxsitPYcp,20447,321,0,0.0,Qwen3-8B,2,random,random
R_2tFodwRxsitPYcp,20505,322,0,0.0,Qwen3-8B,1,random,random
R_2tFodwRxsitPYcp,20566,323,0,0.0,Qwen3-8B,3,random,random
R_2tFodwRxsitPYcp,20627,324,0,0.0,Qwen3-8B,1,random,random
R_2tFodwRxsitPYcp,20685,325,0,0.0,Qwen3-8B,1,random,random
R_2tFodwRxsitPYcp,20744,326,0,0.0,Qwen3-8B,2,random,random
R_2tFodwRxsitPYcp,20804,327,0,0.0,Qwen3-8B,3,random,random
R_2tFodwRxsitPYcp,20865,328,0,0.0,Qwen3-8B,3,random,random
R_2tFodwRxsitPYcp,20926,329,0,0.0,Qwen3-8B,3,random,random
R_2tFodwRxsitPYcp,20986,330,0,0.0,Qwen3-8B,2,random,random
R_2tFodwRxsitPYcp,21046,331,0,0.0,Qwen3-8B,2,random,random
R_2tFodwRxsitPYcp,21107,332,0,0.0,Qwen3-8B,2,random,random
R_2tFodwRxsitPYcp,21167,333,0,0.0,Qwen3-8B,2,random,random
R_2tFodwRxsitPYcp,21227,334,0,0.0,Qwen3-8B,1,random,random
R_2tFodwRxsitPYcp,21322,335,0,0.0,Qwen3-8B,4,random,random
R_2tFodwRxsitPYcp,21322,335,0,0.0,Qwen3-8B,4,moral,authority
R_2tFodwRxsitPYcp,21322,335,0,0.0,Qwen3-8B,4,random,random
R_2tFodwRxsitPYcp,21322,335,0,0.0,Qwen3-8B,4,moral,authority
R_2tFodwRxsitPYcp,21444,336,0,0.0,Qwen3-8B,3,random,random
R_2tFodwRxsitPYcp,21503,337,2,1.0,Qwen3-8B,4,random,random
R_2tFodwRxsitPYcp,21562,338,0,0.0,Qwen3-8B,2,random,random
R_2tFodwRxsitPYcp,21621,339,0,0.0,Qwen3-8B,2,random,random
R_2tFodwRxsitPYcp,21680,340,0,0.0,Qwen3-8B,2,random,random
R_2tFodwRxsitPYcp,21741,341,0,0.0,Qwen3-8B,2,random,random
R_2tFodwRxsitPYcp,21802,342,0,0.0,Qwen3-8B,2,random,random
R_2tFodwRxsitPYcp,21863,343,0,0.0,Qwen3-8B,1,random,random
R_2tFodwRxsitPYcp,21968,344,0,0.0,Qwen3-8B,4,random,random
R_2tFodwRxsitPYcp,21968,344,0,0.0,Qwen3-8B,4,moral,fairness
R_2tFodwRxsitPYcp,21968,344,0,0.0,Qwen3-8B,4,random,random
R_2tFodwRxsitPYcp,21968,344,0,0.0,Qwen3-8B,4,moral,fairness
R_2tFodwRxsitPYcp,22090,345,0,0.0,Qwen3-8B,1,random,random
R_2tFodwRxsitPYcp,22150,346,0,0.0,Qwen3-8B,1,random,random
R_2tFodwRxsitPYcp,22211,347,0,0.0,Qwen3-8B,1,random,random
R_2tFodwRxsitPYcp,22271,348,0,0.0,Qwen3-8B,4,random,random
R_2tFodwRxsitPYcp,22331,349,0,0.0,Qwen3-8B,3,random,random
R_2tFodwRxsitPYcp,22392,350,0,0.0,Qwen3-8B,1,random,random
R_2tFodwRxsitPYcp,22451,351,0,0.0,Qwen3-8B,5,random,random
R_2tFodwRxsitPYcp,22512,352,0,0.0,Qwen3-8B,3,random,random
R_2tFodwRxsitPYcp,22572,353,0,0.0,Qwen3-8B,1,random,random
R_2tFodwRxsitPYcp,22631,354,0,0.0,Qwen3-8B,1,random,random
R_1mntUUS7jWx5zOY,20405,320,0,0.0,Qwen3-8B,1,random,random
R_1mntUUS7jWx5zOY,20460,321,0,0.0,Qwen3-8B,2,random,random
R_1mntUUS7jWx5zOY,20519,322,0,0.0,Qwen3-8B,1,random,random
R_1mntUUS7jWx5zOY,20581,323,0,0.0,Qwen3-8B,3,random,random
R_1mntUUS7jWx5zOY,20642,324,0,0.0,Qwen3-8B,1,random,random
R_1mntUUS7jWx5zOY,20699,325,0,0.0,Qwen3-8B,1,random,random
R_1mntUUS7jWx5zOY,20758,326,0,0.0,Qwen3-8B,2,random,random
R_1mntUUS7jWx5zOY,20819,327,0,0.0,Qwen3-8B,3,random,random
R_1mntUUS7jWx5zOY,20880,328,0,0.0,Qwen3-8B,3,random,random
R_1mntUUS7jWx5zOY,20941,329,0,0.0,Qwen3-8B,3,random,random
R_1mntUUS7jWx5zOY,21000,330,0,0.0,Qwen3-8B,2,random,random
R_1mntUUS7jWx5zOY,21061,331,0,0.0,Qwen3-8B,2,random,random
R_1mntUUS7jWx5zOY,21122,332,0,0.0,Qwen3-8B,2,random,random
R_1mntUUS7jWx5zOY,21181,333,0,0.0,Qwen3-8B,2,random,random
R_1mntUUS7jWx5zOY,21242,334,0,0.0,Qwen3-8B,1,random,random
R_1mntUUS7jWx5zOY,21360,335,0,0.0,Qwen3-8B,4,random,random
R_1mntUUS7jWx5zOY,21360,335,0,0.0,Qwen3-8B,4,moral,authority
R_1mntUUS7jWx5zOY,21360,335,0,0.0,Qwen3-8B,4,random,random
R_1mntUUS7jWx5zOY,21360,335,0,0.0,Qwen3-8B,4,moral,authority
R_1mntUUS7jWx5zOY,21458,336,0,0.0,Qwen3-8B,3,random,random
R_1mntUUS7jWx5zOY,21518,337,0,0.0,Qwen3-8B,4,random,random
R_1mntUUS7jWx5zOY,21576,338,0,0.0,Qwen3-8B,2,random,random
R_1mntUUS7jWx5zOY,21635,339,0,0.0,Qwen3-8B,2,random,random
R_1mntUUS7jWx5zOY,21695,340,0,0.0,Qwen3-8B,2,random,random
R_1mntUUS7jWx5zOY,21756,341,0,0.0,Qwen3-8B,2,random,random
R_1mntUUS7jWx5zOY,21817,342,0,0.0,Qwen3-8B,2,random,random
R_1mntUUS7jWx5zOY,21877,343,0,0.0,Qwen3-8B,1,random,random
R_1mntUUS7jWx5zOY,22004,344,0,0.0,Qwen3-8B,4,random,random
R_1mntUUS7jWx5zOY,22004,344,0,0.0,Qwen3-8B,4,moral,fairness
R_1mntUUS7jWx5zOY,22004,344,0,0.0,Qwen3-8B,4,random,random
R_1mntUUS7jWx5zOY,22004,344,0,0.0,Qwen3-8B,4,moral,fairness
R_1mntUUS7jWx5zOY,22104,345,0,0.0,Qwen3-8B,1,random,random
R_1mntUUS7jWx5zOY,22165,346,0,0.0,Qwen3-8B,1,random,random
R_1mntUUS7jWx5zOY,22225,347,0,0.0,Qwen3-8B,1,random,random
R_1mntUUS7jWx5zOY,22285,348,0,0.0,Qwen3-8B,4,random,random
R_1mntUUS7jWx5zOY,22346,349,0,0.0,Qwen3-8B,3,random,random
R_1mntUUS7jWx5zOY,22406,350,0,0.0,Qwen3-8B,1,random,random
R_1mntUUS7jWx5zOY,22466,351,0,0.0,Qwen3-8B,5,random,random
R_1mntUUS7jWx5zOY,22526,352,0,0.0,Qwen3-8B,3,random,random
R_1mntUUS7jWx5zOY,22586,353,0,0.0,Qwen3-8B,1,random,random
R_1mntUUS7jWx5zOY,22646,354,0,0.0,Qwen3-8B,1,random,random
R_yrmNW7sjs1GZ8WJ,20406,320,0,0.0,Qwen3-8B,1,random,random
R_yrmNW7sjs1GZ8WJ,20461,321,0,0.0,Qwen3-8B,2,random,random
R_yrmNW7sjs1GZ8WJ,20520,322,0,0.0,Qwen3-8B,1,random,random
R_yrmNW7sjs1GZ8WJ,20582,323,0,0.0,Qwen3-8B,3,random,random
R_yrmNW7sjs1GZ8WJ,20643,324,0,0.0,Qwen3-8B,1,random,random
R_yrmNW7sjs1GZ8WJ,20700,325,0,0.0,Qwen3-8B,1,random,random
R_yrmNW7sjs1GZ8WJ,20759,326,0,0.0,Qwen3-8B,2,random,random
R_yrmNW7sjs1GZ8WJ,20820,327,0,0.0,Qwen3-8B,3,random,random
R_yrmNW7sjs1GZ8WJ,20881,328,0,0.0,Qwen3-8B,3,random,random
R_yrmNW7sjs1GZ8WJ,20942,329,0,0.0,Qwen3-8B,3,random,random
R_yrmNW7sjs1GZ8WJ,21001,330,0,0.0,Qwen3-8B,2,random,random
R_yrmNW7sjs1GZ8WJ,21062,331,0,0.0,Qwen3-8B,2,random,random
R_yrmNW7sjs1GZ8WJ,21123,332,0,0.0,Qwen3-8B,2,random,random
R_yrmNW7sjs1GZ8WJ,21182,333,0,0.0,Qwen3-8B,2,random,random
R_yrmNW7sjs1GZ8WJ,21243,334,0,0.0,Qwen3-8B,1,random,random
R_yrmNW7sjs1GZ8WJ,21362,335,0,0.0,Qwen3-8B,4,random,random
R_yrmNW7sjs1GZ8WJ,21362,335,0,0.0,Qwen3-8B,4,moral,authority
R_yrmNW7sjs1GZ8WJ,21362,335,0,0.0,Qwen3-8B,4,random,random
R_yrmNW7sjs1GZ8WJ,21362,335,0,0.0,Qwen3-8B,4,moral,authority
R_yrmNW7sjs1GZ8WJ,21459,336,0,0.0,Qwen3-8B,3,random,random
R_yrmNW7sjs1GZ8WJ,21519,337,0,0.0,Qwen3-8B,4,random,random
R_yrmNW7sjs1GZ8WJ,21577,338,0,0.0,Qwen3-8B,2,random,random
R_yrmNW7sjs1GZ8WJ,21636,339,0,0.0,Qwen3-8B,2,random,random
R_yrmNW7sjs1GZ8WJ,21696,340,0,0.0,Qwen3-8B,2,random,random
R_yrmNW7sjs1GZ8WJ,21757,341,0,0.0,Qwen3-8B,2,random,random
R_yrmNW7sjs1GZ8WJ,21818,342,0,0.0,Qwen3-8B,2,random,random
R_yrmNW7sjs1GZ8WJ,21878,343,0,0.0,Qwen3-8B,1,random,random
R_yrmNW7sjs1GZ8WJ,22006,344,0,0.0,Qwen3-8B,4,random,random
R_yrmNW7sjs1GZ8WJ,22006,344,0,0.0,Qwen3-8B,4,moral,fairness
R_yrmNW7sjs1GZ8WJ,22006,344,0,0.0,Qwen3-8B,4,random,random
R_yrmNW7sjs1GZ8WJ,22006,344,0,0.0,Qwen3-8B,4,moral,fairness
R_yrmNW7sjs1GZ8WJ,22105,345,0,0.0,Qwen3-8B,1,random,random
R_yrmNW7sjs1GZ8WJ,22166,346,0,0.0,Qwen3-8B,1,random,random
R_yrmNW7sjs1GZ8WJ,22226,347,0,0.0,Qwen3-8B,1,random,random
R_yrmNW7sjs1GZ8WJ,22286,348,0,0.0,Qwen3-8B,4,random,random
R_yrmNW7sjs1GZ8WJ,22347,349,0,0.0,Qwen3-8B,3,random,random
R_yrmNW7sjs1GZ8WJ,22407,350,0,0.0,Qwen3-8B,1,random,random
R_yrmNW7sjs1GZ8WJ,22467,351,0,0.0,Qwen3-8B,5,random,random
R_yrmNW7sjs1GZ8WJ,22527,352,0,0.0,Qwen3-8B,3,random,random
R_yrmNW7sjs1GZ8WJ,22587,353,0,0.0,Qwen3-8B,1,random,random
R_yrmNW7sjs1GZ8WJ,22647,354,0,0.0,Qwen3-8B,1,random,random
R_sveMQS9Jg5FAGv7,22350,349,1,0.0,Qwen3-8B,3,random,random
R_sveMQS9Jg5FAGv7,22950,359,1,0.0,Qwen3-8B,2,random,random
R_sveMQS9Jg5FAGv7,24389,384,1,0.0,Qwen3-8B,2,random,random
R_sveMQS9Jg5FAGv7,31297,499,1,0.0,Qwen3-8B,5,random,random
R_sveMQS9Jg5FAGv7,37762,605,4,1.0,Qwen3-8B,2,random,random
R_sveMQS9Jg5FAGv7,39124,628,1,0.0,Qwen3-8B,2,random,random
R_sveMQS9Jg5FAGv7,40564,652,1,0.0,Qwen3-8B,3,random,random
R_sveMQS9Jg5FAGv7,48315,768,3,1.0,Qwen3-8B,1,random,random
R_sveMQS9Jg5FAGv7,48315,768,3,1.0,Qwen3-8B,1,moral,loyalty
R_sveMQS9Jg5FAGv7,48315,768,3,1.0,Qwen3-8B,1,random,random
R_sveMQS9Jg5FAGv7,48315,768,3,1.0,Qwen3-8B,1,moral,loyalty
R_sveMQS9Jg5FAGv7,56017,884,1,0.0,Qwen3-8B,1,random,random
R_sveMQS9Jg5FAGv7,100161,2278,0,0.0,Qwen3-8B,3,social-group,christian
R_sveMQS9Jg5FAGv7,100185,2279,0,0.0,Qwen3-8B,3,moral,fairness
R_sveMQS9Jg5FAGv7,100209,2280,0,0.0,Qwen3-8B,5,social-group,muslim
R_sveMQS9Jg5FAGv7,100233,2281,0,0.0,Qwen3-8B,2,moral,fairness
R_sveMQS9Jg5FAGv7,100257,2282,1,0.0,Qwen3-8B,3,social-group,LGB
R_sveMQS9Jg5FAGv7,100281,2283,0,0.0,Qwen3-8B,2,social-group,transgender
R_sveMQS9Jg5FAGv7,100305,2284,0,0.0,Qwen3-8B,1,moral,loyalty
R_sveMQS9Jg5FAGv7,100329,2285,2,1.0,Qwen3-8B,5,social-group,christian
R_sveMQS9Jg5FAGv7,100353,2286,1,0.0,Qwen3-8B,2,moral,fairness
R_sveMQS9Jg5FAGv7,100377,2287,0,0.0,Qwen3-8B,3,social-group,christian
R_sveMQS9Jg5FAGv7,100401,2288,0,0.0,Qwen3-8B,3,social-group,muslim
R_sveMQS9Jg5FAGv7,100425,2289,1,0.0,Qwen3-8B,5,social-group,christian
R_sveMQS9Jg5FAGv7,100466,2290,0,0.0,Qwen3-8B,3,moral,purity
R_sveMQS9Jg5FAGv7,100496,2291,1,0.0,Qwen3-8B,3,social-group,transgender
R_sveMQS9Jg5FAGv7,100520,2292,1,0.0,Qwen3-8B,2,random,random
R_sveMQS9Jg5FAGv7,100544,2293,0,0.0,Qwen3-8B,2,random,random
R_sveMQS9Jg5FAGv7,100568,2294,1,0.0,Qwen3-8B,3,social-group,christian
R_sveMQS9Jg5FAGv7,100592,2295,0,0.0,Qwen3-8B,3,social-group,transgender
R_sveMQS9Jg5FAGv7,100616,2296,2,1.0,Qwen3-8B,1,moral,care
R_sveMQS9Jg5FAGv7,100640,2297,0,0.0,Qwen3-8B,2,random,random
R_sveMQS9Jg5FAGv7,100664,2298,2,1.0,Qwen3-8B,3,moral,care
R_sveMQS9Jg5FAGv7,100688,2299,3,1.0,Qwen3-8B,1,moral,care
R_sveMQS9Jg5FAGv7,100712,2300,2,1.0,Qwen3-8B,5,social-group,LGB
R_sveMQS9Jg5FAGv7,100736,2301,0,0.0,Qwen3-8B,2,social-group,christian
R_sveMQS9Jg5FAGv7,100760,2302,0,0.0,Qwen3-8B,1,social-group,jewish
R_sveMQS9Jg5FAGv7,100784,2303,1,0.0,Qwen3-8B,1,social-group,LGB
R_3DnAKYsg1Xqw6JV,22364,349,3,1.0,Qwen3-8B,3,random,random
R_3DnAKYsg1Xqw6JV,22961,359,0,0.0,Qwen3-8B,2,random,random
R_3DnAKYsg1Xqw6JV,24400,384,0,0.0,Qwen3-8B,2,random,random
R_3DnAKYsg1Xqw6JV,31312,499,4,1.0,Qwen3-8B,5,random,random
R_3DnAKYsg1Xqw6JV,37775,605,-1,,Qwen3-8B,2,random,random
R_3DnAKYsg1Xqw6JV,39137,628,-1,,Qwen3-8B,2,random,random
R_3DnAKYsg1Xqw6JV,40579,652,1,0.0,Qwen3-8B,3,random,random
R_3DnAKYsg1Xqw6JV,48353,768,4,1.0,Qwen3-8B,1,random,random
R_3DnAKYsg1Xqw6JV,48353,768,4,1.0,Qwen3-8B,1,moral,loyalty
R_3DnAKYsg1Xqw6JV,48353,768,4,1.0,Qwen3-8B,1,random,random
R_3DnAKYsg1Xqw6JV,48353,768,4,1.0,Qwen3-8B,1,moral,loyalty
R_3DnAKYsg1Xqw6JV,56032,884,0,0.0,Qwen3-8B,1,random,random
R_3DnAKYsg1Xqw6JV,100166,2278,3,1.0,Qwen3-8B,3,social-group,christian
R_3DnAKYsg1Xqw6JV,100190,2279,1,0.0,Qwen3-8B,3,moral,fairness
R_3DnAKYsg1Xqw6JV,100214,2280,1,0.0,Qwen3-8B,5,social-group,muslim
R_3DnAKYsg1Xqw6JV,100238,2281,0,0.0,Qwen3-8B,2,moral,fairness
R_3DnAKYsg1Xqw6JV,100262,2282,4,1.0,Qwen3-8B,3,social-group,LGB
R_3DnAKYsg1Xqw6JV,100286,2283,-1,,Qwen3-8B,2,social-group,transgender
R_3DnAKYsg1Xqw6JV,100310,2284,-1,,Qwen3-8B,1,moral,loyalty
R_3DnAKYsg1Xqw6JV,100334,2285,3,1.0,Qwen3-8B,5,social-group,christian
R_3DnAKYsg1Xqw6JV,100358,2286,-1,,Qwen3-8B,2,moral,fairness
R_3DnAKYsg1Xqw6JV,100382,2287,0,0.0,Qwen3-8B,3,social-group,christian
R_3DnAKYsg1Xqw6JV,100406,2288,-1,,Qwen3-8B,3,social-group,muslim
R_3DnAKYsg1Xqw6JV,100430,2289,-1,,Qwen3-8B,5,social-group,christian
R_3DnAKYsg1Xqw6JV,100476,2290,4,1.0,Qwen3-8B,3,moral,purity
R_3DnAKYsg1Xqw6JV,100501,2291,1,0.0,Qwen3-8B,3,social-group,transgender
R_3DnAKYsg1Xqw6JV,100525,2292,-1,,Qwen3-8B,2,random,random
R_3DnAKYsg1Xqw6JV,100549,2293,1,0.0,Qwen3-8B,2,random,random
R_3DnAKYsg1Xqw6JV,100573,2294,0,0.0,Qwen3-8B,3,social-group,christian
R_3DnAKYsg1Xqw6JV,100597,2295,3,1.0,Qwen3-8B,3,social-group,transgender
R_3DnAKYsg1Xqw6JV,100621,2296,0,0.0,Qwen3-8B,1,moral,care
R_3DnAKYsg1Xqw6JV,100645,2297,-1,,Qwen3-8B,2,random,random
R_3DnAKYsg1Xqw6JV,100669,2298,1,0.0,Qwen3-8B,3,moral,care
R_3DnAKYsg1Xqw6JV,100693,2299,2,1.0,Qwen3-8B,1,moral,care
R_3DnAKYsg1Xqw6JV,100717,2300,4,1.0,Qwen3-8B,5,social-group,LGB
R_3DnAKYsg1Xqw6JV,100741,2301,0,0.0,Qwen3-8B,2,social-group,christian
R_3DnAKYsg1Xqw6JV,100765,2302,3,1.0,Qwen3-8B,1,social-group,jewish
R_3DnAKYsg1Xqw6JV,100789,2303,3,1.0,Qwen3-8B,1,social-group,LGB
R_6Dc6hLlPgZtRdlL,22528,352,0,0.0,Qwen3-8B,3,random,random
R_6Dc6hLlPgZtRdlL,23650,371,0,0.0,Qwen3-8B,4,random,random
R_6Dc6hLlPgZtRdlL,29793,477,0,0.0,Qwen3-8B,1,random,random
R_6Dc6hLlPgZtRdlL,32023,509,0,0.0,Qwen3-8B,1,random,random
R_6Dc6hLlPgZtRdlL,39302,631,0,0.0,Qwen3-8B,2,random,random
R_6Dc6hLlPgZtRdlL,46520,744,0,0.0,Qwen3-8B,1,random,random
R_6Dc6hLlPgZtRdlL,53738,846,0,0.0,Qwen3-8B,3,random,random
R_6Dc6hLlPgZtRdlL,68190,1080,0,0.0,Qwen3-8B,4,random,random
R_6Dc6hLlPgZtRdlL,70363,1119,0,0.0,Qwen3-8B,4,random,random
R_6Dc6hLlPgZtRdlL,112190,2790,0,0.0,Qwen3-8B,5,social-group,jewish
R_6Dc6hLlPgZtRdlL,112213,2791,0,0.0,Qwen3-8B,5,social-group,transgender
R_6Dc6hLlPgZtRdlL,112236,2792,0,0.0,Qwen3-8B,4,social-group,LGB
R_6Dc6hLlPgZtRdlL,112259,2793,0,0.0,Qwen3-8B,3,random,random
R_6Dc6hLlPgZtRdlL,112282,2794,0,0.0,Qwen3-8B,5,social-group,jewish
R_6Dc6hLlPgZtRdlL,112305,2795,0,0.0,Qwen3-8B,5,social-group,transgender
R_6Dc6hLlPgZtRdlL,112328,2796,0,0.0,Qwen3-8B,5,social-group,christian
R_6Dc6hLlPgZtRdlL,112351,2797,0,0.0,Qwen3-8B,4,social-group,jewish
R_6Dc6hLlPgZtRdlL,112374,2798,0,0.0,Qwen3-8B,3,social-group,muslim
R_6Dc6hLlPgZtRdlL,112443,2799,0,0.0,Qwen3-8B,1,moral,loyalty
R_6Dc6hLlPgZtRdlL,112443,2799,0,0.0,Qwen3-8B,1,moral,care
R_6Dc6hLlPgZtRdlL,112443,2799,0,0.0,Qwen3-8B,1,moral,loyalty
R_6Dc6hLlPgZtRdlL,112443,2799,0,0.0,Qwen3-8B,1,moral,care
R_6Dc6hLlPgZtRdlL,112487,2800,0,0.0,Qwen3-8B,3,social-group,transgender
R_6Dc6hLlPgZtRdlL,112510,2801,0,0.0,Qwen3-8B,2,social-group,LGB
R_6Dc6hLlPgZtRdlL,112549,2802,0,0.0,Qwen3-8B,1,moral,care
R_6Dc6hLlPgZtRdlL,112580,2803,0,0.0,Qwen3-8B,5,social-group,transgender
R_6Dc6hLlPgZtRdlL,112603,2804,0,0.0,Qwen3-8B,3,social-group,jewish
R_6Dc6hLlPgZtRdlL,112626,2805,0,0.0,Qwen3-8B,5,social-group,muslim
R_6Dc6hLlPgZtRdlL,112649,2806,0,0.0,Qwen3-8B,3,social-group,muslim
R_6Dc6hLlPgZtRdlL,112672,2807,0,0.0,Qwen3-8B,1,social-group,muslim
R_6Dc6hLlPgZtRdlL,112695,2808,0,0.0,Qwen3-8B,3,social-group,transgender
R_6Dc6hLlPgZtRdlL,112718,2809,0,0.0,Qwen3-8B,1,moral,loyalty
R_6Dc6hLlPgZtRdlL,112741,2810,0,0.0,Qwen3-8B,4,social-group,LGB
R_6Dc6hLlPgZtRdlL,112764,2811,0,0.0,Qwen3-8B,4,social-group,muslim
R_6Dc6hLlPgZtRdlL,112787,2812,0,0.0,Qwen3-8B,1,moral,care
R_6Dc6hLlPgZtRdlL,112810,2813,0,0.0,Qwen3-8B,2,social-group,transgender
R_6Dc6hLlPgZtRdlL,112833,2814,0,0.0,Qwen3-8B,3,social-group,transgender
R_6Dc6hLlPgZtRdlL,112856,2815,0,0.0,Qwen3-8B,1,random,random
R_1PaXd0nZVzH7hLJ,22549,352,4,1.0,Qwen3-8B,3,random,random
R_1PaXd0nZVzH7hLJ,23664,371,-1,,Qwen3-8B,4,random,random
R_1PaXd0nZVzH7hLJ,29812,477,-1,,Qwen3-8B,1,random,random
R_1PaXd0nZVzH7hLJ,32041,509,2,1.0,Qwen3-8B,1,random,random
R_1PaXd0nZVzH7hLJ,39318,631,0,0.0,Qwen3-8B,2,random,random
R_1PaXd0nZVzH7hLJ,46538,744,4,1.0,Qwen3-8B,1,random,random
R_1PaXd0nZVzH7hLJ,53752,846,3,1.0,Qwen3-8B,3,random,random
R_1PaXd0nZVzH7hLJ,68206,1080,1,0.0,Qwen3-8B,4,random,random
R_1PaXd0nZVzH7hLJ,70378,1119,1,0.0,Qwen3-8B,4,random,random
R_1PaXd0nZVzH7hLJ,112198,2790,4,1.0,Qwen3-8B,5,social-group,jewish
R_1PaXd0nZVzH7hLJ,112221,2791,4,1.0,Qwen3-8B,5,social-group,transgender
R_1PaXd0nZVzH7hLJ,112244,2792,3,1.0,Qwen3-8B,4,social-group,LGB
R_1PaXd0nZVzH7hLJ,112267,2793,3,1.0,Qwen3-8B,3,random,random
R_1PaXd0nZVzH7hLJ,112290,2794,3,1.0,Qwen3-8B,5,social-group,jewish
R_1PaXd0nZVzH7hLJ,112313,2795,4,1.0,Qwen3-8B,5,social-group,transgender
R_1PaXd0nZVzH7hLJ,112336,2796,1,0.0,Qwen3-8B,5,social-group,christian
R_1PaXd0nZVzH7hLJ,112359,2797,2,1.0,Qwen3-8B,4,social-group,jewish
R_1PaXd0nZVzH7hLJ,112382,2798,1,0.0,Qwen3-8B,3,social-group,muslim
R_1PaXd0nZVzH7hLJ,112467,2799,1,0.0,Qwen3-8B,1,moral,loyalty
R_1PaXd0nZVzH7hLJ,112467,2799,1,0.0,Qwen3-8B,1,moral,care
R_1PaXd0nZVzH7hLJ,112467,2799,1,0.0,Qwen3-8B,1,moral,loyalty
R_1PaXd0nZVzH7hLJ,112467,2799,1,0.0,Qwen3-8B,1,moral,care
R_1PaXd0nZVzH7hLJ,112495,2800,2,1.0,Qwen3-8B,3,social-group,transgender
R_1PaXd0nZVzH7hLJ,112518,2801,4,1.0,Qwen3-8B,2,social-group,LGB
R_1PaXd0nZVzH7hLJ,112565,2802,0,0.0,Qwen3-8B,1,moral,care
R_1PaXd0nZVzH7hLJ,112588,2803,4,1.0,Qwen3-8B,5,social-group,transgender
R_1PaXd0nZVzH7hLJ,112611,2804,1,0.0,Qwen3-8B,3,social-group,jewish
R_1PaXd0nZVzH7hLJ,112634,2805,4,1.0,Qwen3-8B,5,social-group,muslim
R_1PaXd0nZVzH7hLJ,112657,2806,2,1.0,Qwen3-8B,3,social-group,muslim
R_1PaXd0nZVzH7hLJ,112680,2807,1,0.0,Qwen3-8B,1,social-group,muslim
R_1PaXd0nZVzH7hLJ,112703,2808,2,1.0,Qwen3-8B,3,social-group,transgender
R_1PaXd0nZVzH7hLJ,112726,2809,2,1.0,Qwen3-8B,1,moral,loyalty
R_1PaXd0nZVzH7hLJ,112749,2810,2,1.0,Qwen3-8B,4,social-group,LGB
R_1PaXd0nZVzH7hLJ,112772,2811,3,1.0,Qwen3-8B,4,social-group,muslim
R_1PaXd0nZVzH7hLJ,112795,2812,1,0.0,Qwen3-8B,1,moral,care
R_1PaXd0nZVzH7hLJ,112818,2813,1,0.0,Qwen3-8B,2,social-group,transgender
R_1PaXd0nZVzH7hLJ,112841,2814,2,1.0,Qwen3-8B,3,social-group,transgender
R_1PaXd0nZVzH7hLJ,112864,2815,0,0.0,Qwen3-8B,1,random,random
R_1JVqKqgI49gh4FY,22688,355,1,0.0,Qwen3-8B,1,random,random
R_1JVqKqgI49gh4FY,22746,356,1,0.0,Qwen3-8B,3,random,random
R_1JVqKqgI49gh4FY,22806,357,1,0.0,Qwen3-8B,3,random,random
R_1JVqKqgI49gh4FY,22865,358,1,0.0,Qwen3-8B,2,random,random
R_1JVqKqgI49gh4FY,22922,359,3,1.0,Qwen3-8B,2,random,random
R_1JVqKqgI49gh4FY,22980,360,3,1.0,Qwen3-8B,3,random,random
R_1JVqKqgI49gh4FY,23041,361,1,0.0,Qwen3-8B,1,random,random
R_1JVqKqgI49gh4FY,23100,362,2,1.0,Qwen3-8B,3,random,random
R_1JVqKqgI49gh4FY,23160,363,3,1.0,Qwen3-8B,2,random,random
R_1JVqKqgI49gh4FY,23218,364,3,1.0,Qwen3-8B,1,random,random
R_1JVqKqgI49gh4FY,23277,365,3,1.0,Qwen3-8B,2,random,random
R_1JVqKqgI49gh4FY,23336,366,1,0.0,Qwen3-8B,2,random,random
R_1JVqKqgI49gh4FY,23394,367,3,1.0,Qwen3-8B,2,random,random
R_1JVqKqgI49gh4FY,23451,368,1,0.0,Qwen3-8B,3,random,random
R_1JVqKqgI49gh4FY,23508,369,1,0.0,Qwen3-8B,2,random,random
R_1JVqKqgI49gh4FY,23565,370,2,1.0,Qwen3-8B,1,random,random
R_1JVqKqgI49gh4FY,23624,371,3,1.0,Qwen3-8B,4,random,random
R_1JVqKqgI49gh4FY,23679,372,3,1.0,Qwen3-8B,3,random,random
R_1JVqKqgI49gh4FY,23737,373,2,1.0,Qwen3-8B,3,random,random
R_1JVqKqgI49gh4FY,23797,374,1,0.0,Qwen3-8B,4,random,random
R_1JVqKqgI49gh4FY,23856,375,3,1.0,Qwen3-8B,1,random,random
R_1JVqKqgI49gh4FY,23914,376,0,0.0,Qwen3-8B,1,random,random
R_1JVqKqgI49gh4FY,23967,377,0,0.0,Qwen3-8B,3,random,random
R_1JVqKqgI49gh4FY,24023,378,3,1.0,Qwen3-8B,4,random,random
R_1JVqKqgI49gh4FY,24075,379,1,0.0,Qwen3-8B,1,random,random
R_1JVqKqgI49gh4FY,24130,380,4,1.0,Qwen3-8B,3,random,random
R_1JVqKqgI49gh4FY,24188,381,3,1.0,Qwen3-8B,2,random,random
R_1JVqKqgI49gh4FY,24245,382,2,1.0,Qwen3-8B,2,random,random
R_1JVqKqgI49gh4FY,24302,383,4,1.0,Qwen3-8B,4,random,random
R_1JVqKqgI49gh4FY,24361,384,3,1.0,Qwen3-8B,2,random,random
R_1JVqKqgI49gh4FY,24420,385,1,0.0,Qwen3-8B,2,random,random
R_1JVqKqgI49gh4FY,24477,386,0,0.0,Qwen3-8B,4,random,random
R_1JVqKqgI49gh4FY,24537,387,1,0.0,Qwen3-8B,2,random,random
R_1JVqKqgI49gh4FY,24595,388,2,1.0,Qwen3-8B,2,random,random
R_1JVqKqgI49gh4FY,24652,389,2,1.0,Qwen3-8B,3,random,random
R_2uQX7BtWKZC7gBa,22689,355,2,1.0,Qwen3-8B,1,random,random
R_2uQX7BtWKZC7gBa,22747,356,0,0.0,Qwen3-8B,3,random,random
R_2uQX7BtWKZC7gBa,22807,357,0,0.0,Qwen3-8B,3,random,random
R_2uQX7BtWKZC7gBa,22866,358,3,1.0,Qwen3-8B,2,random,random
R_2uQX7BtWKZC7gBa,22923,359,0,0.0,Qwen3-8B,2,random,random
R_2uQX7BtWKZC7gBa,22981,360,4,1.0,Qwen3-8B,3,random,random
R_2uQX7BtWKZC7gBa,23042,361,0,0.0,Qwen3-8B,1,random,random
R_2uQX7BtWKZC7gBa,23101,362,3,1.0,Qwen3-8B,3,random,random
R_2uQX7BtWKZC7gBa,23161,363,0,0.0,Qwen3-8B,2,random,random
R_2uQX7BtWKZC7gBa,23219,364,0,0.0,Qwen3-8B,1,random,random
R_2uQX7BtWKZC7gBa,23278,365,2,1.0,Qwen3-8B,2,random,random
R_2uQX7BtWKZC7gBa,23337,366,0,0.0,Qwen3-8B,2,random,random
R_2uQX7BtWKZC7gBa,23395,367,0,0.0,Qwen3-8B,2,random,random
R_2uQX7BtWKZC7gBa,23452,368,0,0.0,Qwen3-8B,3,random,random
R_2uQX7BtWKZC7gBa,23509,369,0,0.0,Qwen3-8B,2,random,random
R_2uQX7BtWKZC7gBa,23566,370,1,0.0,Qwen3-8B,1,random,random
R_2uQX7BtWKZC7gBa,23625,371,2,1.0,Qwen3-8B,4,random,random
R_2uQX7BtWKZC7gBa,23680,372,1,0.0,Qwen3-8B,3,random,random
R_2uQX7BtWKZC7gBa,23738,373,3,1.0,Qwen3-8B,3,random,random
R_2uQX7BtWKZC7gBa,23798,374,1,0.0,Qwen3-8B,4,random,random
R_2uQX7BtWKZC7gBa,23857,375,4,1.0,Qwen3-8B,1,random,random
R_2uQX7BtWKZC7gBa,23915,376,0,0.0,Qwen3-8B,1,random,random
R_2uQX7BtWKZC7gBa,23968,377,0,0.0,Qwen3-8B,3,random,random
R_2uQX7BtWKZC7gBa,24024,378,0,0.0,Qwen3-8B,4,random,random
R_2uQX7BtWKZC7gBa,24076,379,3,1.0,Qwen3-8B,1,random,random
R_2uQX7BtWKZC7gBa,24131,380,0,0.0,Qwen3-8B,3,random,random
R_2uQX7BtWKZC7gBa,24189,381,1,0.0,Qwen3-8B,2,random,random
R_2uQX7BtWKZC7gBa,24246,382,2,1.0,Qwen3-8B,2,random,random
R_2uQX7BtWKZC7gBa,24303,383,4,1.0,Qwen3-8B,4,random,random
R_2uQX7BtWKZC7gBa,24362,384,0,0.0,Qwen3-8B,2,random,random
R_2uQX7BtWKZC7gBa,24421,385,3,1.0,Qwen3-8B,2,random,random
R_2uQX7BtWKZC7gBa,24478,386,0,0.0,Qwen3-8B,4,random,random
R_2uQX7BtWKZC7gBa,24538,387,0,0.0,Qwen3-8B,2,random,random
R_2uQX7BtWKZC7gBa,24596,388,0,0.0,Qwen3-8B,2,random,random
R_2uQX7BtWKZC7gBa,24653,389,2,1.0,Qwen3-8B,3,random,random
R_0UI4VrrussCTiRH,22692,355,1,0.0,Qwen3-8B,1,random,random
R_0UI4VrrussCTiRH,22750,356,1,0.0,Qwen3-8B,3,random,random
R_0UI4VrrussCTiRH,22810,357,0,0.0,Qwen3-8B,3,random,random
R_0UI4VrrussCTiRH,22869,358,4,1.0,Qwen3-8B,2,random,random
R_0UI4VrrussCTiRH,22926,359,3,1.0,Qwen3-8B,2,random,random
R_0UI4VrrussCTiRH,22984,360,1,0.0,Qwen3-8B,3,random,random
R_0UI4VrrussCTiRH,23045,361,0,0.0,Qwen3-8B,1,random,random
R_0UI4VrrussCTiRH,23104,362,4,1.0,Qwen3-8B,3,random,random
R_0UI4VrrussCTiRH,23164,363,2,1.0,Qwen3-8B,2,random,random
R_0UI4VrrussCTiRH,23222,364,0,0.0,Qwen3-8B,1,random,random
R_0UI4VrrussCTiRH,23281,365,1,0.0,Qwen3-8B,2,random,random
R_0UI4VrrussCTiRH,23340,366,3,1.0,Qwen3-8B,2,random,random
R_0UI4VrrussCTiRH,23398,367,2,1.0,Qwen3-8B,2,random,random
R_0UI4VrrussCTiRH,23455,368,4,1.0,Qwen3-8B,3,random,random
R_0UI4VrrussCTiRH,23512,369,4,1.0,Qwen3-8B,2,random,random
R_0UI4VrrussCTiRH,23569,370,0,0.0,Qwen3-8B,1,random,random
R_0UI4VrrussCTiRH,23628,371,3,1.0,Qwen3-8B,4,random,random
R_0UI4VrrussCTiRH,23683,372,1,0.0,Qwen3-8B,3,random,random
R_0UI4VrrussCTiRH,23741,373,1,0.0,Qwen3-8B,3,random,random
R_0UI4VrrussCTiRH,23801,374,2,1.0,Qwen3-8B,4,random,random
R_0UI4VrrussCTiRH,23860,375,4,1.0,Qwen3-8B,1,random,random
R_0UI4VrrussCTiRH,23918,376,0,0.0,Qwen3-8B,1,random,random
R_0UI4VrrussCTiRH,23971,377,2,1.0,Qwen3-8B,3,random,random
R_0UI4VrrussCTiRH,24027,378,4,1.0,Qwen3-8B,4,random,random
R_0UI4VrrussCTiRH,24079,379,0,0.0,Qwen3-8B,1,random,random
R_0UI4VrrussCTiRH,24134,380,2,1.0,Qwen3-8B,3,random,random
R_0UI4VrrussCTiRH,24192,381,2,1.0,Qwen3-8B,2,random,random
R_0UI4VrrussCTiRH,24249,382,4,1.0,Qwen3-8B,2,random,random
R_0UI4VrrussCTiRH,24306,383,4,1.0,Qwen3-8B,4,random,random
R_0UI4VrrussCTiRH,24365,384,4,1.0,Qwen3-8B,2,random,random
R_0UI4VrrussCTiRH,24424,385,3,1.0,Qwen3-8B,2,random,random
R_0UI4VrrussCTiRH,24481,386,3,1.0,Qwen3-8B,4,random,random
R_0UI4VrrussCTiRH,24541,387,1,0.0,Qwen3-8B,2,random,random
R_0UI4VrrussCTiRH,24599,388,0,0.0,Qwen3-8B,2,random,random
R_0UI4VrrussCTiRH,24656,389,3,1.0,Qwen3-8B,3,random,random
R_3G17OsE377fkw1b,22707,355,1,0.0,Qwen3-8B,1,random,random
R_3G17OsE377fkw1b,22766,356,3,1.0,Qwen3-8B,3,random,random
R_3G17OsE377fkw1b,22826,357,3,1.0,Qwen3-8B,3,random,random
R_3G17OsE377fkw1b,22883,358,4,1.0,Qwen3-8B,2,random,random
R_3G17OsE377fkw1b,22942,359,3,1.0,Qwen3-8B,2,random,random
R_3G17OsE377fkw1b,23000,360,2,1.0,Qwen3-8B,3,random,random
R_3G17OsE377fkw1b,23061,361,3,1.0,Qwen3-8B,1,random,random
R_3G17OsE377fkw1b,23120,362,4,1.0,Qwen3-8B,3,random,random
R_3G17OsE377fkw1b,23180,363,2,1.0,Qwen3-8B,2,random,random
R_3G17OsE377fkw1b,23238,364,2,1.0,Qwen3-8B,1,random,random
R_3G17OsE377fkw1b,23297,365,1,0.0,Qwen3-8B,2,random,random
R_3G17OsE377fkw1b,23355,366,3,1.0,Qwen3-8B,2,random,random
R_3G17OsE377fkw1b,23412,367,1,0.0,Qwen3-8B,2,random,random
R_3G17OsE377fkw1b,23469,368,2,1.0,Qwen3-8B,3,random,random
R_3G17OsE377fkw1b,23526,369,1,0.0,Qwen3-8B,2,random,random
R_3G17OsE377fkw1b,23585,370,2,1.0,Qwen3-8B,1,random,random
R_3G17OsE377fkw1b,23643,371,3,1.0,Qwen3-8B,4,random,random
R_3G17OsE377fkw1b,23698,372,1,0.0,Qwen3-8B,3,random,random
R_3G17OsE377fkw1b,23757,373,1,0.0,Qwen3-8B,3,random,random
R_3G17OsE377fkw1b,23817,374,3,1.0,Qwen3-8B,4,random,random
R_3G17OsE377fkw1b,23875,375,1,0.0,Qwen3-8B,1,random,random
R_3G17OsE377fkw1b,23933,376,3,1.0,Qwen3-8B,1,random,random
R_3G17OsE377fkw1b,23986,377,3,1.0,Qwen3-8B,3,random,random
R_3G17OsE377fkw1b,24040,378,3,1.0,Qwen3-8B,4,random,random
R_3G17OsE377fkw1b,24092,379,2,1.0,Qwen3-8B,1,random,random
R_3G17OsE377fkw1b,24150,380,3,1.0,Qwen3-8B,3,random,random
R_3G17OsE377fkw1b,24207,381,4,1.0,Qwen3-8B,2,random,random
R_3G17OsE377fkw1b,24263,382,3,1.0,Qwen3-8B,2,random,random
R_3G17OsE377fkw1b,24322,383,2,1.0,Qwen3-8B,4,random,random
R_3G17OsE377fkw1b,24381,384,0,0.0,Qwen3-8B,2,random,random
R_3G17OsE377fkw1b,24438,385,4,1.0,Qwen3-8B,2,random,random
R_3G17OsE377fkw1b,24497,386,4,1.0,Qwen3-8B,4,random,random
R_3G17OsE377fkw1b,24555,387,4,1.0,Qwen3-8B,2,random,random
R_3G17OsE377fkw1b,24614,388,0,0.0,Qwen3-8B,2,random,random
R_3G17OsE377fkw1b,24671,389,2,1.0,Qwen3-8B,3,random,random
R_1hR0RWoorVE4naZ,22711,355,1,0.0,Qwen3-8B,1,random,random
R_1hR0RWoorVE4naZ,22770,356,2,1.0,Qwen3-8B,3,random,random
R_1hR0RWoorVE4naZ,22830,357,0,0.0,Qwen3-8B,3,random,random
R_1hR0RWoorVE4naZ,22887,358,0,0.0,Qwen3-8B,2,random,random
R_1hR0RWoorVE4naZ,22946,359,0,0.0,Qwen3-8B,2,random,random
R_1hR0RWoorVE4naZ,23004,360,0,0.0,Qwen3-8B,3,random,random
R_1hR0RWoorVE4naZ,23065,361,0,0.0,Qwen3-8B,1,random,random
R_1hR0RWoorVE4naZ,23124,362,0,0.0,Qwen3-8B,3,random,random
R_1hR0RWoorVE4naZ,23184,363,0,0.0,Qwen3-8B,2,random,random
R_1hR0RWoorVE4naZ,23242,364,0,0.0,Qwen3-8B,1,random,random
R_1hR0RWoorVE4naZ,23301,365,0,0.0,Qwen3-8B,2,random,random
R_1hR0RWoorVE4naZ,23359,366,0,0.0,Qwen3-8B,2,random,random
R_1hR0RWoorVE4naZ,23416,367,0,0.0,Qwen3-8B,2,random,random
R_1hR0RWoorVE4naZ,23473,368,0,0.0,Qwen3-8B,3,random,random
R_1hR0RWoorVE4naZ,23530,369,1,0.0,Qwen3-8B,2,random,random
R_1hR0RWoorVE4naZ,23589,370,0,0.0,Qwen3-8B,1,random,random
R_1hR0RWoorVE4naZ,23647,371,0,0.0,Qwen3-8B,4,random,random
R_1hR0RWoorVE4naZ,23702,372,0,0.0,Qwen3-8B,3,random,random
R_1hR0RWoorVE4naZ,23761,373,0,0.0,Qwen3-8B,3,random,random
R_1hR0RWoorVE4naZ,23821,374,0,0.0,Qwen3-8B,4,random,random
R_1hR0RWoorVE4naZ,23879,375,0,0.0,Qwen3-8B,1,random,random
R_1hR0RWoorVE4naZ,23937,376,0,0.0,Qwen3-8B,1,random,random
R_1hR0RWoorVE4naZ,23990,377,0,0.0,Qwen3-8B,3,random,random
R_1hR0RWoorVE4naZ,24044,378,0,0.0,Qwen3-8B,4,random,random
R_1hR0RWoorVE4naZ,24096,379,0,0.0,Qwen3-8B,1,random,random
R_1hR0RWoorVE4naZ,24154,380,0,0.0,Qwen3-8B,3,random,random
R_1hR0RWoorVE4naZ,24211,381,0,0.0,Qwen3-8B,2,random,random
R_1hR0RWoorVE4naZ,24267,382,0,0.0,Qwen3-8B,2,random,random
R_1hR0RWoorVE4naZ,24326,383,0,0.0,Qwen3-8B,4,random,random
R_1hR0RWoorVE4naZ,24385,384,0,0.0,Qwen3-8B,2,random,random
R_1hR0RWoorVE4naZ,24442,385,0,0.0,Qwen3-8B,2,random,random
R_1hR0RWoorVE4naZ,24501,386,0,0.0,Qwen3-8B,4,random,random
R_1hR0RWoorVE4naZ,24559,387,0,0.0,Qwen3-8B,2,random,random
R_1hR0RWoorVE4naZ,24618,388,0,0.0,Qwen3-8B,2,random,random
R_1hR0RWoorVE4naZ,24675,389,0,0.0,Qwen3-8B,3,random,random
R_1rDjGz7kgZDEZ2H,23148,363,0,0.0,Qwen3-8B,2,random,random
R_1rDjGz7kgZDEZ2H,40223,647,4,1.0,Qwen3-8B,3,random,random
R_1rDjGz7kgZDEZ2H,46182,740,0,0.0,Qwen3-8B,3,random,random
R_1rDjGz7kgZDEZ2H,47746,762,0,0.0,Qwen3-8B,2,random,random
R_1rDjGz7kgZDEZ2H,51828,822,0,0.0,Qwen3-8B,2,random,random
R_1rDjGz7kgZDEZ2H,57554,906,-1,,Qwen3-8B,1,random,random
R_1rDjGz7kgZDEZ2H,67152,1063,1,0.0,Qwen3-8B,3,random,random
R_1rDjGz7kgZDEZ2H,69127,1097,3,1.0,Qwen3-8B,2,random,random
R_1rDjGz7kgZDEZ2H,78785,1409,0,0.0,Qwen3-8B,3,moral,fairness
R_1rDjGz7kgZDEZ2H,78785,1409,0,0.0,Qwen3-8B,3,random,random
R_1rDjGz7kgZDEZ2H,78785,1409,0,0.0,Qwen3-8B,3,moral,fairness
R_1rDjGz7kgZDEZ2H,78785,1409,0,0.0,Qwen3-8B,3,random,random
R_1rDjGz7kgZDEZ2H,83299,1595,1,0.0,Qwen3-8B,2,random,random
R_1rDjGz7kgZDEZ2H,83322,1596,3,1.0,Qwen3-8B,3,social-group,christian
R_1rDjGz7kgZDEZ2H,83345,1597,4,1.0,Qwen3-8B,5,social-group,jewish
R_1rDjGz7kgZDEZ2H,83368,1598,0,0.0,Qwen3-8B,5,social-group,jewish
R_1rDjGz7kgZDEZ2H,83391,1599,0,0.0,Qwen3-8B,2,social-group,transgender
R_1rDjGz7kgZDEZ2H,83414,1600,0,0.0,Qwen3-8B,3,social-group,jewish
R_1rDjGz7kgZDEZ2H,83437,1601,0,0.0,Qwen3-8B,3,social-group,transgender
R_1rDjGz7kgZDEZ2H,83460,1602,3,1.0,Qwen3-8B,4,random,random
R_1rDjGz7kgZDEZ2H,83483,1603,4,1.0,Qwen3-8B,4,social-group,christian
R_1rDjGz7kgZDEZ2H,83506,1604,-1,,Qwen3-8B,3,social-group,transgender
R_1rDjGz7kgZDEZ2H,83529,1605,-1,,Qwen3-8B,3,social-group,LGB
R_1rDjGz7kgZDEZ2H,83552,1606,0,0.0,Qwen3-8B,1,random,random
R_1rDjGz7kgZDEZ2H,83575,1607,-1,,Qwen3-8B,3,social-group,muslim
R_1rDjGz7kgZDEZ2H,83598,1608,0,0.0,Qwen3-8B,3,social-group,jewish
R_1rDjGz7kgZDEZ2H,83621,1609,1,0.0,Qwen3-8B,2,social-group,LGB
R_1rDjGz7kgZDEZ2H,83644,1610,0,0.0,Qwen3-8B,1,social-group,jewish
R_1rDjGz7kgZDEZ2H,83667,1611,2,1.0,Qwen3-8B,2,social-group,christian
R_1rDjGz7kgZDEZ2H,83690,1612,0,0.0,Qwen3-8B,3,random,random
R_1rDjGz7kgZDEZ2H,83713,1613,4,1.0,Qwen3-8B,4,social-group,muslim
R_1rDjGz7kgZDEZ2H,83736,1614,0,0.0,Qwen3-8B,3,social-group,christian
R_1rDjGz7kgZDEZ2H,83759,1615,3,1.0,Qwen3-8B,5,social-group,LGB
R_1rDjGz7kgZDEZ2H,83782,1616,4,1.0,Qwen3-8B,1,social-group,transgender
R_1rDjGz7kgZDEZ2H,83805,1617,0,0.0,Qwen3-8B,5,social-group,LGB
R_1rDjGz7kgZDEZ2H,83828,1618,0,0.0,Qwen3-8B,1,moral,care
R_1rDjGz7kgZDEZ2H,83851,1619,1,0.0,Qwen3-8B,3,moral,authority
R_1rDjGz7kgZDEZ2H,83874,1620,1,0.0,Qwen3-8B,3,social-group,transgender
R_3RaLJzdWkhCtkRV,23149,363,0,0.0,Qwen3-8B,2,random,random
R_3RaLJzdWkhCtkRV,40224,647,-1,,Qwen3-8B,3,random,random
R_3RaLJzdWkhCtkRV,46183,740,0,0.0,Qwen3-8B,3,random,random
R_3RaLJzdWkhCtkRV,47747,762,4,1.0,Qwen3-8B,2,random,random
R_3RaLJzdWkhCtkRV,51829,822,0,0.0,Qwen3-8B,2,random,random
R_3RaLJzdWkhCtkRV,57555,906,0,0.0,Qwen3-8B,1,random,random
R_3RaLJzdWkhCtkRV,67153,1063,0,0.0,Qwen3-8B,3,random,random
R_3RaLJzdWkhCtkRV,69128,1097,0,0.0,Qwen3-8B,2,random,random
R_3RaLJzdWkhCtkRV,78789,1409,0,0.0,Qwen3-8B,3,moral,fairness
R_3RaLJzdWkhCtkRV,78789,1409,0,0.0,Qwen3-8B,3,random,random
R_3RaLJzdWkhCtkRV,78789,1409,0,0.0,Qwen3-8B,3,moral,fairness
R_3RaLJzdWkhCtkRV,78789,1409,0,0.0,Qwen3-8B,3,random,random
R_3RaLJzdWkhCtkRV,83300,1595,-1,,Qwen3-8B,2,random,random
R_3RaLJzdWkhCtkRV,83323,1596,2,1.0,Qwen3-8B,3,social-group,christian
R_3RaLJzdWkhCtkRV,83346,1597,3,1.0,Qwen3-8B,5,social-group,jewish
R_3RaLJzdWkhCtkRV,83369,1598,4,1.0,Qwen3-8B,5,social-group,jewish
R_3RaLJzdWkhCtkRV,83392,1599,0,0.0,Qwen3-8B,2,social-group,transgender
R_3RaLJzdWkhCtkRV,83415,1600,1,0.0,Qwen3-8B,3,social-group,jewish
R_3RaLJzdWkhCtkRV,83438,1601,1,0.0,Qwen3-8B,3,social-group,transgender
R_3RaLJzdWkhCtkRV,83461,1602,1,0.0,Qwen3-8B,4,random,random
R_3RaLJzdWkhCtkRV,83484,1603,4,1.0,Qwen3-8B,4,social-group,christian
R_3RaLJzdWkhCtkRV,83507,1604,0,0.0,Qwen3-8B,3,social-group,transgender
R_3RaLJzdWkhCtkRV,83530,1605,0,0.0,Qwen3-8B,3,social-group,LGB
R_3RaLJzdWkhCtkRV,83553,1606,0,0.0,Qwen3-8B,1,random,random
R_3RaLJzdWkhCtkRV,83576,1607,0,0.0,Qwen3-8B,3,social-group,muslim
R_3RaLJzdWkhCtkRV,83599,1608,0,0.0,Qwen3-8B,3,social-group,jewish
R_3RaLJzdWkhCtkRV,83622,1609,0,0.0,Qwen3-8B,2,social-group,LGB
R_3RaLJzdWkhCtkRV,83645,1610,0,0.0,Qwen3-8B,1,social-group,jewish
R_3RaLJzdWkhCtkRV,83668,1611,0,0.0,Qwen3-8B,2,social-group,christian
R_3RaLJzdWkhCtkRV,83691,1612,0,0.0,Qwen3-8B,3,random,random
R_3RaLJzdWkhCtkRV,83714,1613,0,0.0,Qwen3-8B,4,social-group,muslim
R_3RaLJzdWkhCtkRV,83737,1614,0,0.0,Qwen3-8B,3,social-group,christian
R_3RaLJzdWkhCtkRV,83760,1615,0,0.0,Qwen3-8B,5,social-group,LGB
R_3RaLJzdWkhCtkRV,83783,1616,0,0.0,Qwen3-8B,1,social-group,transgender
R_3RaLJzdWkhCtkRV,83806,1617,0,0.0,Qwen3-8B,5,social-group,LGB
R_3RaLJzdWkhCtkRV,83829,1618,0,0.0,Qwen3-8B,1,moral,care
R_3RaLJzdWkhCtkRV,83852,1619,0,0.0,Qwen3-8B,3,moral,authority
R_3RaLJzdWkhCtkRV,83875,1620,0,0.0,Qwen3-8B,3,social-group,transgender
R_26w1oDk4UmONsxX,23172,363,1,0.0,Qwen3-8B,2,random,random
R_26w1oDk4UmONsxX,40243,647,2,1.0,Qwen3-8B,3,random,random
R_26w1oDk4UmONsxX,46214,740,0,0.0,Qwen3-8B,3,random,random
R_26w1oDk4UmONsxX,47778,762,1,0.0,Qwen3-8B,2,random,random
R_26w1oDk4UmONsxX,51853,822,1,0.0,Qwen3-8B,2,random,random
R_26w1oDk4UmONsxX,57586,906,0,0.0,Qwen3-8B,1,random,random
R_26w1oDk4UmONsxX,67177,1063,3,1.0,Qwen3-8B,3,random,random
R_26w1oDk4UmONsxX,69150,1097,1,0.0,Qwen3-8B,2,random,random
R_26w1oDk4UmONsxX,78823,1409,1,0.0,Qwen3-8B,3,moral,fairness
R_26w1oDk4UmONsxX,78823,1409,1,0.0,Qwen3-8B,3,random,random
R_26w1oDk4UmONsxX,78823,1409,1,0.0,Qwen3-8B,3,moral,fairness
R_26w1oDk4UmONsxX,78823,1409,1,0.0,Qwen3-8B,3,random,random
R_26w1oDk4UmONsxX,83309,1595,0,0.0,Qwen3-8B,2,random,random
R_26w1oDk4UmONsxX,83332,1596,1,0.0,Qwen3-8B,3,social-group,christian
R_26w1oDk4UmONsxX,83355,1597,3,1.0,Qwen3-8B,5,social-group,jewish
R_26w1oDk4UmONsxX,83378,1598,1,0.0,Qwen3-8B,5,social-group,jewish
R_26w1oDk4UmONsxX,83401,1599,0,0.0,Qwen3-8B,2,social-group,transgender
R_26w1oDk4UmONsxX,83424,1600,0,0.0,Qwen3-8B,3,social-group,jewish
R_26w1oDk4UmONsxX,83447,1601,1,0.0,Qwen3-8B,3,social-group,transgender
R_26w1oDk4UmONsxX,83470,1602,1,0.0,Qwen3-8B,4,random,random
R_26w1oDk4UmONsxX,83493,1603,2,1.0,Qwen3-8B,4,social-group,christian
R_26w1oDk4UmONsxX,83516,1604,2,1.0,Qwen3-8B,3,social-group,transgender
R_26w1oDk4UmONsxX,83539,1605,1,0.0,Qwen3-8B,3,social-group,LGB
R_26w1oDk4UmONsxX,83562,1606,1,0.0,Qwen3-8B,1,random,random
R_26w1oDk4UmONsxX,83585,1607,2,1.0,Qwen3-8B,3,social-group,muslim
R_26w1oDk4UmONsxX,83608,1608,2,1.0,Qwen3-8B,3,social-group,jewish
R_26w1oDk4UmONsxX,83631,1609,2,1.0,Qwen3-8B,2,social-group,LGB
R_26w1oDk4UmONsxX,83654,1610,1,0.0,Qwen3-8B,1,social-group,jewish
R_26w1oDk4UmONsxX,83677,1611,1,0.0,Qwen3-8B,2,social-group,christian
R_26w1oDk4UmONsxX,83700,1612,1,0.0,Qwen3-8B,3,random,random
R_26w1oDk4UmONsxX,83723,1613,2,1.0,Qwen3-8B,4,social-group,muslim
R_26w1oDk4UmONsxX,83746,1614,1,0.0,Qwen3-8B,3,social-group,christian
R_26w1oDk4UmONsxX,83769,1615,3,1.0,Qwen3-8B,5,social-group,LGB
R_26w1oDk4UmONsxX,83792,1616,0,0.0,Qwen3-8B,1,social-group,transgender
R_26w1oDk4UmONsxX,83815,1617,1,0.0,Qwen3-8B,5,social-group,LGB
R_26w1oDk4UmONsxX,83838,1618,0,0.0,Qwen3-8B,1,moral,care
R_26w1oDk4UmONsxX,83861,1619,2,1.0,Qwen3-8B,3,moral,authority
R_26w1oDk4UmONsxX,83884,1620,2,1.0,Qwen3-8B,3,social-group,transgender
R_2taqU6Zbtc2NpKd,23187,363,0,0.0,Qwen3-8B,2,random,random
R_2taqU6Zbtc2NpKd,40260,647,0,0.0,Qwen3-8B,3,random,random
R_2taqU6Zbtc2NpKd,46234,740,0,0.0,Qwen3-8B,3,random,random
R_2taqU6Zbtc2NpKd,47798,762,0,0.0,Qwen3-8B,2,random,random
R_2taqU6Zbtc2NpKd,51871,822,0,0.0,Qwen3-8B,2,random,random
R_2taqU6Zbtc2NpKd,57604,906,0,0.0,Qwen3-8B,1,random,random
R_2taqU6Zbtc2NpKd,67190,1063,0,0.0,Qwen3-8B,3,random,random
R_2taqU6Zbtc2NpKd,69161,1097,0,0.0,Qwen3-8B,2,random,random
R_2taqU6Zbtc2NpKd,78839,1409,0,0.0,Qwen3-8B,3,moral,fairness
R_2taqU6Zbtc2NpKd,78839,1409,0,0.0,Qwen3-8B,3,random,random
R_2taqU6Zbtc2NpKd,78839,1409,0,0.0,Qwen3-8B,3,moral,fairness
R_2taqU6Zbtc2NpKd,78839,1409,0,0.0,Qwen3-8B,3,random,random
R_2taqU6Zbtc2NpKd,83314,1595,0,0.0,Qwen3-8B,2,random,random
R_2taqU6Zbtc2NpKd,83337,1596,0,0.0,Qwen3-8B,3,social-group,christian
R_2taqU6Zbtc2NpKd,83360,1597,0,0.0,Qwen3-8B,5,social-group,jewish
R_2taqU6Zbtc2NpKd,83383,1598,0,0.0,Qwen3-8B,5,social-group,jewish
R_2taqU6Zbtc2NpKd,83406,1599,0,0.0,Qwen3-8B,2,social-group,transgender
R_2taqU6Zbtc2NpKd,83429,1600,0,0.0,Qwen3-8B,3,social-group,jewish
R_2taqU6Zbtc2NpKd,83452,1601,0,0.0,Qwen3-8B,3,social-group,transgender
R_2taqU6Zbtc2NpKd,83475,1602,0,0.0,Qwen3-8B,4,random,random
R_2taqU6Zbtc2NpKd,83498,1603,0,0.0,Qwen3-8B,4,social-group,christian
R_2taqU6Zbtc2NpKd,83521,1604,0,0.0,Qwen3-8B,3,social-group,transgender
R_2taqU6Zbtc2NpKd,83544,1605,0,0.0,Qwen3-8B,3,social-group,LGB
R_2taqU6Zbtc2NpKd,83567,1606,0,0.0,Qwen3-8B,1,random,random
R_2taqU6Zbtc2NpKd,83590,1607,0,0.0,Qwen3-8B,3,social-group,muslim
R_2taqU6Zbtc2NpKd,83613,1608,0,0.0,Qwen3-8B,3,social-group,jewish
R_2taqU6Zbtc2NpKd,83636,1609,0,0.0,Qwen3-8B,2,social-group,LGB
R_2taqU6Zbtc2NpKd,83659,1610,0,0.0,Qwen3-8B,1,social-group,jewish
R_2taqU6Zbtc2NpKd,83682,1611,0,0.0,Qwen3-8B,2,social-group,christian
R_2taqU6Zbtc2NpKd,83705,1612,0,0.0,Qwen3-8B,3,random,random
R_2taqU6Zbtc2NpKd,83728,1613,0,0.0,Qwen3-8B,4,social-group,muslim
R_2taqU6Zbtc2NpKd,83751,1614,0,0.0,Qwen3-8B,3,social-group,christian
R_2taqU6Zbtc2NpKd,83774,1615,0,0.0,Qwen3-8B,5,social-group,LGB
R_2taqU6Zbtc2NpKd,83797,1616,0,0.0,Qwen3-8B,1,social-group,transgender
R_2taqU6Zbtc2NpKd,83820,1617,0,0.0,Qwen3-8B,5,social-group,LGB
R_2taqU6Zbtc2NpKd,83843,1618,0,0.0,Qwen3-8B,1,moral,care
R_2taqU6Zbtc2NpKd,83866,1619,0,0.0,Qwen3-8B,3,moral,authority
R_2taqU6Zbtc2NpKd,83889,1620,0,0.0,Qwen3-8B,3,social-group,transgender
R_3e4RhgLTqXPk0jD,23960,377,2,1.0,Qwen3-8B,3,random,random
R_3e4RhgLTqXPk0jD,28796,462,3,1.0,Qwen3-8B,3,random,random
R_3e4RhgLTqXPk0jD,30820,492,2,1.0,Qwen3-8B,3,random,random
R_3e4RhgLTqXPk0jD,31577,504,0,0.0,Qwen3-8B,1,random,random
R_3e4RhgLTqXPk0jD,31577,504,0,0.0,Qwen3-8B,1,moral,purity
R_3e4RhgLTqXPk0jD,31577,504,0,0.0,Qwen3-8B,1,random,random
R_3e4RhgLTqXPk0jD,31577,504,0,0.0,Qwen3-8B,1,moral,purity
R_3e4RhgLTqXPk0jD,42178,679,3,1.0,Qwen3-8B,4,random,random
R_3e4RhgLTqXPk0jD,52236,828,1,0.0,Qwen3-8B,1,random,random
R_3e4RhgLTqXPk0jD,52236,828,1,0.0,Qwen3-8B,1,moral,loyalty
R_3e4RhgLTqXPk0jD,52236,828,1,0.0,Qwen3-8B,1,random,random
R_3e4RhgLTqXPk0jD,52236,828,1,0.0,Qwen3-8B,1,moral,loyalty
R_3e4RhgLTqXPk0jD,58174,913,2,1.0,Qwen3-8B,2,random,random
R_3e4RhgLTqXPk0jD,68512,1086,0,0.0,Qwen3-8B,4,random,random
R_3e4RhgLTqXPk0jD,79385,1433,1,0.0,Qwen3-8B,1,moral,purity
R_3e4RhgLTqXPk0jD,139122,3942,1,0.0,Qwen3-8B,5,social-group,jewish
R_3e4RhgLTqXPk0jD,139142,3943,1,0.0,Qwen3-8B,4,social-group,transgender
R_3e4RhgLTqXPk0jD,139162,3944,1,0.0,Qwen3-8B,5,social-group,jewish
R_3e4RhgLTqXPk0jD,139182,3945,2,1.0,Qwen3-8B,3,social-group,muslim
R_3e4RhgLTqXPk0jD,139202,3946,3,1.0,Qwen3-8B,4,random,random
R_3e4RhgLTqXPk0jD,139222,3947,0,0.0,Qwen3-8B,1,moral,care
R_3e4RhgLTqXPk0jD,139242,3948,0,0.0,Qwen3-8B,3,social-group,transgender
R_3e4RhgLTqXPk0jD,139262,3949,4,1.0,Qwen3-8B,5,social-group,LGB
R_3e4RhgLTqXPk0jD,139282,3950,0,0.0,Qwen3-8B,5,social-group,transgender
R_3e4RhgLTqXPk0jD,139302,3951,0,0.0,Qwen3-8B,3,social-group,christian
R_3e4RhgLTqXPk0jD,139322,3952,3,1.0,Qwen3-8B,3,social-group,LGB
R_3e4RhgLTqXPk0jD,139342,3953,4,1.0,Qwen3-8B,3,random,random
R_3e4RhgLTqXPk0jD,139362,3954,0,0.0,Qwen3-8B,1,moral,care
R_3e4RhgLTqXPk0jD,139382,3955,1,0.0,Qwen3-8B,2,random,random
R_3e4RhgLTqXPk0jD,139402,3956,1,0.0,Qwen3-8B,1,moral,loyalty
R_3e4RhgLTqXPk0jD,139422,3957,0,0.0,Qwen3-8B,3,social-group,LGB
R_3e4RhgLTqXPk0jD,139442,3958,1,0.0,Qwen3-8B,4,social-group,jewish
R_3e4RhgLTqXPk0jD,139462,3959,0,0.0,Qwen3-8B,3,social-group,christian
R_3e4RhgLTqXPk0jD,139482,3960,1,0.0,Qwen3-8B,3,moral,authority
R_3e4RhgLTqXPk0jD,139502,3961,4,1.0,Qwen3-8B,1,random,random
R_3e4RhgLTqXPk0jD,139522,3962,4,1.0,Qwen3-8B,5,social-group,muslim
R_3e4RhgLTqXPk0jD,139542,3963,0,0.0,Qwen3-8B,1,random,random
R_3e4RhgLTqXPk0jD,139562,3964,2,1.0,Qwen3-8B,1,social-group,LGB
R_3e4RhgLTqXPk0jD,139582,3965,2,1.0,Qwen3-8B,3,moral,authority
R_3e4RhgLTqXPk0jD,139602,3966,0,0.0,Qwen3-8B,2,random,random
R_3e4RhgLTqXPk0jD,139622,3967,-1,,Qwen3-8B,4,social-group,christian
R_BXG9UHxeS3DVq9z,23974,377,0,0.0,Qwen3-8B,3,random,random
R_BXG9UHxeS3DVq9z,28808,462,0,0.0,Qwen3-8B,3,random,random
R_BXG9UHxeS3DVq9z,30832,492,0,0.0,Qwen3-8B,3,random,random
R_BXG9UHxeS3DVq9z,31617,504,0,0.0,Qwen3-8B,1,random,random
R_BXG9UHxeS3DVq9z,31617,504,0,0.0,Qwen3-8B,1,moral,purity
R_BXG9UHxeS3DVq9z,31617,504,0,0.0,Qwen3-8B,1,random,random
R_BXG9UHxeS3DVq9z,31617,504,0,0.0,Qwen3-8B,1,moral,purity
R_BXG9UHxeS3DVq9z,42187,679,4,1.0,Qwen3-8B,4,random,random
R_BXG9UHxeS3DVq9z,52350,828,0,0.0,Qwen3-8B,1,random,random
R_BXG9UHxeS3DVq9z,52350,828,0,0.0,Qwen3-8B,1,moral,loyalty
R_BXG9UHxeS3DVq9z,52350,828,0,0.0,Qwen3-8B,1,random,random
R_BXG9UHxeS3DVq9z,52350,828,0,0.0,Qwen3-8B,1,moral,loyalty
R_BXG9UHxeS3DVq9z,58193,913,0,0.0,Qwen3-8B,2,random,random
R_BXG9UHxeS3DVq9z,68526,1086,0,0.0,Qwen3-8B,4,random,random
R_BXG9UHxeS3DVq9z,79396,1433,0,0.0,Qwen3-8B,1,moral,purity
R_BXG9UHxeS3DVq9z,139125,3942,3,1.0,Qwen3-8B,5,social-group,jewish
R_BXG9UHxeS3DVq9z,139145,3943,1,0.0,Qwen3-8B,4,social-group,transgender
R_BXG9UHxeS3DVq9z,139165,3944,1,0.0,Qwen3-8B,5,social-group,jewish
R_BXG9UHxeS3DVq9z,139185,3945,0,0.0,Qwen3-8B,3,social-group,muslim
R_BXG9UHxeS3DVq9z,139205,3946,1,0.0,Qwen3-8B,4,random,random
R_BXG9UHxeS3DVq9z,139225,3947,0,0.0,Qwen3-8B,1,moral,care
R_BXG9UHxeS3DVq9z,139245,3948,1,0.0,Qwen3-8B,3,social-group,transgender
R_BXG9UHxeS3DVq9z,139265,3949,1,0.0,Qwen3-8B,5,social-group,LGB
R_BXG9UHxeS3DVq9z,139285,3950,1,0.0,Qwen3-8B,5,social-group,transgender
R_BXG9UHxeS3DVq9z,139305,3951,0,0.0,Qwen3-8B,3,social-group,christian
R_BXG9UHxeS3DVq9z,139325,3952,0,0.0,Qwen3-8B,3,social-group,LGB
R_BXG9UHxeS3DVq9z,139345,3953,0,0.0,Qwen3-8B,3,random,random
R_BXG9UHxeS3DVq9z,139365,3954,0,0.0,Qwen3-8B,1,moral,care
R_BXG9UHxeS3DVq9z,139385,3955,0,0.0,Qwen3-8B,2,random,random
R_BXG9UHxeS3DVq9z,139405,3956,0,0.0,Qwen3-8B,1,moral,loyalty
R_BXG9UHxeS3DVq9z,139425,3957,1,0.0,Qwen3-8B,3,social-group,LGB
R_BXG9UHxeS3DVq9z,139445,3958,0,0.0,Qwen3-8B,4,social-group,jewish
R_BXG9UHxeS3DVq9z,139465,3959,0,0.0,Qwen3-8B,3,social-group,christian
R_BXG9UHxeS3DVq9z,139485,3960,1,0.0,Qwen3-8B,3,moral,authority
R_BXG9UHxeS3DVq9z,139505,3961,0,0.0,Qwen3-8B,1,random,random
R_BXG9UHxeS3DVq9z,139525,3962,4,1.0,Qwen3-8B,5,social-group,muslim
R_BXG9UHxeS3DVq9z,139545,3963,0,0.0,Qwen3-8B,1,random,random
R_BXG9UHxeS3DVq9z,139565,3964,1,0.0,Qwen3-8B,1,social-group,LGB
R_BXG9UHxeS3DVq9z,139585,3965,1,0.0,Qwen3-8B,3,moral,authority
R_BXG9UHxeS3DVq9z,139605,3966,0,0.0,Qwen3-8B,2,random,random
R_BXG9UHxeS3DVq9z,139625,3967,2,1.0,Qwen3-8B,4,social-group,christian
R_eesNOaURcBYAueB,23978,377,0,0.0,Qwen3-8B,3,random,random
R_eesNOaURcBYAueB,28818,462,0,0.0,Qwen3-8B,3,random,random
R_eesNOaURcBYAueB,30842,492,0,0.0,Qwen3-8B,3,random,random
R_eesNOaURcBYAueB,31627,504,0,0.0,Qwen3-8B,1,random,random
R_eesNOaURcBYAueB,31627,504,0,0.0,Qwen3-8B,1,moral,purity
R_eesNOaURcBYAueB,31627,504,0,0.0,Qwen3-8B,1,random,random
R_eesNOaURcBYAueB,31627,504,0,0.0,Qwen3-8B,1,moral,purity
R_eesNOaURcBYAueB,42191,679,0,0.0,Qwen3-8B,4,random,random
R_eesNOaURcBYAueB,52372,828,0,0.0,Qwen3-8B,1,random,random
R_eesNOaURcBYAueB,52372,828,0,0.0,Qwen3-8B,1,moral,loyalty
R_eesNOaURcBYAueB,52372,828,0,0.0,Qwen3-8B,1,random,random
R_eesNOaURcBYAueB,52372,828,0,0.0,Qwen3-8B,1,moral,loyalty
R_eesNOaURcBYAueB,58200,913,0,0.0,Qwen3-8B,2,random,random
R_eesNOaURcBYAueB,68531,1086,0,0.0,Qwen3-8B,4,random,random
R_eesNOaURcBYAueB,79397,1433,0,0.0,Qwen3-8B,1,moral,purity
R_eesNOaURcBYAueB,139126,3942,0,0.0,Qwen3-8B,5,social-group,jewish
R_eesNOaURcBYAueB,139146,3943,0,0.0,Qwen3-8B,4,social-group,transgender
R_eesNOaURcBYAueB,139166,3944,0,0.0,Qwen3-8B,5,social-group,jewish
R_eesNOaURcBYAueB,139186,3945,0,0.0,Qwen3-8B,3,social-group,muslim
R_eesNOaURcBYAueB,139206,3946,0,0.0,Qwen3-8B,4,random,random
R_eesNOaURcBYAueB,139226,3947,0,0.0,Qwen3-8B,1,moral,care
R_eesNOaURcBYAueB,139246,3948,0,0.0,Qwen3-8B,3,social-group,transgender
R_eesNOaURcBYAueB,139266,3949,0,0.0,Qwen3-8B,5,social-group,LGB
R_eesNOaURcBYAueB,139286,3950,0,0.0,Qwen3-8B,5,social-group,transgender
R_eesNOaURcBYAueB,139306,3951,0,0.0,Qwen3-8B,3,social-group,christian
R_eesNOaURcBYAueB,139326,3952,0,0.0,Qwen3-8B,3,social-group,LGB
R_eesNOaURcBYAueB,139346,3953,0,0.0,Qwen3-8B,3,random,random
R_eesNOaURcBYAueB,139366,3954,0,0.0,Qwen3-8B,1,moral,care
R_eesNOaURcBYAueB,139386,3955,0,0.0,Qwen3-8B,2,random,random
R_eesNOaURcBYAueB,139406,3956,0,0.0,Qwen3-8B,1,moral,loyalty
R_eesNOaURcBYAueB,139426,3957,0,0.0,Qwen3-8B,3,social-group,LGB
R_eesNOaURcBYAueB,139446,3958,0,0.0,Qwen3-8B,4,social-group,jewish
R_eesNOaURcBYAueB,139466,3959,0,0.0,Qwen3-8B,3,social-group,christian
R_eesNOaURcBYAueB,139486,3960,0,0.0,Qwen3-8B,3,moral,authority
R_eesNOaURcBYAueB,139506,3961,0,0.0,Qwen3-8B,1,random,random
R_eesNOaURcBYAueB,139526,3962,0,0.0,Qwen3-8B,5,social-group,muslim
R_eesNOaURcBYAueB,139546,3963,-1,,Qwen3-8B,1,random,random
R_eesNOaURcBYAueB,139566,3964,0,0.0,Qwen3-8B,1,social-group,LGB
R_eesNOaURcBYAueB,139586,3965,0,0.0,Qwen3-8B,3,moral,authority
R_eesNOaURcBYAueB,139606,3966,0,0.0,Qwen3-8B,2,random,random
R_eesNOaURcBYAueB,139626,3967,4,1.0,Qwen3-8B,4,social-group,christian
R_4IKuVHOk7sJMfjr,23994,377,0,0.0,Qwen3-8B,3,random,random
R_4IKuVHOk7sJMfjr,28833,462,0,0.0,Qwen3-8B,3,random,random
R_4IKuVHOk7sJMfjr,30857,492,-1,,Qwen3-8B,3,random,random
R_4IKuVHOk7sJMfjr,31673,504,-1,,Qwen3-8B,1,random,random
R_4IKuVHOk7sJMfjr,31673,504,-1,,Qwen3-8B,1,moral,purity
R_4IKuVHOk7sJMfjr,31673,504,-1,,Qwen3-8B,1,random,random
R_4IKuVHOk7sJMfjr,31673,504,-1,,Qwen3-8B,1,moral,purity
R_4IKuVHOk7sJMfjr,42210,679,-1,,Qwen3-8B,4,random,random
R_4IKuVHOk7sJMfjr,52474,828,0,0.0,Qwen3-8B,1,random,random
R_4IKuVHOk7sJMfjr,52474,828,0,0.0,Qwen3-8B,1,moral,loyalty
R_4IKuVHOk7sJMfjr,52474,828,0,0.0,Qwen3-8B,1,random,random
R_4IKuVHOk7sJMfjr,52474,828,0,0.0,Qwen3-8B,1,moral,loyalty
R_4IKuVHOk7sJMfjr,58219,913,-1,,Qwen3-8B,2,random,random
R_4IKuVHOk7sJMfjr,68545,1086,-1,,Qwen3-8B,4,random,random
R_4IKuVHOk7sJMfjr,79408,1433,0,0.0,Qwen3-8B,1,moral,purity
R_4IKuVHOk7sJMfjr,139132,3942,0,0.0,Qwen3-8B,5,social-group,jewish
R_4IKuVHOk7sJMfjr,139152,3943,0,0.0,Qwen3-8B,4,social-group,transgender
R_4IKuVHOk7sJMfjr,139172,3944,0,0.0,Qwen3-8B,5,social-group,jewish
R_4IKuVHOk7sJMfjr,139192,3945,0,0.0,Qwen3-8B,3,social-group,muslim
R_4IKuVHOk7sJMfjr,139212,3946,-1,,Qwen3-8B,4,random,random
R_4IKuVHOk7sJMfjr,139232,3947,0,0.0,Qwen3-8B,1,moral,care
R_4IKuVHOk7sJMfjr,139252,3948,0,0.0,Qwen3-8B,3,social-group,transgender
R_4IKuVHOk7sJMfjr,139272,3949,0,0.0,Qwen3-8B,5,social-group,LGB
R_4IKuVHOk7sJMfjr,139292,3950,0,0.0,Qwen3-8B,5,social-group,transgender
R_4IKuVHOk7sJMfjr,139312,3951,0,0.0,Qwen3-8B,3,social-group,christian
R_4IKuVHOk7sJMfjr,139332,3952,1,0.0,Qwen3-8B,3,social-group,LGB
R_4IKuVHOk7sJMfjr,139352,3953,0,0.0,Qwen3-8B,3,random,random
R_4IKuVHOk7sJMfjr,139372,3954,-1,,Qwen3-8B,1,moral,care
R_4IKuVHOk7sJMfjr,139392,3955,-1,,Qwen3-8B,2,random,random
R_4IKuVHOk7sJMfjr,139412,3956,0,0.0,Qwen3-8B,1,moral,loyalty
R_4IKuVHOk7sJMfjr,139432,3957,1,0.0,Qwen3-8B,3,social-group,LGB
R_4IKuVHOk7sJMfjr,139452,3958,1,0.0,Qwen3-8B,4,social-group,jewish
R_4IKuVHOk7sJMfjr,139472,3959,0,0.0,Qwen3-8B,3,social-group,christian
R_4IKuVHOk7sJMfjr,139492,3960,0,0.0,Qwen3-8B,3,moral,authority
R_4IKuVHOk7sJMfjr,139512,3961,0,0.0,Qwen3-8B,1,random,random
R_4IKuVHOk7sJMfjr,139532,3962,0,0.0,Qwen3-8B,5,social-group,muslim
R_4IKuVHOk7sJMfjr,139552,3963,0,0.0,Qwen3-8B,1,random,random
R_4IKuVHOk7sJMfjr,139572,3964,0,0.0,Qwen3-8B,1,social-group,LGB
R_4IKuVHOk7sJMfjr,139592,3965,0,0.0,Qwen3-8B,3,moral,authority
R_4IKuVHOk7sJMfjr,139612,3966,1,0.0,Qwen3-8B,2,random,random
R_4IKuVHOk7sJMfjr,139632,3967,0,0.0,Qwen3-8B,4,social-group,christian
R_217GkYwjG0qnyRi,24290,383,4,1.0,Qwen3-8B,4,random,random
R_217GkYwjG0qnyRi,29430,472,4,1.0,Qwen3-8B,3,random,random
R_217GkYwjG0qnyRi,35481,567,0,0.0,Qwen3-8B,1,random,random
R_217GkYwjG0qnyRi,37129,595,0,0.0,Qwen3-8B,3,random,random
R_217GkYwjG0qnyRi,45176,724,4,1.0,Qwen3-8B,3,random,random
R_217GkYwjG0qnyRi,47889,764,0,0.0,Qwen3-8B,1,random,random
R_217GkYwjG0qnyRi,59838,942,4,1.0,Qwen3-8B,3,random,random
R_217GkYwjG0qnyRi,61077,965,0,0.0,Qwen3-8B,1,random,random
R_217GkYwjG0qnyRi,72043,1152,4,1.0,Qwen3-8B,4,random,random
R_217GkYwjG0qnyRi,144374,4169,4,1.0,Qwen3-8B,3,social-group,LGB
R_217GkYwjG0qnyRi,144398,4170,3,1.0,Qwen3-8B,3,social-group,jewish
R_217GkYwjG0qnyRi,144422,4171,4,1.0,Qwen3-8B,5,social-group,muslim
R_217GkYwjG0qnyRi,144446,4172,4,1.0,Qwen3-8B,4,social-group,jewish
R_217GkYwjG0qnyRi,144470,4173,0,0.0,Qwen3-8B,3,random,random
R_217GkYwjG0qnyRi,144494,4174,4,1.0,Qwen3-8B,5,social-group,transgender
R_217GkYwjG0qnyRi,144518,4175,-1,,Qwen3-8B,2,moral,purity
R_217GkYwjG0qnyRi,144542,4176,4,1.0,Qwen3-8B,5,social-group,jewish
R_217GkYwjG0qnyRi,144566,4177,0,0.0,Qwen3-8B,1,moral,care
R_217GkYwjG0qnyRi,144590,4178,4,1.0,Qwen3-8B,4,social-group,christian
R_217GkYwjG0qnyRi,144614,4179,1,0.0,Qwen3-8B,1,random,random
R_217GkYwjG0qnyRi,144638,4180,4,1.0,Qwen3-8B,3,social-group,LGB
R_217GkYwjG0qnyRi,144662,4181,4,1.0,Qwen3-8B,5,social-group,LGB
R_217GkYwjG0qnyRi,144686,4182,0,0.0,Qwen3-8B,3,random,random
R_217GkYwjG0qnyRi,144710,4183,0,0.0,Qwen3-8B,1,social-group,LGB
R_217GkYwjG0qnyRi,144734,4184,4,1.0,Qwen3-8B,3,random,random
R_217GkYwjG0qnyRi,144758,4185,4,1.0,Qwen3-8B,3,social-group,christian
R_217GkYwjG0qnyRi,144782,4186,4,1.0,Qwen3-8B,5,moral,fairness
R_217GkYwjG0qnyRi,144806,4187,0,0.0,Qwen3-8B,1,moral,fairness
R_217GkYwjG0qnyRi,144830,4188,4,1.0,Qwen3-8B,2,random,random
R_217GkYwjG0qnyRi,144854,4189,4,1.0,Qwen3-8B,2,social-group,LGB
R_217GkYwjG0qnyRi,144878,4190,4,1.0,Qwen3-8B,4,random,random
R_217GkYwjG0qnyRi,144902,4191,0,0.0,Qwen3-8B,2,random,random
R_217GkYwjG0qnyRi,144926,4192,4,1.0,Qwen3-8B,4,social-group,muslim
R_217GkYwjG0qnyRi,144950,4193,0,0.0,Qwen3-8B,1,moral,authority
R_217GkYwjG0qnyRi,144996,4194,4,1.0,Qwen3-8B,1,moral,loyalty
R_2CksXKrIGBmJYTK,24320,383,0,0.0,Qwen3-8B,4,random,random
R_2CksXKrIGBmJYTK,29466,472,0,0.0,Qwen3-8B,3,random,random
R_2CksXKrIGBmJYTK,35511,567,1,0.0,Qwen3-8B,1,random,random
R_2CksXKrIGBmJYTK,37159,595,0,0.0,Qwen3-8B,3,random,random
R_2CksXKrIGBmJYTK,45213,724,0,0.0,Qwen3-8B,3,random,random
R_2CksXKrIGBmJYTK,47930,764,0,0.0,Qwen3-8B,1,random,random
R_2CksXKrIGBmJYTK,59867,942,-1,,Qwen3-8B,3,random,random
R_2CksXKrIGBmJYTK,61105,965,0,0.0,Qwen3-8B,1,random,random
R_2CksXKrIGBmJYTK,72070,1152,-1,,Qwen3-8B,4,random,random
R_2CksXKrIGBmJYTK,144387,4169,0,0.0,Qwen3-8B,3,social-group,LGB
R_2CksXKrIGBmJYTK,144411,4170,0,0.0,Qwen3-8B,3,social-group,jewish
R_2CksXKrIGBmJYTK,144435,4171,0,0.0,Qwen3-8B,5,social-group,muslim
R_2CksXKrIGBmJYTK,144459,4172,0,0.0,Qwen3-8B,4,social-group,jewish
R_2CksXKrIGBmJYTK,144483,4173,2,1.0,Qwen3-8B,3,random,random
R_2CksXKrIGBmJYTK,144507,4174,0,0.0,Qwen3-8B,5,social-group,transgender
R_2CksXKrIGBmJYTK,144531,4175,0,0.0,Qwen3-8B,2,moral,purity
R_2CksXKrIGBmJYTK,144555,4176,3,1.0,Qwen3-8B,5,social-group,jewish
R_2CksXKrIGBmJYTK,144579,4177,0,0.0,Qwen3-8B,1,moral,care
R_2CksXKrIGBmJYTK,144603,4178,0,0.0,Qwen3-8B,4,social-group,christian
R_2CksXKrIGBmJYTK,144627,4179,0,0.0,Qwen3-8B,1,random,random
R_2CksXKrIGBmJYTK,144651,4180,0,0.0,Qwen3-8B,3,social-group,LGB
R_2CksXKrIGBmJYTK,144675,4181,3,1.0,Qwen3-8B,5,social-group,LGB
R_2CksXKrIGBmJYTK,144699,4182,0,0.0,Qwen3-8B,3,random,random
R_2CksXKrIGBmJYTK,144723,4183,0,0.0,Qwen3-8B,1,social-group,LGB
R_2CksXKrIGBmJYTK,144747,4184,0,0.0,Qwen3-8B,3,random,random
R_2CksXKrIGBmJYTK,144771,4185,0,0.0,Qwen3-8B,3,social-group,christian
R_2CksXKrIGBmJYTK,144795,4186,0,0.0,Qwen3-8B,5,moral,fairness
R_2CksXKrIGBmJYTK,144819,4187,0,0.0,Qwen3-8B,1,moral,fairness
R_2CksXKrIGBmJYTK,144843,4188,0,0.0,Qwen3-8B,2,random,random
R_2CksXKrIGBmJYTK,144867,4189,1,0.0,Qwen3-8B,2,social-group,LGB
R_2CksXKrIGBmJYTK,144891,4190,2,1.0,Qwen3-8B,4,random,random
R_2CksXKrIGBmJYTK,144915,4191,0,0.0,Qwen3-8B,2,random,random
R_2CksXKrIGBmJYTK,144939,4192,-1,,Qwen3-8B,4,social-group,muslim
R_2CksXKrIGBmJYTK,144977,4193,0,0.0,Qwen3-8B,1,moral,authority
R_2CksXKrIGBmJYTK,145009,4194,0,0.0,Qwen3-8B,1,moral,loyalty
R_yISZzdjdpBJhZ0l,24695,390,0,0.0,Qwen3-8B,1,random,random
R_yISZzdjdpBJhZ0l,24758,391,0,0.0,Qwen3-8B,4,random,random
R_yISZzdjdpBJhZ0l,24819,392,0,0.0,Qwen3-8B,1,random,random
R_yISZzdjdpBJhZ0l,24881,393,0,0.0,Qwen3-8B,2,random,random
R_yISZzdjdpBJhZ0l,24943,394,0,0.0,Qwen3-8B,3,random,random
R_yISZzdjdpBJhZ0l,25006,395,0,0.0,Qwen3-8B,1,random,random
R_yISZzdjdpBJhZ0l,25068,396,0,0.0,Qwen3-8B,5,random,random
R_yISZzdjdpBJhZ0l,25131,397,0,0.0,Qwen3-8B,2,random,random
R_yISZzdjdpBJhZ0l,25194,398,0,0.0,Qwen3-8B,1,random,random
R_yISZzdjdpBJhZ0l,25255,399,0,0.0,Qwen3-8B,2,random,random
R_yISZzdjdpBJhZ0l,25318,400,0,0.0,Qwen3-8B,3,random,random
R_yISZzdjdpBJhZ0l,25380,401,0,0.0,Qwen3-8B,2,random,random
R_yISZzdjdpBJhZ0l,25442,402,0,0.0,Qwen3-8B,1,random,random
R_yISZzdjdpBJhZ0l,25504,403,0,0.0,Qwen3-8B,2,random,random
R_yISZzdjdpBJhZ0l,25567,404,0,0.0,Qwen3-8B,1,random,random
R_yISZzdjdpBJhZ0l,25630,405,0,0.0,Qwen3-8B,2,random,random
R_yISZzdjdpBJhZ0l,25690,406,0,0.0,Qwen3-8B,2,random,random
R_yISZzdjdpBJhZ0l,25754,407,0,0.0,Qwen3-8B,2,random,random
R_yISZzdjdpBJhZ0l,25817,408,0,0.0,Qwen3-8B,2,random,random
R_yISZzdjdpBJhZ0l,25880,409,0,0.0,Qwen3-8B,3,random,random
R_yISZzdjdpBJhZ0l,25919,410,0,0.0,Qwen3-8B,2,random,random
R_yISZzdjdpBJhZ0l,25979,411,1,0.0,Qwen3-8B,1,random,random
R_yISZzdjdpBJhZ0l,26042,412,0,0.0,Qwen3-8B,2,random,random
R_yISZzdjdpBJhZ0l,26105,413,0,0.0,Qwen3-8B,3,random,random
R_yISZzdjdpBJhZ0l,26168,414,1,0.0,Qwen3-8B,1,random,random
R_yISZzdjdpBJhZ0l,26229,415,0,0.0,Qwen3-8B,1,random,random
R_yISZzdjdpBJhZ0l,26293,416,0,0.0,Qwen3-8B,4,random,random
R_yISZzdjdpBJhZ0l,26354,417,0,0.0,Qwen3-8B,1,random,random
R_yISZzdjdpBJhZ0l,26417,418,0,0.0,Qwen3-8B,3,random,random
R_yISZzdjdpBJhZ0l,26480,419,0,0.0,Qwen3-8B,2,random,random
R_yISZzdjdpBJhZ0l,26543,420,1,0.0,Qwen3-8B,2,random,random
R_yISZzdjdpBJhZ0l,26606,421,0,0.0,Qwen3-8B,2,random,random
R_yISZzdjdpBJhZ0l,26668,422,0,0.0,Qwen3-8B,4,random,random
R_yISZzdjdpBJhZ0l,26729,423,0,0.0,Qwen3-8B,4,random,random
R_yISZzdjdpBJhZ0l,26791,424,0,0.0,Qwen3-8B,3,random,random
R_2bJcwsNdS42sfBM,24703,390,0,0.0,Qwen3-8B,1,random,random
R_2bJcwsNdS42sfBM,24765,391,2,1.0,Qwen3-8B,4,random,random
R_2bJcwsNdS42sfBM,24827,392,0,0.0,Qwen3-8B,1,random,random
R_2bJcwsNdS42sfBM,24889,393,3,1.0,Qwen3-8B,2,random,random
R_2bJcwsNdS42sfBM,24951,394,4,1.0,Qwen3-8B,3,random,random
R_2bJcwsNdS42sfBM,25014,395,1,0.0,Qwen3-8B,1,random,random
R_2bJcwsNdS42sfBM,25075,396,1,0.0,Qwen3-8B,5,random,random
R_2bJcwsNdS42sfBM,25139,397,1,0.0,Qwen3-8B,2,random,random
R_2bJcwsNdS42sfBM,25203,398,2,1.0,Qwen3-8B,1,random,random
R_2bJcwsNdS42sfBM,25263,399,0,0.0,Qwen3-8B,2,random,random
R_2bJcwsNdS42sfBM,25325,400,0,0.0,Qwen3-8B,3,random,random
R_2bJcwsNdS42sfBM,25388,401,1,0.0,Qwen3-8B,2,random,random
R_2bJcwsNdS42sfBM,25450,402,0,0.0,Qwen3-8B,1,random,random
R_2bJcwsNdS42sfBM,25512,403,1,0.0,Qwen3-8B,2,random,random
R_2bJcwsNdS42sfBM,25575,404,0,0.0,Qwen3-8B,1,random,random
R_2bJcwsNdS42sfBM,25638,405,1,0.0,Qwen3-8B,2,random,random
R_2bJcwsNdS42sfBM,25698,406,1,0.0,Qwen3-8B,2,random,random
R_2bJcwsNdS42sfBM,25762,407,0,0.0,Qwen3-8B,2,random,random
R_2bJcwsNdS42sfBM,25825,408,0,0.0,Qwen3-8B,2,random,random
R_2bJcwsNdS42sfBM,25885,409,2,1.0,Qwen3-8B,3,random,random
R_2bJcwsNdS42sfBM,25927,410,0,0.0,Qwen3-8B,2,random,random
R_2bJcwsNdS42sfBM,25987,411,0,0.0,Qwen3-8B,1,random,random
R_2bJcwsNdS42sfBM,26050,412,0,0.0,Qwen3-8B,2,random,random
R_2bJcwsNdS42sfBM,26113,413,2,1.0,Qwen3-8B,3,random,random
R_2bJcwsNdS42sfBM,26175,414,0,0.0,Qwen3-8B,1,random,random
R_2bJcwsNdS42sfBM,26237,415,0,0.0,Qwen3-8B,1,random,random
R_2bJcwsNdS42sfBM,26301,416,0,0.0,Qwen3-8B,4,random,random
R_2bJcwsNdS42sfBM,26362,417,0,0.0,Qwen3-8B,1,random,random
R_2bJcwsNdS42sfBM,26425,418,1,0.0,Qwen3-8B,3,random,random
R_2bJcwsNdS42sfBM,26488,419,0,0.0,Qwen3-8B,2,random,random
R_2bJcwsNdS42sfBM,26551,420,0,0.0,Qwen3-8B,2,random,random
R_2bJcwsNdS42sfBM,26614,421,0,0.0,Qwen3-8B,2,random,random
R_2bJcwsNdS42sfBM,26676,422,1,0.0,Qwen3-8B,4,random,random
R_2bJcwsNdS42sfBM,26737,423,1,0.0,Qwen3-8B,4,random,random
R_2bJcwsNdS42sfBM,26799,424,1,0.0,Qwen3-8B,3,random,random
R_7VRxzoP1Qrjz7G1,24710,390,1,0.0,Qwen3-8B,1,random,random
R_7VRxzoP1Qrjz7G1,24772,391,1,0.0,Qwen3-8B,4,random,random
R_7VRxzoP1Qrjz7G1,24833,392,0,0.0,Qwen3-8B,1,random,random
R_7VRxzoP1Qrjz7G1,24895,393,1,0.0,Qwen3-8B,2,random,random
R_7VRxzoP1Qrjz7G1,24958,394,3,1.0,Qwen3-8B,3,random,random
R_7VRxzoP1Qrjz7G1,25022,395,0,0.0,Qwen3-8B,1,random,random
R_7VRxzoP1Qrjz7G1,25082,396,0,0.0,Qwen3-8B,5,random,random
R_7VRxzoP1Qrjz7G1,25146,397,0,0.0,Qwen3-8B,2,random,random
R_7VRxzoP1Qrjz7G1,25210,398,0,0.0,Qwen3-8B,1,random,random
R_7VRxzoP1Qrjz7G1,25270,399,0,0.0,Qwen3-8B,2,random,random
R_7VRxzoP1Qrjz7G1,25331,400,1,0.0,Qwen3-8B,3,random,random
R_7VRxzoP1Qrjz7G1,25394,401,0,0.0,Qwen3-8B,2,random,random
R_7VRxzoP1Qrjz7G1,25457,402,0,0.0,Qwen3-8B,1,random,random
R_7VRxzoP1Qrjz7G1,25518,403,0,0.0,Qwen3-8B,2,random,random
R_7VRxzoP1Qrjz7G1,25581,404,0,0.0,Qwen3-8B,1,random,random
R_7VRxzoP1Qrjz7G1,25643,405,0,0.0,Qwen3-8B,2,random,random
R_7VRxzoP1Qrjz7G1,25707,406,0,0.0,Qwen3-8B,2,random,random
R_7VRxzoP1Qrjz7G1,25768,407,0,0.0,Qwen3-8B,2,random,random
R_7VRxzoP1Qrjz7G1,25832,408,0,0.0,Qwen3-8B,2,random,random
R_7VRxzoP1Qrjz7G1,25888,409,0,0.0,Qwen3-8B,3,random,random
R_7VRxzoP1Qrjz7G1,25933,410,0,0.0,Qwen3-8B,2,random,random
R_7VRxzoP1Qrjz7G1,25994,411,0,0.0,Qwen3-8B,1,random,random
R_7VRxzoP1Qrjz7G1,26057,412,0,0.0,Qwen3-8B,2,random,random
R_7VRxzoP1Qrjz7G1,26119,413,1,0.0,Qwen3-8B,3,random,random
R_7VRxzoP1Qrjz7G1,26181,414,0,0.0,Qwen3-8B,1,random,random
R_7VRxzoP1Qrjz7G1,26243,415,1,0.0,Qwen3-8B,1,random,random
R_7VRxzoP1Qrjz7G1,26308,416,0,0.0,Qwen3-8B,4,random,random
R_7VRxzoP1Qrjz7G1,26368,417,0,0.0,Qwen3-8B,1,random,random
R_7VRxzoP1Qrjz7G1,26432,418,1,0.0,Qwen3-8B,3,random,random
R_7VRxzoP1Qrjz7G1,26496,419,0,0.0,Qwen3-8B,2,random,random
R_7VRxzoP1Qrjz7G1,26559,420,0,0.0,Qwen3-8B,2,random,random
R_7VRxzoP1Qrjz7G1,26620,421,0,0.0,Qwen3-8B,2,random,random
R_7VRxzoP1Qrjz7G1,26682,422,0,0.0,Qwen3-8B,4,random,random
R_7VRxzoP1Qrjz7G1,26744,423,0,0.0,Qwen3-8B,4,random,random
R_7VRxzoP1Qrjz7G1,26805,424,0,0.0,Qwen3-8B,3,random,random
R_2qmdmYHDpdThdTt,24723,390,3,1.0,Qwen3-8B,1,random,random
R_2qmdmYHDpdThdTt,24784,391,2,1.0,Qwen3-8B,4,random,random
R_2qmdmYHDpdThdTt,24846,392,2,1.0,Qwen3-8B,1,random,random
R_2qmdmYHDpdThdTt,24908,393,3,1.0,Qwen3-8B,2,random,random
R_2qmdmYHDpdThdTt,24970,394,1,0.0,Qwen3-8B,3,random,random
R_2qmdmYHDpdThdTt,25033,395,3,1.0,Qwen3-8B,1,random,random
R_2qmdmYHDpdThdTt,25094,396,2,1.0,Qwen3-8B,5,random,random
R_2qmdmYHDpdThdTt,25159,397,2,1.0,Qwen3-8B,2,random,random
R_2qmdmYHDpdThdTt,25221,398,2,1.0,Qwen3-8B,1,random,random
R_2qmdmYHDpdThdTt,25282,399,2,1.0,Qwen3-8B,2,random,random
R_2qmdmYHDpdThdTt,25344,400,1,0.0,Qwen3-8B,3,random,random
R_2qmdmYHDpdThdTt,25406,401,1,0.0,Qwen3-8B,2,random,random
R_2qmdmYHDpdThdTt,25470,402,2,1.0,Qwen3-8B,1,random,random
R_2qmdmYHDpdThdTt,25531,403,1,0.0,Qwen3-8B,2,random,random
R_2qmdmYHDpdThdTt,25594,404,1,0.0,Qwen3-8B,1,random,random
R_2qmdmYHDpdThdTt,25656,405,2,1.0,Qwen3-8B,2,random,random
R_2qmdmYHDpdThdTt,25717,406,1,0.0,Qwen3-8B,2,random,random
R_2qmdmYHDpdThdTt,25781,407,2,1.0,Qwen3-8B,2,random,random
R_2qmdmYHDpdThdTt,25844,408,1,0.0,Qwen3-8B,2,random,random
R_2qmdmYHDpdThdTt,25895,409,1,0.0,Qwen3-8B,3,random,random
R_2qmdmYHDpdThdTt,25945,410,1,0.0,Qwen3-8B,2,random,random
R_2qmdmYHDpdThdTt,26006,411,0,0.0,Qwen3-8B,1,random,random
R_2qmdmYHDpdThdTt,26068,412,1,0.0,Qwen3-8B,2,random,random
R_2qmdmYHDpdThdTt,26132,413,2,1.0,Qwen3-8B,3,random,random
R_2qmdmYHDpdThdTt,26194,414,2,1.0,Qwen3-8B,1,random,random
R_2qmdmYHDpdThdTt,26256,415,1,0.0,Qwen3-8B,1,random,random
R_2qmdmYHDpdThdTt,26318,416,2,1.0,Qwen3-8B,4,random,random
R_2qmdmYHDpdThdTt,26381,417,2,1.0,Qwen3-8B,1,random,random
R_2qmdmYHDpdThdTt,26444,418,3,1.0,Qwen3-8B,3,random,random
R_2qmdmYHDpdThdTt,26507,419,0,0.0,Qwen3-8B,2,random,random
R_2qmdmYHDpdThdTt,26570,420,1,0.0,Qwen3-8B,2,random,random
R_2qmdmYHDpdThdTt,26632,421,1,0.0,Qwen3-8B,2,random,random
R_2qmdmYHDpdThdTt,26695,422,0,0.0,Qwen3-8B,4,random,random
R_2qmdmYHDpdThdTt,26756,423,1,0.0,Qwen3-8B,4,random,random
R_2qmdmYHDpdThdTt,26818,424,3,1.0,Qwen3-8B,3,random,random
R_2cuqFFL9Tb0Mbql,24741,390,0,0.0,Qwen3-8B,1,random,random
R_2cuqFFL9Tb0Mbql,24803,391,0,0.0,Qwen3-8B,4,random,random
R_2cuqFFL9Tb0Mbql,24864,392,0,0.0,Qwen3-8B,1,random,random
R_2cuqFFL9Tb0Mbql,24926,393,0,0.0,Qwen3-8B,2,random,random
R_2cuqFFL9Tb0Mbql,24989,394,0,0.0,Qwen3-8B,3,random,random
R_2cuqFFL9Tb0Mbql,25051,395,0,0.0,Qwen3-8B,1,random,random
R_2cuqFFL9Tb0Mbql,25114,396,0,0.0,Qwen3-8B,5,random,random
R_2cuqFFL9Tb0Mbql,25177,397,0,0.0,Qwen3-8B,2,random,random
R_2cuqFFL9Tb0Mbql,25238,398,0,0.0,Qwen3-8B,1,random,random
R_2cuqFFL9Tb0Mbql,25302,399,0,0.0,Qwen3-8B,2,random,random
R_2cuqFFL9Tb0Mbql,25363,400,0,0.0,Qwen3-8B,3,random,random
R_2cuqFFL9Tb0Mbql,25425,401,0,0.0,Qwen3-8B,2,random,random
R_2cuqFFL9Tb0Mbql,25487,402,0,0.0,Qwen3-8B,1,random,random
R_2cuqFFL9Tb0Mbql,25550,403,0,0.0,Qwen3-8B,2,random,random
R_2cuqFFL9Tb0Mbql,25613,404,0,0.0,Qwen3-8B,1,random,random
R_2cuqFFL9Tb0Mbql,25674,405,0,0.0,Qwen3-8B,2,random,random
R_2cuqFFL9Tb0Mbql,25736,406,0,0.0,Qwen3-8B,2,random,random
R_2cuqFFL9Tb0Mbql,25800,407,0,0.0,Qwen3-8B,2,random,random
R_2cuqFFL9Tb0Mbql,25863,408,0,0.0,Qwen3-8B,2,random,random
R_2cuqFFL9Tb0Mbql,25908,409,0,0.0,Qwen3-8B,3,random,random
R_2cuqFFL9Tb0Mbql,25962,410,0,0.0,Qwen3-8B,2,random,random
R_2cuqFFL9Tb0Mbql,26025,411,0,0.0,Qwen3-8B,1,random,random
R_2cuqFFL9Tb0Mbql,26088,412,3,1.0,Qwen3-8B,2,random,random
R_2cuqFFL9Tb0Mbql,26151,413,0,0.0,Qwen3-8B,3,random,random
R_2cuqFFL9Tb0Mbql,26212,414,0,0.0,Qwen3-8B,1,random,random
R_2cuqFFL9Tb0Mbql,26275,415,0,0.0,Qwen3-8B,1,random,random
R_2cuqFFL9Tb0Mbql,26337,416,0,0.0,Qwen3-8B,4,random,random
R_2cuqFFL9Tb0Mbql,26400,417,0,0.0,Qwen3-8B,1,random,random
R_2cuqFFL9Tb0Mbql,26463,418,0,0.0,Qwen3-8B,3,random,random
R_2cuqFFL9Tb0Mbql,26527,419,0,0.0,Qwen3-8B,2,random,random
R_2cuqFFL9Tb0Mbql,26589,420,0,0.0,Qwen3-8B,2,random,random
R_2cuqFFL9Tb0Mbql,26651,421,0,0.0,Qwen3-8B,2,random,random
R_2cuqFFL9Tb0Mbql,26712,422,0,0.0,Qwen3-8B,4,random,random
R_2cuqFFL9Tb0Mbql,26774,423,0,0.0,Qwen3-8B,4,random,random
R_2cuqFFL9Tb0Mbql,26837,424,0,0.0,Qwen3-8B,3,random,random
R_3kuqf1NoDbWJ6bQ,26420,418,4,1.0,Qwen3-8B,3,random,random
R_3kuqf1NoDbWJ6bQ,41188,663,1,0.0,Qwen3-8B,1,random,random
R_3kuqf1NoDbWJ6bQ,47317,756,2,1.0,Qwen3-8B,1,random,random
R_3kuqf1NoDbWJ6bQ,64397,1020,-1,,Qwen3-8B,1,random,random
R_3kuqf1NoDbWJ6bQ,81812,1535,0,0.0,Qwen3-8B,2,random,random
R_3kuqf1NoDbWJ6bQ,81836,1536,3,1.0,Qwen3-8B,3,social-group,LGB
R_3kuqf1NoDbWJ6bQ,81860,1537,1,0.0,Qwen3-8B,2,random,random
R_3kuqf1NoDbWJ6bQ,81884,1538,2,1.0,Qwen3-8B,2,social-group,muslim
R_3kuqf1NoDbWJ6bQ,81908,1539,-1,,Qwen3-8B,3,social-group,LGB
R_3kuqf1NoDbWJ6bQ,81932,1540,2,1.0,Qwen3-8B,4,social-group,jewish
R_3kuqf1NoDbWJ6bQ,81956,1541,4,1.0,Qwen3-8B,3,social-group,transgender
R_3kuqf1NoDbWJ6bQ,81980,1542,4,1.0,Qwen3-8B,4,social-group,LGB
R_3kuqf1NoDbWJ6bQ,82004,1543,3,1.0,Qwen3-8B,2,social-group,LGB
R_3kuqf1NoDbWJ6bQ,82028,1544,1,0.0,Qwen3-8B,4,social-group,christian
R_3kuqf1NoDbWJ6bQ,82052,1545,1,0.0,Qwen3-8B,4,social-group,LGB
R_3kuqf1NoDbWJ6bQ,82076,1546,4,1.0,Qwen3-8B,3,random,random
R_3kuqf1NoDbWJ6bQ,82100,1547,3,1.0,Qwen3-8B,1,moral,authority
R_3kuqf1NoDbWJ6bQ,82171,1548,3,1.0,Qwen3-8B,3,social-group,jewish
R_3kuqf1NoDbWJ6bQ,82195,1549,1,0.0,Qwen3-8B,5,social-group,jewish
R_3kuqf1NoDbWJ6bQ,82219,1550,1,0.0,Qwen3-8B,1,random,random
R_3kuqf1NoDbWJ6bQ,82243,1551,2,1.0,Qwen3-8B,1,moral,care
R_3kuqf1NoDbWJ6bQ,82267,1552,-1,,Qwen3-8B,2,social-group,christian
R_3kuqf1NoDbWJ6bQ,82291,1553,2,1.0,Qwen3-8B,3,social-group,christian
R_3kuqf1NoDbWJ6bQ,82315,1554,1,0.0,Qwen3-8B,4,social-group,christian
R_3kuqf1NoDbWJ6bQ,82339,1555,2,1.0,Qwen3-8B,3,social-group,jewish
R_3kuqf1NoDbWJ6bQ,82363,1556,2,1.0,Qwen3-8B,3,random,random
R_3kuqf1NoDbWJ6bQ,82387,1557,1,0.0,Qwen3-8B,2,social-group,LGB
R_3kuqf1NoDbWJ6bQ,82411,1558,1,0.0,Qwen3-8B,4,social-group,transgender
R_3kuqf1NoDbWJ6bQ,82435,1559,2,1.0,Qwen3-8B,1,moral,loyalty
R_3kuqf1NoDbWJ6bQ,82459,1560,-1,,Qwen3-8B,1,social-group,LGB
R_3kuqf1NoDbWJ6bQ,82483,1561,1,0.0,Qwen3-8B,3,social-group,christian
R_3kuqf1NoDbWJ6bQ,82507,1562,1,0.0,Qwen3-8B,3,social-group,LGB
R_3kuqf1NoDbWJ6bQ,82531,1563,1,0.0,Qwen3-8B,4,social-group,christian
R_3kuqf1NoDbWJ6bQ,82555,1564,0,0.0,Qwen3-8B,1,random,random
R_3kuqf1NoDbWJ6bQ,82579,1565,2,1.0,Qwen3-8B,2,moral,loyalty
R_ALiYNDUMCI5bIEF,26422,418,4,1.0,Qwen3-8B,3,random,random
R_ALiYNDUMCI5bIEF,41190,663,0,0.0,Qwen3-8B,1,random,random
R_ALiYNDUMCI5bIEF,47319,756,0,0.0,Qwen3-8B,1,random,random
R_ALiYNDUMCI5bIEF,64399,1020,0,0.0,Qwen3-8B,1,random,random
R_ALiYNDUMCI5bIEF,81814,1535,0,0.0,Qwen3-8B,2,random,random
R_ALiYNDUMCI5bIEF,81838,1536,4,1.0,Qwen3-8B,3,social-group,LGB
R_ALiYNDUMCI5bIEF,81862,1537,4,1.0,Qwen3-8B,2,random,random
R_ALiYNDUMCI5bIEF,81886,1538,4,1.0,Qwen3-8B,2,social-group,muslim
R_ALiYNDUMCI5bIEF,81910,1539,4,1.0,Qwen3-8B,3,social-group,LGB
R_ALiYNDUMCI5bIEF,81934,1540,4,1.0,Qwen3-8B,4,social-group,jewish
R_ALiYNDUMCI5bIEF,81958,1541,4,1.0,Qwen3-8B,3,social-group,transgender
R_ALiYNDUMCI5bIEF,81982,1542,4,1.0,Qwen3-8B,4,social-group,LGB
R_ALiYNDUMCI5bIEF,82006,1543,4,1.0,Qwen3-8B,2,social-group,LGB
R_ALiYNDUMCI5bIEF,82030,1544,3,1.0,Qwen3-8B,4,social-group,christian
R_ALiYNDUMCI5bIEF,82054,1545,4,1.0,Qwen3-8B,4,social-group,LGB
R_ALiYNDUMCI5bIEF,82078,1546,4,1.0,Qwen3-8B,3,random,random
R_ALiYNDUMCI5bIEF,82105,1547,0,0.0,Qwen3-8B,1,moral,authority
R_ALiYNDUMCI5bIEF,82173,1548,4,1.0,Qwen3-8B,3,social-group,jewish
R_ALiYNDUMCI5bIEF,82197,1549,4,1.0,Qwen3-8B,5,social-group,jewish
R_ALiYNDUMCI5bIEF,82221,1550,0,0.0,Qwen3-8B,1,random,random
R_ALiYNDUMCI5bIEF,82245,1551,0,0.0,Qwen3-8B,1,moral,care
R_ALiYNDUMCI5bIEF,82269,1552,4,1.0,Qwen3-8B,2,social-group,christian
R_ALiYNDUMCI5bIEF,82293,1553,4,1.0,Qwen3-8B,3,social-group,christian
R_ALiYNDUMCI5bIEF,82317,1554,3,1.0,Qwen3-8B,4,social-group,christian
R_ALiYNDUMCI5bIEF,82341,1555,4,1.0,Qwen3-8B,3,social-group,jewish
R_ALiYNDUMCI5bIEF,82365,1556,4,1.0,Qwen3-8B,3,random,random
R_ALiYNDUMCI5bIEF,82389,1557,4,1.0,Qwen3-8B,2,social-group,LGB
R_ALiYNDUMCI5bIEF,82413,1558,0,0.0,Qwen3-8B,4,social-group,transgender
R_ALiYNDUMCI5bIEF,82437,1559,0,0.0,Qwen3-8B,1,moral,loyalty
R_ALiYNDUMCI5bIEF,82461,1560,4,1.0,Qwen3-8B,1,social-group,LGB
R_ALiYNDUMCI5bIEF,82485,1561,3,1.0,Qwen3-8B,3,social-group,christian
R_ALiYNDUMCI5bIEF,82509,1562,3,1.0,Qwen3-8B,3,social-group,LGB
R_ALiYNDUMCI5bIEF,82533,1563,4,1.0,Qwen3-8B,4,social-group,christian
R_ALiYNDUMCI5bIEF,82557,1564,4,1.0,Qwen3-8B,1,random,random
R_ALiYNDUMCI5bIEF,82581,1565,0,0.0,Qwen3-8B,2,moral,loyalty
R_2aK0hbANc1J9yl8,26458,418,0,0.0,Qwen3-8B,3,random,random
R_2aK0hbANc1J9yl8,41227,663,0,0.0,Qwen3-8B,1,random,random
R_2aK0hbANc1J9yl8,47371,756,0,0.0,Qwen3-8B,1,random,random
R_2aK0hbANc1J9yl8,64447,1020,0,0.0,Qwen3-8B,1,random,random
R_2aK0hbANc1J9yl8,81829,1535,0,0.0,Qwen3-8B,2,random,random
R_2aK0hbANc1J9yl8,81853,1536,0,0.0,Qwen3-8B,3,social-group,LGB
R_2aK0hbANc1J9yl8,81877,1537,0,0.0,Qwen3-8B,2,random,random
R_2aK0hbANc1J9yl8,81901,1538,0,0.0,Qwen3-8B,2,social-group,muslim
R_2aK0hbANc1J9yl8,81925,1539,0,0.0,Qwen3-8B,3,social-group,LGB
R_2aK0hbANc1J9yl8,81949,1540,0,0.0,Qwen3-8B,4,social-group,jewish
R_2aK0hbANc1J9yl8,81973,1541,0,0.0,Qwen3-8B,3,social-group,transgender
R_2aK0hbANc1J9yl8,81997,1542,0,0.0,Qwen3-8B,4,social-group,LGB
R_2aK0hbANc1J9yl8,82021,1543,0,0.0,Qwen3-8B,2,social-group,LGB
R_2aK0hbANc1J9yl8,82045,1544,0,0.0,Qwen3-8B,4,social-group,christian
R_2aK0hbANc1J9yl8,82069,1545,0,0.0,Qwen3-8B,4,social-group,LGB
R_2aK0hbANc1J9yl8,82093,1546,0,0.0,Qwen3-8B,3,random,random
R_2aK0hbANc1J9yl8,82149,1547,0,0.0,Qwen3-8B,1,moral,authority
R_2aK0hbANc1J9yl8,82188,1548,0,0.0,Qwen3-8B,3,social-group,jewish
R_2aK0hbANc1J9yl8,82212,1549,0,0.0,Qwen3-8B,5,social-group,jewish
R_2aK0hbANc1J9yl8,82236,1550,0,0.0,Qwen3-8B,1,random,random
R_2aK0hbANc1J9yl8,82260,1551,0,0.0,Qwen3-8B,1,moral,care
R_2aK0hbANc1J9yl8,82284,1552,0,0.0,Qwen3-8B,2,social-group,christian
R_2aK0hbANc1J9yl8,82308,1553,0,0.0,Qwen3-8B,3,social-group,christian
R_2aK0hbANc1J9yl8,82332,1554,0,0.0,Qwen3-8B,4,social-group,christian
R_2aK0hbANc1J9yl8,82356,1555,0,0.0,Qwen3-8B,3,social-group,jewish
R_2aK0hbANc1J9yl8,82380,1556,0,0.0,Qwen3-8B,3,random,random
R_2aK0hbANc1J9yl8,82404,1557,0,0.0,Qwen3-8B,2,social-group,LGB
R_2aK0hbANc1J9yl8,82428,1558,0,0.0,Qwen3-8B,4,social-group,transgender
R_2aK0hbANc1J9yl8,82452,1559,0,0.0,Qwen3-8B,1,moral,loyalty
R_2aK0hbANc1J9yl8,82476,1560,0,0.0,Qwen3-8B,1,social-group,LGB
R_2aK0hbANc1J9yl8,82500,1561,0,0.0,Qwen3-8B,3,social-group,christian
R_2aK0hbANc1J9yl8,82524,1562,0,0.0,Qwen3-8B,3,social-group,LGB
R_2aK0hbANc1J9yl8,82548,1563,0,0.0,Qwen3-8B,4,social-group,christian
R_2aK0hbANc1J9yl8,82572,1564,0,0.0,Qwen3-8B,1,random,random
R_2aK0hbANc1J9yl8,82596,1565,0,0.0,Qwen3-8B,2,moral,loyalty
R_1n6YuTG7nt8h4pu,26857,425,1,0.0,Qwen3-8B,1,random,random
R_1n6YuTG7nt8h4pu,26909,426,2,1.0,Qwen3-8B,1,random,random
R_1n6YuTG7nt8h4pu,26959,427,1,0.0,Qwen3-8B,1,random,random
R_1n6YuTG7nt8h4pu,27010,428,2,1.0,Qwen3-8B,3,random,random
R_1n6YuTG7nt8h4pu,27064,429,1,0.0,Qwen3-8B,1,random,random
R_1n6YuTG7nt8h4pu,27117,430,1,0.0,Qwen3-8B,1,random,random
R_1n6YuTG7nt8h4pu,27170,431,2,1.0,Qwen3-8B,3,random,random
R_1n6YuTG7nt8h4pu,27222,432,2,1.0,Qwen3-8B,2,random,random
R_1n6YuTG7nt8h4pu,27272,433,1,0.0,Qwen3-8B,2,random,random
R_1n6YuTG7nt8h4pu,27324,434,3,1.0,Qwen3-8B,3,random,random
R_1n6YuTG7nt8h4pu,27374,435,2,1.0,Qwen3-8B,1,random,random
R_1n6YuTG7nt8h4pu,27425,436,1,0.0,Qwen3-8B,1,random,random
R_1n6YuTG7nt8h4pu,27478,437,2,1.0,Qwen3-8B,3,random,random
R_1n6YuTG7nt8h4pu,27531,438,2,1.0,Qwen3-8B,3,random,random
R_1n6YuTG7nt8h4pu,27578,439,1,0.0,Qwen3-8B,2,random,random
R_1n6YuTG7nt8h4pu,27631,440,3,1.0,Qwen3-8B,2,random,random
R_1n6YuTG7nt8h4pu,27683,441,2,1.0,Qwen3-8B,3,random,random
R_1n6YuTG7nt8h4pu,27734,442,3,1.0,Qwen3-8B,3,random,random
R_1n6YuTG7nt8h4pu,27785,443,1,0.0,Qwen3-8B,3,random,random
R_1n6YuTG7nt8h4pu,27836,444,2,1.0,Qwen3-8B,3,random,random
R_1n6YuTG7nt8h4pu,27888,445,2,1.0,Qwen3-8B,3,random,random
R_1n6YuTG7nt8h4pu,27938,446,2,1.0,Qwen3-8B,2,random,random
R_1n6YuTG7nt8h4pu,27991,447,3,1.0,Qwen3-8B,1,random,random
R_1n6YuTG7nt8h4pu,28043,448,2,1.0,Qwen3-8B,1,random,random
R_1n6YuTG7nt8h4pu,28097,449,1,0.0,Qwen3-8B,1,random,random
R_1n6YuTG7nt8h4pu,28150,450,2,1.0,Qwen3-8B,3,random,random
R_1n6YuTG7nt8h4pu,28202,451,1,0.0,Qwen3-8B,1,random,random
R_1n6YuTG7nt8h4pu,28255,452,2,1.0,Qwen3-8B,2,random,random
R_1n6YuTG7nt8h4pu,28305,453,1,0.0,Qwen3-8B,3,random,random
R_1n6YuTG7nt8h4pu,28356,454,1,0.0,Qwen3-8B,2,random,random
R_1n6YuTG7nt8h4pu,28407,455,0,0.0,Qwen3-8B,3,random,random
R_1n6YuTG7nt8h4pu,28459,456,2,1.0,Qwen3-8B,1,random,random
R_1n6YuTG7nt8h4pu,28512,457,1,0.0,Qwen3-8B,3,random,random
R_1n6YuTG7nt8h4pu,28566,458,3,1.0,Qwen3-8B,2,random,random
R_1n6YuTG7nt8h4pu,28618,459,1,0.0,Qwen3-8B,1,random,random
R_1pSsiQVXYiq7kKa,26862,425,0,0.0,Qwen3-8B,1,random,random
R_1pSsiQVXYiq7kKa,26915,426,3,1.0,Qwen3-8B,1,random,random
R_1pSsiQVXYiq7kKa,26965,427,0,0.0,Qwen3-8B,1,random,random
R_1pSsiQVXYiq7kKa,27017,428,0,0.0,Qwen3-8B,3,random,random
R_1pSsiQVXYiq7kKa,27070,429,0,0.0,Qwen3-8B,1,random,random
R_1pSsiQVXYiq7kKa,27124,430,0,0.0,Qwen3-8B,1,random,random
R_1pSsiQVXYiq7kKa,27176,431,3,1.0,Qwen3-8B,3,random,random
R_1pSsiQVXYiq7kKa,27228,432,0,0.0,Qwen3-8B,2,random,random
R_1pSsiQVXYiq7kKa,27278,433,0,0.0,Qwen3-8B,2,random,random
R_1pSsiQVXYiq7kKa,27330,434,0,0.0,Qwen3-8B,3,random,random
R_1pSsiQVXYiq7kKa,27380,435,3,1.0,Qwen3-8B,1,random,random
R_1pSsiQVXYiq7kKa,27431,436,0,0.0,Qwen3-8B,1,random,random
R_1pSsiQVXYiq7kKa,27485,437,3,1.0,Qwen3-8B,3,random,random
R_1pSsiQVXYiq7kKa,27535,438,3,1.0,Qwen3-8B,3,random,random
R_1pSsiQVXYiq7kKa,27584,439,0,0.0,Qwen3-8B,2,random,random
R_1pSsiQVXYiq7kKa,27636,440,0,0.0,Qwen3-8B,2,random,random
R_1pSsiQVXYiq7kKa,27689,441,0,0.0,Qwen3-8B,3,random,random
R_1pSsiQVXYiq7kKa,27739,442,0,0.0,Qwen3-8B,3,random,random
R_1pSsiQVXYiq7kKa,27791,443,3,1.0,Qwen3-8B,3,random,random
R_1pSsiQVXYiq7kKa,27842,444,0,0.0,Qwen3-8B,3,random,random
R_1pSsiQVXYiq7kKa,27894,445,0,0.0,Qwen3-8B,3,random,random
R_1pSsiQVXYiq7kKa,27944,446,0,0.0,Qwen3-8B,2,random,random
R_1pSsiQVXYiq7kKa,27997,447,0,0.0,Qwen3-8B,1,random,random
R_1pSsiQVXYiq7kKa,28049,448,0,0.0,Qwen3-8B,1,random,random
R_1pSsiQVXYiq7kKa,28103,449,3,1.0,Qwen3-8B,1,random,random
R_1pSsiQVXYiq7kKa,28157,450,3,1.0,Qwen3-8B,3,random,random
R_1pSsiQVXYiq7kKa,28208,451,0,0.0,Qwen3-8B,1,random,random
R_1pSsiQVXYiq7kKa,28261,452,3,1.0,Qwen3-8B,2,random,random
R_1pSsiQVXYiq7kKa,28312,453,0,0.0,Qwen3-8B,3,random,random
R_1pSsiQVXYiq7kKa,28361,454,3,1.0,Qwen3-8B,2,random,random
R_1pSsiQVXYiq7kKa,28412,455,0,0.0,Qwen3-8B,3,random,random
R_1pSsiQVXYiq7kKa,28465,456,3,1.0,Qwen3-8B,1,random,random
R_1pSsiQVXYiq7kKa,28519,457,3,1.0,Qwen3-8B,3,random,random
R_1pSsiQVXYiq7kKa,28572,458,3,1.0,Qwen3-8B,2,random,random
R_1pSsiQVXYiq7kKa,28623,459,0,0.0,Qwen3-8B,1,random,random
R_1ILZ2gofm1LpXOL,26892,425,0,0.0,Qwen3-8B,1,random,random
R_1ILZ2gofm1LpXOL,26943,426,-1,,Qwen3-8B,1,random,random
R_1ILZ2gofm1LpXOL,26994,427,0,0.0,Qwen3-8B,1,random,random
R_1ILZ2gofm1LpXOL,27048,428,1,0.0,Qwen3-8B,3,random,random
R_1ILZ2gofm1LpXOL,27101,429,0,0.0,Qwen3-8B,1,random,random
R_1ILZ2gofm1LpXOL,27153,430,0,0.0,Qwen3-8B,1,random,random
R_1ILZ2gofm1LpXOL,27207,431,2,1.0,Qwen3-8B,3,random,random
R_1ILZ2gofm1LpXOL,27257,432,1,0.0,Qwen3-8B,2,random,random
R_1ILZ2gofm1LpXOL,27308,433,1,0.0,Qwen3-8B,2,random,random
R_1ILZ2gofm1LpXOL,27360,434,1,0.0,Qwen3-8B,3,random,random
R_1ILZ2gofm1LpXOL,27409,435,0,0.0,Qwen3-8B,1,random,random
R_1ILZ2gofm1LpXOL,27462,436,-1,,Qwen3-8B,1,random,random
R_1ILZ2gofm1LpXOL,27516,437,0,0.0,Qwen3-8B,3,random,random
R_1ILZ2gofm1LpXOL,27562,438,1,0.0,Qwen3-8B,3,random,random
R_1ILZ2gofm1LpXOL,27615,439,0,0.0,Qwen3-8B,2,random,random
R_1ILZ2gofm1LpXOL,27667,440,1,0.0,Qwen3-8B,2,random,random
R_1ILZ2gofm1LpXOL,27718,441,0,0.0,Qwen3-8B,3,random,random
R_1ILZ2gofm1LpXOL,27770,442,0,0.0,Qwen3-8B,3,random,random
R_1ILZ2gofm1LpXOL,27820,443,1,0.0,Qwen3-8B,3,random,random
R_1ILZ2gofm1LpXOL,27872,444,-1,,Qwen3-8B,3,random,random
R_1ILZ2gofm1LpXOL,27922,445,0,0.0,Qwen3-8B,3,random,random
R_1ILZ2gofm1LpXOL,27975,446,0,0.0,Qwen3-8B,2,random,random
R_1ILZ2gofm1LpXOL,28027,447,0,0.0,Qwen3-8B,1,random,random
R_1ILZ2gofm1LpXOL,28080,448,1,0.0,Qwen3-8B,1,random,random
R_1ILZ2gofm1LpXOL,28134,449,0,0.0,Qwen3-8B,1,random,random
R_1ILZ2gofm1LpXOL,28187,450,1,0.0,Qwen3-8B,3,random,random
R_1ILZ2gofm1LpXOL,28239,451,0,0.0,Qwen3-8B,1,random,random
R_1ILZ2gofm1LpXOL,28289,452,1,0.0,Qwen3-8B,2,random,random
R_1ILZ2gofm1LpXOL,28342,453,-1,,Qwen3-8B,3,random,random
R_1ILZ2gofm1LpXOL,28391,454,1,0.0,Qwen3-8B,2,random,random
R_1ILZ2gofm1LpXOL,28443,455,1,0.0,Qwen3-8B,3,random,random
R_1ILZ2gofm1LpXOL,28496,456,1,0.0,Qwen3-8B,1,random,random
R_1ILZ2gofm1LpXOL,28550,457,1,0.0,Qwen3-8B,3,random,random
R_1ILZ2gofm1LpXOL,28602,458,1,0.0,Qwen3-8B,2,random,random
R_1ILZ2gofm1LpXOL,28655,459,0,0.0,Qwen3-8B,1,random,random
R_2z5D4AQbnB6EJxV,28665,460,1,0.0,Qwen3-8B,3,random,random
R_2z5D4AQbnB6EJxV,28728,461,0,0.0,Qwen3-8B,1,random,random
R_2z5D4AQbnB6EJxV,28792,462,0,0.0,Qwen3-8B,3,random,random
R_2z5D4AQbnB6EJxV,28853,463,2,1.0,Qwen3-8B,1,random,random
R_2z5D4AQbnB6EJxV,28916,464,1,0.0,Qwen3-8B,3,random,random
R_2z5D4AQbnB6EJxV,28980,465,0,0.0,Qwen3-8B,1,random,random
R_2z5D4AQbnB6EJxV,29043,466,1,0.0,Qwen3-8B,3,random,random
R_2z5D4AQbnB6EJxV,29108,467,1,0.0,Qwen3-8B,2,random,random
R_2z5D4AQbnB6EJxV,29169,468,3,1.0,Qwen3-8B,4,random,random
R_2z5D4AQbnB6EJxV,29234,469,0,0.0,Qwen3-8B,4,random,random
R_2z5D4AQbnB6EJxV,29297,470,0,0.0,Qwen3-8B,3,random,random
R_2z5D4AQbnB6EJxV,29363,471,1,0.0,Qwen3-8B,3,random,random
R_2z5D4AQbnB6EJxV,29427,472,-1,,Qwen3-8B,3,random,random
R_2z5D4AQbnB6EJxV,29492,473,1,0.0,Qwen3-8B,1,random,random
R_2z5D4AQbnB6EJxV,29556,474,1,0.0,Qwen3-8B,1,random,random
R_2z5D4AQbnB6EJxV,29620,475,1,0.0,Qwen3-8B,4,random,random
R_2z5D4AQbnB6EJxV,29683,476,1,0.0,Qwen3-8B,2,random,random
R_2z5D4AQbnB6EJxV,29749,477,1,0.0,Qwen3-8B,1,random,random
R_2z5D4AQbnB6EJxV,29813,478,2,1.0,Qwen3-8B,2,random,random
R_2z5D4AQbnB6EJxV,29878,479,1,0.0,Qwen3-8B,3,random,random
R_2z5D4AQbnB6EJxV,29943,480,0,0.0,Qwen3-8B,1,random,random
R_2z5D4AQbnB6EJxV,30007,481,0,0.0,Qwen3-8B,1,random,random
R_2z5D4AQbnB6EJxV,30071,482,-1,,Qwen3-8B,4,random,random
R_2z5D4AQbnB6EJxV,30071,482,-1,,Qwen3-8B,4,moral,care
R_2z5D4AQbnB6EJxV,30071,482,-1,,Qwen3-8B,4,random,random
R_2z5D4AQbnB6EJxV,30071,482,-1,,Qwen3-8B,4,moral,care
R_2z5D4AQbnB6EJxV,30243,483,1,0.0,Qwen3-8B,1,random,random
R_2z5D4AQbnB6EJxV,30307,484,-1,,Qwen3-8B,2,random,random
R_2z5D4AQbnB6EJxV,30370,485,2,1.0,Qwen3-8B,3,random,random
R_2z5D4AQbnB6EJxV,30434,486,2,1.0,Qwen3-8B,3,random,random
R_2z5D4AQbnB6EJxV,30498,487,4,1.0,Qwen3-8B,4,random,random
R_2z5D4AQbnB6EJxV,30563,488,0,0.0,Qwen3-8B,3,random,random
R_2z5D4AQbnB6EJxV,30626,489,0,0.0,Qwen3-8B,2,random,random
R_2z5D4AQbnB6EJxV,30688,490,0,0.0,Qwen3-8B,1,random,random
R_2z5D4AQbnB6EJxV,30751,491,0,0.0,Qwen3-8B,1,random,random
R_2z5D4AQbnB6EJxV,30816,492,1,0.0,Qwen3-8B,3,random,random
R_2z5D4AQbnB6EJxV,30877,493,-1,,Qwen3-8B,2,random,random
R_2z5D4AQbnB6EJxV,30941,494,1,0.0,Qwen3-8B,3,random,random
R_2EmhTzUdYlCE1m8,28688,460,0,0.0,Qwen3-8B,3,random,random
R_2EmhTzUdYlCE1m8,28752,461,0,0.0,Qwen3-8B,1,random,random
R_2EmhTzUdYlCE1m8,28812,462,0,0.0,Qwen3-8B,3,random,random
R_2EmhTzUdYlCE1m8,28878,463,0,0.0,Qwen3-8B,1,random,random
R_2EmhTzUdYlCE1m8,28940,464,0,0.0,Qwen3-8B,3,random,random
R_2EmhTzUdYlCE1m8,29003,465,0,0.0,Qwen3-8B,1,random,random
R_2EmhTzUdYlCE1m8,29067,466,0,0.0,Qwen3-8B,3,random,random
R_2EmhTzUdYlCE1m8,29129,467,0,0.0,Qwen3-8B,2,random,random
R_2EmhTzUdYlCE1m8,29193,468,0,0.0,Qwen3-8B,4,random,random
R_2EmhTzUdYlCE1m8,29258,469,0,0.0,Qwen3-8B,4,random,random
R_2EmhTzUdYlCE1m8,29322,470,0,0.0,Qwen3-8B,3,random,random
R_2EmhTzUdYlCE1m8,29386,471,0,0.0,Qwen3-8B,3,random,random
R_2EmhTzUdYlCE1m8,29451,472,0,0.0,Qwen3-8B,3,random,random
R_2EmhTzUdYlCE1m8,29516,473,0,0.0,Qwen3-8B,1,random,random
R_2EmhTzUdYlCE1m8,29580,474,0,0.0,Qwen3-8B,1,random,random
R_2EmhTzUdYlCE1m8,29643,475,0,0.0,Qwen3-8B,4,random,random
R_2EmhTzUdYlCE1m8,29708,476,0,0.0,Qwen3-8B,2,random,random
R_2EmhTzUdYlCE1m8,29773,477,0,0.0,Qwen3-8B,1,random,random
R_2EmhTzUdYlCE1m8,29837,478,0,0.0,Qwen3-8B,2,random,random
R_2EmhTzUdYlCE1m8,29902,479,0,0.0,Qwen3-8B,3,random,random
R_2EmhTzUdYlCE1m8,29967,480,0,0.0,Qwen3-8B,1,random,random
R_2EmhTzUdYlCE1m8,30030,481,0,0.0,Qwen3-8B,1,random,random
R_2EmhTzUdYlCE1m8,30137,482,0,0.0,Qwen3-8B,4,random,random
R_2EmhTzUdYlCE1m8,30137,482,0,0.0,Qwen3-8B,4,moral,care
R_2EmhTzUdYlCE1m8,30137,482,0,0.0,Qwen3-8B,4,random,random
R_2EmhTzUdYlCE1m8,30137,482,0,0.0,Qwen3-8B,4,moral,care
R_2EmhTzUdYlCE1m8,30267,483,0,0.0,Qwen3-8B,1,random,random
R_2EmhTzUdYlCE1m8,30331,484,0,0.0,Qwen3-8B,2,random,random
R_2EmhTzUdYlCE1m8,30393,485,0,0.0,Qwen3-8B,3,random,random
R_2EmhTzUdYlCE1m8,30458,486,0,0.0,Qwen3-8B,3,random,random
R_2EmhTzUdYlCE1m8,30521,487,0,0.0,Qwen3-8B,4,random,random
R_2EmhTzUdYlCE1m8,30585,488,0,0.0,Qwen3-8B,3,random,random
R_2EmhTzUdYlCE1m8,30650,489,0,0.0,Qwen3-8B,2,random,random
R_2EmhTzUdYlCE1m8,30712,490,0,0.0,Qwen3-8B,1,random,random
R_2EmhTzUdYlCE1m8,30775,491,0,0.0,Qwen3-8B,1,random,random
R_2EmhTzUdYlCE1m8,30836,492,0,0.0,Qwen3-8B,3,random,random
R_2EmhTzUdYlCE1m8,30900,493,0,0.0,Qwen3-8B,2,random,random
R_2EmhTzUdYlCE1m8,30965,494,2,1.0,Qwen3-8B,3,random,random
R_1gLMigOEbtMGPzB,29245,469,2,1.0,Qwen3-8B,4,random,random
R_1gLMigOEbtMGPzB,35316,564,4,1.0,Qwen3-8B,2,random,random
R_1gLMigOEbtMGPzB,39036,627,4,1.0,Qwen3-8B,2,random,random
R_1gLMigOEbtMGPzB,39572,636,0,0.0,Qwen3-8B,5,random,random
R_1gLMigOEbtMGPzB,44188,711,-1,,Qwen3-8B,1,random,random
R_1gLMigOEbtMGPzB,44188,711,-1,,Qwen3-8B,1,moral,fairness
R_1gLMigOEbtMGPzB,44188,711,-1,,Qwen3-8B,1,random,random
R_1gLMigOEbtMGPzB,44188,711,-1,,Qwen3-8B,1,moral,fairness
R_1gLMigOEbtMGPzB,45033,723,1,0.0,Qwen3-8B,2,random,random
R_1gLMigOEbtMGPzB,45033,723,1,0.0,Qwen3-8B,2,moral,fairness
R_1gLMigOEbtMGPzB,45033,723,1,0.0,Qwen3-8B,2,random,random
R_1gLMigOEbtMGPzB,45033,723,1,0.0,Qwen3-8B,2,moral,fairness
R_1gLMigOEbtMGPzB,49680,789,1,0.0,Qwen3-8B,2,random,random
R_1gLMigOEbtMGPzB,55105,870,1,0.0,Qwen3-8B,3,random,random
R_1gLMigOEbtMGPzB,55513,877,-1,,Qwen3-8B,1,random,random
R_1gLMigOEbtMGPzB,55570,878,4,1.0,Qwen3-8B,4,random,random
R_1gLMigOEbtMGPzB,66627,1054,4,1.0,Qwen3-8B,3,random,random
R_1gLMigOEbtMGPzB,140182,3993,1,0.0,Qwen3-8B,1,moral,loyalty
R_1gLMigOEbtMGPzB,140182,3993,1,0.0,Qwen3-8B,1,moral,purity
R_1gLMigOEbtMGPzB,140182,3993,1,0.0,Qwen3-8B,1,moral,loyalty
R_1gLMigOEbtMGPzB,140182,3993,1,0.0,Qwen3-8B,1,moral,purity
R_1gLMigOEbtMGPzB,146695,4272,0,0.0,Qwen3-8B,4,random,random
R_1gLMigOEbtMGPzB,146717,4273,-1,,Qwen3-8B,4,social-group,LGB
R_1gLMigOEbtMGPzB,146739,4274,3,1.0,Qwen3-8B,5,social-group,transgender
R_1gLMigOEbtMGPzB,146761,4275,1,0.0,Qwen3-8B,4,moral,loyalty
R_1gLMigOEbtMGPzB,146783,4276,-1,,Qwen3-8B,3,social-group,LGB
R_1gLMigOEbtMGPzB,146805,4277,-1,,Qwen3-8B,3,social-group,LGB
R_1gLMigOEbtMGPzB,146827,4278,2,1.0,Qwen3-8B,3,moral,authority
R_1gLMigOEbtMGPzB,146849,4279,0,0.0,Qwen3-8B,1,moral,care
R_1gLMigOEbtMGPzB,146871,4280,2,1.0,Qwen3-8B,2,random,random
R_1gLMigOEbtMGPzB,146893,4281,1,0.0,Qwen3-8B,1,random,random
R_1gLMigOEbtMGPzB,146915,4282,3,1.0,Qwen3-8B,3,social-group,LGB
R_1gLMigOEbtMGPzB,146937,4283,4,1.0,Qwen3-8B,3,social-group,christian
R_1gLMigOEbtMGPzB,146959,4284,4,1.0,Qwen3-8B,4,social-group,jewish
R_1gLMigOEbtMGPzB,146981,4285,0,0.0,Qwen3-8B,1,moral,authority
R_1gLMigOEbtMGPzB,147003,4286,1,0.0,Qwen3-8B,3,moral,authority
R_1gLMigOEbtMGPzB,147025,4287,0,0.0,Qwen3-8B,4,moral,fairness
R_1gLMigOEbtMGPzB,147047,4288,4,1.0,Qwen3-8B,4,social-group,transgender
R_1gLMigOEbtMGPzB,147069,4289,4,1.0,Qwen3-8B,3,social-group,LGB
R_1gLMigOEbtMGPzB,147091,4290,3,1.0,Qwen3-8B,5,social-group,christian
R_1gLMigOEbtMGPzB,147113,4291,-1,,Qwen3-8B,4,social-group,jewish
R_1gLMigOEbtMGPzB,147135,4292,0,0.0,Qwen3-8B,1,social-group,transgender
R_1gLMigOEbtMGPzB,147157,4293,-1,,Qwen3-8B,5,social-group,LGB
R_1gLMigOEbtMGPzB,147179,4294,3,1.0,Qwen3-8B,4,social-group,muslim
R_2rxBYyGXNSgXONY,29253,469,4,1.0,Qwen3-8B,4,random,random
R_2rxBYyGXNSgXONY,35321,564,4,1.0,Qwen3-8B,2,random,random
R_2rxBYyGXNSgXONY,39045,627,2,1.0,Qwen3-8B,2,random,random
R_2rxBYyGXNSgXONY,39579,636,4,1.0,Qwen3-8B,5,random,random
R_2rxBYyGXNSgXONY,44208,711,3,1.0,Qwen3-8B,1,random,random
R_2rxBYyGXNSgXONY,44208,711,3,1.0,Qwen3-8B,1,moral,fairness
R_2rxBYyGXNSgXONY,44208,711,3,1.0,Qwen3-8B,1,random,random
R_2rxBYyGXNSgXONY,44208,711,3,1.0,Qwen3-8B,1,moral,fairness
R_2rxBYyGXNSgXONY,45053,723,0,0.0,Qwen3-8B,2,random,random
R_2rxBYyGXNSgXONY,45053,723,0,0.0,Qwen3-8B,2,moral,fairness
R_2rxBYyGXNSgXONY,45053,723,0,0.0,Qwen3-8B,2,random,random
R_2rxBYyGXNSgXONY,45053,723,0,0.0,Qwen3-8B,2,moral,fairness
R_2rxBYyGXNSgXONY,49687,789,2,1.0,Qwen3-8B,2,random,random
R_2rxBYyGXNSgXONY,55121,870,0,0.0,Qwen3-8B,3,random,random
R_2rxBYyGXNSgXONY,55529,877,0,0.0,Qwen3-8B,1,random,random
R_2rxBYyGXNSgXONY,55586,878,2,1.0,Qwen3-8B,4,random,random
R_2rxBYyGXNSgXONY,66640,1054,3,1.0,Qwen3-8B,3,random,random
R_2rxBYyGXNSgXONY,140190,3993,0,0.0,Qwen3-8B,1,moral,loyalty
R_2rxBYyGXNSgXONY,140190,3993,0,0.0,Qwen3-8B,1,moral,purity
R_2rxBYyGXNSgXONY,140190,3993,0,0.0,Qwen3-8B,1,moral,loyalty
R_2rxBYyGXNSgXONY,140190,3993,0,0.0,Qwen3-8B,1,moral,purity
R_2rxBYyGXNSgXONY,146698,4272,0,0.0,Qwen3-8B,4,random,random
R_2rxBYyGXNSgXONY,146720,4273,1,0.0,Qwen3-8B,4,social-group,LGB
R_2rxBYyGXNSgXONY,146742,4274,0,0.0,Qwen3-8B,5,social-group,transgender
R_2rxBYyGXNSgXONY,146764,4275,1,0.0,Qwen3-8B,4,moral,loyalty
R_2rxBYyGXNSgXONY,146786,4276,4,1.0,Qwen3-8B,3,social-group,LGB
R_2rxBYyGXNSgXONY,146808,4277,2,1.0,Qwen3-8B,3,social-group,LGB
R_2rxBYyGXNSgXONY,146830,4278,3,1.0,Qwen3-8B,3,moral,authority
R_2rxBYyGXNSgXONY,146852,4279,0,0.0,Qwen3-8B,1,moral,care
R_2rxBYyGXNSgXONY,146874,4280,4,1.0,Qwen3-8B,2,random,random
R_2rxBYyGXNSgXONY,146896,4281,2,1.0,Qwen3-8B,1,random,random
R_2rxBYyGXNSgXONY,146918,4282,3,1.0,Qwen3-8B,3,social-group,LGB
R_2rxBYyGXNSgXONY,146940,4283,4,1.0,Qwen3-8B,3,social-group,christian
R_2rxBYyGXNSgXONY,146962,4284,3,1.0,Qwen3-8B,4,social-group,jewish
R_2rxBYyGXNSgXONY,146984,4285,1,0.0,Qwen3-8B,1,moral,authority
R_2rxBYyGXNSgXONY,147006,4286,1,0.0,Qwen3-8B,3,moral,authority
R_2rxBYyGXNSgXONY,147028,4287,3,1.0,Qwen3-8B,4,moral,fairness
R_2rxBYyGXNSgXONY,147050,4288,4,1.0,Qwen3-8B,4,social-group,transgender
R_2rxBYyGXNSgXONY,147072,4289,4,1.0,Qwen3-8B,3,social-group,LGB
R_2rxBYyGXNSgXONY,147094,4290,4,1.0,Qwen3-8B,5,social-group,christian
R_2rxBYyGXNSgXONY,147116,4291,4,1.0,Qwen3-8B,4,social-group,jewish
R_2rxBYyGXNSgXONY,147138,4292,3,1.0,Qwen3-8B,1,social-group,transgender
R_2rxBYyGXNSgXONY,147160,4293,4,1.0,Qwen3-8B,5,social-group,LGB
R_2rxBYyGXNSgXONY,147182,4294,3,1.0,Qwen3-8B,4,social-group,muslim
R_2ePgJNMrCBlFuA6,29279,469,0,0.0,Qwen3-8B,4,random,random
R_2ePgJNMrCBlFuA6,35345,564,0,0.0,Qwen3-8B,2,random,random
R_2ePgJNMrCBlFuA6,39065,627,0,0.0,Qwen3-8B,2,random,random
R_2ePgJNMrCBlFuA6,39602,636,0,0.0,Qwen3-8B,5,random,random
R_2ePgJNMrCBlFuA6,44280,711,0,0.0,Qwen3-8B,1,random,random
R_2ePgJNMrCBlFuA6,44280,711,0,0.0,Qwen3-8B,1,moral,fairness
R_2ePgJNMrCBlFuA6,44280,711,0,0.0,Qwen3-8B,1,random,random
R_2ePgJNMrCBlFuA6,44280,711,0,0.0,Qwen3-8B,1,moral,fairness
R_2ePgJNMrCBlFuA6,45125,723,0,0.0,Qwen3-8B,2,random,random
R_2ePgJNMrCBlFuA6,45125,723,0,0.0,Qwen3-8B,2,moral,fairness
R_2ePgJNMrCBlFuA6,45125,723,0,0.0,Qwen3-8B,2,random,random
R_2ePgJNMrCBlFuA6,45125,723,0,0.0,Qwen3-8B,2,moral,fairness
R_2ePgJNMrCBlFuA6,49710,789,0,0.0,Qwen3-8B,2,random,random
R_2ePgJNMrCBlFuA6,55140,870,0,0.0,Qwen3-8B,3,random,random
R_2ePgJNMrCBlFuA6,55548,877,0,0.0,Qwen3-8B,1,random,random
R_2ePgJNMrCBlFuA6,55605,878,0,0.0,Qwen3-8B,4,random,random
R_2ePgJNMrCBlFuA6,66660,1054,0,0.0,Qwen3-8B,3,random,random
R_2ePgJNMrCBlFuA6,140220,3993,0,0.0,Qwen3-8B,1,moral,loyalty
R_2ePgJNMrCBlFuA6,140220,3993,0,0.0,Qwen3-8B,1,moral,purity
R_2ePgJNMrCBlFuA6,140220,3993,0,0.0,Qwen3-8B,1,moral,loyalty
R_2ePgJNMrCBlFuA6,140220,3993,0,0.0,Qwen3-8B,1,moral,purity
R_2ePgJNMrCBlFuA6,146706,4272,0,0.0,Qwen3-8B,4,random,random
R_2ePgJNMrCBlFuA6,146728,4273,0,0.0,Qwen3-8B,4,social-group,LGB
R_2ePgJNMrCBlFuA6,146750,4274,0,0.0,Qwen3-8B,5,social-group,transgender
R_2ePgJNMrCBlFuA6,146772,4275,0,0.0,Qwen3-8B,4,moral,loyalty
R_2ePgJNMrCBlFuA6,146794,4276,0,0.0,Qwen3-8B,3,social-group,LGB
R_2ePgJNMrCBlFuA6,146816,4277,0,0.0,Qwen3-8B,3,social-group,LGB
R_2ePgJNMrCBlFuA6,146838,4278,0,0.0,Qwen3-8B,3,moral,authority
R_2ePgJNMrCBlFuA6,146860,4279,0,0.0,Qwen3-8B,1,moral,care
R_2ePgJNMrCBlFuA6,146882,4280,0,0.0,Qwen3-8B,2,random,random
R_2ePgJNMrCBlFuA6,146904,4281,0,0.0,Qwen3-8B,1,random,random
R_2ePgJNMrCBlFuA6,146926,4282,0,0.0,Qwen3-8B,3,social-group,LGB
R_2ePgJNMrCBlFuA6,146948,4283,0,0.0,Qwen3-8B,3,social-group,christian
R_2ePgJNMrCBlFuA6,146970,4284,0,0.0,Qwen3-8B,4,social-group,jewish
R_2ePgJNMrCBlFuA6,146992,4285,0,0.0,Qwen3-8B,1,moral,authority
R_2ePgJNMrCBlFuA6,147014,4286,0,0.0,Qwen3-8B,3,moral,authority
R_2ePgJNMrCBlFuA6,147036,4287,0,0.0,Qwen3-8B,4,moral,fairness
R_2ePgJNMrCBlFuA6,147058,4288,0,0.0,Qwen3-8B,4,social-group,transgender
R_2ePgJNMrCBlFuA6,147080,4289,0,0.0,Qwen3-8B,3,social-group,LGB
R_2ePgJNMrCBlFuA6,147102,4290,0,0.0,Qwen3-8B,5,social-group,christian
R_2ePgJNMrCBlFuA6,147124,4291,0,0.0,Qwen3-8B,4,social-group,jewish
R_2ePgJNMrCBlFuA6,147146,4292,0,0.0,Qwen3-8B,1,social-group,transgender
R_2ePgJNMrCBlFuA6,147168,4293,0,0.0,Qwen3-8B,5,social-group,LGB
R_2ePgJNMrCBlFuA6,147190,4294,0,0.0,Qwen3-8B,4,social-group,muslim
R_0GmAJcYHmwHRJ7j,30248,483,0,0.0,Qwen3-8B,1,random,random
R_0GmAJcYHmwHRJ7j,30946,494,0,0.0,Qwen3-8B,3,random,random
R_0GmAJcYHmwHRJ7j,37308,598,0,0.0,Qwen3-8B,2,random,random
R_0GmAJcYHmwHRJ7j,38254,614,0,0.0,Qwen3-8B,5,random,random
R_0GmAJcYHmwHRJ7j,61679,976,0,0.0,Qwen3-8B,3,random,random
R_0GmAJcYHmwHRJ7j,65319,1034,0,0.0,Qwen3-8B,2,random,random
R_0GmAJcYHmwHRJ7j,66548,1053,0,0.0,Qwen3-8B,3,random,random
R_0GmAJcYHmwHRJ7j,82108,1547,0,0.0,Qwen3-8B,1,moral,authority
R_0GmAJcYHmwHRJ7j,141456,4045,0,0.0,Qwen3-8B,1,moral,care
R_0GmAJcYHmwHRJ7j,141456,4045,0,0.0,Qwen3-8B,1,moral,purity
R_0GmAJcYHmwHRJ7j,141456,4045,0,0.0,Qwen3-8B,1,moral,care
R_0GmAJcYHmwHRJ7j,141456,4045,0,0.0,Qwen3-8B,1,moral,purity
R_0GmAJcYHmwHRJ7j,149110,4378,0,0.0,Qwen3-8B,2,social-group,jewish
R_0GmAJcYHmwHRJ7j,149133,4379,0,0.0,Qwen3-8B,3,social-group,LGB
R_0GmAJcYHmwHRJ7j,149156,4380,0,0.0,Qwen3-8B,5,social-group,jewish
R_0GmAJcYHmwHRJ7j,149179,4381,0,0.0,Qwen3-8B,5,social-group,jewish
R_0GmAJcYHmwHRJ7j,149202,4382,0,0.0,Qwen3-8B,5,social-group,jewish
R_0GmAJcYHmwHRJ7j,149225,4383,0,0.0,Qwen3-8B,3,social-group,LGB
R_0GmAJcYHmwHRJ7j,149248,4384,0,0.0,Qwen3-8B,5,social-group,jewish
R_0GmAJcYHmwHRJ7j,149271,4385,0,0.0,Qwen3-8B,3,social-group,muslim
R_0GmAJcYHmwHRJ7j,149294,4386,0,0.0,Qwen3-8B,4,social-group,jewish
R_0GmAJcYHmwHRJ7j,149317,4387,0,0.0,Qwen3-8B,2,social-group,LGB
R_0GmAJcYHmwHRJ7j,149340,4388,0,0.0,Qwen3-8B,2,random,random
R_0GmAJcYHmwHRJ7j,149363,4389,0,0.0,Qwen3-8B,3,random,random
R_0GmAJcYHmwHRJ7j,149386,4390,0,0.0,Qwen3-8B,1,social-group,christian
R_0GmAJcYHmwHRJ7j,149409,4391,0,0.0,Qwen3-8B,3,social-group,christian
R_0GmAJcYHmwHRJ7j,149432,4392,0,0.0,Qwen3-8B,1,social-group,LGB
R_0GmAJcYHmwHRJ7j,149455,4393,0,0.0,Qwen3-8B,5,social-group,jewish
R_0GmAJcYHmwHRJ7j,149478,4394,0,0.0,Qwen3-8B,2,random,random
R_0GmAJcYHmwHRJ7j,149501,4395,0,0.0,Qwen3-8B,5,social-group,transgender
R_0GmAJcYHmwHRJ7j,149524,4396,0,0.0,Qwen3-8B,1,random,random
R_0GmAJcYHmwHRJ7j,149547,4397,0,0.0,Qwen3-8B,2,random,random
R_0GmAJcYHmwHRJ7j,149570,4398,0,0.0,Qwen3-8B,1,moral,purity
R_0GmAJcYHmwHRJ7j,149593,4399,0,0.0,Qwen3-8B,5,moral,loyalty
R_0GmAJcYHmwHRJ7j,149616,4400,0,0.0,Qwen3-8B,2,social-group,muslim
R_0GmAJcYHmwHRJ7j,149639,4401,0,0.0,Qwen3-8B,3,random,random
R_0GmAJcYHmwHRJ7j,149662,4402,0,0.0,Qwen3-8B,5,social-group,jewish
R_0GmAJcYHmwHRJ7j,149685,4403,0,0.0,Qwen3-8B,3,random,random
R_29oyZyWoLFqk9vv,30255,483,0,0.0,Qwen3-8B,1,random,random
R_29oyZyWoLFqk9vv,30953,494,0,0.0,Qwen3-8B,3,random,random
R_29oyZyWoLFqk9vv,37313,598,0,0.0,Qwen3-8B,2,random,random
R_29oyZyWoLFqk9vv,38264,614,0,0.0,Qwen3-8B,5,random,random
R_29oyZyWoLFqk9vv,61686,976,0,0.0,Qwen3-8B,3,random,random
R_29oyZyWoLFqk9vv,65333,1034,0,0.0,Qwen3-8B,2,random,random
R_29oyZyWoLFqk9vv,66562,1053,0,0.0,Qwen3-8B,3,random,random
R_29oyZyWoLFqk9vv,82113,1547,0,0.0,Qwen3-8B,1,moral,authority
R_29oyZyWoLFqk9vv,141466,4045,0,0.0,Qwen3-8B,1,moral,care
R_29oyZyWoLFqk9vv,141466,4045,0,0.0,Qwen3-8B,1,moral,purity
R_29oyZyWoLFqk9vv,141466,4045,0,0.0,Qwen3-8B,1,moral,care
R_29oyZyWoLFqk9vv,141466,4045,0,0.0,Qwen3-8B,1,moral,purity
R_29oyZyWoLFqk9vv,149113,4378,0,0.0,Qwen3-8B,2,social-group,jewish
R_29oyZyWoLFqk9vv,149136,4379,0,0.0,Qwen3-8B,3,social-group,LGB
R_29oyZyWoLFqk9vv,149159,4380,0,0.0,Qwen3-8B,5,social-group,jewish
R_29oyZyWoLFqk9vv,149182,4381,2,1.0,Qwen3-8B,5,social-group,jewish
R_29oyZyWoLFqk9vv,149205,4382,0,0.0,Qwen3-8B,5,social-group,jewish
R_29oyZyWoLFqk9vv,149228,4383,0,0.0,Qwen3-8B,3,social-group,LGB
R_29oyZyWoLFqk9vv,149251,4384,1,0.0,Qwen3-8B,5,social-group,jewish
R_29oyZyWoLFqk9vv,149274,4385,0,0.0,Qwen3-8B,3,social-group,muslim
R_29oyZyWoLFqk9vv,149297,4386,0,0.0,Qwen3-8B,4,social-group,jewish
R_29oyZyWoLFqk9vv,149320,4387,0,0.0,Qwen3-8B,2,social-group,LGB
R_29oyZyWoLFqk9vv,149343,4388,0,0.0,Qwen3-8B,2,random,random
R_29oyZyWoLFqk9vv,149366,4389,0,0.0,Qwen3-8B,3,random,random
R_29oyZyWoLFqk9vv,149389,4390,0,0.0,Qwen3-8B,1,social-group,christian
R_29oyZyWoLFqk9vv,149412,4391,0,0.0,Qwen3-8B,3,social-group,christian
R_29oyZyWoLFqk9vv,149435,4392,0,0.0,Qwen3-8B,1,social-group,LGB
R_29oyZyWoLFqk9vv,149458,4393,0,0.0,Qwen3-8B,5,social-group,jewish
R_29oyZyWoLFqk9vv,149481,4394,0,0.0,Qwen3-8B,2,random,random
R_29oyZyWoLFqk9vv,149504,4395,0,0.0,Qwen3-8B,5,social-group,transgender
R_29oyZyWoLFqk9vv,149527,4396,0,0.0,Qwen3-8B,1,random,random
R_29oyZyWoLFqk9vv,149550,4397,0,0.0,Qwen3-8B,2,random,random
R_29oyZyWoLFqk9vv,149573,4398,0,0.0,Qwen3-8B,1,moral,purity
R_29oyZyWoLFqk9vv,149596,4399,0,0.0,Qwen3-8B,5,moral,loyalty
R_29oyZyWoLFqk9vv,149619,4400,0,0.0,Qwen3-8B,2,social-group,muslim
R_29oyZyWoLFqk9vv,149642,4401,0,0.0,Qwen3-8B,3,random,random
R_29oyZyWoLFqk9vv,149665,4402,0,0.0,Qwen3-8B,5,social-group,jewish
R_29oyZyWoLFqk9vv,149688,4403,0,0.0,Qwen3-8B,3,random,random
R_26nGmaDUk9gikzW,30274,483,1,0.0,Qwen3-8B,1,random,random
R_26nGmaDUk9gikzW,30972,494,4,1.0,Qwen3-8B,3,random,random
R_26nGmaDUk9gikzW,37328,598,0,0.0,Qwen3-8B,2,random,random
R_26nGmaDUk9gikzW,38278,614,0,0.0,Qwen3-8B,5,random,random
R_26nGmaDUk9gikzW,61699,976,0,0.0,Qwen3-8B,3,random,random
R_26nGmaDUk9gikzW,65351,1034,1,0.0,Qwen3-8B,2,random,random
R_26nGmaDUk9gikzW,66580,1053,1,0.0,Qwen3-8B,3,random,random
R_26nGmaDUk9gikzW,82129,1547,0,0.0,Qwen3-8B,1,moral,authority
R_26nGmaDUk9gikzW,141488,4045,0,0.0,Qwen3-8B,1,moral,care
R_26nGmaDUk9gikzW,141488,4045,0,0.0,Qwen3-8B,1,moral,purity
R_26nGmaDUk9gikzW,141488,4045,0,0.0,Qwen3-8B,1,moral,care
R_26nGmaDUk9gikzW,141488,4045,0,0.0,Qwen3-8B,1,moral,purity
R_26nGmaDUk9gikzW,149118,4378,2,1.0,Qwen3-8B,2,social-group,jewish
R_26nGmaDUk9gikzW,149141,4379,4,1.0,Qwen3-8B,3,social-group,LGB
R_26nGmaDUk9gikzW,149164,4380,2,1.0,Qwen3-8B,5,social-group,jewish
R_26nGmaDUk9gikzW,149187,4381,2,1.0,Qwen3-8B,5,social-group,jewish
R_26nGmaDUk9gikzW,149210,4382,0,0.0,Qwen3-8B,5,social-group,jewish
R_26nGmaDUk9gikzW,149233,4383,3,1.0,Qwen3-8B,3,social-group,LGB
R_26nGmaDUk9gikzW,149256,4384,0,0.0,Qwen3-8B,5,social-group,jewish
R_26nGmaDUk9gikzW,149279,4385,3,1.0,Qwen3-8B,3,social-group,muslim
R_26nGmaDUk9gikzW,149302,4386,1,0.0,Qwen3-8B,4,social-group,jewish
R_26nGmaDUk9gikzW,149325,4387,2,1.0,Qwen3-8B,2,social-group,LGB
R_26nGmaDUk9gikzW,149348,4388,0,0.0,Qwen3-8B,2,random,random
R_26nGmaDUk9gikzW,149371,4389,0,0.0,Qwen3-8B,3,random,random
R_26nGmaDUk9gikzW,149394,4390,2,1.0,Qwen3-8B,1,social-group,christian
R_26nGmaDUk9gikzW,149417,4391,1,0.0,Qwen3-8B,3,social-group,christian
R_26nGmaDUk9gikzW,149440,4392,2,1.0,Qwen3-8B,1,social-group,LGB
R_26nGmaDUk9gikzW,149463,4393,0,0.0,Qwen3-8B,5,social-group,jewish
R_26nGmaDUk9gikzW,149486,4394,1,0.0,Qwen3-8B,2,random,random
R_26nGmaDUk9gikzW,149509,4395,2,1.0,Qwen3-8B,5,social-group,transgender
R_26nGmaDUk9gikzW,149532,4396,0,0.0,Qwen3-8B,1,random,random
R_26nGmaDUk9gikzW,149555,4397,1,0.0,Qwen3-8B,2,random,random
R_26nGmaDUk9gikzW,149578,4398,2,1.0,Qwen3-8B,1,moral,purity
R_26nGmaDUk9gikzW,149601,4399,1,0.0,Qwen3-8B,5,moral,loyalty
R_26nGmaDUk9gikzW,149624,4400,3,1.0,Qwen3-8B,2,social-group,muslim
R_26nGmaDUk9gikzW,149647,4401,2,1.0,Qwen3-8B,3,random,random
R_26nGmaDUk9gikzW,149670,4402,2,1.0,Qwen3-8B,5,social-group,jewish
R_26nGmaDUk9gikzW,149693,4403,0,0.0,Qwen3-8B,3,random,random
R_A5PBcjDx7tcc1ep,30289,483,0,0.0,Qwen3-8B,1,random,random
R_A5PBcjDx7tcc1ep,30987,494,0,0.0,Qwen3-8B,3,random,random
R_A5PBcjDx7tcc1ep,37345,598,0,0.0,Qwen3-8B,2,random,random
R_A5PBcjDx7tcc1ep,38293,614,0,0.0,Qwen3-8B,5,random,random
R_A5PBcjDx7tcc1ep,61713,976,0,0.0,Qwen3-8B,3,random,random
R_A5PBcjDx7tcc1ep,65366,1034,0,0.0,Qwen3-8B,2,random,random
R_A5PBcjDx7tcc1ep,66595,1053,0,0.0,Qwen3-8B,3,random,random
R_A5PBcjDx7tcc1ep,82151,1547,0,0.0,Qwen3-8B,1,moral,authority
R_A5PBcjDx7tcc1ep,141510,4045,0,0.0,Qwen3-8B,1,moral,care
R_A5PBcjDx7tcc1ep,141510,4045,0,0.0,Qwen3-8B,1,moral,purity
R_A5PBcjDx7tcc1ep,141510,4045,0,0.0,Qwen3-8B,1,moral,care
R_A5PBcjDx7tcc1ep,141510,4045,0,0.0,Qwen3-8B,1,moral,purity
R_A5PBcjDx7tcc1ep,149124,4378,0,0.0,Qwen3-8B,2,social-group,jewish
R_A5PBcjDx7tcc1ep,149147,4379,0,0.0,Qwen3-8B,3,social-group,LGB
R_A5PBcjDx7tcc1ep,149170,4380,0,0.0,Qwen3-8B,5,social-group,jewish
R_A5PBcjDx7tcc1ep,149193,4381,0,0.0,Qwen3-8B,5,social-group,jewish
R_A5PBcjDx7tcc1ep,149216,4382,0,0.0,Qwen3-8B,5,social-group,jewish
R_A5PBcjDx7tcc1ep,149239,4383,0,0.0,Qwen3-8B,3,social-group,LGB
R_A5PBcjDx7tcc1ep,149262,4384,0,0.0,Qwen3-8B,5,social-group,jewish
R_A5PBcjDx7tcc1ep,149285,4385,0,0.0,Qwen3-8B,3,social-group,muslim
R_A5PBcjDx7tcc1ep,149308,4386,0,0.0,Qwen3-8B,4,social-group,jewish
R_A5PBcjDx7tcc1ep,149331,4387,0,0.0,Qwen3-8B,2,social-group,LGB
R_A5PBcjDx7tcc1ep,149354,4388,0,0.0,Qwen3-8B,2,random,random
R_A5PBcjDx7tcc1ep,149377,4389,0,0.0,Qwen3-8B,3,random,random
R_A5PBcjDx7tcc1ep,149400,4390,0,0.0,Qwen3-8B,1,social-group,christian
R_A5PBcjDx7tcc1ep,149423,4391,0,0.0,Qwen3-8B,3,social-group,christian
R_A5PBcjDx7tcc1ep,149446,4392,0,0.0,Qwen3-8B,1,social-group,LGB
R_A5PBcjDx7tcc1ep,149469,4393,0,0.0,Qwen3-8B,5,social-group,jewish
R_A5PBcjDx7tcc1ep,149492,4394,0,0.0,Qwen3-8B,2,random,random
R_A5PBcjDx7tcc1ep,149515,4395,0,0.0,Qwen3-8B,5,social-group,transgender
R_A5PBcjDx7tcc1ep,149538,4396,0,0.0,Qwen3-8B,1,random,random
R_A5PBcjDx7tcc1ep,149561,4397,0,0.0,Qwen3-8B,2,random,random
R_A5PBcjDx7tcc1ep,149584,4398,0,0.0,Qwen3-8B,1,moral,purity
R_A5PBcjDx7tcc1ep,149607,4399,0,0.0,Qwen3-8B,5,moral,loyalty
R_A5PBcjDx7tcc1ep,149630,4400,0,0.0,Qwen3-8B,2,social-group,muslim
R_A5PBcjDx7tcc1ep,149653,4401,0,0.0,Qwen3-8B,3,random,random
R_A5PBcjDx7tcc1ep,149676,4402,0,0.0,Qwen3-8B,5,social-group,jewish
R_A5PBcjDx7tcc1ep,149699,4403,0,0.0,Qwen3-8B,3,random,random
R_1DU2jr5PuR4n3KU,31019,495,1,0.0,Qwen3-8B,2,random,random
R_1DU2jr5PuR4n3KU,31082,496,-1,,Qwen3-8B,1,random,random
R_1DU2jr5PuR4n3KU,31142,497,0,0.0,Qwen3-8B,1,random,random
R_1DU2jr5PuR4n3KU,31204,498,4,1.0,Qwen3-8B,3,random,random
R_1DU2jr5PuR4n3KU,31266,499,0,0.0,Qwen3-8B,5,random,random
R_1DU2jr5PuR4n3KU,31330,500,1,0.0,Qwen3-8B,4,random,random
R_1DU2jr5PuR4n3KU,31392,501,0,0.0,Qwen3-8B,1,random,random
R_1DU2jr5PuR4n3KU,31454,502,0,0.0,Qwen3-8B,3,random,random
R_1DU2jr5PuR4n3KU,31516,503,0,0.0,Qwen3-8B,1,random,random
R_1DU2jr5PuR4n3KU,31595,504,1,0.0,Qwen3-8B,1,random,random
R_1DU2jr5PuR4n3KU,31595,504,1,0.0,Qwen3-8B,1,moral,purity
R_1DU2jr5PuR4n3KU,31595,504,1,0.0,Qwen3-8B,1,random,random
R_1DU2jr5PuR4n3KU,31595,504,1,0.0,Qwen3-8B,1,moral,purity
R_1DU2jr5PuR4n3KU,31744,505,0,0.0,Qwen3-8B,1,random,random
R_1DU2jr5PuR4n3KU,31806,506,1,0.0,Qwen3-8B,2,random,random
R_1DU2jr5PuR4n3KU,31868,507,-1,,Qwen3-8B,2,random,random
R_1DU2jr5PuR4n3KU,31931,508,0,0.0,Qwen3-8B,3,random,random
R_1DU2jr5PuR4n3KU,31994,509,0,0.0,Qwen3-8B,1,random,random
R_1DU2jr5PuR4n3KU,32055,510,1,0.0,Qwen3-8B,3,random,random
R_1DU2jr5PuR4n3KU,32120,511,2,1.0,Qwen3-8B,2,random,random
R_1DU2jr5PuR4n3KU,32182,512,0,0.0,Qwen3-8B,2,random,random
R_1DU2jr5PuR4n3KU,32243,513,0,0.0,Qwen3-8B,2,random,random
R_1DU2jr5PuR4n3KU,32304,514,1,0.0,Qwen3-8B,2,random,random
R_1DU2jr5PuR4n3KU,32368,515,1,0.0,Qwen3-8B,2,random,random
R_1DU2jr5PuR4n3KU,32428,516,0,0.0,Qwen3-8B,4,random,random
R_1DU2jr5PuR4n3KU,32489,517,0,0.0,Qwen3-8B,2,random,random
R_1DU2jr5PuR4n3KU,32553,518,0,0.0,Qwen3-8B,3,random,random
R_1DU2jr5PuR4n3KU,32615,519,0,0.0,Qwen3-8B,3,random,random
R_1DU2jr5PuR4n3KU,32678,520,0,0.0,Qwen3-8B,2,random,random
R_1DU2jr5PuR4n3KU,32740,521,1,0.0,Qwen3-8B,2,random,random
R_1DU2jr5PuR4n3KU,32802,522,0,0.0,Qwen3-8B,4,random,random
R_1DU2jr5PuR4n3KU,32862,523,1,0.0,Qwen3-8B,2,random,random
R_1DU2jr5PuR4n3KU,32923,524,1,0.0,Qwen3-8B,4,random,random
R_1DU2jr5PuR4n3KU,32984,525,0,0.0,Qwen3-8B,3,random,random
R_1DU2jr5PuR4n3KU,33045,526,0,0.0,Qwen3-8B,3,random,random
R_1DU2jr5PuR4n3KU,33108,527,0,0.0,Qwen3-8B,1,random,random
R_1DU2jr5PuR4n3KU,33171,528,0,0.0,Qwen3-8B,3,random,random
R_1DU2jr5PuR4n3KU,33230,529,2,1.0,Qwen3-8B,3,random,random
R_1OiQmqiFvhhPnGf,31031,495,0,0.0,Qwen3-8B,2,random,random
R_1OiQmqiFvhhPnGf,31094,496,0,0.0,Qwen3-8B,1,random,random
R_1OiQmqiFvhhPnGf,31154,497,0,0.0,Qwen3-8B,1,random,random
R_1OiQmqiFvhhPnGf,31216,498,0,0.0,Qwen3-8B,3,random,random
R_1OiQmqiFvhhPnGf,31278,499,0,0.0,Qwen3-8B,5,random,random
R_1OiQmqiFvhhPnGf,31342,500,0,0.0,Qwen3-8B,4,random,random
R_1OiQmqiFvhhPnGf,31404,501,0,0.0,Qwen3-8B,1,random,random
R_1OiQmqiFvhhPnGf,31466,502,0,0.0,Qwen3-8B,3,random,random
R_1OiQmqiFvhhPnGf,31528,503,0,0.0,Qwen3-8B,1,random,random
R_1OiQmqiFvhhPnGf,31625,504,0,0.0,Qwen3-8B,1,random,random
R_1OiQmqiFvhhPnGf,31625,504,0,0.0,Qwen3-8B,1,moral,purity
R_1OiQmqiFvhhPnGf,31625,504,0,0.0,Qwen3-8B,1,random,random
R_1OiQmqiFvhhPnGf,31625,504,0,0.0,Qwen3-8B,1,moral,purity
R_1OiQmqiFvhhPnGf,31756,505,0,0.0,Qwen3-8B,1,random,random
R_1OiQmqiFvhhPnGf,31819,506,0,0.0,Qwen3-8B,2,random,random
R_1OiQmqiFvhhPnGf,31880,507,0,0.0,Qwen3-8B,2,random,random
R_1OiQmqiFvhhPnGf,31943,508,0,0.0,Qwen3-8B,3,random,random
R_1OiQmqiFvhhPnGf,32006,509,0,0.0,Qwen3-8B,1,random,random
R_1OiQmqiFvhhPnGf,32067,510,0,0.0,Qwen3-8B,3,random,random
R_1OiQmqiFvhhPnGf,32131,511,0,0.0,Qwen3-8B,2,random,random
R_1OiQmqiFvhhPnGf,32194,512,0,0.0,Qwen3-8B,2,random,random
R_1OiQmqiFvhhPnGf,32255,513,0,0.0,Qwen3-8B,2,random,random
R_1OiQmqiFvhhPnGf,32316,514,0,0.0,Qwen3-8B,2,random,random
R_1OiQmqiFvhhPnGf,32381,515,0,0.0,Qwen3-8B,2,random,random
R_1OiQmqiFvhhPnGf,32440,516,0,0.0,Qwen3-8B,4,random,random
R_1OiQmqiFvhhPnGf,32501,517,0,0.0,Qwen3-8B,2,random,random
R_1OiQmqiFvhhPnGf,32566,518,0,0.0,Qwen3-8B,3,random,random
R_1OiQmqiFvhhPnGf,32627,519,0,0.0,Qwen3-8B,3,random,random
R_1OiQmqiFvhhPnGf,32690,520,0,0.0,Qwen3-8B,2,random,random
R_1OiQmqiFvhhPnGf,32752,521,0,0.0,Qwen3-8B,2,random,random
R_1OiQmqiFvhhPnGf,32814,522,0,0.0,Qwen3-8B,4,random,random
R_1OiQmqiFvhhPnGf,32874,523,0,0.0,Qwen3-8B,2,random,random
R_1OiQmqiFvhhPnGf,32935,524,0,0.0,Qwen3-8B,4,random,random
R_1OiQmqiFvhhPnGf,32995,525,0,0.0,Qwen3-8B,3,random,random
R_1OiQmqiFvhhPnGf,33057,526,0,0.0,Qwen3-8B,3,random,random
R_1OiQmqiFvhhPnGf,33120,527,0,0.0,Qwen3-8B,1,random,random
R_1OiQmqiFvhhPnGf,33183,528,0,0.0,Qwen3-8B,3,random,random
R_1OiQmqiFvhhPnGf,33241,529,0,0.0,Qwen3-8B,3,random,random
R_2R8QXs8Yez09aVD,31046,495,0,0.0,Qwen3-8B,2,random,random
R_2R8QXs8Yez09aVD,31107,496,0,0.0,Qwen3-8B,1,random,random
R_2R8QXs8Yez09aVD,31168,497,0,0.0,Qwen3-8B,1,random,random
R_2R8QXs8Yez09aVD,31230,498,0,0.0,Qwen3-8B,3,random,random
R_2R8QXs8Yez09aVD,31293,499,0,0.0,Qwen3-8B,5,random,random
R_2R8QXs8Yez09aVD,31357,500,0,0.0,Qwen3-8B,4,random,random
R_2R8QXs8Yez09aVD,31419,501,0,0.0,Qwen3-8B,1,random,random
R_2R8QXs8Yez09aVD,31481,502,0,0.0,Qwen3-8B,3,random,random
R_2R8QXs8Yez09aVD,31543,503,0,0.0,Qwen3-8B,1,random,random
R_2R8QXs8Yez09aVD,31665,504,0,0.0,Qwen3-8B,1,random,random
R_2R8QXs8Yez09aVD,31665,504,0,0.0,Qwen3-8B,1,moral,purity
R_2R8QXs8Yez09aVD,31665,504,0,0.0,Qwen3-8B,1,random,random
R_2R8QXs8Yez09aVD,31665,504,0,0.0,Qwen3-8B,1,moral,purity
R_2R8QXs8Yez09aVD,31769,505,0,0.0,Qwen3-8B,1,random,random
R_2R8QXs8Yez09aVD,31833,506,0,0.0,Qwen3-8B,2,random,random
R_2R8QXs8Yez09aVD,31895,507,0,0.0,Qwen3-8B,2,random,random
R_2R8QXs8Yez09aVD,31958,508,0,0.0,Qwen3-8B,3,random,random
R_2R8QXs8Yez09aVD,32020,509,0,0.0,Qwen3-8B,1,random,random
R_2R8QXs8Yez09aVD,32082,510,0,0.0,Qwen3-8B,3,random,random
R_2R8QXs8Yez09aVD,32145,511,0,0.0,Qwen3-8B,2,random,random
R_2R8QXs8Yez09aVD,32209,512,0,0.0,Qwen3-8B,2,random,random
R_2R8QXs8Yez09aVD,32270,513,0,0.0,Qwen3-8B,2,random,random
R_2R8QXs8Yez09aVD,32331,514,0,0.0,Qwen3-8B,2,random,random
R_2R8QXs8Yez09aVD,32393,515,0,0.0,Qwen3-8B,2,random,random
R_2R8QXs8Yez09aVD,32455,516,0,0.0,Qwen3-8B,4,random,random
R_2R8QXs8Yez09aVD,32516,517,0,0.0,Qwen3-8B,2,random,random
R_2R8QXs8Yez09aVD,32580,518,0,0.0,Qwen3-8B,3,random,random
R_2R8QXs8Yez09aVD,32642,519,0,0.0,Qwen3-8B,3,random,random
R_2R8QXs8Yez09aVD,32704,520,0,0.0,Qwen3-8B,2,random,random
R_2R8QXs8Yez09aVD,32767,521,0,0.0,Qwen3-8B,2,random,random
R_2R8QXs8Yez09aVD,32827,522,0,0.0,Qwen3-8B,4,random,random
R_2R8QXs8Yez09aVD,32888,523,0,0.0,Qwen3-8B,2,random,random
R_2R8QXs8Yez09aVD,32949,524,0,0.0,Qwen3-8B,4,random,random
R_2R8QXs8Yez09aVD,33009,525,0,0.0,Qwen3-8B,3,random,random
R_2R8QXs8Yez09aVD,33072,526,0,0.0,Qwen3-8B,3,random,random
R_2R8QXs8Yez09aVD,33135,527,0,0.0,Qwen3-8B,1,random,random
R_2R8QXs8Yez09aVD,33197,528,0,0.0,Qwen3-8B,3,random,random
R_2R8QXs8Yez09aVD,33254,529,0,0.0,Qwen3-8B,3,random,random
R_2Cx3QYbnxhpBhbo,31053,495,1,0.0,Qwen3-8B,2,random,random
R_2Cx3QYbnxhpBhbo,31113,496,0,0.0,Qwen3-8B,1,random,random
R_2Cx3QYbnxhpBhbo,31175,497,0,0.0,Qwen3-8B,1,random,random
R_2Cx3QYbnxhpBhbo,31237,498,1,0.0,Qwen3-8B,3,random,random
R_2Cx3QYbnxhpBhbo,31300,499,0,0.0,Qwen3-8B,5,random,random
R_2Cx3QYbnxhpBhbo,31363,500,0,0.0,Qwen3-8B,4,random,random
R_2Cx3QYbnxhpBhbo,31426,501,1,0.0,Qwen3-8B,1,random,random
R_2Cx3QYbnxhpBhbo,31488,502,1,0.0,Qwen3-8B,3,random,random
R_2Cx3QYbnxhpBhbo,31549,503,0,0.0,Qwen3-8B,1,random,random
R_2Cx3QYbnxhpBhbo,31687,504,1,0.0,Qwen3-8B,1,random,random
R_2Cx3QYbnxhpBhbo,31687,504,1,0.0,Qwen3-8B,1,moral,purity
R_2Cx3QYbnxhpBhbo,31687,504,1,0.0,Qwen3-8B,1,random,random
R_2Cx3QYbnxhpBhbo,31687,504,1,0.0,Qwen3-8B,1,moral,purity
R_2Cx3QYbnxhpBhbo,31776,505,0,0.0,Qwen3-8B,1,random,random
R_2Cx3QYbnxhpBhbo,31840,506,1,0.0,Qwen3-8B,2,random,random
R_2Cx3QYbnxhpBhbo,31902,507,0,0.0,Qwen3-8B,2,random,random
R_2Cx3QYbnxhpBhbo,31965,508,0,0.0,Qwen3-8B,3,random,random
R_2Cx3QYbnxhpBhbo,32027,509,0,0.0,Qwen3-8B,1,random,random
R_2Cx3QYbnxhpBhbo,32090,510,0,0.0,Qwen3-8B,3,random,random
R_2Cx3QYbnxhpBhbo,32152,511,2,1.0,Qwen3-8B,2,random,random
R_2Cx3QYbnxhpBhbo,32216,512,0,0.0,Qwen3-8B,2,random,random
R_2Cx3QYbnxhpBhbo,32276,513,0,0.0,Qwen3-8B,2,random,random
R_2Cx3QYbnxhpBhbo,32338,514,0,0.0,Qwen3-8B,2,random,random
R_2Cx3QYbnxhpBhbo,32400,515,0,0.0,Qwen3-8B,2,random,random
R_2Cx3QYbnxhpBhbo,32461,516,2,1.0,Qwen3-8B,4,random,random
R_2Cx3QYbnxhpBhbo,32523,517,0,0.0,Qwen3-8B,2,random,random
R_2Cx3QYbnxhpBhbo,32587,518,1,0.0,Qwen3-8B,3,random,random
R_2Cx3QYbnxhpBhbo,32649,519,0,0.0,Qwen3-8B,3,random,random
R_2Cx3QYbnxhpBhbo,32711,520,1,0.0,Qwen3-8B,2,random,random
R_2Cx3QYbnxhpBhbo,32774,521,0,0.0,Qwen3-8B,2,random,random
R_2Cx3QYbnxhpBhbo,32833,522,0,0.0,Qwen3-8B,4,random,random
R_2Cx3QYbnxhpBhbo,32894,523,0,0.0,Qwen3-8B,2,random,random
R_2Cx3QYbnxhpBhbo,32956,524,1,0.0,Qwen3-8B,4,random,random
R_2Cx3QYbnxhpBhbo,33016,525,1,0.0,Qwen3-8B,3,random,random
R_2Cx3QYbnxhpBhbo,33080,526,0,0.0,Qwen3-8B,3,random,random
R_2Cx3QYbnxhpBhbo,33142,527,1,0.0,Qwen3-8B,1,random,random
R_2Cx3QYbnxhpBhbo,33204,528,0,0.0,Qwen3-8B,3,random,random
R_2Cx3QYbnxhpBhbo,33260,529,0,0.0,Qwen3-8B,3,random,random
R_1JWtXw6k3JURHaD,31054,495,2,1.0,Qwen3-8B,2,random,random
R_1JWtXw6k3JURHaD,31114,496,0,0.0,Qwen3-8B,1,random,random
R_1JWtXw6k3JURHaD,31176,497,0,0.0,Qwen3-8B,1,random,random
R_1JWtXw6k3JURHaD,31238,498,3,1.0,Qwen3-8B,3,random,random
R_1JWtXw6k3JURHaD,31301,499,2,1.0,Qwen3-8B,5,random,random
R_1JWtXw6k3JURHaD,31364,500,3,1.0,Qwen3-8B,4,random,random
R_1JWtXw6k3JURHaD,31427,501,1,0.0,Qwen3-8B,1,random,random
R_1JWtXw6k3JURHaD,31489,502,2,1.0,Qwen3-8B,3,random,random
R_1JWtXw6k3JURHaD,31550,503,1,0.0,Qwen3-8B,1,random,random
R_1JWtXw6k3JURHaD,31689,504,0,0.0,Qwen3-8B,1,random,random
R_1JWtXw6k3JURHaD,31689,504,0,0.0,Qwen3-8B,1,moral,purity
R_1JWtXw6k3JURHaD,31689,504,0,0.0,Qwen3-8B,1,random,random
R_1JWtXw6k3JURHaD,31689,504,0,0.0,Qwen3-8B,1,moral,purity
R_1JWtXw6k3JURHaD,31777,505,0,0.0,Qwen3-8B,1,random,random
R_1JWtXw6k3JURHaD,31841,506,1,0.0,Qwen3-8B,2,random,random
R_1JWtXw6k3JURHaD,31903,507,1,0.0,Qwen3-8B,2,random,random
R_1JWtXw6k3JURHaD,31966,508,3,1.0,Qwen3-8B,3,random,random
R_1JWtXw6k3JURHaD,32028,509,4,1.0,Qwen3-8B,1,random,random
R_1JWtXw6k3JURHaD,32091,510,1,0.0,Qwen3-8B,3,random,random
R_1JWtXw6k3JURHaD,32153,511,3,1.0,Qwen3-8B,2,random,random
R_1JWtXw6k3JURHaD,32217,512,1,0.0,Qwen3-8B,2,random,random
R_1JWtXw6k3JURHaD,32277,513,1,0.0,Qwen3-8B,2,random,random
R_1JWtXw6k3JURHaD,32339,514,1,0.0,Qwen3-8B,2,random,random
R_1JWtXw6k3JURHaD,32401,515,1,0.0,Qwen3-8B,2,random,random
R_1JWtXw6k3JURHaD,32462,516,1,0.0,Qwen3-8B,4,random,random
R_1JWtXw6k3JURHaD,32524,517,2,1.0,Qwen3-8B,2,random,random
R_1JWtXw6k3JURHaD,32588,518,0,0.0,Qwen3-8B,3,random,random
R_1JWtXw6k3JURHaD,32650,519,1,0.0,Qwen3-8B,3,random,random
R_1JWtXw6k3JURHaD,32712,520,1,0.0,Qwen3-8B,2,random,random
R_1JWtXw6k3JURHaD,32775,521,3,1.0,Qwen3-8B,2,random,random
R_1JWtXw6k3JURHaD,32834,522,2,1.0,Qwen3-8B,4,random,random
R_1JWtXw6k3JURHaD,32895,523,0,0.0,Qwen3-8B,2,random,random
R_1JWtXw6k3JURHaD,32957,524,4,1.0,Qwen3-8B,4,random,random
R_1JWtXw6k3JURHaD,33017,525,1,0.0,Qwen3-8B,3,random,random
R_1JWtXw6k3JURHaD,33081,526,1,0.0,Qwen3-8B,3,random,random
R_1JWtXw6k3JURHaD,33143,527,4,1.0,Qwen3-8B,1,random,random
R_1JWtXw6k3JURHaD,33205,528,4,1.0,Qwen3-8B,3,random,random
R_1JWtXw6k3JURHaD,33261,529,0,0.0,Qwen3-8B,3,random,random
R_3nfuF1tdDs6GwTx,33278,530,0,0.0,Qwen3-8B,2,random,random
R_3nfuF1tdDs6GwTx,33336,531,1,0.0,Qwen3-8B,3,random,random
R_3nfuF1tdDs6GwTx,33395,532,0,0.0,Qwen3-8B,2,random,random
R_3nfuF1tdDs6GwTx,33455,533,4,1.0,Qwen3-8B,3,random,random
R_3nfuF1tdDs6GwTx,33516,534,1,0.0,Qwen3-8B,2,random,random
R_3nfuF1tdDs6GwTx,33576,535,2,1.0,Qwen3-8B,2,random,random
R_3nfuF1tdDs6GwTx,33636,536,1,0.0,Qwen3-8B,2,random,random
R_3nfuF1tdDs6GwTx,33695,537,1,0.0,Qwen3-8B,1,random,random
R_3nfuF1tdDs6GwTx,33755,538,0,0.0,Qwen3-8B,2,random,random
R_3nfuF1tdDs6GwTx,33815,539,0,0.0,Qwen3-8B,1,random,random
R_3nfuF1tdDs6GwTx,33875,540,1,0.0,Qwen3-8B,2,random,random
R_3nfuF1tdDs6GwTx,33936,541,0,0.0,Qwen3-8B,5,random,random
R_3nfuF1tdDs6GwTx,33995,542,0,0.0,Qwen3-8B,3,random,random
R_3nfuF1tdDs6GwTx,34055,543,0,0.0,Qwen3-8B,1,random,random
R_3nfuF1tdDs6GwTx,34112,544,0,0.0,Qwen3-8B,2,random,random
R_3nfuF1tdDs6GwTx,34172,545,2,1.0,Qwen3-8B,3,random,random
R_3nfuF1tdDs6GwTx,34230,546,3,1.0,Qwen3-8B,2,random,random
R_3nfuF1tdDs6GwTx,34288,547,2,1.0,Qwen3-8B,2,random,random
R_3nfuF1tdDs6GwTx,34348,548,3,1.0,Qwen3-8B,3,random,random
R_3nfuF1tdDs6GwTx,34408,549,1,0.0,Qwen3-8B,2,random,random
R_3nfuF1tdDs6GwTx,34468,550,3,1.0,Qwen3-8B,3,random,random
R_3nfuF1tdDs6GwTx,34528,551,0,0.0,Qwen3-8B,2,random,random
R_3nfuF1tdDs6GwTx,34587,552,0,0.0,Qwen3-8B,2,random,random
R_3nfuF1tdDs6GwTx,34646,553,1,0.0,Qwen3-8B,1,random,random
R_3nfuF1tdDs6GwTx,34706,554,1,0.0,Qwen3-8B,3,random,random
R_3nfuF1tdDs6GwTx,34766,555,2,1.0,Qwen3-8B,3,random,random
R_3nfuF1tdDs6GwTx,34826,556,2,1.0,Qwen3-8B,1,random,random
R_3nfuF1tdDs6GwTx,34886,557,0,0.0,Qwen3-8B,2,random,random
R_3nfuF1tdDs6GwTx,34945,558,0,0.0,Qwen3-8B,2,random,random
R_3nfuF1tdDs6GwTx,35005,559,1,0.0,Qwen3-8B,3,random,random
R_3nfuF1tdDs6GwTx,35065,560,0,0.0,Qwen3-8B,3,random,random
R_3nfuF1tdDs6GwTx,35125,561,1,0.0,Qwen3-8B,5,random,random
R_3nfuF1tdDs6GwTx,35185,562,0,0.0,Qwen3-8B,2,random,random
R_3nfuF1tdDs6GwTx,35244,563,1,0.0,Qwen3-8B,2,random,random
R_3nfuF1tdDs6GwTx,35304,564,-1,,Qwen3-8B,2,random,random
R_2z6oM1dj7DLS8bf,33289,530,1,0.0,Qwen3-8B,2,random,random
R_2z6oM1dj7DLS8bf,33346,531,1,0.0,Qwen3-8B,3,random,random
R_2z6oM1dj7DLS8bf,33405,532,0,0.0,Qwen3-8B,2,random,random
R_2z6oM1dj7DLS8bf,33465,533,0,0.0,Qwen3-8B,3,random,random
R_2z6oM1dj7DLS8bf,33526,534,0,0.0,Qwen3-8B,2,random,random
R_2z6oM1dj7DLS8bf,33586,535,0,0.0,Qwen3-8B,2,random,random
R_2z6oM1dj7DLS8bf,33646,536,1,0.0,Qwen3-8B,2,random,random
R_2z6oM1dj7DLS8bf,33705,537,0,0.0,Qwen3-8B,1,random,random
R_2z6oM1dj7DLS8bf,33765,538,1,0.0,Qwen3-8B,2,random,random
R_2z6oM1dj7DLS8bf,33825,539,0,0.0,Qwen3-8B,1,random,random
R_2z6oM1dj7DLS8bf,33885,540,1,0.0,Qwen3-8B,2,random,random
R_2z6oM1dj7DLS8bf,33946,541,1,0.0,Qwen3-8B,5,random,random
R_2z6oM1dj7DLS8bf,34005,542,1,0.0,Qwen3-8B,3,random,random
R_2z6oM1dj7DLS8bf,34065,543,0,0.0,Qwen3-8B,1,random,random
R_2z6oM1dj7DLS8bf,34122,544,0,0.0,Qwen3-8B,2,random,random
R_2z6oM1dj7DLS8bf,34181,545,1,0.0,Qwen3-8B,3,random,random
R_2z6oM1dj7DLS8bf,34239,546,0,0.0,Qwen3-8B,2,random,random
R_2z6oM1dj7DLS8bf,34297,547,0,0.0,Qwen3-8B,2,random,random
R_2z6oM1dj7DLS8bf,34358,548,1,0.0,Qwen3-8B,3,random,random
R_2z6oM1dj7DLS8bf,34418,549,0,0.0,Qwen3-8B,2,random,random
R_2z6oM1dj7DLS8bf,34478,550,0,0.0,Qwen3-8B,3,random,random
R_2z6oM1dj7DLS8bf,34538,551,0,0.0,Qwen3-8B,2,random,random
R_2z6oM1dj7DLS8bf,34597,552,0,0.0,Qwen3-8B,2,random,random
R_2z6oM1dj7DLS8bf,34656,553,0,0.0,Qwen3-8B,1,random,random
R_2z6oM1dj7DLS8bf,34716,554,0,0.0,Qwen3-8B,3,random,random
R_2z6oM1dj7DLS8bf,34776,555,0,0.0,Qwen3-8B,3,random,random
R_2z6oM1dj7DLS8bf,34837,556,0,0.0,Qwen3-8B,1,random,random
R_2z6oM1dj7DLS8bf,34895,557,0,0.0,Qwen3-8B,2,random,random
R_2z6oM1dj7DLS8bf,34955,558,0,0.0,Qwen3-8B,2,random,random
R_2z6oM1dj7DLS8bf,35015,559,0,0.0,Qwen3-8B,3,random,random
R_2z6oM1dj7DLS8bf,35075,560,0,0.0,Qwen3-8B,3,random,random
R_2z6oM1dj7DLS8bf,35135,561,1,0.0,Qwen3-8B,5,random,random
R_2z6oM1dj7DLS8bf,35194,562,1,0.0,Qwen3-8B,2,random,random
R_2z6oM1dj7DLS8bf,35254,563,0,0.0,Qwen3-8B,2,random,random
R_2z6oM1dj7DLS8bf,35314,564,1,0.0,Qwen3-8B,2,random,random
R_8i7LHad5mDmSfe1,33305,530,0,0.0,Qwen3-8B,2,random,random
R_8i7LHad5mDmSfe1,33363,531,0,0.0,Qwen3-8B,3,random,random
R_8i7LHad5mDmSfe1,33422,532,0,0.0,Qwen3-8B,2,random,random
R_8i7LHad5mDmSfe1,33482,533,0,0.0,Qwen3-8B,3,random,random
R_8i7LHad5mDmSfe1,33543,534,0,0.0,Qwen3-8B,2,random,random
R_8i7LHad5mDmSfe1,33603,535,0,0.0,Qwen3-8B,2,random,random
R_8i7LHad5mDmSfe1,33665,536,0,0.0,Qwen3-8B,2,random,random
R_8i7LHad5mDmSfe1,33722,537,0,0.0,Qwen3-8B,1,random,random
R_8i7LHad5mDmSfe1,33782,538,0,0.0,Qwen3-8B,2,random,random
R_8i7LHad5mDmSfe1,33842,539,0,0.0,Qwen3-8B,1,random,random
R_8i7LHad5mDmSfe1,33902,540,0,0.0,Qwen3-8B,2,random,random
R_8i7LHad5mDmSfe1,33963,541,0,0.0,Qwen3-8B,5,random,random
R_8i7LHad5mDmSfe1,34021,542,0,0.0,Qwen3-8B,3,random,random
R_8i7LHad5mDmSfe1,34082,543,0,0.0,Qwen3-8B,1,random,random
R_8i7LHad5mDmSfe1,34139,544,0,0.0,Qwen3-8B,2,random,random
R_8i7LHad5mDmSfe1,34198,545,0,0.0,Qwen3-8B,3,random,random
R_8i7LHad5mDmSfe1,34256,546,0,0.0,Qwen3-8B,2,random,random
R_8i7LHad5mDmSfe1,34314,547,0,0.0,Qwen3-8B,2,random,random
R_8i7LHad5mDmSfe1,34375,548,0,0.0,Qwen3-8B,3,random,random
R_8i7LHad5mDmSfe1,34435,549,0,0.0,Qwen3-8B,2,random,random
R_8i7LHad5mDmSfe1,34495,550,0,0.0,Qwen3-8B,3,random,random
R_8i7LHad5mDmSfe1,34556,551,0,0.0,Qwen3-8B,2,random,random
R_8i7LHad5mDmSfe1,34614,552,0,0.0,Qwen3-8B,2,random,random
R_8i7LHad5mDmSfe1,34673,553,0,0.0,Qwen3-8B,1,random,random
R_8i7LHad5mDmSfe1,34733,554,0,0.0,Qwen3-8B,3,random,random
R_8i7LHad5mDmSfe1,34793,555,0,0.0,Qwen3-8B,3,random,random
R_8i7LHad5mDmSfe1,34854,556,0,0.0,Qwen3-8B,1,random,random
R_8i7LHad5mDmSfe1,34912,557,0,0.0,Qwen3-8B,2,random,random
R_8i7LHad5mDmSfe1,34972,558,0,0.0,Qwen3-8B,2,random,random
R_8i7LHad5mDmSfe1,35032,559,0,0.0,Qwen3-8B,3,random,random
R_8i7LHad5mDmSfe1,35092,560,0,0.0,Qwen3-8B,3,random,random
R_8i7LHad5mDmSfe1,35154,561,0,0.0,Qwen3-8B,5,random,random
R_8i7LHad5mDmSfe1,35211,562,0,0.0,Qwen3-8B,2,random,random
R_8i7LHad5mDmSfe1,35271,563,0,0.0,Qwen3-8B,2,random,random
R_8i7LHad5mDmSfe1,35330,564,0,0.0,Qwen3-8B,2,random,random
R_1pxnTPI0tIVSAKt,33306,530,1,0.0,Qwen3-8B,2,random,random
R_1pxnTPI0tIVSAKt,33364,531,1,0.0,Qwen3-8B,3,random,random
R_1pxnTPI0tIVSAKt,33423,532,0,0.0,Qwen3-8B,2,random,random
R_1pxnTPI0tIVSAKt,33483,533,1,0.0,Qwen3-8B,3,random,random
R_1pxnTPI0tIVSAKt,33544,534,0,0.0,Qwen3-8B,2,random,random
R_1pxnTPI0tIVSAKt,33604,535,1,0.0,Qwen3-8B,2,random,random
R_1pxnTPI0tIVSAKt,33666,536,1,0.0,Qwen3-8B,2,random,random
R_1pxnTPI0tIVSAKt,33723,537,0,0.0,Qwen3-8B,1,random,random
R_1pxnTPI0tIVSAKt,33783,538,1,0.0,Qwen3-8B,2,random,random
R_1pxnTPI0tIVSAKt,33843,539,0,0.0,Qwen3-8B,1,random,random
R_1pxnTPI0tIVSAKt,33903,540,0,0.0,Qwen3-8B,2,random,random
R_1pxnTPI0tIVSAKt,33964,541,2,1.0,Qwen3-8B,5,random,random
R_1pxnTPI0tIVSAKt,34022,542,1,0.0,Qwen3-8B,3,random,random
R_1pxnTPI0tIVSAKt,34083,543,0,0.0,Qwen3-8B,1,random,random
R_1pxnTPI0tIVSAKt,34140,544,1,0.0,Qwen3-8B,2,random,random
R_1pxnTPI0tIVSAKt,34199,545,2,1.0,Qwen3-8B,3,random,random
R_1pxnTPI0tIVSAKt,34257,546,1,0.0,Qwen3-8B,2,random,random
R_1pxnTPI0tIVSAKt,34315,547,1,0.0,Qwen3-8B,2,random,random
R_1pxnTPI0tIVSAKt,34376,548,1,0.0,Qwen3-8B,3,random,random
R_1pxnTPI0tIVSAKt,34436,549,1,0.0,Qwen3-8B,2,random,random
R_1pxnTPI0tIVSAKt,34496,550,1,0.0,Qwen3-8B,3,random,random
R_1pxnTPI0tIVSAKt,34557,551,3,1.0,Qwen3-8B,2,random,random
R_1pxnTPI0tIVSAKt,34615,552,1,0.0,Qwen3-8B,2,random,random
R_1pxnTPI0tIVSAKt,34674,553,0,0.0,Qwen3-8B,1,random,random
R_1pxnTPI0tIVSAKt,34734,554,4,1.0,Qwen3-8B,3,random,random
R_1pxnTPI0tIVSAKt,34794,555,2,1.0,Qwen3-8B,3,random,random
R_1pxnTPI0tIVSAKt,34855,556,0,0.0,Qwen3-8B,1,random,random
R_1pxnTPI0tIVSAKt,34913,557,2,1.0,Qwen3-8B,2,random,random
R_1pxnTPI0tIVSAKt,34973,558,0,0.0,Qwen3-8B,2,random,random
R_1pxnTPI0tIVSAKt,35033,559,1,0.0,Qwen3-8B,3,random,random
R_1pxnTPI0tIVSAKt,35093,560,2,1.0,Qwen3-8B,3,random,random
R_1pxnTPI0tIVSAKt,35155,561,0,0.0,Qwen3-8B,5,random,random
R_1pxnTPI0tIVSAKt,35212,562,1,0.0,Qwen3-8B,2,random,random
R_1pxnTPI0tIVSAKt,35272,563,2,1.0,Qwen3-8B,2,random,random
R_1pxnTPI0tIVSAKt,35331,564,1,0.0,Qwen3-8B,2,random,random
R_s6uT99wvUxWAE49,33797,538,0,0.0,Qwen3-8B,2,random,random
R_s6uT99wvUxWAE49,57025,898,0,0.0,Qwen3-8B,3,random,random
R_s6uT99wvUxWAE49,71561,1142,0,0.0,Qwen3-8B,2,random,random
R_s6uT99wvUxWAE49,88835,1816,0,0.0,Qwen3-8B,1,moral,authority
R_s6uT99wvUxWAE49,116822,2982,0,0.0,Qwen3-8B,1,moral,purity
R_s6uT99wvUxWAE49,124517,3315,0,0.0,Qwen3-8B,3,social-group,transgender
R_s6uT99wvUxWAE49,124541,3316,0,0.0,Qwen3-8B,3,social-group,LGB
R_s6uT99wvUxWAE49,124565,3317,0,0.0,Qwen3-8B,3,moral,care
R_s6uT99wvUxWAE49,124589,3318,0,0.0,Qwen3-8B,4,random,random
R_s6uT99wvUxWAE49,124613,3319,0,0.0,Qwen3-8B,2,social-group,jewish
R_s6uT99wvUxWAE49,124637,3320,0,0.0,Qwen3-8B,3,social-group,muslim
R_s6uT99wvUxWAE49,124661,3321,0,0.0,Qwen3-8B,5,social-group,christian
R_s6uT99wvUxWAE49,124685,3322,0,0.0,Qwen3-8B,4,social-group,christian
R_s6uT99wvUxWAE49,124709,3323,0,0.0,Qwen3-8B,2,social-group,christian
R_s6uT99wvUxWAE49,124733,3324,0,0.0,Qwen3-8B,5,social-group,jewish
R_s6uT99wvUxWAE49,124757,3325,0,0.0,Qwen3-8B,4,social-group,christian
R_s6uT99wvUxWAE49,124781,3326,0,0.0,Qwen3-8B,4,social-group,jewish
R_s6uT99wvUxWAE49,124805,3327,0,0.0,Qwen3-8B,3,social-group,LGB
R_s6uT99wvUxWAE49,124829,3328,0,0.0,Qwen3-8B,5,social-group,LGB
R_s6uT99wvUxWAE49,124853,3329,0,0.0,Qwen3-8B,1,social-group,muslim
R_s6uT99wvUxWAE49,124877,3330,0,0.0,Qwen3-8B,3,social-group,LGB
R_s6uT99wvUxWAE49,124901,3331,0,0.0,Qwen3-8B,5,social-group,muslim
R_s6uT99wvUxWAE49,124925,3332,0,0.0,Qwen3-8B,2,moral,loyalty
R_s6uT99wvUxWAE49,124949,3333,0,0.0,Qwen3-8B,3,social-group,jewish
R_s6uT99wvUxWAE49,124973,3334,0,0.0,Qwen3-8B,3,social-group,muslim
R_s6uT99wvUxWAE49,124997,3335,0,0.0,Qwen3-8B,5,social-group,muslim
R_s6uT99wvUxWAE49,125021,3336,0,0.0,Qwen3-8B,3,social-group,muslim
R_s6uT99wvUxWAE49,125045,3337,0,0.0,Qwen3-8B,5,social-group,jewish
R_s6uT99wvUxWAE49,125069,3338,0,0.0,Qwen3-8B,2,moral,fairness
R_s6uT99wvUxWAE49,125093,3339,0,0.0,Qwen3-8B,1,random,random
R_s6uT99wvUxWAE49,125117,3340,0,0.0,Qwen3-8B,5,social-group,christian
R_s6uT99wvUxWAE49,125141,3341,0,0.0,Qwen3-8B,5,social-group,jewish
R_s6uT99wvUxWAE49,125165,3342,0,0.0,Qwen3-8B,5,social-group,christian
R_s6uT99wvUxWAE49,125189,3343,0,0.0,Qwen3-8B,2,social-group,transgender
R_s6uT99wvUxWAE49,125213,3344,0,0.0,Qwen3-8B,4,social-group,transgender
R_28XV1vMlKdg6X0I,35365,565,4,1.0,Qwen3-8B,3,random,random
R_28XV1vMlKdg6X0I,35424,566,4,1.0,Qwen3-8B,3,random,random
R_28XV1vMlKdg6X0I,35484,567,3,1.0,Qwen3-8B,1,random,random
R_28XV1vMlKdg6X0I,35544,568,4,1.0,Qwen3-8B,4,random,random
R_28XV1vMlKdg6X0I,35603,569,3,1.0,Qwen3-8B,3,random,random
R_28XV1vMlKdg6X0I,35661,570,4,1.0,Qwen3-8B,5,random,random
R_28XV1vMlKdg6X0I,35720,571,3,1.0,Qwen3-8B,2,random,random
R_28XV1vMlKdg6X0I,35777,572,4,1.0,Qwen3-8B,1,random,random
R_28XV1vMlKdg6X0I,35837,573,4,1.0,Qwen3-8B,1,random,random
R_28XV1vMlKdg6X0I,35896,574,3,1.0,Qwen3-8B,3,random,random
R_28XV1vMlKdg6X0I,35956,575,4,1.0,Qwen3-8B,4,random,random
R_28XV1vMlKdg6X0I,36015,576,4,1.0,Qwen3-8B,1,random,random
R_28XV1vMlKdg6X0I,36075,577,3,1.0,Qwen3-8B,2,random,random
R_28XV1vMlKdg6X0I,36134,578,4,1.0,Qwen3-8B,5,random,random
R_28XV1vMlKdg6X0I,36193,579,2,1.0,Qwen3-8B,2,random,random
R_28XV1vMlKdg6X0I,36247,580,4,1.0,Qwen3-8B,2,random,random
R_28XV1vMlKdg6X0I,36306,581,3,1.0,Qwen3-8B,2,random,random
R_28XV1vMlKdg6X0I,36364,582,4,1.0,Qwen3-8B,1,random,random
R_28XV1vMlKdg6X0I,36423,583,4,1.0,Qwen3-8B,2,random,random
R_28XV1vMlKdg6X0I,36481,584,3,1.0,Qwen3-8B,3,random,random
R_28XV1vMlKdg6X0I,36542,585,4,1.0,Qwen3-8B,1,random,random
R_28XV1vMlKdg6X0I,36602,586,3,1.0,Qwen3-8B,5,random,random
R_28XV1vMlKdg6X0I,36661,587,3,1.0,Qwen3-8B,2,random,random
R_28XV1vMlKdg6X0I,36720,588,4,1.0,Qwen3-8B,1,random,random
R_28XV1vMlKdg6X0I,36778,589,3,1.0,Qwen3-8B,2,random,random
R_28XV1vMlKdg6X0I,36838,590,4,1.0,Qwen3-8B,4,random,random
R_28XV1vMlKdg6X0I,36899,591,4,1.0,Qwen3-8B,3,random,random
R_28XV1vMlKdg6X0I,36958,592,3,1.0,Qwen3-8B,3,random,random
R_28XV1vMlKdg6X0I,37015,593,4,1.0,Qwen3-8B,3,random,random
R_28XV1vMlKdg6X0I,37075,594,3,1.0,Qwen3-8B,3,random,random
R_28XV1vMlKdg6X0I,37132,595,4,1.0,Qwen3-8B,3,random,random
R_28XV1vMlKdg6X0I,37192,596,3,1.0,Qwen3-8B,4,random,random
R_28XV1vMlKdg6X0I,37251,597,4,1.0,Qwen3-8B,1,random,random
R_28XV1vMlKdg6X0I,37309,598,4,1.0,Qwen3-8B,2,random,random
R_28XV1vMlKdg6X0I,37367,599,3,1.0,Qwen3-8B,3,random,random
R_2cCu7aDmVoCw6Nl,37422,600,1,0.0,Qwen3-8B,1,random,random
R_2cCu7aDmVoCw6Nl,37482,601,3,1.0,Qwen3-8B,1,random,random
R_2cCu7aDmVoCw6Nl,37541,602,0,0.0,Qwen3-8B,1,random,random
R_2cCu7aDmVoCw6Nl,37601,603,1,0.0,Qwen3-8B,3,random,random
R_2cCu7aDmVoCw6Nl,37660,604,0,0.0,Qwen3-8B,4,random,random
R_2cCu7aDmVoCw6Nl,37719,605,2,1.0,Qwen3-8B,2,random,random
R_2cCu7aDmVoCw6Nl,37779,606,3,1.0,Qwen3-8B,3,random,random
R_2cCu7aDmVoCw6Nl,37839,607,0,0.0,Qwen3-8B,3,random,random
R_2cCu7aDmVoCw6Nl,37899,608,3,1.0,Qwen3-8B,4,random,random
R_2cCu7aDmVoCw6Nl,37957,609,3,1.0,Qwen3-8B,1,random,random
R_2cCu7aDmVoCw6Nl,38014,610,1,0.0,Qwen3-8B,2,random,random
R_2cCu7aDmVoCw6Nl,38074,611,4,1.0,Qwen3-8B,2,random,random
R_2cCu7aDmVoCw6Nl,38132,612,3,1.0,Qwen3-8B,3,random,random
R_2cCu7aDmVoCw6Nl,38192,613,4,1.0,Qwen3-8B,3,random,random
R_2cCu7aDmVoCw6Nl,38250,614,3,1.0,Qwen3-8B,5,random,random
R_2cCu7aDmVoCw6Nl,38309,615,4,1.0,Qwen3-8B,4,random,random
R_2cCu7aDmVoCw6Nl,38369,616,0,0.0,Qwen3-8B,2,random,random
R_2cCu7aDmVoCw6Nl,38428,617,3,1.0,Qwen3-8B,2,random,random
R_2cCu7aDmVoCw6Nl,38488,618,3,1.0,Qwen3-8B,3,random,random
R_2cCu7aDmVoCw6Nl,38548,619,2,1.0,Qwen3-8B,4,random,random
R_2cCu7aDmVoCw6Nl,38608,620,1,0.0,Qwen3-8B,3,random,random
R_2cCu7aDmVoCw6Nl,38667,621,1,0.0,Qwen3-8B,1,random,random
R_2cCu7aDmVoCw6Nl,38723,622,0,0.0,Qwen3-8B,1,random,random
R_2cCu7aDmVoCw6Nl,38783,623,2,1.0,Qwen3-8B,3,random,random
R_2cCu7aDmVoCw6Nl,38842,624,3,1.0,Qwen3-8B,3,random,random
R_2cCu7aDmVoCw6Nl,38902,625,3,1.0,Qwen3-8B,3,random,random
R_2cCu7aDmVoCw6Nl,38963,626,2,1.0,Qwen3-8B,2,random,random
R_2cCu7aDmVoCw6Nl,39023,627,4,1.0,Qwen3-8B,2,random,random
R_2cCu7aDmVoCw6Nl,39081,628,2,1.0,Qwen3-8B,2,random,random
R_2cCu7aDmVoCw6Nl,39141,629,0,0.0,Qwen3-8B,1,random,random
R_2cCu7aDmVoCw6Nl,39201,630,1,0.0,Qwen3-8B,4,random,random
R_2cCu7aDmVoCw6Nl,39261,631,4,1.0,Qwen3-8B,2,random,random
R_2cCu7aDmVoCw6Nl,39320,632,1,0.0,Qwen3-8B,2,random,random
R_2cCu7aDmVoCw6Nl,39379,633,0,0.0,Qwen3-8B,2,random,random
R_2cCu7aDmVoCw6Nl,39439,634,2,1.0,Qwen3-8B,2,random,random
R_2wbj7dXC1G8q6RB,37428,600,2,1.0,Qwen3-8B,1,random,random
R_2wbj7dXC1G8q6RB,37488,601,4,1.0,Qwen3-8B,1,random,random
R_2wbj7dXC1G8q6RB,37547,602,0,0.0,Qwen3-8B,1,random,random
R_2wbj7dXC1G8q6RB,37607,603,1,0.0,Qwen3-8B,3,random,random
R_2wbj7dXC1G8q6RB,37665,604,0,0.0,Qwen3-8B,4,random,random
R_2wbj7dXC1G8q6RB,37725,605,2,1.0,Qwen3-8B,2,random,random
R_2wbj7dXC1G8q6RB,37785,606,2,1.0,Qwen3-8B,3,random,random
R_2wbj7dXC1G8q6RB,37845,607,1,0.0,Qwen3-8B,3,random,random
R_2wbj7dXC1G8q6RB,37905,608,2,1.0,Qwen3-8B,4,random,random
R_2wbj7dXC1G8q6RB,37961,609,0,0.0,Qwen3-8B,1,random,random
R_2wbj7dXC1G8q6RB,38020,610,0,0.0,Qwen3-8B,2,random,random
R_2wbj7dXC1G8q6RB,38080,611,1,0.0,Qwen3-8B,2,random,random
R_2wbj7dXC1G8q6RB,38138,612,0,0.0,Qwen3-8B,3,random,random
R_2wbj7dXC1G8q6RB,38198,613,0,0.0,Qwen3-8B,3,random,random
R_2wbj7dXC1G8q6RB,38256,614,0,0.0,Qwen3-8B,5,random,random
R_2wbj7dXC1G8q6RB,38315,615,4,1.0,Qwen3-8B,4,random,random
R_2wbj7dXC1G8q6RB,38375,616,-1,,Qwen3-8B,2,random,random
R_2wbj7dXC1G8q6RB,38434,617,1,0.0,Qwen3-8B,2,random,random
R_2wbj7dXC1G8q6RB,38494,618,3,1.0,Qwen3-8B,3,random,random
R_2wbj7dXC1G8q6RB,38554,619,-1,,Qwen3-8B,4,random,random
R_2wbj7dXC1G8q6RB,38614,620,4,1.0,Qwen3-8B,3,random,random
R_2wbj7dXC1G8q6RB,38673,621,0,0.0,Qwen3-8B,1,random,random
R_2wbj7dXC1G8q6RB,38729,622,4,1.0,Qwen3-8B,1,random,random
R_2wbj7dXC1G8q6RB,38789,623,2,1.0,Qwen3-8B,3,random,random
R_2wbj7dXC1G8q6RB,38848,624,0,0.0,Qwen3-8B,3,random,random
R_2wbj7dXC1G8q6RB,38908,625,0,0.0,Qwen3-8B,3,random,random
R_2wbj7dXC1G8q6RB,38969,626,1,0.0,Qwen3-8B,2,random,random
R_2wbj7dXC1G8q6RB,39029,627,4,1.0,Qwen3-8B,2,random,random
R_2wbj7dXC1G8q6RB,39087,628,1,0.0,Qwen3-8B,2,random,random
R_2wbj7dXC1G8q6RB,39147,629,3,1.0,Qwen3-8B,1,random,random
R_2wbj7dXC1G8q6RB,39207,630,0,0.0,Qwen3-8B,4,random,random
R_2wbj7dXC1G8q6RB,39267,631,1,0.0,Qwen3-8B,2,random,random
R_2wbj7dXC1G8q6RB,39326,632,4,1.0,Qwen3-8B,2,random,random
R_2wbj7dXC1G8q6RB,39385,633,0,0.0,Qwen3-8B,2,random,random
R_2wbj7dXC1G8q6RB,39445,634,0,0.0,Qwen3-8B,2,random,random
R_10GzkFvQJyHn4oS,37451,600,-1,,Qwen3-8B,1,random,random
R_10GzkFvQJyHn4oS,37512,601,0,0.0,Qwen3-8B,1,random,random
R_10GzkFvQJyHn4oS,37571,602,1,0.0,Qwen3-8B,1,random,random
R_10GzkFvQJyHn4oS,37632,603,0,0.0,Qwen3-8B,3,random,random
R_10GzkFvQJyHn4oS,37689,604,0,0.0,Qwen3-8B,4,random,random
R_10GzkFvQJyHn4oS,37749,605,2,1.0,Qwen3-8B,2,random,random
R_10GzkFvQJyHn4oS,37809,606,0,0.0,Qwen3-8B,3,random,random
R_10GzkFvQJyHn4oS,37869,607,2,1.0,Qwen3-8B,3,random,random
R_10GzkFvQJyHn4oS,37930,608,3,1.0,Qwen3-8B,4,random,random
R_10GzkFvQJyHn4oS,37985,609,0,0.0,Qwen3-8B,1,random,random
R_10GzkFvQJyHn4oS,38043,610,1,0.0,Qwen3-8B,2,random,random
R_10GzkFvQJyHn4oS,38105,611,4,1.0,Qwen3-8B,2,random,random
R_10GzkFvQJyHn4oS,38163,612,0,0.0,Qwen3-8B,3,random,random
R_10GzkFvQJyHn4oS,38222,613,0,0.0,Qwen3-8B,3,random,random
R_10GzkFvQJyHn4oS,38280,614,4,1.0,Qwen3-8B,5,random,random
R_10GzkFvQJyHn4oS,38341,615,0,0.0,Qwen3-8B,4,random,random
R_10GzkFvQJyHn4oS,38399,616,0,0.0,Qwen3-8B,2,random,random
R_10GzkFvQJyHn4oS,38458,617,3,1.0,Qwen3-8B,2,random,random
R_10GzkFvQJyHn4oS,38518,618,0,0.0,Qwen3-8B,3,random,random
R_10GzkFvQJyHn4oS,38578,619,4,1.0,Qwen3-8B,4,random,random
R_10GzkFvQJyHn4oS,38638,620,0,0.0,Qwen3-8B,3,random,random
R_10GzkFvQJyHn4oS,38694,621,1,0.0,Qwen3-8B,1,random,random
R_10GzkFvQJyHn4oS,38753,622,0,0.0,Qwen3-8B,1,random,random
R_10GzkFvQJyHn4oS,38813,623,2,1.0,Qwen3-8B,3,random,random
R_10GzkFvQJyHn4oS,38872,624,3,1.0,Qwen3-8B,3,random,random
R_10GzkFvQJyHn4oS,38932,625,2,1.0,Qwen3-8B,3,random,random
R_10GzkFvQJyHn4oS,38993,626,2,1.0,Qwen3-8B,2,random,random
R_10GzkFvQJyHn4oS,39052,627,2,1.0,Qwen3-8B,2,random,random
R_10GzkFvQJyHn4oS,39111,628,1,0.0,Qwen3-8B,2,random,random
R_10GzkFvQJyHn4oS,39172,629,0,0.0,Qwen3-8B,1,random,random
R_10GzkFvQJyHn4oS,39230,630,0,0.0,Qwen3-8B,4,random,random
R_10GzkFvQJyHn4oS,39291,631,2,1.0,Qwen3-8B,2,random,random
R_10GzkFvQJyHn4oS,39350,632,1,0.0,Qwen3-8B,2,random,random
R_10GzkFvQJyHn4oS,39409,633,0,0.0,Qwen3-8B,2,random,random
R_10GzkFvQJyHn4oS,39470,634,1,0.0,Qwen3-8B,2,random,random
R_3G7hXcXOnJY95gD,37461,600,1,0.0,Qwen3-8B,1,random,random
R_3G7hXcXOnJY95gD,37522,601,3,1.0,Qwen3-8B,1,random,random
R_3G7hXcXOnJY95gD,37581,602,0,0.0,Qwen3-8B,1,random,random
R_3G7hXcXOnJY95gD,37640,603,1,0.0,Qwen3-8B,3,random,random
R_3G7hXcXOnJY95gD,37699,604,0,0.0,Qwen3-8B,4,random,random
R_3G7hXcXOnJY95gD,37759,605,0,0.0,Qwen3-8B,2,random,random
R_3G7hXcXOnJY95gD,37819,606,0,0.0,Qwen3-8B,3,random,random
R_3G7hXcXOnJY95gD,37879,607,2,1.0,Qwen3-8B,3,random,random
R_3G7hXcXOnJY95gD,37940,608,0,0.0,Qwen3-8B,4,random,random
R_3G7hXcXOnJY95gD,37994,609,0,0.0,Qwen3-8B,1,random,random
R_3G7hXcXOnJY95gD,38053,610,1,0.0,Qwen3-8B,2,random,random
R_3G7hXcXOnJY95gD,38115,611,0,0.0,Qwen3-8B,2,random,random
R_3G7hXcXOnJY95gD,38173,612,3,1.0,Qwen3-8B,3,random,random
R_3G7hXcXOnJY95gD,38231,613,0,0.0,Qwen3-8B,3,random,random
R_3G7hXcXOnJY95gD,38289,614,-1,,Qwen3-8B,5,random,random
R_3G7hXcXOnJY95gD,38350,615,4,1.0,Qwen3-8B,4,random,random
R_3G7hXcXOnJY95gD,38407,616,0,0.0,Qwen3-8B,2,random,random
R_3G7hXcXOnJY95gD,38468,617,1,0.0,Qwen3-8B,2,random,random
R_3G7hXcXOnJY95gD,38528,618,3,1.0,Qwen3-8B,3,random,random
R_3G7hXcXOnJY95gD,38588,619,1,0.0,Qwen3-8B,4,random,random
R_3G7hXcXOnJY95gD,38647,620,4,1.0,Qwen3-8B,3,random,random
R_3G7hXcXOnJY95gD,38703,621,0,0.0,Qwen3-8B,1,random,random
R_3G7hXcXOnJY95gD,38762,622,3,1.0,Qwen3-8B,1,random,random
R_3G7hXcXOnJY95gD,38823,623,1,0.0,Qwen3-8B,3,random,random
R_3G7hXcXOnJY95gD,38881,624,1,0.0,Qwen3-8B,3,random,random
R_3G7hXcXOnJY95gD,38942,625,3,1.0,Qwen3-8B,3,random,random
R_3G7hXcXOnJY95gD,39003,626,-1,,Qwen3-8B,2,random,random
R_3G7hXcXOnJY95gD,39062,627,4,1.0,Qwen3-8B,2,random,random
R_3G7hXcXOnJY95gD,39121,628,4,1.0,Qwen3-8B,2,random,random
R_3G7hXcXOnJY95gD,39182,629,2,1.0,Qwen3-8B,1,random,random
R_3G7hXcXOnJY95gD,39240,630,1,0.0,Qwen3-8B,4,random,random
R_3G7hXcXOnJY95gD,39300,631,3,1.0,Qwen3-8B,2,random,random
R_3G7hXcXOnJY95gD,39359,632,2,1.0,Qwen3-8B,2,random,random
R_3G7hXcXOnJY95gD,39418,633,2,1.0,Qwen3-8B,2,random,random
R_3G7hXcXOnJY95gD,39480,634,2,1.0,Qwen3-8B,2,random,random
R_3fC2XAoduiijcjc,39509,635,-1,,Qwen3-8B,3,random,random
R_3fC2XAoduiijcjc,39570,636,4,1.0,Qwen3-8B,5,random,random
R_3fC2XAoduiijcjc,39629,637,3,1.0,Qwen3-8B,3,random,random
R_3fC2XAoduiijcjc,39688,638,1,0.0,Qwen3-8B,1,random,random
R_3fC2XAoduiijcjc,39748,639,0,0.0,Qwen3-8B,1,random,random
R_3fC2XAoduiijcjc,39807,640,1,0.0,Qwen3-8B,2,random,random
R_3fC2XAoduiijcjc,39869,641,2,1.0,Qwen3-8B,3,random,random
R_3fC2XAoduiijcjc,39928,642,4,1.0,Qwen3-8B,4,random,random
R_3fC2XAoduiijcjc,39988,643,2,1.0,Qwen3-8B,4,random,random
R_3fC2XAoduiijcjc,40047,644,1,0.0,Qwen3-8B,2,random,random
R_3fC2XAoduiijcjc,40108,645,2,1.0,Qwen3-8B,5,random,random
R_3fC2XAoduiijcjc,40169,646,0,0.0,Qwen3-8B,1,random,random
R_3fC2XAoduiijcjc,40228,647,0,0.0,Qwen3-8B,3,random,random
R_3fC2XAoduiijcjc,40288,648,1,0.0,Qwen3-8B,2,random,random
R_3fC2XAoduiijcjc,40348,649,-1,,Qwen3-8B,4,random,random
R_3fC2XAoduiijcjc,40409,650,0,0.0,Qwen3-8B,1,random,random
R_3fC2XAoduiijcjc,40470,651,0,0.0,Qwen3-8B,2,random,random
R_3fC2XAoduiijcjc,40531,652,2,1.0,Qwen3-8B,3,random,random
R_3fC2XAoduiijcjc,40591,653,0,0.0,Qwen3-8B,3,random,random
R_3fC2XAoduiijcjc,40652,654,0,0.0,Qwen3-8B,1,random,random
R_3fC2XAoduiijcjc,40713,655,2,1.0,Qwen3-8B,1,random,random
R_3fC2XAoduiijcjc,40771,656,0,0.0,Qwen3-8B,2,random,random
R_3fC2XAoduiijcjc,40832,657,-1,,Qwen3-8B,2,random,random
R_3fC2XAoduiijcjc,40892,658,1,0.0,Qwen3-8B,3,random,random
R_3fC2XAoduiijcjc,40952,659,1,0.0,Qwen3-8B,4,random,random
R_3fC2XAoduiijcjc,41013,660,-1,,Qwen3-8B,2,random,random
R_3fC2XAoduiijcjc,41072,661,-1,,Qwen3-8B,3,random,random
R_3fC2XAoduiijcjc,41133,662,0,0.0,Qwen3-8B,1,random,random
R_3fC2XAoduiijcjc,41193,663,0,0.0,Qwen3-8B,1,random,random
R_3fC2XAoduiijcjc,41254,664,-1,,Qwen3-8B,1,random,random
R_3fC2XAoduiijcjc,41315,665,-1,,Qwen3-8B,1,random,random
R_3fC2XAoduiijcjc,41376,666,0,0.0,Qwen3-8B,1,random,random
R_3fC2XAoduiijcjc,41437,667,0,0.0,Qwen3-8B,2,random,random
R_3fC2XAoduiijcjc,41497,668,0,0.0,Qwen3-8B,1,random,random
R_3fC2XAoduiijcjc,41556,669,0,0.0,Qwen3-8B,3,random,random
R_6G0bHjmGwkgVClb,39529,635,0,0.0,Qwen3-8B,3,random,random
R_6G0bHjmGwkgVClb,39588,636,0,0.0,Qwen3-8B,5,random,random
R_6G0bHjmGwkgVClb,39648,637,0,0.0,Qwen3-8B,3,random,random
R_6G0bHjmGwkgVClb,39707,638,2,1.0,Qwen3-8B,1,random,random
R_6G0bHjmGwkgVClb,39767,639,0,0.0,Qwen3-8B,1,random,random
R_6G0bHjmGwkgVClb,39826,640,1,0.0,Qwen3-8B,2,random,random
R_6G0bHjmGwkgVClb,39889,641,1,0.0,Qwen3-8B,3,random,random
R_6G0bHjmGwkgVClb,39947,642,2,1.0,Qwen3-8B,4,random,random
R_6G0bHjmGwkgVClb,40007,643,2,1.0,Qwen3-8B,4,random,random
R_6G0bHjmGwkgVClb,40066,644,0,0.0,Qwen3-8B,2,random,random
R_6G0bHjmGwkgVClb,40127,645,0,0.0,Qwen3-8B,5,random,random
R_6G0bHjmGwkgVClb,40188,646,-1,,Qwen3-8B,1,random,random
R_6G0bHjmGwkgVClb,40247,647,0,0.0,Qwen3-8B,3,random,random
R_6G0bHjmGwkgVClb,40306,648,0,0.0,Qwen3-8B,2,random,random
R_6G0bHjmGwkgVClb,40367,649,0,0.0,Qwen3-8B,4,random,random
R_6G0bHjmGwkgVClb,40428,650,0,0.0,Qwen3-8B,1,random,random
R_6G0bHjmGwkgVClb,40489,651,0,0.0,Qwen3-8B,2,random,random
R_6G0bHjmGwkgVClb,40550,652,1,0.0,Qwen3-8B,3,random,random
R_6G0bHjmGwkgVClb,40610,653,0,0.0,Qwen3-8B,3,random,random
R_6G0bHjmGwkgVClb,40670,654,0,0.0,Qwen3-8B,1,random,random
R_6G0bHjmGwkgVClb,40731,655,0,0.0,Qwen3-8B,1,random,random
R_6G0bHjmGwkgVClb,40790,656,0,0.0,Qwen3-8B,2,random,random
R_6G0bHjmGwkgVClb,40851,657,-1,,Qwen3-8B,2,random,random
R_6G0bHjmGwkgVClb,40910,658,1,0.0,Qwen3-8B,3,random,random
R_6G0bHjmGwkgVClb,40970,659,4,1.0,Qwen3-8B,4,random,random
R_6G0bHjmGwkgVClb,41032,660,0,0.0,Qwen3-8B,2,random,random
R_6G0bHjmGwkgVClb,41091,661,1,0.0,Qwen3-8B,3,random,random
R_6G0bHjmGwkgVClb,41152,662,0,0.0,Qwen3-8B,1,random,random
R_6G0bHjmGwkgVClb,41212,663,0,0.0,Qwen3-8B,1,random,random
R_6G0bHjmGwkgVClb,41273,664,0,0.0,Qwen3-8B,1,random,random
R_6G0bHjmGwkgVClb,41334,665,1,0.0,Qwen3-8B,1,random,random
R_6G0bHjmGwkgVClb,41394,666,0,0.0,Qwen3-8B,1,random,random
R_6G0bHjmGwkgVClb,41455,667,0,0.0,Qwen3-8B,2,random,random
R_6G0bHjmGwkgVClb,41514,668,0,0.0,Qwen3-8B,1,random,random
R_6G0bHjmGwkgVClb,41575,669,1,0.0,Qwen3-8B,3,random,random
R_OIS9hkHqXFM7X4B,39530,635,0,0.0,Qwen3-8B,3,random,random
R_OIS9hkHqXFM7X4B,39589,636,2,1.0,Qwen3-8B,5,random,random
R_OIS9hkHqXFM7X4B,39649,637,0,0.0,Qwen3-8B,3,random,random
R_OIS9hkHqXFM7X4B,39708,638,0,0.0,Qwen3-8B,1,random,random
R_OIS9hkHqXFM7X4B,39768,639,0,0.0,Qwen3-8B,1,random,random
R_OIS9hkHqXFM7X4B,39827,640,0,0.0,Qwen3-8B,2,random,random
R_OIS9hkHqXFM7X4B,39890,641,0,0.0,Qwen3-8B,3,random,random
R_OIS9hkHqXFM7X4B,39948,642,4,1.0,Qwen3-8B,4,random,random
R_OIS9hkHqXFM7X4B,40008,643,1,0.0,Qwen3-8B,4,random,random
R_OIS9hkHqXFM7X4B,40067,644,0,0.0,Qwen3-8B,2,random,random
R_OIS9hkHqXFM7X4B,40128,645,0,0.0,Qwen3-8B,5,random,random
R_OIS9hkHqXFM7X4B,40189,646,0,0.0,Qwen3-8B,1,random,random
R_OIS9hkHqXFM7X4B,40248,647,0,0.0,Qwen3-8B,3,random,random
R_OIS9hkHqXFM7X4B,40307,648,2,1.0,Qwen3-8B,2,random,random
R_OIS9hkHqXFM7X4B,40368,649,2,1.0,Qwen3-8B,4,random,random
R_OIS9hkHqXFM7X4B,40429,650,0,0.0,Qwen3-8B,1,random,random
R_OIS9hkHqXFM7X4B,40490,651,0,0.0,Qwen3-8B,2,random,random
R_OIS9hkHqXFM7X4B,40551,652,0,0.0,Qwen3-8B,3,random,random
R_OIS9hkHqXFM7X4B,40611,653,1,0.0,Qwen3-8B,3,random,random
R_OIS9hkHqXFM7X4B,40671,654,1,0.0,Qwen3-8B,1,random,random
R_OIS9hkHqXFM7X4B,40732,655,0,0.0,Qwen3-8B,1,random,random
R_OIS9hkHqXFM7X4B,40791,656,0,0.0,Qwen3-8B,2,random,random
R_OIS9hkHqXFM7X4B,40852,657,0,0.0,Qwen3-8B,2,random,random
R_OIS9hkHqXFM7X4B,40911,658,0,0.0,Qwen3-8B,3,random,random
R_OIS9hkHqXFM7X4B,40971,659,1,0.0,Qwen3-8B,4,random,random
R_OIS9hkHqXFM7X4B,41033,660,1,0.0,Qwen3-8B,2,random,random
R_OIS9hkHqXFM7X4B,41092,661,0,0.0,Qwen3-8B,3,random,random
R_OIS9hkHqXFM7X4B,41153,662,2,1.0,Qwen3-8B,1,random,random
R_OIS9hkHqXFM7X4B,41213,663,1,0.0,Qwen3-8B,1,random,random
R_OIS9hkHqXFM7X4B,41274,664,0,0.0,Qwen3-8B,1,random,random
R_OIS9hkHqXFM7X4B,41335,665,1,0.0,Qwen3-8B,1,random,random
R_OIS9hkHqXFM7X4B,41395,666,0,0.0,Qwen3-8B,1,random,random
R_OIS9hkHqXFM7X4B,41456,667,0,0.0,Qwen3-8B,2,random,random
R_OIS9hkHqXFM7X4B,41515,668,2,1.0,Qwen3-8B,1,random,random
R_OIS9hkHqXFM7X4B,41576,669,1,0.0,Qwen3-8B,3,random,random
R_2D80z3BLgQXJyjU,39537,635,2,1.0,Qwen3-8B,3,random,random
R_2D80z3BLgQXJyjU,39597,636,3,1.0,Qwen3-8B,5,random,random
R_2D80z3BLgQXJyjU,39655,637,2,1.0,Qwen3-8B,3,random,random
R_2D80z3BLgQXJyjU,39715,638,0,0.0,Qwen3-8B,1,random,random
R_2D80z3BLgQXJyjU,39776,639,0,0.0,Qwen3-8B,1,random,random
R_2D80z3BLgQXJyjU,39834,640,1,0.0,Qwen3-8B,2,random,random
R_2D80z3BLgQXJyjU,39895,641,1,0.0,Qwen3-8B,3,random,random
R_2D80z3BLgQXJyjU,39956,642,0,0.0,Qwen3-8B,4,random,random
R_2D80z3BLgQXJyjU,40015,643,1,0.0,Qwen3-8B,4,random,random
R_2D80z3BLgQXJyjU,40075,644,3,1.0,Qwen3-8B,2,random,random
R_2D80z3BLgQXJyjU,40136,645,0,0.0,Qwen3-8B,5,random,random
R_2D80z3BLgQXJyjU,40195,646,3,1.0,Qwen3-8B,1,random,random
R_2D80z3BLgQXJyjU,40256,647,0,0.0,Qwen3-8B,3,random,random
R_2D80z3BLgQXJyjU,40315,648,2,1.0,Qwen3-8B,2,random,random
R_2D80z3BLgQXJyjU,40376,649,1,0.0,Qwen3-8B,4,random,random
R_2D80z3BLgQXJyjU,40436,650,0,0.0,Qwen3-8B,1,random,random
R_2D80z3BLgQXJyjU,40497,651,0,0.0,Qwen3-8B,2,random,random
R_2D80z3BLgQXJyjU,40559,652,1,0.0,Qwen3-8B,3,random,random
R_2D80z3BLgQXJyjU,40619,653,1,0.0,Qwen3-8B,3,random,random
R_2D80z3BLgQXJyjU,40679,654,0,0.0,Qwen3-8B,1,random,random
R_2D80z3BLgQXJyjU,40738,655,0,0.0,Qwen3-8B,1,random,random
R_2D80z3BLgQXJyjU,40799,656,0,0.0,Qwen3-8B,2,random,random
R_2D80z3BLgQXJyjU,40860,657,0,0.0,Qwen3-8B,2,random,random
R_2D80z3BLgQXJyjU,40919,658,0,0.0,Qwen3-8B,3,random,random
R_2D80z3BLgQXJyjU,40979,659,1,0.0,Qwen3-8B,4,random,random
R_2D80z3BLgQXJyjU,41039,660,1,0.0,Qwen3-8B,2,random,random
R_2D80z3BLgQXJyjU,41099,661,0,0.0,Qwen3-8B,3,random,random
R_2D80z3BLgQXJyjU,41161,662,0,0.0,Qwen3-8B,1,random,random
R_2D80z3BLgQXJyjU,41220,663,0,0.0,Qwen3-8B,1,random,random
R_2D80z3BLgQXJyjU,41282,664,0,0.0,Qwen3-8B,1,random,random
R_2D80z3BLgQXJyjU,41343,665,0,0.0,Qwen3-8B,1,random,random
R_2D80z3BLgQXJyjU,41403,666,0,0.0,Qwen3-8B,1,random,random
R_2D80z3BLgQXJyjU,41464,667,0,0.0,Qwen3-8B,2,random,random
R_2D80z3BLgQXJyjU,41523,668,0,0.0,Qwen3-8B,1,random,random
R_2D80z3BLgQXJyjU,41584,669,3,1.0,Qwen3-8B,3,random,random
R_ddwEZuBcMKmn1ex,39552,635,2,1.0,Qwen3-8B,3,random,random
R_ddwEZuBcMKmn1ex,39611,636,4,1.0,Qwen3-8B,5,random,random
R_ddwEZuBcMKmn1ex,39670,637,3,1.0,Qwen3-8B,3,random,random
R_ddwEZuBcMKmn1ex,39731,638,3,1.0,Qwen3-8B,1,random,random
R_ddwEZuBcMKmn1ex,39790,639,0,0.0,Qwen3-8B,1,random,random
R_ddwEZuBcMKmn1ex,39851,640,2,1.0,Qwen3-8B,2,random,random
R_ddwEZuBcMKmn1ex,39910,641,2,1.0,Qwen3-8B,3,random,random
R_ddwEZuBcMKmn1ex,39971,642,3,1.0,Qwen3-8B,4,random,random
R_ddwEZuBcMKmn1ex,40030,643,4,1.0,Qwen3-8B,4,random,random
R_ddwEZuBcMKmn1ex,40090,644,2,1.0,Qwen3-8B,2,random,random
R_ddwEZuBcMKmn1ex,40151,645,2,1.0,Qwen3-8B,5,random,random
R_ddwEZuBcMKmn1ex,40211,646,0,0.0,Qwen3-8B,1,random,random
R_ddwEZuBcMKmn1ex,40270,647,1,0.0,Qwen3-8B,3,random,random
R_ddwEZuBcMKmn1ex,40330,648,1,0.0,Qwen3-8B,2,random,random
R_ddwEZuBcMKmn1ex,40391,649,3,1.0,Qwen3-8B,4,random,random
R_ddwEZuBcMKmn1ex,40452,650,2,1.0,Qwen3-8B,1,random,random
R_ddwEZuBcMKmn1ex,40513,651,0,0.0,Qwen3-8B,2,random,random
R_ddwEZuBcMKmn1ex,40574,652,3,1.0,Qwen3-8B,3,random,random
R_ddwEZuBcMKmn1ex,40634,653,0,0.0,Qwen3-8B,3,random,random
R_ddwEZuBcMKmn1ex,40695,654,1,0.0,Qwen3-8B,1,random,random
R_ddwEZuBcMKmn1ex,40753,655,0,0.0,Qwen3-8B,1,random,random
R_ddwEZuBcMKmn1ex,40814,656,1,0.0,Qwen3-8B,2,random,random
R_ddwEZuBcMKmn1ex,40874,657,0,0.0,Qwen3-8B,2,random,random
R_ddwEZuBcMKmn1ex,40934,658,3,1.0,Qwen3-8B,3,random,random
R_ddwEZuBcMKmn1ex,40995,659,3,1.0,Qwen3-8B,4,random,random
R_ddwEZuBcMKmn1ex,41054,660,1,0.0,Qwen3-8B,2,random,random
R_ddwEZuBcMKmn1ex,41115,661,1,0.0,Qwen3-8B,3,random,random
R_ddwEZuBcMKmn1ex,41175,662,0,0.0,Qwen3-8B,1,random,random
R_ddwEZuBcMKmn1ex,41236,663,1,0.0,Qwen3-8B,1,random,random
R_ddwEZuBcMKmn1ex,41297,664,0,0.0,Qwen3-8B,1,random,random
R_ddwEZuBcMKmn1ex,41358,665,1,0.0,Qwen3-8B,1,random,random
R_ddwEZuBcMKmn1ex,41419,666,0,0.0,Qwen3-8B,1,random,random
R_ddwEZuBcMKmn1ex,41479,667,0,0.0,Qwen3-8B,2,random,random
R_ddwEZuBcMKmn1ex,41538,668,0,0.0,Qwen3-8B,1,random,random
R_ddwEZuBcMKmn1ex,41599,669,2,1.0,Qwen3-8B,3,random,random
R_2dimJDwfm0awgbx,39553,635,-1,,Qwen3-8B,3,random,random
R_2dimJDwfm0awgbx,39612,636,4,1.0,Qwen3-8B,5,random,random
R_2dimJDwfm0awgbx,39671,637,2,1.0,Qwen3-8B,3,random,random
R_2dimJDwfm0awgbx,39732,638,1,0.0,Qwen3-8B,1,random,random
R_2dimJDwfm0awgbx,39791,639,2,1.0,Qwen3-8B,1,random,random
R_2dimJDwfm0awgbx,39852,640,-1,,Qwen3-8B,2,random,random
R_2dimJDwfm0awgbx,39911,641,3,1.0,Qwen3-8B,3,random,random
R_2dimJDwfm0awgbx,39972,642,4,1.0,Qwen3-8B,4,random,random
R_2dimJDwfm0awgbx,40031,643,4,1.0,Qwen3-8B,4,random,random
R_2dimJDwfm0awgbx,40091,644,1,0.0,Qwen3-8B,2,random,random
R_2dimJDwfm0awgbx,40152,645,4,1.0,Qwen3-8B,5,random,random
R_2dimJDwfm0awgbx,40212,646,1,0.0,Qwen3-8B,1,random,random
R_2dimJDwfm0awgbx,40271,647,0,0.0,Qwen3-8B,3,random,random
R_2dimJDwfm0awgbx,40331,648,4,1.0,Qwen3-8B,2,random,random
R_2dimJDwfm0awgbx,40392,649,4,1.0,Qwen3-8B,4,random,random
R_2dimJDwfm0awgbx,40453,650,3,1.0,Qwen3-8B,1,random,random
R_2dimJDwfm0awgbx,40514,651,3,1.0,Qwen3-8B,2,random,random
R_2dimJDwfm0awgbx,40575,652,4,1.0,Qwen3-8B,3,random,random
R_2dimJDwfm0awgbx,40635,653,0,0.0,Qwen3-8B,3,random,random
R_2dimJDwfm0awgbx,40696,654,0,0.0,Qwen3-8B,1,random,random
R_2dimJDwfm0awgbx,40754,655,0,0.0,Qwen3-8B,1,random,random
R_2dimJDwfm0awgbx,40815,656,0,0.0,Qwen3-8B,2,random,random
R_2dimJDwfm0awgbx,40875,657,0,0.0,Qwen3-8B,2,random,random
R_2dimJDwfm0awgbx,40935,658,3,1.0,Qwen3-8B,3,random,random
R_2dimJDwfm0awgbx,40996,659,2,1.0,Qwen3-8B,4,random,random
R_2dimJDwfm0awgbx,41055,660,2,1.0,Qwen3-8B,2,random,random
R_2dimJDwfm0awgbx,41116,661,2,1.0,Qwen3-8B,3,random,random
R_2dimJDwfm0awgbx,41176,662,-1,,Qwen3-8B,1,random,random
R_2dimJDwfm0awgbx,41237,663,0,0.0,Qwen3-8B,1,random,random
R_2dimJDwfm0awgbx,41298,664,0,0.0,Qwen3-8B,1,random,random
R_2dimJDwfm0awgbx,41359,665,0,0.0,Qwen3-8B,1,random,random
R_2dimJDwfm0awgbx,41420,666,0,0.0,Qwen3-8B,1,random,random
R_2dimJDwfm0awgbx,41480,667,0,0.0,Qwen3-8B,2,random,random
R_2dimJDwfm0awgbx,41539,668,1,0.0,Qwen3-8B,1,random,random
R_2dimJDwfm0awgbx,41600,669,0,0.0,Qwen3-8B,3,random,random
R_xnDVinwTydYmRWN,41617,670,0,0.0,Qwen3-8B,3,random,random
R_xnDVinwTydYmRWN,41683,671,0,0.0,Qwen3-8B,3,random,random
R_xnDVinwTydYmRWN,41744,672,0,0.0,Qwen3-8B,1,random,random
R_xnDVinwTydYmRWN,41805,673,-1,,Qwen3-8B,3,random,random
R_xnDVinwTydYmRWN,41867,674,0,0.0,Qwen3-8B,2,random,random
R_xnDVinwTydYmRWN,41929,675,-1,,Qwen3-8B,4,random,random
R_xnDVinwTydYmRWN,41994,676,0,0.0,Qwen3-8B,3,random,random
R_xnDVinwTydYmRWN,42056,677,0,0.0,Qwen3-8B,3,random,random
R_xnDVinwTydYmRWN,42118,678,0,0.0,Qwen3-8B,2,random,random
R_xnDVinwTydYmRWN,42181,679,0,0.0,Qwen3-8B,4,random,random
R_xnDVinwTydYmRWN,42243,680,0,0.0,Qwen3-8B,2,random,random
R_xnDVinwTydYmRWN,42303,681,-1,,Qwen3-8B,1,random,random
R_xnDVinwTydYmRWN,42347,682,0,0.0,Qwen3-8B,3,random,random
R_xnDVinwTydYmRWN,42411,683,0,0.0,Qwen3-8B,3,random,random
R_xnDVinwTydYmRWN,42472,684,0,0.0,Qwen3-8B,3,random,random
R_xnDVinwTydYmRWN,42536,685,0,0.0,Qwen3-8B,1,random,random
R_xnDVinwTydYmRWN,42600,686,0,0.0,Qwen3-8B,3,random,random
R_xnDVinwTydYmRWN,42663,687,0,0.0,Qwen3-8B,3,random,random
R_xnDVinwTydYmRWN,42728,688,0,0.0,Qwen3-8B,1,random,random
R_xnDVinwTydYmRWN,42791,689,0,0.0,Qwen3-8B,3,random,random
R_xnDVinwTydYmRWN,42855,690,0,0.0,Qwen3-8B,2,random,random
R_xnDVinwTydYmRWN,42917,691,0,0.0,Qwen3-8B,3,random,random
R_xnDVinwTydYmRWN,42980,692,-1,,Qwen3-8B,2,random,random
R_xnDVinwTydYmRWN,43041,693,-1,,Qwen3-8B,1,random,random
R_xnDVinwTydYmRWN,43106,694,0,0.0,Qwen3-8B,5,random,random
R_xnDVinwTydYmRWN,43168,695,-1,,Qwen3-8B,1,random,random
R_xnDVinwTydYmRWN,43231,696,-1,,Qwen3-8B,3,random,random
R_xnDVinwTydYmRWN,43297,697,0,0.0,Qwen3-8B,2,random,random
R_xnDVinwTydYmRWN,43360,698,0,0.0,Qwen3-8B,4,random,random
R_xnDVinwTydYmRWN,43420,699,0,0.0,Qwen3-8B,3,random,random
R_xnDVinwTydYmRWN,43485,700,0,0.0,Qwen3-8B,2,random,random
R_xnDVinwTydYmRWN,43546,701,0,0.0,Qwen3-8B,1,random,random
R_xnDVinwTydYmRWN,43609,702,0,0.0,Qwen3-8B,3,random,random
R_xnDVinwTydYmRWN,43672,703,0,0.0,Qwen3-8B,1,random,random
R_xnDVinwTydYmRWN,43736,704,-1,,Qwen3-8B,3,random,random
R_21FK2tGAeUDg5Yq,41662,670,0,0.0,Qwen3-8B,3,random,random
R_21FK2tGAeUDg5Yq,41726,671,0,0.0,Qwen3-8B,3,random,random
R_21FK2tGAeUDg5Yq,41787,672,-1,,Qwen3-8B,1,random,random
R_21FK2tGAeUDg5Yq,41849,673,0,0.0,Qwen3-8B,3,random,random
R_21FK2tGAeUDg5Yq,41910,674,0,0.0,Qwen3-8B,2,random,random
R_21FK2tGAeUDg5Yq,41974,675,0,0.0,Qwen3-8B,4,random,random
R_21FK2tGAeUDg5Yq,42037,676,0,0.0,Qwen3-8B,3,random,random
R_21FK2tGAeUDg5Yq,42101,677,0,0.0,Qwen3-8B,3,random,random
R_21FK2tGAeUDg5Yq,42164,678,0,0.0,Qwen3-8B,2,random,random
R_21FK2tGAeUDg5Yq,42224,679,2,1.0,Qwen3-8B,4,random,random
R_21FK2tGAeUDg5Yq,42288,680,0,0.0,Qwen3-8B,2,random,random
R_21FK2tGAeUDg5Yq,42331,681,0,0.0,Qwen3-8B,1,random,random
R_21FK2tGAeUDg5Yq,42392,682,0,0.0,Qwen3-8B,3,random,random
R_21FK2tGAeUDg5Yq,42455,683,0,0.0,Qwen3-8B,3,random,random
R_21FK2tGAeUDg5Yq,42518,684,0,0.0,Qwen3-8B,3,random,random
R_21FK2tGAeUDg5Yq,42582,685,2,1.0,Qwen3-8B,1,random,random
R_21FK2tGAeUDg5Yq,42644,686,0,0.0,Qwen3-8B,3,random,random
R_21FK2tGAeUDg5Yq,42708,687,0,0.0,Qwen3-8B,3,random,random
R_21FK2tGAeUDg5Yq,42772,688,0,0.0,Qwen3-8B,1,random,random
R_21FK2tGAeUDg5Yq,42836,689,0,0.0,Qwen3-8B,3,random,random
R_21FK2tGAeUDg5Yq,42900,690,0,0.0,Qwen3-8B,2,random,random
R_21FK2tGAeUDg5Yq,42961,691,0,0.0,Qwen3-8B,3,random,random
R_21FK2tGAeUDg5Yq,43023,692,0,0.0,Qwen3-8B,2,random,random
R_21FK2tGAeUDg5Yq,43086,693,-1,,Qwen3-8B,1,random,random
R_21FK2tGAeUDg5Yq,43150,694,0,0.0,Qwen3-8B,5,random,random
R_21FK2tGAeUDg5Yq,43214,695,0,0.0,Qwen3-8B,1,random,random
R_21FK2tGAeUDg5Yq,43277,696,0,0.0,Qwen3-8B,3,random,random
R_21FK2tGAeUDg5Yq,43340,697,-1,,Qwen3-8B,2,random,random
R_21FK2tGAeUDg5Yq,43404,698,0,0.0,Qwen3-8B,4,random,random
R_21FK2tGAeUDg5Yq,43465,699,0,0.0,Qwen3-8B,3,random,random
R_21FK2tGAeUDg5Yq,43528,700,0,0.0,Qwen3-8B,2,random,random
R_21FK2tGAeUDg5Yq,43591,701,0,0.0,Qwen3-8B,1,random,random
R_21FK2tGAeUDg5Yq,43654,702,0,0.0,Qwen3-8B,3,random,random
R_21FK2tGAeUDg5Yq,43716,703,0,0.0,Qwen3-8B,1,random,random
R_21FK2tGAeUDg5Yq,43780,704,0,0.0,Qwen3-8B,3,random,random
R_byeLD2z2JRT0Fbz,42504,684,0,0.0,Qwen3-8B,3,random,random
R_byeLD2z2JRT0Fbz,48488,770,0,0.0,Qwen3-8B,2,random,random
R_byeLD2z2JRT0Fbz,51551,817,0,0.0,Qwen3-8B,3,random,random
R_byeLD2z2JRT0Fbz,62788,993,0,0.0,Qwen3-8B,3,random,random
R_byeLD2z2JRT0Fbz,66833,1057,0,0.0,Qwen3-8B,3,random,random
R_byeLD2z2JRT0Fbz,71817,1147,0,0.0,Qwen3-8B,2,random,random
R_byeLD2z2JRT0Fbz,97620,2171,0,0.0,Qwen3-8B,5,social-group,jewish
R_byeLD2z2JRT0Fbz,97643,2172,0,0.0,Qwen3-8B,1,random,random
R_byeLD2z2JRT0Fbz,97666,2173,0,0.0,Qwen3-8B,1,random,random
R_byeLD2z2JRT0Fbz,97689,2174,0,0.0,Qwen3-8B,3,social-group,jewish
R_byeLD2z2JRT0Fbz,97712,2175,0,0.0,Qwen3-8B,3,social-group,christian
R_byeLD2z2JRT0Fbz,97735,2176,0,0.0,Qwen3-8B,3,social-group,LGB
R_byeLD2z2JRT0Fbz,97758,2177,0,0.0,Qwen3-8B,2,social-group,transgender
R_byeLD2z2JRT0Fbz,97781,2178,0,0.0,Qwen3-8B,4,social-group,christian
R_byeLD2z2JRT0Fbz,97804,2179,0,0.0,Qwen3-8B,3,social-group,christian
R_byeLD2z2JRT0Fbz,97827,2180,0,0.0,Qwen3-8B,5,social-group,LGB
R_byeLD2z2JRT0Fbz,97850,2181,0,0.0,Qwen3-8B,2,social-group,LGB
R_byeLD2z2JRT0Fbz,97873,2182,0,0.0,Qwen3-8B,5,social-group,transgender
R_byeLD2z2JRT0Fbz,97896,2183,0,0.0,Qwen3-8B,3,social-group,muslim
R_byeLD2z2JRT0Fbz,97919,2184,0,0.0,Qwen3-8B,2,moral,authority
R_byeLD2z2JRT0Fbz,97942,2185,0,0.0,Qwen3-8B,2,random,random
R_byeLD2z2JRT0Fbz,97965,2186,0,0.0,Qwen3-8B,3,social-group,muslim
R_byeLD2z2JRT0Fbz,97988,2187,0,0.0,Qwen3-8B,3,social-group,christian
R_byeLD2z2JRT0Fbz,98011,2188,0,0.0,Qwen3-8B,3,social-group,transgender
R_byeLD2z2JRT0Fbz,98034,2189,0,0.0,Qwen3-8B,1,moral,authority
R_byeLD2z2JRT0Fbz,98057,2190,0,0.0,Qwen3-8B,5,social-group,jewish
R_byeLD2z2JRT0Fbz,98080,2191,0,0.0,Qwen3-8B,1,random,random
R_byeLD2z2JRT0Fbz,98103,2192,0,0.0,Qwen3-8B,5,social-group,jewish
R_byeLD2z2JRT0Fbz,98126,2193,0,0.0,Qwen3-8B,1,moral,loyalty
R_byeLD2z2JRT0Fbz,98149,2194,0,0.0,Qwen3-8B,2,moral,authority
R_byeLD2z2JRT0Fbz,98172,2195,0,0.0,Qwen3-8B,2,social-group,transgender
R_byeLD2z2JRT0Fbz,98195,2196,0,0.0,Qwen3-8B,4,random,random
R_byeLD2z2JRT0Fbz,98218,2197,0,0.0,Qwen3-8B,3,moral,fairness
R_byeLD2z2JRT0Fbz,98241,2198,0,0.0,Qwen3-8B,4,random,random
R_byeLD2z2JRT0Fbz,98264,2199,0,0.0,Qwen3-8B,3,social-group,christian
R_32KCYPTPc6vOyoC,43797,705,0,0.0,Qwen3-8B,5,random,random
R_32KCYPTPc6vOyoC,43859,706,0,0.0,Qwen3-8B,3,random,random
R_32KCYPTPc6vOyoC,43922,707,0,0.0,Qwen3-8B,2,random,random
R_32KCYPTPc6vOyoC,43984,708,0,0.0,Qwen3-8B,1,random,random
R_32KCYPTPc6vOyoC,44046,709,0,0.0,Qwen3-8B,2,random,random
R_32KCYPTPc6vOyoC,44107,710,0,0.0,Qwen3-8B,3,random,random
R_32KCYPTPc6vOyoC,44182,711,0,0.0,Qwen3-8B,1,random,random
R_32KCYPTPc6vOyoC,44182,711,0,0.0,Qwen3-8B,1,moral,fairness
R_32KCYPTPc6vOyoC,44182,711,0,0.0,Qwen3-8B,1,random,random
R_32KCYPTPc6vOyoC,44182,711,0,0.0,Qwen3-8B,1,moral,fairness
R_32KCYPTPc6vOyoC,44339,712,0,0.0,Qwen3-8B,3,random,random
R_32KCYPTPc6vOyoC,44400,713,-1,,Qwen3-8B,3,random,random
R_32KCYPTPc6vOyoC,44464,714,2,1.0,Qwen3-8B,4,random,random
R_32KCYPTPc6vOyoC,44527,715,0,0.0,Qwen3-8B,3,random,random
R_32KCYPTPc6vOyoC,44592,716,0,0.0,Qwen3-8B,2,random,random
R_32KCYPTPc6vOyoC,44653,717,0,0.0,Qwen3-8B,4,random,random
R_32KCYPTPc6vOyoC,44717,718,1,0.0,Qwen3-8B,3,random,random
R_32KCYPTPc6vOyoC,44781,719,1,0.0,Qwen3-8B,3,random,random
R_32KCYPTPc6vOyoC,44843,720,0,0.0,Qwen3-8B,3,random,random
R_32KCYPTPc6vOyoC,44886,721,2,1.0,Qwen3-8B,3,random,random
R_32KCYPTPc6vOyoC,44950,722,1,0.0,Qwen3-8B,2,random,random
R_32KCYPTPc6vOyoC,45027,723,0,0.0,Qwen3-8B,2,random,random
R_32KCYPTPc6vOyoC,45027,723,0,0.0,Qwen3-8B,2,moral,fairness
R_32KCYPTPc6vOyoC,45027,723,0,0.0,Qwen3-8B,2,random,random
R_32KCYPTPc6vOyoC,45027,723,0,0.0,Qwen3-8B,2,moral,fairness
R_32KCYPTPc6vOyoC,45182,724,1,0.0,Qwen3-8B,3,random,random
R_32KCYPTPc6vOyoC,45246,725,0,0.0,Qwen3-8B,2,random,random
R_32KCYPTPc6vOyoC,45309,726,0,0.0,Qwen3-8B,1,random,random
R_32KCYPTPc6vOyoC,45372,727,0,0.0,Qwen3-8B,2,random,random
R_32KCYPTPc6vOyoC,45435,728,0,0.0,Qwen3-8B,2,random,random
R_32KCYPTPc6vOyoC,45499,729,0,0.0,Qwen3-8B,2,random,random
R_32KCYPTPc6vOyoC,45561,730,2,1.0,Qwen3-8B,3,random,random
R_32KCYPTPc6vOyoC,45625,731,0,0.0,Qwen3-8B,1,random,random
R_32KCYPTPc6vOyoC,45687,732,0,0.0,Qwen3-8B,2,random,random
R_32KCYPTPc6vOyoC,45750,733,0,0.0,Qwen3-8B,3,random,random
R_32KCYPTPc6vOyoC,45813,734,2,1.0,Qwen3-8B,2,random,random
R_32KCYPTPc6vOyoC,45877,735,0,0.0,Qwen3-8B,2,random,random
R_32KCYPTPc6vOyoC,45939,736,0,0.0,Qwen3-8B,2,random,random
R_32KCYPTPc6vOyoC,46002,737,2,1.0,Qwen3-8B,3,random,random
R_32KCYPTPc6vOyoC,46065,738,0,0.0,Qwen3-8B,4,random,random
R_32KCYPTPc6vOyoC,46127,739,0,0.0,Qwen3-8B,3,random,random
R_2aKWnwQGCQOftW7,43801,705,2,1.0,Qwen3-8B,5,random,random
R_2aKWnwQGCQOftW7,43863,706,0,0.0,Qwen3-8B,3,random,random
R_2aKWnwQGCQOftW7,43926,707,0,0.0,Qwen3-8B,2,random,random
R_2aKWnwQGCQOftW7,43988,708,0,0.0,Qwen3-8B,1,random,random
R_2aKWnwQGCQOftW7,44051,709,0,0.0,Qwen3-8B,2,random,random
R_2aKWnwQGCQOftW7,44111,710,2,1.0,Qwen3-8B,3,random,random
R_2aKWnwQGCQOftW7,44196,711,0,0.0,Qwen3-8B,1,random,random
R_2aKWnwQGCQOftW7,44196,711,0,0.0,Qwen3-8B,1,moral,fairness
R_2aKWnwQGCQOftW7,44196,711,0,0.0,Qwen3-8B,1,random,random
R_2aKWnwQGCQOftW7,44196,711,0,0.0,Qwen3-8B,1,moral,fairness
R_2aKWnwQGCQOftW7,44343,712,0,0.0,Qwen3-8B,3,random,random
R_2aKWnwQGCQOftW7,44404,713,2,1.0,Qwen3-8B,3,random,random
R_2aKWnwQGCQOftW7,44468,714,4,1.0,Qwen3-8B,4,random,random
R_2aKWnwQGCQOftW7,44531,715,4,1.0,Qwen3-8B,3,random,random
R_2aKWnwQGCQOftW7,44596,716,2,1.0,Qwen3-8B,2,random,random
R_2aKWnwQGCQOftW7,44656,717,2,1.0,Qwen3-8B,4,random,random
R_2aKWnwQGCQOftW7,44721,718,3,1.0,Qwen3-8B,3,random,random
R_2aKWnwQGCQOftW7,44785,719,3,1.0,Qwen3-8B,3,random,random
R_2aKWnwQGCQOftW7,44844,720,0,0.0,Qwen3-8B,3,random,random
R_2aKWnwQGCQOftW7,44890,721,4,1.0,Qwen3-8B,3,random,random
R_2aKWnwQGCQOftW7,44954,722,4,1.0,Qwen3-8B,2,random,random
R_2aKWnwQGCQOftW7,45041,723,0,0.0,Qwen3-8B,2,random,random
R_2aKWnwQGCQOftW7,45041,723,0,0.0,Qwen3-8B,2,moral,fairness
R_2aKWnwQGCQOftW7,45041,723,0,0.0,Qwen3-8B,2,random,random
R_2aKWnwQGCQOftW7,45041,723,0,0.0,Qwen3-8B,2,moral,fairness
R_2aKWnwQGCQOftW7,45186,724,0,0.0,Qwen3-8B,3,random,random
R_2aKWnwQGCQOftW7,45251,725,2,1.0,Qwen3-8B,2,random,random
R_2aKWnwQGCQOftW7,45313,726,0,0.0,Qwen3-8B,1,random,random
R_2aKWnwQGCQOftW7,45376,727,0,0.0,Qwen3-8B,2,random,random
R_2aKWnwQGCQOftW7,45439,728,2,1.0,Qwen3-8B,2,random,random
R_2aKWnwQGCQOftW7,45503,729,3,1.0,Qwen3-8B,2,random,random
R_2aKWnwQGCQOftW7,45565,730,0,0.0,Qwen3-8B,3,random,random
R_2aKWnwQGCQOftW7,45628,731,0,0.0,Qwen3-8B,1,random,random
R_2aKWnwQGCQOftW7,45691,732,2,1.0,Qwen3-8B,2,random,random
R_2aKWnwQGCQOftW7,45754,733,1,0.0,Qwen3-8B,3,random,random
R_2aKWnwQGCQOftW7,45817,734,2,1.0,Qwen3-8B,2,random,random
R_2aKWnwQGCQOftW7,45881,735,0,0.0,Qwen3-8B,2,random,random
R_2aKWnwQGCQOftW7,45943,736,2,1.0,Qwen3-8B,2,random,random
R_2aKWnwQGCQOftW7,46006,737,0,0.0,Qwen3-8B,3,random,random
R_2aKWnwQGCQOftW7,46070,738,2,1.0,Qwen3-8B,4,random,random
R_2aKWnwQGCQOftW7,46131,739,2,1.0,Qwen3-8B,3,random,random
R_3eavhNP3cfD8jce,43811,705,0,0.0,Qwen3-8B,5,random,random
R_3eavhNP3cfD8jce,43873,706,0,0.0,Qwen3-8B,3,random,random
R_3eavhNP3cfD8jce,43936,707,0,0.0,Qwen3-8B,2,random,random
R_3eavhNP3cfD8jce,43998,708,0,0.0,Qwen3-8B,1,random,random
R_3eavhNP3cfD8jce,44061,709,0,0.0,Qwen3-8B,2,random,random
R_3eavhNP3cfD8jce,44120,710,0,0.0,Qwen3-8B,3,random,random
R_3eavhNP3cfD8jce,44222,711,0,0.0,Qwen3-8B,1,random,random
R_3eavhNP3cfD8jce,44222,711,0,0.0,Qwen3-8B,1,moral,fairness
R_3eavhNP3cfD8jce,44222,711,0,0.0,Qwen3-8B,1,random,random
R_3eavhNP3cfD8jce,44222,711,0,0.0,Qwen3-8B,1,moral,fairness
R_3eavhNP3cfD8jce,44353,712,0,0.0,Qwen3-8B,3,random,random
R_3eavhNP3cfD8jce,44414,713,0,0.0,Qwen3-8B,3,random,random
R_3eavhNP3cfD8jce,44478,714,0,0.0,Qwen3-8B,4,random,random
R_3eavhNP3cfD8jce,44542,715,0,0.0,Qwen3-8B,3,random,random
R_3eavhNP3cfD8jce,44606,716,0,0.0,Qwen3-8B,2,random,random
R_3eavhNP3cfD8jce,44666,717,0,0.0,Qwen3-8B,4,random,random
R_3eavhNP3cfD8jce,44731,718,0,0.0,Qwen3-8B,3,random,random
R_3eavhNP3cfD8jce,44795,719,0,0.0,Qwen3-8B,3,random,random
R_3eavhNP3cfD8jce,44851,720,0,0.0,Qwen3-8B,3,random,random
R_3eavhNP3cfD8jce,44900,721,0,0.0,Qwen3-8B,3,random,random
R_3eavhNP3cfD8jce,44964,722,0,0.0,Qwen3-8B,2,random,random
R_3eavhNP3cfD8jce,45067,723,0,0.0,Qwen3-8B,2,random,random
R_3eavhNP3cfD8jce,45067,723,0,0.0,Qwen3-8B,2,moral,fairness
R_3eavhNP3cfD8jce,45067,723,0,0.0,Qwen3-8B,2,random,random
R_3eavhNP3cfD8jce,45067,723,0,0.0,Qwen3-8B,2,moral,fairness
R_3eavhNP3cfD8jce,45196,724,3,1.0,Qwen3-8B,3,random,random
R_3eavhNP3cfD8jce,45261,725,0,0.0,Qwen3-8B,2,random,random
R_3eavhNP3cfD8jce,45323,726,2,1.0,Qwen3-8B,1,random,random
R_3eavhNP3cfD8jce,45386,727,0,0.0,Qwen3-8B,2,random,random
R_3eavhNP3cfD8jce,45449,728,0,0.0,Qwen3-8B,2,random,random
R_3eavhNP3cfD8jce,45511,729,0,0.0,Qwen3-8B,2,random,random
R_3eavhNP3cfD8jce,45575,730,0,0.0,Qwen3-8B,3,random,random
R_3eavhNP3cfD8jce,45638,731,0,0.0,Qwen3-8B,1,random,random
R_3eavhNP3cfD8jce,45701,732,0,0.0,Qwen3-8B,2,random,random
R_3eavhNP3cfD8jce,45764,733,0,0.0,Qwen3-8B,3,random,random
R_3eavhNP3cfD8jce,45827,734,0,0.0,Qwen3-8B,2,random,random
R_3eavhNP3cfD8jce,45891,735,0,0.0,Qwen3-8B,2,random,random
R_3eavhNP3cfD8jce,45953,736,0,0.0,Qwen3-8B,2,random,random
R_3eavhNP3cfD8jce,46016,737,0,0.0,Qwen3-8B,3,random,random
R_3eavhNP3cfD8jce,46080,738,0,0.0,Qwen3-8B,4,random,random
R_3eavhNP3cfD8jce,46141,739,0,0.0,Qwen3-8B,3,random,random
R_1j7o3A7vhdxvXLZ,46186,740,0,0.0,Qwen3-8B,3,random,random
R_1j7o3A7vhdxvXLZ,46257,741,0,0.0,Qwen3-8B,1,random,random
R_1j7o3A7vhdxvXLZ,46329,742,0,0.0,Qwen3-8B,1,random,random
R_1j7o3A7vhdxvXLZ,46401,743,0,0.0,Qwen3-8B,1,random,random
R_1j7o3A7vhdxvXLZ,46473,744,0,0.0,Qwen3-8B,1,random,random
R_1j7o3A7vhdxvXLZ,46544,745,0,0.0,Qwen3-8B,2,random,random
R_1j7o3A7vhdxvXLZ,46616,746,0,0.0,Qwen3-8B,2,random,random
R_1j7o3A7vhdxvXLZ,46687,747,0,0.0,Qwen3-8B,3,random,random
R_1j7o3A7vhdxvXLZ,46758,748,0,0.0,Qwen3-8B,2,random,random
R_1j7o3A7vhdxvXLZ,46827,749,0,0.0,Qwen3-8B,3,random,random
R_1j7o3A7vhdxvXLZ,46896,750,0,0.0,Qwen3-8B,3,random,random
R_1j7o3A7vhdxvXLZ,46968,751,0,0.0,Qwen3-8B,3,random,random
R_1j7o3A7vhdxvXLZ,47036,752,0,0.0,Qwen3-8B,3,random,random
R_1j7o3A7vhdxvXLZ,47107,753,0,0.0,Qwen3-8B,3,random,random
R_1j7o3A7vhdxvXLZ,47177,754,0,0.0,Qwen3-8B,3,random,random
R_1j7o3A7vhdxvXLZ,47249,755,0,0.0,Qwen3-8B,3,random,random
R_1j7o3A7vhdxvXLZ,47321,756,0,0.0,Qwen3-8B,1,random,random
R_1j7o3A7vhdxvXLZ,47393,757,0,0.0,Qwen3-8B,3,random,random
R_1j7o3A7vhdxvXLZ,47466,758,0,0.0,Qwen3-8B,3,random,random
R_1j7o3A7vhdxvXLZ,47537,759,0,0.0,Qwen3-8B,1,random,random
R_1j7o3A7vhdxvXLZ,47609,760,0,0.0,Qwen3-8B,1,random,random
R_1j7o3A7vhdxvXLZ,47679,761,0,0.0,Qwen3-8B,3,random,random
R_1j7o3A7vhdxvXLZ,47750,762,0,0.0,Qwen3-8B,2,random,random
R_1j7o3A7vhdxvXLZ,47821,763,0,0.0,Qwen3-8B,3,random,random
R_1j7o3A7vhdxvXLZ,47893,764,0,0.0,Qwen3-8B,1,random,random
R_1j7o3A7vhdxvXLZ,47965,765,0,0.0,Qwen3-8B,3,random,random
R_1j7o3A7vhdxvXLZ,48035,766,0,0.0,Qwen3-8B,3,random,random
R_1j7o3A7vhdxvXLZ,48106,767,0,0.0,Qwen3-8B,3,random,random
R_1j7o3A7vhdxvXLZ,48189,768,0,0.0,Qwen3-8B,1,random,random
R_1j7o3A7vhdxvXLZ,48189,768,0,0.0,Qwen3-8B,1,moral,loyalty
R_1j7o3A7vhdxvXLZ,48189,768,0,0.0,Qwen3-8B,1,random,random
R_1j7o3A7vhdxvXLZ,48189,768,0,0.0,Qwen3-8B,1,moral,loyalty
R_1j7o3A7vhdxvXLZ,48368,769,0,0.0,Qwen3-8B,2,random,random
R_1j7o3A7vhdxvXLZ,48440,770,0,0.0,Qwen3-8B,2,random,random
R_1j7o3A7vhdxvXLZ,48512,771,0,0.0,Qwen3-8B,2,random,random
R_1j7o3A7vhdxvXLZ,48585,772,0,0.0,Qwen3-8B,4,random,random
R_1j7o3A7vhdxvXLZ,48656,773,0,0.0,Qwen3-8B,3,random,random
R_1j7o3A7vhdxvXLZ,48724,774,0,0.0,Qwen3-8B,3,random,random
R_1jE5H62kBUOP3cw,46201,740,0,0.0,Qwen3-8B,3,random,random
R_1jE5H62kBUOP3cw,46272,741,0,0.0,Qwen3-8B,1,random,random
R_1jE5H62kBUOP3cw,46343,742,0,0.0,Qwen3-8B,1,random,random
R_1jE5H62kBUOP3cw,46416,743,0,0.0,Qwen3-8B,1,random,random
R_1jE5H62kBUOP3cw,46488,744,0,0.0,Qwen3-8B,1,random,random
R_1jE5H62kBUOP3cw,46559,745,1,0.0,Qwen3-8B,2,random,random
R_1jE5H62kBUOP3cw,46631,746,1,0.0,Qwen3-8B,2,random,random
R_1jE5H62kBUOP3cw,46702,747,0,0.0,Qwen3-8B,3,random,random
R_1jE5H62kBUOP3cw,46773,748,1,0.0,Qwen3-8B,2,random,random
R_1jE5H62kBUOP3cw,46841,749,0,0.0,Qwen3-8B,3,random,random
R_1jE5H62kBUOP3cw,46911,750,1,0.0,Qwen3-8B,3,random,random
R_1jE5H62kBUOP3cw,46980,751,1,0.0,Qwen3-8B,3,random,random
R_1jE5H62kBUOP3cw,47051,752,0,0.0,Qwen3-8B,3,random,random
R_1jE5H62kBUOP3cw,47122,753,0,0.0,Qwen3-8B,3,random,random
R_1jE5H62kBUOP3cw,47192,754,1,0.0,Qwen3-8B,3,random,random
R_1jE5H62kBUOP3cw,47264,755,0,0.0,Qwen3-8B,3,random,random
R_1jE5H62kBUOP3cw,47336,756,0,0.0,Qwen3-8B,1,random,random
R_1jE5H62kBUOP3cw,47408,757,2,1.0,Qwen3-8B,3,random,random
R_1jE5H62kBUOP3cw,47481,758,2,1.0,Qwen3-8B,3,random,random
R_1jE5H62kBUOP3cw,47552,759,0,0.0,Qwen3-8B,1,random,random
R_1jE5H62kBUOP3cw,47624,760,1,0.0,Qwen3-8B,1,random,random
R_1jE5H62kBUOP3cw,47694,761,0,0.0,Qwen3-8B,3,random,random
R_1jE5H62kBUOP3cw,47765,762,0,0.0,Qwen3-8B,2,random,random
R_1jE5H62kBUOP3cw,47836,763,0,0.0,Qwen3-8B,3,random,random
R_1jE5H62kBUOP3cw,47908,764,0,0.0,Qwen3-8B,1,random,random
R_1jE5H62kBUOP3cw,47980,765,0,0.0,Qwen3-8B,3,random,random
R_1jE5H62kBUOP3cw,48050,766,0,0.0,Qwen3-8B,3,random,random
R_1jE5H62kBUOP3cw,48121,767,0,0.0,Qwen3-8B,3,random,random
R_1jE5H62kBUOP3cw,48227,768,0,0.0,Qwen3-8B,1,random,random
R_1jE5H62kBUOP3cw,48227,768,0,0.0,Qwen3-8B,1,moral,loyalty
R_1jE5H62kBUOP3cw,48227,768,0,0.0,Qwen3-8B,1,random,random
R_1jE5H62kBUOP3cw,48227,768,0,0.0,Qwen3-8B,1,moral,loyalty
R_1jE5H62kBUOP3cw,48383,769,1,0.0,Qwen3-8B,2,random,random
R_1jE5H62kBUOP3cw,48455,770,0,0.0,Qwen3-8B,2,random,random
R_1jE5H62kBUOP3cw,48527,771,1,0.0,Qwen3-8B,2,random,random
R_1jE5H62kBUOP3cw,48599,772,1,0.0,Qwen3-8B,4,random,random
R_1jE5H62kBUOP3cw,48668,773,1,0.0,Qwen3-8B,3,random,random
R_1jE5H62kBUOP3cw,48739,774,1,0.0,Qwen3-8B,3,random,random
R_1HUvqBKOwTEXCBr,46207,740,-1,,Qwen3-8B,3,random,random
R_1HUvqBKOwTEXCBr,46278,741,0,0.0,Qwen3-8B,1,random,random
R_1HUvqBKOwTEXCBr,46349,742,-1,,Qwen3-8B,1,random,random
R_1HUvqBKOwTEXCBr,46422,743,1,0.0,Qwen3-8B,1,random,random
R_1HUvqBKOwTEXCBr,46494,744,1,0.0,Qwen3-8B,1,random,random
R_1HUvqBKOwTEXCBr,46565,745,2,1.0,Qwen3-8B,2,random,random
R_1HUvqBKOwTEXCBr,46636,746,4,1.0,Qwen3-8B,2,random,random
R_1HUvqBKOwTEXCBr,46708,747,2,1.0,Qwen3-8B,3,random,random
R_1HUvqBKOwTEXCBr,46779,748,4,1.0,Qwen3-8B,2,random,random
R_1HUvqBKOwTEXCBr,46847,749,-1,,Qwen3-8B,3,random,random
R_1HUvqBKOwTEXCBr,46917,750,3,1.0,Qwen3-8B,3,random,random
R_1HUvqBKOwTEXCBr,46986,751,4,1.0,Qwen3-8B,3,random,random
R_1HUvqBKOwTEXCBr,47057,752,4,1.0,Qwen3-8B,3,random,random
R_1HUvqBKOwTEXCBr,47128,753,4,1.0,Qwen3-8B,3,random,random
R_1HUvqBKOwTEXCBr,47197,754,2,1.0,Qwen3-8B,3,random,random
R_1HUvqBKOwTEXCBr,47270,755,0,0.0,Qwen3-8B,3,random,random
R_1HUvqBKOwTEXCBr,47342,756,0,0.0,Qwen3-8B,1,random,random
R_1HUvqBKOwTEXCBr,47414,757,4,1.0,Qwen3-8B,3,random,random
R_1HUvqBKOwTEXCBr,47487,758,1,0.0,Qwen3-8B,3,random,random
R_1HUvqBKOwTEXCBr,47558,759,4,1.0,Qwen3-8B,1,random,random
R_1HUvqBKOwTEXCBr,47630,760,4,1.0,Qwen3-8B,1,random,random
R_1HUvqBKOwTEXCBr,47700,761,4,1.0,Qwen3-8B,3,random,random
R_1HUvqBKOwTEXCBr,47771,762,0,0.0,Qwen3-8B,2,random,random
R_1HUvqBKOwTEXCBr,47842,763,1,0.0,Qwen3-8B,3,random,random
R_1HUvqBKOwTEXCBr,47914,764,0,0.0,Qwen3-8B,1,random,random
R_1HUvqBKOwTEXCBr,47986,765,1,0.0,Qwen3-8B,3,random,random
R_1HUvqBKOwTEXCBr,48056,766,2,1.0,Qwen3-8B,3,random,random
R_1HUvqBKOwTEXCBr,48127,767,0,0.0,Qwen3-8B,3,random,random
R_1HUvqBKOwTEXCBr,48245,768,0,0.0,Qwen3-8B,1,random,random
R_1HUvqBKOwTEXCBr,48245,768,0,0.0,Qwen3-8B,1,moral,loyalty
R_1HUvqBKOwTEXCBr,48245,768,0,0.0,Qwen3-8B,1,random,random
R_1HUvqBKOwTEXCBr,48245,768,0,0.0,Qwen3-8B,1,moral,loyalty
R_1HUvqBKOwTEXCBr,48389,769,1,0.0,Qwen3-8B,2,random,random
R_1HUvqBKOwTEXCBr,48461,770,-1,,Qwen3-8B,2,random,random
R_1HUvqBKOwTEXCBr,48533,771,4,1.0,Qwen3-8B,2,random,random
R_1HUvqBKOwTEXCBr,48605,772,4,1.0,Qwen3-8B,4,random,random
R_1HUvqBKOwTEXCBr,48674,773,0,0.0,Qwen3-8B,3,random,random
R_1HUvqBKOwTEXCBr,48745,774,2,1.0,Qwen3-8B,3,random,random
R_2zGSDPj5QhAYHM2,46240,740,1,0.0,Qwen3-8B,3,random,random
R_2zGSDPj5QhAYHM2,46311,741,0,0.0,Qwen3-8B,1,random,random
R_2zGSDPj5QhAYHM2,46383,742,0,0.0,Qwen3-8B,1,random,random
R_2zGSDPj5QhAYHM2,46455,743,0,0.0,Qwen3-8B,1,random,random
R_2zGSDPj5QhAYHM2,46526,744,0,0.0,Qwen3-8B,1,random,random
R_2zGSDPj5QhAYHM2,46598,745,0,0.0,Qwen3-8B,2,random,random
R_2zGSDPj5QhAYHM2,46670,746,0,0.0,Qwen3-8B,2,random,random
R_2zGSDPj5QhAYHM2,46741,747,1,0.0,Qwen3-8B,3,random,random
R_2zGSDPj5QhAYHM2,46811,748,1,0.0,Qwen3-8B,2,random,random
R_2zGSDPj5QhAYHM2,46879,749,1,0.0,Qwen3-8B,3,random,random
R_2zGSDPj5QhAYHM2,46950,750,1,0.0,Qwen3-8B,3,random,random
R_2zGSDPj5QhAYHM2,47018,751,2,1.0,Qwen3-8B,3,random,random
R_2zGSDPj5QhAYHM2,47089,752,0,0.0,Qwen3-8B,3,random,random
R_2zGSDPj5QhAYHM2,47160,753,2,1.0,Qwen3-8B,3,random,random
R_2zGSDPj5QhAYHM2,47231,754,3,1.0,Qwen3-8B,3,random,random
R_2zGSDPj5QhAYHM2,47303,755,2,1.0,Qwen3-8B,3,random,random
R_2zGSDPj5QhAYHM2,47375,756,1,0.0,Qwen3-8B,1,random,random
R_2zGSDPj5QhAYHM2,47447,757,2,1.0,Qwen3-8B,3,random,random
R_2zGSDPj5QhAYHM2,47520,758,3,1.0,Qwen3-8B,3,random,random
R_2zGSDPj5QhAYHM2,47591,759,0,0.0,Qwen3-8B,1,random,random
R_2zGSDPj5QhAYHM2,47662,760,3,1.0,Qwen3-8B,1,random,random
R_2zGSDPj5QhAYHM2,47733,761,3,1.0,Qwen3-8B,3,random,random
R_2zGSDPj5QhAYHM2,47804,762,4,1.0,Qwen3-8B,2,random,random
R_2zGSDPj5QhAYHM2,47875,763,1,0.0,Qwen3-8B,3,random,random
R_2zGSDPj5QhAYHM2,47947,764,0,0.0,Qwen3-8B,1,random,random
R_2zGSDPj5QhAYHM2,48018,765,2,1.0,Qwen3-8B,3,random,random
R_2zGSDPj5QhAYHM2,48089,766,4,1.0,Qwen3-8B,3,random,random
R_2zGSDPj5QhAYHM2,48160,767,1,0.0,Qwen3-8B,3,random,random
R_2zGSDPj5QhAYHM2,48325,768,1,0.0,Qwen3-8B,1,random,random
R_2zGSDPj5QhAYHM2,48325,768,1,0.0,Qwen3-8B,1,moral,loyalty
R_2zGSDPj5QhAYHM2,48325,768,1,0.0,Qwen3-8B,1,random,random
R_2zGSDPj5QhAYHM2,48325,768,1,0.0,Qwen3-8B,1,moral,loyalty
R_2zGSDPj5QhAYHM2,48422,769,2,1.0,Qwen3-8B,2,random,random
R_2zGSDPj5QhAYHM2,48494,770,1,0.0,Qwen3-8B,2,random,random
R_2zGSDPj5QhAYHM2,48566,771,0,0.0,Qwen3-8B,2,random,random
R_2zGSDPj5QhAYHM2,48638,772,4,1.0,Qwen3-8B,4,random,random
R_2zGSDPj5QhAYHM2,48706,773,1,0.0,Qwen3-8B,3,random,random
R_2zGSDPj5QhAYHM2,48777,774,1,0.0,Qwen3-8B,3,random,random
R_XHfvFS8VNJQ6Anv,48792,775,3,1.0,Qwen3-8B,2,random,random
R_XHfvFS8VNJQ6Anv,48855,776,1,0.0,Qwen3-8B,1,random,random
R_XHfvFS8VNJQ6Anv,48918,777,0,0.0,Qwen3-8B,4,random,random
R_XHfvFS8VNJQ6Anv,48981,778,1,0.0,Qwen3-8B,1,random,random
R_XHfvFS8VNJQ6Anv,49043,779,0,0.0,Qwen3-8B,3,random,random
R_XHfvFS8VNJQ6Anv,49106,780,2,1.0,Qwen3-8B,2,random,random
R_XHfvFS8VNJQ6Anv,49168,781,2,1.0,Qwen3-8B,2,random,random
R_XHfvFS8VNJQ6Anv,49230,782,3,1.0,Qwen3-8B,3,random,random
R_XHfvFS8VNJQ6Anv,49291,783,1,0.0,Qwen3-8B,3,random,random
R_XHfvFS8VNJQ6Anv,49354,784,1,0.0,Qwen3-8B,5,random,random
R_XHfvFS8VNJQ6Anv,49417,785,3,1.0,Qwen3-8B,2,random,random
R_XHfvFS8VNJQ6Anv,49479,786,0,0.0,Qwen3-8B,3,random,random
R_XHfvFS8VNJQ6Anv,49542,787,1,0.0,Qwen3-8B,4,random,random
R_XHfvFS8VNJQ6Anv,49604,788,1,0.0,Qwen3-8B,2,random,random
R_XHfvFS8VNJQ6Anv,49666,789,2,1.0,Qwen3-8B,2,random,random
R_XHfvFS8VNJQ6Anv,49727,790,1,0.0,Qwen3-8B,4,random,random
R_XHfvFS8VNJQ6Anv,49787,791,0,0.0,Qwen3-8B,2,random,random
R_XHfvFS8VNJQ6Anv,49849,792,0,0.0,Qwen3-8B,1,random,random
R_XHfvFS8VNJQ6Anv,49912,793,0,0.0,Qwen3-8B,1,random,random
R_XHfvFS8VNJQ6Anv,49972,794,1,0.0,Qwen3-8B,4,random,random
R_XHfvFS8VNJQ6Anv,50034,795,0,0.0,Qwen3-8B,2,random,random
R_XHfvFS8VNJQ6Anv,50096,796,2,1.0,Qwen3-8B,4,random,random
R_XHfvFS8VNJQ6Anv,50156,797,0,0.0,Qwen3-8B,4,random,random
R_XHfvFS8VNJQ6Anv,50219,798,0,0.0,Qwen3-8B,2,random,random
R_XHfvFS8VNJQ6Anv,50281,799,2,1.0,Qwen3-8B,4,random,random
R_XHfvFS8VNJQ6Anv,50343,800,1,0.0,Qwen3-8B,3,random,random
R_XHfvFS8VNJQ6Anv,50404,801,1,0.0,Qwen3-8B,3,random,random
R_XHfvFS8VNJQ6Anv,50467,802,0,0.0,Qwen3-8B,2,random,random
R_XHfvFS8VNJQ6Anv,50529,803,1,0.0,Qwen3-8B,2,random,random
R_XHfvFS8VNJQ6Anv,50592,804,0,0.0,Qwen3-8B,3,random,random
R_XHfvFS8VNJQ6Anv,50656,805,1,0.0,Qwen3-8B,2,random,random
R_XHfvFS8VNJQ6Anv,50718,806,2,1.0,Qwen3-8B,5,random,random
R_XHfvFS8VNJQ6Anv,50781,807,1,0.0,Qwen3-8B,2,random,random
R_XHfvFS8VNJQ6Anv,50844,808,1,0.0,Qwen3-8B,5,random,random
R_XHfvFS8VNJQ6Anv,50883,809,1,0.0,Qwen3-8B,3,random,random
R_yrS0MKI0OB7sX0l,48793,775,0,0.0,Qwen3-8B,2,random,random
R_yrS0MKI0OB7sX0l,48856,776,0,0.0,Qwen3-8B,1,random,random
R_yrS0MKI0OB7sX0l,48919,777,2,1.0,Qwen3-8B,4,random,random
R_yrS0MKI0OB7sX0l,48982,778,2,1.0,Qwen3-8B,1,random,random
R_yrS0MKI0OB7sX0l,49044,779,4,1.0,Qwen3-8B,3,random,random
R_yrS0MKI0OB7sX0l,49107,780,2,1.0,Qwen3-8B,2,random,random
R_yrS0MKI0OB7sX0l,49169,781,0,0.0,Qwen3-8B,2,random,random
R_yrS0MKI0OB7sX0l,49231,782,0,0.0,Qwen3-8B,3,random,random
R_yrS0MKI0OB7sX0l,49292,783,1,0.0,Qwen3-8B,3,random,random
R_yrS0MKI0OB7sX0l,49355,784,0,0.0,Qwen3-8B,5,random,random
R_yrS0MKI0OB7sX0l,49418,785,1,0.0,Qwen3-8B,2,random,random
R_yrS0MKI0OB7sX0l,49480,786,4,1.0,Qwen3-8B,3,random,random
R_yrS0MKI0OB7sX0l,49543,787,0,0.0,Qwen3-8B,4,random,random
R_yrS0MKI0OB7sX0l,49605,788,1,0.0,Qwen3-8B,2,random,random
R_yrS0MKI0OB7sX0l,49667,789,0,0.0,Qwen3-8B,2,random,random
R_yrS0MKI0OB7sX0l,49728,790,4,1.0,Qwen3-8B,4,random,random
R_yrS0MKI0OB7sX0l,49788,791,0,0.0,Qwen3-8B,2,random,random
R_yrS0MKI0OB7sX0l,49850,792,1,0.0,Qwen3-8B,1,random,random
R_yrS0MKI0OB7sX0l,49913,793,0,0.0,Qwen3-8B,1,random,random
R_yrS0MKI0OB7sX0l,49973,794,3,1.0,Qwen3-8B,4,random,random
R_yrS0MKI0OB7sX0l,50035,795,2,1.0,Qwen3-8B,2,random,random
R_yrS0MKI0OB7sX0l,50097,796,3,1.0,Qwen3-8B,4,random,random
R_yrS0MKI0OB7sX0l,50157,797,1,0.0,Qwen3-8B,4,random,random
R_yrS0MKI0OB7sX0l,50220,798,1,0.0,Qwen3-8B,2,random,random
R_yrS0MKI0OB7sX0l,50282,799,3,1.0,Qwen3-8B,4,random,random
R_yrS0MKI0OB7sX0l,50344,800,4,1.0,Qwen3-8B,3,random,random
R_yrS0MKI0OB7sX0l,50405,801,4,1.0,Qwen3-8B,3,random,random
R_yrS0MKI0OB7sX0l,50468,802,1,0.0,Qwen3-8B,2,random,random
R_yrS0MKI0OB7sX0l,50530,803,1,0.0,Qwen3-8B,2,random,random
R_yrS0MKI0OB7sX0l,50593,804,2,1.0,Qwen3-8B,3,random,random
R_yrS0MKI0OB7sX0l,50657,805,2,1.0,Qwen3-8B,2,random,random
R_yrS0MKI0OB7sX0l,50719,806,4,1.0,Qwen3-8B,5,random,random
R_yrS0MKI0OB7sX0l,50782,807,2,1.0,Qwen3-8B,2,random,random
R_yrS0MKI0OB7sX0l,50845,808,0,0.0,Qwen3-8B,5,random,random
R_yrS0MKI0OB7sX0l,50884,809,1,0.0,Qwen3-8B,3,random,random
R_tSt6ob3eKt1PbsB,48816,775,0,0.0,Qwen3-8B,2,random,random
R_tSt6ob3eKt1PbsB,48879,776,0,0.0,Qwen3-8B,1,random,random
R_tSt6ob3eKt1PbsB,48942,777,2,1.0,Qwen3-8B,4,random,random
R_tSt6ob3eKt1PbsB,49005,778,0,0.0,Qwen3-8B,1,random,random
R_tSt6ob3eKt1PbsB,49067,779,2,1.0,Qwen3-8B,3,random,random
R_tSt6ob3eKt1PbsB,49129,780,0,0.0,Qwen3-8B,2,random,random
R_tSt6ob3eKt1PbsB,49193,781,0,0.0,Qwen3-8B,2,random,random
R_tSt6ob3eKt1PbsB,49253,782,0,0.0,Qwen3-8B,3,random,random
R_tSt6ob3eKt1PbsB,49315,783,0,0.0,Qwen3-8B,3,random,random
R_tSt6ob3eKt1PbsB,49378,784,2,1.0,Qwen3-8B,5,random,random
R_tSt6ob3eKt1PbsB,49443,785,0,0.0,Qwen3-8B,2,random,random
R_tSt6ob3eKt1PbsB,49503,786,0,0.0,Qwen3-8B,3,random,random
R_tSt6ob3eKt1PbsB,49565,787,2,1.0,Qwen3-8B,4,random,random
R_tSt6ob3eKt1PbsB,49628,788,1,0.0,Qwen3-8B,2,random,random
R_tSt6ob3eKt1PbsB,49690,789,0,0.0,Qwen3-8B,2,random,random
R_tSt6ob3eKt1PbsB,49750,790,0,0.0,Qwen3-8B,4,random,random
R_tSt6ob3eKt1PbsB,49811,791,0,0.0,Qwen3-8B,2,random,random
R_tSt6ob3eKt1PbsB,49873,792,0,0.0,Qwen3-8B,1,random,random
R_tSt6ob3eKt1PbsB,49934,793,0,0.0,Qwen3-8B,1,random,random
R_tSt6ob3eKt1PbsB,49996,794,2,1.0,Qwen3-8B,4,random,random
R_tSt6ob3eKt1PbsB,50057,795,2,1.0,Qwen3-8B,2,random,random
R_tSt6ob3eKt1PbsB,50119,796,0,0.0,Qwen3-8B,4,random,random
R_tSt6ob3eKt1PbsB,50180,797,2,1.0,Qwen3-8B,4,random,random
R_tSt6ob3eKt1PbsB,50243,798,2,1.0,Qwen3-8B,2,random,random
R_tSt6ob3eKt1PbsB,50304,799,2,1.0,Qwen3-8B,4,random,random
R_tSt6ob3eKt1PbsB,50367,800,3,1.0,Qwen3-8B,3,random,random
R_tSt6ob3eKt1PbsB,50428,801,1,0.0,Qwen3-8B,3,random,random
R_tSt6ob3eKt1PbsB,50490,802,0,0.0,Qwen3-8B,2,random,random
R_tSt6ob3eKt1PbsB,50553,803,0,0.0,Qwen3-8B,2,random,random
R_tSt6ob3eKt1PbsB,50617,804,2,1.0,Qwen3-8B,3,random,random
R_tSt6ob3eKt1PbsB,50680,805,1,0.0,Qwen3-8B,2,random,random
R_tSt6ob3eKt1PbsB,50742,806,2,1.0,Qwen3-8B,5,random,random
R_tSt6ob3eKt1PbsB,50804,807,1,0.0,Qwen3-8B,2,random,random
R_tSt6ob3eKt1PbsB,50859,808,2,1.0,Qwen3-8B,5,random,random
R_tSt6ob3eKt1PbsB,50905,809,3,1.0,Qwen3-8B,3,random,random
R_1OvKmq0PW6jf0yR,48817,775,4,1.0,Qwen3-8B,2,random,random
R_1OvKmq0PW6jf0yR,48880,776,1,0.0,Qwen3-8B,1,random,random
R_1OvKmq0PW6jf0yR,48943,777,1,0.0,Qwen3-8B,4,random,random
R_1OvKmq0PW6jf0yR,49006,778,1,0.0,Qwen3-8B,1,random,random
R_1OvKmq0PW6jf0yR,49068,779,2,1.0,Qwen3-8B,3,random,random
R_1OvKmq0PW6jf0yR,49130,780,2,1.0,Qwen3-8B,2,random,random
R_1OvKmq0PW6jf0yR,49194,781,2,1.0,Qwen3-8B,2,random,random
R_1OvKmq0PW6jf0yR,49254,782,4,1.0,Qwen3-8B,3,random,random
R_1OvKmq0PW6jf0yR,49316,783,2,1.0,Qwen3-8B,3,random,random
R_1OvKmq0PW6jf0yR,49379,784,4,1.0,Qwen3-8B,5,random,random
R_1OvKmq0PW6jf0yR,49444,785,3,1.0,Qwen3-8B,2,random,random
R_1OvKmq0PW6jf0yR,49504,786,4,1.0,Qwen3-8B,3,random,random
R_1OvKmq0PW6jf0yR,49566,787,2,1.0,Qwen3-8B,4,random,random
R_1OvKmq0PW6jf0yR,49629,788,1,0.0,Qwen3-8B,2,random,random
R_1OvKmq0PW6jf0yR,49691,789,1,0.0,Qwen3-8B,2,random,random
R_1OvKmq0PW6jf0yR,49751,790,2,1.0,Qwen3-8B,4,random,random
R_1OvKmq0PW6jf0yR,49812,791,2,1.0,Qwen3-8B,2,random,random
R_1OvKmq0PW6jf0yR,49874,792,2,1.0,Qwen3-8B,1,random,random
R_1OvKmq0PW6jf0yR,49935,793,3,1.0,Qwen3-8B,1,random,random
R_1OvKmq0PW6jf0yR,49997,794,4,1.0,Qwen3-8B,4,random,random
R_1OvKmq0PW6jf0yR,50058,795,1,0.0,Qwen3-8B,2,random,random
R_1OvKmq0PW6jf0yR,50120,796,1,0.0,Qwen3-8B,4,random,random
R_1OvKmq0PW6jf0yR,50181,797,4,1.0,Qwen3-8B,4,random,random
R_1OvKmq0PW6jf0yR,50244,798,4,1.0,Qwen3-8B,2,random,random
R_1OvKmq0PW6jf0yR,50305,799,4,1.0,Qwen3-8B,4,random,random
R_1OvKmq0PW6jf0yR,50368,800,3,1.0,Qwen3-8B,3,random,random
R_1OvKmq0PW6jf0yR,50429,801,2,1.0,Qwen3-8B,3,random,random
R_1OvKmq0PW6jf0yR,50491,802,2,1.0,Qwen3-8B,2,random,random
R_1OvKmq0PW6jf0yR,50554,803,1,0.0,Qwen3-8B,2,random,random
R_1OvKmq0PW6jf0yR,50618,804,2,1.0,Qwen3-8B,3,random,random
R_1OvKmq0PW6jf0yR,50681,805,2,1.0,Qwen3-8B,2,random,random
R_1OvKmq0PW6jf0yR,50743,806,4,1.0,Qwen3-8B,5,random,random
R_1OvKmq0PW6jf0yR,50805,807,1,0.0,Qwen3-8B,2,random,random
R_1OvKmq0PW6jf0yR,50860,808,0,0.0,Qwen3-8B,5,random,random
R_1OvKmq0PW6jf0yR,50906,809,3,1.0,Qwen3-8B,3,random,random
R_1M00OD5VJxu1ncN,50961,810,1,0.0,Qwen3-8B,3,random,random
R_1M00OD5VJxu1ncN,51026,811,0,0.0,Qwen3-8B,1,random,random
R_1M00OD5VJxu1ncN,51119,812,1,0.0,Qwen3-8B,4,random,random
R_1M00OD5VJxu1ncN,51119,812,1,0.0,Qwen3-8B,4,moral,purity
R_1M00OD5VJxu1ncN,51119,812,1,0.0,Qwen3-8B,4,random,random
R_1M00OD5VJxu1ncN,51119,812,1,0.0,Qwen3-8B,4,moral,purity
R_1M00OD5VJxu1ncN,51264,813,1,0.0,Qwen3-8B,3,random,random
R_1M00OD5VJxu1ncN,51329,814,1,0.0,Qwen3-8B,3,random,random
R_1M00OD5VJxu1ncN,51393,815,1,0.0,Qwen3-8B,2,random,random
R_1M00OD5VJxu1ncN,51457,816,1,0.0,Qwen3-8B,1,random,random
R_1M00OD5VJxu1ncN,51521,817,1,0.0,Qwen3-8B,3,random,random
R_1M00OD5VJxu1ncN,51586,818,0,0.0,Qwen3-8B,3,random,random
R_1M00OD5VJxu1ncN,51650,819,0,0.0,Qwen3-8B,3,random,random
R_1M00OD5VJxu1ncN,51712,820,1,0.0,Qwen3-8B,1,random,random
R_1M00OD5VJxu1ncN,51777,821,1,0.0,Qwen3-8B,2,random,random
R_1M00OD5VJxu1ncN,51841,822,0,0.0,Qwen3-8B,2,random,random
R_1M00OD5VJxu1ncN,51905,823,0,0.0,Qwen3-8B,5,random,random
R_1M00OD5VJxu1ncN,51970,824,0,0.0,Qwen3-8B,5,random,random
R_1M00OD5VJxu1ncN,52034,825,4,1.0,Qwen3-8B,4,random,random
R_1M00OD5VJxu1ncN,52098,826,0,0.0,Qwen3-8B,3,random,random
R_1M00OD5VJxu1ncN,52162,827,1,0.0,Qwen3-8B,2,random,random
R_1M00OD5VJxu1ncN,52310,828,0,0.0,Qwen3-8B,1,random,random
R_1M00OD5VJxu1ncN,52310,828,0,0.0,Qwen3-8B,1,moral,loyalty
R_1M00OD5VJxu1ncN,52310,828,0,0.0,Qwen3-8B,1,random,random
R_1M00OD5VJxu1ncN,52310,828,0,0.0,Qwen3-8B,1,moral,loyalty
R_1M00OD5VJxu1ncN,52631,829,1,0.0,Qwen3-8B,3,random,random
R_1M00OD5VJxu1ncN,52696,830,1,0.0,Qwen3-8B,2,random,random
R_1M00OD5VJxu1ncN,52762,831,1,0.0,Qwen3-8B,4,random,random
R_1M00OD5VJxu1ncN,52826,832,0,0.0,Qwen3-8B,2,random,random
R_1M00OD5VJxu1ncN,52888,833,2,1.0,Qwen3-8B,3,random,random
R_1M00OD5VJxu1ncN,52952,834,2,1.0,Qwen3-8B,3,random,random
R_1M00OD5VJxu1ncN,53015,835,1,0.0,Qwen3-8B,2,random,random
R_1M00OD5VJxu1ncN,53078,836,1,0.0,Qwen3-8B,2,random,random
R_1M00OD5VJxu1ncN,53142,837,1,0.0,Qwen3-8B,1,random,random
R_1M00OD5VJxu1ncN,53207,838,2,1.0,Qwen3-8B,5,random,random
R_1M00OD5VJxu1ncN,53269,839,1,0.0,Qwen3-8B,3,random,random
R_1M00OD5VJxu1ncN,53334,840,1,0.0,Qwen3-8B,3,random,random
R_1M00OD5VJxu1ncN,53397,841,1,0.0,Qwen3-8B,2,random,random
R_1M00OD5VJxu1ncN,53463,842,1,0.0,Qwen3-8B,1,random,random
R_1M00OD5VJxu1ncN,53527,843,1,0.0,Qwen3-8B,2,random,random
R_1M00OD5VJxu1ncN,53590,844,0,0.0,Qwen3-8B,2,random,random
R_2D5o6I65EtlmXpw,50962,810,0,0.0,Qwen3-8B,3,random,random
R_2D5o6I65EtlmXpw,51027,811,0,0.0,Qwen3-8B,1,random,random
R_2D5o6I65EtlmXpw,51121,812,0,0.0,Qwen3-8B,4,random,random
R_2D5o6I65EtlmXpw,51121,812,0,0.0,Qwen3-8B,4,moral,purity
R_2D5o6I65EtlmXpw,51121,812,0,0.0,Qwen3-8B,4,random,random
R_2D5o6I65EtlmXpw,51121,812,0,0.0,Qwen3-8B,4,moral,purity
R_2D5o6I65EtlmXpw,51265,813,4,1.0,Qwen3-8B,3,random,random
R_2D5o6I65EtlmXpw,51330,814,0,0.0,Qwen3-8B,3,random,random
R_2D5o6I65EtlmXpw,51394,815,0,0.0,Qwen3-8B,2,random,random
R_2D5o6I65EtlmXpw,51458,816,4,1.0,Qwen3-8B,1,random,random
R_2D5o6I65EtlmXpw,51522,817,4,1.0,Qwen3-8B,3,random,random
R_2D5o6I65EtlmXpw,51587,818,4,1.0,Qwen3-8B,3,random,random
R_2D5o6I65EtlmXpw,51651,819,0,0.0,Qwen3-8B,3,random,random
R_2D5o6I65EtlmXpw,51713,820,0,0.0,Qwen3-8B,1,random,random
R_2D5o6I65EtlmXpw,51778,821,4,1.0,Qwen3-8B,2,random,random
R_2D5o6I65EtlmXpw,51842,822,0,0.0,Qwen3-8B,2,random,random
R_2D5o6I65EtlmXpw,51906,823,0,0.0,Qwen3-8B,5,random,random
R_2D5o6I65EtlmXpw,51971,824,0,0.0,Qwen3-8B,5,random,random
R_2D5o6I65EtlmXpw,52035,825,4,1.0,Qwen3-8B,4,random,random
R_2D5o6I65EtlmXpw,52099,826,0,0.0,Qwen3-8B,3,random,random
R_2D5o6I65EtlmXpw,52163,827,0,0.0,Qwen3-8B,2,random,random
R_2D5o6I65EtlmXpw,52312,828,0,0.0,Qwen3-8B,1,random,random
R_2D5o6I65EtlmXpw,52312,828,0,0.0,Qwen3-8B,1,moral,loyalty
R_2D5o6I65EtlmXpw,52312,828,0,0.0,Qwen3-8B,1,random,random
R_2D5o6I65EtlmXpw,52312,828,0,0.0,Qwen3-8B,1,moral,loyalty
R_2D5o6I65EtlmXpw,52632,829,4,1.0,Qwen3-8B,3,random,random
R_2D5o6I65EtlmXpw,52697,830,4,1.0,Qwen3-8B,2,random,random
R_2D5o6I65EtlmXpw,52763,831,4,1.0,Qwen3-8B,4,random,random
R_2D5o6I65EtlmXpw,52827,832,0,0.0,Qwen3-8B,2,random,random
R_2D5o6I65EtlmXpw,52889,833,4,1.0,Qwen3-8B,3,random,random
R_2D5o6I65EtlmXpw,52953,834,4,1.0,Qwen3-8B,3,random,random
R_2D5o6I65EtlmXpw,53016,835,4,1.0,Qwen3-8B,2,random,random
R_2D5o6I65EtlmXpw,53079,836,0,0.0,Qwen3-8B,2,random,random
R_2D5o6I65EtlmXpw,53143,837,4,1.0,Qwen3-8B,1,random,random
R_2D5o6I65EtlmXpw,53208,838,4,1.0,Qwen3-8B,5,random,random
R_2D5o6I65EtlmXpw,53270,839,4,1.0,Qwen3-8B,3,random,random
R_2D5o6I65EtlmXpw,53335,840,4,1.0,Qwen3-8B,3,random,random
R_2D5o6I65EtlmXpw,53398,841,4,1.0,Qwen3-8B,2,random,random
R_2D5o6I65EtlmXpw,53464,842,4,1.0,Qwen3-8B,1,random,random
R_2D5o6I65EtlmXpw,53528,843,4,1.0,Qwen3-8B,2,random,random
R_2D5o6I65EtlmXpw,53591,844,4,1.0,Qwen3-8B,2,random,random
R_9RiwxbUlfuhhbGh,50970,810,0,0.0,Qwen3-8B,3,random,random
R_9RiwxbUlfuhhbGh,51035,811,0,0.0,Qwen3-8B,1,random,random
R_9RiwxbUlfuhhbGh,51143,812,0,0.0,Qwen3-8B,4,random,random
R_9RiwxbUlfuhhbGh,51143,812,0,0.0,Qwen3-8B,4,moral,purity
R_9RiwxbUlfuhhbGh,51143,812,0,0.0,Qwen3-8B,4,random,random
R_9RiwxbUlfuhhbGh,51143,812,0,0.0,Qwen3-8B,4,moral,purity
R_9RiwxbUlfuhhbGh,51273,813,0,0.0,Qwen3-8B,3,random,random
R_9RiwxbUlfuhhbGh,51338,814,0,0.0,Qwen3-8B,3,random,random
R_9RiwxbUlfuhhbGh,51402,815,0,0.0,Qwen3-8B,2,random,random
R_9RiwxbUlfuhhbGh,51466,816,0,0.0,Qwen3-8B,1,random,random
R_9RiwxbUlfuhhbGh,51530,817,0,0.0,Qwen3-8B,3,random,random
R_9RiwxbUlfuhhbGh,51595,818,0,0.0,Qwen3-8B,3,random,random
R_9RiwxbUlfuhhbGh,51659,819,0,0.0,Qwen3-8B,3,random,random
R_9RiwxbUlfuhhbGh,51721,820,0,0.0,Qwen3-8B,1,random,random
R_9RiwxbUlfuhhbGh,51786,821,0,0.0,Qwen3-8B,2,random,random
R_9RiwxbUlfuhhbGh,51850,822,0,0.0,Qwen3-8B,2,random,random
R_9RiwxbUlfuhhbGh,51914,823,0,0.0,Qwen3-8B,5,random,random
R_9RiwxbUlfuhhbGh,51979,824,1,0.0,Qwen3-8B,5,random,random
R_9RiwxbUlfuhhbGh,52043,825,0,0.0,Qwen3-8B,4,random,random
R_9RiwxbUlfuhhbGh,52107,826,0,0.0,Qwen3-8B,3,random,random
R_9RiwxbUlfuhhbGh,52171,827,0,0.0,Qwen3-8B,2,random,random
R_9RiwxbUlfuhhbGh,52364,828,0,0.0,Qwen3-8B,1,random,random
R_9RiwxbUlfuhhbGh,52364,828,0,0.0,Qwen3-8B,1,moral,loyalty
R_9RiwxbUlfuhhbGh,52364,828,0,0.0,Qwen3-8B,1,random,random
R_9RiwxbUlfuhhbGh,52364,828,0,0.0,Qwen3-8B,1,moral,loyalty
R_9RiwxbUlfuhhbGh,52640,829,4,1.0,Qwen3-8B,3,random,random
R_9RiwxbUlfuhhbGh,52705,830,4,1.0,Qwen3-8B,2,random,random
R_9RiwxbUlfuhhbGh,52772,831,0,0.0,Qwen3-8B,4,random,random
R_9RiwxbUlfuhhbGh,52835,832,2,1.0,Qwen3-8B,2,random,random
R_9RiwxbUlfuhhbGh,52897,833,0,0.0,Qwen3-8B,3,random,random
R_9RiwxbUlfuhhbGh,52961,834,0,0.0,Qwen3-8B,3,random,random
R_9RiwxbUlfuhhbGh,53024,835,0,0.0,Qwen3-8B,2,random,random
R_9RiwxbUlfuhhbGh,53086,836,1,0.0,Qwen3-8B,2,random,random
R_9RiwxbUlfuhhbGh,53151,837,0,0.0,Qwen3-8B,1,random,random
R_9RiwxbUlfuhhbGh,53216,838,1,0.0,Qwen3-8B,5,random,random
R_9RiwxbUlfuhhbGh,53278,839,0,0.0,Qwen3-8B,3,random,random
R_9RiwxbUlfuhhbGh,53343,840,1,0.0,Qwen3-8B,3,random,random
R_9RiwxbUlfuhhbGh,53406,841,0,0.0,Qwen3-8B,2,random,random
R_9RiwxbUlfuhhbGh,53472,842,0,0.0,Qwen3-8B,1,random,random
R_9RiwxbUlfuhhbGh,53536,843,2,1.0,Qwen3-8B,2,random,random
R_9RiwxbUlfuhhbGh,53599,844,4,1.0,Qwen3-8B,2,random,random
R_1dBrs0EcAYos55M,53636,845,1,0.0,Qwen3-8B,3,random,random
R_1dBrs0EcAYos55M,53696,846,3,1.0,Qwen3-8B,3,random,random
R_1dBrs0EcAYos55M,53754,847,0,0.0,Qwen3-8B,1,random,random
R_1dBrs0EcAYos55M,53812,848,1,0.0,Qwen3-8B,2,random,random
R_1dBrs0EcAYos55M,53871,849,2,1.0,Qwen3-8B,4,random,random
R_1dBrs0EcAYos55M,53929,850,-1,,Qwen3-8B,2,random,random
R_1dBrs0EcAYos55M,53988,851,2,1.0,Qwen3-8B,1,random,random
R_1dBrs0EcAYos55M,54046,852,-1,,Qwen3-8B,1,random,random
R_1dBrs0EcAYos55M,54105,853,3,1.0,Qwen3-8B,1,random,random
R_1dBrs0EcAYos55M,54164,854,-1,,Qwen3-8B,3,random,random
R_1dBrs0EcAYos55M,54224,855,2,1.0,Qwen3-8B,1,random,random
R_1dBrs0EcAYos55M,54280,856,0,0.0,Qwen3-8B,1,random,random
R_1dBrs0EcAYos55M,54337,857,1,0.0,Qwen3-8B,2,random,random
R_1dBrs0EcAYos55M,54394,858,1,0.0,Qwen3-8B,1,random,random
R_1dBrs0EcAYos55M,54453,859,0,0.0,Qwen3-8B,3,random,random
R_1dBrs0EcAYos55M,54512,860,0,0.0,Qwen3-8B,1,random,random
R_1dBrs0EcAYos55M,54570,861,-1,,Qwen3-8B,2,random,random
R_1dBrs0EcAYos55M,54629,862,1,0.0,Qwen3-8B,3,random,random
R_1dBrs0EcAYos55M,54687,863,1,0.0,Qwen3-8B,5,random,random
R_1dBrs0EcAYos55M,54747,864,0,0.0,Qwen3-8B,3,random,random
R_1dBrs0EcAYos55M,54806,865,1,0.0,Qwen3-8B,3,random,random
R_1dBrs0EcAYos55M,54865,866,0,0.0,Qwen3-8B,2,random,random
R_1dBrs0EcAYos55M,54924,867,0,0.0,Qwen3-8B,3,random,random
R_1dBrs0EcAYos55M,54981,868,0,0.0,Qwen3-8B,4,random,random
R_1dBrs0EcAYos55M,55040,869,0,0.0,Qwen3-8B,3,random,random
R_1dBrs0EcAYos55M,55097,870,0,0.0,Qwen3-8B,3,random,random
R_1dBrs0EcAYos55M,55154,871,1,0.0,Qwen3-8B,3,random,random
R_1dBrs0EcAYos55M,55213,872,1,0.0,Qwen3-8B,3,random,random
R_1dBrs0EcAYos55M,55269,873,1,0.0,Qwen3-8B,5,random,random
R_1dBrs0EcAYos55M,55328,874,1,0.0,Qwen3-8B,2,random,random
R_1dBrs0EcAYos55M,55386,875,0,0.0,Qwen3-8B,2,random,random
R_1dBrs0EcAYos55M,55446,876,0,0.0,Qwen3-8B,5,random,random
R_1dBrs0EcAYos55M,55505,877,0,0.0,Qwen3-8B,1,random,random
R_1dBrs0EcAYos55M,55562,878,0,0.0,Qwen3-8B,4,random,random
R_1dBrs0EcAYos55M,55619,879,2,1.0,Qwen3-8B,3,random,random
R_32J8SzP7QjKk0WK,53640,845,4,1.0,Qwen3-8B,3,random,random
R_32J8SzP7QjKk0WK,53700,846,3,1.0,Qwen3-8B,3,random,random
R_32J8SzP7QjKk0WK,53758,847,4,1.0,Qwen3-8B,1,random,random
R_32J8SzP7QjKk0WK,53816,848,4,1.0,Qwen3-8B,2,random,random
R_32J8SzP7QjKk0WK,53874,849,3,1.0,Qwen3-8B,4,random,random
R_32J8SzP7QjKk0WK,53933,850,2,1.0,Qwen3-8B,2,random,random
R_32J8SzP7QjKk0WK,53992,851,3,1.0,Qwen3-8B,1,random,random
R_32J8SzP7QjKk0WK,54050,852,4,1.0,Qwen3-8B,1,random,random
R_32J8SzP7QjKk0WK,54109,853,3,1.0,Qwen3-8B,1,random,random
R_32J8SzP7QjKk0WK,54168,854,2,1.0,Qwen3-8B,3,random,random
R_32J8SzP7QjKk0WK,54228,855,4,1.0,Qwen3-8B,1,random,random
R_32J8SzP7QjKk0WK,54284,856,2,1.0,Qwen3-8B,1,random,random
R_32J8SzP7QjKk0WK,54341,857,3,1.0,Qwen3-8B,2,random,random
R_32J8SzP7QjKk0WK,54398,858,4,1.0,Qwen3-8B,1,random,random
R_32J8SzP7QjKk0WK,54457,859,3,1.0,Qwen3-8B,3,random,random
R_32J8SzP7QjKk0WK,54516,860,4,1.0,Qwen3-8B,1,random,random
R_32J8SzP7QjKk0WK,54574,861,2,1.0,Qwen3-8B,2,random,random
R_32J8SzP7QjKk0WK,54633,862,4,1.0,Qwen3-8B,3,random,random
R_32J8SzP7QjKk0WK,54691,863,3,1.0,Qwen3-8B,5,random,random
R_32J8SzP7QjKk0WK,54751,864,2,1.0,Qwen3-8B,3,random,random
R_32J8SzP7QjKk0WK,54810,865,1,0.0,Qwen3-8B,3,random,random
R_32J8SzP7QjKk0WK,54869,866,3,1.0,Qwen3-8B,2,random,random
R_32J8SzP7QjKk0WK,54928,867,2,1.0,Qwen3-8B,3,random,random
R_32J8SzP7QjKk0WK,54985,868,3,1.0,Qwen3-8B,4,random,random
R_32J8SzP7QjKk0WK,55043,869,3,1.0,Qwen3-8B,3,random,random
R_32J8SzP7QjKk0WK,55101,870,3,1.0,Qwen3-8B,3,random,random
R_32J8SzP7QjKk0WK,55158,871,4,1.0,Qwen3-8B,3,random,random
R_32J8SzP7QjKk0WK,55217,872,1,0.0,Qwen3-8B,3,random,random
R_32J8SzP7QjKk0WK,55273,873,0,0.0,Qwen3-8B,5,random,random
R_32J8SzP7QjKk0WK,55332,874,1,0.0,Qwen3-8B,2,random,random
R_32J8SzP7QjKk0WK,55390,875,3,1.0,Qwen3-8B,2,random,random
R_32J8SzP7QjKk0WK,55449,876,1,0.0,Qwen3-8B,5,random,random
R_32J8SzP7QjKk0WK,55509,877,4,1.0,Qwen3-8B,1,random,random
R_32J8SzP7QjKk0WK,55566,878,3,1.0,Qwen3-8B,4,random,random
R_32J8SzP7QjKk0WK,55623,879,3,1.0,Qwen3-8B,3,random,random
R_6tyxDrs1nuWTsYh,53641,845,2,1.0,Qwen3-8B,3,random,random
R_6tyxDrs1nuWTsYh,53701,846,1,0.0,Qwen3-8B,3,random,random
R_6tyxDrs1nuWTsYh,53759,847,0,0.0,Qwen3-8B,1,random,random
R_6tyxDrs1nuWTsYh,53817,848,2,1.0,Qwen3-8B,2,random,random
R_6tyxDrs1nuWTsYh,53875,849,1,0.0,Qwen3-8B,4,random,random
R_6tyxDrs1nuWTsYh,53934,850,1,0.0,Qwen3-8B,2,random,random
R_6tyxDrs1nuWTsYh,53993,851,2,1.0,Qwen3-8B,1,random,random
R_6tyxDrs1nuWTsYh,54051,852,1,0.0,Qwen3-8B,1,random,random
R_6tyxDrs1nuWTsYh,54110,853,0,0.0,Qwen3-8B,1,random,random
R_6tyxDrs1nuWTsYh,54169,854,0,0.0,Qwen3-8B,3,random,random
R_6tyxDrs1nuWTsYh,54229,855,2,1.0,Qwen3-8B,1,random,random
R_6tyxDrs1nuWTsYh,54285,856,1,0.0,Qwen3-8B,1,random,random
R_6tyxDrs1nuWTsYh,54342,857,0,0.0,Qwen3-8B,2,random,random
R_6tyxDrs1nuWTsYh,54399,858,1,0.0,Qwen3-8B,1,random,random
R_6tyxDrs1nuWTsYh,54458,859,0,0.0,Qwen3-8B,3,random,random
R_6tyxDrs1nuWTsYh,54517,860,0,0.0,Qwen3-8B,1,random,random
R_6tyxDrs1nuWTsYh,54575,861,1,0.0,Qwen3-8B,2,random,random
R_6tyxDrs1nuWTsYh,54634,862,1,0.0,Qwen3-8B,3,random,random
R_6tyxDrs1nuWTsYh,54692,863,0,0.0,Qwen3-8B,5,random,random
R_6tyxDrs1nuWTsYh,54752,864,1,0.0,Qwen3-8B,3,random,random
R_6tyxDrs1nuWTsYh,54811,865,0,0.0,Qwen3-8B,3,random,random
R_6tyxDrs1nuWTsYh,54870,866,0,0.0,Qwen3-8B,2,random,random
R_6tyxDrs1nuWTsYh,54929,867,0,0.0,Qwen3-8B,3,random,random
R_6tyxDrs1nuWTsYh,54986,868,0,0.0,Qwen3-8B,4,random,random
R_6tyxDrs1nuWTsYh,55044,869,1,0.0,Qwen3-8B,3,random,random
R_6tyxDrs1nuWTsYh,55102,870,0,0.0,Qwen3-8B,3,random,random
R_6tyxDrs1nuWTsYh,55159,871,0,0.0,Qwen3-8B,3,random,random
R_6tyxDrs1nuWTsYh,55218,872,0,0.0,Qwen3-8B,3,random,random
R_6tyxDrs1nuWTsYh,55274,873,2,1.0,Qwen3-8B,5,random,random
R_6tyxDrs1nuWTsYh,55333,874,1,0.0,Qwen3-8B,2,random,random
R_6tyxDrs1nuWTsYh,55391,875,1,0.0,Qwen3-8B,2,random,random
R_6tyxDrs1nuWTsYh,55450,876,0,0.0,Qwen3-8B,5,random,random
R_6tyxDrs1nuWTsYh,55510,877,0,0.0,Qwen3-8B,1,random,random
R_6tyxDrs1nuWTsYh,55567,878,0,0.0,Qwen3-8B,4,random,random
R_6tyxDrs1nuWTsYh,55624,879,1,0.0,Qwen3-8B,3,random,random
R_2chKGX3Km7PgERD,53651,845,2,1.0,Qwen3-8B,3,random,random
R_2chKGX3Km7PgERD,53711,846,0,0.0,Qwen3-8B,3,random,random
R_2chKGX3Km7PgERD,53769,847,0,0.0,Qwen3-8B,1,random,random
R_2chKGX3Km7PgERD,53827,848,1,0.0,Qwen3-8B,2,random,random
R_2chKGX3Km7PgERD,53885,849,1,0.0,Qwen3-8B,4,random,random
R_2chKGX3Km7PgERD,53944,850,0,0.0,Qwen3-8B,2,random,random
R_2chKGX3Km7PgERD,54003,851,0,0.0,Qwen3-8B,1,random,random
R_2chKGX3Km7PgERD,54061,852,1,0.0,Qwen3-8B,1,random,random
R_2chKGX3Km7PgERD,54120,853,0,0.0,Qwen3-8B,1,random,random
R_2chKGX3Km7PgERD,54180,854,1,0.0,Qwen3-8B,3,random,random
R_2chKGX3Km7PgERD,54238,855,0,0.0,Qwen3-8B,1,random,random
R_2chKGX3Km7PgERD,54296,856,0,0.0,Qwen3-8B,1,random,random
R_2chKGX3Km7PgERD,54352,857,0,0.0,Qwen3-8B,2,random,random
R_2chKGX3Km7PgERD,54409,858,0,0.0,Qwen3-8B,1,random,random
R_2chKGX3Km7PgERD,54469,859,0,0.0,Qwen3-8B,3,random,random
R_2chKGX3Km7PgERD,54527,860,0,0.0,Qwen3-8B,1,random,random
R_2chKGX3Km7PgERD,54585,861,1,0.0,Qwen3-8B,2,random,random
R_2chKGX3Km7PgERD,54644,862,0,0.0,Qwen3-8B,3,random,random
R_2chKGX3Km7PgERD,54703,863,0,0.0,Qwen3-8B,5,random,random
R_2chKGX3Km7PgERD,54762,864,0,0.0,Qwen3-8B,3,random,random
R_2chKGX3Km7PgERD,54820,865,1,0.0,Qwen3-8B,3,random,random
R_2chKGX3Km7PgERD,54880,866,0,0.0,Qwen3-8B,2,random,random
R_2chKGX3Km7PgERD,54939,867,2,1.0,Qwen3-8B,3,random,random
R_2chKGX3Km7PgERD,54997,868,0,0.0,Qwen3-8B,4,random,random
R_2chKGX3Km7PgERD,55054,869,0,0.0,Qwen3-8B,3,random,random
R_2chKGX3Km7PgERD,55112,870,1,0.0,Qwen3-8B,3,random,random
R_2chKGX3Km7PgERD,55169,871,2,1.0,Qwen3-8B,3,random,random
R_2chKGX3Km7PgERD,55228,872,0,0.0,Qwen3-8B,3,random,random
R_2chKGX3Km7PgERD,55284,873,2,1.0,Qwen3-8B,5,random,random
R_2chKGX3Km7PgERD,55343,874,0,0.0,Qwen3-8B,2,random,random
R_2chKGX3Km7PgERD,55402,875,1,0.0,Qwen3-8B,2,random,random
R_2chKGX3Km7PgERD,55460,876,4,1.0,Qwen3-8B,5,random,random
R_2chKGX3Km7PgERD,55520,877,4,1.0,Qwen3-8B,1,random,random
R_2chKGX3Km7PgERD,55577,878,0,0.0,Qwen3-8B,4,random,random
R_2chKGX3Km7PgERD,55634,879,1,0.0,Qwen3-8B,3,random,random
R_33D38w88e9ZOUZ2,53664,845,0,0.0,Qwen3-8B,3,random,random
R_33D38w88e9ZOUZ2,53724,846,0,0.0,Qwen3-8B,3,random,random
R_33D38w88e9ZOUZ2,53782,847,0,0.0,Qwen3-8B,1,random,random
R_33D38w88e9ZOUZ2,53840,848,4,1.0,Qwen3-8B,2,random,random
R_33D38w88e9ZOUZ2,53898,849,4,1.0,Qwen3-8B,4,random,random
R_33D38w88e9ZOUZ2,53957,850,0,0.0,Qwen3-8B,2,random,random
R_33D38w88e9ZOUZ2,54016,851,0,0.0,Qwen3-8B,1,random,random
R_33D38w88e9ZOUZ2,54074,852,0,0.0,Qwen3-8B,1,random,random
R_33D38w88e9ZOUZ2,54133,853,0,0.0,Qwen3-8B,1,random,random
R_33D38w88e9ZOUZ2,54193,854,0,0.0,Qwen3-8B,3,random,random
R_33D38w88e9ZOUZ2,54251,855,0,0.0,Qwen3-8B,1,random,random
R_33D38w88e9ZOUZ2,54309,856,0,0.0,Qwen3-8B,1,random,random
R_33D38w88e9ZOUZ2,54365,857,0,0.0,Qwen3-8B,2,random,random
R_33D38w88e9ZOUZ2,54422,858,0,0.0,Qwen3-8B,1,random,random
R_33D38w88e9ZOUZ2,54481,859,0,0.0,Qwen3-8B,3,random,random
R_33D38w88e9ZOUZ2,54540,860,0,0.0,Qwen3-8B,1,random,random
R_33D38w88e9ZOUZ2,54598,861,0,0.0,Qwen3-8B,2,random,random
R_33D38w88e9ZOUZ2,54657,862,0,0.0,Qwen3-8B,3,random,random
R_33D38w88e9ZOUZ2,54716,863,4,1.0,Qwen3-8B,5,random,random
R_33D38w88e9ZOUZ2,54775,864,0,0.0,Qwen3-8B,3,random,random
R_33D38w88e9ZOUZ2,54833,865,0,0.0,Qwen3-8B,3,random,random
R_33D38w88e9ZOUZ2,54893,866,0,0.0,Qwen3-8B,2,random,random
R_33D38w88e9ZOUZ2,54952,867,0,0.0,Qwen3-8B,3,random,random
R_33D38w88e9ZOUZ2,55010,868,0,0.0,Qwen3-8B,4,random,random
R_33D38w88e9ZOUZ2,55067,869,0,0.0,Qwen3-8B,3,random,random
R_33D38w88e9ZOUZ2,55125,870,0,0.0,Qwen3-8B,3,random,random
R_33D38w88e9ZOUZ2,55182,871,0,0.0,Qwen3-8B,3,random,random
R_33D38w88e9ZOUZ2,55241,872,0,0.0,Qwen3-8B,3,random,random
R_33D38w88e9ZOUZ2,55297,873,0,0.0,Qwen3-8B,5,random,random
R_33D38w88e9ZOUZ2,55356,874,0,0.0,Qwen3-8B,2,random,random
R_33D38w88e9ZOUZ2,55415,875,0,0.0,Qwen3-8B,2,random,random
R_33D38w88e9ZOUZ2,55473,876,0,0.0,Qwen3-8B,5,random,random
R_33D38w88e9ZOUZ2,55533,877,0,0.0,Qwen3-8B,1,random,random
R_33D38w88e9ZOUZ2,55590,878,0,0.0,Qwen3-8B,4,random,random
R_33D38w88e9ZOUZ2,55646,879,4,1.0,Qwen3-8B,3,random,random
R_3ezCxYI5wY0iEEA,53671,845,1,0.0,Qwen3-8B,3,random,random
R_3ezCxYI5wY0iEEA,53731,846,1,0.0,Qwen3-8B,3,random,random
R_3ezCxYI5wY0iEEA,53789,847,0,0.0,Qwen3-8B,1,random,random
R_3ezCxYI5wY0iEEA,53847,848,1,0.0,Qwen3-8B,2,random,random
R_3ezCxYI5wY0iEEA,53905,849,1,0.0,Qwen3-8B,4,random,random
R_3ezCxYI5wY0iEEA,53964,850,0,0.0,Qwen3-8B,2,random,random
R_3ezCxYI5wY0iEEA,54023,851,0,0.0,Qwen3-8B,1,random,random
R_3ezCxYI5wY0iEEA,54081,852,1,0.0,Qwen3-8B,1,random,random
R_3ezCxYI5wY0iEEA,54140,853,0,0.0,Qwen3-8B,1,random,random
R_3ezCxYI5wY0iEEA,54200,854,0,0.0,Qwen3-8B,3,random,random
R_3ezCxYI5wY0iEEA,54258,855,0,0.0,Qwen3-8B,1,random,random
R_3ezCxYI5wY0iEEA,54316,856,1,0.0,Qwen3-8B,1,random,random
R_3ezCxYI5wY0iEEA,54372,857,0,0.0,Qwen3-8B,2,random,random
R_3ezCxYI5wY0iEEA,54429,858,0,0.0,Qwen3-8B,1,random,random
R_3ezCxYI5wY0iEEA,54488,859,1,0.0,Qwen3-8B,3,random,random
R_3ezCxYI5wY0iEEA,54547,860,0,0.0,Qwen3-8B,1,random,random
R_3ezCxYI5wY0iEEA,54605,861,1,0.0,Qwen3-8B,2,random,random
R_3ezCxYI5wY0iEEA,54664,862,1,0.0,Qwen3-8B,3,random,random
R_3ezCxYI5wY0iEEA,54723,863,1,0.0,Qwen3-8B,5,random,random
R_3ezCxYI5wY0iEEA,54782,864,0,0.0,Qwen3-8B,3,random,random
R_3ezCxYI5wY0iEEA,54840,865,1,0.0,Qwen3-8B,3,random,random
R_3ezCxYI5wY0iEEA,54900,866,1,0.0,Qwen3-8B,2,random,random
R_3ezCxYI5wY0iEEA,54959,867,0,0.0,Qwen3-8B,3,random,random
R_3ezCxYI5wY0iEEA,55017,868,2,1.0,Qwen3-8B,4,random,random
R_3ezCxYI5wY0iEEA,55074,869,-1,,Qwen3-8B,3,random,random
R_3ezCxYI5wY0iEEA,55131,870,0,0.0,Qwen3-8B,3,random,random
R_3ezCxYI5wY0iEEA,55189,871,1,0.0,Qwen3-8B,3,random,random
R_3ezCxYI5wY0iEEA,55248,872,0,0.0,Qwen3-8B,3,random,random
R_3ezCxYI5wY0iEEA,55304,873,1,0.0,Qwen3-8B,5,random,random
R_3ezCxYI5wY0iEEA,55363,874,0,0.0,Qwen3-8B,2,random,random
R_3ezCxYI5wY0iEEA,55422,875,1,0.0,Qwen3-8B,2,random,random
R_3ezCxYI5wY0iEEA,55480,876,3,1.0,Qwen3-8B,5,random,random
R_3ezCxYI5wY0iEEA,55539,877,0,0.0,Qwen3-8B,1,random,random
R_3ezCxYI5wY0iEEA,55596,878,2,1.0,Qwen3-8B,4,random,random
R_3ezCxYI5wY0iEEA,55653,879,2,1.0,Qwen3-8B,3,random,random
R_DotdTMHK9PmVOhj,55676,880,3,1.0,Qwen3-8B,4,random,random
R_DotdTMHK9PmVOhj,55748,881,0,0.0,Qwen3-8B,2,random,random
R_DotdTMHK9PmVOhj,55821,882,2,1.0,Qwen3-8B,3,random,random
R_DotdTMHK9PmVOhj,55894,883,0,0.0,Qwen3-8B,1,random,random
R_DotdTMHK9PmVOhj,55964,884,3,1.0,Qwen3-8B,1,random,random
R_DotdTMHK9PmVOhj,56037,885,2,1.0,Qwen3-8B,3,random,random
R_DotdTMHK9PmVOhj,56109,886,1,0.0,Qwen3-8B,2,random,random
R_DotdTMHK9PmVOhj,56182,887,1,0.0,Qwen3-8B,2,random,random
R_DotdTMHK9PmVOhj,56254,888,0,0.0,Qwen3-8B,3,random,random
R_DotdTMHK9PmVOhj,56326,889,2,1.0,Qwen3-8B,1,random,random
R_DotdTMHK9PmVOhj,56398,890,4,1.0,Qwen3-8B,1,random,random
R_DotdTMHK9PmVOhj,56471,891,2,1.0,Qwen3-8B,3,random,random
R_DotdTMHK9PmVOhj,56543,892,0,0.0,Qwen3-8B,1,random,random
R_DotdTMHK9PmVOhj,56615,893,0,0.0,Qwen3-8B,1,random,random
R_DotdTMHK9PmVOhj,56689,894,1,0.0,Qwen3-8B,1,random,random
R_DotdTMHK9PmVOhj,56760,895,0,0.0,Qwen3-8B,3,random,random
R_DotdTMHK9PmVOhj,56832,896,4,1.0,Qwen3-8B,3,random,random
R_DotdTMHK9PmVOhj,56901,897,0,0.0,Qwen3-8B,2,random,random
R_DotdTMHK9PmVOhj,56972,898,1,0.0,Qwen3-8B,3,random,random
R_DotdTMHK9PmVOhj,57045,899,2,1.0,Qwen3-8B,4,random,random
R_DotdTMHK9PmVOhj,57117,900,1,0.0,Qwen3-8B,3,random,random
R_DotdTMHK9PmVOhj,57189,901,0,0.0,Qwen3-8B,3,random,random
R_DotdTMHK9PmVOhj,57261,902,1,0.0,Qwen3-8B,3,random,random
R_DotdTMHK9PmVOhj,57333,903,0,0.0,Qwen3-8B,1,random,random
R_DotdTMHK9PmVOhj,57406,904,2,1.0,Qwen3-8B,2,random,random
R_DotdTMHK9PmVOhj,57479,905,0,0.0,Qwen3-8B,3,random,random
R_DotdTMHK9PmVOhj,57552,906,0,0.0,Qwen3-8B,1,random,random
R_DotdTMHK9PmVOhj,57626,907,0,0.0,Qwen3-8B,1,random,random
R_DotdTMHK9PmVOhj,57626,907,0,0.0,Qwen3-8B,1,moral,care
R_DotdTMHK9PmVOhj,57626,907,0,0.0,Qwen3-8B,1,random,random
R_DotdTMHK9PmVOhj,57626,907,0,0.0,Qwen3-8B,1,moral,care
R_DotdTMHK9PmVOhj,57812,908,2,1.0,Qwen3-8B,3,random,random
R_DotdTMHK9PmVOhj,57885,909,1,0.0,Qwen3-8B,3,random,random
R_DotdTMHK9PmVOhj,57955,910,1,0.0,Qwen3-8B,3,random,random
R_DotdTMHK9PmVOhj,58028,911,3,1.0,Qwen3-8B,1,random,random
R_DotdTMHK9PmVOhj,58099,912,4,1.0,Qwen3-8B,1,random,random
R_DotdTMHK9PmVOhj,58171,913,3,1.0,Qwen3-8B,2,random,random
R_DotdTMHK9PmVOhj,58240,914,4,1.0,Qwen3-8B,3,random,random
R_byDLNfxQVkgvcLn,55704,880,4,1.0,Qwen3-8B,4,random,random
R_byDLNfxQVkgvcLn,55776,881,4,1.0,Qwen3-8B,2,random,random
R_byDLNfxQVkgvcLn,55849,882,4,1.0,Qwen3-8B,3,random,random
R_byDLNfxQVkgvcLn,55922,883,3,1.0,Qwen3-8B,1,random,random
R_byDLNfxQVkgvcLn,55992,884,0,0.0,Qwen3-8B,1,random,random
R_byDLNfxQVkgvcLn,56064,885,4,1.0,Qwen3-8B,3,random,random
R_byDLNfxQVkgvcLn,56136,886,1,0.0,Qwen3-8B,2,random,random
R_byDLNfxQVkgvcLn,56210,887,4,1.0,Qwen3-8B,2,random,random
R_byDLNfxQVkgvcLn,56282,888,4,1.0,Qwen3-8B,3,random,random
R_byDLNfxQVkgvcLn,56356,889,0,0.0,Qwen3-8B,1,random,random
R_byDLNfxQVkgvcLn,56426,890,0,0.0,Qwen3-8B,1,random,random
R_byDLNfxQVkgvcLn,56498,891,-1,,Qwen3-8B,3,random,random
R_byDLNfxQVkgvcLn,56571,892,0,0.0,Qwen3-8B,1,random,random
R_byDLNfxQVkgvcLn,56643,893,3,1.0,Qwen3-8B,1,random,random
R_byDLNfxQVkgvcLn,56716,894,0,0.0,Qwen3-8B,1,random,random
R_byDLNfxQVkgvcLn,56788,895,-1,,Qwen3-8B,3,random,random
R_byDLNfxQVkgvcLn,56857,896,4,1.0,Qwen3-8B,3,random,random
R_byDLNfxQVkgvcLn,56927,897,0,0.0,Qwen3-8B,2,random,random
R_byDLNfxQVkgvcLn,57000,898,4,1.0,Qwen3-8B,3,random,random
R_byDLNfxQVkgvcLn,57073,899,4,1.0,Qwen3-8B,4,random,random
R_byDLNfxQVkgvcLn,57146,900,0,0.0,Qwen3-8B,3,random,random
R_byDLNfxQVkgvcLn,57217,901,0,0.0,Qwen3-8B,3,random,random
R_byDLNfxQVkgvcLn,57291,902,0,0.0,Qwen3-8B,3,random,random
R_byDLNfxQVkgvcLn,57363,903,0,0.0,Qwen3-8B,1,random,random
R_byDLNfxQVkgvcLn,57433,904,4,1.0,Qwen3-8B,2,random,random
R_byDLNfxQVkgvcLn,57506,905,4,1.0,Qwen3-8B,3,random,random
R_byDLNfxQVkgvcLn,57580,906,2,1.0,Qwen3-8B,1,random,random
R_byDLNfxQVkgvcLn,57696,907,0,0.0,Qwen3-8B,1,random,random
R_byDLNfxQVkgvcLn,57696,907,0,0.0,Qwen3-8B,1,moral,care
R_byDLNfxQVkgvcLn,57696,907,0,0.0,Qwen3-8B,1,random,random
R_byDLNfxQVkgvcLn,57696,907,0,0.0,Qwen3-8B,1,moral,care
R_byDLNfxQVkgvcLn,57840,908,1,0.0,Qwen3-8B,3,random,random
R_byDLNfxQVkgvcLn,57912,909,0,0.0,Qwen3-8B,3,random,random
R_byDLNfxQVkgvcLn,57983,910,-1,,Qwen3-8B,3,random,random
R_byDLNfxQVkgvcLn,58055,911,0,0.0,Qwen3-8B,1,random,random
R_byDLNfxQVkgvcLn,58127,912,0,0.0,Qwen3-8B,1,random,random
R_byDLNfxQVkgvcLn,58195,913,2,1.0,Qwen3-8B,2,random,random
R_byDLNfxQVkgvcLn,58268,914,2,1.0,Qwen3-8B,3,random,random
R_27vev84lYdE8jP6,55732,880,0,0.0,Qwen3-8B,4,random,random
R_27vev84lYdE8jP6,55804,881,0,0.0,Qwen3-8B,2,random,random
R_27vev84lYdE8jP6,55877,882,1,0.0,Qwen3-8B,3,random,random
R_27vev84lYdE8jP6,55948,883,0,0.0,Qwen3-8B,1,random,random
R_27vev84lYdE8jP6,56020,884,0,0.0,Qwen3-8B,1,random,random
R_27vev84lYdE8jP6,56092,885,0,0.0,Qwen3-8B,3,random,random
R_27vev84lYdE8jP6,56165,886,1,0.0,Qwen3-8B,2,random,random
R_27vev84lYdE8jP6,56238,887,1,0.0,Qwen3-8B,2,random,random
R_27vev84lYdE8jP6,56309,888,0,0.0,Qwen3-8B,3,random,random
R_27vev84lYdE8jP6,56381,889,0,0.0,Qwen3-8B,1,random,random
R_27vev84lYdE8jP6,56454,890,0,0.0,Qwen3-8B,1,random,random
R_27vev84lYdE8jP6,56526,891,0,0.0,Qwen3-8B,3,random,random
R_27vev84lYdE8jP6,56599,892,0,0.0,Qwen3-8B,1,random,random
R_27vev84lYdE8jP6,56671,893,0,0.0,Qwen3-8B,1,random,random
R_27vev84lYdE8jP6,56743,894,0,0.0,Qwen3-8B,1,random,random
R_27vev84lYdE8jP6,56815,895,0,0.0,Qwen3-8B,3,random,random
R_27vev84lYdE8jP6,56884,896,0,0.0,Qwen3-8B,3,random,random
R_27vev84lYdE8jP6,56955,897,0,0.0,Qwen3-8B,2,random,random
R_27vev84lYdE8jP6,57028,898,0,0.0,Qwen3-8B,3,random,random
R_27vev84lYdE8jP6,57100,899,0,0.0,Qwen3-8B,4,random,random
R_27vev84lYdE8jP6,57172,900,0,0.0,Qwen3-8B,3,random,random
R_27vev84lYdE8jP6,57244,901,0,0.0,Qwen3-8B,3,random,random
R_27vev84lYdE8jP6,57316,902,0,0.0,Qwen3-8B,3,random,random
R_27vev84lYdE8jP6,57390,903,0,0.0,Qwen3-8B,1,random,random
R_27vev84lYdE8jP6,57462,904,-1,,Qwen3-8B,2,random,random
R_27vev84lYdE8jP6,57535,905,0,0.0,Qwen3-8B,3,random,random
R_27vev84lYdE8jP6,57608,906,1,0.0,Qwen3-8B,1,random,random
R_27vev84lYdE8jP6,57768,907,1,0.0,Qwen3-8B,1,random,random
R_27vev84lYdE8jP6,57768,907,1,0.0,Qwen3-8B,1,moral,care
R_27vev84lYdE8jP6,57768,907,1,0.0,Qwen3-8B,1,random,random
R_27vev84lYdE8jP6,57768,907,1,0.0,Qwen3-8B,1,moral,care
R_27vev84lYdE8jP6,57867,908,0,0.0,Qwen3-8B,3,random,random
R_27vev84lYdE8jP6,57938,909,0,0.0,Qwen3-8B,3,random,random
R_27vev84lYdE8jP6,58011,910,0,0.0,Qwen3-8B,3,random,random
R_27vev84lYdE8jP6,58082,911,0,0.0,Qwen3-8B,1,random,random
R_27vev84lYdE8jP6,58155,912,0,0.0,Qwen3-8B,1,random,random
R_27vev84lYdE8jP6,58223,913,2,1.0,Qwen3-8B,2,random,random
R_27vev84lYdE8jP6,58295,914,2,1.0,Qwen3-8B,3,random,random
R_bdYN3ZLAlZqVcEF,58361,915,0,0.0,Qwen3-8B,1,random,random
R_bdYN3ZLAlZqVcEF,58418,916,0,0.0,Qwen3-8B,3,random,random
R_bdYN3ZLAlZqVcEF,58474,917,0,0.0,Qwen3-8B,4,random,random
R_bdYN3ZLAlZqVcEF,58529,918,0,0.0,Qwen3-8B,3,random,random
R_bdYN3ZLAlZqVcEF,58588,919,0,0.0,Qwen3-8B,2,random,random
R_bdYN3ZLAlZqVcEF,58645,920,0,0.0,Qwen3-8B,3,random,random
R_bdYN3ZLAlZqVcEF,58701,921,0,0.0,Qwen3-8B,2,random,random
R_bdYN3ZLAlZqVcEF,58756,922,0,0.0,Qwen3-8B,1,random,random
R_bdYN3ZLAlZqVcEF,58814,923,0,0.0,Qwen3-8B,3,random,random
R_bdYN3ZLAlZqVcEF,58871,924,1,0.0,Qwen3-8B,4,random,random
R_bdYN3ZLAlZqVcEF,58926,925,0,0.0,Qwen3-8B,1,random,random
R_bdYN3ZLAlZqVcEF,58982,926,0,0.0,Qwen3-8B,3,random,random
R_bdYN3ZLAlZqVcEF,59037,927,0,0.0,Qwen3-8B,1,random,random
R_bdYN3ZLAlZqVcEF,59093,928,0,0.0,Qwen3-8B,5,random,random
R_bdYN3ZLAlZqVcEF,59149,929,0,0.0,Qwen3-8B,4,random,random
R_bdYN3ZLAlZqVcEF,59206,930,0,0.0,Qwen3-8B,1,random,random
R_bdYN3ZLAlZqVcEF,59261,931,0,0.0,Qwen3-8B,1,random,random
R_bdYN3ZLAlZqVcEF,59318,932,0,0.0,Qwen3-8B,2,random,random
R_bdYN3ZLAlZqVcEF,59374,933,0,0.0,Qwen3-8B,3,random,random
R_bdYN3ZLAlZqVcEF,59432,934,0,0.0,Qwen3-8B,3,random,random
R_bdYN3ZLAlZqVcEF,59490,935,0,0.0,Qwen3-8B,2,random,random
R_bdYN3ZLAlZqVcEF,59544,936,0,0.0,Qwen3-8B,2,random,random
R_bdYN3ZLAlZqVcEF,59604,937,0,0.0,Qwen3-8B,3,random,random
R_bdYN3ZLAlZqVcEF,59658,938,0,0.0,Qwen3-8B,3,random,random
R_bdYN3ZLAlZqVcEF,59717,939,0,0.0,Qwen3-8B,2,random,random
R_bdYN3ZLAlZqVcEF,59771,940,0,0.0,Qwen3-8B,5,random,random
R_bdYN3ZLAlZqVcEF,59829,941,0,0.0,Qwen3-8B,3,random,random
R_bdYN3ZLAlZqVcEF,59884,942,0,0.0,Qwen3-8B,3,random,random
R_bdYN3ZLAlZqVcEF,59942,943,0,0.0,Qwen3-8B,1,random,random
R_bdYN3ZLAlZqVcEF,59996,944,0,0.0,Qwen3-8B,1,random,random
R_bdYN3ZLAlZqVcEF,60052,945,0,0.0,Qwen3-8B,3,random,random
R_bdYN3ZLAlZqVcEF,60110,946,0,0.0,Qwen3-8B,3,random,random
R_bdYN3ZLAlZqVcEF,60167,947,0,0.0,Qwen3-8B,2,random,random
R_bdYN3ZLAlZqVcEF,60221,948,0,0.0,Qwen3-8B,1,random,random
R_bdYN3ZLAlZqVcEF,60276,949,0,0.0,Qwen3-8B,3,random,random
R_27JcPIPFF43pTsF,60290,950,0,0.0,Qwen3-8B,2,random,random
R_27JcPIPFF43pTsF,60345,951,3,1.0,Qwen3-8B,4,random,random
R_27JcPIPFF43pTsF,60400,952,2,1.0,Qwen3-8B,2,random,random
R_27JcPIPFF43pTsF,60454,953,2,1.0,Qwen3-8B,2,random,random
R_27JcPIPFF43pTsF,60507,954,4,1.0,Qwen3-8B,5,random,random
R_27JcPIPFF43pTsF,60561,955,0,0.0,Qwen3-8B,4,random,random
R_27JcPIPFF43pTsF,60615,956,4,1.0,Qwen3-8B,3,random,random
R_27JcPIPFF43pTsF,60668,957,0,0.0,Qwen3-8B,2,random,random
R_27JcPIPFF43pTsF,60720,958,4,1.0,Qwen3-8B,3,random,random
R_27JcPIPFF43pTsF,60754,959,-1,,Qwen3-8B,2,random,random
R_27JcPIPFF43pTsF,60808,960,4,1.0,Qwen3-8B,4,random,random
R_27JcPIPFF43pTsF,60862,961,0,0.0,Qwen3-8B,3,random,random
R_27JcPIPFF43pTsF,60916,962,2,1.0,Qwen3-8B,3,random,random
R_27JcPIPFF43pTsF,60971,963,4,1.0,Qwen3-8B,3,random,random
R_27JcPIPFF43pTsF,61026,964,0,0.0,Qwen3-8B,3,random,random
R_27JcPIPFF43pTsF,61082,965,0,0.0,Qwen3-8B,1,random,random
R_27JcPIPFF43pTsF,61137,966,2,1.0,Qwen3-8B,3,random,random
R_27JcPIPFF43pTsF,61190,967,0,0.0,Qwen3-8B,3,random,random
R_27JcPIPFF43pTsF,61245,968,2,1.0,Qwen3-8B,1,random,random
R_27JcPIPFF43pTsF,61300,969,4,1.0,Qwen3-8B,3,random,random
R_27JcPIPFF43pTsF,61356,970,2,1.0,Qwen3-8B,3,random,random
R_27JcPIPFF43pTsF,61410,971,2,1.0,Qwen3-8B,2,random,random
R_27JcPIPFF43pTsF,61465,972,3,1.0,Qwen3-8B,2,random,random
R_27JcPIPFF43pTsF,61519,973,4,1.0,Qwen3-8B,3,random,random
R_27JcPIPFF43pTsF,61573,974,4,1.0,Qwen3-8B,3,random,random
R_27JcPIPFF43pTsF,61629,975,0,0.0,Qwen3-8B,3,random,random
R_27JcPIPFF43pTsF,61682,976,2,1.0,Qwen3-8B,3,random,random
R_27JcPIPFF43pTsF,61735,977,4,1.0,Qwen3-8B,2,random,random
R_27JcPIPFF43pTsF,61788,978,0,0.0,Qwen3-8B,3,random,random
R_27JcPIPFF43pTsF,61843,979,4,1.0,Qwen3-8B,4,random,random
R_27JcPIPFF43pTsF,61899,980,3,1.0,Qwen3-8B,1,random,random
R_27JcPIPFF43pTsF,61954,981,0,0.0,Qwen3-8B,2,random,random
R_27JcPIPFF43pTsF,62009,982,1,0.0,Qwen3-8B,3,random,random
R_27JcPIPFF43pTsF,62062,983,0,0.0,Qwen3-8B,1,random,random
R_27JcPIPFF43pTsF,62115,984,0,0.0,Qwen3-8B,2,random,random
R_3FP8fnV7yf6hw2h,60295,950,1,0.0,Qwen3-8B,2,random,random
R_3FP8fnV7yf6hw2h,60350,951,1,0.0,Qwen3-8B,4,random,random
R_3FP8fnV7yf6hw2h,60405,952,0,0.0,Qwen3-8B,2,random,random
R_3FP8fnV7yf6hw2h,60459,953,1,0.0,Qwen3-8B,2,random,random
R_3FP8fnV7yf6hw2h,60512,954,1,0.0,Qwen3-8B,5,random,random
R_3FP8fnV7yf6hw2h,60567,955,2,1.0,Qwen3-8B,4,random,random
R_3FP8fnV7yf6hw2h,60620,956,0,0.0,Qwen3-8B,3,random,random
R_3FP8fnV7yf6hw2h,60674,957,0,0.0,Qwen3-8B,2,random,random
R_3FP8fnV7yf6hw2h,60722,958,3,1.0,Qwen3-8B,3,random,random
R_3FP8fnV7yf6hw2h,60759,959,0,0.0,Qwen3-8B,2,random,random
R_3FP8fnV7yf6hw2h,60812,960,0,0.0,Qwen3-8B,4,random,random
R_3FP8fnV7yf6hw2h,60867,961,-1,,Qwen3-8B,3,random,random
R_3FP8fnV7yf6hw2h,60922,962,1,0.0,Qwen3-8B,3,random,random
R_3FP8fnV7yf6hw2h,60976,963,1,0.0,Qwen3-8B,3,random,random
R_3FP8fnV7yf6hw2h,61031,964,1,0.0,Qwen3-8B,3,random,random
R_3FP8fnV7yf6hw2h,61087,965,0,0.0,Qwen3-8B,1,random,random
R_3FP8fnV7yf6hw2h,61142,966,0,0.0,Qwen3-8B,3,random,random
R_3FP8fnV7yf6hw2h,61195,967,1,0.0,Qwen3-8B,3,random,random
R_3FP8fnV7yf6hw2h,61250,968,1,0.0,Qwen3-8B,1,random,random
R_3FP8fnV7yf6hw2h,61305,969,2,1.0,Qwen3-8B,3,random,random
R_3FP8fnV7yf6hw2h,61361,970,1,0.0,Qwen3-8B,3,random,random
R_3FP8fnV7yf6hw2h,61415,971,0,0.0,Qwen3-8B,2,random,random
R_3FP8fnV7yf6hw2h,61470,972,1,0.0,Qwen3-8B,2,random,random
R_3FP8fnV7yf6hw2h,61524,973,2,1.0,Qwen3-8B,3,random,random
R_3FP8fnV7yf6hw2h,61578,974,3,1.0,Qwen3-8B,3,random,random
R_3FP8fnV7yf6hw2h,61635,975,0,0.0,Qwen3-8B,3,random,random
R_3FP8fnV7yf6hw2h,61687,976,0,0.0,Qwen3-8B,3,random,random
R_3FP8fnV7yf6hw2h,61740,977,2,1.0,Qwen3-8B,2,random,random
R_3FP8fnV7yf6hw2h,61793,978,0,0.0,Qwen3-8B,3,random,random
R_3FP8fnV7yf6hw2h,61848,979,2,1.0,Qwen3-8B,4,random,random
R_3FP8fnV7yf6hw2h,61904,980,0,0.0,Qwen3-8B,1,random,random
R_3FP8fnV7yf6hw2h,61959,981,1,0.0,Qwen3-8B,2,random,random
R_3FP8fnV7yf6hw2h,62014,982,1,0.0,Qwen3-8B,3,random,random
R_3FP8fnV7yf6hw2h,62067,983,0,0.0,Qwen3-8B,1,random,random
R_3FP8fnV7yf6hw2h,62120,984,0,0.0,Qwen3-8B,2,random,random
R_doo0hYi4sHGHidr,60323,950,3,1.0,Qwen3-8B,2,random,random
R_doo0hYi4sHGHidr,60378,951,4,1.0,Qwen3-8B,4,random,random
R_doo0hYi4sHGHidr,60432,952,2,1.0,Qwen3-8B,2,random,random
R_doo0hYi4sHGHidr,60485,953,2,1.0,Qwen3-8B,2,random,random
R_doo0hYi4sHGHidr,60540,954,0,0.0,Qwen3-8B,5,random,random
R_doo0hYi4sHGHidr,60593,955,2,1.0,Qwen3-8B,4,random,random
R_doo0hYi4sHGHidr,60646,956,1,0.0,Qwen3-8B,3,random,random
R_doo0hYi4sHGHidr,60702,957,0,0.0,Qwen3-8B,2,random,random
R_doo0hYi4sHGHidr,60738,958,4,1.0,Qwen3-8B,3,random,random
R_doo0hYi4sHGHidr,60786,959,4,1.0,Qwen3-8B,2,random,random
R_doo0hYi4sHGHidr,60840,960,4,1.0,Qwen3-8B,4,random,random
R_doo0hYi4sHGHidr,60894,961,0,0.0,Qwen3-8B,3,random,random
R_doo0hYi4sHGHidr,60949,962,2,1.0,Qwen3-8B,3,random,random
R_doo0hYi4sHGHidr,61004,963,2,1.0,Qwen3-8B,3,random,random
R_doo0hYi4sHGHidr,61059,964,0,0.0,Qwen3-8B,3,random,random
R_doo0hYi4sHGHidr,61115,965,1,0.0,Qwen3-8B,1,random,random
R_doo0hYi4sHGHidr,61168,966,2,1.0,Qwen3-8B,3,random,random
R_doo0hYi4sHGHidr,61223,967,2,1.0,Qwen3-8B,3,random,random
R_doo0hYi4sHGHidr,61278,968,4,1.0,Qwen3-8B,1,random,random
R_doo0hYi4sHGHidr,61333,969,4,1.0,Qwen3-8B,3,random,random
R_doo0hYi4sHGHidr,61388,970,1,0.0,Qwen3-8B,3,random,random
R_doo0hYi4sHGHidr,61443,971,3,1.0,Qwen3-8B,2,random,random
R_doo0hYi4sHGHidr,61497,972,1,0.0,Qwen3-8B,2,random,random
R_doo0hYi4sHGHidr,61552,973,3,1.0,Qwen3-8B,3,random,random
R_doo0hYi4sHGHidr,61607,974,4,1.0,Qwen3-8B,3,random,random
R_doo0hYi4sHGHidr,61660,975,2,1.0,Qwen3-8B,3,random,random
R_doo0hYi4sHGHidr,61714,976,3,1.0,Qwen3-8B,3,random,random
R_doo0hYi4sHGHidr,61766,977,1,0.0,Qwen3-8B,2,random,random
R_doo0hYi4sHGHidr,61822,978,3,1.0,Qwen3-8B,3,random,random
R_doo0hYi4sHGHidr,61876,979,3,1.0,Qwen3-8B,4,random,random
R_doo0hYi4sHGHidr,61932,980,2,1.0,Qwen3-8B,1,random,random
R_doo0hYi4sHGHidr,61987,981,3,1.0,Qwen3-8B,2,random,random
R_doo0hYi4sHGHidr,62041,982,0,0.0,Qwen3-8B,3,random,random
R_doo0hYi4sHGHidr,62094,983,2,1.0,Qwen3-8B,1,random,random
R_doo0hYi4sHGHidr,62148,984,3,1.0,Qwen3-8B,2,random,random
R_3lPTYSRazQ0ZlFx,60324,950,1,0.0,Qwen3-8B,2,random,random
R_3lPTYSRazQ0ZlFx,60379,951,0,0.0,Qwen3-8B,4,random,random
R_3lPTYSRazQ0ZlFx,60433,952,0,0.0,Qwen3-8B,2,random,random
R_3lPTYSRazQ0ZlFx,60486,953,0,0.0,Qwen3-8B,2,random,random
R_3lPTYSRazQ0ZlFx,60541,954,2,1.0,Qwen3-8B,5,random,random
R_3lPTYSRazQ0ZlFx,60594,955,0,0.0,Qwen3-8B,4,random,random
R_3lPTYSRazQ0ZlFx,60647,956,3,1.0,Qwen3-8B,3,random,random
R_3lPTYSRazQ0ZlFx,60703,957,0,0.0,Qwen3-8B,2,random,random
R_3lPTYSRazQ0ZlFx,60739,958,2,1.0,Qwen3-8B,3,random,random
R_3lPTYSRazQ0ZlFx,60787,959,2,1.0,Qwen3-8B,2,random,random
R_3lPTYSRazQ0ZlFx,60841,960,3,1.0,Qwen3-8B,4,random,random
R_3lPTYSRazQ0ZlFx,60895,961,0,0.0,Qwen3-8B,3,random,random
R_3lPTYSRazQ0ZlFx,60950,962,2,1.0,Qwen3-8B,3,random,random
R_3lPTYSRazQ0ZlFx,61005,963,1,0.0,Qwen3-8B,3,random,random
R_3lPTYSRazQ0ZlFx,61060,964,0,0.0,Qwen3-8B,3,random,random
R_3lPTYSRazQ0ZlFx,61116,965,1,0.0,Qwen3-8B,1,random,random
R_3lPTYSRazQ0ZlFx,61169,966,4,1.0,Qwen3-8B,3,random,random
R_3lPTYSRazQ0ZlFx,61224,967,2,1.0,Qwen3-8B,3,random,random
R_3lPTYSRazQ0ZlFx,61279,968,4,1.0,Qwen3-8B,1,random,random
R_3lPTYSRazQ0ZlFx,61334,969,1,0.0,Qwen3-8B,3,random,random
R_3lPTYSRazQ0ZlFx,61389,970,0,0.0,Qwen3-8B,3,random,random
R_3lPTYSRazQ0ZlFx,61444,971,2,1.0,Qwen3-8B,2,random,random
R_3lPTYSRazQ0ZlFx,61498,972,2,1.0,Qwen3-8B,2,random,random
R_3lPTYSRazQ0ZlFx,61553,973,4,1.0,Qwen3-8B,3,random,random
R_3lPTYSRazQ0ZlFx,61608,974,2,1.0,Qwen3-8B,3,random,random
R_3lPTYSRazQ0ZlFx,61661,975,1,0.0,Qwen3-8B,3,random,random
R_3lPTYSRazQ0ZlFx,61715,976,0,0.0,Qwen3-8B,3,random,random
R_3lPTYSRazQ0ZlFx,61767,977,1,0.0,Qwen3-8B,2,random,random
R_3lPTYSRazQ0ZlFx,61823,978,0,0.0,Qwen3-8B,3,random,random
R_3lPTYSRazQ0ZlFx,61877,979,1,0.0,Qwen3-8B,4,random,random
R_3lPTYSRazQ0ZlFx,61933,980,0,0.0,Qwen3-8B,1,random,random
R_3lPTYSRazQ0ZlFx,61988,981,0,0.0,Qwen3-8B,2,random,random
R_3lPTYSRazQ0ZlFx,62042,982,2,1.0,Qwen3-8B,3,random,random
R_3lPTYSRazQ0ZlFx,62095,983,0,0.0,Qwen3-8B,1,random,random
R_3lPTYSRazQ0ZlFx,62149,984,0,0.0,Qwen3-8B,2,random,random
R_2eRc3IjAaU7fBA4,60332,950,2,1.0,Qwen3-8B,2,random,random
R_2eRc3IjAaU7fBA4,60387,951,1,0.0,Qwen3-8B,4,random,random
R_2eRc3IjAaU7fBA4,60441,952,1,0.0,Qwen3-8B,2,random,random
R_2eRc3IjAaU7fBA4,60494,953,2,1.0,Qwen3-8B,2,random,random
R_2eRc3IjAaU7fBA4,60549,954,2,1.0,Qwen3-8B,5,random,random
R_2eRc3IjAaU7fBA4,60602,955,1,0.0,Qwen3-8B,4,random,random
R_2eRc3IjAaU7fBA4,60655,956,3,1.0,Qwen3-8B,3,random,random
R_2eRc3IjAaU7fBA4,60710,957,2,1.0,Qwen3-8B,2,random,random
R_2eRc3IjAaU7fBA4,60744,958,2,1.0,Qwen3-8B,3,random,random
R_2eRc3IjAaU7fBA4,60795,959,0,0.0,Qwen3-8B,2,random,random
R_2eRc3IjAaU7fBA4,60849,960,3,1.0,Qwen3-8B,4,random,random
R_2eRc3IjAaU7fBA4,60903,961,0,0.0,Qwen3-8B,3,random,random
R_2eRc3IjAaU7fBA4,60958,962,2,1.0,Qwen3-8B,3,random,random
R_2eRc3IjAaU7fBA4,61013,963,1,0.0,Qwen3-8B,3,random,random
R_2eRc3IjAaU7fBA4,61069,964,2,1.0,Qwen3-8B,3,random,random
R_2eRc3IjAaU7fBA4,61124,965,2,1.0,Qwen3-8B,1,random,random
R_2eRc3IjAaU7fBA4,61177,966,3,1.0,Qwen3-8B,3,random,random
R_2eRc3IjAaU7fBA4,61232,967,3,1.0,Qwen3-8B,3,random,random
R_2eRc3IjAaU7fBA4,61287,968,2,1.0,Qwen3-8B,1,random,random
R_2eRc3IjAaU7fBA4,61342,969,3,1.0,Qwen3-8B,3,random,random
R_2eRc3IjAaU7fBA4,61397,970,3,1.0,Qwen3-8B,3,random,random
R_2eRc3IjAaU7fBA4,61452,971,3,1.0,Qwen3-8B,2,random,random
R_2eRc3IjAaU7fBA4,61506,972,3,1.0,Qwen3-8B,2,random,random
R_2eRc3IjAaU7fBA4,61561,973,4,1.0,Qwen3-8B,3,random,random
R_2eRc3IjAaU7fBA4,61616,974,3,1.0,Qwen3-8B,3,random,random
R_2eRc3IjAaU7fBA4,61669,975,4,1.0,Qwen3-8B,3,random,random
R_2eRc3IjAaU7fBA4,61723,976,2,1.0,Qwen3-8B,3,random,random
R_2eRc3IjAaU7fBA4,61775,977,0,0.0,Qwen3-8B,2,random,random
R_2eRc3IjAaU7fBA4,61830,978,0,0.0,Qwen3-8B,3,random,random
R_2eRc3IjAaU7fBA4,61886,979,3,1.0,Qwen3-8B,4,random,random
R_2eRc3IjAaU7fBA4,61941,980,3,1.0,Qwen3-8B,1,random,random
R_2eRc3IjAaU7fBA4,61996,981,3,1.0,Qwen3-8B,2,random,random
R_2eRc3IjAaU7fBA4,62049,982,3,1.0,Qwen3-8B,3,random,random
R_2eRc3IjAaU7fBA4,62102,983,2,1.0,Qwen3-8B,1,random,random
R_2eRc3IjAaU7fBA4,62156,984,3,1.0,Qwen3-8B,2,random,random
R_3MQfrOWy9Cbh61o,62167,985,4,1.0,Qwen3-8B,1,random,random
R_3MQfrOWy9Cbh61o,62229,986,3,1.0,Qwen3-8B,1,random,random
R_3MQfrOWy9Cbh61o,62290,987,1,0.0,Qwen3-8B,1,random,random
R_3MQfrOWy9Cbh61o,62350,988,0,0.0,Qwen3-8B,3,random,random
R_3MQfrOWy9Cbh61o,62410,989,3,1.0,Qwen3-8B,2,random,random
R_3MQfrOWy9Cbh61o,62485,990,1,0.0,Qwen3-8B,1,random,random
R_3MQfrOWy9Cbh61o,62485,990,1,0.0,Qwen3-8B,1,moral,fairness
R_3MQfrOWy9Cbh61o,62485,990,1,0.0,Qwen3-8B,1,random,random
R_3MQfrOWy9Cbh61o,62485,990,1,0.0,Qwen3-8B,1,moral,fairness
R_3MQfrOWy9Cbh61o,62632,991,4,1.0,Qwen3-8B,4,random,random
R_3MQfrOWy9Cbh61o,62691,992,1,0.0,Qwen3-8B,2,random,random
R_3MQfrOWy9Cbh61o,62752,993,3,1.0,Qwen3-8B,3,random,random
R_3MQfrOWy9Cbh61o,62814,994,3,1.0,Qwen3-8B,5,random,random
R_3MQfrOWy9Cbh61o,62877,995,1,0.0,Qwen3-8B,3,random,random
R_3MQfrOWy9Cbh61o,62940,996,3,1.0,Qwen3-8B,4,random,random
R_3MQfrOWy9Cbh61o,62999,997,3,1.0,Qwen3-8B,3,random,random
R_3MQfrOWy9Cbh61o,63060,998,1,0.0,Qwen3-8B,4,random,random
R_3MQfrOWy9Cbh61o,63119,999,0,0.0,Qwen3-8B,2,random,random
R_3MQfrOWy9Cbh61o,63181,1000,1,0.0,Qwen3-8B,3,random,random
R_3MQfrOWy9Cbh61o,63242,1001,3,1.0,Qwen3-8B,1,random,random
R_3MQfrOWy9Cbh61o,63302,1002,3,1.0,Qwen3-8B,2,random,random
R_3MQfrOWy9Cbh61o,63363,1003,4,1.0,Qwen3-8B,4,random,random
R_3MQfrOWy9Cbh61o,63424,1004,2,1.0,Qwen3-8B,4,random,random
R_3MQfrOWy9Cbh61o,63485,1005,2,1.0,Qwen3-8B,2,random,random
R_3MQfrOWy9Cbh61o,63547,1006,2,1.0,Qwen3-8B,4,random,random
R_3MQfrOWy9Cbh61o,63607,1007,2,1.0,Qwen3-8B,1,random,random
R_3MQfrOWy9Cbh61o,63670,1008,2,1.0,Qwen3-8B,2,random,random
R_3MQfrOWy9Cbh61o,63731,1009,1,0.0,Qwen3-8B,2,random,random
R_3MQfrOWy9Cbh61o,63793,1010,1,0.0,Qwen3-8B,2,random,random
R_3MQfrOWy9Cbh61o,63855,1011,1,0.0,Qwen3-8B,3,random,random
R_3MQfrOWy9Cbh61o,63915,1012,2,1.0,Qwen3-8B,4,random,random
R_3MQfrOWy9Cbh61o,63975,1013,3,1.0,Qwen3-8B,2,random,random
R_3MQfrOWy9Cbh61o,64034,1014,2,1.0,Qwen3-8B,3,random,random
R_3MQfrOWy9Cbh61o,64096,1015,3,1.0,Qwen3-8B,3,random,random
R_3MQfrOWy9Cbh61o,64158,1016,4,1.0,Qwen3-8B,3,random,random
R_3MQfrOWy9Cbh61o,64216,1017,3,1.0,Qwen3-8B,2,random,random
R_3MQfrOWy9Cbh61o,64278,1018,3,1.0,Qwen3-8B,2,random,random
R_3MQfrOWy9Cbh61o,64340,1019,4,1.0,Qwen3-8B,1,random,random
R_1NaKQZTRijEhBWV,62173,985,2,1.0,Qwen3-8B,1,random,random
R_1NaKQZTRijEhBWV,62235,986,3,1.0,Qwen3-8B,1,random,random
R_1NaKQZTRijEhBWV,62297,987,4,1.0,Qwen3-8B,1,random,random
R_1NaKQZTRijEhBWV,62356,988,3,1.0,Qwen3-8B,3,random,random
R_1NaKQZTRijEhBWV,62416,989,4,1.0,Qwen3-8B,2,random,random
R_1NaKQZTRijEhBWV,62503,990,3,1.0,Qwen3-8B,1,random,random
R_1NaKQZTRijEhBWV,62503,990,3,1.0,Qwen3-8B,1,moral,fairness
R_1NaKQZTRijEhBWV,62503,990,3,1.0,Qwen3-8B,1,random,random
R_1NaKQZTRijEhBWV,62503,990,3,1.0,Qwen3-8B,1,moral,fairness
R_1NaKQZTRijEhBWV,62638,991,3,1.0,Qwen3-8B,4,random,random
R_1NaKQZTRijEhBWV,62697,992,3,1.0,Qwen3-8B,2,random,random
R_1NaKQZTRijEhBWV,62758,993,4,1.0,Qwen3-8B,3,random,random
R_1NaKQZTRijEhBWV,62821,994,1,0.0,Qwen3-8B,5,random,random
R_1NaKQZTRijEhBWV,62883,995,3,1.0,Qwen3-8B,3,random,random
R_1NaKQZTRijEhBWV,62945,996,4,1.0,Qwen3-8B,4,random,random
R_1NaKQZTRijEhBWV,63005,997,3,1.0,Qwen3-8B,3,random,random
R_1NaKQZTRijEhBWV,63066,998,3,1.0,Qwen3-8B,4,random,random
R_1NaKQZTRijEhBWV,63125,999,3,1.0,Qwen3-8B,2,random,random
R_1NaKQZTRijEhBWV,63187,1000,3,1.0,Qwen3-8B,3,random,random
R_1NaKQZTRijEhBWV,63248,1001,4,1.0,Qwen3-8B,1,random,random
R_1NaKQZTRijEhBWV,63308,1002,4,1.0,Qwen3-8B,2,random,random
R_1NaKQZTRijEhBWV,63369,1003,3,1.0,Qwen3-8B,4,random,random
R_1NaKQZTRijEhBWV,63430,1004,4,1.0,Qwen3-8B,4,random,random
R_1NaKQZTRijEhBWV,63491,1005,4,1.0,Qwen3-8B,2,random,random
R_1NaKQZTRijEhBWV,63553,1006,4,1.0,Qwen3-8B,4,random,random
R_1NaKQZTRijEhBWV,63613,1007,4,1.0,Qwen3-8B,1,random,random
R_1NaKQZTRijEhBWV,63676,1008,4,1.0,Qwen3-8B,2,random,random
R_1NaKQZTRijEhBWV,63737,1009,4,1.0,Qwen3-8B,2,random,random
R_1NaKQZTRijEhBWV,63799,1010,3,1.0,Qwen3-8B,2,random,random
R_1NaKQZTRijEhBWV,63861,1011,2,1.0,Qwen3-8B,3,random,random
R_1NaKQZTRijEhBWV,63922,1012,4,1.0,Qwen3-8B,4,random,random
R_1NaKQZTRijEhBWV,63980,1013,4,1.0,Qwen3-8B,2,random,random
R_1NaKQZTRijEhBWV,64040,1014,3,1.0,Qwen3-8B,3,random,random
R_1NaKQZTRijEhBWV,64102,1015,4,1.0,Qwen3-8B,3,random,random
R_1NaKQZTRijEhBWV,64164,1016,3,1.0,Qwen3-8B,3,random,random
R_1NaKQZTRijEhBWV,64222,1017,3,1.0,Qwen3-8B,2,random,random
R_1NaKQZTRijEhBWV,64284,1018,4,1.0,Qwen3-8B,2,random,random
R_1NaKQZTRijEhBWV,64346,1019,2,1.0,Qwen3-8B,1,random,random
R_3htEXtJGzCFlYwY,62208,985,1,0.0,Qwen3-8B,1,random,random
R_3htEXtJGzCFlYwY,62269,986,0,0.0,Qwen3-8B,1,random,random
R_3htEXtJGzCFlYwY,62330,987,0,0.0,Qwen3-8B,1,random,random
R_3htEXtJGzCFlYwY,62390,988,0,0.0,Qwen3-8B,3,random,random
R_3htEXtJGzCFlYwY,62450,989,0,0.0,Qwen3-8B,2,random,random
R_3htEXtJGzCFlYwY,62589,990,0,0.0,Qwen3-8B,1,random,random
R_3htEXtJGzCFlYwY,62589,990,0,0.0,Qwen3-8B,1,moral,fairness
R_3htEXtJGzCFlYwY,62589,990,0,0.0,Qwen3-8B,1,random,random
R_3htEXtJGzCFlYwY,62589,990,0,0.0,Qwen3-8B,1,moral,fairness
R_3htEXtJGzCFlYwY,62671,991,3,1.0,Qwen3-8B,4,random,random
R_3htEXtJGzCFlYwY,62732,992,0,0.0,Qwen3-8B,2,random,random
R_3htEXtJGzCFlYwY,62793,993,4,1.0,Qwen3-8B,3,random,random
R_3htEXtJGzCFlYwY,62856,994,0,0.0,Qwen3-8B,5,random,random
R_3htEXtJGzCFlYwY,62918,995,1,0.0,Qwen3-8B,3,random,random
R_3htEXtJGzCFlYwY,62979,996,1,0.0,Qwen3-8B,4,random,random
R_3htEXtJGzCFlYwY,63039,997,0,0.0,Qwen3-8B,3,random,random
R_3htEXtJGzCFlYwY,63100,998,0,0.0,Qwen3-8B,4,random,random
R_3htEXtJGzCFlYwY,63161,999,0,0.0,Qwen3-8B,2,random,random
R_3htEXtJGzCFlYwY,63221,1000,0,0.0,Qwen3-8B,3,random,random
R_3htEXtJGzCFlYwY,63282,1001,0,0.0,Qwen3-8B,1,random,random
R_3htEXtJGzCFlYwY,63342,1002,0,0.0,Qwen3-8B,2,random,random
R_3htEXtJGzCFlYwY,63403,1003,0,0.0,Qwen3-8B,4,random,random
R_3htEXtJGzCFlYwY,63464,1004,0,0.0,Qwen3-8B,4,random,random
R_3htEXtJGzCFlYwY,63526,1005,0,0.0,Qwen3-8B,2,random,random
R_3htEXtJGzCFlYwY,63587,1006,0,0.0,Qwen3-8B,4,random,random
R_3htEXtJGzCFlYwY,63649,1007,0,0.0,Qwen3-8B,1,random,random
R_3htEXtJGzCFlYwY,63710,1008,0,0.0,Qwen3-8B,2,random,random
R_3htEXtJGzCFlYwY,63772,1009,0,0.0,Qwen3-8B,2,random,random
R_3htEXtJGzCFlYwY,63834,1010,0,0.0,Qwen3-8B,2,random,random
R_3htEXtJGzCFlYwY,63894,1011,0,0.0,Qwen3-8B,3,random,random
R_3htEXtJGzCFlYwY,63954,1012,0,0.0,Qwen3-8B,4,random,random
R_3htEXtJGzCFlYwY,64014,1013,0,0.0,Qwen3-8B,2,random,random
R_3htEXtJGzCFlYwY,64075,1014,0,0.0,Qwen3-8B,3,random,random
R_3htEXtJGzCFlYwY,64137,1015,0,0.0,Qwen3-8B,3,random,random
R_3htEXtJGzCFlYwY,64196,1016,0,0.0,Qwen3-8B,3,random,random
R_3htEXtJGzCFlYwY,64258,1017,0,0.0,Qwen3-8B,2,random,random
R_3htEXtJGzCFlYwY,64319,1018,0,0.0,Qwen3-8B,2,random,random
R_3htEXtJGzCFlYwY,64380,1019,0,0.0,Qwen3-8B,1,random,random
R_2PoiCqHFTXma5o8,62213,985,-1,,Qwen3-8B,1,random,random
R_2PoiCqHFTXma5o8,62274,986,0,0.0,Qwen3-8B,1,random,random
R_2PoiCqHFTXma5o8,62335,987,0,0.0,Qwen3-8B,1,random,random
R_2PoiCqHFTXma5o8,62395,988,0,0.0,Qwen3-8B,3,random,random
R_2PoiCqHFTXma5o8,62455,989,1,0.0,Qwen3-8B,2,random,random
R_2PoiCqHFTXma5o8,62603,990,0,0.0,Qwen3-8B,1,random,random
R_2PoiCqHFTXma5o8,62603,990,0,0.0,Qwen3-8B,1,moral,fairness
R_2PoiCqHFTXma5o8,62603,990,0,0.0,Qwen3-8B,1,random,random
R_2PoiCqHFTXma5o8,62603,990,0,0.0,Qwen3-8B,1,moral,fairness
R_2PoiCqHFTXma5o8,62676,991,1,0.0,Qwen3-8B,4,random,random
R_2PoiCqHFTXma5o8,62737,992,0,0.0,Qwen3-8B,2,random,random
R_2PoiCqHFTXma5o8,62798,993,4,1.0,Qwen3-8B,3,random,random
R_2PoiCqHFTXma5o8,62861,994,4,1.0,Qwen3-8B,5,random,random
R_2PoiCqHFTXma5o8,62923,995,0,0.0,Qwen3-8B,3,random,random
R_2PoiCqHFTXma5o8,62983,996,1,0.0,Qwen3-8B,4,random,random
R_2PoiCqHFTXma5o8,63044,997,0,0.0,Qwen3-8B,3,random,random
R_2PoiCqHFTXma5o8,63105,998,2,1.0,Qwen3-8B,4,random,random
R_2PoiCqHFTXma5o8,63165,999,0,0.0,Qwen3-8B,2,random,random
R_2PoiCqHFTXma5o8,63226,1000,1,0.0,Qwen3-8B,3,random,random
R_2PoiCqHFTXma5o8,63286,1001,0,0.0,Qwen3-8B,1,random,random
R_2PoiCqHFTXma5o8,63347,1002,0,0.0,Qwen3-8B,2,random,random
R_2PoiCqHFTXma5o8,63408,1003,4,1.0,Qwen3-8B,4,random,random
R_2PoiCqHFTXma5o8,63469,1004,0,0.0,Qwen3-8B,4,random,random
R_2PoiCqHFTXma5o8,63531,1005,0,0.0,Qwen3-8B,2,random,random
R_2PoiCqHFTXma5o8,63592,1006,-1,,Qwen3-8B,4,random,random
R_2PoiCqHFTXma5o8,63654,1007,0,0.0,Qwen3-8B,1,random,random
R_2PoiCqHFTXma5o8,63715,1008,0,0.0,Qwen3-8B,2,random,random
R_2PoiCqHFTXma5o8,63777,1009,0,0.0,Qwen3-8B,2,random,random
R_2PoiCqHFTXma5o8,63839,1010,0,0.0,Qwen3-8B,2,random,random
R_2PoiCqHFTXma5o8,63899,1011,0,0.0,Qwen3-8B,3,random,random
R_2PoiCqHFTXma5o8,63959,1012,0,0.0,Qwen3-8B,4,random,random
R_2PoiCqHFTXma5o8,64018,1013,1,0.0,Qwen3-8B,2,random,random
R_2PoiCqHFTXma5o8,64080,1014,0,0.0,Qwen3-8B,3,random,random
R_2PoiCqHFTXma5o8,64142,1015,0,0.0,Qwen3-8B,3,random,random
R_2PoiCqHFTXma5o8,64201,1016,0,0.0,Qwen3-8B,3,random,random
R_2PoiCqHFTXma5o8,64262,1017,1,0.0,Qwen3-8B,2,random,random
R_2PoiCqHFTXma5o8,64324,1018,0,0.0,Qwen3-8B,2,random,random
R_2PoiCqHFTXma5o8,64385,1019,0,0.0,Qwen3-8B,1,random,random
R_3fBgD4V6zSQio7H,62216,985,0,0.0,Qwen3-8B,1,random,random
R_3fBgD4V6zSQio7H,62277,986,1,0.0,Qwen3-8B,1,random,random
R_3fBgD4V6zSQio7H,62338,987,0,0.0,Qwen3-8B,1,random,random
R_3fBgD4V6zSQio7H,62398,988,2,1.0,Qwen3-8B,3,random,random
R_3fBgD4V6zSQio7H,62458,989,1,0.0,Qwen3-8B,2,random,random
R_3fBgD4V6zSQio7H,62609,990,0,0.0,Qwen3-8B,1,random,random
R_3fBgD4V6zSQio7H,62609,990,0,0.0,Qwen3-8B,1,moral,fairness
R_3fBgD4V6zSQio7H,62609,990,0,0.0,Qwen3-8B,1,random,random
R_3fBgD4V6zSQio7H,62609,990,0,0.0,Qwen3-8B,1,moral,fairness
R_3fBgD4V6zSQio7H,62679,991,1,0.0,Qwen3-8B,4,random,random
R_3fBgD4V6zSQio7H,62740,992,1,0.0,Qwen3-8B,2,random,random
R_3fBgD4V6zSQio7H,62801,993,1,0.0,Qwen3-8B,3,random,random
R_3fBgD4V6zSQio7H,62864,994,3,1.0,Qwen3-8B,5,random,random
R_3fBgD4V6zSQio7H,62926,995,0,0.0,Qwen3-8B,3,random,random
R_3fBgD4V6zSQio7H,62986,996,1,0.0,Qwen3-8B,4,random,random
R_3fBgD4V6zSQio7H,63047,997,3,1.0,Qwen3-8B,3,random,random
R_3fBgD4V6zSQio7H,63108,998,2,1.0,Qwen3-8B,4,random,random
R_3fBgD4V6zSQio7H,63168,999,1,0.0,Qwen3-8B,2,random,random
R_3fBgD4V6zSQio7H,63229,1000,2,1.0,Qwen3-8B,3,random,random
R_3fBgD4V6zSQio7H,63289,1001,0,0.0,Qwen3-8B,1,random,random
R_3fBgD4V6zSQio7H,63350,1002,1,0.0,Qwen3-8B,2,random,random
R_3fBgD4V6zSQio7H,63411,1003,2,1.0,Qwen3-8B,4,random,random
R_3fBgD4V6zSQio7H,63472,1004,2,1.0,Qwen3-8B,4,random,random
R_3fBgD4V6zSQio7H,63534,1005,1,0.0,Qwen3-8B,2,random,random
R_3fBgD4V6zSQio7H,63595,1006,1,0.0,Qwen3-8B,4,random,random
R_3fBgD4V6zSQio7H,63657,1007,0,0.0,Qwen3-8B,1,random,random
R_3fBgD4V6zSQio7H,63718,1008,1,0.0,Qwen3-8B,2,random,random
R_3fBgD4V6zSQio7H,63780,1009,0,0.0,Qwen3-8B,2,random,random
R_3fBgD4V6zSQio7H,63842,1010,0,0.0,Qwen3-8B,2,random,random
R_3fBgD4V6zSQio7H,63902,1011,0,0.0,Qwen3-8B,3,random,random
R_3fBgD4V6zSQio7H,63962,1012,1,0.0,Qwen3-8B,4,random,random
R_3fBgD4V6zSQio7H,64021,1013,2,1.0,Qwen3-8B,2,random,random
R_3fBgD4V6zSQio7H,64083,1014,1,0.0,Qwen3-8B,3,random,random
R_3fBgD4V6zSQio7H,64145,1015,1,0.0,Qwen3-8B,3,random,random
R_3fBgD4V6zSQio7H,64204,1016,0,0.0,Qwen3-8B,3,random,random
R_3fBgD4V6zSQio7H,64265,1017,1,0.0,Qwen3-8B,2,random,random
R_3fBgD4V6zSQio7H,64327,1018,0,0.0,Qwen3-8B,2,random,random
R_3fBgD4V6zSQio7H,64388,1019,0,0.0,Qwen3-8B,1,random,random
R_Wkew5F3sXWGkabv,64393,1020,0,0.0,Qwen3-8B,1,random,random
R_Wkew5F3sXWGkabv,64460,1021,0,0.0,Qwen3-8B,1,random,random
R_Wkew5F3sXWGkabv,64526,1022,0,0.0,Qwen3-8B,2,random,random
R_Wkew5F3sXWGkabv,64593,1023,0,0.0,Qwen3-8B,2,random,random
R_Wkew5F3sXWGkabv,64660,1024,1,0.0,Qwen3-8B,2,random,random
R_Wkew5F3sXWGkabv,64726,1025,0,0.0,Qwen3-8B,4,random,random
R_Wkew5F3sXWGkabv,64790,1026,1,0.0,Qwen3-8B,4,random,random
R_Wkew5F3sXWGkabv,64857,1027,0,0.0,Qwen3-8B,2,random,random
R_Wkew5F3sXWGkabv,64924,1028,1,0.0,Qwen3-8B,3,random,random
R_Wkew5F3sXWGkabv,64988,1029,0,0.0,Qwen3-8B,4,random,random
R_Wkew5F3sXWGkabv,65052,1030,0,0.0,Qwen3-8B,1,random,random
R_Wkew5F3sXWGkabv,65119,1031,1,0.0,Qwen3-8B,1,random,random
R_Wkew5F3sXWGkabv,65184,1032,0,0.0,Qwen3-8B,1,random,random
R_Wkew5F3sXWGkabv,65249,1033,0,0.0,Qwen3-8B,3,random,random
R_Wkew5F3sXWGkabv,65313,1034,0,0.0,Qwen3-8B,2,random,random
R_Wkew5F3sXWGkabv,65379,1035,1,0.0,Qwen3-8B,2,random,random
R_Wkew5F3sXWGkabv,65446,1036,0,0.0,Qwen3-8B,3,random,random
R_Wkew5F3sXWGkabv,65513,1037,0,0.0,Qwen3-8B,1,random,random
R_Wkew5F3sXWGkabv,65579,1038,0,0.0,Qwen3-8B,1,random,random
R_Wkew5F3sXWGkabv,65646,1039,1,0.0,Qwen3-8B,1,random,random
R_Wkew5F3sXWGkabv,65713,1040,0,0.0,Qwen3-8B,2,random,random
R_Wkew5F3sXWGkabv,65777,1041,0,0.0,Qwen3-8B,5,random,random
R_Wkew5F3sXWGkabv,65820,1042,1,0.0,Qwen3-8B,4,random,random
R_Wkew5F3sXWGkabv,65887,1043,0,0.0,Qwen3-8B,4,random,random
R_Wkew5F3sXWGkabv,65955,1044,0,0.0,Qwen3-8B,2,random,random
R_Wkew5F3sXWGkabv,66022,1045,1,0.0,Qwen3-8B,3,random,random
R_Wkew5F3sXWGkabv,66088,1046,0,0.0,Qwen3-8B,3,random,random
R_Wkew5F3sXWGkabv,66153,1047,0,0.0,Qwen3-8B,1,random,random
R_Wkew5F3sXWGkabv,66217,1048,1,0.0,Qwen3-8B,2,random,random
R_Wkew5F3sXWGkabv,66284,1049,0,0.0,Qwen3-8B,1,random,random
R_Wkew5F3sXWGkabv,66351,1050,1,0.0,Qwen3-8B,3,random,random
R_Wkew5F3sXWGkabv,66411,1051,0,0.0,Qwen3-8B,3,random,random
R_Wkew5F3sXWGkabv,66475,1052,1,0.0,Qwen3-8B,3,random,random
R_Wkew5F3sXWGkabv,66542,1053,0,0.0,Qwen3-8B,3,random,random
R_Wkew5F3sXWGkabv,66608,1054,0,0.0,Qwen3-8B,3,random,random
R_3j7LBjimnHSI09W,64396,1020,0,0.0,Qwen3-8B,1,random,random
R_3j7LBjimnHSI09W,64463,1021,0,0.0,Qwen3-8B,1,random,random
R_3j7LBjimnHSI09W,64529,1022,0,0.0,Qwen3-8B,2,random,random
R_3j7LBjimnHSI09W,64596,1023,0,0.0,Qwen3-8B,2,random,random
R_3j7LBjimnHSI09W,64663,1024,0,0.0,Qwen3-8B,2,random,random
R_3j7LBjimnHSI09W,64729,1025,0,0.0,Qwen3-8B,4,random,random
R_3j7LBjimnHSI09W,64793,1026,4,1.0,Qwen3-8B,4,random,random
R_3j7LBjimnHSI09W,64860,1027,0,0.0,Qwen3-8B,2,random,random
R_3j7LBjimnHSI09W,64927,1028,2,1.0,Qwen3-8B,3,random,random
R_3j7LBjimnHSI09W,64991,1029,3,1.0,Qwen3-8B,4,random,random
R_3j7LBjimnHSI09W,65055,1030,2,1.0,Qwen3-8B,1,random,random
R_3j7LBjimnHSI09W,65122,1031,0,0.0,Qwen3-8B,1,random,random
R_3j7LBjimnHSI09W,65187,1032,0,0.0,Qwen3-8B,1,random,random
R_3j7LBjimnHSI09W,65252,1033,1,0.0,Qwen3-8B,3,random,random
R_3j7LBjimnHSI09W,65316,1034,0,0.0,Qwen3-8B,2,random,random
R_3j7LBjimnHSI09W,65382,1035,0,0.0,Qwen3-8B,2,random,random
R_3j7LBjimnHSI09W,65449,1036,2,1.0,Qwen3-8B,3,random,random
R_3j7LBjimnHSI09W,65516,1037,0,0.0,Qwen3-8B,1,random,random
R_3j7LBjimnHSI09W,65582,1038,0,0.0,Qwen3-8B,1,random,random
R_3j7LBjimnHSI09W,65649,1039,0,0.0,Qwen3-8B,1,random,random
R_3j7LBjimnHSI09W,65716,1040,1,0.0,Qwen3-8B,2,random,random
R_3j7LBjimnHSI09W,65780,1041,4,1.0,Qwen3-8B,5,random,random
R_3j7LBjimnHSI09W,65823,1042,0,0.0,Qwen3-8B,4,random,random
R_3j7LBjimnHSI09W,65890,1043,2,1.0,Qwen3-8B,4,random,random
R_3j7LBjimnHSI09W,65958,1044,4,1.0,Qwen3-8B,2,random,random
R_3j7LBjimnHSI09W,66025,1045,2,1.0,Qwen3-8B,3,random,random
R_3j7LBjimnHSI09W,66091,1046,2,1.0,Qwen3-8B,3,random,random
R_3j7LBjimnHSI09W,66156,1047,0,0.0,Qwen3-8B,1,random,random
R_3j7LBjimnHSI09W,66220,1048,0,0.0,Qwen3-8B,2,random,random
R_3j7LBjimnHSI09W,66287,1049,0,0.0,Qwen3-8B,1,random,random
R_3j7LBjimnHSI09W,66354,1050,0,0.0,Qwen3-8B,3,random,random
R_3j7LBjimnHSI09W,66414,1051,2,1.0,Qwen3-8B,3,random,random
R_3j7LBjimnHSI09W,66478,1052,1,0.0,Qwen3-8B,3,random,random
R_3j7LBjimnHSI09W,66545,1053,3,1.0,Qwen3-8B,3,random,random
R_3j7LBjimnHSI09W,66611,1054,3,1.0,Qwen3-8B,3,random,random
R_3EQoJYSRoPlMY0l,64402,1020,2,1.0,Qwen3-8B,1,random,random
R_3EQoJYSRoPlMY0l,64469,1021,2,1.0,Qwen3-8B,1,random,random
R_3EQoJYSRoPlMY0l,64535,1022,2,1.0,Qwen3-8B,2,random,random
R_3EQoJYSRoPlMY0l,64602,1023,2,1.0,Qwen3-8B,2,random,random
R_3EQoJYSRoPlMY0l,64669,1024,2,1.0,Qwen3-8B,2,random,random
R_3EQoJYSRoPlMY0l,64735,1025,2,1.0,Qwen3-8B,4,random,random
R_3EQoJYSRoPlMY0l,64799,1026,1,0.0,Qwen3-8B,4,random,random
R_3EQoJYSRoPlMY0l,64866,1027,2,1.0,Qwen3-8B,2,random,random
R_3EQoJYSRoPlMY0l,64933,1028,2,1.0,Qwen3-8B,3,random,random
R_3EQoJYSRoPlMY0l,64997,1029,2,1.0,Qwen3-8B,4,random,random
R_3EQoJYSRoPlMY0l,65061,1030,3,1.0,Qwen3-8B,1,random,random
R_3EQoJYSRoPlMY0l,65127,1031,2,1.0,Qwen3-8B,1,random,random
R_3EQoJYSRoPlMY0l,65193,1032,4,1.0,Qwen3-8B,1,random,random
R_3EQoJYSRoPlMY0l,65257,1033,1,0.0,Qwen3-8B,3,random,random
R_3EQoJYSRoPlMY0l,65322,1034,2,1.0,Qwen3-8B,2,random,random
R_3EQoJYSRoPlMY0l,65388,1035,-1,,Qwen3-8B,2,random,random
R_3EQoJYSRoPlMY0l,65455,1036,4,1.0,Qwen3-8B,3,random,random
R_3EQoJYSRoPlMY0l,65522,1037,2,1.0,Qwen3-8B,1,random,random
R_3EQoJYSRoPlMY0l,65588,1038,1,0.0,Qwen3-8B,1,random,random
R_3EQoJYSRoPlMY0l,65655,1039,1,0.0,Qwen3-8B,1,random,random
R_3EQoJYSRoPlMY0l,65720,1040,2,1.0,Qwen3-8B,2,random,random
R_3EQoJYSRoPlMY0l,65783,1041,2,1.0,Qwen3-8B,5,random,random
R_3EQoJYSRoPlMY0l,65829,1042,2,1.0,Qwen3-8B,4,random,random
R_3EQoJYSRoPlMY0l,65896,1043,1,0.0,Qwen3-8B,4,random,random
R_3EQoJYSRoPlMY0l,65964,1044,2,1.0,Qwen3-8B,2,random,random
R_3EQoJYSRoPlMY0l,66031,1045,1,0.0,Qwen3-8B,3,random,random
R_3EQoJYSRoPlMY0l,66097,1046,2,1.0,Qwen3-8B,3,random,random
R_3EQoJYSRoPlMY0l,66162,1047,2,1.0,Qwen3-8B,1,random,random
R_3EQoJYSRoPlMY0l,66226,1048,4,1.0,Qwen3-8B,2,random,random
R_3EQoJYSRoPlMY0l,66293,1049,2,1.0,Qwen3-8B,1,random,random
R_3EQoJYSRoPlMY0l,66359,1050,3,1.0,Qwen3-8B,3,random,random
R_3EQoJYSRoPlMY0l,66418,1051,3,1.0,Qwen3-8B,3,random,random
R_3EQoJYSRoPlMY0l,66484,1052,2,1.0,Qwen3-8B,3,random,random
R_3EQoJYSRoPlMY0l,66551,1053,2,1.0,Qwen3-8B,3,random,random
R_3EQoJYSRoPlMY0l,66617,1054,2,1.0,Qwen3-8B,3,random,random
R_8iiyL2Fpn4y40nv,64415,1020,0,0.0,Qwen3-8B,1,random,random
R_8iiyL2Fpn4y40nv,64482,1021,3,1.0,Qwen3-8B,1,random,random
R_8iiyL2Fpn4y40nv,64548,1022,0,0.0,Qwen3-8B,2,random,random
R_8iiyL2Fpn4y40nv,64616,1023,0,0.0,Qwen3-8B,2,random,random
R_8iiyL2Fpn4y40nv,64682,1024,0,0.0,Qwen3-8B,2,random,random
R_8iiyL2Fpn4y40nv,64748,1025,1,0.0,Qwen3-8B,4,random,random
R_8iiyL2Fpn4y40nv,64812,1026,4,1.0,Qwen3-8B,4,random,random
R_8iiyL2Fpn4y40nv,64879,1027,3,1.0,Qwen3-8B,2,random,random
R_8iiyL2Fpn4y40nv,64946,1028,0,0.0,Qwen3-8B,3,random,random
R_8iiyL2Fpn4y40nv,65010,1029,3,1.0,Qwen3-8B,4,random,random
R_8iiyL2Fpn4y40nv,65074,1030,3,1.0,Qwen3-8B,1,random,random
R_8iiyL2Fpn4y40nv,65140,1031,2,1.0,Qwen3-8B,1,random,random
R_8iiyL2Fpn4y40nv,65207,1032,0,0.0,Qwen3-8B,1,random,random
R_8iiyL2Fpn4y40nv,65270,1033,1,0.0,Qwen3-8B,3,random,random
R_8iiyL2Fpn4y40nv,65335,1034,0,0.0,Qwen3-8B,2,random,random
R_8iiyL2Fpn4y40nv,65401,1035,1,0.0,Qwen3-8B,2,random,random
R_8iiyL2Fpn4y40nv,65468,1036,0,0.0,Qwen3-8B,3,random,random
R_8iiyL2Fpn4y40nv,65535,1037,3,1.0,Qwen3-8B,1,random,random
R_8iiyL2Fpn4y40nv,65600,1038,1,0.0,Qwen3-8B,1,random,random
R_8iiyL2Fpn4y40nv,65668,1039,1,0.0,Qwen3-8B,1,random,random
R_8iiyL2Fpn4y40nv,65733,1040,2,1.0,Qwen3-8B,2,random,random
R_8iiyL2Fpn4y40nv,65793,1041,1,0.0,Qwen3-8B,5,random,random
R_8iiyL2Fpn4y40nv,65842,1042,0,0.0,Qwen3-8B,4,random,random
R_8iiyL2Fpn4y40nv,65909,1043,2,1.0,Qwen3-8B,4,random,random
R_8iiyL2Fpn4y40nv,65977,1044,1,0.0,Qwen3-8B,2,random,random
R_8iiyL2Fpn4y40nv,66044,1045,0,0.0,Qwen3-8B,3,random,random
R_8iiyL2Fpn4y40nv,66110,1046,0,0.0,Qwen3-8B,3,random,random
R_8iiyL2Fpn4y40nv,66175,1047,1,0.0,Qwen3-8B,1,random,random
R_8iiyL2Fpn4y40nv,66239,1048,1,0.0,Qwen3-8B,2,random,random
R_8iiyL2Fpn4y40nv,66305,1049,1,0.0,Qwen3-8B,1,random,random
R_8iiyL2Fpn4y40nv,66370,1050,2,1.0,Qwen3-8B,3,random,random
R_8iiyL2Fpn4y40nv,66431,1051,2,1.0,Qwen3-8B,3,random,random
R_8iiyL2Fpn4y40nv,66497,1052,1,0.0,Qwen3-8B,3,random,random
R_8iiyL2Fpn4y40nv,66564,1053,1,0.0,Qwen3-8B,3,random,random
R_8iiyL2Fpn4y40nv,66630,1054,4,1.0,Qwen3-8B,3,random,random
R_1FwECrQaNsNjn2v,64422,1020,1,0.0,Qwen3-8B,1,random,random
R_1FwECrQaNsNjn2v,64489,1021,-1,,Qwen3-8B,1,random,random
R_1FwECrQaNsNjn2v,64555,1022,0,0.0,Qwen3-8B,2,random,random
R_1FwECrQaNsNjn2v,64623,1023,0,0.0,Qwen3-8B,2,random,random
R_1FwECrQaNsNjn2v,64689,1024,2,1.0,Qwen3-8B,2,random,random
R_1FwECrQaNsNjn2v,64755,1025,-1,,Qwen3-8B,4,random,random
R_1FwECrQaNsNjn2v,64819,1026,4,1.0,Qwen3-8B,4,random,random
R_1FwECrQaNsNjn2v,64886,1027,2,1.0,Qwen3-8B,2,random,random
R_1FwECrQaNsNjn2v,64953,1028,0,0.0,Qwen3-8B,3,random,random
R_1FwECrQaNsNjn2v,65017,1029,1,0.0,Qwen3-8B,4,random,random
R_1FwECrQaNsNjn2v,65081,1030,0,0.0,Qwen3-8B,1,random,random
R_1FwECrQaNsNjn2v,65147,1031,1,0.0,Qwen3-8B,1,random,random
R_1FwECrQaNsNjn2v,65214,1032,3,1.0,Qwen3-8B,1,random,random
R_1FwECrQaNsNjn2v,65277,1033,1,0.0,Qwen3-8B,3,random,random
R_1FwECrQaNsNjn2v,65342,1034,0,0.0,Qwen3-8B,2,random,random
R_1FwECrQaNsNjn2v,65408,1035,2,1.0,Qwen3-8B,2,random,random
R_1FwECrQaNsNjn2v,65475,1036,0,0.0,Qwen3-8B,3,random,random
R_1FwECrQaNsNjn2v,65542,1037,3,1.0,Qwen3-8B,1,random,random
R_1FwECrQaNsNjn2v,65607,1038,-1,,Qwen3-8B,1,random,random
R_1FwECrQaNsNjn2v,65675,1039,0,0.0,Qwen3-8B,1,random,random
R_1FwECrQaNsNjn2v,65740,1040,1,0.0,Qwen3-8B,2,random,random
R_1FwECrQaNsNjn2v,65800,1041,4,1.0,Qwen3-8B,5,random,random
R_1FwECrQaNsNjn2v,65849,1042,0,0.0,Qwen3-8B,4,random,random
R_1FwECrQaNsNjn2v,65916,1043,1,0.0,Qwen3-8B,4,random,random
R_1FwECrQaNsNjn2v,65984,1044,0,0.0,Qwen3-8B,2,random,random
R_1FwECrQaNsNjn2v,66051,1045,1,0.0,Qwen3-8B,3,random,random
R_1FwECrQaNsNjn2v,66117,1046,0,0.0,Qwen3-8B,3,random,random
R_1FwECrQaNsNjn2v,66182,1047,3,1.0,Qwen3-8B,1,random,random
R_1FwECrQaNsNjn2v,66246,1048,0,0.0,Qwen3-8B,2,random,random
R_1FwECrQaNsNjn2v,66312,1049,0,0.0,Qwen3-8B,1,random,random
R_1FwECrQaNsNjn2v,66377,1050,2,1.0,Qwen3-8B,3,random,random
R_1FwECrQaNsNjn2v,66438,1051,3,1.0,Qwen3-8B,3,random,random
R_1FwECrQaNsNjn2v,66504,1052,0,0.0,Qwen3-8B,3,random,random
R_1FwECrQaNsNjn2v,66571,1053,-1,,Qwen3-8B,3,random,random
R_1FwECrQaNsNjn2v,66637,1054,3,1.0,Qwen3-8B,3,random,random
R_1KcEw6PR1gsLKzm,66674,1055,0,0.0,Qwen3-8B,4,random,random
R_1KcEw6PR1gsLKzm,66734,1056,0,0.0,Qwen3-8B,2,random,random
R_1KcEw6PR1gsLKzm,66792,1057,0,0.0,Qwen3-8B,3,random,random
R_1KcEw6PR1gsLKzm,66851,1058,1,0.0,Qwen3-8B,3,random,random
R_1KcEw6PR1gsLKzm,66911,1059,1,0.0,Qwen3-8B,3,random,random
R_1KcEw6PR1gsLKzm,66971,1060,0,0.0,Qwen3-8B,3,random,random
R_1KcEw6PR1gsLKzm,67030,1061,0,0.0,Qwen3-8B,3,random,random
R_1KcEw6PR1gsLKzm,67088,1062,0,0.0,Qwen3-8B,3,random,random
R_1KcEw6PR1gsLKzm,67148,1063,0,0.0,Qwen3-8B,3,random,random
R_1KcEw6PR1gsLKzm,67207,1064,0,0.0,Qwen3-8B,2,random,random
R_1KcEw6PR1gsLKzm,67266,1065,0,0.0,Qwen3-8B,2,random,random
R_1KcEw6PR1gsLKzm,67323,1066,0,0.0,Qwen3-8B,4,random,random
R_1KcEw6PR1gsLKzm,67383,1067,0,0.0,Qwen3-8B,1,random,random
R_1KcEw6PR1gsLKzm,67441,1068,0,0.0,Qwen3-8B,3,random,random
R_1KcEw6PR1gsLKzm,67498,1069,0,0.0,Qwen3-8B,3,random,random
R_1KcEw6PR1gsLKzm,67557,1070,0,0.0,Qwen3-8B,3,random,random
R_1KcEw6PR1gsLKzm,67616,1071,0,0.0,Qwen3-8B,2,random,random
R_1KcEw6PR1gsLKzm,67676,1072,0,0.0,Qwen3-8B,4,random,random
R_1KcEw6PR1gsLKzm,67733,1073,0,0.0,Qwen3-8B,3,random,random
R_1KcEw6PR1gsLKzm,67792,1074,1,0.0,Qwen3-8B,3,random,random
R_1KcEw6PR1gsLKzm,67852,1075,1,0.0,Qwen3-8B,1,random,random
R_1KcEw6PR1gsLKzm,67911,1076,0,0.0,Qwen3-8B,4,random,random
R_1KcEw6PR1gsLKzm,67972,1077,0,0.0,Qwen3-8B,2,random,random
R_1KcEw6PR1gsLKzm,68030,1078,0,0.0,Qwen3-8B,1,random,random
R_1KcEw6PR1gsLKzm,68090,1079,0,0.0,Qwen3-8B,3,random,random
R_1KcEw6PR1gsLKzm,68149,1080,0,0.0,Qwen3-8B,4,random,random
R_1KcEw6PR1gsLKzm,68208,1081,0,0.0,Qwen3-8B,3,random,random
R_1KcEw6PR1gsLKzm,68266,1082,0,0.0,Qwen3-8B,2,random,random
R_1KcEw6PR1gsLKzm,68326,1083,0,0.0,Qwen3-8B,3,random,random
R_1KcEw6PR1gsLKzm,68386,1084,0,0.0,Qwen3-8B,3,random,random
R_1KcEw6PR1gsLKzm,68447,1085,0,0.0,Qwen3-8B,1,random,random
R_1KcEw6PR1gsLKzm,68507,1086,1,0.0,Qwen3-8B,4,random,random
R_1KcEw6PR1gsLKzm,68563,1087,0,0.0,Qwen3-8B,3,random,random
R_1KcEw6PR1gsLKzm,68622,1088,0,0.0,Qwen3-8B,2,random,random
R_1KcEw6PR1gsLKzm,68682,1089,-1,,Qwen3-8B,3,random,random
R_1JXttupaYEdrj9V,66700,1055,-1,,Qwen3-8B,4,random,random
R_1JXttupaYEdrj9V,66761,1056,0,0.0,Qwen3-8B,2,random,random
R_1JXttupaYEdrj9V,66818,1057,1,0.0,Qwen3-8B,3,random,random
R_1JXttupaYEdrj9V,66878,1058,-1,,Qwen3-8B,3,random,random
R_1JXttupaYEdrj9V,66939,1059,0,0.0,Qwen3-8B,3,random,random
R_1JXttupaYEdrj9V,66997,1060,0,0.0,Qwen3-8B,3,random,random
R_1JXttupaYEdrj9V,67055,1061,0,0.0,Qwen3-8B,3,random,random
R_1JXttupaYEdrj9V,67115,1062,0,0.0,Qwen3-8B,3,random,random
R_1JXttupaYEdrj9V,67175,1063,-1,,Qwen3-8B,3,random,random
R_1JXttupaYEdrj9V,67233,1064,0,0.0,Qwen3-8B,2,random,random
R_1JXttupaYEdrj9V,67293,1065,0,0.0,Qwen3-8B,2,random,random
R_1JXttupaYEdrj9V,67350,1066,0,0.0,Qwen3-8B,4,random,random
R_1JXttupaYEdrj9V,67410,1067,1,0.0,Qwen3-8B,1,random,random
R_1JXttupaYEdrj9V,67467,1068,0,0.0,Qwen3-8B,3,random,random
R_1JXttupaYEdrj9V,67524,1069,0,0.0,Qwen3-8B,3,random,random
R_1JXttupaYEdrj9V,67583,1070,0,0.0,Qwen3-8B,3,random,random
R_1JXttupaYEdrj9V,67643,1071,0,0.0,Qwen3-8B,2,random,random
R_1JXttupaYEdrj9V,67703,1072,0,0.0,Qwen3-8B,4,random,random
R_1JXttupaYEdrj9V,67760,1073,0,0.0,Qwen3-8B,3,random,random
R_1JXttupaYEdrj9V,67818,1074,0,0.0,Qwen3-8B,3,random,random
R_1JXttupaYEdrj9V,67879,1075,0,0.0,Qwen3-8B,1,random,random
R_1JXttupaYEdrj9V,67938,1076,0,0.0,Qwen3-8B,4,random,random
R_1JXttupaYEdrj9V,67999,1077,0,0.0,Qwen3-8B,2,random,random
R_1JXttupaYEdrj9V,68057,1078,0,0.0,Qwen3-8B,1,random,random
R_1JXttupaYEdrj9V,68116,1079,1,0.0,Qwen3-8B,3,random,random
R_1JXttupaYEdrj9V,68176,1080,0,0.0,Qwen3-8B,4,random,random
R_1JXttupaYEdrj9V,68234,1081,0,0.0,Qwen3-8B,3,random,random
R_1JXttupaYEdrj9V,68293,1082,0,0.0,Qwen3-8B,2,random,random
R_1JXttupaYEdrj9V,68354,1083,0,0.0,Qwen3-8B,3,random,random
R_1JXttupaYEdrj9V,68413,1084,0,0.0,Qwen3-8B,3,random,random
R_1JXttupaYEdrj9V,68474,1085,0,0.0,Qwen3-8B,1,random,random
R_1JXttupaYEdrj9V,68530,1086,0,0.0,Qwen3-8B,4,random,random
R_1JXttupaYEdrj9V,68589,1087,0,0.0,Qwen3-8B,3,random,random
R_1JXttupaYEdrj9V,68649,1088,1,0.0,Qwen3-8B,2,random,random
R_1JXttupaYEdrj9V,68710,1089,0,0.0,Qwen3-8B,3,random,random
R_3iJzsbxfwH4BEac,68749,1090,0,0.0,Qwen3-8B,3,random,random
R_3iJzsbxfwH4BEac,68805,1091,0,0.0,Qwen3-8B,2,random,random
R_3iJzsbxfwH4BEac,68860,1092,1,0.0,Qwen3-8B,3,random,random
R_3iJzsbxfwH4BEac,68916,1093,0,0.0,Qwen3-8B,4,random,random
R_3iJzsbxfwH4BEac,68968,1094,0,0.0,Qwen3-8B,3,random,random
R_3iJzsbxfwH4BEac,69023,1095,0,0.0,Qwen3-8B,1,random,random
R_3iJzsbxfwH4BEac,69078,1096,0,0.0,Qwen3-8B,3,random,random
R_3iJzsbxfwH4BEac,69131,1097,1,0.0,Qwen3-8B,2,random,random
R_3iJzsbxfwH4BEac,69184,1098,1,0.0,Qwen3-8B,5,random,random
R_3iJzsbxfwH4BEac,69239,1099,0,0.0,Qwen3-8B,3,random,random
R_3iJzsbxfwH4BEac,69292,1100,0,0.0,Qwen3-8B,3,random,random
R_3iJzsbxfwH4BEac,69346,1101,0,0.0,Qwen3-8B,2,random,random
R_3iJzsbxfwH4BEac,69401,1102,0,0.0,Qwen3-8B,2,random,random
R_3iJzsbxfwH4BEac,69455,1103,0,0.0,Qwen3-8B,2,random,random
R_3iJzsbxfwH4BEac,69508,1104,0,0.0,Qwen3-8B,3,random,random
R_3iJzsbxfwH4BEac,69564,1105,0,0.0,Qwen3-8B,3,random,random
R_3iJzsbxfwH4BEac,69621,1106,0,0.0,Qwen3-8B,5,random,random
R_3iJzsbxfwH4BEac,69676,1107,0,0.0,Qwen3-8B,3,random,random
R_3iJzsbxfwH4BEac,69730,1108,0,0.0,Qwen3-8B,2,random,random
R_3iJzsbxfwH4BEac,69785,1109,1,0.0,Qwen3-8B,3,random,random
R_3iJzsbxfwH4BEac,69840,1110,0,0.0,Qwen3-8B,3,random,random
R_3iJzsbxfwH4BEac,69893,1111,0,0.0,Qwen3-8B,2,random,random
R_3iJzsbxfwH4BEac,69947,1112,0,0.0,Qwen3-8B,3,random,random
R_3iJzsbxfwH4BEac,70003,1113,0,0.0,Qwen3-8B,2,random,random
R_3iJzsbxfwH4BEac,70059,1114,0,0.0,Qwen3-8B,3,random,random
R_3iJzsbxfwH4BEac,70114,1115,1,0.0,Qwen3-8B,2,random,random
R_3iJzsbxfwH4BEac,70170,1116,1,0.0,Qwen3-8B,3,random,random
R_3iJzsbxfwH4BEac,70223,1117,0,0.0,Qwen3-8B,2,random,random
R_3iJzsbxfwH4BEac,70278,1118,0,0.0,Qwen3-8B,3,random,random
R_3iJzsbxfwH4BEac,70334,1119,1,0.0,Qwen3-8B,4,random,random
R_3iJzsbxfwH4BEac,70389,1120,0,0.0,Qwen3-8B,2,random,random
R_3iJzsbxfwH4BEac,70445,1121,0,0.0,Qwen3-8B,1,random,random
R_3iJzsbxfwH4BEac,70500,1122,0,0.0,Qwen3-8B,2,random,random
R_3iJzsbxfwH4BEac,70555,1123,-1,,Qwen3-8B,4,random,random
R_3iJzsbxfwH4BEac,70610,1124,0,0.0,Qwen3-8B,1,random,random
R_OJwreLuCX8w4Ay5,68750,1090,2,1.0,Qwen3-8B,3,random,random
R_OJwreLuCX8w4Ay5,68806,1091,3,1.0,Qwen3-8B,2,random,random
R_OJwreLuCX8w4Ay5,68861,1092,3,1.0,Qwen3-8B,3,random,random
R_OJwreLuCX8w4Ay5,68917,1093,4,1.0,Qwen3-8B,4,random,random
R_OJwreLuCX8w4Ay5,68969,1094,3,1.0,Qwen3-8B,3,random,random
R_OJwreLuCX8w4Ay5,69024,1095,3,1.0,Qwen3-8B,1,random,random
R_OJwreLuCX8w4Ay5,69079,1096,3,1.0,Qwen3-8B,3,random,random
R_OJwreLuCX8w4Ay5,69132,1097,3,1.0,Qwen3-8B,2,random,random
R_OJwreLuCX8w4Ay5,69185,1098,2,1.0,Qwen3-8B,5,random,random
R_OJwreLuCX8w4Ay5,69240,1099,2,1.0,Qwen3-8B,3,random,random
R_OJwreLuCX8w4Ay5,69293,1100,2,1.0,Qwen3-8B,3,random,random
R_OJwreLuCX8w4Ay5,69347,1101,2,1.0,Qwen3-8B,2,random,random
R_OJwreLuCX8w4Ay5,69402,1102,3,1.0,Qwen3-8B,2,random,random
R_OJwreLuCX8w4Ay5,69456,1103,3,1.0,Qwen3-8B,2,random,random
R_OJwreLuCX8w4Ay5,69509,1104,3,1.0,Qwen3-8B,3,random,random
R_OJwreLuCX8w4Ay5,69565,1105,2,1.0,Qwen3-8B,3,random,random
R_OJwreLuCX8w4Ay5,69622,1106,3,1.0,Qwen3-8B,5,random,random
R_OJwreLuCX8w4Ay5,69677,1107,3,1.0,Qwen3-8B,3,random,random
R_OJwreLuCX8w4Ay5,69731,1108,3,1.0,Qwen3-8B,2,random,random
R_OJwreLuCX8w4Ay5,69786,1109,3,1.0,Qwen3-8B,3,random,random
R_OJwreLuCX8w4Ay5,69841,1110,4,1.0,Qwen3-8B,3,random,random
R_OJwreLuCX8w4Ay5,69894,1111,3,1.0,Qwen3-8B,2,random,random
R_OJwreLuCX8w4Ay5,69948,1112,3,1.0,Qwen3-8B,3,random,random
R_OJwreLuCX8w4Ay5,70004,1113,3,1.0,Qwen3-8B,2,random,random
R_OJwreLuCX8w4Ay5,70060,1114,3,1.0,Qwen3-8B,3,random,random
R_OJwreLuCX8w4Ay5,70115,1115,3,1.0,Qwen3-8B,2,random,random
R_OJwreLuCX8w4Ay5,70171,1116,3,1.0,Qwen3-8B,3,random,random
R_OJwreLuCX8w4Ay5,70224,1117,3,1.0,Qwen3-8B,2,random,random
R_OJwreLuCX8w4Ay5,70279,1118,2,1.0,Qwen3-8B,3,random,random
R_OJwreLuCX8w4Ay5,70335,1119,3,1.0,Qwen3-8B,4,random,random
R_OJwreLuCX8w4Ay5,70390,1120,3,1.0,Qwen3-8B,2,random,random
R_OJwreLuCX8w4Ay5,70446,1121,3,1.0,Qwen3-8B,1,random,random
R_OJwreLuCX8w4Ay5,70501,1122,3,1.0,Qwen3-8B,2,random,random
R_OJwreLuCX8w4Ay5,70556,1123,2,1.0,Qwen3-8B,4,random,random
R_OJwreLuCX8w4Ay5,70611,1124,3,1.0,Qwen3-8B,1,random,random
R_eaGnLIE3nsX9UCR,68765,1090,-1,,Qwen3-8B,3,random,random
R_eaGnLIE3nsX9UCR,68820,1091,-1,,Qwen3-8B,2,random,random
R_eaGnLIE3nsX9UCR,68876,1092,0,0.0,Qwen3-8B,3,random,random
R_eaGnLIE3nsX9UCR,68932,1093,3,1.0,Qwen3-8B,4,random,random
R_eaGnLIE3nsX9UCR,68984,1094,-1,,Qwen3-8B,3,random,random
R_eaGnLIE3nsX9UCR,69039,1095,-1,,Qwen3-8B,1,random,random
R_eaGnLIE3nsX9UCR,69094,1096,-1,,Qwen3-8B,3,random,random
R_eaGnLIE3nsX9UCR,69147,1097,0,0.0,Qwen3-8B,2,random,random
R_eaGnLIE3nsX9UCR,69200,1098,2,1.0,Qwen3-8B,5,random,random
R_eaGnLIE3nsX9UCR,69254,1099,-1,,Qwen3-8B,3,random,random
R_eaGnLIE3nsX9UCR,69308,1100,-1,,Qwen3-8B,3,random,random
R_eaGnLIE3nsX9UCR,69362,1101,-1,,Qwen3-8B,2,random,random
R_eaGnLIE3nsX9UCR,69417,1102,-1,,Qwen3-8B,2,random,random
R_eaGnLIE3nsX9UCR,69472,1103,0,0.0,Qwen3-8B,2,random,random
R_eaGnLIE3nsX9UCR,69524,1104,1,0.0,Qwen3-8B,3,random,random
R_eaGnLIE3nsX9UCR,69581,1105,0,0.0,Qwen3-8B,3,random,random
R_eaGnLIE3nsX9UCR,69637,1106,3,1.0,Qwen3-8B,5,random,random
R_eaGnLIE3nsX9UCR,69692,1107,-1,,Qwen3-8B,3,random,random
R_eaGnLIE3nsX9UCR,69746,1108,-1,,Qwen3-8B,2,random,random
R_eaGnLIE3nsX9UCR,69801,1109,-1,,Qwen3-8B,3,random,random
R_eaGnLIE3nsX9UCR,69856,1110,-1,,Qwen3-8B,3,random,random
R_eaGnLIE3nsX9UCR,69909,1111,-1,,Qwen3-8B,2,random,random
R_eaGnLIE3nsX9UCR,69963,1112,-1,,Qwen3-8B,3,random,random
R_eaGnLIE3nsX9UCR,70019,1113,-1,,Qwen3-8B,2,random,random
R_eaGnLIE3nsX9UCR,70075,1114,-1,,Qwen3-8B,3,random,random
R_eaGnLIE3nsX9UCR,70132,1115,0,0.0,Qwen3-8B,2,random,random
R_eaGnLIE3nsX9UCR,70186,1116,-1,,Qwen3-8B,3,random,random
R_eaGnLIE3nsX9UCR,70239,1117,-1,,Qwen3-8B,2,random,random
R_eaGnLIE3nsX9UCR,70294,1118,-1,,Qwen3-8B,3,random,random
R_eaGnLIE3nsX9UCR,70350,1119,2,1.0,Qwen3-8B,4,random,random
R_eaGnLIE3nsX9UCR,70405,1120,-1,,Qwen3-8B,2,random,random
R_eaGnLIE3nsX9UCR,70461,1121,-1,,Qwen3-8B,1,random,random
R_eaGnLIE3nsX9UCR,70516,1122,-1,,Qwen3-8B,2,random,random
R_eaGnLIE3nsX9UCR,70570,1123,-1,,Qwen3-8B,4,random,random
R_eaGnLIE3nsX9UCR,70627,1124,-1,,Qwen3-8B,1,random,random
R_2pKch9HWSUbQnfx,70660,1125,1,0.0,Qwen3-8B,2,random,random
R_2pKch9HWSUbQnfx,70712,1126,0,0.0,Qwen3-8B,1,random,random
R_2pKch9HWSUbQnfx,70763,1127,1,0.0,Qwen3-8B,5,random,random
R_2pKch9HWSUbQnfx,70814,1128,2,1.0,Qwen3-8B,2,random,random
R_2pKch9HWSUbQnfx,70866,1129,0,0.0,Qwen3-8B,2,random,random
R_2pKch9HWSUbQnfx,70917,1130,1,0.0,Qwen3-8B,1,random,random
R_2pKch9HWSUbQnfx,70968,1131,4,1.0,Qwen3-8B,3,random,random
R_2pKch9HWSUbQnfx,71018,1132,1,0.0,Qwen3-8B,2,random,random
R_2pKch9HWSUbQnfx,71069,1133,0,0.0,Qwen3-8B,3,random,random
R_2pKch9HWSUbQnfx,71119,1134,1,0.0,Qwen3-8B,3,random,random
R_2pKch9HWSUbQnfx,71168,1135,2,1.0,Qwen3-8B,1,random,random
R_2pKch9HWSUbQnfx,71220,1136,4,1.0,Qwen3-8B,3,random,random
R_2pKch9HWSUbQnfx,71271,1137,0,0.0,Qwen3-8B,2,random,random
R_2pKch9HWSUbQnfx,71322,1138,3,1.0,Qwen3-8B,5,random,random
R_2pKch9HWSUbQnfx,71374,1139,3,1.0,Qwen3-8B,1,random,random
R_2pKch9HWSUbQnfx,71424,1140,4,1.0,Qwen3-8B,5,random,random
R_2pKch9HWSUbQnfx,71476,1141,3,1.0,Qwen3-8B,4,random,random
R_2pKch9HWSUbQnfx,71527,1142,3,1.0,Qwen3-8B,2,random,random
R_2pKch9HWSUbQnfx,71579,1143,2,1.0,Qwen3-8B,3,random,random
R_2pKch9HWSUbQnfx,71629,1144,2,1.0,Qwen3-8B,2,random,random
R_2pKch9HWSUbQnfx,71681,1145,2,1.0,Qwen3-8B,4,random,random
R_2pKch9HWSUbQnfx,71733,1146,2,1.0,Qwen3-8B,4,random,random
R_2pKch9HWSUbQnfx,71785,1147,1,0.0,Qwen3-8B,2,random,random
R_2pKch9HWSUbQnfx,71836,1148,4,1.0,Qwen3-8B,3,random,random
R_2pKch9HWSUbQnfx,71888,1149,3,1.0,Qwen3-8B,2,random,random
R_2pKch9HWSUbQnfx,71941,1150,1,0.0,Qwen3-8B,2,random,random
R_2pKch9HWSUbQnfx,71991,1151,4,1.0,Qwen3-8B,1,random,random
R_2pKch9HWSUbQnfx,72042,1152,4,1.0,Qwen3-8B,4,random,random
R_2pKch9HWSUbQnfx,72094,1153,2,1.0,Qwen3-8B,1,random,random
R_2pKch9HWSUbQnfx,72146,1154,3,1.0,Qwen3-8B,1,random,random
R_2pKch9HWSUbQnfx,72197,1155,2,1.0,Qwen3-8B,2,random,random
R_2pKch9HWSUbQnfx,72248,1156,3,1.0,Qwen3-8B,3,random,random
R_2pKch9HWSUbQnfx,72299,1157,3,1.0,Qwen3-8B,3,random,random
R_2pKch9HWSUbQnfx,72351,1158,0,0.0,Qwen3-8B,2,random,random
R_2pKch9HWSUbQnfx,72403,1159,2,1.0,Qwen3-8B,1,random,random
R_2cbgecT6LWJcuhs,70677,1125,1,0.0,Qwen3-8B,2,random,random
R_2cbgecT6LWJcuhs,70729,1126,0,0.0,Qwen3-8B,1,random,random
R_2cbgecT6LWJcuhs,70780,1127,2,1.0,Qwen3-8B,5,random,random
R_2cbgecT6LWJcuhs,70831,1128,1,0.0,Qwen3-8B,2,random,random
R_2cbgecT6LWJcuhs,70882,1129,2,1.0,Qwen3-8B,2,random,random
R_2cbgecT6LWJcuhs,70933,1130,2,1.0,Qwen3-8B,1,random,random
R_2cbgecT6LWJcuhs,70985,1131,2,1.0,Qwen3-8B,3,random,random
R_2cbgecT6LWJcuhs,71035,1132,1,0.0,Qwen3-8B,2,random,random
R_2cbgecT6LWJcuhs,71085,1133,2,1.0,Qwen3-8B,3,random,random
R_2cbgecT6LWJcuhs,71136,1134,2,1.0,Qwen3-8B,3,random,random
R_2cbgecT6LWJcuhs,71185,1135,0,0.0,Qwen3-8B,1,random,random
R_2cbgecT6LWJcuhs,71237,1136,2,1.0,Qwen3-8B,3,random,random
R_2cbgecT6LWJcuhs,71288,1137,2,1.0,Qwen3-8B,2,random,random
R_2cbgecT6LWJcuhs,71339,1138,2,1.0,Qwen3-8B,5,random,random
R_2cbgecT6LWJcuhs,71392,1139,1,0.0,Qwen3-8B,1,random,random
R_2cbgecT6LWJcuhs,71441,1140,2,1.0,Qwen3-8B,5,random,random
R_2cbgecT6LWJcuhs,71492,1141,2,1.0,Qwen3-8B,4,random,random
R_2cbgecT6LWJcuhs,71544,1142,1,0.0,Qwen3-8B,2,random,random
R_2cbgecT6LWJcuhs,71596,1143,1,0.0,Qwen3-8B,3,random,random
R_2cbgecT6LWJcuhs,71645,1144,1,0.0,Qwen3-8B,2,random,random
R_2cbgecT6LWJcuhs,71698,1145,1,0.0,Qwen3-8B,4,random,random
R_2cbgecT6LWJcuhs,71750,1146,2,1.0,Qwen3-8B,4,random,random
R_2cbgecT6LWJcuhs,71801,1147,1,0.0,Qwen3-8B,2,random,random
R_2cbgecT6LWJcuhs,71854,1148,1,0.0,Qwen3-8B,3,random,random
R_2cbgecT6LWJcuhs,71905,1149,1,0.0,Qwen3-8B,2,random,random
R_2cbgecT6LWJcuhs,71958,1150,1,0.0,Qwen3-8B,2,random,random
R_2cbgecT6LWJcuhs,72007,1151,1,0.0,Qwen3-8B,1,random,random
R_2cbgecT6LWJcuhs,72059,1152,2,1.0,Qwen3-8B,4,random,random
R_2cbgecT6LWJcuhs,72111,1153,2,1.0,Qwen3-8B,1,random,random
R_2cbgecT6LWJcuhs,72162,1154,0,0.0,Qwen3-8B,1,random,random
R_2cbgecT6LWJcuhs,72214,1155,1,0.0,Qwen3-8B,2,random,random
R_2cbgecT6LWJcuhs,72264,1156,2,1.0,Qwen3-8B,3,random,random
R_2cbgecT6LWJcuhs,72316,1157,0,0.0,Qwen3-8B,3,random,random
R_2cbgecT6LWJcuhs,72368,1158,0,0.0,Qwen3-8B,2,random,random
R_2cbgecT6LWJcuhs,72418,1159,0,0.0,Qwen3-8B,1,random,random
R_3g74wvFvooeaByt,70690,1125,0,0.0,Qwen3-8B,2,random,random
R_3g74wvFvooeaByt,70741,1126,0,0.0,Qwen3-8B,1,random,random
R_3g74wvFvooeaByt,70793,1127,3,1.0,Qwen3-8B,5,random,random
R_3g74wvFvooeaByt,70844,1128,0,0.0,Qwen3-8B,2,random,random
R_3g74wvFvooeaByt,70895,1129,0,0.0,Qwen3-8B,2,random,random
R_3g74wvFvooeaByt,70946,1130,0,0.0,Qwen3-8B,1,random,random
R_3g74wvFvooeaByt,70996,1131,0,0.0,Qwen3-8B,3,random,random
R_3g74wvFvooeaByt,71048,1132,0,0.0,Qwen3-8B,2,random,random
R_3g74wvFvooeaByt,71098,1133,0,0.0,Qwen3-8B,3,random,random
R_3g74wvFvooeaByt,71149,1134,1,0.0,Qwen3-8B,3,random,random
R_3g74wvFvooeaByt,71198,1135,2,1.0,Qwen3-8B,1,random,random
R_3g74wvFvooeaByt,71249,1136,0,0.0,Qwen3-8B,3,random,random
R_3g74wvFvooeaByt,71301,1137,0,0.0,Qwen3-8B,2,random,random
R_3g74wvFvooeaByt,71352,1138,0,0.0,Qwen3-8B,5,random,random
R_3g74wvFvooeaByt,71402,1139,0,0.0,Qwen3-8B,1,random,random
R_3g74wvFvooeaByt,71454,1140,0,0.0,Qwen3-8B,5,random,random
R_3g74wvFvooeaByt,71505,1141,0,0.0,Qwen3-8B,4,random,random
R_3g74wvFvooeaByt,71556,1142,0,0.0,Qwen3-8B,2,random,random
R_3g74wvFvooeaByt,71607,1143,0,0.0,Qwen3-8B,3,random,random
R_3g74wvFvooeaByt,71658,1144,0,0.0,Qwen3-8B,2,random,random
R_3g74wvFvooeaByt,71711,1145,0,0.0,Qwen3-8B,4,random,random
R_3g74wvFvooeaByt,71763,1146,0,0.0,Qwen3-8B,4,random,random
R_3g74wvFvooeaByt,71814,1147,0,0.0,Qwen3-8B,2,random,random
R_3g74wvFvooeaByt,71867,1148,0,0.0,Qwen3-8B,3,random,random
R_3g74wvFvooeaByt,71918,1149,0,0.0,Qwen3-8B,2,random,random
R_3g74wvFvooeaByt,71969,1150,0,0.0,Qwen3-8B,2,random,random
R_3g74wvFvooeaByt,72020,1151,0,0.0,Qwen3-8B,1,random,random
R_3g74wvFvooeaByt,72072,1152,1,0.0,Qwen3-8B,4,random,random
R_3g74wvFvooeaByt,72124,1153,1,0.0,Qwen3-8B,1,random,random
R_3g74wvFvooeaByt,72175,1154,0,0.0,Qwen3-8B,1,random,random
R_3g74wvFvooeaByt,72226,1155,0,0.0,Qwen3-8B,2,random,random
R_3g74wvFvooeaByt,72277,1156,0,0.0,Qwen3-8B,3,random,random
R_3g74wvFvooeaByt,72329,1157,0,0.0,Qwen3-8B,3,random,random
R_3g74wvFvooeaByt,72380,1158,0,0.0,Qwen3-8B,2,random,random
R_3g74wvFvooeaByt,72431,1159,0,0.0,Qwen3-8B,1,random,random
R_2Vg86TNm8Yve9Gx,70692,1125,0,0.0,Qwen3-8B,2,random,random
R_2Vg86TNm8Yve9Gx,70743,1126,0,0.0,Qwen3-8B,1,random,random
R_2Vg86TNm8Yve9Gx,70795,1127,0,0.0,Qwen3-8B,5,random,random
R_2Vg86TNm8Yve9Gx,70846,1128,0,0.0,Qwen3-8B,2,random,random
R_2Vg86TNm8Yve9Gx,70897,1129,0,0.0,Qwen3-8B,2,random,random
R_2Vg86TNm8Yve9Gx,70948,1130,0,0.0,Qwen3-8B,1,random,random
R_2Vg86TNm8Yve9Gx,70998,1131,0,0.0,Qwen3-8B,3,random,random
R_2Vg86TNm8Yve9Gx,71050,1132,0,0.0,Qwen3-8B,2,random,random
R_2Vg86TNm8Yve9Gx,71100,1133,0,0.0,Qwen3-8B,3,random,random
R_2Vg86TNm8Yve9Gx,71151,1134,0,0.0,Qwen3-8B,3,random,random
R_2Vg86TNm8Yve9Gx,71200,1135,0,0.0,Qwen3-8B,1,random,random
R_2Vg86TNm8Yve9Gx,71251,1136,0,0.0,Qwen3-8B,3,random,random
R_2Vg86TNm8Yve9Gx,71303,1137,0,0.0,Qwen3-8B,2,random,random
R_2Vg86TNm8Yve9Gx,71354,1138,0,0.0,Qwen3-8B,5,random,random
R_2Vg86TNm8Yve9Gx,71404,1139,0,0.0,Qwen3-8B,1,random,random
R_2Vg86TNm8Yve9Gx,71456,1140,0,0.0,Qwen3-8B,5,random,random
R_2Vg86TNm8Yve9Gx,71507,1141,0,0.0,Qwen3-8B,4,random,random
R_2Vg86TNm8Yve9Gx,71558,1142,0,0.0,Qwen3-8B,2,random,random
R_2Vg86TNm8Yve9Gx,71609,1143,0,0.0,Qwen3-8B,3,random,random
R_2Vg86TNm8Yve9Gx,71660,1144,0,0.0,Qwen3-8B,2,random,random
R_2Vg86TNm8Yve9Gx,71713,1145,0,0.0,Qwen3-8B,4,random,random
R_2Vg86TNm8Yve9Gx,71765,1146,0,0.0,Qwen3-8B,4,random,random
R_2Vg86TNm8Yve9Gx,71816,1147,0,0.0,Qwen3-8B,2,random,random
R_2Vg86TNm8Yve9Gx,71869,1148,0,0.0,Qwen3-8B,3,random,random
R_2Vg86TNm8Yve9Gx,71920,1149,0,0.0,Qwen3-8B,2,random,random
R_2Vg86TNm8Yve9Gx,71971,1150,0,0.0,Qwen3-8B,2,random,random
R_2Vg86TNm8Yve9Gx,72022,1151,0,0.0,Qwen3-8B,1,random,random
R_2Vg86TNm8Yve9Gx,72074,1152,0,0.0,Qwen3-8B,4,random,random
R_2Vg86TNm8Yve9Gx,72126,1153,0,0.0,Qwen3-8B,1,random,random
R_2Vg86TNm8Yve9Gx,72177,1154,0,0.0,Qwen3-8B,1,random,random
R_2Vg86TNm8Yve9Gx,72228,1155,0,0.0,Qwen3-8B,2,random,random
R_2Vg86TNm8Yve9Gx,72279,1156,0,0.0,Qwen3-8B,3,random,random
R_2Vg86TNm8Yve9Gx,72331,1157,0,0.0,Qwen3-8B,3,random,random
R_2Vg86TNm8Yve9Gx,72382,1158,0,0.0,Qwen3-8B,2,random,random
R_2Vg86TNm8Yve9Gx,72433,1159,0,0.0,Qwen3-8B,1,random,random
