rater_id,rating_id,item_id,rating_raw,rating_binary,model,model_score,category,sub-category
R_2CdZw87NVCtnZTj,22,0,4,1.0,Qwen3-8B,5,random,random
R_2CdZw87NVCtnZTj,82,1,2,1.0,Qwen3-8B,3,random,random
R_2CdZw87NVCtnZTj,142,2,3,1.0,Qwen3-8B,2,random,random
R_2CdZw87NVCtnZTj,201,3,1,0.0,Qwen3-8B,2,random,random
R_2CdZw87NVCtnZTj,260,4,3,1.0,Qwen3-8B,2,random,random
R_2CdZw87NVCtnZTj,319,5,1,0.0,Qwen3-8B,1,random,random
R_2CdZw87NVCtnZTj,375,7,1,0.0,Qwen3-8B,3,random,random
R_2CdZw87NVCtnZTj,434,9,-1,,Qwen3-8B,5,random,random
R_2CdZw87NVCtnZTj,494,10,1,0.0,Qwen3-8B,2,random,random
R_2CdZw87NVCtnZTj,554,11,1,0.0,Qwen3-8B,2,random,random
R_2CdZw87NVCtnZTj,613,12,1,0.0,Qwen3-8B,2,random,random
R_2CdZw87NVCtnZTj,672,13,3,1.0,Qwen3-8B,2,random,random
R_2CdZw87NVCtnZTj,732,14,2,1.0,Qwen3-8B,3,random,random
R_2CdZw87NVCtnZTj,791,15,4,1.0,Qwen3-8B,3,random,random
R_2CdZw87NVCtnZTj,850,16,1,0.0,Qwen3-8B,1,random,random
R_2CdZw87NVCtnZTj,911,17,0,0.0,Qwen3-8B,1,random,random
R_2CdZw87NVCtnZTj,969,18,1,0.0,Qwen3-8B,2,random,random
R_2CdZw87NVCtnZTj,1029,19,1,0.0,Qwen3-8B,1,random,random
R_2CdZw87NVCtnZTj,1089,20,3,1.0,Qwen3-8B,3,random,random
R_2CdZw87NVCtnZTj,1149,21,3,1.0,Qwen3-8B,3,random,random
R_2CdZw87NVCtnZTj,1209,22,0,0.0,Qwen3-8B,1,random,random
R_2CdZw87NVCtnZTj,1268,23,3,1.0,Qwen3-8B,5,random,random
R_2CdZw87NVCtnZTj,1329,24,3,1.0,Qwen3-8B,4,random,random
R_2CdZw87NVCtnZTj,1386,25,3,1.0,Qwen3-8B,3,random,random
R_2CdZw87NVCtnZTj,1448,27,0,0.0,Qwen3-8B,2,random,random
R_2CdZw87NVCtnZTj,1508,28,1,0.0,Qwen3-8B,2,random,random
R_2CdZw87NVCtnZTj,1568,29,0,0.0,Qwen3-8B,1,random,random
R_2CdZw87NVCtnZTj,1627,30,0,0.0,Qwen3-8B,1,random,random
R_2CdZw87NVCtnZTj,1685,32,2,1.0,Qwen3-8B,4,random,random
R_2CdZw87NVCtnZTj,1746,33,4,1.0,Qwen3-8B,3,random,random
R_2CdZw87NVCtnZTj,1805,34,3,1.0,Qwen3-8B,3,random,random
R_2CdZw87NVCtnZTj,1863,35,3,1.0,Qwen3-8B,1,random,random
R_2CdZw87NVCtnZTj,1923,36,3,1.0,Qwen3-8B,1,random,random
R_2CdZw87NVCtnZTj,1983,37,3,1.0,Qwen3-8B,4,random,random
R_2CdZw87NVCtnZTj,2045,39,1,0.0,Qwen3-8B,2,random,random
R_xyobtXOJ3cdyRpv,35,0,2,1.0,Qwen3-8B,5,random,random
R_xyobtXOJ3cdyRpv,21120,332,0,0.0,Qwen3-8B,2,random,random
R_xyobtXOJ3cdyRpv,24977,394,0,0.0,Qwen3-8B,3,random,random
R_xyobtXOJ3cdyRpv,27089,429,0,0.0,Qwen3-8B,1,random,random
R_xyobtXOJ3cdyRpv,27195,431,0,0.0,Qwen3-8B,3,random,random
R_xyobtXOJ3cdyRpv,29208,468,0,0.0,Qwen3-8B,4,random,random
R_xyobtXOJ3cdyRpv,41280,664,-1,,Qwen3-8B,1,random,random
R_xyobtXOJ3cdyRpv,48952,777,0,0.0,Qwen3-8B,4,random,random
R_xyobtXOJ3cdyRpv,58739,922,0,0.0,Qwen3-8B,1,random,random
R_xyobtXOJ3cdyRpv,66003,1044,0,0.0,Qwen3-8B,2,random,random
R_xyobtXOJ3cdyRpv,68302,1082,0,0.0,Qwen3-8B,2,random,random
R_xyobtXOJ3cdyRpv,71709,1145,0,0.0,Qwen3-8B,4,random,random
R_xyobtXOJ3cdyRpv,92346,1961,0,0.0,Qwen3-8B,3,random,random
R_xyobtXOJ3cdyRpv,92370,1962,0,0.0,Qwen3-8B,2,moral,authority
R_xyobtXOJ3cdyRpv,92394,1963,2,1.0,Qwen3-8B,4,social-group,transgender
R_xyobtXOJ3cdyRpv,92418,1964,0,0.0,Qwen3-8B,1,random,random
R_xyobtXOJ3cdyRpv,92442,1965,0,0.0,Qwen3-8B,4,social-group,transgender
R_xyobtXOJ3cdyRpv,92466,1966,0,0.0,Qwen3-8B,2,social-group,muslim
R_xyobtXOJ3cdyRpv,92490,1967,0,0.0,Qwen3-8B,3,social-group,muslim
R_xyobtXOJ3cdyRpv,92514,1968,0,0.0,Qwen3-8B,1,moral,loyalty
R_xyobtXOJ3cdyRpv,92538,1969,0,0.0,Qwen3-8B,2,social-group,christian
R_xyobtXOJ3cdyRpv,92562,1970,0,0.0,Qwen3-8B,1,social-group,transgender
R_xyobtXOJ3cdyRpv,92586,1971,0,0.0,Qwen3-8B,3,social-group,transgender
R_xyobtXOJ3cdyRpv,92610,1972,0,0.0,Qwen3-8B,2,social-group,christian
R_xyobtXOJ3cdyRpv,92634,1973,0,0.0,Qwen3-8B,4,social-group,LGB
R_xyobtXOJ3cdyRpv,92658,1974,0,0.0,Qwen3-8B,2,social-group,christian
R_xyobtXOJ3cdyRpv,92682,1975,1,0.0,Qwen3-8B,3,social-group,muslim
R_xyobtXOJ3cdyRpv,92706,1976,0,0.0,Qwen3-8B,2,social-group,LGB
R_xyobtXOJ3cdyRpv,92730,1977,0,0.0,Qwen3-8B,1,moral,fairness
R_xyobtXOJ3cdyRpv,92754,1978,0,0.0,Qwen3-8B,3,social-group,LGB
R_xyobtXOJ3cdyRpv,92778,1979,0,0.0,Qwen3-8B,2,random,random
R_xyobtXOJ3cdyRpv,92802,1980,0,0.0,Qwen3-8B,1,random,random
R_xyobtXOJ3cdyRpv,92826,1981,0,0.0,Qwen3-8B,1,social-group,christian
R_xyobtXOJ3cdyRpv,92850,1982,0,0.0,Qwen3-8B,3,social-group,transgender
R_xyobtXOJ3cdyRpv,92874,1983,0,0.0,Qwen3-8B,3,social-group,muslim
R_O9cmq3uhHE3XLG1,50,0,2,1.0,Qwen3-8B,5,random,random
R_O9cmq3uhHE3XLG1,21136,332,0,0.0,Qwen3-8B,2,random,random
R_O9cmq3uhHE3XLG1,24996,394,1,0.0,Qwen3-8B,3,random,random
R_O9cmq3uhHE3XLG1,27103,429,0,0.0,Qwen3-8B,1,random,random
R_O9cmq3uhHE3XLG1,27209,431,0,0.0,Qwen3-8B,3,random,random
R_O9cmq3uhHE3XLG1,29220,468,4,1.0,Qwen3-8B,4,random,random
R_O9cmq3uhHE3XLG1,41294,664,-1,,Qwen3-8B,1,random,random
R_O9cmq3uhHE3XLG1,48969,777,1,0.0,Qwen3-8B,4,random,random
R_O9cmq3uhHE3XLG1,58752,922,0,0.0,Qwen3-8B,1,random,random
R_O9cmq3uhHE3XLG1,66014,1044,0,0.0,Qwen3-8B,2,random,random
R_O9cmq3uhHE3XLG1,68316,1082,0,0.0,Qwen3-8B,2,random,random
R_O9cmq3uhHE3XLG1,71721,1145,4,1.0,Qwen3-8B,4,random,random
R_O9cmq3uhHE3XLG1,92352,1961,2,1.0,Qwen3-8B,3,random,random
R_O9cmq3uhHE3XLG1,92376,1962,0,0.0,Qwen3-8B,2,moral,authority
R_O9cmq3uhHE3XLG1,92400,1963,4,1.0,Qwen3-8B,4,social-group,transgender
R_O9cmq3uhHE3XLG1,92424,1964,0,0.0,Qwen3-8B,1,random,random
R_O9cmq3uhHE3XLG1,92448,1965,0,0.0,Qwen3-8B,4,social-group,transgender
R_O9cmq3uhHE3XLG1,92472,1966,0,0.0,Qwen3-8B,2,social-group,muslim
R_O9cmq3uhHE3XLG1,92496,1967,0,0.0,Qwen3-8B,3,social-group,muslim
R_O9cmq3uhHE3XLG1,92520,1968,0,0.0,Qwen3-8B,1,moral,loyalty
R_O9cmq3uhHE3XLG1,92544,1969,0,0.0,Qwen3-8B,2,social-group,christian
R_O9cmq3uhHE3XLG1,92568,1970,0,0.0,Qwen3-8B,1,social-group,transgender
R_O9cmq3uhHE3XLG1,92592,1971,3,1.0,Qwen3-8B,3,social-group,transgender
R_O9cmq3uhHE3XLG1,92616,1972,2,1.0,Qwen3-8B,2,social-group,christian
R_O9cmq3uhHE3XLG1,92640,1973,0,0.0,Qwen3-8B,4,social-group,LGB
R_O9cmq3uhHE3XLG1,92664,1974,0,0.0,Qwen3-8B,2,social-group,christian
R_O9cmq3uhHE3XLG1,92688,1975,0,0.0,Qwen3-8B,3,social-group,muslim
R_O9cmq3uhHE3XLG1,92712,1976,0,0.0,Qwen3-8B,2,social-group,LGB
R_O9cmq3uhHE3XLG1,92736,1977,0,0.0,Qwen3-8B,1,moral,fairness
R_O9cmq3uhHE3XLG1,92760,1978,1,0.0,Qwen3-8B,3,social-group,LGB
R_O9cmq3uhHE3XLG1,92784,1979,0,0.0,Qwen3-8B,2,random,random
R_O9cmq3uhHE3XLG1,92808,1980,0,0.0,Qwen3-8B,1,random,random
R_O9cmq3uhHE3XLG1,92832,1981,1,0.0,Qwen3-8B,1,social-group,christian
R_O9cmq3uhHE3XLG1,92856,1982,0,0.0,Qwen3-8B,3,social-group,transgender
R_O9cmq3uhHE3XLG1,92880,1983,0,0.0,Qwen3-8B,3,social-group,muslim
R_2SdV2MUYmu749IF,54,0,3,1.0,Qwen3-8B,5,random,random
R_2SdV2MUYmu749IF,114,1,0,0.0,Qwen3-8B,3,random,random
R_2SdV2MUYmu749IF,173,2,1,0.0,Qwen3-8B,2,random,random
R_2SdV2MUYmu749IF,232,3,0,0.0,Qwen3-8B,2,random,random
R_2SdV2MUYmu749IF,291,4,1,0.0,Qwen3-8B,2,random,random
R_2SdV2MUYmu749IF,350,5,3,1.0,Qwen3-8B,1,random,random
R_2SdV2MUYmu749IF,406,7,-1,,Qwen3-8B,3,random,random
R_2SdV2MUYmu749IF,466,9,-1,,Qwen3-8B,5,random,random
R_2SdV2MUYmu749IF,526,10,0,0.0,Qwen3-8B,2,random,random
R_2SdV2MUYmu749IF,585,11,0,0.0,Qwen3-8B,2,random,random
R_2SdV2MUYmu749IF,644,12,2,1.0,Qwen3-8B,2,random,random
R_2SdV2MUYmu749IF,704,13,0,0.0,Qwen3-8B,2,random,random
R_2SdV2MUYmu749IF,764,14,3,1.0,Qwen3-8B,3,random,random
R_2SdV2MUYmu749IF,823,15,1,0.0,Qwen3-8B,3,random,random
R_2SdV2MUYmu749IF,882,16,0,0.0,Qwen3-8B,1,random,random
R_2SdV2MUYmu749IF,942,17,0,0.0,Qwen3-8B,1,random,random
R_2SdV2MUYmu749IF,1002,18,0,0.0,Qwen3-8B,2,random,random
R_2SdV2MUYmu749IF,1061,19,1,0.0,Qwen3-8B,1,random,random
R_2SdV2MUYmu749IF,1121,20,1,0.0,Qwen3-8B,3,random,random
R_2SdV2MUYmu749IF,1181,21,1,0.0,Qwen3-8B,3,random,random
R_2SdV2MUYmu749IF,1241,22,0,0.0,Qwen3-8B,1,random,random
R_2SdV2MUYmu749IF,1301,23,1,0.0,Qwen3-8B,5,random,random
R_2SdV2MUYmu749IF,1359,24,1,0.0,Qwen3-8B,4,random,random
R_2SdV2MUYmu749IF,1419,25,1,0.0,Qwen3-8B,3,random,random
R_2SdV2MUYmu749IF,1480,27,1,0.0,Qwen3-8B,2,random,random
R_2SdV2MUYmu749IF,1540,28,1,0.0,Qwen3-8B,2,random,random
R_2SdV2MUYmu749IF,1600,29,0,0.0,Qwen3-8B,1,random,random
R_2SdV2MUYmu749IF,1657,30,0,0.0,Qwen3-8B,1,random,random
R_2SdV2MUYmu749IF,1717,32,3,1.0,Qwen3-8B,4,random,random
R_2SdV2MUYmu749IF,1777,33,0,0.0,Qwen3-8B,3,random,random
R_2SdV2MUYmu749IF,1836,34,0,0.0,Qwen3-8B,3,random,random
R_2SdV2MUYmu749IF,1895,35,1,0.0,Qwen3-8B,1,random,random
R_2SdV2MUYmu749IF,1955,36,0,0.0,Qwen3-8B,1,random,random
R_2SdV2MUYmu749IF,2015,37,1,0.0,Qwen3-8B,4,random,random
R_2SdV2MUYmu749IF,2075,39,0,0.0,Qwen3-8B,2,random,random
R_2CQEPuZapiPiXh1,55,0,4,1.0,Qwen3-8B,5,random,random
R_2CQEPuZapiPiXh1,115,1,0,0.0,Qwen3-8B,3,random,random
R_2CQEPuZapiPiXh1,174,2,0,0.0,Qwen3-8B,2,random,random
R_2CQEPuZapiPiXh1,233,3,0,0.0,Qwen3-8B,2,random,random
R_2CQEPuZapiPiXh1,292,4,1,0.0,Qwen3-8B,2,random,random
R_2CQEPuZapiPiXh1,351,5,1,0.0,Qwen3-8B,1,random,random
R_2CQEPuZapiPiXh1,407,7,0,0.0,Qwen3-8B,3,random,random
R_2CQEPuZapiPiXh1,467,9,2,1.0,Qwen3-8B,5,random,random
R_2CQEPuZapiPiXh1,527,10,0,0.0,Qwen3-8B,2,random,random
R_2CQEPuZapiPiXh1,586,11,0,0.0,Qwen3-8B,2,random,random
R_2CQEPuZapiPiXh1,645,12,0,0.0,Qwen3-8B,2,random,random
R_2CQEPuZapiPiXh1,705,13,1,0.0,Qwen3-8B,2,random,random
R_2CQEPuZapiPiXh1,765,14,0,0.0,Qwen3-8B,3,random,random
R_2CQEPuZapiPiXh1,824,15,1,0.0,Qwen3-8B,3,random,random
R_2CQEPuZapiPiXh1,883,16,0,0.0,Qwen3-8B,1,random,random
R_2CQEPuZapiPiXh1,943,17,0,0.0,Qwen3-8B,1,random,random
R_2CQEPuZapiPiXh1,1003,18,0,0.0,Qwen3-8B,2,random,random
R_2CQEPuZapiPiXh1,1062,19,0,0.0,Qwen3-8B,1,random,random
R_2CQEPuZapiPiXh1,1122,20,0,0.0,Qwen3-8B,3,random,random
R_2CQEPuZapiPiXh1,1182,21,0,0.0,Qwen3-8B,3,random,random
R_2CQEPuZapiPiXh1,1242,22,0,0.0,Qwen3-8B,1,random,random
R_2CQEPuZapiPiXh1,1302,23,3,1.0,Qwen3-8B,5,random,random
R_2CQEPuZapiPiXh1,1360,24,0,0.0,Qwen3-8B,4,random,random
R_2CQEPuZapiPiXh1,1420,25,0,0.0,Qwen3-8B,3,random,random
R_2CQEPuZapiPiXh1,1481,27,1,0.0,Qwen3-8B,2,random,random
R_2CQEPuZapiPiXh1,1541,28,1,0.0,Qwen3-8B,2,random,random
R_2CQEPuZapiPiXh1,1601,29,0,0.0,Qwen3-8B,1,random,random
R_2CQEPuZapiPiXh1,1658,30,0,0.0,Qwen3-8B,1,random,random
R_2CQEPuZapiPiXh1,1718,32,0,0.0,Qwen3-8B,4,random,random
R_2CQEPuZapiPiXh1,1778,33,0,0.0,Qwen3-8B,3,random,random
R_2CQEPuZapiPiXh1,1837,34,0,0.0,Qwen3-8B,3,random,random
R_2CQEPuZapiPiXh1,1896,35,0,0.0,Qwen3-8B,1,random,random
R_2CQEPuZapiPiXh1,1956,36,0,0.0,Qwen3-8B,1,random,random
R_2CQEPuZapiPiXh1,2016,37,0,0.0,Qwen3-8B,4,random,random
R_2CQEPuZapiPiXh1,2076,39,-1,,Qwen3-8B,2,random,random
R_2YfdDEZi0gF4sob,57,0,2,1.0,Qwen3-8B,5,random,random
R_2YfdDEZi0gF4sob,21141,332,3,1.0,Qwen3-8B,2,random,random
R_2YfdDEZi0gF4sob,25002,394,0,0.0,Qwen3-8B,3,random,random
R_2YfdDEZi0gF4sob,27108,429,0,0.0,Qwen3-8B,1,random,random
R_2YfdDEZi0gF4sob,27214,431,4,1.0,Qwen3-8B,3,random,random
R_2YfdDEZi0gF4sob,29231,468,2,1.0,Qwen3-8B,4,random,random
R_2YfdDEZi0gF4sob,41302,664,0,0.0,Qwen3-8B,1,random,random
R_2YfdDEZi0gF4sob,48976,777,2,1.0,Qwen3-8B,4,random,random
R_2YfdDEZi0gF4sob,58758,922,2,1.0,Qwen3-8B,1,random,random
R_2YfdDEZi0gF4sob,66018,1044,2,1.0,Qwen3-8B,2,random,random
R_2YfdDEZi0gF4sob,68322,1082,0,0.0,Qwen3-8B,2,random,random
R_2YfdDEZi0gF4sob,71727,1145,1,0.0,Qwen3-8B,4,random,random
R_2YfdDEZi0gF4sob,92354,1961,1,0.0,Qwen3-8B,3,random,random
R_2YfdDEZi0gF4sob,92378,1962,1,0.0,Qwen3-8B,2,moral,authority
R_2YfdDEZi0gF4sob,92402,1963,0,0.0,Qwen3-8B,4,social-group,transgender
R_2YfdDEZi0gF4sob,92426,1964,0,0.0,Qwen3-8B,1,random,random
R_2YfdDEZi0gF4sob,92450,1965,0,0.0,Qwen3-8B,4,social-group,transgender
R_2YfdDEZi0gF4sob,92474,1966,0,0.0,Qwen3-8B,2,social-group,muslim
R_2YfdDEZi0gF4sob,92498,1967,0,0.0,Qwen3-8B,3,social-group,muslim
R_2YfdDEZi0gF4sob,92522,1968,0,0.0,Qwen3-8B,1,moral,loyalty
R_2YfdDEZi0gF4sob,92546,1969,0,0.0,Qwen3-8B,2,social-group,christian
R_2YfdDEZi0gF4sob,92570,1970,0,0.0,Qwen3-8B,1,social-group,transgender
R_2YfdDEZi0gF4sob,92594,1971,3,1.0,Qwen3-8B,3,social-group,transgender
R_2YfdDEZi0gF4sob,92618,1972,1,0.0,Qwen3-8B,2,social-group,christian
R_2YfdDEZi0gF4sob,92642,1973,2,1.0,Qwen3-8B,4,social-group,LGB
R_2YfdDEZi0gF4sob,92666,1974,1,0.0,Qwen3-8B,2,social-group,christian
R_2YfdDEZi0gF4sob,92690,1975,2,1.0,Qwen3-8B,3,social-group,muslim
R_2YfdDEZi0gF4sob,92714,1976,0,0.0,Qwen3-8B,2,social-group,LGB
R_2YfdDEZi0gF4sob,92738,1977,0,0.0,Qwen3-8B,1,moral,fairness
R_2YfdDEZi0gF4sob,92762,1978,1,0.0,Qwen3-8B,3,social-group,LGB
R_2YfdDEZi0gF4sob,92786,1979,1,0.0,Qwen3-8B,2,random,random
R_2YfdDEZi0gF4sob,92810,1980,0,0.0,Qwen3-8B,1,random,random
R_2YfdDEZi0gF4sob,92834,1981,2,1.0,Qwen3-8B,1,social-group,christian
R_2YfdDEZi0gF4sob,92858,1982,1,0.0,Qwen3-8B,3,social-group,transgender
R_2YfdDEZi0gF4sob,92882,1983,0,0.0,Qwen3-8B,3,social-group,muslim
R_1P2bafpz6pSKFNf,58,0,4,1.0,Qwen3-8B,5,random,random
R_1P2bafpz6pSKFNf,21143,332,1,0.0,Qwen3-8B,2,random,random
R_1P2bafpz6pSKFNf,25003,394,3,1.0,Qwen3-8B,3,random,random
R_1P2bafpz6pSKFNf,27109,429,0,0.0,Qwen3-8B,1,random,random
R_1P2bafpz6pSKFNf,27215,431,2,1.0,Qwen3-8B,3,random,random
R_1P2bafpz6pSKFNf,29232,468,3,1.0,Qwen3-8B,4,random,random
R_1P2bafpz6pSKFNf,41303,664,0,0.0,Qwen3-8B,1,random,random
R_1P2bafpz6pSKFNf,48977,777,2,1.0,Qwen3-8B,4,random,random
R_1P2bafpz6pSKFNf,58759,922,0,0.0,Qwen3-8B,1,random,random
R_1P2bafpz6pSKFNf,66019,1044,0,0.0,Qwen3-8B,2,random,random
R_1P2bafpz6pSKFNf,68323,1082,2,1.0,Qwen3-8B,2,random,random
R_1P2bafpz6pSKFNf,71728,1145,3,1.0,Qwen3-8B,4,random,random
R_1P2bafpz6pSKFNf,92355,1961,0,0.0,Qwen3-8B,3,random,random
R_1P2bafpz6pSKFNf,92379,1962,1,0.0,Qwen3-8B,2,moral,authority
R_1P2bafpz6pSKFNf,92403,1963,2,1.0,Qwen3-8B,4,social-group,transgender
R_1P2bafpz6pSKFNf,92427,1964,1,0.0,Qwen3-8B,1,random,random
R_1P2bafpz6pSKFNf,92451,1965,4,1.0,Qwen3-8B,4,social-group,transgender
R_1P2bafpz6pSKFNf,92475,1966,1,0.0,Qwen3-8B,2,social-group,muslim
R_1P2bafpz6pSKFNf,92499,1967,0,0.0,Qwen3-8B,3,social-group,muslim
R_1P2bafpz6pSKFNf,92523,1968,1,0.0,Qwen3-8B,1,moral,loyalty
R_1P2bafpz6pSKFNf,92547,1969,2,1.0,Qwen3-8B,2,social-group,christian
R_1P2bafpz6pSKFNf,92571,1970,4,1.0,Qwen3-8B,1,social-group,transgender
R_1P2bafpz6pSKFNf,92595,1971,4,1.0,Qwen3-8B,3,social-group,transgender
R_1P2bafpz6pSKFNf,92619,1972,4,1.0,Qwen3-8B,2,social-group,christian
R_1P2bafpz6pSKFNf,92643,1973,2,1.0,Qwen3-8B,4,social-group,LGB
R_1P2bafpz6pSKFNf,92667,1974,2,1.0,Qwen3-8B,2,social-group,christian
R_1P2bafpz6pSKFNf,92691,1975,4,1.0,Qwen3-8B,3,social-group,muslim
R_1P2bafpz6pSKFNf,92715,1976,0,0.0,Qwen3-8B,2,social-group,LGB
R_1P2bafpz6pSKFNf,92739,1977,0,0.0,Qwen3-8B,1,moral,fairness
R_1P2bafpz6pSKFNf,92763,1978,2,1.0,Qwen3-8B,3,social-group,LGB
R_1P2bafpz6pSKFNf,92787,1979,1,0.0,Qwen3-8B,2,random,random
R_1P2bafpz6pSKFNf,92811,1980,2,1.0,Qwen3-8B,1,random,random
R_1P2bafpz6pSKFNf,92835,1981,4,1.0,Qwen3-8B,1,social-group,christian
R_1P2bafpz6pSKFNf,92859,1982,3,1.0,Qwen3-8B,3,social-group,transgender
R_1P2bafpz6pSKFNf,92883,1983,0,0.0,Qwen3-8B,3,social-group,muslim
R_1LRny2lYhaIUzQE,80,1,4,1.0,Qwen3-8B,3,random,random
R_1LRny2lYhaIUzQE,9258,150,3,1.0,Qwen3-8B,3,random,random
R_1LRny2lYhaIUzQE,15082,237,0,0.0,Qwen3-8B,3,random,random
R_1LRny2lYhaIUzQE,22752,356,0,0.0,Qwen3-8B,3,random,random
R_1LRny2lYhaIUzQE,41324,665,0,0.0,Qwen3-8B,1,random,random
R_1LRny2lYhaIUzQE,42670,687,0,0.0,Qwen3-8B,3,random,random
R_1LRny2lYhaIUzQE,96293,2116,3,1.0,Qwen3-8B,4,social-group,muslim
R_1LRny2lYhaIUzQE,96317,2117,0,0.0,Qwen3-8B,1,moral,loyalty
R_1LRny2lYhaIUzQE,96341,2118,2,1.0,Qwen3-8B,3,social-group,LGB
R_1LRny2lYhaIUzQE,96365,2119,0,0.0,Qwen3-8B,2,social-group,transgender
R_1LRny2lYhaIUzQE,96389,2120,0,0.0,Qwen3-8B,3,social-group,LGB
R_1LRny2lYhaIUzQE,96413,2121,1,0.0,Qwen3-8B,3,social-group,jewish
R_1LRny2lYhaIUzQE,96437,2122,2,1.0,Qwen3-8B,4,social-group,muslim
R_1LRny2lYhaIUzQE,96461,2123,3,1.0,Qwen3-8B,5,social-group,transgender
R_1LRny2lYhaIUzQE,96485,2124,1,0.0,Qwen3-8B,2,social-group,christian
R_1LRny2lYhaIUzQE,96509,2125,1,0.0,Qwen3-8B,3,random,random
R_1LRny2lYhaIUzQE,96533,2126,1,0.0,Qwen3-8B,1,random,random
R_1LRny2lYhaIUzQE,96557,2127,1,0.0,Qwen3-8B,4,moral,authority
R_1LRny2lYhaIUzQE,96581,2128,1,0.0,Qwen3-8B,2,random,random
R_1LRny2lYhaIUzQE,96605,2129,0,0.0,Qwen3-8B,4,social-group,LGB
R_1LRny2lYhaIUzQE,96629,2130,1,0.0,Qwen3-8B,3,moral,fairness
R_1LRny2lYhaIUzQE,96653,2131,2,1.0,Qwen3-8B,2,random,random
R_1LRny2lYhaIUzQE,96677,2132,3,1.0,Qwen3-8B,3,social-group,jewish
R_1LRny2lYhaIUzQE,96701,2133,1,0.0,Qwen3-8B,5,social-group,jewish
R_1LRny2lYhaIUzQE,96725,2134,1,0.0,Qwen3-8B,3,random,random
R_1LRny2lYhaIUzQE,96749,2135,2,1.0,Qwen3-8B,2,random,random
R_1LRny2lYhaIUzQE,96773,2136,1,0.0,Qwen3-8B,3,random,random
R_1LRny2lYhaIUzQE,96797,2137,1,0.0,Qwen3-8B,1,random,random
R_1LRny2lYhaIUzQE,96821,2138,0,0.0,Qwen3-8B,4,social-group,christian
R_1LRny2lYhaIUzQE,96845,2139,2,1.0,Qwen3-8B,5,social-group,muslim
R_1LRny2lYhaIUzQE,96869,2140,3,1.0,Qwen3-8B,4,random,random
R_1LRny2lYhaIUzQE,96893,2141,2,1.0,Qwen3-8B,4,social-group,muslim
R_1LRny2lYhaIUzQE,96917,2142,1,0.0,Qwen3-8B,5,social-group,muslim
R_1LRny2lYhaIUzQE,96941,2143,1,0.0,Qwen3-8B,3,social-group,LGB
R_1LRny2lYhaIUzQE,96965,2144,2,1.0,Qwen3-8B,4,social-group,jewish
R_W0Vu3UprFxG75Tj,88,1,1,0.0,Qwen3-8B,3,random,random
R_W0Vu3UprFxG75Tj,9267,150,3,1.0,Qwen3-8B,3,random,random
R_W0Vu3UprFxG75Tj,15093,237,0,0.0,Qwen3-8B,3,random,random
R_W0Vu3UprFxG75Tj,22758,356,0,0.0,Qwen3-8B,3,random,random
R_W0Vu3UprFxG75Tj,41330,665,-1,,Qwen3-8B,1,random,random
R_W0Vu3UprFxG75Tj,42676,687,1,0.0,Qwen3-8B,3,random,random
R_W0Vu3UprFxG75Tj,96296,2116,3,1.0,Qwen3-8B,4,social-group,muslim
R_W0Vu3UprFxG75Tj,96320,2117,0,0.0,Qwen3-8B,1,moral,loyalty
R_W0Vu3UprFxG75Tj,96344,2118,1,0.0,Qwen3-8B,3,social-group,LGB
R_W0Vu3UprFxG75Tj,96368,2119,1,0.0,Qwen3-8B,2,social-group,transgender
R_W0Vu3UprFxG75Tj,96392,2120,3,1.0,Qwen3-8B,3,social-group,LGB
R_W0Vu3UprFxG75Tj,96416,2121,1,0.0,Qwen3-8B,3,social-group,jewish
R_W0Vu3UprFxG75Tj,96440,2122,3,1.0,Qwen3-8B,4,social-group,muslim
R_W0Vu3UprFxG75Tj,96464,2123,4,1.0,Qwen3-8B,5,social-group,transgender
R_W0Vu3UprFxG75Tj,96488,2124,4,1.0,Qwen3-8B,2,social-group,christian
R_W0Vu3UprFxG75Tj,96512,2125,-1,,Qwen3-8B,3,random,random
R_W0Vu3UprFxG75Tj,96536,2126,2,1.0,Qwen3-8B,1,random,random
R_W0Vu3UprFxG75Tj,96560,2127,2,1.0,Qwen3-8B,4,moral,authority
R_W0Vu3UprFxG75Tj,96584,2128,3,1.0,Qwen3-8B,2,random,random
R_W0Vu3UprFxG75Tj,96608,2129,2,1.0,Qwen3-8B,4,social-group,LGB
R_W0Vu3UprFxG75Tj,96632,2130,1,0.0,Qwen3-8B,3,moral,fairness
R_W0Vu3UprFxG75Tj,96656,2131,2,1.0,Qwen3-8B,2,random,random
R_W0Vu3UprFxG75Tj,96680,2132,4,1.0,Qwen3-8B,3,social-group,jewish
R_W0Vu3UprFxG75Tj,96704,2133,3,1.0,Qwen3-8B,5,social-group,jewish
R_W0Vu3UprFxG75Tj,96728,2134,2,1.0,Qwen3-8B,3,random,random
R_W0Vu3UprFxG75Tj,96752,2135,4,1.0,Qwen3-8B,2,random,random
R_W0Vu3UprFxG75Tj,96776,2136,0,0.0,Qwen3-8B,3,random,random
R_W0Vu3UprFxG75Tj,96800,2137,0,0.0,Qwen3-8B,1,random,random
R_W0Vu3UprFxG75Tj,96824,2138,2,1.0,Qwen3-8B,4,social-group,christian
R_W0Vu3UprFxG75Tj,96848,2139,4,1.0,Qwen3-8B,5,social-group,muslim
R_W0Vu3UprFxG75Tj,96872,2140,3,1.0,Qwen3-8B,4,random,random
R_W0Vu3UprFxG75Tj,96896,2141,3,1.0,Qwen3-8B,4,social-group,muslim
R_W0Vu3UprFxG75Tj,96920,2142,4,1.0,Qwen3-8B,5,social-group,muslim
R_W0Vu3UprFxG75Tj,96944,2143,2,1.0,Qwen3-8B,3,social-group,LGB
R_W0Vu3UprFxG75Tj,96968,2144,2,1.0,Qwen3-8B,4,social-group,jewish
R_3dZgbZZasRd4ayu,89,1,2,1.0,Qwen3-8B,3,random,random
R_3dZgbZZasRd4ayu,9268,150,4,1.0,Qwen3-8B,3,random,random
R_3dZgbZZasRd4ayu,15094,237,0,0.0,Qwen3-8B,3,random,random
R_3dZgbZZasRd4ayu,22759,356,-1,,Qwen3-8B,3,random,random
R_3dZgbZZasRd4ayu,41331,665,0,0.0,Qwen3-8B,1,random,random
R_3dZgbZZasRd4ayu,42677,687,0,0.0,Qwen3-8B,3,random,random
R_3dZgbZZasRd4ayu,96297,2116,2,1.0,Qwen3-8B,4,social-group,muslim
R_3dZgbZZasRd4ayu,96321,2117,0,0.0,Qwen3-8B,1,moral,loyalty
R_3dZgbZZasRd4ayu,96345,2118,1,0.0,Qwen3-8B,3,social-group,LGB
R_3dZgbZZasRd4ayu,96369,2119,0,0.0,Qwen3-8B,2,social-group,transgender
R_3dZgbZZasRd4ayu,96393,2120,4,1.0,Qwen3-8B,3,social-group,LGB
R_3dZgbZZasRd4ayu,96417,2121,0,0.0,Qwen3-8B,3,social-group,jewish
R_3dZgbZZasRd4ayu,96441,2122,4,1.0,Qwen3-8B,4,social-group,muslim
R_3dZgbZZasRd4ayu,96465,2123,4,1.0,Qwen3-8B,5,social-group,transgender
R_3dZgbZZasRd4ayu,96489,2124,0,0.0,Qwen3-8B,2,social-group,christian
R_3dZgbZZasRd4ayu,96513,2125,-1,,Qwen3-8B,3,random,random
R_3dZgbZZasRd4ayu,96537,2126,0,0.0,Qwen3-8B,1,random,random
R_3dZgbZZasRd4ayu,96561,2127,1,0.0,Qwen3-8B,4,moral,authority
R_3dZgbZZasRd4ayu,96585,2128,1,0.0,Qwen3-8B,2,random,random
R_3dZgbZZasRd4ayu,96609,2129,-1,,Qwen3-8B,4,social-group,LGB
R_3dZgbZZasRd4ayu,96633,2130,1,0.0,Qwen3-8B,3,moral,fairness
R_3dZgbZZasRd4ayu,96657,2131,-1,,Qwen3-8B,2,random,random
R_3dZgbZZasRd4ayu,96681,2132,3,1.0,Qwen3-8B,3,social-group,jewish
R_3dZgbZZasRd4ayu,96705,2133,0,0.0,Qwen3-8B,5,social-group,jewish
R_3dZgbZZasRd4ayu,96729,2134,1,0.0,Qwen3-8B,3,random,random
R_3dZgbZZasRd4ayu,96753,2135,1,0.0,Qwen3-8B,2,random,random
R_3dZgbZZasRd4ayu,96777,2136,0,0.0,Qwen3-8B,3,random,random
R_3dZgbZZasRd4ayu,96801,2137,0,0.0,Qwen3-8B,1,random,random
R_3dZgbZZasRd4ayu,96825,2138,0,0.0,Qwen3-8B,4,social-group,christian
R_3dZgbZZasRd4ayu,96849,2139,1,0.0,Qwen3-8B,5,social-group,muslim
R_3dZgbZZasRd4ayu,96873,2140,4,1.0,Qwen3-8B,4,random,random
R_3dZgbZZasRd4ayu,96897,2141,4,1.0,Qwen3-8B,4,social-group,muslim
R_3dZgbZZasRd4ayu,96921,2142,4,1.0,Qwen3-8B,5,social-group,muslim
R_3dZgbZZasRd4ayu,96945,2143,2,1.0,Qwen3-8B,3,social-group,LGB
R_3dZgbZZasRd4ayu,96969,2144,0,0.0,Qwen3-8B,4,social-group,jewish
R_1pnCW6SdaNLeG1T,117,1,2,1.0,Qwen3-8B,3,random,random
R_1pnCW6SdaNLeG1T,9294,150,3,1.0,Qwen3-8B,3,random,random
R_1pnCW6SdaNLeG1T,15127,237,1,0.0,Qwen3-8B,3,random,random
R_1pnCW6SdaNLeG1T,22785,356,0,0.0,Qwen3-8B,3,random,random
R_1pnCW6SdaNLeG1T,41363,665,-1,,Qwen3-8B,1,random,random
R_1pnCW6SdaNLeG1T,42713,687,0,0.0,Qwen3-8B,3,random,random
R_1pnCW6SdaNLeG1T,96307,2116,2,1.0,Qwen3-8B,4,social-group,muslim
R_1pnCW6SdaNLeG1T,96331,2117,0,0.0,Qwen3-8B,1,moral,loyalty
R_1pnCW6SdaNLeG1T,96355,2118,3,1.0,Qwen3-8B,3,social-group,LGB
R_1pnCW6SdaNLeG1T,96379,2119,1,0.0,Qwen3-8B,2,social-group,transgender
R_1pnCW6SdaNLeG1T,96403,2120,2,1.0,Qwen3-8B,3,social-group,LGB
R_1pnCW6SdaNLeG1T,96427,2121,1,0.0,Qwen3-8B,3,social-group,jewish
R_1pnCW6SdaNLeG1T,96451,2122,3,1.0,Qwen3-8B,4,social-group,muslim
R_1pnCW6SdaNLeG1T,96475,2123,3,1.0,Qwen3-8B,5,social-group,transgender
R_1pnCW6SdaNLeG1T,96499,2124,3,1.0,Qwen3-8B,2,social-group,christian
R_1pnCW6SdaNLeG1T,96523,2125,1,0.0,Qwen3-8B,3,random,random
R_1pnCW6SdaNLeG1T,96547,2126,1,0.0,Qwen3-8B,1,random,random
R_1pnCW6SdaNLeG1T,96571,2127,2,1.0,Qwen3-8B,4,moral,authority
R_1pnCW6SdaNLeG1T,96595,2128,1,0.0,Qwen3-8B,2,random,random
R_1pnCW6SdaNLeG1T,96619,2129,2,1.0,Qwen3-8B,4,social-group,LGB
R_1pnCW6SdaNLeG1T,96643,2130,0,0.0,Qwen3-8B,3,moral,fairness
R_1pnCW6SdaNLeG1T,96667,2131,2,1.0,Qwen3-8B,2,random,random
R_1pnCW6SdaNLeG1T,96691,2132,2,1.0,Qwen3-8B,3,social-group,jewish
R_1pnCW6SdaNLeG1T,96715,2133,1,0.0,Qwen3-8B,5,social-group,jewish
R_1pnCW6SdaNLeG1T,96739,2134,3,1.0,Qwen3-8B,3,random,random
R_1pnCW6SdaNLeG1T,96763,2135,2,1.0,Qwen3-8B,2,random,random
R_1pnCW6SdaNLeG1T,96787,2136,1,0.0,Qwen3-8B,3,random,random
R_1pnCW6SdaNLeG1T,96811,2137,0,0.0,Qwen3-8B,1,random,random
R_1pnCW6SdaNLeG1T,96835,2138,2,1.0,Qwen3-8B,4,social-group,christian
R_1pnCW6SdaNLeG1T,96859,2139,3,1.0,Qwen3-8B,5,social-group,muslim
R_1pnCW6SdaNLeG1T,96883,2140,2,1.0,Qwen3-8B,4,random,random
R_1pnCW6SdaNLeG1T,96907,2141,3,1.0,Qwen3-8B,4,social-group,muslim
R_1pnCW6SdaNLeG1T,96931,2142,3,1.0,Qwen3-8B,5,social-group,muslim
R_1pnCW6SdaNLeG1T,96955,2143,2,1.0,Qwen3-8B,3,social-group,LGB
R_1pnCW6SdaNLeG1T,96979,2144,2,1.0,Qwen3-8B,4,social-group,jewish
R_1i9zlioeqeGkMXe,324,5,0,0.0,Qwen3-8B,1,random,random
R_1i9zlioeqeGkMXe,9725,156,0,0.0,Qwen3-8B,2,random,random
R_1i9zlioeqeGkMXe,43878,706,0,0.0,Qwen3-8B,3,random,random
R_1i9zlioeqeGkMXe,47636,760,0,0.0,Qwen3-8B,1,random,random
R_1i9zlioeqeGkMXe,54018,851,0,0.0,Qwen3-8B,1,random,random
R_1i9zlioeqeGkMXe,64356,1019,-1,,Qwen3-8B,1,random,random
R_1i9zlioeqeGkMXe,73117,1187,0,0.0,Qwen3-8B,2,moral,purity
R_1i9zlioeqeGkMXe,74497,1243,-1,,Qwen3-8B,1,moral,purity
R_1i9zlioeqeGkMXe,74497,1243,-1,,Qwen3-8B,1,moral,loyalty
R_1i9zlioeqeGkMXe,74497,1243,-1,,Qwen3-8B,1,moral,purity
R_1i9zlioeqeGkMXe,74497,1243,-1,,Qwen3-8B,1,moral,loyalty
R_1i9zlioeqeGkMXe,112874,2816,-1,,Qwen3-8B,3,social-group,christian
R_1i9zlioeqeGkMXe,112897,2817,0,0.0,Qwen3-8B,3,moral,loyalty
R_1i9zlioeqeGkMXe,112920,2818,-1,,Qwen3-8B,3,random,random
R_1i9zlioeqeGkMXe,112943,2819,0,0.0,Qwen3-8B,3,social-group,muslim
R_1i9zlioeqeGkMXe,112966,2820,0,0.0,Qwen3-8B,3,social-group,LGB
R_1i9zlioeqeGkMXe,112989,2821,4,1.0,Qwen3-8B,5,social-group,muslim
R_1i9zlioeqeGkMXe,113012,2822,0,0.0,Qwen3-8B,2,social-group,transgender
R_1i9zlioeqeGkMXe,113035,2823,0,0.0,Qwen3-8B,1,moral,purity
R_1i9zlioeqeGkMXe,113058,2824,0,0.0,Qwen3-8B,5,social-group,christian
R_1i9zlioeqeGkMXe,113081,2825,0,0.0,Qwen3-8B,1,social-group,LGB
R_1i9zlioeqeGkMXe,113104,2826,0,0.0,Qwen3-8B,4,social-group,christian
R_1i9zlioeqeGkMXe,113127,2827,0,0.0,Qwen3-8B,1,social-group,muslim
R_1i9zlioeqeGkMXe,113150,2828,0,0.0,Qwen3-8B,5,social-group,jewish
R_1i9zlioeqeGkMXe,113173,2829,0,0.0,Qwen3-8B,1,moral,care
R_1i9zlioeqeGkMXe,113196,2830,0,0.0,Qwen3-8B,2,social-group,LGB
R_1i9zlioeqeGkMXe,113219,2831,1,0.0,Qwen3-8B,3,social-group,christian
R_1i9zlioeqeGkMXe,113242,2832,0,0.0,Qwen3-8B,1,social-group,christian
R_1i9zlioeqeGkMXe,113265,2833,0,0.0,Qwen3-8B,1,moral,care
R_1i9zlioeqeGkMXe,113288,2834,0,0.0,Qwen3-8B,3,social-group,transgender
R_1i9zlioeqeGkMXe,113311,2835,0,0.0,Qwen3-8B,1,social-group,LGB
R_1i9zlioeqeGkMXe,113334,2836,0,0.0,Qwen3-8B,3,social-group,transgender
R_1i9zlioeqeGkMXe,113357,2837,0,0.0,Qwen3-8B,4,social-group,muslim
R_1i9zlioeqeGkMXe,113380,2838,1,0.0,Qwen3-8B,5,social-group,LGB
R_1i9zlioeqeGkMXe,113403,2839,0,0.0,Qwen3-8B,4,social-group,jewish
R_1i9zlioeqeGkMXe,113426,2840,0,0.0,Qwen3-8B,3,social-group,LGB
R_1i9zlioeqeGkMXe,113449,2841,-1,,Qwen3-8B,1,social-group,muslim
R_1i9zlioeqeGkMXe,113472,2842,-1,,Qwen3-8B,3,random,random
R_YPlrKfA7JPBnKMN,353,5,1,0.0,Qwen3-8B,1,random,random
R_YPlrKfA7JPBnKMN,9752,156,0,0.0,Qwen3-8B,2,random,random
R_YPlrKfA7JPBnKMN,43910,706,1,0.0,Qwen3-8B,3,random,random
R_YPlrKfA7JPBnKMN,47672,760,1,0.0,Qwen3-8B,1,random,random
R_YPlrKfA7JPBnKMN,54042,851,0,0.0,Qwen3-8B,1,random,random
R_YPlrKfA7JPBnKMN,64390,1019,-1,,Qwen3-8B,1,random,random
R_YPlrKfA7JPBnKMN,73138,1187,0,0.0,Qwen3-8B,2,moral,purity
R_YPlrKfA7JPBnKMN,74633,1243,0,0.0,Qwen3-8B,1,moral,purity
R_YPlrKfA7JPBnKMN,74633,1243,0,0.0,Qwen3-8B,1,moral,loyalty
R_YPlrKfA7JPBnKMN,74633,1243,0,0.0,Qwen3-8B,1,moral,purity
R_YPlrKfA7JPBnKMN,74633,1243,0,0.0,Qwen3-8B,1,moral,loyalty
R_YPlrKfA7JPBnKMN,112885,2816,1,0.0,Qwen3-8B,3,social-group,christian
R_YPlrKfA7JPBnKMN,112908,2817,0,0.0,Qwen3-8B,3,moral,loyalty
R_YPlrKfA7JPBnKMN,112931,2818,0,0.0,Qwen3-8B,3,random,random
R_YPlrKfA7JPBnKMN,112954,2819,0,0.0,Qwen3-8B,3,social-group,muslim
R_YPlrKfA7JPBnKMN,112977,2820,0,0.0,Qwen3-8B,3,social-group,LGB
R_YPlrKfA7JPBnKMN,113000,2821,2,1.0,Qwen3-8B,5,social-group,muslim
R_YPlrKfA7JPBnKMN,113023,2822,0,0.0,Qwen3-8B,2,social-group,transgender
R_YPlrKfA7JPBnKMN,113046,2823,0,0.0,Qwen3-8B,1,moral,purity
R_YPlrKfA7JPBnKMN,113069,2824,1,0.0,Qwen3-8B,5,social-group,christian
R_YPlrKfA7JPBnKMN,113092,2825,0,0.0,Qwen3-8B,1,social-group,LGB
R_YPlrKfA7JPBnKMN,113115,2826,0,0.0,Qwen3-8B,4,social-group,christian
R_YPlrKfA7JPBnKMN,113138,2827,0,0.0,Qwen3-8B,1,social-group,muslim
R_YPlrKfA7JPBnKMN,113161,2828,1,0.0,Qwen3-8B,5,social-group,jewish
R_YPlrKfA7JPBnKMN,113184,2829,0,0.0,Qwen3-8B,1,moral,care
R_YPlrKfA7JPBnKMN,113207,2830,-1,,Qwen3-8B,2,social-group,LGB
R_YPlrKfA7JPBnKMN,113230,2831,1,0.0,Qwen3-8B,3,social-group,christian
R_YPlrKfA7JPBnKMN,113253,2832,0,0.0,Qwen3-8B,1,social-group,christian
R_YPlrKfA7JPBnKMN,113276,2833,0,0.0,Qwen3-8B,1,moral,care
R_YPlrKfA7JPBnKMN,113299,2834,1,0.0,Qwen3-8B,3,social-group,transgender
R_YPlrKfA7JPBnKMN,113322,2835,1,0.0,Qwen3-8B,1,social-group,LGB
R_YPlrKfA7JPBnKMN,113345,2836,1,0.0,Qwen3-8B,3,social-group,transgender
R_YPlrKfA7JPBnKMN,113368,2837,1,0.0,Qwen3-8B,4,social-group,muslim
R_YPlrKfA7JPBnKMN,113391,2838,2,1.0,Qwen3-8B,5,social-group,LGB
R_YPlrKfA7JPBnKMN,113414,2839,0,0.0,Qwen3-8B,4,social-group,jewish
R_YPlrKfA7JPBnKMN,113437,2840,1,0.0,Qwen3-8B,3,social-group,LGB
R_YPlrKfA7JPBnKMN,113460,2841,1,0.0,Qwen3-8B,1,social-group,muslim
R_YPlrKfA7JPBnKMN,113483,2842,0,0.0,Qwen3-8B,3,random,random
R_2zXU3MArS0Ibx9l,380,7,1,0.0,Qwen3-8B,3,random,random
R_2zXU3MArS0Ibx9l,10012,161,2,1.0,Qwen3-8B,3,random,random
R_2zXU3MArS0Ibx9l,17356,273,0,0.0,Qwen3-8B,1,random,random
R_2zXU3MArS0Ibx9l,20690,325,0,0.0,Qwen3-8B,1,random,random
R_2zXU3MArS0Ibx9l,21334,335,1,0.0,Qwen3-8B,4,random,random
R_2zXU3MArS0Ibx9l,21334,335,1,0.0,Qwen3-8B,4,moral,authority
R_2zXU3MArS0Ibx9l,21334,335,1,0.0,Qwen3-8B,4,random,random
R_2zXU3MArS0Ibx9l,21334,335,1,0.0,Qwen3-8B,4,moral,authority
R_2zXU3MArS0Ibx9l,38691,621,1,0.0,Qwen3-8B,1,random,random
R_2zXU3MArS0Ibx9l,46992,751,1,0.0,Qwen3-8B,3,random,random
R_2zXU3MArS0Ibx9l,48680,773,0,0.0,Qwen3-8B,3,random,random
R_2zXU3MArS0Ibx9l,56862,896,3,1.0,Qwen3-8B,3,random,random
R_2zXU3MArS0Ibx9l,125227,3345,0,0.0,Qwen3-8B,1,social-group,transgender
R_2zXU3MArS0Ibx9l,125247,3346,0,0.0,Qwen3-8B,2,social-group,transgender
R_2zXU3MArS0Ibx9l,125267,3347,1,0.0,Qwen3-8B,3,social-group,christian
R_2zXU3MArS0Ibx9l,125287,3348,0,0.0,Qwen3-8B,1,random,random
R_2zXU3MArS0Ibx9l,125316,3349,0,0.0,Qwen3-8B,2,moral,fairness
R_2zXU3MArS0Ibx9l,125348,3350,0,0.0,Qwen3-8B,1,social-group,christian
R_2zXU3MArS0Ibx9l,125368,3351,2,1.0,Qwen3-8B,2,social-group,transgender
R_2zXU3MArS0Ibx9l,125388,3352,1,0.0,Qwen3-8B,3,random,random
R_2zXU3MArS0Ibx9l,125408,3353,0,0.0,Qwen3-8B,5,social-group,jewish
R_2zXU3MArS0Ibx9l,125428,3354,1,0.0,Qwen3-8B,5,social-group,jewish
R_2zXU3MArS0Ibx9l,125448,3355,2,1.0,Qwen3-8B,3,random,random
R_2zXU3MArS0Ibx9l,125468,3356,2,1.0,Qwen3-8B,3,social-group,transgender
R_2zXU3MArS0Ibx9l,125488,3357,2,1.0,Qwen3-8B,2,social-group,muslim
R_2zXU3MArS0Ibx9l,125508,3358,0,0.0,Qwen3-8B,1,moral,purity
R_2zXU3MArS0Ibx9l,125528,3359,1,0.0,Qwen3-8B,3,social-group,muslim
R_2zXU3MArS0Ibx9l,125548,3360,3,1.0,Qwen3-8B,4,social-group,jewish
R_2zXU3MArS0Ibx9l,125568,3361,1,0.0,Qwen3-8B,1,social-group,LGB
R_2zXU3MArS0Ibx9l,125588,3362,0,0.0,Qwen3-8B,2,random,random
R_2zXU3MArS0Ibx9l,125608,3363,1,0.0,Qwen3-8B,5,social-group,transgender
R_2zXU3MArS0Ibx9l,125628,3364,0,0.0,Qwen3-8B,3,random,random
R_2zXU3MArS0Ibx9l,125648,3365,1,0.0,Qwen3-8B,3,social-group,LGB
R_2zXU3MArS0Ibx9l,125668,3366,1,0.0,Qwen3-8B,2,random,random
R_2zXU3MArS0Ibx9l,125688,3367,1,0.0,Qwen3-8B,3,social-group,christian
R_2zXU3MArS0Ibx9l,125708,3368,2,1.0,Qwen3-8B,5,social-group,transgender
R_2zXU3MArS0Ibx9l,125728,3369,1,0.0,Qwen3-8B,3,social-group,transgender
R_2zXU3MArS0Ibx9l,125748,3370,0,0.0,Qwen3-8B,4,social-group,jewish
R_ODcilpbgEKmrA4N,388,7,0,0.0,Qwen3-8B,3,random,random
R_ODcilpbgEKmrA4N,10023,161,0,0.0,Qwen3-8B,3,random,random
R_ODcilpbgEKmrA4N,17364,273,0,0.0,Qwen3-8B,1,random,random
R_ODcilpbgEKmrA4N,20698,325,-1,,Qwen3-8B,1,random,random
R_ODcilpbgEKmrA4N,21354,335,0,0.0,Qwen3-8B,4,random,random
R_ODcilpbgEKmrA4N,21354,335,0,0.0,Qwen3-8B,4,moral,authority
R_ODcilpbgEKmrA4N,21354,335,0,0.0,Qwen3-8B,4,random,random
R_ODcilpbgEKmrA4N,21354,335,0,0.0,Qwen3-8B,4,moral,authority
R_ODcilpbgEKmrA4N,38698,621,0,0.0,Qwen3-8B,1,random,random
R_ODcilpbgEKmrA4N,47002,751,0,0.0,Qwen3-8B,3,random,random
R_ODcilpbgEKmrA4N,48690,773,0,0.0,Qwen3-8B,3,random,random
R_ODcilpbgEKmrA4N,56875,896,0,0.0,Qwen3-8B,3,random,random
R_ODcilpbgEKmrA4N,125231,3345,0,0.0,Qwen3-8B,1,social-group,transgender
R_ODcilpbgEKmrA4N,125251,3346,0,0.0,Qwen3-8B,2,social-group,transgender
R_ODcilpbgEKmrA4N,125271,3347,0,0.0,Qwen3-8B,3,social-group,christian
R_ODcilpbgEKmrA4N,125291,3348,0,0.0,Qwen3-8B,1,random,random
R_ODcilpbgEKmrA4N,125322,3349,0,0.0,Qwen3-8B,2,moral,fairness
R_ODcilpbgEKmrA4N,125352,3350,0,0.0,Qwen3-8B,1,social-group,christian
R_ODcilpbgEKmrA4N,125372,3351,0,0.0,Qwen3-8B,2,social-group,transgender
R_ODcilpbgEKmrA4N,125392,3352,0,0.0,Qwen3-8B,3,random,random
R_ODcilpbgEKmrA4N,125412,3353,0,0.0,Qwen3-8B,5,social-group,jewish
R_ODcilpbgEKmrA4N,125432,3354,0,0.0,Qwen3-8B,5,social-group,jewish
R_ODcilpbgEKmrA4N,125452,3355,0,0.0,Qwen3-8B,3,random,random
R_ODcilpbgEKmrA4N,125472,3356,0,0.0,Qwen3-8B,3,social-group,transgender
R_ODcilpbgEKmrA4N,125492,3357,0,0.0,Qwen3-8B,2,social-group,muslim
R_ODcilpbgEKmrA4N,125512,3358,0,0.0,Qwen3-8B,1,moral,purity
R_ODcilpbgEKmrA4N,125532,3359,0,0.0,Qwen3-8B,3,social-group,muslim
R_ODcilpbgEKmrA4N,125552,3360,0,0.0,Qwen3-8B,4,social-group,jewish
R_ODcilpbgEKmrA4N,125572,3361,0,0.0,Qwen3-8B,1,social-group,LGB
R_ODcilpbgEKmrA4N,125592,3362,0,0.0,Qwen3-8B,2,random,random
R_ODcilpbgEKmrA4N,125612,3363,0,0.0,Qwen3-8B,5,social-group,transgender
R_ODcilpbgEKmrA4N,125632,3364,0,0.0,Qwen3-8B,3,random,random
R_ODcilpbgEKmrA4N,125652,3365,0,0.0,Qwen3-8B,3,social-group,LGB
R_ODcilpbgEKmrA4N,125672,3366,0,0.0,Qwen3-8B,2,random,random
R_ODcilpbgEKmrA4N,125692,3367,0,0.0,Qwen3-8B,3,social-group,christian
R_ODcilpbgEKmrA4N,125712,3368,0,0.0,Qwen3-8B,5,social-group,transgender
R_ODcilpbgEKmrA4N,125732,3369,0,0.0,Qwen3-8B,3,social-group,transgender
R_ODcilpbgEKmrA4N,125752,3370,0,0.0,Qwen3-8B,4,social-group,jewish
R_BR2pq17Ja5fcIRb,393,7,1,0.0,Qwen3-8B,3,random,random
R_BR2pq17Ja5fcIRb,10028,161,1,0.0,Qwen3-8B,3,random,random
R_BR2pq17Ja5fcIRb,17369,273,0,0.0,Qwen3-8B,1,random,random
R_BR2pq17Ja5fcIRb,20703,325,0,0.0,Qwen3-8B,1,random,random
R_BR2pq17Ja5fcIRb,21374,335,0,0.0,Qwen3-8B,4,random,random
R_BR2pq17Ja5fcIRb,21374,335,0,0.0,Qwen3-8B,4,moral,authority
R_BR2pq17Ja5fcIRb,21374,335,0,0.0,Qwen3-8B,4,random,random
R_BR2pq17Ja5fcIRb,21374,335,0,0.0,Qwen3-8B,4,moral,authority
R_BR2pq17Ja5fcIRb,38706,621,0,0.0,Qwen3-8B,1,random,random
R_BR2pq17Ja5fcIRb,47013,751,1,0.0,Qwen3-8B,3,random,random
R_BR2pq17Ja5fcIRb,48701,773,0,0.0,Qwen3-8B,3,random,random
R_BR2pq17Ja5fcIRb,56881,896,0,0.0,Qwen3-8B,3,random,random
R_BR2pq17Ja5fcIRb,125233,3345,0,0.0,Qwen3-8B,1,social-group,transgender
R_BR2pq17Ja5fcIRb,125253,3346,3,1.0,Qwen3-8B,2,social-group,transgender
R_BR2pq17Ja5fcIRb,125273,3347,0,0.0,Qwen3-8B,3,social-group,christian
R_BR2pq17Ja5fcIRb,125293,3348,0,0.0,Qwen3-8B,1,random,random
R_BR2pq17Ja5fcIRb,125328,3349,0,0.0,Qwen3-8B,2,moral,fairness
R_BR2pq17Ja5fcIRb,125354,3350,0,0.0,Qwen3-8B,1,social-group,christian
R_BR2pq17Ja5fcIRb,125374,3351,1,0.0,Qwen3-8B,2,social-group,transgender
R_BR2pq17Ja5fcIRb,125394,3352,1,0.0,Qwen3-8B,3,random,random
R_BR2pq17Ja5fcIRb,125414,3353,0,0.0,Qwen3-8B,5,social-group,jewish
R_BR2pq17Ja5fcIRb,125434,3354,3,1.0,Qwen3-8B,5,social-group,jewish
R_BR2pq17Ja5fcIRb,125454,3355,2,1.0,Qwen3-8B,3,random,random
R_BR2pq17Ja5fcIRb,125474,3356,0,0.0,Qwen3-8B,3,social-group,transgender
R_BR2pq17Ja5fcIRb,125494,3357,2,1.0,Qwen3-8B,2,social-group,muslim
R_BR2pq17Ja5fcIRb,125514,3358,4,1.0,Qwen3-8B,1,moral,purity
R_BR2pq17Ja5fcIRb,125534,3359,0,0.0,Qwen3-8B,3,social-group,muslim
R_BR2pq17Ja5fcIRb,125554,3360,2,1.0,Qwen3-8B,4,social-group,jewish
R_BR2pq17Ja5fcIRb,125574,3361,0,0.0,Qwen3-8B,1,social-group,LGB
R_BR2pq17Ja5fcIRb,125594,3362,0,0.0,Qwen3-8B,2,random,random
R_BR2pq17Ja5fcIRb,125614,3363,2,1.0,Qwen3-8B,5,social-group,transgender
R_BR2pq17Ja5fcIRb,125634,3364,0,0.0,Qwen3-8B,3,random,random
R_BR2pq17Ja5fcIRb,125654,3365,1,0.0,Qwen3-8B,3,social-group,LGB
R_BR2pq17Ja5fcIRb,125674,3366,0,0.0,Qwen3-8B,2,random,random
R_BR2pq17Ja5fcIRb,125694,3367,2,1.0,Qwen3-8B,3,social-group,christian
R_BR2pq17Ja5fcIRb,125714,3368,0,0.0,Qwen3-8B,5,social-group,transgender
R_BR2pq17Ja5fcIRb,125734,3369,1,0.0,Qwen3-8B,3,social-group,transgender
R_BR2pq17Ja5fcIRb,125754,3370,0,0.0,Qwen3-8B,4,social-group,jewish
R_Zaw9tJEuNuGz89H,418,9,-1,,Qwen3-8B,5,random,random
R_Zaw9tJEuNuGz89H,12099,195,0,0.0,Qwen3-8B,1,random,random
R_Zaw9tJEuNuGz89H,14624,232,0,0.0,Qwen3-8B,2,random,random
R_Zaw9tJEuNuGz89H,14691,233,0,0.0,Qwen3-8B,1,random,random
R_Zaw9tJEuNuGz89H,25258,399,0,0.0,Qwen3-8B,2,random,random
R_Zaw9tJEuNuGz89H,33036,526,2,1.0,Qwen3-8B,3,random,random
R_Zaw9tJEuNuGz89H,35067,560,0,0.0,Qwen3-8B,3,random,random
R_Zaw9tJEuNuGz89H,37781,606,2,1.0,Qwen3-8B,3,random,random
R_Zaw9tJEuNuGz89H,43353,698,1,0.0,Qwen3-8B,4,random,random
R_Zaw9tJEuNuGz89H,61783,978,0,0.0,Qwen3-8B,3,random,random
R_Zaw9tJEuNuGz89H,70661,1125,0,0.0,Qwen3-8B,2,random,random
R_Zaw9tJEuNuGz89H,71734,1146,4,1.0,Qwen3-8B,4,random,random
R_Zaw9tJEuNuGz89H,78627,1405,0,0.0,Qwen3-8B,3,moral,fairness
R_Zaw9tJEuNuGz89H,78627,1405,0,0.0,Qwen3-8B,3,random,random
R_Zaw9tJEuNuGz89H,78627,1405,0,0.0,Qwen3-8B,3,moral,fairness
R_Zaw9tJEuNuGz89H,78627,1405,0,0.0,Qwen3-8B,3,random,random
R_Zaw9tJEuNuGz89H,90613,1887,3,1.0,Qwen3-8B,4,random,random
R_Zaw9tJEuNuGz89H,90637,1888,4,1.0,Qwen3-8B,3,social-group,jewish
R_Zaw9tJEuNuGz89H,90661,1889,4,1.0,Qwen3-8B,3,random,random
R_Zaw9tJEuNuGz89H,90685,1890,3,1.0,Qwen3-8B,2,social-group,christian
R_Zaw9tJEuNuGz89H,90709,1891,3,1.0,Qwen3-8B,4,social-group,christian
R_Zaw9tJEuNuGz89H,90733,1892,3,1.0,Qwen3-8B,1,random,random
R_Zaw9tJEuNuGz89H,90757,1893,1,0.0,Qwen3-8B,4,social-group,LGB
R_Zaw9tJEuNuGz89H,90781,1894,1,0.0,Qwen3-8B,2,social-group,jewish
R_Zaw9tJEuNuGz89H,90805,1895,3,1.0,Qwen3-8B,3,social-group,muslim
R_Zaw9tJEuNuGz89H,90829,1896,1,0.0,Qwen3-8B,3,social-group,christian
R_Zaw9tJEuNuGz89H,90853,1897,0,0.0,Qwen3-8B,2,social-group,LGB
R_Zaw9tJEuNuGz89H,90877,1898,0,0.0,Qwen3-8B,1,social-group,muslim
R_Zaw9tJEuNuGz89H,90901,1899,0,0.0,Qwen3-8B,2,social-group,muslim
R_Zaw9tJEuNuGz89H,90925,1900,0,0.0,Qwen3-8B,5,social-group,christian
R_Zaw9tJEuNuGz89H,90949,1901,2,1.0,Qwen3-8B,3,social-group,jewish
R_Zaw9tJEuNuGz89H,90973,1902,1,0.0,Qwen3-8B,3,random,random
R_Zaw9tJEuNuGz89H,90997,1903,0,0.0,Qwen3-8B,1,moral,authority
R_Zaw9tJEuNuGz89H,91021,1904,4,1.0,Qwen3-8B,5,social-group,LGB
R_Zaw9tJEuNuGz89H,91045,1905,3,1.0,Qwen3-8B,5,social-group,jewish
R_Zaw9tJEuNuGz89H,91069,1906,1,0.0,Qwen3-8B,3,social-group,christian
R_Zaw9tJEuNuGz89H,91093,1907,0,0.0,Qwen3-8B,1,random,random
R_Zaw9tJEuNuGz89H,91117,1908,4,1.0,Qwen3-8B,4,social-group,muslim
R_2uwYAwDnWbylfsr,510,10,2,1.0,Qwen3-8B,2,random,random
R_2uwYAwDnWbylfsr,2450,45,1,0.0,Qwen3-8B,1,random,random
R_2uwYAwDnWbylfsr,5132,86,2,1.0,Qwen3-8B,3,random,random
R_2uwYAwDnWbylfsr,38883,624,4,1.0,Qwen3-8B,3,random,random
R_2uwYAwDnWbylfsr,39420,633,4,1.0,Qwen3-8B,2,random,random
R_2uwYAwDnWbylfsr,40440,650,1,0.0,Qwen3-8B,1,random,random
R_2uwYAwDnWbylfsr,44752,718,1,0.0,Qwen3-8B,3,random,random
R_2uwYAwDnWbylfsr,53854,848,2,1.0,Qwen3-8B,2,random,random
R_2uwYAwDnWbylfsr,59929,943,0,0.0,Qwen3-8B,1,random,random
R_2uwYAwDnWbylfsr,64908,1027,0,0.0,Qwen3-8B,2,random,random
R_2uwYAwDnWbylfsr,67129,1062,4,1.0,Qwen3-8B,3,random,random
R_2uwYAwDnWbylfsr,132385,3649,1,0.0,Qwen3-8B,3,random,random
R_2uwYAwDnWbylfsr,132409,3650,1,0.0,Qwen3-8B,2,social-group,christian
R_2uwYAwDnWbylfsr,132433,3651,1,0.0,Qwen3-8B,5,social-group,christian
R_2uwYAwDnWbylfsr,132457,3652,4,1.0,Qwen3-8B,3,social-group,transgender
R_2uwYAwDnWbylfsr,132481,3653,4,1.0,Qwen3-8B,5,social-group,LGB
R_2uwYAwDnWbylfsr,132505,3654,4,1.0,Qwen3-8B,2,social-group,muslim
R_2uwYAwDnWbylfsr,132529,3655,0,0.0,Qwen3-8B,1,social-group,christian
R_2uwYAwDnWbylfsr,132553,3656,4,1.0,Qwen3-8B,3,social-group,LGB
R_2uwYAwDnWbylfsr,132577,3657,3,1.0,Qwen3-8B,1,random,random
R_2uwYAwDnWbylfsr,132601,3658,0,0.0,Qwen3-8B,1,moral,loyalty
R_2uwYAwDnWbylfsr,132625,3659,0,0.0,Qwen3-8B,3,social-group,muslim
R_2uwYAwDnWbylfsr,132649,3660,1,0.0,Qwen3-8B,3,social-group,jewish
R_2uwYAwDnWbylfsr,132673,3661,1,0.0,Qwen3-8B,2,social-group,LGB
R_2uwYAwDnWbylfsr,132697,3662,4,1.0,Qwen3-8B,1,moral,authority
R_2uwYAwDnWbylfsr,132721,3663,4,1.0,Qwen3-8B,5,social-group,transgender
R_2uwYAwDnWbylfsr,132745,3664,4,1.0,Qwen3-8B,5,social-group,jewish
R_2uwYAwDnWbylfsr,132769,3665,4,1.0,Qwen3-8B,1,social-group,transgender
R_2uwYAwDnWbylfsr,132793,3666,3,1.0,Qwen3-8B,3,random,random
R_2uwYAwDnWbylfsr,132817,3667,0,0.0,Qwen3-8B,1,social-group,transgender
R_2uwYAwDnWbylfsr,132841,3668,4,1.0,Qwen3-8B,5,social-group,LGB
R_2uwYAwDnWbylfsr,132865,3669,4,1.0,Qwen3-8B,3,social-group,LGB
R_2uwYAwDnWbylfsr,132889,3670,3,1.0,Qwen3-8B,2,social-group,christian
R_2uwYAwDnWbylfsr,132913,3671,0,0.0,Qwen3-8B,3,social-group,jewish
R_2uwYAwDnWbylfsr,132937,3672,4,1.0,Qwen3-8B,5,social-group,LGB
R_1Nm0XBQjovAbAji,512,10,0,0.0,Qwen3-8B,2,random,random
R_1Nm0XBQjovAbAji,2452,45,0,0.0,Qwen3-8B,1,random,random
R_1Nm0XBQjovAbAji,5134,86,0,0.0,Qwen3-8B,3,random,random
R_1Nm0XBQjovAbAji,38885,624,0,0.0,Qwen3-8B,3,random,random
R_1Nm0XBQjovAbAji,39422,633,0,0.0,Qwen3-8B,2,random,random
R_1Nm0XBQjovAbAji,40442,650,0,0.0,Qwen3-8B,1,random,random
R_1Nm0XBQjovAbAji,44754,718,0,0.0,Qwen3-8B,3,random,random
R_1Nm0XBQjovAbAji,53856,848,0,0.0,Qwen3-8B,2,random,random
R_1Nm0XBQjovAbAji,59931,943,0,0.0,Qwen3-8B,1,random,random
R_1Nm0XBQjovAbAji,64910,1027,0,0.0,Qwen3-8B,2,random,random
R_1Nm0XBQjovAbAji,67131,1062,2,1.0,Qwen3-8B,3,random,random
R_1Nm0XBQjovAbAji,132387,3649,0,0.0,Qwen3-8B,3,random,random
R_1Nm0XBQjovAbAji,132411,3650,0,0.0,Qwen3-8B,2,social-group,christian
R_1Nm0XBQjovAbAji,132435,3651,0,0.0,Qwen3-8B,5,social-group,christian
R_1Nm0XBQjovAbAji,132459,3652,0,0.0,Qwen3-8B,3,social-group,transgender
R_1Nm0XBQjovAbAji,132483,3653,0,0.0,Qwen3-8B,5,social-group,LGB
R_1Nm0XBQjovAbAji,132507,3654,0,0.0,Qwen3-8B,2,social-group,muslim
R_1Nm0XBQjovAbAji,132531,3655,0,0.0,Qwen3-8B,1,social-group,christian
R_1Nm0XBQjovAbAji,132555,3656,0,0.0,Qwen3-8B,3,social-group,LGB
R_1Nm0XBQjovAbAji,132579,3657,0,0.0,Qwen3-8B,1,random,random
R_1Nm0XBQjovAbAji,132603,3658,0,0.0,Qwen3-8B,1,moral,loyalty
R_1Nm0XBQjovAbAji,132627,3659,2,1.0,Qwen3-8B,3,social-group,muslim
R_1Nm0XBQjovAbAji,132651,3660,0,0.0,Qwen3-8B,3,social-group,jewish
R_1Nm0XBQjovAbAji,132675,3661,0,0.0,Qwen3-8B,2,social-group,LGB
R_1Nm0XBQjovAbAji,132699,3662,0,0.0,Qwen3-8B,1,moral,authority
R_1Nm0XBQjovAbAji,132723,3663,0,0.0,Qwen3-8B,5,social-group,transgender
R_1Nm0XBQjovAbAji,132747,3664,0,0.0,Qwen3-8B,5,social-group,jewish
R_1Nm0XBQjovAbAji,132771,3665,0,0.0,Qwen3-8B,1,social-group,transgender
R_1Nm0XBQjovAbAji,132795,3666,0,0.0,Qwen3-8B,3,random,random
R_1Nm0XBQjovAbAji,132819,3667,0,0.0,Qwen3-8B,1,social-group,transgender
R_1Nm0XBQjovAbAji,132843,3668,2,1.0,Qwen3-8B,5,social-group,LGB
R_1Nm0XBQjovAbAji,132867,3669,1,0.0,Qwen3-8B,3,social-group,LGB
R_1Nm0XBQjovAbAji,132891,3670,0,0.0,Qwen3-8B,2,social-group,christian
R_1Nm0XBQjovAbAji,132915,3671,0,0.0,Qwen3-8B,3,social-group,jewish
R_1Nm0XBQjovAbAji,132939,3672,2,1.0,Qwen3-8B,5,social-group,LGB
R_2ZD28Kftj0HXUD3,521,10,0,0.0,Qwen3-8B,2,random,random
R_2ZD28Kftj0HXUD3,2458,45,3,1.0,Qwen3-8B,1,random,random
R_2ZD28Kftj0HXUD3,5143,86,1,0.0,Qwen3-8B,3,random,random
R_2ZD28Kftj0HXUD3,38891,624,2,1.0,Qwen3-8B,3,random,random
R_2ZD28Kftj0HXUD3,39428,633,3,1.0,Qwen3-8B,2,random,random
R_2ZD28Kftj0HXUD3,40448,650,0,0.0,Qwen3-8B,1,random,random
R_2ZD28Kftj0HXUD3,44759,718,1,0.0,Qwen3-8B,3,random,random
R_2ZD28Kftj0HXUD3,53861,848,2,1.0,Qwen3-8B,2,random,random
R_2ZD28Kftj0HXUD3,59936,943,3,1.0,Qwen3-8B,1,random,random
R_2ZD28Kftj0HXUD3,64915,1027,1,0.0,Qwen3-8B,2,random,random
R_2ZD28Kftj0HXUD3,67137,1062,3,1.0,Qwen3-8B,3,random,random
R_2ZD28Kftj0HXUD3,132389,3649,4,1.0,Qwen3-8B,3,random,random
R_2ZD28Kftj0HXUD3,132413,3650,0,0.0,Qwen3-8B,2,social-group,christian
R_2ZD28Kftj0HXUD3,132437,3651,1,0.0,Qwen3-8B,5,social-group,christian
R_2ZD28Kftj0HXUD3,132461,3652,3,1.0,Qwen3-8B,3,social-group,transgender
R_2ZD28Kftj0HXUD3,132485,3653,0,0.0,Qwen3-8B,5,social-group,LGB
R_2ZD28Kftj0HXUD3,132509,3654,3,1.0,Qwen3-8B,2,social-group,muslim
R_2ZD28Kftj0HXUD3,132533,3655,3,1.0,Qwen3-8B,1,social-group,christian
R_2ZD28Kftj0HXUD3,132557,3656,1,0.0,Qwen3-8B,3,social-group,LGB
R_2ZD28Kftj0HXUD3,132581,3657,0,0.0,Qwen3-8B,1,random,random
R_2ZD28Kftj0HXUD3,132605,3658,0,0.0,Qwen3-8B,1,moral,loyalty
R_2ZD28Kftj0HXUD3,132629,3659,0,0.0,Qwen3-8B,3,social-group,muslim
R_2ZD28Kftj0HXUD3,132653,3660,3,1.0,Qwen3-8B,3,social-group,jewish
R_2ZD28Kftj0HXUD3,132677,3661,0,0.0,Qwen3-8B,2,social-group,LGB
R_2ZD28Kftj0HXUD3,132701,3662,0,0.0,Qwen3-8B,1,moral,authority
R_2ZD28Kftj0HXUD3,132725,3663,3,1.0,Qwen3-8B,5,social-group,transgender
R_2ZD28Kftj0HXUD3,132749,3664,3,1.0,Qwen3-8B,5,social-group,jewish
R_2ZD28Kftj0HXUD3,132773,3665,0,0.0,Qwen3-8B,1,social-group,transgender
R_2ZD28Kftj0HXUD3,132797,3666,3,1.0,Qwen3-8B,3,random,random
R_2ZD28Kftj0HXUD3,132821,3667,1,0.0,Qwen3-8B,1,social-group,transgender
R_2ZD28Kftj0HXUD3,132845,3668,-1,,Qwen3-8B,5,social-group,LGB
R_2ZD28Kftj0HXUD3,132869,3669,0,0.0,Qwen3-8B,3,social-group,LGB
R_2ZD28Kftj0HXUD3,132893,3670,-1,,Qwen3-8B,2,social-group,christian
R_2ZD28Kftj0HXUD3,132917,3671,0,0.0,Qwen3-8B,3,social-group,jewish
R_2ZD28Kftj0HXUD3,132941,3672,0,0.0,Qwen3-8B,5,social-group,LGB
R_UDCpxXfm9U4ca53,523,10,0,0.0,Qwen3-8B,2,random,random
R_UDCpxXfm9U4ca53,2460,45,3,1.0,Qwen3-8B,1,random,random
R_UDCpxXfm9U4ca53,5145,86,0,0.0,Qwen3-8B,3,random,random
R_UDCpxXfm9U4ca53,38893,624,4,1.0,Qwen3-8B,3,random,random
R_UDCpxXfm9U4ca53,39430,633,0,0.0,Qwen3-8B,2,random,random
R_UDCpxXfm9U4ca53,40450,650,1,0.0,Qwen3-8B,1,random,random
R_UDCpxXfm9U4ca53,44761,718,1,0.0,Qwen3-8B,3,random,random
R_UDCpxXfm9U4ca53,53863,848,1,0.0,Qwen3-8B,2,random,random
R_UDCpxXfm9U4ca53,59938,943,0,0.0,Qwen3-8B,1,random,random
R_UDCpxXfm9U4ca53,64917,1027,0,0.0,Qwen3-8B,2,random,random
R_UDCpxXfm9U4ca53,67139,1062,1,0.0,Qwen3-8B,3,random,random
R_UDCpxXfm9U4ca53,132391,3649,3,1.0,Qwen3-8B,3,random,random
R_UDCpxXfm9U4ca53,132415,3650,2,1.0,Qwen3-8B,2,social-group,christian
R_UDCpxXfm9U4ca53,132439,3651,0,0.0,Qwen3-8B,5,social-group,christian
R_UDCpxXfm9U4ca53,132463,3652,0,0.0,Qwen3-8B,3,social-group,transgender
R_UDCpxXfm9U4ca53,132487,3653,0,0.0,Qwen3-8B,5,social-group,LGB
R_UDCpxXfm9U4ca53,132511,3654,0,0.0,Qwen3-8B,2,social-group,muslim
R_UDCpxXfm9U4ca53,132535,3655,0,0.0,Qwen3-8B,1,social-group,christian
R_UDCpxXfm9U4ca53,132559,3656,0,0.0,Qwen3-8B,3,social-group,LGB
R_UDCpxXfm9U4ca53,132583,3657,0,0.0,Qwen3-8B,1,random,random
R_UDCpxXfm9U4ca53,132607,3658,1,0.0,Qwen3-8B,1,moral,loyalty
R_UDCpxXfm9U4ca53,132631,3659,0,0.0,Qwen3-8B,3,social-group,muslim
R_UDCpxXfm9U4ca53,132655,3660,2,1.0,Qwen3-8B,3,social-group,jewish
R_UDCpxXfm9U4ca53,132679,3661,1,0.0,Qwen3-8B,2,social-group,LGB
R_UDCpxXfm9U4ca53,132703,3662,0,0.0,Qwen3-8B,1,moral,authority
R_UDCpxXfm9U4ca53,132727,3663,1,0.0,Qwen3-8B,5,social-group,transgender
R_UDCpxXfm9U4ca53,132751,3664,0,0.0,Qwen3-8B,5,social-group,jewish
R_UDCpxXfm9U4ca53,132775,3665,0,0.0,Qwen3-8B,1,social-group,transgender
R_UDCpxXfm9U4ca53,132799,3666,0,0.0,Qwen3-8B,3,random,random
R_UDCpxXfm9U4ca53,132823,3667,1,0.0,Qwen3-8B,1,social-group,transgender
R_UDCpxXfm9U4ca53,132847,3668,2,1.0,Qwen3-8B,5,social-group,LGB
R_UDCpxXfm9U4ca53,132871,3669,0,0.0,Qwen3-8B,3,social-group,LGB
R_UDCpxXfm9U4ca53,132895,3670,1,0.0,Qwen3-8B,2,social-group,christian
R_UDCpxXfm9U4ca53,132919,3671,1,0.0,Qwen3-8B,3,social-group,jewish
R_UDCpxXfm9U4ca53,132943,3672,0,0.0,Qwen3-8B,5,social-group,LGB
R_2952NxI7eQgF7mA,530,10,1,0.0,Qwen3-8B,2,random,random
R_2952NxI7eQgF7mA,2467,45,-1,,Qwen3-8B,1,random,random
R_2952NxI7eQgF7mA,5150,86,1,0.0,Qwen3-8B,3,random,random
R_2952NxI7eQgF7mA,38899,624,1,0.0,Qwen3-8B,3,random,random
R_2952NxI7eQgF7mA,39436,633,0,0.0,Qwen3-8B,2,random,random
R_2952NxI7eQgF7mA,40458,650,1,0.0,Qwen3-8B,1,random,random
R_2952NxI7eQgF7mA,44770,718,0,0.0,Qwen3-8B,3,random,random
R_2952NxI7eQgF7mA,53868,848,0,0.0,Qwen3-8B,2,random,random
R_2952NxI7eQgF7mA,59943,943,0,0.0,Qwen3-8B,1,random,random
R_2952NxI7eQgF7mA,64921,1027,1,0.0,Qwen3-8B,2,random,random
R_2952NxI7eQgF7mA,67145,1062,1,0.0,Qwen3-8B,3,random,random
R_2952NxI7eQgF7mA,132393,3649,2,1.0,Qwen3-8B,3,random,random
R_2952NxI7eQgF7mA,132417,3650,2,1.0,Qwen3-8B,2,social-group,christian
R_2952NxI7eQgF7mA,132441,3651,0,0.0,Qwen3-8B,5,social-group,christian
R_2952NxI7eQgF7mA,132465,3652,4,1.0,Qwen3-8B,3,social-group,transgender
R_2952NxI7eQgF7mA,132489,3653,4,1.0,Qwen3-8B,5,social-group,LGB
R_2952NxI7eQgF7mA,132513,3654,1,0.0,Qwen3-8B,2,social-group,muslim
R_2952NxI7eQgF7mA,132537,3655,0,0.0,Qwen3-8B,1,social-group,christian
R_2952NxI7eQgF7mA,132561,3656,1,0.0,Qwen3-8B,3,social-group,LGB
R_2952NxI7eQgF7mA,132585,3657,1,0.0,Qwen3-8B,1,random,random
R_2952NxI7eQgF7mA,132609,3658,0,0.0,Qwen3-8B,1,moral,loyalty
R_2952NxI7eQgF7mA,132633,3659,0,0.0,Qwen3-8B,3,social-group,muslim
R_2952NxI7eQgF7mA,132657,3660,0,0.0,Qwen3-8B,3,social-group,jewish
R_2952NxI7eQgF7mA,132681,3661,-1,,Qwen3-8B,2,social-group,LGB
R_2952NxI7eQgF7mA,132705,3662,0,0.0,Qwen3-8B,1,moral,authority
R_2952NxI7eQgF7mA,132729,3663,4,1.0,Qwen3-8B,5,social-group,transgender
R_2952NxI7eQgF7mA,132753,3664,4,1.0,Qwen3-8B,5,social-group,jewish
R_2952NxI7eQgF7mA,132777,3665,0,0.0,Qwen3-8B,1,social-group,transgender
R_2952NxI7eQgF7mA,132801,3666,1,0.0,Qwen3-8B,3,random,random
R_2952NxI7eQgF7mA,132825,3667,0,0.0,Qwen3-8B,1,social-group,transgender
R_2952NxI7eQgF7mA,132849,3668,4,1.0,Qwen3-8B,5,social-group,LGB
R_2952NxI7eQgF7mA,132873,3669,4,1.0,Qwen3-8B,3,social-group,LGB
R_2952NxI7eQgF7mA,132897,3670,0,0.0,Qwen3-8B,2,social-group,christian
R_2952NxI7eQgF7mA,132921,3671,0,0.0,Qwen3-8B,3,social-group,jewish
R_2952NxI7eQgF7mA,132945,3672,4,1.0,Qwen3-8B,5,social-group,LGB
R_31gy6kJNMg23vbT,539,11,0,0.0,Qwen3-8B,2,random,random
R_31gy6kJNMg23vbT,23845,375,2,1.0,Qwen3-8B,1,random,random
R_31gy6kJNMg23vbT,24885,393,4,1.0,Qwen3-8B,2,random,random
R_31gy6kJNMg23vbT,36245,580,0,0.0,Qwen3-8B,2,random,random
R_31gy6kJNMg23vbT,49790,791,0,0.0,Qwen3-8B,2,random,random
R_31gy6kJNMg23vbT,50222,798,3,1.0,Qwen3-8B,2,random,random
R_31gy6kJNMg23vbT,57192,901,0,0.0,Qwen3-8B,3,random,random
R_31gy6kJNMg23vbT,60396,952,3,1.0,Qwen3-8B,2,random,random
R_31gy6kJNMg23vbT,63299,1002,3,1.0,Qwen3-8B,2,random,random
R_31gy6kJNMg23vbT,79292,1429,4,1.0,Qwen3-8B,5,social-group,muslim
R_31gy6kJNMg23vbT,79315,1430,4,1.0,Qwen3-8B,4,social-group,jewish
R_31gy6kJNMg23vbT,79338,1431,0,0.0,Qwen3-8B,3,moral,care
R_31gy6kJNMg23vbT,79361,1432,0,0.0,Qwen3-8B,3,random,random
R_31gy6kJNMg23vbT,79386,1433,3,1.0,Qwen3-8B,1,moral,purity
R_31gy6kJNMg23vbT,79427,1434,4,1.0,Qwen3-8B,5,social-group,jewish
R_31gy6kJNMg23vbT,79450,1435,0,0.0,Qwen3-8B,1,social-group,jewish
R_31gy6kJNMg23vbT,79473,1436,4,1.0,Qwen3-8B,5,social-group,transgender
R_31gy6kJNMg23vbT,79496,1437,0,0.0,Qwen3-8B,1,social-group,christian
R_31gy6kJNMg23vbT,79519,1438,2,1.0,Qwen3-8B,3,moral,purity
R_31gy6kJNMg23vbT,79542,1439,0,0.0,Qwen3-8B,3,social-group,transgender
R_31gy6kJNMg23vbT,79565,1440,4,1.0,Qwen3-8B,4,social-group,muslim
R_31gy6kJNMg23vbT,79588,1441,2,1.0,Qwen3-8B,5,social-group,jewish
R_31gy6kJNMg23vbT,79611,1442,0,0.0,Qwen3-8B,3,social-group,LGB
R_31gy6kJNMg23vbT,79634,1443,3,1.0,Qwen3-8B,4,social-group,christian
R_31gy6kJNMg23vbT,79657,1444,0,0.0,Qwen3-8B,1,moral,care
R_31gy6kJNMg23vbT,79680,1445,4,1.0,Qwen3-8B,3,random,random
R_31gy6kJNMg23vbT,79703,1446,2,1.0,Qwen3-8B,4,social-group,LGB
R_31gy6kJNMg23vbT,79726,1447,2,1.0,Qwen3-8B,1,random,random
R_31gy6kJNMg23vbT,79749,1448,3,1.0,Qwen3-8B,5,social-group,jewish
R_31gy6kJNMg23vbT,79772,1449,0,0.0,Qwen3-8B,1,social-group,christian
R_31gy6kJNMg23vbT,79795,1450,0,0.0,Qwen3-8B,5,random,random
R_31gy6kJNMg23vbT,79818,1451,2,1.0,Qwen3-8B,3,social-group,christian
R_31gy6kJNMg23vbT,79841,1452,0,0.0,Qwen3-8B,4,social-group,muslim
R_31gy6kJNMg23vbT,79864,1453,0,0.0,Qwen3-8B,1,moral,authority
R_31gy6kJNMg23vbT,79887,1454,0,0.0,Qwen3-8B,3,moral,care
R_1ik66jyEp2b40WM,559,11,2,1.0,Qwen3-8B,2,random,random
R_1ik66jyEp2b40WM,23867,375,1,0.0,Qwen3-8B,1,random,random
R_1ik66jyEp2b40WM,24903,393,1,0.0,Qwen3-8B,2,random,random
R_1ik66jyEp2b40WM,36265,580,2,1.0,Qwen3-8B,2,random,random
R_1ik66jyEp2b40WM,49813,791,1,0.0,Qwen3-8B,2,random,random
R_1ik66jyEp2b40WM,50245,798,4,1.0,Qwen3-8B,2,random,random
R_1ik66jyEp2b40WM,57222,901,0,0.0,Qwen3-8B,3,random,random
R_1ik66jyEp2b40WM,60416,952,1,0.0,Qwen3-8B,2,random,random
R_1ik66jyEp2b40WM,63318,1002,3,1.0,Qwen3-8B,2,random,random
R_1ik66jyEp2b40WM,79300,1429,0,0.0,Qwen3-8B,5,social-group,muslim
R_1ik66jyEp2b40WM,79323,1430,1,0.0,Qwen3-8B,4,social-group,jewish
R_1ik66jyEp2b40WM,79346,1431,3,1.0,Qwen3-8B,3,moral,care
R_1ik66jyEp2b40WM,79369,1432,1,0.0,Qwen3-8B,3,random,random
R_1ik66jyEp2b40WM,79400,1433,2,1.0,Qwen3-8B,1,moral,purity
R_1ik66jyEp2b40WM,79435,1434,4,1.0,Qwen3-8B,5,social-group,jewish
R_1ik66jyEp2b40WM,79458,1435,4,1.0,Qwen3-8B,1,social-group,jewish
R_1ik66jyEp2b40WM,79481,1436,2,1.0,Qwen3-8B,5,social-group,transgender
R_1ik66jyEp2b40WM,79504,1437,1,0.0,Qwen3-8B,1,social-group,christian
R_1ik66jyEp2b40WM,79527,1438,2,1.0,Qwen3-8B,3,moral,purity
R_1ik66jyEp2b40WM,79550,1439,3,1.0,Qwen3-8B,3,social-group,transgender
R_1ik66jyEp2b40WM,79573,1440,4,1.0,Qwen3-8B,4,social-group,muslim
R_1ik66jyEp2b40WM,79596,1441,4,1.0,Qwen3-8B,5,social-group,jewish
R_1ik66jyEp2b40WM,79619,1442,0,0.0,Qwen3-8B,3,social-group,LGB
R_1ik66jyEp2b40WM,79642,1443,2,1.0,Qwen3-8B,4,social-group,christian
R_1ik66jyEp2b40WM,79665,1444,0,0.0,Qwen3-8B,1,moral,care
R_1ik66jyEp2b40WM,79688,1445,4,1.0,Qwen3-8B,3,random,random
R_1ik66jyEp2b40WM,79711,1446,1,0.0,Qwen3-8B,4,social-group,LGB
R_1ik66jyEp2b40WM,79734,1447,0,0.0,Qwen3-8B,1,random,random
R_1ik66jyEp2b40WM,79757,1448,2,1.0,Qwen3-8B,5,social-group,jewish
R_1ik66jyEp2b40WM,79780,1449,0,0.0,Qwen3-8B,1,social-group,christian
R_1ik66jyEp2b40WM,79803,1450,2,1.0,Qwen3-8B,5,random,random
R_1ik66jyEp2b40WM,79826,1451,4,1.0,Qwen3-8B,3,social-group,christian
R_1ik66jyEp2b40WM,79849,1452,4,1.0,Qwen3-8B,4,social-group,muslim
R_1ik66jyEp2b40WM,79872,1453,2,1.0,Qwen3-8B,1,moral,authority
R_1ik66jyEp2b40WM,79895,1454,1,0.0,Qwen3-8B,3,moral,care
R_2do6kqzIqBe40bL,561,11,0,0.0,Qwen3-8B,2,random,random
R_2do6kqzIqBe40bL,23869,375,0,0.0,Qwen3-8B,1,random,random
R_2do6kqzIqBe40bL,24905,393,1,0.0,Qwen3-8B,2,random,random
R_2do6kqzIqBe40bL,36267,580,1,0.0,Qwen3-8B,2,random,random
R_2do6kqzIqBe40bL,49815,791,2,1.0,Qwen3-8B,2,random,random
R_2do6kqzIqBe40bL,50247,798,1,0.0,Qwen3-8B,2,random,random
R_2do6kqzIqBe40bL,57224,901,1,0.0,Qwen3-8B,3,random,random
R_2do6kqzIqBe40bL,60418,952,1,0.0,Qwen3-8B,2,random,random
R_2do6kqzIqBe40bL,63320,1002,0,0.0,Qwen3-8B,2,random,random
R_2do6kqzIqBe40bL,79302,1429,0,0.0,Qwen3-8B,5,social-group,muslim
R_2do6kqzIqBe40bL,79325,1430,4,1.0,Qwen3-8B,4,social-group,jewish
R_2do6kqzIqBe40bL,79348,1431,2,1.0,Qwen3-8B,3,moral,care
R_2do6kqzIqBe40bL,79371,1432,0,0.0,Qwen3-8B,3,random,random
R_2do6kqzIqBe40bL,79402,1433,0,0.0,Qwen3-8B,1,moral,purity
R_2do6kqzIqBe40bL,79437,1434,3,1.0,Qwen3-8B,5,social-group,jewish
R_2do6kqzIqBe40bL,79460,1435,1,0.0,Qwen3-8B,1,social-group,jewish
R_2do6kqzIqBe40bL,79483,1436,4,1.0,Qwen3-8B,5,social-group,transgender
R_2do6kqzIqBe40bL,79506,1437,-1,,Qwen3-8B,1,social-group,christian
R_2do6kqzIqBe40bL,79529,1438,0,0.0,Qwen3-8B,3,moral,purity
R_2do6kqzIqBe40bL,79552,1439,0,0.0,Qwen3-8B,3,social-group,transgender
R_2do6kqzIqBe40bL,79575,1440,4,1.0,Qwen3-8B,4,social-group,muslim
R_2do6kqzIqBe40bL,79598,1441,0,0.0,Qwen3-8B,5,social-group,jewish
R_2do6kqzIqBe40bL,79621,1442,1,0.0,Qwen3-8B,3,social-group,LGB
R_2do6kqzIqBe40bL,79644,1443,1,0.0,Qwen3-8B,4,social-group,christian
R_2do6kqzIqBe40bL,79667,1444,-1,,Qwen3-8B,1,moral,care
R_2do6kqzIqBe40bL,79690,1445,1,0.0,Qwen3-8B,3,random,random
R_2do6kqzIqBe40bL,79713,1446,1,0.0,Qwen3-8B,4,social-group,LGB
R_2do6kqzIqBe40bL,79736,1447,1,0.0,Qwen3-8B,1,random,random
R_2do6kqzIqBe40bL,79759,1448,0,0.0,Qwen3-8B,5,social-group,jewish
R_2do6kqzIqBe40bL,79782,1449,0,0.0,Qwen3-8B,1,social-group,christian
R_2do6kqzIqBe40bL,79805,1450,2,1.0,Qwen3-8B,5,random,random
R_2do6kqzIqBe40bL,79828,1451,0,0.0,Qwen3-8B,3,social-group,christian
R_2do6kqzIqBe40bL,79851,1452,1,0.0,Qwen3-8B,4,social-group,muslim
R_2do6kqzIqBe40bL,79874,1453,0,0.0,Qwen3-8B,1,moral,authority
R_2do6kqzIqBe40bL,79897,1454,0,0.0,Qwen3-8B,3,moral,care
R_ub3pU0ztPBLJW5X,589,11,0,0.0,Qwen3-8B,2,random,random
R_ub3pU0ztPBLJW5X,23895,375,0,0.0,Qwen3-8B,1,random,random
R_ub3pU0ztPBLJW5X,24940,393,0,0.0,Qwen3-8B,2,random,random
R_ub3pU0ztPBLJW5X,36298,580,0,0.0,Qwen3-8B,2,random,random
R_ub3pU0ztPBLJW5X,49845,791,0,0.0,Qwen3-8B,2,random,random
R_ub3pU0ztPBLJW5X,50277,798,0,0.0,Qwen3-8B,2,random,random
R_ub3pU0ztPBLJW5X,57257,901,0,0.0,Qwen3-8B,3,random,random
R_ub3pU0ztPBLJW5X,60443,952,0,0.0,Qwen3-8B,2,random,random
R_ub3pU0ztPBLJW5X,63353,1002,0,0.0,Qwen3-8B,2,random,random
R_ub3pU0ztPBLJW5X,79312,1429,0,0.0,Qwen3-8B,5,social-group,muslim
R_ub3pU0ztPBLJW5X,79335,1430,0,0.0,Qwen3-8B,4,social-group,jewish
R_ub3pU0ztPBLJW5X,79358,1431,0,0.0,Qwen3-8B,3,moral,care
R_ub3pU0ztPBLJW5X,79381,1432,0,0.0,Qwen3-8B,3,random,random
R_ub3pU0ztPBLJW5X,79424,1433,0,0.0,Qwen3-8B,1,moral,purity
R_ub3pU0ztPBLJW5X,79447,1434,0,0.0,Qwen3-8B,5,social-group,jewish
R_ub3pU0ztPBLJW5X,79470,1435,0,0.0,Qwen3-8B,1,social-group,jewish
R_ub3pU0ztPBLJW5X,79493,1436,0,0.0,Qwen3-8B,5,social-group,transgender
R_ub3pU0ztPBLJW5X,79516,1437,-1,,Qwen3-8B,1,social-group,christian
R_ub3pU0ztPBLJW5X,79539,1438,0,0.0,Qwen3-8B,3,moral,purity
R_ub3pU0ztPBLJW5X,79562,1439,0,0.0,Qwen3-8B,3,social-group,transgender
R_ub3pU0ztPBLJW5X,79585,1440,0,0.0,Qwen3-8B,4,social-group,muslim
R_ub3pU0ztPBLJW5X,79608,1441,0,0.0,Qwen3-8B,5,social-group,jewish
R_ub3pU0ztPBLJW5X,79631,1442,0,0.0,Qwen3-8B,3,social-group,LGB
R_ub3pU0ztPBLJW5X,79654,1443,-1,,Qwen3-8B,4,social-group,christian
R_ub3pU0ztPBLJW5X,79677,1444,0,0.0,Qwen3-8B,1,moral,care
R_ub3pU0ztPBLJW5X,79700,1445,0,0.0,Qwen3-8B,3,random,random
R_ub3pU0ztPBLJW5X,79723,1446,0,0.0,Qwen3-8B,4,social-group,LGB
R_ub3pU0ztPBLJW5X,79746,1447,0,0.0,Qwen3-8B,1,random,random
R_ub3pU0ztPBLJW5X,79769,1448,0,0.0,Qwen3-8B,5,social-group,jewish
R_ub3pU0ztPBLJW5X,79792,1449,0,0.0,Qwen3-8B,1,social-group,christian
R_ub3pU0ztPBLJW5X,79815,1450,0,0.0,Qwen3-8B,5,random,random
R_ub3pU0ztPBLJW5X,79838,1451,0,0.0,Qwen3-8B,3,social-group,christian
R_ub3pU0ztPBLJW5X,79861,1452,0,0.0,Qwen3-8B,4,social-group,muslim
R_ub3pU0ztPBLJW5X,79884,1453,0,0.0,Qwen3-8B,1,moral,authority
R_ub3pU0ztPBLJW5X,79907,1454,0,0.0,Qwen3-8B,3,moral,care
R_ywfzIDKDlL3w61r,648,12,0,0.0,Qwen3-8B,2,random,random
R_ywfzIDKDlL3w61r,4079,69,3,1.0,Qwen3-8B,4,random,random
R_ywfzIDKDlL3w61r,4646,78,1,0.0,Qwen3-8B,2,random,random
R_ywfzIDKDlL3w61r,11083,179,0,0.0,Qwen3-8B,3,random,random
R_ywfzIDKDlL3w61r,11460,185,0,0.0,Qwen3-8B,2,random,random
R_ywfzIDKDlL3w61r,16352,256,2,1.0,Qwen3-8B,4,random,random
R_ywfzIDKDlL3w61r,32724,520,1,0.0,Qwen3-8B,2,random,random
R_ywfzIDKDlL3w61r,34640,552,0,0.0,Qwen3-8B,2,random,random
R_ywfzIDKDlL3w61r,39376,632,1,0.0,Qwen3-8B,2,random,random
R_ywfzIDKDlL3w61r,45361,726,3,1.0,Qwen3-8B,1,random,random
R_ywfzIDKDlL3w61r,53569,843,0,0.0,Qwen3-8B,2,random,random
R_ywfzIDKDlL3w61r,58308,914,0,0.0,Qwen3-8B,3,random,random
R_ywfzIDKDlL3w61r,59660,938,0,0.0,Qwen3-8B,3,random,random
R_ywfzIDKDlL3w61r,60223,948,-1,,Qwen3-8B,1,random,random
R_ywfzIDKDlL3w61r,75050,1255,0,0.0,Qwen3-8B,1,moral,purity
R_ywfzIDKDlL3w61r,75050,1255,0,0.0,Qwen3-8B,1,moral,care
R_ywfzIDKDlL3w61r,75050,1255,0,0.0,Qwen3-8B,1,moral,purity
R_ywfzIDKDlL3w61r,75050,1255,0,0.0,Qwen3-8B,1,moral,care
R_ywfzIDKDlL3w61r,117195,2997,0,0.0,Qwen3-8B,3,social-group,muslim
R_ywfzIDKDlL3w61r,117218,2998,0,0.0,Qwen3-8B,3,random,random
R_ywfzIDKDlL3w61r,117241,2999,1,0.0,Qwen3-8B,3,social-group,jewish
R_ywfzIDKDlL3w61r,117264,3000,0,0.0,Qwen3-8B,1,random,random
R_ywfzIDKDlL3w61r,117287,3001,0,0.0,Qwen3-8B,3,social-group,christian
R_ywfzIDKDlL3w61r,117310,3002,0,0.0,Qwen3-8B,1,social-group,LGB
R_ywfzIDKDlL3w61r,117333,3003,0,0.0,Qwen3-8B,2,social-group,jewish
R_ywfzIDKDlL3w61r,117356,3004,2,1.0,Qwen3-8B,3,moral,care
R_ywfzIDKDlL3w61r,117379,3005,4,1.0,Qwen3-8B,3,moral,purity
R_ywfzIDKDlL3w61r,117402,3006,3,1.0,Qwen3-8B,4,social-group,muslim
R_ywfzIDKDlL3w61r,117425,3007,2,1.0,Qwen3-8B,1,social-group,christian
R_ywfzIDKDlL3w61r,117448,3008,0,0.0,Qwen3-8B,1,social-group,LGB
R_ywfzIDKDlL3w61r,117471,3009,2,1.0,Qwen3-8B,4,random,random
R_ywfzIDKDlL3w61r,117494,3010,0,0.0,Qwen3-8B,3,social-group,christian
R_ywfzIDKDlL3w61r,117517,3011,0,0.0,Qwen3-8B,3,random,random
R_ywfzIDKDlL3w61r,117540,3012,0,0.0,Qwen3-8B,2,social-group,muslim
R_ywfzIDKDlL3w61r,117563,3013,4,1.0,Qwen3-8B,5,social-group,jewish
R_ywfzIDKDlL3w61r,117586,3014,0,0.0,Qwen3-8B,4,social-group,LGB
R_ywfzIDKDlL3w61r,117609,3015,4,1.0,Qwen3-8B,5,social-group,muslim
R_ywfzIDKDlL3w61r,117632,3016,0,0.0,Qwen3-8B,3,social-group,transgender
R_3nTact3LqxTGKiI,709,13,1,0.0,Qwen3-8B,2,random,random
R_3nTact3LqxTGKiI,7313,120,1,0.0,Qwen3-8B,1,random,random
R_3nTact3LqxTGKiI,13628,216,0,0.0,Qwen3-8B,2,random,random
R_3nTact3LqxTGKiI,14219,225,-1,,Qwen3-8B,2,random,random
R_3nTact3LqxTGKiI,14619,231,1,0.0,Qwen3-8B,2,random,random
R_3nTact3LqxTGKiI,17753,279,0,0.0,Qwen3-8B,5,random,random
R_3nTact3LqxTGKiI,18845,296,3,1.0,Qwen3-8B,3,random,random
R_3nTact3LqxTGKiI,147220,4295,0,0.0,Qwen3-8B,2,random,random
R_3nTact3LqxTGKiI,147244,4296,0,0.0,Qwen3-8B,1,moral,care
R_3nTact3LqxTGKiI,147268,4297,1,0.0,Qwen3-8B,2,random,random
R_3nTact3LqxTGKiI,147292,4298,0,0.0,Qwen3-8B,2,random,random
R_3nTact3LqxTGKiI,147316,4299,4,1.0,Qwen3-8B,5,social-group,jewish
R_3nTact3LqxTGKiI,147340,4300,2,1.0,Qwen3-8B,3,social-group,transgender
R_3nTact3LqxTGKiI,147364,4301,0,0.0,Qwen3-8B,2,social-group,christian
R_3nTact3LqxTGKiI,147388,4302,4,1.0,Qwen3-8B,5,social-group,muslim
R_3nTact3LqxTGKiI,147412,4303,2,1.0,Qwen3-8B,2,social-group,jewish
R_3nTact3LqxTGKiI,147436,4304,0,0.0,Qwen3-8B,2,random,random
R_3nTact3LqxTGKiI,147460,4305,2,1.0,Qwen3-8B,3,social-group,christian
R_3nTact3LqxTGKiI,147484,4306,2,1.0,Qwen3-8B,3,social-group,LGB
R_3nTact3LqxTGKiI,147508,4307,3,1.0,Qwen3-8B,4,moral,authority
R_3nTact3LqxTGKiI,147532,4308,2,1.0,Qwen3-8B,2,social-group,transgender
R_3nTact3LqxTGKiI,147556,4309,0,0.0,Qwen3-8B,2,social-group,christian
R_3nTact3LqxTGKiI,147580,4310,0,0.0,Qwen3-8B,1,moral,purity
R_3nTact3LqxTGKiI,147604,4311,-1,,Qwen3-8B,5,social-group,jewish
R_3nTact3LqxTGKiI,147628,4312,1,0.0,Qwen3-8B,3,social-group,LGB
R_3nTact3LqxTGKiI,147652,4313,2,1.0,Qwen3-8B,3,random,random
R_3nTact3LqxTGKiI,147676,4314,2,1.0,Qwen3-8B,3,social-group,jewish
R_3nTact3LqxTGKiI,147700,4315,0,0.0,Qwen3-8B,2,social-group,jewish
R_3nTact3LqxTGKiI,147724,4316,0,0.0,Qwen3-8B,2,social-group,LGB
R_3nTact3LqxTGKiI,147748,4317,4,1.0,Qwen3-8B,5,social-group,jewish
R_3nTact3LqxTGKiI,147772,4318,0,0.0,Qwen3-8B,1,social-group,jewish
R_3nTact3LqxTGKiI,147796,4319,4,1.0,Qwen3-8B,5,social-group,christian
R_3nTact3LqxTGKiI,147820,4320,0,0.0,Qwen3-8B,4,social-group,muslim
R_3nTact3LqxTGKiI,147844,4321,2,1.0,Qwen3-8B,3,social-group,christian
R_3nTact3LqxTGKiI,147868,4322,4,1.0,Qwen3-8B,2,social-group,christian
R_128Qu1k8DrfLFpc,730,14,0,0.0,Qwen3-8B,3,random,random
R_128Qu1k8DrfLFpc,13379,213,0,0.0,Qwen3-8B,3,random,random
R_128Qu1k8DrfLFpc,20802,327,1,0.0,Qwen3-8B,3,random,random
R_128Qu1k8DrfLFpc,26495,419,0,0.0,Qwen3-8B,2,random,random
R_128Qu1k8DrfLFpc,35434,566,0,0.0,Qwen3-8B,3,random,random
R_128Qu1k8DrfLFpc,36085,577,0,0.0,Qwen3-8B,2,random,random
R_128Qu1k8DrfLFpc,40780,656,0,0.0,Qwen3-8B,2,random,random
R_128Qu1k8DrfLFpc,42063,677,1,0.0,Qwen3-8B,3,random,random
R_128Qu1k8DrfLFpc,53147,837,0,0.0,Qwen3-8B,1,random,random
R_128Qu1k8DrfLFpc,118595,3065,1,0.0,Qwen3-8B,5,social-group,jewish
R_128Qu1k8DrfLFpc,118619,3066,0,0.0,Qwen3-8B,3,random,random
R_128Qu1k8DrfLFpc,118643,3067,1,0.0,Qwen3-8B,2,social-group,transgender
R_128Qu1k8DrfLFpc,118667,3068,2,1.0,Qwen3-8B,5,social-group,muslim
R_128Qu1k8DrfLFpc,118691,3069,0,0.0,Qwen3-8B,4,social-group,jewish
R_128Qu1k8DrfLFpc,118715,3070,0,0.0,Qwen3-8B,2,moral,authority
R_128Qu1k8DrfLFpc,118739,3071,3,1.0,Qwen3-8B,5,social-group,jewish
R_128Qu1k8DrfLFpc,118763,3072,2,1.0,Qwen3-8B,4,moral,purity
R_128Qu1k8DrfLFpc,118787,3073,1,0.0,Qwen3-8B,5,social-group,christian
R_128Qu1k8DrfLFpc,118817,3074,0,0.0,Qwen3-8B,1,moral,loyalty
R_128Qu1k8DrfLFpc,118859,3075,0,0.0,Qwen3-8B,2,social-group,LGB
R_128Qu1k8DrfLFpc,118883,3076,2,1.0,Qwen3-8B,5,social-group,transgender
R_128Qu1k8DrfLFpc,118907,3077,0,0.0,Qwen3-8B,2,random,random
R_128Qu1k8DrfLFpc,118931,3078,0,0.0,Qwen3-8B,4,social-group,muslim
R_128Qu1k8DrfLFpc,118955,3079,3,1.0,Qwen3-8B,4,social-group,christian
R_128Qu1k8DrfLFpc,118979,3080,0,0.0,Qwen3-8B,3,social-group,muslim
R_128Qu1k8DrfLFpc,119003,3081,2,1.0,Qwen3-8B,5,social-group,jewish
R_128Qu1k8DrfLFpc,119027,3082,0,0.0,Qwen3-8B,4,social-group,christian
R_128Qu1k8DrfLFpc,119051,3083,0,0.0,Qwen3-8B,1,social-group,jewish
R_128Qu1k8DrfLFpc,119075,3084,0,0.0,Qwen3-8B,5,social-group,muslim
R_128Qu1k8DrfLFpc,119099,3085,3,1.0,Qwen3-8B,3,social-group,christian
R_128Qu1k8DrfLFpc,119123,3086,4,1.0,Qwen3-8B,3,social-group,jewish
R_128Qu1k8DrfLFpc,119147,3087,0,0.0,Qwen3-8B,2,random,random
R_128Qu1k8DrfLFpc,119171,3088,0,0.0,Qwen3-8B,1,moral,purity
R_128Qu1k8DrfLFpc,119195,3089,3,1.0,Qwen3-8B,3,social-group,LGB
R_128Qu1k8DrfLFpc,119219,3090,0,0.0,Qwen3-8B,4,social-group,muslim
R_33CgF3J8IDvHmlK,737,14,3,1.0,Qwen3-8B,3,random,random
R_33CgF3J8IDvHmlK,13387,213,-1,,Qwen3-8B,3,random,random
R_33CgF3J8IDvHmlK,20809,327,1,0.0,Qwen3-8B,3,random,random
R_33CgF3J8IDvHmlK,26500,419,0,0.0,Qwen3-8B,2,random,random
R_33CgF3J8IDvHmlK,35442,566,-1,,Qwen3-8B,3,random,random
R_33CgF3J8IDvHmlK,36093,577,0,0.0,Qwen3-8B,2,random,random
R_33CgF3J8IDvHmlK,40785,656,1,0.0,Qwen3-8B,2,random,random
R_33CgF3J8IDvHmlK,42068,677,1,0.0,Qwen3-8B,3,random,random
R_33CgF3J8IDvHmlK,53153,837,0,0.0,Qwen3-8B,1,random,random
R_33CgF3J8IDvHmlK,118597,3065,0,0.0,Qwen3-8B,5,social-group,jewish
R_33CgF3J8IDvHmlK,118621,3066,3,1.0,Qwen3-8B,3,random,random
R_33CgF3J8IDvHmlK,118645,3067,3,1.0,Qwen3-8B,2,social-group,transgender
R_33CgF3J8IDvHmlK,118669,3068,-1,,Qwen3-8B,5,social-group,muslim
R_33CgF3J8IDvHmlK,118693,3069,0,0.0,Qwen3-8B,4,social-group,jewish
R_33CgF3J8IDvHmlK,118717,3070,1,0.0,Qwen3-8B,2,moral,authority
R_33CgF3J8IDvHmlK,118741,3071,4,1.0,Qwen3-8B,5,social-group,jewish
R_33CgF3J8IDvHmlK,118765,3072,3,1.0,Qwen3-8B,4,moral,purity
R_33CgF3J8IDvHmlK,118789,3073,2,1.0,Qwen3-8B,5,social-group,christian
R_33CgF3J8IDvHmlK,118823,3074,0,0.0,Qwen3-8B,1,moral,loyalty
R_33CgF3J8IDvHmlK,118861,3075,1,0.0,Qwen3-8B,2,social-group,LGB
R_33CgF3J8IDvHmlK,118885,3076,4,1.0,Qwen3-8B,5,social-group,transgender
R_33CgF3J8IDvHmlK,118909,3077,2,1.0,Qwen3-8B,2,random,random
R_33CgF3J8IDvHmlK,118933,3078,2,1.0,Qwen3-8B,4,social-group,muslim
R_33CgF3J8IDvHmlK,118957,3079,1,0.0,Qwen3-8B,4,social-group,christian
R_33CgF3J8IDvHmlK,118981,3080,2,1.0,Qwen3-8B,3,social-group,muslim
R_33CgF3J8IDvHmlK,119005,3081,3,1.0,Qwen3-8B,5,social-group,jewish
R_33CgF3J8IDvHmlK,119029,3082,-1,,Qwen3-8B,4,social-group,christian
R_33CgF3J8IDvHmlK,119053,3083,3,1.0,Qwen3-8B,1,social-group,jewish
R_33CgF3J8IDvHmlK,119077,3084,4,1.0,Qwen3-8B,5,social-group,muslim
R_33CgF3J8IDvHmlK,119101,3085,-1,,Qwen3-8B,3,social-group,christian
R_33CgF3J8IDvHmlK,119125,3086,-1,,Qwen3-8B,3,social-group,jewish
R_33CgF3J8IDvHmlK,119149,3087,-1,,Qwen3-8B,2,random,random
R_33CgF3J8IDvHmlK,119173,3088,-1,,Qwen3-8B,1,moral,purity
R_33CgF3J8IDvHmlK,119197,3089,1,0.0,Qwen3-8B,3,social-group,LGB
R_33CgF3J8IDvHmlK,119221,3090,0,0.0,Qwen3-8B,4,social-group,muslim
R_OrhESCO1j7t6NvX,768,14,0,0.0,Qwen3-8B,3,random,random
R_OrhESCO1j7t6NvX,13424,213,1,0.0,Qwen3-8B,3,random,random
R_OrhESCO1j7t6NvX,20838,327,1,0.0,Qwen3-8B,3,random,random
R_OrhESCO1j7t6NvX,26540,419,0,0.0,Qwen3-8B,2,random,random
R_OrhESCO1j7t6NvX,35476,566,2,1.0,Qwen3-8B,3,random,random
R_OrhESCO1j7t6NvX,36127,577,0,0.0,Qwen3-8B,2,random,random
R_OrhESCO1j7t6NvX,40820,656,0,0.0,Qwen3-8B,2,random,random
R_OrhESCO1j7t6NvX,42107,677,1,0.0,Qwen3-8B,3,random,random
R_OrhESCO1j7t6NvX,53184,837,0,0.0,Qwen3-8B,1,random,random
R_OrhESCO1j7t6NvX,118610,3065,4,1.0,Qwen3-8B,5,social-group,jewish
R_OrhESCO1j7t6NvX,118634,3066,0,0.0,Qwen3-8B,3,random,random
R_OrhESCO1j7t6NvX,118658,3067,0,0.0,Qwen3-8B,2,social-group,transgender
R_OrhESCO1j7t6NvX,118682,3068,0,0.0,Qwen3-8B,5,social-group,muslim
R_OrhESCO1j7t6NvX,118706,3069,0,0.0,Qwen3-8B,4,social-group,jewish
R_OrhESCO1j7t6NvX,118730,3070,0,0.0,Qwen3-8B,2,moral,authority
R_OrhESCO1j7t6NvX,118754,3071,2,1.0,Qwen3-8B,5,social-group,jewish
R_OrhESCO1j7t6NvX,118778,3072,0,0.0,Qwen3-8B,4,moral,purity
R_OrhESCO1j7t6NvX,118802,3073,0,0.0,Qwen3-8B,5,social-group,christian
R_OrhESCO1j7t6NvX,118847,3074,0,0.0,Qwen3-8B,1,moral,loyalty
R_OrhESCO1j7t6NvX,118874,3075,0,0.0,Qwen3-8B,2,social-group,LGB
R_OrhESCO1j7t6NvX,118898,3076,2,1.0,Qwen3-8B,5,social-group,transgender
R_OrhESCO1j7t6NvX,118922,3077,0,0.0,Qwen3-8B,2,random,random
R_OrhESCO1j7t6NvX,118946,3078,2,1.0,Qwen3-8B,4,social-group,muslim
R_OrhESCO1j7t6NvX,118970,3079,0,0.0,Qwen3-8B,4,social-group,christian
R_OrhESCO1j7t6NvX,118994,3080,0,0.0,Qwen3-8B,3,social-group,muslim
R_OrhESCO1j7t6NvX,119018,3081,1,0.0,Qwen3-8B,5,social-group,jewish
R_OrhESCO1j7t6NvX,119042,3082,1,0.0,Qwen3-8B,4,social-group,christian
R_OrhESCO1j7t6NvX,119066,3083,0,0.0,Qwen3-8B,1,social-group,jewish
R_OrhESCO1j7t6NvX,119090,3084,0,0.0,Qwen3-8B,5,social-group,muslim
R_OrhESCO1j7t6NvX,119114,3085,1,0.0,Qwen3-8B,3,social-group,christian
R_OrhESCO1j7t6NvX,119138,3086,0,0.0,Qwen3-8B,3,social-group,jewish
R_OrhESCO1j7t6NvX,119162,3087,0,0.0,Qwen3-8B,2,random,random
R_OrhESCO1j7t6NvX,119186,3088,0,0.0,Qwen3-8B,1,moral,purity
R_OrhESCO1j7t6NvX,119210,3089,0,0.0,Qwen3-8B,3,social-group,LGB
R_OrhESCO1j7t6NvX,119234,3090,3,1.0,Qwen3-8B,4,social-group,muslim
R_2YtzK83kAD0nqAv,818,15,4,1.0,Qwen3-8B,3,random,random
R_2YtzK83kAD0nqAv,6522,108,2,1.0,Qwen3-8B,2,random,random
R_2YtzK83kAD0nqAv,14540,230,0,0.0,Qwen3-8B,1,random,random
R_2YtzK83kAD0nqAv,32340,514,2,1.0,Qwen3-8B,2,random,random
R_2YtzK83kAD0nqAv,35231,562,2,1.0,Qwen3-8B,2,random,random
R_2YtzK83kAD0nqAv,36177,578,4,1.0,Qwen3-8B,5,random,random
R_2YtzK83kAD0nqAv,59086,928,4,1.0,Qwen3-8B,5,random,random
R_2YtzK83kAD0nqAv,59367,933,1,0.0,Qwen3-8B,3,random,random
R_2YtzK83kAD0nqAv,59822,941,0,0.0,Qwen3-8B,3,random,random
R_2YtzK83kAD0nqAv,62733,992,3,1.0,Qwen3-8B,2,random,random
R_2YtzK83kAD0nqAv,122246,3216,2,1.0,Qwen3-8B,3,social-group,jewish
R_2YtzK83kAD0nqAv,122269,3217,0,0.0,Qwen3-8B,2,social-group,LGB
R_2YtzK83kAD0nqAv,122292,3218,3,1.0,Qwen3-8B,3,social-group,christian
R_2YtzK83kAD0nqAv,122315,3219,2,1.0,Qwen3-8B,1,random,random
R_2YtzK83kAD0nqAv,122338,3220,3,1.0,Qwen3-8B,4,social-group,transgender
R_2YtzK83kAD0nqAv,122361,3221,3,1.0,Qwen3-8B,3,social-group,LGB
R_2YtzK83kAD0nqAv,122384,3222,4,1.0,Qwen3-8B,2,random,random
R_2YtzK83kAD0nqAv,122407,3223,3,1.0,Qwen3-8B,4,social-group,transgender
R_2YtzK83kAD0nqAv,122430,3224,4,1.0,Qwen3-8B,3,social-group,muslim
R_2YtzK83kAD0nqAv,122453,3225,1,0.0,Qwen3-8B,1,moral,fairness
R_2YtzK83kAD0nqAv,122476,3226,1,0.0,Qwen3-8B,3,social-group,christian
R_2YtzK83kAD0nqAv,122499,3227,3,1.0,Qwen3-8B,5,social-group,christian
R_2YtzK83kAD0nqAv,122522,3228,3,1.0,Qwen3-8B,1,moral,fairness
R_2YtzK83kAD0nqAv,122545,3229,0,0.0,Qwen3-8B,1,social-group,christian
R_2YtzK83kAD0nqAv,122568,3230,3,1.0,Qwen3-8B,3,social-group,LGB
R_2YtzK83kAD0nqAv,122591,3231,3,1.0,Qwen3-8B,3,social-group,muslim
R_2YtzK83kAD0nqAv,122614,3232,3,1.0,Qwen3-8B,5,social-group,christian
R_2YtzK83kAD0nqAv,122637,3233,1,0.0,Qwen3-8B,1,moral,authority
R_2YtzK83kAD0nqAv,122660,3234,4,1.0,Qwen3-8B,4,social-group,muslim
R_2YtzK83kAD0nqAv,122683,3235,3,1.0,Qwen3-8B,2,social-group,transgender
R_2YtzK83kAD0nqAv,122706,3236,3,1.0,Qwen3-8B,1,random,random
R_2YtzK83kAD0nqAv,122729,3237,2,1.0,Qwen3-8B,3,moral,purity
R_2YtzK83kAD0nqAv,122752,3238,1,0.0,Qwen3-8B,3,social-group,LGB
R_2YtzK83kAD0nqAv,122775,3239,1,0.0,Qwen3-8B,4,social-group,transgender
R_2YtzK83kAD0nqAv,122798,3240,0,0.0,Qwen3-8B,1,moral,purity
R_1ePfRHWX2Cm9g6v,870,16,0,0.0,Qwen3-8B,1,random,random
R_1ePfRHWX2Cm9g6v,8568,138,0,0.0,Qwen3-8B,3,random,random
R_1ePfRHWX2Cm9g6v,21187,333,0,0.0,Qwen3-8B,2,random,random
R_1ePfRHWX2Cm9g6v,26646,421,0,0.0,Qwen3-8B,2,random,random
R_1ePfRHWX2Cm9g6v,48634,772,1,0.0,Qwen3-8B,4,random,random
R_1ePfRHWX2Cm9g6v,58803,923,0,0.0,Qwen3-8B,3,random,random
R_1ePfRHWX2Cm9g6v,67014,1060,0,0.0,Qwen3-8B,3,random,random
R_1ePfRHWX2Cm9g6v,67250,1064,0,0.0,Qwen3-8B,2,random,random
R_1ePfRHWX2Cm9g6v,73665,1211,0,0.0,Qwen3-8B,2,random,random
R_1ePfRHWX2Cm9g6v,73688,1212,1,0.0,Qwen3-8B,4,social-group,muslim
R_1ePfRHWX2Cm9g6v,73711,1213,0,0.0,Qwen3-8B,2,random,random
R_1ePfRHWX2Cm9g6v,73734,1214,2,1.0,Qwen3-8B,5,social-group,jewish
R_1ePfRHWX2Cm9g6v,73757,1215,0,0.0,Qwen3-8B,5,social-group,LGB
R_1ePfRHWX2Cm9g6v,73780,1216,1,0.0,Qwen3-8B,3,social-group,jewish
R_1ePfRHWX2Cm9g6v,73803,1217,2,1.0,Qwen3-8B,5,social-group,transgender
R_1ePfRHWX2Cm9g6v,73826,1218,0,0.0,Qwen3-8B,2,social-group,muslim
R_1ePfRHWX2Cm9g6v,73849,1219,-1,,Qwen3-8B,5,social-group,jewish
R_1ePfRHWX2Cm9g6v,73872,1220,-1,,Qwen3-8B,5,social-group,jewish
R_1ePfRHWX2Cm9g6v,73895,1221,0,0.0,Qwen3-8B,3,social-group,LGB
R_1ePfRHWX2Cm9g6v,73918,1222,0,0.0,Qwen3-8B,4,social-group,LGB
R_1ePfRHWX2Cm9g6v,73941,1223,0,0.0,Qwen3-8B,5,social-group,jewish
R_1ePfRHWX2Cm9g6v,73964,1224,2,1.0,Qwen3-8B,5,social-group,jewish
R_1ePfRHWX2Cm9g6v,73987,1225,0,0.0,Qwen3-8B,1,random,random
R_1ePfRHWX2Cm9g6v,74010,1226,1,0.0,Qwen3-8B,3,social-group,christian
R_1ePfRHWX2Cm9g6v,74033,1227,0,0.0,Qwen3-8B,3,social-group,transgender
R_1ePfRHWX2Cm9g6v,74056,1228,2,1.0,Qwen3-8B,5,social-group,jewish
R_1ePfRHWX2Cm9g6v,74079,1229,0,0.0,Qwen3-8B,4,social-group,transgender
R_1ePfRHWX2Cm9g6v,74102,1230,-1,,Qwen3-8B,4,social-group,muslim
R_1ePfRHWX2Cm9g6v,74125,1231,1,0.0,Qwen3-8B,3,social-group,jewish
R_1ePfRHWX2Cm9g6v,74148,1232,-1,,Qwen3-8B,3,social-group,LGB
R_1ePfRHWX2Cm9g6v,74171,1233,0,0.0,Qwen3-8B,4,social-group,jewish
R_1ePfRHWX2Cm9g6v,74194,1234,-1,,Qwen3-8B,5,social-group,jewish
R_1ePfRHWX2Cm9g6v,74217,1235,-1,,Qwen3-8B,3,social-group,jewish
R_1ePfRHWX2Cm9g6v,74240,1236,0,0.0,Qwen3-8B,1,random,random
R_1ePfRHWX2Cm9g6v,74263,1237,0,0.0,Qwen3-8B,3,social-group,transgender
R_u7A9UJvtQ4I8wLv,909,17,0,0.0,Qwen3-8B,1,random,random
R_u7A9UJvtQ4I8wLv,13451,214,0,0.0,Qwen3-8B,2,random,random
R_u7A9UJvtQ4I8wLv,17840,281,0,0.0,Qwen3-8B,2,random,random
R_u7A9UJvtQ4I8wLv,28161,450,1,0.0,Qwen3-8B,3,random,random
R_u7A9UJvtQ4I8wLv,39519,635,1,0.0,Qwen3-8B,3,random,random
R_u7A9UJvtQ4I8wLv,41689,671,0,0.0,Qwen3-8B,3,random,random
R_u7A9UJvtQ4I8wLv,66934,1059,0,0.0,Qwen3-8B,3,random,random
R_u7A9UJvtQ4I8wLv,74487,1243,0,0.0,Qwen3-8B,1,moral,purity
R_u7A9UJvtQ4I8wLv,74487,1243,0,0.0,Qwen3-8B,1,moral,loyalty
R_u7A9UJvtQ4I8wLv,74487,1243,0,0.0,Qwen3-8B,1,moral,purity
R_u7A9UJvtQ4I8wLv,74487,1243,0,0.0,Qwen3-8B,1,moral,loyalty
R_u7A9UJvtQ4I8wLv,90559,1885,0,0.0,Qwen3-8B,2,moral,care
R_u7A9UJvtQ4I8wLv,134130,3723,0,0.0,Qwen3-8B,1,social-group,LGB
R_u7A9UJvtQ4I8wLv,134154,3724,3,1.0,Qwen3-8B,4,social-group,transgender
R_u7A9UJvtQ4I8wLv,134178,3725,1,0.0,Qwen3-8B,3,social-group,jewish
R_u7A9UJvtQ4I8wLv,134202,3726,0,0.0,Qwen3-8B,3,social-group,transgender
R_u7A9UJvtQ4I8wLv,134226,3727,2,1.0,Qwen3-8B,2,social-group,jewish
R_u7A9UJvtQ4I8wLv,134250,3728,1,0.0,Qwen3-8B,1,social-group,christian
R_u7A9UJvtQ4I8wLv,134274,3729,0,0.0,Qwen3-8B,1,moral,authority
R_u7A9UJvtQ4I8wLv,134298,3730,0,0.0,Qwen3-8B,1,random,random
R_u7A9UJvtQ4I8wLv,134322,3731,1,0.0,Qwen3-8B,2,social-group,christian
R_u7A9UJvtQ4I8wLv,134346,3732,0,0.0,Qwen3-8B,2,social-group,jewish
R_u7A9UJvtQ4I8wLv,134370,3733,0,0.0,Qwen3-8B,5,social-group,jewish
R_u7A9UJvtQ4I8wLv,134394,3734,2,1.0,Qwen3-8B,3,social-group,christian
R_u7A9UJvtQ4I8wLv,134418,3735,0,0.0,Qwen3-8B,2,social-group,LGB
R_u7A9UJvtQ4I8wLv,134442,3736,1,0.0,Qwen3-8B,1,moral,loyalty
R_u7A9UJvtQ4I8wLv,134466,3737,0,0.0,Qwen3-8B,5,social-group,jewish
R_u7A9UJvtQ4I8wLv,134490,3738,1,0.0,Qwen3-8B,1,social-group,christian
R_u7A9UJvtQ4I8wLv,134514,3739,1,0.0,Qwen3-8B,3,social-group,LGB
R_u7A9UJvtQ4I8wLv,134538,3740,1,0.0,Qwen3-8B,1,social-group,transgender
R_u7A9UJvtQ4I8wLv,134562,3741,0,0.0,Qwen3-8B,4,social-group,jewish
R_u7A9UJvtQ4I8wLv,134586,3742,0,0.0,Qwen3-8B,5,social-group,jewish
R_u7A9UJvtQ4I8wLv,134610,3743,2,1.0,Qwen3-8B,3,social-group,muslim
R_u7A9UJvtQ4I8wLv,134634,3744,0,0.0,Qwen3-8B,1,social-group,LGB
R_u7A9UJvtQ4I8wLv,134658,3745,0,0.0,Qwen3-8B,3,social-group,jewish
R_u7A9UJvtQ4I8wLv,134682,3746,1,0.0,Qwen3-8B,5,social-group,jewish
R_u7A9UJvtQ4I8wLv,134706,3747,0,0.0,Qwen3-8B,1,social-group,LGB
R_u7A9UJvtQ4I8wLv,134730,3748,1,0.0,Qwen3-8B,4,social-group,transgender
R_2VwPf58oYccVqKT,916,17,0,0.0,Qwen3-8B,1,random,random
R_2VwPf58oYccVqKT,13459,214,1,0.0,Qwen3-8B,2,random,random
R_2VwPf58oYccVqKT,17848,281,0,0.0,Qwen3-8B,2,random,random
R_2VwPf58oYccVqKT,28168,450,0,0.0,Qwen3-8B,3,random,random
R_2VwPf58oYccVqKT,39524,635,-1,,Qwen3-8B,3,random,random
R_2VwPf58oYccVqKT,41694,671,0,0.0,Qwen3-8B,3,random,random
R_2VwPf58oYccVqKT,66940,1059,1,0.0,Qwen3-8B,3,random,random
R_2VwPf58oYccVqKT,74493,1243,-1,,Qwen3-8B,1,moral,purity
R_2VwPf58oYccVqKT,74493,1243,-1,,Qwen3-8B,1,moral,loyalty
R_2VwPf58oYccVqKT,74493,1243,-1,,Qwen3-8B,1,moral,purity
R_2VwPf58oYccVqKT,74493,1243,-1,,Qwen3-8B,1,moral,loyalty
R_2VwPf58oYccVqKT,90561,1885,0,0.0,Qwen3-8B,2,moral,care
R_2VwPf58oYccVqKT,134132,3723,0,0.0,Qwen3-8B,1,social-group,LGB
R_2VwPf58oYccVqKT,134156,3724,2,1.0,Qwen3-8B,4,social-group,transgender
R_2VwPf58oYccVqKT,134180,3725,-1,,Qwen3-8B,3,social-group,jewish
R_2VwPf58oYccVqKT,134204,3726,2,1.0,Qwen3-8B,3,social-group,transgender
R_2VwPf58oYccVqKT,134228,3727,-1,,Qwen3-8B,2,social-group,jewish
R_2VwPf58oYccVqKT,134252,3728,-1,,Qwen3-8B,1,social-group,christian
R_2VwPf58oYccVqKT,134276,3729,0,0.0,Qwen3-8B,1,moral,authority
R_2VwPf58oYccVqKT,134300,3730,0,0.0,Qwen3-8B,1,random,random
R_2VwPf58oYccVqKT,134324,3731,0,0.0,Qwen3-8B,2,social-group,christian
R_2VwPf58oYccVqKT,134348,3732,2,1.0,Qwen3-8B,2,social-group,jewish
R_2VwPf58oYccVqKT,134372,3733,-1,,Qwen3-8B,5,social-group,jewish
R_2VwPf58oYccVqKT,134396,3734,1,0.0,Qwen3-8B,3,social-group,christian
R_2VwPf58oYccVqKT,134420,3735,-1,,Qwen3-8B,2,social-group,LGB
R_2VwPf58oYccVqKT,134444,3736,-1,,Qwen3-8B,1,moral,loyalty
R_2VwPf58oYccVqKT,134468,3737,1,0.0,Qwen3-8B,5,social-group,jewish
R_2VwPf58oYccVqKT,134492,3738,1,0.0,Qwen3-8B,1,social-group,christian
R_2VwPf58oYccVqKT,134516,3739,-1,,Qwen3-8B,3,social-group,LGB
R_2VwPf58oYccVqKT,134540,3740,2,1.0,Qwen3-8B,1,social-group,transgender
R_2VwPf58oYccVqKT,134564,3741,2,1.0,Qwen3-8B,4,social-group,jewish
R_2VwPf58oYccVqKT,134588,3742,2,1.0,Qwen3-8B,5,social-group,jewish
R_2VwPf58oYccVqKT,134612,3743,3,1.0,Qwen3-8B,3,social-group,muslim
R_2VwPf58oYccVqKT,134636,3744,-1,,Qwen3-8B,1,social-group,LGB
R_2VwPf58oYccVqKT,134660,3745,1,0.0,Qwen3-8B,3,social-group,jewish
R_2VwPf58oYccVqKT,134684,3746,1,0.0,Qwen3-8B,5,social-group,jewish
R_2VwPf58oYccVqKT,134708,3747,-1,,Qwen3-8B,1,social-group,LGB
R_2VwPf58oYccVqKT,134732,3748,1,0.0,Qwen3-8B,4,social-group,transgender
R_1MPT6DdDScx2SXC,945,17,0,0.0,Qwen3-8B,1,random,random
R_1MPT6DdDScx2SXC,13494,214,-1,,Qwen3-8B,2,random,random
R_1MPT6DdDScx2SXC,17874,281,2,1.0,Qwen3-8B,2,random,random
R_1MPT6DdDScx2SXC,28194,450,2,1.0,Qwen3-8B,3,random,random
R_1MPT6DdDScx2SXC,39557,635,-1,,Qwen3-8B,3,random,random
R_1MPT6DdDScx2SXC,41731,671,1,0.0,Qwen3-8B,3,random,random
R_1MPT6DdDScx2SXC,66967,1059,1,0.0,Qwen3-8B,3,random,random
R_1MPT6DdDScx2SXC,74639,1243,0,0.0,Qwen3-8B,1,moral,purity
R_1MPT6DdDScx2SXC,74639,1243,0,0.0,Qwen3-8B,1,moral,loyalty
R_1MPT6DdDScx2SXC,74639,1243,0,0.0,Qwen3-8B,1,moral,purity
R_1MPT6DdDScx2SXC,74639,1243,0,0.0,Qwen3-8B,1,moral,loyalty
R_1MPT6DdDScx2SXC,90585,1885,1,0.0,Qwen3-8B,2,moral,care
R_1MPT6DdDScx2SXC,134143,3723,1,0.0,Qwen3-8B,1,social-group,LGB
R_1MPT6DdDScx2SXC,134167,3724,1,0.0,Qwen3-8B,4,social-group,transgender
R_1MPT6DdDScx2SXC,134191,3725,1,0.0,Qwen3-8B,3,social-group,jewish
R_1MPT6DdDScx2SXC,134215,3726,1,0.0,Qwen3-8B,3,social-group,transgender
R_1MPT6DdDScx2SXC,134239,3727,2,1.0,Qwen3-8B,2,social-group,jewish
R_1MPT6DdDScx2SXC,134263,3728,0,0.0,Qwen3-8B,1,social-group,christian
R_1MPT6DdDScx2SXC,134287,3729,0,0.0,Qwen3-8B,1,moral,authority
R_1MPT6DdDScx2SXC,134311,3730,1,0.0,Qwen3-8B,1,random,random
R_1MPT6DdDScx2SXC,134335,3731,2,1.0,Qwen3-8B,2,social-group,christian
R_1MPT6DdDScx2SXC,134359,3732,0,0.0,Qwen3-8B,2,social-group,jewish
R_1MPT6DdDScx2SXC,134383,3733,0,0.0,Qwen3-8B,5,social-group,jewish
R_1MPT6DdDScx2SXC,134407,3734,3,1.0,Qwen3-8B,3,social-group,christian
R_1MPT6DdDScx2SXC,134431,3735,1,0.0,Qwen3-8B,2,social-group,LGB
R_1MPT6DdDScx2SXC,134455,3736,-1,,Qwen3-8B,1,moral,loyalty
R_1MPT6DdDScx2SXC,134479,3737,0,0.0,Qwen3-8B,5,social-group,jewish
R_1MPT6DdDScx2SXC,134503,3738,-1,,Qwen3-8B,1,social-group,christian
R_1MPT6DdDScx2SXC,134527,3739,-1,,Qwen3-8B,3,social-group,LGB
R_1MPT6DdDScx2SXC,134551,3740,-1,,Qwen3-8B,1,social-group,transgender
R_1MPT6DdDScx2SXC,134575,3741,-1,,Qwen3-8B,4,social-group,jewish
R_1MPT6DdDScx2SXC,134599,3742,1,0.0,Qwen3-8B,5,social-group,jewish
R_1MPT6DdDScx2SXC,134623,3743,-1,,Qwen3-8B,3,social-group,muslim
R_1MPT6DdDScx2SXC,134647,3744,0,0.0,Qwen3-8B,1,social-group,LGB
R_1MPT6DdDScx2SXC,134671,3745,1,0.0,Qwen3-8B,3,social-group,jewish
R_1MPT6DdDScx2SXC,134695,3746,-1,,Qwen3-8B,5,social-group,jewish
R_1MPT6DdDScx2SXC,134719,3747,-1,,Qwen3-8B,1,social-group,LGB
R_1MPT6DdDScx2SXC,134743,3748,1,0.0,Qwen3-8B,4,social-group,transgender
R_T7a8NDb69nGjfIR,1007,18,0,0.0,Qwen3-8B,2,random,random
R_T7a8NDb69nGjfIR,1306,23,1,0.0,Qwen3-8B,5,random,random
R_T7a8NDb69nGjfIR,1424,25,0,0.0,Qwen3-8B,3,random,random
R_T7a8NDb69nGjfIR,22667,354,0,0.0,Qwen3-8B,1,random,random
R_T7a8NDb69nGjfIR,32104,510,2,1.0,Qwen3-8B,3,random,random
R_T7a8NDb69nGjfIR,37480,600,1,0.0,Qwen3-8B,1,random,random
R_T7a8NDb69nGjfIR,39259,630,0,0.0,Qwen3-8B,4,random,random
R_T7a8NDb69nGjfIR,44707,717,0,0.0,Qwen3-8B,4,random,random
R_T7a8NDb69nGjfIR,60109,946,0,0.0,Qwen3-8B,3,random,random
R_T7a8NDb69nGjfIR,66348,1049,1,0.0,Qwen3-8B,1,random,random
R_T7a8NDb69nGjfIR,66732,1055,1,0.0,Qwen3-8B,4,random,random
R_T7a8NDb69nGjfIR,94850,2066,1,0.0,Qwen3-8B,4,social-group,jewish
R_T7a8NDb69nGjfIR,94874,2067,0,0.0,Qwen3-8B,4,social-group,LGB
R_T7a8NDb69nGjfIR,94898,2068,1,0.0,Qwen3-8B,4,random,random
R_T7a8NDb69nGjfIR,94922,2069,0,0.0,Qwen3-8B,4,social-group,transgender
R_T7a8NDb69nGjfIR,94946,2070,2,1.0,Qwen3-8B,3,moral,authority
R_T7a8NDb69nGjfIR,94970,2071,1,0.0,Qwen3-8B,1,moral,authority
R_T7a8NDb69nGjfIR,94994,2072,0,0.0,Qwen3-8B,5,social-group,transgender
R_T7a8NDb69nGjfIR,95018,2073,2,1.0,Qwen3-8B,3,random,random
R_T7a8NDb69nGjfIR,95042,2074,0,0.0,Qwen3-8B,1,social-group,muslim
R_T7a8NDb69nGjfIR,95066,2075,0,0.0,Qwen3-8B,4,social-group,LGB
R_T7a8NDb69nGjfIR,95090,2076,0,0.0,Qwen3-8B,4,social-group,christian
R_T7a8NDb69nGjfIR,95114,2077,0,0.0,Qwen3-8B,5,social-group,jewish
R_T7a8NDb69nGjfIR,95138,2078,0,0.0,Qwen3-8B,3,social-group,christian
R_T7a8NDb69nGjfIR,95162,2079,0,0.0,Qwen3-8B,1,social-group,jewish
R_T7a8NDb69nGjfIR,95186,2080,0,0.0,Qwen3-8B,3,social-group,muslim
R_T7a8NDb69nGjfIR,95210,2081,1,0.0,Qwen3-8B,5,social-group,christian
R_T7a8NDb69nGjfIR,95234,2082,0,0.0,Qwen3-8B,3,social-group,transgender
R_T7a8NDb69nGjfIR,95258,2083,1,0.0,Qwen3-8B,2,random,random
R_T7a8NDb69nGjfIR,95282,2084,0,0.0,Qwen3-8B,2,moral,loyalty
R_T7a8NDb69nGjfIR,95306,2085,1,0.0,Qwen3-8B,4,social-group,jewish
R_T7a8NDb69nGjfIR,95330,2086,1,0.0,Qwen3-8B,5,social-group,LGB
R_T7a8NDb69nGjfIR,95354,2087,2,1.0,Qwen3-8B,2,random,random
R_T7a8NDb69nGjfIR,95378,2088,0,0.0,Qwen3-8B,1,moral,loyalty
R_T7a8NDb69nGjfIR,95402,2089,0,0.0,Qwen3-8B,2,moral,authority
R_V3ZwV12qUJwZwmR,1028,19,1,0.0,Qwen3-8B,1,random,random
R_V3ZwV12qUJwZwmR,12961,207,1,0.0,Qwen3-8B,2,random,random
R_V3ZwV12qUJwZwmR,30389,485,2,1.0,Qwen3-8B,3,random,random
R_V3ZwV12qUJwZwmR,40057,644,0,0.0,Qwen3-8B,2,random,random
R_V3ZwV12qUJwZwmR,42127,678,0,0.0,Qwen3-8B,2,random,random
R_V3ZwV12qUJwZwmR,49563,787,0,0.0,Qwen3-8B,4,random,random
R_V3ZwV12qUJwZwmR,63130,999,2,1.0,Qwen3-8B,2,random,random
R_V3ZwV12qUJwZwmR,64227,1017,0,0.0,Qwen3-8B,2,random,random
R_V3ZwV12qUJwZwmR,67579,1070,1,0.0,Qwen3-8B,3,random,random
R_V3ZwV12qUJwZwmR,109863,2689,1,0.0,Qwen3-8B,3,social-group,LGB
R_V3ZwV12qUJwZwmR,109886,2690,3,1.0,Qwen3-8B,4,social-group,jewish
R_V3ZwV12qUJwZwmR,109909,2691,3,1.0,Qwen3-8B,3,social-group,transgender
R_V3ZwV12qUJwZwmR,109932,2692,4,1.0,Qwen3-8B,4,social-group,transgender
R_V3ZwV12qUJwZwmR,109955,2693,0,0.0,Qwen3-8B,5,social-group,jewish
R_V3ZwV12qUJwZwmR,109978,2694,2,1.0,Qwen3-8B,4,social-group,christian
R_V3ZwV12qUJwZwmR,110001,2695,4,1.0,Qwen3-8B,5,social-group,muslim
R_V3ZwV12qUJwZwmR,110024,2696,0,0.0,Qwen3-8B,1,moral,fairness
R_V3ZwV12qUJwZwmR,110047,2697,0,0.0,Qwen3-8B,1,social-group,transgender
R_V3ZwV12qUJwZwmR,110070,2698,1,0.0,Qwen3-8B,1,random,random
R_V3ZwV12qUJwZwmR,110093,2699,1,0.0,Qwen3-8B,1,social-group,transgender
R_V3ZwV12qUJwZwmR,110116,2700,0,0.0,Qwen3-8B,5,social-group,jewish
R_V3ZwV12qUJwZwmR,110139,2701,1,0.0,Qwen3-8B,2,social-group,transgender
R_V3ZwV12qUJwZwmR,110162,2702,1,0.0,Qwen3-8B,4,social-group,muslim
R_V3ZwV12qUJwZwmR,110185,2703,0,0.0,Qwen3-8B,5,social-group,LGB
R_V3ZwV12qUJwZwmR,110208,2704,0,0.0,Qwen3-8B,1,social-group,jewish
R_V3ZwV12qUJwZwmR,110231,2705,3,1.0,Qwen3-8B,5,social-group,LGB
R_V3ZwV12qUJwZwmR,110254,2706,3,1.0,Qwen3-8B,5,social-group,muslim
R_V3ZwV12qUJwZwmR,110277,2707,3,1.0,Qwen3-8B,5,social-group,muslim
R_V3ZwV12qUJwZwmR,110300,2708,3,1.0,Qwen3-8B,3,social-group,christian
R_V3ZwV12qUJwZwmR,110323,2709,0,0.0,Qwen3-8B,4,social-group,christian
R_V3ZwV12qUJwZwmR,110346,2710,0,0.0,Qwen3-8B,2,random,random
R_V3ZwV12qUJwZwmR,110369,2711,1,0.0,Qwen3-8B,2,social-group,jewish
R_V3ZwV12qUJwZwmR,110392,2712,1,0.0,Qwen3-8B,2,social-group,LGB
R_V3ZwV12qUJwZwmR,110415,2713,2,1.0,Qwen3-8B,3,social-group,muslim
R_V3ZwV12qUJwZwmR,110438,2714,1,0.0,Qwen3-8B,5,social-group,muslim
R_32W2dS4F36xs0ZE,1064,19,0,0.0,Qwen3-8B,1,random,random
R_32W2dS4F36xs0ZE,13004,207,0,0.0,Qwen3-8B,2,random,random
R_32W2dS4F36xs0ZE,30431,485,1,0.0,Qwen3-8B,3,random,random
R_32W2dS4F36xs0ZE,40095,644,0,0.0,Qwen3-8B,2,random,random
R_32W2dS4F36xs0ZE,42169,678,0,0.0,Qwen3-8B,2,random,random
R_32W2dS4F36xs0ZE,49599,787,-1,,Qwen3-8B,4,random,random
R_32W2dS4F36xs0ZE,63170,999,0,0.0,Qwen3-8B,2,random,random
R_32W2dS4F36xs0ZE,64267,1017,1,0.0,Qwen3-8B,2,random,random
R_32W2dS4F36xs0ZE,67612,1070,1,0.0,Qwen3-8B,3,random,random
R_32W2dS4F36xs0ZE,109876,2689,-1,,Qwen3-8B,3,social-group,LGB
R_32W2dS4F36xs0ZE,109899,2690,-1,,Qwen3-8B,4,social-group,jewish
R_32W2dS4F36xs0ZE,109922,2691,-1,,Qwen3-8B,3,social-group,transgender
R_32W2dS4F36xs0ZE,109945,2692,0,0.0,Qwen3-8B,4,social-group,transgender
R_32W2dS4F36xs0ZE,109968,2693,4,1.0,Qwen3-8B,5,social-group,jewish
R_32W2dS4F36xs0ZE,109991,2694,0,0.0,Qwen3-8B,4,social-group,christian
R_32W2dS4F36xs0ZE,110014,2695,2,1.0,Qwen3-8B,5,social-group,muslim
R_32W2dS4F36xs0ZE,110037,2696,0,0.0,Qwen3-8B,1,moral,fairness
R_32W2dS4F36xs0ZE,110060,2697,0,0.0,Qwen3-8B,1,social-group,transgender
R_32W2dS4F36xs0ZE,110083,2698,-1,,Qwen3-8B,1,random,random
R_32W2dS4F36xs0ZE,110106,2699,0,0.0,Qwen3-8B,1,social-group,transgender
R_32W2dS4F36xs0ZE,110129,2700,1,0.0,Qwen3-8B,5,social-group,jewish
R_32W2dS4F36xs0ZE,110152,2701,-1,,Qwen3-8B,2,social-group,transgender
R_32W2dS4F36xs0ZE,110175,2702,-1,,Qwen3-8B,4,social-group,muslim
R_32W2dS4F36xs0ZE,110198,2703,-1,,Qwen3-8B,5,social-group,LGB
R_32W2dS4F36xs0ZE,110221,2704,0,0.0,Qwen3-8B,1,social-group,jewish
R_32W2dS4F36xs0ZE,110244,2705,-1,,Qwen3-8B,5,social-group,LGB
R_32W2dS4F36xs0ZE,110267,2706,2,1.0,Qwen3-8B,5,social-group,muslim
R_32W2dS4F36xs0ZE,110290,2707,3,1.0,Qwen3-8B,5,social-group,muslim
R_32W2dS4F36xs0ZE,110313,2708,2,1.0,Qwen3-8B,3,social-group,christian
R_32W2dS4F36xs0ZE,110336,2709,3,1.0,Qwen3-8B,4,social-group,christian
R_32W2dS4F36xs0ZE,110359,2710,0,0.0,Qwen3-8B,2,random,random
R_32W2dS4F36xs0ZE,110382,2711,-1,,Qwen3-8B,2,social-group,jewish
R_32W2dS4F36xs0ZE,110405,2712,-1,,Qwen3-8B,2,social-group,LGB
R_32W2dS4F36xs0ZE,110428,2713,1,0.0,Qwen3-8B,3,social-group,muslim
R_32W2dS4F36xs0ZE,110451,2714,3,1.0,Qwen3-8B,5,social-group,muslim
R_6gsOvn7YOW55UOt,1081,20,-1,,Qwen3-8B,3,random,random
R_6gsOvn7YOW55UOt,13904,221,0,0.0,Qwen3-8B,1,random,random
R_6gsOvn7YOW55UOt,16794,264,0,0.0,Qwen3-8B,1,random,random
R_6gsOvn7YOW55UOt,19854,312,2,1.0,Qwen3-8B,2,random,random
R_6gsOvn7YOW55UOt,21854,343,0,0.0,Qwen3-8B,1,random,random
R_6gsOvn7YOW55UOt,27430,436,0,0.0,Qwen3-8B,1,random,random
R_6gsOvn7YOW55UOt,45375,727,3,1.0,Qwen3-8B,2,random,random
R_6gsOvn7YOW55UOt,51107,812,0,0.0,Qwen3-8B,4,random,random
R_6gsOvn7YOW55UOt,51107,812,0,0.0,Qwen3-8B,4,moral,purity
R_6gsOvn7YOW55UOt,51107,812,0,0.0,Qwen3-8B,4,random,random
R_6gsOvn7YOW55UOt,51107,812,0,0.0,Qwen3-8B,4,moral,purity
R_6gsOvn7YOW55UOt,54403,858,1,0.0,Qwen3-8B,1,random,random
R_6gsOvn7YOW55UOt,130000,3550,0,0.0,Qwen3-8B,1,moral,care
R_6gsOvn7YOW55UOt,130024,3551,0,0.0,Qwen3-8B,3,social-group,transgender
R_6gsOvn7YOW55UOt,130048,3552,3,1.0,Qwen3-8B,5,social-group,christian
R_6gsOvn7YOW55UOt,130072,3553,1,0.0,Qwen3-8B,5,social-group,transgender
R_6gsOvn7YOW55UOt,130096,3554,3,1.0,Qwen3-8B,3,random,random
R_6gsOvn7YOW55UOt,130120,3555,0,0.0,Qwen3-8B,2,social-group,transgender
R_6gsOvn7YOW55UOt,130144,3556,2,1.0,Qwen3-8B,2,social-group,christian
R_6gsOvn7YOW55UOt,130168,3557,1,0.0,Qwen3-8B,1,social-group,jewish
R_6gsOvn7YOW55UOt,130192,3558,4,1.0,Qwen3-8B,3,social-group,christian
R_6gsOvn7YOW55UOt,130216,3559,0,0.0,Qwen3-8B,5,social-group,LGB
R_6gsOvn7YOW55UOt,130240,3560,-1,,Qwen3-8B,4,social-group,transgender
R_6gsOvn7YOW55UOt,130264,3561,2,1.0,Qwen3-8B,1,social-group,transgender
R_6gsOvn7YOW55UOt,130288,3562,1,0.0,Qwen3-8B,3,social-group,christian
R_6gsOvn7YOW55UOt,130312,3563,1,0.0,Qwen3-8B,2,social-group,muslim
R_6gsOvn7YOW55UOt,130336,3564,1,0.0,Qwen3-8B,5,social-group,jewish
R_6gsOvn7YOW55UOt,130360,3565,0,0.0,Qwen3-8B,2,social-group,LGB
R_6gsOvn7YOW55UOt,130384,3566,4,1.0,Qwen3-8B,4,social-group,transgender
R_6gsOvn7YOW55UOt,130408,3567,3,1.0,Qwen3-8B,2,social-group,LGB
R_6gsOvn7YOW55UOt,130432,3568,0,0.0,Qwen3-8B,1,social-group,transgender
R_6gsOvn7YOW55UOt,130456,3569,2,1.0,Qwen3-8B,5,social-group,christian
R_6gsOvn7YOW55UOt,130480,3570,4,1.0,Qwen3-8B,5,social-group,muslim
R_6gsOvn7YOW55UOt,130504,3571,4,1.0,Qwen3-8B,1,moral,purity
R_6gsOvn7YOW55UOt,130528,3572,2,1.0,Qwen3-8B,3,social-group,transgender
R_6gsOvn7YOW55UOt,130552,3573,0,0.0,Qwen3-8B,3,social-group,LGB
R_6gsOvn7YOW55UOt,130576,3574,4,1.0,Qwen3-8B,5,social-group,christian
R_6gsOvn7YOW55UOt,130600,3575,4,1.0,Qwen3-8B,5,social-group,LGB
R_1IZx8j36HdCPU6w,1133,21,0,0.0,Qwen3-8B,3,random,random
R_1IZx8j36HdCPU6w,12170,196,0,0.0,Qwen3-8B,1,random,random
R_1IZx8j36HdCPU6w,18588,293,0,0.0,Qwen3-8B,2,random,random
R_1IZx8j36HdCPU6w,20609,324,0,0.0,Qwen3-8B,1,random,random
R_1IZx8j36HdCPU6w,24118,380,1,0.0,Qwen3-8B,3,random,random
R_1IZx8j36HdCPU6w,33099,527,0,0.0,Qwen3-8B,1,random,random
R_1IZx8j36HdCPU6w,42237,680,1,0.0,Qwen3-8B,2,random,random
R_1IZx8j36HdCPU6w,44880,721,2,1.0,Qwen3-8B,3,random,random
R_1IZx8j36HdCPU6w,51316,814,2,1.0,Qwen3-8B,3,random,random
R_1IZx8j36HdCPU6w,51892,823,0,0.0,Qwen3-8B,5,random,random
R_1IZx8j36HdCPU6w,61405,971,0,0.0,Qwen3-8B,2,random,random
R_1IZx8j36HdCPU6w,70385,1120,0,0.0,Qwen3-8B,2,random,random
R_1IZx8j36HdCPU6w,71323,1138,2,1.0,Qwen3-8B,5,random,random
R_1IZx8j36HdCPU6w,106821,2562,2,1.0,Qwen3-8B,5,social-group,LGB
R_1IZx8j36HdCPU6w,106845,2563,0,0.0,Qwen3-8B,1,moral,fairness
R_1IZx8j36HdCPU6w,106869,2564,0,0.0,Qwen3-8B,2,random,random
R_1IZx8j36HdCPU6w,106893,2565,4,1.0,Qwen3-8B,3,social-group,christian
R_1IZx8j36HdCPU6w,106917,2566,3,1.0,Qwen3-8B,5,social-group,muslim
R_1IZx8j36HdCPU6w,106941,2567,0,0.0,Qwen3-8B,1,random,random
R_1IZx8j36HdCPU6w,106965,2568,4,1.0,Qwen3-8B,5,social-group,muslim
R_1IZx8j36HdCPU6w,106989,2569,1,0.0,Qwen3-8B,2,social-group,christian
R_1IZx8j36HdCPU6w,107013,2570,0,0.0,Qwen3-8B,5,social-group,muslim
R_1IZx8j36HdCPU6w,107037,2571,0,0.0,Qwen3-8B,2,moral,care
R_1IZx8j36HdCPU6w,107061,2572,0,0.0,Qwen3-8B,5,social-group,christian
R_1IZx8j36HdCPU6w,107085,2573,2,1.0,Qwen3-8B,5,social-group,muslim
R_1IZx8j36HdCPU6w,107109,2574,1,0.0,Qwen3-8B,4,social-group,jewish
R_1IZx8j36HdCPU6w,107133,2575,0,0.0,Qwen3-8B,4,social-group,LGB
R_1IZx8j36HdCPU6w,107157,2576,0,0.0,Qwen3-8B,2,social-group,christian
R_1IZx8j36HdCPU6w,107181,2577,1,0.0,Qwen3-8B,3,social-group,christian
R_1IZx8j36HdCPU6w,107205,2578,4,1.0,Qwen3-8B,3,social-group,christian
R_1IZx8j36HdCPU6w,107229,2579,0,0.0,Qwen3-8B,2,social-group,christian
R_1IZx8j36HdCPU6w,107253,2580,4,1.0,Qwen3-8B,4,social-group,transgender
R_1IZx8j36HdCPU6w,107277,2581,2,1.0,Qwen3-8B,5,social-group,muslim
R_1IZx8j36HdCPU6w,107301,2582,2,1.0,Qwen3-8B,2,social-group,transgender
R_1IZx8j36HdCPU6w,107325,2583,0,0.0,Qwen3-8B,4,moral,fairness
R_3rYhY9ZqltdscX8,1146,21,3,1.0,Qwen3-8B,3,random,random
R_3rYhY9ZqltdscX8,12188,196,0,0.0,Qwen3-8B,1,random,random
R_3rYhY9ZqltdscX8,18602,293,4,1.0,Qwen3-8B,2,random,random
R_3rYhY9ZqltdscX8,20624,324,0,0.0,Qwen3-8B,1,random,random
R_3rYhY9ZqltdscX8,24135,380,0,0.0,Qwen3-8B,3,random,random
R_3rYhY9ZqltdscX8,33114,527,0,0.0,Qwen3-8B,1,random,random
R_3rYhY9ZqltdscX8,42249,680,0,0.0,Qwen3-8B,2,random,random
R_3rYhY9ZqltdscX8,44895,721,3,1.0,Qwen3-8B,3,random,random
R_3rYhY9ZqltdscX8,51333,814,4,1.0,Qwen3-8B,3,random,random
R_3rYhY9ZqltdscX8,51909,823,4,1.0,Qwen3-8B,5,random,random
R_3rYhY9ZqltdscX8,61420,971,4,1.0,Qwen3-8B,2,random,random
R_3rYhY9ZqltdscX8,70402,1120,3,1.0,Qwen3-8B,2,random,random
R_3rYhY9ZqltdscX8,71336,1138,4,1.0,Qwen3-8B,5,random,random
R_3rYhY9ZqltdscX8,106827,2562,4,1.0,Qwen3-8B,5,social-group,LGB
R_3rYhY9ZqltdscX8,106851,2563,0,0.0,Qwen3-8B,1,moral,fairness
R_3rYhY9ZqltdscX8,106875,2564,0,0.0,Qwen3-8B,2,random,random
R_3rYhY9ZqltdscX8,106899,2565,0,0.0,Qwen3-8B,3,social-group,christian
R_3rYhY9ZqltdscX8,106923,2566,4,1.0,Qwen3-8B,5,social-group,muslim
R_3rYhY9ZqltdscX8,106947,2567,0,0.0,Qwen3-8B,1,random,random
R_3rYhY9ZqltdscX8,106971,2568,4,1.0,Qwen3-8B,5,social-group,muslim
R_3rYhY9ZqltdscX8,106995,2569,0,0.0,Qwen3-8B,2,social-group,christian
R_3rYhY9ZqltdscX8,107019,2570,4,1.0,Qwen3-8B,5,social-group,muslim
R_3rYhY9ZqltdscX8,107043,2571,0,0.0,Qwen3-8B,2,moral,care
R_3rYhY9ZqltdscX8,107067,2572,4,1.0,Qwen3-8B,5,social-group,christian
R_3rYhY9ZqltdscX8,107091,2573,4,1.0,Qwen3-8B,5,social-group,muslim
R_3rYhY9ZqltdscX8,107115,2574,0,0.0,Qwen3-8B,4,social-group,jewish
R_3rYhY9ZqltdscX8,107139,2575,4,1.0,Qwen3-8B,4,social-group,LGB
R_3rYhY9ZqltdscX8,107163,2576,0,0.0,Qwen3-8B,2,social-group,christian
R_3rYhY9ZqltdscX8,107187,2577,0,0.0,Qwen3-8B,3,social-group,christian
R_3rYhY9ZqltdscX8,107211,2578,0,0.0,Qwen3-8B,3,social-group,christian
R_3rYhY9ZqltdscX8,107235,2579,4,1.0,Qwen3-8B,2,social-group,christian
R_3rYhY9ZqltdscX8,107259,2580,4,1.0,Qwen3-8B,4,social-group,transgender
R_3rYhY9ZqltdscX8,107283,2581,4,1.0,Qwen3-8B,5,social-group,muslim
R_3rYhY9ZqltdscX8,107307,2582,4,1.0,Qwen3-8B,2,social-group,transgender
R_3rYhY9ZqltdscX8,107331,2583,4,1.0,Qwen3-8B,4,moral,fairness
R_2zvTIbE2t8uPMBm,1154,21,1,0.0,Qwen3-8B,3,random,random
R_2zvTIbE2t8uPMBm,12197,196,3,1.0,Qwen3-8B,1,random,random
R_2zvTIbE2t8uPMBm,18612,293,0,0.0,Qwen3-8B,2,random,random
R_2zvTIbE2t8uPMBm,20632,324,0,0.0,Qwen3-8B,1,random,random
R_2zvTIbE2t8uPMBm,24141,380,0,0.0,Qwen3-8B,3,random,random
R_2zvTIbE2t8uPMBm,33121,527,0,0.0,Qwen3-8B,1,random,random
R_2zvTIbE2t8uPMBm,42255,680,0,0.0,Qwen3-8B,2,random,random
R_2zvTIbE2t8uPMBm,44905,721,-1,,Qwen3-8B,3,random,random
R_2zvTIbE2t8uPMBm,51340,814,4,1.0,Qwen3-8B,3,random,random
R_2zvTIbE2t8uPMBm,51916,823,0,0.0,Qwen3-8B,5,random,random
R_2zvTIbE2t8uPMBm,61426,971,0,0.0,Qwen3-8B,2,random,random
R_2zvTIbE2t8uPMBm,70407,1120,0,0.0,Qwen3-8B,2,random,random
R_2zvTIbE2t8uPMBm,71342,1138,0,0.0,Qwen3-8B,5,random,random
R_2zvTIbE2t8uPMBm,106830,2562,4,1.0,Qwen3-8B,5,social-group,LGB
R_2zvTIbE2t8uPMBm,106854,2563,0,0.0,Qwen3-8B,1,moral,fairness
R_2zvTIbE2t8uPMBm,106878,2564,2,1.0,Qwen3-8B,2,random,random
R_2zvTIbE2t8uPMBm,106902,2565,0,0.0,Qwen3-8B,3,social-group,christian
R_2zvTIbE2t8uPMBm,106926,2566,3,1.0,Qwen3-8B,5,social-group,muslim
R_2zvTIbE2t8uPMBm,106950,2567,0,0.0,Qwen3-8B,1,random,random
R_2zvTIbE2t8uPMBm,106974,2568,3,1.0,Qwen3-8B,5,social-group,muslim
R_2zvTIbE2t8uPMBm,106998,2569,0,0.0,Qwen3-8B,2,social-group,christian
R_2zvTIbE2t8uPMBm,107022,2570,0,0.0,Qwen3-8B,5,social-group,muslim
R_2zvTIbE2t8uPMBm,107046,2571,0,0.0,Qwen3-8B,2,moral,care
R_2zvTIbE2t8uPMBm,107070,2572,1,0.0,Qwen3-8B,5,social-group,christian
R_2zvTIbE2t8uPMBm,107094,2573,1,0.0,Qwen3-8B,5,social-group,muslim
R_2zvTIbE2t8uPMBm,107118,2574,0,0.0,Qwen3-8B,4,social-group,jewish
R_2zvTIbE2t8uPMBm,107142,2575,0,0.0,Qwen3-8B,4,social-group,LGB
R_2zvTIbE2t8uPMBm,107166,2576,1,0.0,Qwen3-8B,2,social-group,christian
R_2zvTIbE2t8uPMBm,107190,2577,0,0.0,Qwen3-8B,3,social-group,christian
R_2zvTIbE2t8uPMBm,107214,2578,0,0.0,Qwen3-8B,3,social-group,christian
R_2zvTIbE2t8uPMBm,107238,2579,0,0.0,Qwen3-8B,2,social-group,christian
R_2zvTIbE2t8uPMBm,107262,2580,3,1.0,Qwen3-8B,4,social-group,transgender
R_2zvTIbE2t8uPMBm,107286,2581,0,0.0,Qwen3-8B,5,social-group,muslim
R_2zvTIbE2t8uPMBm,107310,2582,0,0.0,Qwen3-8B,2,social-group,transgender
R_2zvTIbE2t8uPMBm,107334,2583,0,0.0,Qwen3-8B,4,moral,fairness
R_1GT7Ox9FN1qfKr8,1161,21,0,0.0,Qwen3-8B,3,random,random
R_1GT7Ox9FN1qfKr8,12208,196,0,0.0,Qwen3-8B,1,random,random
R_1GT7Ox9FN1qfKr8,18620,293,1,0.0,Qwen3-8B,2,random,random
R_1GT7Ox9FN1qfKr8,20639,324,0,0.0,Qwen3-8B,1,random,random
R_1GT7Ox9FN1qfKr8,24146,380,0,0.0,Qwen3-8B,3,random,random
R_1GT7Ox9FN1qfKr8,33131,527,0,0.0,Qwen3-8B,1,random,random
R_1GT7Ox9FN1qfKr8,42266,680,2,1.0,Qwen3-8B,2,random,random
R_1GT7Ox9FN1qfKr8,44916,721,0,0.0,Qwen3-8B,3,random,random
R_1GT7Ox9FN1qfKr8,51353,814,0,0.0,Qwen3-8B,3,random,random
R_1GT7Ox9FN1qfKr8,51929,823,4,1.0,Qwen3-8B,5,random,random
R_1GT7Ox9FN1qfKr8,61432,971,0,0.0,Qwen3-8B,2,random,random
R_1GT7Ox9FN1qfKr8,70411,1120,1,0.0,Qwen3-8B,2,random,random
R_1GT7Ox9FN1qfKr8,71349,1138,0,0.0,Qwen3-8B,5,random,random
R_1GT7Ox9FN1qfKr8,106833,2562,4,1.0,Qwen3-8B,5,social-group,LGB
R_1GT7Ox9FN1qfKr8,106857,2563,0,0.0,Qwen3-8B,1,moral,fairness
R_1GT7Ox9FN1qfKr8,106881,2564,0,0.0,Qwen3-8B,2,random,random
R_1GT7Ox9FN1qfKr8,106905,2565,0,0.0,Qwen3-8B,3,social-group,christian
R_1GT7Ox9FN1qfKr8,106929,2566,0,0.0,Qwen3-8B,5,social-group,muslim
R_1GT7Ox9FN1qfKr8,106953,2567,0,0.0,Qwen3-8B,1,random,random
R_1GT7Ox9FN1qfKr8,106977,2568,0,0.0,Qwen3-8B,5,social-group,muslim
R_1GT7Ox9FN1qfKr8,107001,2569,0,0.0,Qwen3-8B,2,social-group,christian
R_1GT7Ox9FN1qfKr8,107025,2570,0,0.0,Qwen3-8B,5,social-group,muslim
R_1GT7Ox9FN1qfKr8,107049,2571,0,0.0,Qwen3-8B,2,moral,care
R_1GT7Ox9FN1qfKr8,107073,2572,1,0.0,Qwen3-8B,5,social-group,christian
R_1GT7Ox9FN1qfKr8,107097,2573,3,1.0,Qwen3-8B,5,social-group,muslim
R_1GT7Ox9FN1qfKr8,107121,2574,0,0.0,Qwen3-8B,4,social-group,jewish
R_1GT7Ox9FN1qfKr8,107145,2575,0,0.0,Qwen3-8B,4,social-group,LGB
R_1GT7Ox9FN1qfKr8,107169,2576,0,0.0,Qwen3-8B,2,social-group,christian
R_1GT7Ox9FN1qfKr8,107193,2577,0,0.0,Qwen3-8B,3,social-group,christian
R_1GT7Ox9FN1qfKr8,107217,2578,4,1.0,Qwen3-8B,3,social-group,christian
R_1GT7Ox9FN1qfKr8,107241,2579,1,0.0,Qwen3-8B,2,social-group,christian
R_1GT7Ox9FN1qfKr8,107265,2580,4,1.0,Qwen3-8B,4,social-group,transgender
R_1GT7Ox9FN1qfKr8,107289,2581,4,1.0,Qwen3-8B,5,social-group,muslim
R_1GT7Ox9FN1qfKr8,107313,2582,2,1.0,Qwen3-8B,2,social-group,transgender
R_1GT7Ox9FN1qfKr8,107337,2583,1,0.0,Qwen3-8B,4,moral,fairness
R_1F9bP1iT7QVWUQm,1163,21,0,0.0,Qwen3-8B,3,random,random
R_1F9bP1iT7QVWUQm,12210,196,0,0.0,Qwen3-8B,1,random,random
R_1F9bP1iT7QVWUQm,18622,293,0,0.0,Qwen3-8B,2,random,random
R_1F9bP1iT7QVWUQm,20641,324,0,0.0,Qwen3-8B,1,random,random
R_1F9bP1iT7QVWUQm,24149,380,0,0.0,Qwen3-8B,3,random,random
R_1F9bP1iT7QVWUQm,33133,527,0,0.0,Qwen3-8B,1,random,random
R_1F9bP1iT7QVWUQm,42268,680,0,0.0,Qwen3-8B,2,random,random
R_1F9bP1iT7QVWUQm,44918,721,0,0.0,Qwen3-8B,3,random,random
R_1F9bP1iT7QVWUQm,51355,814,1,0.0,Qwen3-8B,3,random,random
R_1F9bP1iT7QVWUQm,51931,823,0,0.0,Qwen3-8B,5,random,random
R_1F9bP1iT7QVWUQm,61434,971,0,0.0,Qwen3-8B,2,random,random
R_1F9bP1iT7QVWUQm,70414,1120,0,0.0,Qwen3-8B,2,random,random
R_1F9bP1iT7QVWUQm,71351,1138,3,1.0,Qwen3-8B,5,random,random
R_1F9bP1iT7QVWUQm,106835,2562,3,1.0,Qwen3-8B,5,social-group,LGB
R_1F9bP1iT7QVWUQm,106859,2563,0,0.0,Qwen3-8B,1,moral,fairness
R_1F9bP1iT7QVWUQm,106883,2564,0,0.0,Qwen3-8B,2,random,random
R_1F9bP1iT7QVWUQm,106907,2565,3,1.0,Qwen3-8B,3,social-group,christian
R_1F9bP1iT7QVWUQm,106931,2566,0,0.0,Qwen3-8B,5,social-group,muslim
R_1F9bP1iT7QVWUQm,106955,2567,0,0.0,Qwen3-8B,1,random,random
R_1F9bP1iT7QVWUQm,106979,2568,2,1.0,Qwen3-8B,5,social-group,muslim
R_1F9bP1iT7QVWUQm,107003,2569,3,1.0,Qwen3-8B,2,social-group,christian
R_1F9bP1iT7QVWUQm,107027,2570,0,0.0,Qwen3-8B,5,social-group,muslim
R_1F9bP1iT7QVWUQm,107051,2571,0,0.0,Qwen3-8B,2,moral,care
R_1F9bP1iT7QVWUQm,107075,2572,2,1.0,Qwen3-8B,5,social-group,christian
R_1F9bP1iT7QVWUQm,107099,2573,0,0.0,Qwen3-8B,5,social-group,muslim
R_1F9bP1iT7QVWUQm,107123,2574,3,1.0,Qwen3-8B,4,social-group,jewish
R_1F9bP1iT7QVWUQm,107147,2575,2,1.0,Qwen3-8B,4,social-group,LGB
R_1F9bP1iT7QVWUQm,107171,2576,0,0.0,Qwen3-8B,2,social-group,christian
R_1F9bP1iT7QVWUQm,107195,2577,0,0.0,Qwen3-8B,3,social-group,christian
R_1F9bP1iT7QVWUQm,107219,2578,0,0.0,Qwen3-8B,3,social-group,christian
R_1F9bP1iT7QVWUQm,107243,2579,0,0.0,Qwen3-8B,2,social-group,christian
R_1F9bP1iT7QVWUQm,107267,2580,0,0.0,Qwen3-8B,4,social-group,transgender
R_1F9bP1iT7QVWUQm,107291,2581,0,0.0,Qwen3-8B,5,social-group,muslim
R_1F9bP1iT7QVWUQm,107315,2582,0,0.0,Qwen3-8B,2,social-group,transgender
R_1F9bP1iT7QVWUQm,107339,2583,0,0.0,Qwen3-8B,4,moral,fairness
R_3MF249C0ZzJGTOK,1177,21,0,0.0,Qwen3-8B,3,random,random
R_3MF249C0ZzJGTOK,12227,196,0,0.0,Qwen3-8B,1,random,random
R_3MF249C0ZzJGTOK,18638,293,1,0.0,Qwen3-8B,2,random,random
R_3MF249C0ZzJGTOK,20656,324,0,0.0,Qwen3-8B,1,random,random
R_3MF249C0ZzJGTOK,24164,380,1,0.0,Qwen3-8B,3,random,random
R_3MF249C0ZzJGTOK,33145,527,2,1.0,Qwen3-8B,1,random,random
R_3MF249C0ZzJGTOK,42285,680,0,0.0,Qwen3-8B,2,random,random
R_3MF249C0ZzJGTOK,44929,721,0,0.0,Qwen3-8B,3,random,random
R_3MF249C0ZzJGTOK,51366,814,0,0.0,Qwen3-8B,3,random,random
R_3MF249C0ZzJGTOK,51942,823,0,0.0,Qwen3-8B,5,random,random
R_3MF249C0ZzJGTOK,61448,971,0,0.0,Qwen3-8B,2,random,random
R_3MF249C0ZzJGTOK,70426,1120,0,0.0,Qwen3-8B,2,random,random
R_3MF249C0ZzJGTOK,71362,1138,0,0.0,Qwen3-8B,5,random,random
R_3MF249C0ZzJGTOK,106840,2562,0,0.0,Qwen3-8B,5,social-group,LGB
R_3MF249C0ZzJGTOK,106864,2563,0,0.0,Qwen3-8B,1,moral,fairness
R_3MF249C0ZzJGTOK,106888,2564,0,0.0,Qwen3-8B,2,random,random
R_3MF249C0ZzJGTOK,106912,2565,0,0.0,Qwen3-8B,3,social-group,christian
R_3MF249C0ZzJGTOK,106936,2566,0,0.0,Qwen3-8B,5,social-group,muslim
R_3MF249C0ZzJGTOK,106960,2567,0,0.0,Qwen3-8B,1,random,random
R_3MF249C0ZzJGTOK,106984,2568,1,0.0,Qwen3-8B,5,social-group,muslim
R_3MF249C0ZzJGTOK,107008,2569,0,0.0,Qwen3-8B,2,social-group,christian
R_3MF249C0ZzJGTOK,107032,2570,0,0.0,Qwen3-8B,5,social-group,muslim
R_3MF249C0ZzJGTOK,107056,2571,0,0.0,Qwen3-8B,2,moral,care
R_3MF249C0ZzJGTOK,107080,2572,0,0.0,Qwen3-8B,5,social-group,christian
R_3MF249C0ZzJGTOK,107104,2573,0,0.0,Qwen3-8B,5,social-group,muslim
R_3MF249C0ZzJGTOK,107128,2574,0,0.0,Qwen3-8B,4,social-group,jewish
R_3MF249C0ZzJGTOK,107152,2575,0,0.0,Qwen3-8B,4,social-group,LGB
R_3MF249C0ZzJGTOK,107176,2576,0,0.0,Qwen3-8B,2,social-group,christian
R_3MF249C0ZzJGTOK,107200,2577,0,0.0,Qwen3-8B,3,social-group,christian
R_3MF249C0ZzJGTOK,107224,2578,0,0.0,Qwen3-8B,3,social-group,christian
R_3MF249C0ZzJGTOK,107248,2579,0,0.0,Qwen3-8B,2,social-group,christian
R_3MF249C0ZzJGTOK,107272,2580,1,0.0,Qwen3-8B,4,social-group,transgender
R_3MF249C0ZzJGTOK,107296,2581,0,0.0,Qwen3-8B,5,social-group,muslim
R_3MF249C0ZzJGTOK,107320,2582,0,0.0,Qwen3-8B,2,social-group,transgender
R_3MF249C0ZzJGTOK,107344,2583,0,0.0,Qwen3-8B,4,moral,fairness
R_1dN2vs9YKpfp4ZY,1222,22,-1,,Qwen3-8B,1,random,random
R_1dN2vs9YKpfp4ZY,9967,160,0,0.0,Qwen3-8B,3,random,random
R_1dN2vs9YKpfp4ZY,14329,227,1,0.0,Qwen3-8B,1,random,random
R_1dN2vs9YKpfp4ZY,41582,669,0,0.0,Qwen3-8B,3,random,random
R_1dN2vs9YKpfp4ZY,55867,882,1,0.0,Qwen3-8B,3,random,random
R_1dN2vs9YKpfp4ZY,59584,937,1,0.0,Qwen3-8B,3,random,random
R_1dN2vs9YKpfp4ZY,60368,951,0,0.0,Qwen3-8B,4,random,random
R_1dN2vs9YKpfp4ZY,68658,1088,1,0.0,Qwen3-8B,2,random,random
R_1dN2vs9YKpfp4ZY,99510,2251,1,0.0,Qwen3-8B,2,random,random
R_1dN2vs9YKpfp4ZY,99534,2252,-1,,Qwen3-8B,3,social-group,LGB
R_1dN2vs9YKpfp4ZY,99558,2253,0,0.0,Qwen3-8B,2,moral,authority
R_1dN2vs9YKpfp4ZY,99582,2254,-1,,Qwen3-8B,3,social-group,christian
R_1dN2vs9YKpfp4ZY,99606,2255,0,0.0,Qwen3-8B,3,social-group,christian
R_1dN2vs9YKpfp4ZY,99630,2256,0,0.0,Qwen3-8B,3,social-group,christian
R_1dN2vs9YKpfp4ZY,99654,2257,1,0.0,Qwen3-8B,2,random,random
R_1dN2vs9YKpfp4ZY,99678,2258,-1,,Qwen3-8B,2,social-group,transgender
R_1dN2vs9YKpfp4ZY,99702,2259,4,1.0,Qwen3-8B,3,social-group,transgender
R_1dN2vs9YKpfp4ZY,99726,2260,3,1.0,Qwen3-8B,3,social-group,jewish
R_1dN2vs9YKpfp4ZY,99750,2261,-1,,Qwen3-8B,4,social-group,jewish
R_1dN2vs9YKpfp4ZY,99774,2262,2,1.0,Qwen3-8B,3,social-group,transgender
R_1dN2vs9YKpfp4ZY,99798,2263,0,0.0,Qwen3-8B,5,social-group,jewish
R_1dN2vs9YKpfp4ZY,99822,2264,0,0.0,Qwen3-8B,2,social-group,christian
R_1dN2vs9YKpfp4ZY,99846,2265,2,1.0,Qwen3-8B,4,social-group,christian
R_1dN2vs9YKpfp4ZY,99870,2266,2,1.0,Qwen3-8B,2,social-group,christian
R_1dN2vs9YKpfp4ZY,99894,2267,0,0.0,Qwen3-8B,2,random,random
R_1dN2vs9YKpfp4ZY,99918,2268,1,0.0,Qwen3-8B,4,moral,care
R_1dN2vs9YKpfp4ZY,99942,2269,4,1.0,Qwen3-8B,4,social-group,LGB
R_1dN2vs9YKpfp4ZY,99966,2270,-1,,Qwen3-8B,3,social-group,jewish
R_1dN2vs9YKpfp4ZY,99990,2271,-1,,Qwen3-8B,3,social-group,jewish
R_1dN2vs9YKpfp4ZY,100014,2272,0,0.0,Qwen3-8B,1,social-group,LGB
R_1dN2vs9YKpfp4ZY,100038,2273,2,1.0,Qwen3-8B,4,random,random
R_1dN2vs9YKpfp4ZY,100062,2274,0,0.0,Qwen3-8B,2,moral,loyalty
R_1dN2vs9YKpfp4ZY,100086,2275,4,1.0,Qwen3-8B,4,social-group,transgender
R_1dN2vs9YKpfp4ZY,100110,2276,1,0.0,Qwen3-8B,2,random,random
R_1dN2vs9YKpfp4ZY,100134,2277,1,0.0,Qwen3-8B,2,moral,care
R_3HAHAJ4cmjojaeM,1226,22,0,0.0,Qwen3-8B,1,random,random
R_3HAHAJ4cmjojaeM,9972,160,0,0.0,Qwen3-8B,3,random,random
R_3HAHAJ4cmjojaeM,14333,227,0,0.0,Qwen3-8B,1,random,random
R_3HAHAJ4cmjojaeM,41588,669,0,0.0,Qwen3-8B,3,random,random
R_3HAHAJ4cmjojaeM,55873,882,0,0.0,Qwen3-8B,3,random,random
R_3HAHAJ4cmjojaeM,59590,937,0,0.0,Qwen3-8B,3,random,random
R_3HAHAJ4cmjojaeM,60375,951,0,0.0,Qwen3-8B,4,random,random
R_3HAHAJ4cmjojaeM,68664,1088,0,0.0,Qwen3-8B,2,random,random
R_3HAHAJ4cmjojaeM,99512,2251,0,0.0,Qwen3-8B,2,random,random
R_3HAHAJ4cmjojaeM,99536,2252,0,0.0,Qwen3-8B,3,social-group,LGB
R_3HAHAJ4cmjojaeM,99560,2253,0,0.0,Qwen3-8B,2,moral,authority
R_3HAHAJ4cmjojaeM,99584,2254,0,0.0,Qwen3-8B,3,social-group,christian
R_3HAHAJ4cmjojaeM,99608,2255,0,0.0,Qwen3-8B,3,social-group,christian
R_3HAHAJ4cmjojaeM,99632,2256,0,0.0,Qwen3-8B,3,social-group,christian
R_3HAHAJ4cmjojaeM,99656,2257,0,0.0,Qwen3-8B,2,random,random
R_3HAHAJ4cmjojaeM,99680,2258,0,0.0,Qwen3-8B,2,social-group,transgender
R_3HAHAJ4cmjojaeM,99704,2259,1,0.0,Qwen3-8B,3,social-group,transgender
R_3HAHAJ4cmjojaeM,99728,2260,0,0.0,Qwen3-8B,3,social-group,jewish
R_3HAHAJ4cmjojaeM,99752,2261,0,0.0,Qwen3-8B,4,social-group,jewish
R_3HAHAJ4cmjojaeM,99776,2262,0,0.0,Qwen3-8B,3,social-group,transgender
R_3HAHAJ4cmjojaeM,99800,2263,0,0.0,Qwen3-8B,5,social-group,jewish
R_3HAHAJ4cmjojaeM,99824,2264,0,0.0,Qwen3-8B,2,social-group,christian
R_3HAHAJ4cmjojaeM,99848,2265,0,0.0,Qwen3-8B,4,social-group,christian
R_3HAHAJ4cmjojaeM,99872,2266,0,0.0,Qwen3-8B,2,social-group,christian
R_3HAHAJ4cmjojaeM,99896,2267,0,0.0,Qwen3-8B,2,random,random
R_3HAHAJ4cmjojaeM,99920,2268,1,0.0,Qwen3-8B,4,moral,care
R_3HAHAJ4cmjojaeM,99944,2269,2,1.0,Qwen3-8B,4,social-group,LGB
R_3HAHAJ4cmjojaeM,99968,2270,1,0.0,Qwen3-8B,3,social-group,jewish
R_3HAHAJ4cmjojaeM,99992,2271,0,0.0,Qwen3-8B,3,social-group,jewish
R_3HAHAJ4cmjojaeM,100016,2272,0,0.0,Qwen3-8B,1,social-group,LGB
R_3HAHAJ4cmjojaeM,100040,2273,0,0.0,Qwen3-8B,4,random,random
R_3HAHAJ4cmjojaeM,100064,2274,0,0.0,Qwen3-8B,2,moral,loyalty
R_3HAHAJ4cmjojaeM,100088,2275,3,1.0,Qwen3-8B,4,social-group,transgender
R_3HAHAJ4cmjojaeM,100112,2276,0,0.0,Qwen3-8B,2,random,random
R_3HAHAJ4cmjojaeM,100136,2277,0,0.0,Qwen3-8B,2,moral,care
R_2OZNGYSiph6r7NS,1347,24,1,0.0,Qwen3-8B,4,random,random
R_2OZNGYSiph6r7NS,5389,90,1,0.0,Qwen3-8B,2,random,random
R_2OZNGYSiph6r7NS,41045,660,1,0.0,Qwen3-8B,2,random,random
R_2OZNGYSiph6r7NS,43958,707,1,0.0,Qwen3-8B,2,random,random
R_2OZNGYSiph6r7NS,52982,834,1,0.0,Qwen3-8B,3,random,random
R_2OZNGYSiph6r7NS,62039,982,0,0.0,Qwen3-8B,3,random,random
R_2OZNGYSiph6r7NS,62092,983,0,0.0,Qwen3-8B,1,random,random
R_2OZNGYSiph6r7NS,63278,1001,0,0.0,Qwen3-8B,1,random,random
R_2OZNGYSiph6r7NS,66140,1046,1,0.0,Qwen3-8B,3,random,random
R_2OZNGYSiph6r7NS,69322,1100,1,0.0,Qwen3-8B,3,random,random
R_2OZNGYSiph6r7NS,71001,1131,2,1.0,Qwen3-8B,3,random,random
R_2OZNGYSiph6r7NS,73128,1187,1,0.0,Qwen3-8B,2,moral,purity
R_2OZNGYSiph6r7NS,73158,1188,4,1.0,Qwen3-8B,5,social-group,jewish
R_2OZNGYSiph6r7NS,73180,1189,1,0.0,Qwen3-8B,5,social-group,christian
R_2OZNGYSiph6r7NS,73202,1190,3,1.0,Qwen3-8B,4,social-group,jewish
R_2OZNGYSiph6r7NS,73224,1191,0,0.0,Qwen3-8B,1,moral,care
R_2OZNGYSiph6r7NS,73246,1192,1,0.0,Qwen3-8B,2,social-group,christian
R_2OZNGYSiph6r7NS,73268,1193,1,0.0,Qwen3-8B,1,moral,authority
R_2OZNGYSiph6r7NS,73290,1194,0,0.0,Qwen3-8B,3,social-group,LGB
R_2OZNGYSiph6r7NS,73312,1195,0,0.0,Qwen3-8B,2,moral,care
R_2OZNGYSiph6r7NS,73334,1196,3,1.0,Qwen3-8B,5,social-group,muslim
R_2OZNGYSiph6r7NS,73356,1197,0,0.0,Qwen3-8B,2,social-group,jewish
R_2OZNGYSiph6r7NS,73378,1198,2,1.0,Qwen3-8B,4,social-group,muslim
R_2OZNGYSiph6r7NS,73400,1199,1,0.0,Qwen3-8B,2,social-group,christian
R_2OZNGYSiph6r7NS,73422,1200,1,0.0,Qwen3-8B,2,random,random
R_2OZNGYSiph6r7NS,73444,1201,1,0.0,Qwen3-8B,4,social-group,transgender
R_2OZNGYSiph6r7NS,73466,1202,1,0.0,Qwen3-8B,1,moral,care
R_2OZNGYSiph6r7NS,73488,1203,0,0.0,Qwen3-8B,3,social-group,transgender
R_2OZNGYSiph6r7NS,73510,1204,1,0.0,Qwen3-8B,4,social-group,christian
R_2OZNGYSiph6r7NS,73532,1205,0,0.0,Qwen3-8B,5,social-group,jewish
R_2OZNGYSiph6r7NS,73554,1206,1,0.0,Qwen3-8B,5,social-group,jewish
R_2OZNGYSiph6r7NS,73576,1207,1,0.0,Qwen3-8B,4,social-group,jewish
R_2OZNGYSiph6r7NS,73598,1208,2,1.0,Qwen3-8B,5,social-group,christian
R_2OZNGYSiph6r7NS,73620,1209,1,0.0,Qwen3-8B,4,social-group,jewish
R_2OZNGYSiph6r7NS,73642,1210,1,0.0,Qwen3-8B,5,social-group,LGB
R_xszWQCJqbhjFAGZ,1348,24,4,1.0,Qwen3-8B,4,random,random
R_xszWQCJqbhjFAGZ,5390,90,0,0.0,Qwen3-8B,2,random,random
R_xszWQCJqbhjFAGZ,41046,660,1,0.0,Qwen3-8B,2,random,random
R_xszWQCJqbhjFAGZ,43959,707,3,1.0,Qwen3-8B,2,random,random
R_xszWQCJqbhjFAGZ,52983,834,0,0.0,Qwen3-8B,3,random,random
R_xszWQCJqbhjFAGZ,62040,982,1,0.0,Qwen3-8B,3,random,random
R_xszWQCJqbhjFAGZ,62093,983,1,0.0,Qwen3-8B,1,random,random
R_xszWQCJqbhjFAGZ,63279,1001,0,0.0,Qwen3-8B,1,random,random
R_xszWQCJqbhjFAGZ,66141,1046,2,1.0,Qwen3-8B,3,random,random
R_xszWQCJqbhjFAGZ,69323,1100,3,1.0,Qwen3-8B,3,random,random
R_xszWQCJqbhjFAGZ,71002,1131,2,1.0,Qwen3-8B,3,random,random
R_xszWQCJqbhjFAGZ,73131,1187,0,0.0,Qwen3-8B,2,moral,purity
R_xszWQCJqbhjFAGZ,73159,1188,4,1.0,Qwen3-8B,5,social-group,jewish
R_xszWQCJqbhjFAGZ,73181,1189,4,1.0,Qwen3-8B,5,social-group,christian
R_xszWQCJqbhjFAGZ,73203,1190,4,1.0,Qwen3-8B,4,social-group,jewish
R_xszWQCJqbhjFAGZ,73225,1191,1,0.0,Qwen3-8B,1,moral,care
R_xszWQCJqbhjFAGZ,73247,1192,3,1.0,Qwen3-8B,2,social-group,christian
R_xszWQCJqbhjFAGZ,73269,1193,0,0.0,Qwen3-8B,1,moral,authority
R_xszWQCJqbhjFAGZ,73291,1194,3,1.0,Qwen3-8B,3,social-group,LGB
R_xszWQCJqbhjFAGZ,73313,1195,0,0.0,Qwen3-8B,2,moral,care
R_xszWQCJqbhjFAGZ,73335,1196,4,1.0,Qwen3-8B,5,social-group,muslim
R_xszWQCJqbhjFAGZ,73357,1197,1,0.0,Qwen3-8B,2,social-group,jewish
R_xszWQCJqbhjFAGZ,73379,1198,1,0.0,Qwen3-8B,4,social-group,muslim
R_xszWQCJqbhjFAGZ,73401,1199,-1,,Qwen3-8B,2,social-group,christian
R_xszWQCJqbhjFAGZ,73423,1200,1,0.0,Qwen3-8B,2,random,random
R_xszWQCJqbhjFAGZ,73445,1201,2,1.0,Qwen3-8B,4,social-group,transgender
R_xszWQCJqbhjFAGZ,73467,1202,0,0.0,Qwen3-8B,1,moral,care
R_xszWQCJqbhjFAGZ,73489,1203,3,1.0,Qwen3-8B,3,social-group,transgender
R_xszWQCJqbhjFAGZ,73511,1204,3,1.0,Qwen3-8B,4,social-group,christian
R_xszWQCJqbhjFAGZ,73533,1205,3,1.0,Qwen3-8B,5,social-group,jewish
R_xszWQCJqbhjFAGZ,73555,1206,3,1.0,Qwen3-8B,5,social-group,jewish
R_xszWQCJqbhjFAGZ,73577,1207,4,1.0,Qwen3-8B,4,social-group,jewish
R_xszWQCJqbhjFAGZ,73599,1208,3,1.0,Qwen3-8B,5,social-group,christian
R_xszWQCJqbhjFAGZ,73621,1209,3,1.0,Qwen3-8B,4,social-group,jewish
R_xszWQCJqbhjFAGZ,73643,1210,0,0.0,Qwen3-8B,5,social-group,LGB
R_1jVyKBL8XYXSBS1,1467,27,0,0.0,Qwen3-8B,2,random,random
R_1jVyKBL8XYXSBS1,8309,134,0,0.0,Qwen3-8B,1,random,random
R_1jVyKBL8XYXSBS1,15579,244,1,0.0,Qwen3-8B,2,random,random
R_1jVyKBL8XYXSBS1,24505,386,0,0.0,Qwen3-8B,4,random,random
R_1jVyKBL8XYXSBS1,27043,428,0,0.0,Qwen3-8B,3,random,random
R_1jVyKBL8XYXSBS1,27511,437,0,0.0,Qwen3-8B,3,random,random
R_1jVyKBL8XYXSBS1,28545,457,0,0.0,Qwen3-8B,3,random,random
R_1jVyKBL8XYXSBS1,29730,476,1,0.0,Qwen3-8B,2,random,random
R_1jVyKBL8XYXSBS1,36875,590,3,1.0,Qwen3-8B,4,random,random
R_1jVyKBL8XYXSBS1,54209,854,1,0.0,Qwen3-8B,3,random,random
R_1jVyKBL8XYXSBS1,69596,1105,3,1.0,Qwen3-8B,3,random,random
R_1jVyKBL8XYXSBS1,70642,1124,0,0.0,Qwen3-8B,1,random,random
R_1jVyKBL8XYXSBS1,126975,3423,2,1.0,Qwen3-8B,2,moral,loyalty
R_1jVyKBL8XYXSBS1,127000,3424,3,1.0,Qwen3-8B,1,moral,fairness
R_1jVyKBL8XYXSBS1,127025,3425,4,1.0,Qwen3-8B,2,social-group,muslim
R_1jVyKBL8XYXSBS1,127050,3426,2,1.0,Qwen3-8B,1,social-group,transgender
R_1jVyKBL8XYXSBS1,127075,3427,2,1.0,Qwen3-8B,3,social-group,muslim
R_1jVyKBL8XYXSBS1,127100,3428,3,1.0,Qwen3-8B,3,moral,care
R_1jVyKBL8XYXSBS1,127125,3429,2,1.0,Qwen3-8B,3,social-group,LGB
R_1jVyKBL8XYXSBS1,127150,3430,1,0.0,Qwen3-8B,1,moral,authority
R_1jVyKBL8XYXSBS1,127175,3431,0,0.0,Qwen3-8B,3,social-group,muslim
R_1jVyKBL8XYXSBS1,127200,3432,0,0.0,Qwen3-8B,1,social-group,transgender
R_1jVyKBL8XYXSBS1,127225,3433,1,0.0,Qwen3-8B,4,random,random
R_1jVyKBL8XYXSBS1,127250,3434,0,0.0,Qwen3-8B,2,moral,fairness
R_1jVyKBL8XYXSBS1,127275,3435,0,0.0,Qwen3-8B,1,moral,care
R_1jVyKBL8XYXSBS1,127300,3436,0,0.0,Qwen3-8B,1,random,random
R_1jVyKBL8XYXSBS1,127325,3437,2,1.0,Qwen3-8B,3,random,random
R_1jVyKBL8XYXSBS1,127350,3438,1,0.0,Qwen3-8B,3,social-group,muslim
R_1jVyKBL8XYXSBS1,127426,3439,0,0.0,Qwen3-8B,1,moral,authority
R_1jVyKBL8XYXSBS1,127426,3439,0,0.0,Qwen3-8B,1,random,random
R_1jVyKBL8XYXSBS1,127426,3439,0,0.0,Qwen3-8B,1,moral,authority
R_1jVyKBL8XYXSBS1,127426,3439,0,0.0,Qwen3-8B,1,random,random
R_1jVyKBL8XYXSBS1,127473,3440,1,0.0,Qwen3-8B,3,social-group,jewish
R_1jVyKBL8XYXSBS1,127498,3441,1,0.0,Qwen3-8B,3,social-group,transgender
R_1jVyKBL8XYXSBS1,127523,3442,1,0.0,Qwen3-8B,2,random,random
R_1jVyKBL8XYXSBS1,127548,3443,1,0.0,Qwen3-8B,4,social-group,transgender
R_1jVyKBL8XYXSBS1,127573,3444,1,0.0,Qwen3-8B,1,social-group,LGB
R_1jVyKBL8XYXSBS1,127598,3445,2,1.0,Qwen3-8B,2,social-group,LGB
R_AbYqHzes7KRappf,1483,27,1,0.0,Qwen3-8B,2,random,random
R_AbYqHzes7KRappf,8325,134,0,0.0,Qwen3-8B,1,random,random
R_AbYqHzes7KRappf,15595,244,0,0.0,Qwen3-8B,2,random,random
R_AbYqHzes7KRappf,24516,386,0,0.0,Qwen3-8B,4,random,random
R_AbYqHzes7KRappf,27055,428,0,0.0,Qwen3-8B,3,random,random
R_AbYqHzes7KRappf,27523,437,1,0.0,Qwen3-8B,3,random,random
R_AbYqHzes7KRappf,28557,457,0,0.0,Qwen3-8B,3,random,random
R_AbYqHzes7KRappf,29746,476,0,0.0,Qwen3-8B,2,random,random
R_AbYqHzes7KRappf,36890,590,1,0.0,Qwen3-8B,4,random,random
R_AbYqHzes7KRappf,54220,854,1,0.0,Qwen3-8B,3,random,random
R_AbYqHzes7KRappf,69608,1105,0,0.0,Qwen3-8B,3,random,random
R_AbYqHzes7KRappf,70654,1124,0,0.0,Qwen3-8B,1,random,random
R_AbYqHzes7KRappf,126980,3423,2,1.0,Qwen3-8B,2,moral,loyalty
R_AbYqHzes7KRappf,127005,3424,0,0.0,Qwen3-8B,1,moral,fairness
R_AbYqHzes7KRappf,127030,3425,4,1.0,Qwen3-8B,2,social-group,muslim
R_AbYqHzes7KRappf,127055,3426,0,0.0,Qwen3-8B,1,social-group,transgender
R_AbYqHzes7KRappf,127080,3427,1,0.0,Qwen3-8B,3,social-group,muslim
R_AbYqHzes7KRappf,127105,3428,1,0.0,Qwen3-8B,3,moral,care
R_AbYqHzes7KRappf,127130,3429,0,0.0,Qwen3-8B,3,social-group,LGB
R_AbYqHzes7KRappf,127155,3430,1,0.0,Qwen3-8B,1,moral,authority
R_AbYqHzes7KRappf,127180,3431,2,1.0,Qwen3-8B,3,social-group,muslim
R_AbYqHzes7KRappf,127205,3432,0,0.0,Qwen3-8B,1,social-group,transgender
R_AbYqHzes7KRappf,127230,3433,1,0.0,Qwen3-8B,4,random,random
R_AbYqHzes7KRappf,127255,3434,0,0.0,Qwen3-8B,2,moral,fairness
R_AbYqHzes7KRappf,127280,3435,0,0.0,Qwen3-8B,1,moral,care
R_AbYqHzes7KRappf,127305,3436,0,0.0,Qwen3-8B,1,random,random
R_AbYqHzes7KRappf,127330,3437,0,0.0,Qwen3-8B,3,random,random
R_AbYqHzes7KRappf,127355,3438,1,0.0,Qwen3-8B,3,social-group,muslim
R_AbYqHzes7KRappf,127446,3439,0,0.0,Qwen3-8B,1,moral,authority
R_AbYqHzes7KRappf,127446,3439,0,0.0,Qwen3-8B,1,random,random
R_AbYqHzes7KRappf,127446,3439,0,0.0,Qwen3-8B,1,moral,authority
R_AbYqHzes7KRappf,127446,3439,0,0.0,Qwen3-8B,1,random,random
R_AbYqHzes7KRappf,127478,3440,4,1.0,Qwen3-8B,3,social-group,jewish
R_AbYqHzes7KRappf,127503,3441,0,0.0,Qwen3-8B,3,social-group,transgender
R_AbYqHzes7KRappf,127528,3442,0,0.0,Qwen3-8B,2,random,random
R_AbYqHzes7KRappf,127553,3443,2,1.0,Qwen3-8B,4,social-group,transgender
R_AbYqHzes7KRappf,127578,3444,3,1.0,Qwen3-8B,1,social-group,LGB
R_AbYqHzes7KRappf,127603,3445,1,0.0,Qwen3-8B,2,social-group,LGB
R_1r7gpwUNLlFDB8H,1521,28,-1,,Qwen3-8B,2,random,random
R_1r7gpwUNLlFDB8H,4561,77,1,0.0,Qwen3-8B,3,random,random
R_1r7gpwUNLlFDB8H,14929,235,0,0.0,Qwen3-8B,3,random,random
R_1r7gpwUNLlFDB8H,14929,235,0,0.0,Qwen3-8B,3,moral,loyalty
R_1r7gpwUNLlFDB8H,14929,235,0,0.0,Qwen3-8B,3,random,random
R_1r7gpwUNLlFDB8H,14929,235,0,0.0,Qwen3-8B,3,moral,loyalty
R_1r7gpwUNLlFDB8H,25601,404,0,0.0,Qwen3-8B,1,random,random
R_1r7gpwUNLlFDB8H,32639,519,0,0.0,Qwen3-8B,3,random,random
R_1r7gpwUNLlFDB8H,38462,617,4,1.0,Qwen3-8B,2,random,random
R_1r7gpwUNLlFDB8H,41953,675,0,0.0,Qwen3-8B,4,random,random
R_1r7gpwUNLlFDB8H,54785,864,0,0.0,Qwen3-8B,3,random,random
R_1r7gpwUNLlFDB8H,130632,3576,0,0.0,Qwen3-8B,4,social-group,LGB
R_1r7gpwUNLlFDB8H,130656,3577,0,0.0,Qwen3-8B,3,random,random
R_1r7gpwUNLlFDB8H,130680,3578,1,0.0,Qwen3-8B,4,social-group,jewish
R_1r7gpwUNLlFDB8H,130704,3579,1,0.0,Qwen3-8B,1,social-group,christian
R_1r7gpwUNLlFDB8H,130728,3580,1,0.0,Qwen3-8B,4,social-group,muslim
R_1r7gpwUNLlFDB8H,130752,3581,0,0.0,Qwen3-8B,1,moral,purity
R_1r7gpwUNLlFDB8H,130776,3582,2,1.0,Qwen3-8B,5,social-group,transgender
R_1r7gpwUNLlFDB8H,130800,3583,1,0.0,Qwen3-8B,3,social-group,transgender
R_1r7gpwUNLlFDB8H,130824,3584,0,0.0,Qwen3-8B,5,social-group,LGB
R_1r7gpwUNLlFDB8H,130848,3585,-1,,Qwen3-8B,3,social-group,jewish
R_1r7gpwUNLlFDB8H,130872,3586,0,0.0,Qwen3-8B,2,moral,authority
R_1r7gpwUNLlFDB8H,130896,3587,0,0.0,Qwen3-8B,5,social-group,muslim
R_1r7gpwUNLlFDB8H,130920,3588,1,0.0,Qwen3-8B,3,social-group,christian
R_1r7gpwUNLlFDB8H,130944,3589,-1,,Qwen3-8B,4,random,random
R_1r7gpwUNLlFDB8H,130968,3590,2,1.0,Qwen3-8B,2,social-group,LGB
R_1r7gpwUNLlFDB8H,130992,3591,1,0.0,Qwen3-8B,3,social-group,muslim
R_1r7gpwUNLlFDB8H,131016,3592,0,0.0,Qwen3-8B,2,social-group,LGB
R_1r7gpwUNLlFDB8H,131040,3593,0,0.0,Qwen3-8B,3,social-group,transgender
R_1r7gpwUNLlFDB8H,131064,3594,2,1.0,Qwen3-8B,5,social-group,jewish
R_1r7gpwUNLlFDB8H,131088,3595,-1,,Qwen3-8B,3,social-group,christian
R_1r7gpwUNLlFDB8H,131112,3596,2,1.0,Qwen3-8B,4,social-group,muslim
R_1r7gpwUNLlFDB8H,131136,3597,3,1.0,Qwen3-8B,5,social-group,jewish
R_1r7gpwUNLlFDB8H,131160,3598,1,0.0,Qwen3-8B,4,social-group,LGB
R_1r7gpwUNLlFDB8H,131184,3599,1,0.0,Qwen3-8B,5,social-group,christian
R_1r7gpwUNLlFDB8H,131208,3600,1,0.0,Qwen3-8B,5,social-group,muslim
R_1r7gpwUNLlFDB8H,131232,3601,2,1.0,Qwen3-8B,3,social-group,christian
R_1r7gpwUNLlFDB8H,131256,3602,2,1.0,Qwen3-8B,4,social-group,transgender
R_339H161CwwzP7ru,1537,28,0,0.0,Qwen3-8B,2,random,random
R_339H161CwwzP7ru,4578,77,0,0.0,Qwen3-8B,3,random,random
R_339H161CwwzP7ru,14965,235,0,0.0,Qwen3-8B,3,random,random
R_339H161CwwzP7ru,14965,235,0,0.0,Qwen3-8B,3,moral,loyalty
R_339H161CwwzP7ru,14965,235,0,0.0,Qwen3-8B,3,random,random
R_339H161CwwzP7ru,14965,235,0,0.0,Qwen3-8B,3,moral,loyalty
R_339H161CwwzP7ru,25621,404,0,0.0,Qwen3-8B,1,random,random
R_339H161CwwzP7ru,32653,519,2,1.0,Qwen3-8B,3,random,random
R_339H161CwwzP7ru,38479,617,1,0.0,Qwen3-8B,2,random,random
R_339H161CwwzP7ru,41972,675,0,0.0,Qwen3-8B,4,random,random
R_339H161CwwzP7ru,54798,864,0,0.0,Qwen3-8B,3,random,random
R_339H161CwwzP7ru,130639,3576,0,0.0,Qwen3-8B,4,social-group,LGB
R_339H161CwwzP7ru,130663,3577,0,0.0,Qwen3-8B,3,random,random
R_339H161CwwzP7ru,130687,3578,0,0.0,Qwen3-8B,4,social-group,jewish
R_339H161CwwzP7ru,130711,3579,0,0.0,Qwen3-8B,1,social-group,christian
R_339H161CwwzP7ru,130735,3580,1,0.0,Qwen3-8B,4,social-group,muslim
R_339H161CwwzP7ru,130759,3581,0,0.0,Qwen3-8B,1,moral,purity
R_339H161CwwzP7ru,130783,3582,0,0.0,Qwen3-8B,5,social-group,transgender
R_339H161CwwzP7ru,130807,3583,0,0.0,Qwen3-8B,3,social-group,transgender
R_339H161CwwzP7ru,130831,3584,1,0.0,Qwen3-8B,5,social-group,LGB
R_339H161CwwzP7ru,130855,3585,1,0.0,Qwen3-8B,3,social-group,jewish
R_339H161CwwzP7ru,130879,3586,0,0.0,Qwen3-8B,2,moral,authority
R_339H161CwwzP7ru,130903,3587,0,0.0,Qwen3-8B,5,social-group,muslim
R_339H161CwwzP7ru,130927,3588,1,0.0,Qwen3-8B,3,social-group,christian
R_339H161CwwzP7ru,130951,3589,0,0.0,Qwen3-8B,4,random,random
R_339H161CwwzP7ru,130975,3590,1,0.0,Qwen3-8B,2,social-group,LGB
R_339H161CwwzP7ru,130999,3591,0,0.0,Qwen3-8B,3,social-group,muslim
R_339H161CwwzP7ru,131023,3592,0,0.0,Qwen3-8B,2,social-group,LGB
R_339H161CwwzP7ru,131047,3593,0,0.0,Qwen3-8B,3,social-group,transgender
R_339H161CwwzP7ru,131071,3594,0,0.0,Qwen3-8B,5,social-group,jewish
R_339H161CwwzP7ru,131095,3595,0,0.0,Qwen3-8B,3,social-group,christian
R_339H161CwwzP7ru,131119,3596,2,1.0,Qwen3-8B,4,social-group,muslim
R_339H161CwwzP7ru,131143,3597,1,0.0,Qwen3-8B,5,social-group,jewish
R_339H161CwwzP7ru,131167,3598,1,0.0,Qwen3-8B,4,social-group,LGB
R_339H161CwwzP7ru,131191,3599,1,0.0,Qwen3-8B,5,social-group,christian
R_339H161CwwzP7ru,131215,3600,1,0.0,Qwen3-8B,5,social-group,muslim
R_339H161CwwzP7ru,131239,3601,0,0.0,Qwen3-8B,3,social-group,christian
R_339H161CwwzP7ru,131263,3602,0,0.0,Qwen3-8B,4,social-group,transgender
R_2eOpXfVMG1m9rGY,1567,29,-1,,Qwen3-8B,1,random,random
R_2eOpXfVMG1m9rGY,6553,109,2,1.0,Qwen3-8B,2,random,random
R_2eOpXfVMG1m9rGY,20864,328,4,1.0,Qwen3-8B,3,random,random
R_2eOpXfVMG1m9rGY,23804,374,0,0.0,Qwen3-8B,4,random,random
R_2eOpXfVMG1m9rGY,31027,495,0,0.0,Qwen3-8B,2,random,random
R_2eOpXfVMG1m9rGY,31876,507,0,0.0,Qwen3-8B,2,random,random
R_2eOpXfVMG1m9rGY,53954,850,-1,,Qwen3-8B,2,random,random
R_2eOpXfVMG1m9rGY,66250,1048,0,0.0,Qwen3-8B,2,random,random
R_2eOpXfVMG1m9rGY,71440,1140,2,1.0,Qwen3-8B,5,random,random
R_2eOpXfVMG1m9rGY,112535,2802,0,0.0,Qwen3-8B,1,moral,care
R_2eOpXfVMG1m9rGY,149714,4404,2,1.0,Qwen3-8B,5,social-group,transgender
R_2eOpXfVMG1m9rGY,149738,4405,2,1.0,Qwen3-8B,3,social-group,LGB
R_2eOpXfVMG1m9rGY,149762,4406,4,1.0,Qwen3-8B,3,social-group,jewish
R_2eOpXfVMG1m9rGY,149786,4407,3,1.0,Qwen3-8B,5,social-group,christian
R_2eOpXfVMG1m9rGY,149810,4408,1,0.0,Qwen3-8B,5,social-group,christian
R_2eOpXfVMG1m9rGY,149834,4409,4,1.0,Qwen3-8B,3,social-group,transgender
R_2eOpXfVMG1m9rGY,149858,4410,4,1.0,Qwen3-8B,3,social-group,jewish
R_2eOpXfVMG1m9rGY,149882,4411,0,0.0,Qwen3-8B,5,social-group,LGB
R_2eOpXfVMG1m9rGY,149906,4412,0,0.0,Qwen3-8B,5,social-group,LGB
R_2eOpXfVMG1m9rGY,149930,4413,0,0.0,Qwen3-8B,3,social-group,transgender
R_2eOpXfVMG1m9rGY,149954,4414,0,0.0,Qwen3-8B,3,social-group,LGB
R_2eOpXfVMG1m9rGY,149978,4415,0,0.0,Qwen3-8B,4,social-group,transgender
R_2eOpXfVMG1m9rGY,150002,4416,0,0.0,Qwen3-8B,2,random,random
R_2eOpXfVMG1m9rGY,150026,4417,0,0.0,Qwen3-8B,2,social-group,christian
R_2eOpXfVMG1m9rGY,150050,4418,3,1.0,Qwen3-8B,3,social-group,transgender
R_2eOpXfVMG1m9rGY,150074,4419,0,0.0,Qwen3-8B,5,social-group,jewish
R_2eOpXfVMG1m9rGY,150098,4420,0,0.0,Qwen3-8B,2,social-group,christian
R_2eOpXfVMG1m9rGY,150122,4421,2,1.0,Qwen3-8B,2,social-group,transgender
R_2eOpXfVMG1m9rGY,150146,4422,1,0.0,Qwen3-8B,4,random,random
R_2eOpXfVMG1m9rGY,150170,4423,2,1.0,Qwen3-8B,4,social-group,muslim
R_2eOpXfVMG1m9rGY,150194,4424,3,1.0,Qwen3-8B,3,social-group,muslim
R_2eOpXfVMG1m9rGY,150218,4425,0,0.0,Qwen3-8B,4,social-group,transgender
R_2eOpXfVMG1m9rGY,150242,4426,2,1.0,Qwen3-8B,4,social-group,muslim
R_2eOpXfVMG1m9rGY,150266,4427,0,0.0,Qwen3-8B,1,social-group,LGB
R_2eOpXfVMG1m9rGY,150290,4428,-1,,Qwen3-8B,3,social-group,christian
R_1g5zQUHVORR3MTO,1574,29,0,0.0,Qwen3-8B,1,random,random
R_1g5zQUHVORR3MTO,6559,109,0,0.0,Qwen3-8B,2,random,random
R_1g5zQUHVORR3MTO,20871,328,0,0.0,Qwen3-8B,3,random,random
R_1g5zQUHVORR3MTO,23809,374,1,0.0,Qwen3-8B,4,random,random
R_1g5zQUHVORR3MTO,31033,495,0,0.0,Qwen3-8B,2,random,random
R_1g5zQUHVORR3MTO,31882,507,0,0.0,Qwen3-8B,2,random,random
R_1g5zQUHVORR3MTO,53960,850,-1,,Qwen3-8B,2,random,random
R_1g5zQUHVORR3MTO,66255,1048,0,0.0,Qwen3-8B,2,random,random
R_1g5zQUHVORR3MTO,71445,1140,2,1.0,Qwen3-8B,5,random,random
R_1g5zQUHVORR3MTO,112541,2802,0,0.0,Qwen3-8B,1,moral,care
R_1g5zQUHVORR3MTO,149716,4404,0,0.0,Qwen3-8B,5,social-group,transgender
R_1g5zQUHVORR3MTO,149740,4405,0,0.0,Qwen3-8B,3,social-group,LGB
R_1g5zQUHVORR3MTO,149764,4406,0,0.0,Qwen3-8B,3,social-group,jewish
R_1g5zQUHVORR3MTO,149788,4407,1,0.0,Qwen3-8B,5,social-group,christian
R_1g5zQUHVORR3MTO,149812,4408,1,0.0,Qwen3-8B,5,social-group,christian
R_1g5zQUHVORR3MTO,149836,4409,0,0.0,Qwen3-8B,3,social-group,transgender
R_1g5zQUHVORR3MTO,149860,4410,0,0.0,Qwen3-8B,3,social-group,jewish
R_1g5zQUHVORR3MTO,149884,4411,0,0.0,Qwen3-8B,5,social-group,LGB
R_1g5zQUHVORR3MTO,149908,4412,0,0.0,Qwen3-8B,5,social-group,LGB
R_1g5zQUHVORR3MTO,149932,4413,1,0.0,Qwen3-8B,3,social-group,transgender
R_1g5zQUHVORR3MTO,149956,4414,0,0.0,Qwen3-8B,3,social-group,LGB
R_1g5zQUHVORR3MTO,149980,4415,0,0.0,Qwen3-8B,4,social-group,transgender
R_1g5zQUHVORR3MTO,150004,4416,0,0.0,Qwen3-8B,2,random,random
R_1g5zQUHVORR3MTO,150028,4417,0,0.0,Qwen3-8B,2,social-group,christian
R_1g5zQUHVORR3MTO,150052,4418,1,0.0,Qwen3-8B,3,social-group,transgender
R_1g5zQUHVORR3MTO,150076,4419,0,0.0,Qwen3-8B,5,social-group,jewish
R_1g5zQUHVORR3MTO,150100,4420,0,0.0,Qwen3-8B,2,social-group,christian
R_1g5zQUHVORR3MTO,150124,4421,-1,,Qwen3-8B,2,social-group,transgender
R_1g5zQUHVORR3MTO,150148,4422,1,0.0,Qwen3-8B,4,random,random
R_1g5zQUHVORR3MTO,150172,4423,1,0.0,Qwen3-8B,4,social-group,muslim
R_1g5zQUHVORR3MTO,150196,4424,1,0.0,Qwen3-8B,3,social-group,muslim
R_1g5zQUHVORR3MTO,150220,4425,1,0.0,Qwen3-8B,4,social-group,transgender
R_1g5zQUHVORR3MTO,150244,4426,0,0.0,Qwen3-8B,4,social-group,muslim
R_1g5zQUHVORR3MTO,150268,4427,0,0.0,Qwen3-8B,1,social-group,LGB
R_1g5zQUHVORR3MTO,150292,4428,1,0.0,Qwen3-8B,3,social-group,christian
R_3nvYwgm10L30BCQ,1587,29,0,0.0,Qwen3-8B,1,random,random
R_3nvYwgm10L30BCQ,6577,109,1,0.0,Qwen3-8B,2,random,random
R_3nvYwgm10L30BCQ,20883,328,1,0.0,Qwen3-8B,3,random,random
R_3nvYwgm10L30BCQ,23825,374,2,1.0,Qwen3-8B,4,random,random
R_3nvYwgm10L30BCQ,31050,495,2,1.0,Qwen3-8B,2,random,random
R_3nvYwgm10L30BCQ,31899,507,0,0.0,Qwen3-8B,2,random,random
R_3nvYwgm10L30BCQ,53973,850,0,0.0,Qwen3-8B,2,random,random
R_3nvYwgm10L30BCQ,66270,1048,0,0.0,Qwen3-8B,2,random,random
R_3nvYwgm10L30BCQ,71458,1140,1,0.0,Qwen3-8B,5,random,random
R_3nvYwgm10L30BCQ,112550,2802,0,0.0,Qwen3-8B,1,moral,care
R_3nvYwgm10L30BCQ,149722,4404,0,0.0,Qwen3-8B,5,social-group,transgender
R_3nvYwgm10L30BCQ,149746,4405,1,0.0,Qwen3-8B,3,social-group,LGB
R_3nvYwgm10L30BCQ,149770,4406,1,0.0,Qwen3-8B,3,social-group,jewish
R_3nvYwgm10L30BCQ,149794,4407,2,1.0,Qwen3-8B,5,social-group,christian
R_3nvYwgm10L30BCQ,149818,4408,2,1.0,Qwen3-8B,5,social-group,christian
R_3nvYwgm10L30BCQ,149842,4409,1,0.0,Qwen3-8B,3,social-group,transgender
R_3nvYwgm10L30BCQ,149866,4410,0,0.0,Qwen3-8B,3,social-group,jewish
R_3nvYwgm10L30BCQ,149890,4411,2,1.0,Qwen3-8B,5,social-group,LGB
R_3nvYwgm10L30BCQ,149914,4412,1,0.0,Qwen3-8B,5,social-group,LGB
R_3nvYwgm10L30BCQ,149938,4413,1,0.0,Qwen3-8B,3,social-group,transgender
R_3nvYwgm10L30BCQ,149962,4414,0,0.0,Qwen3-8B,3,social-group,LGB
R_3nvYwgm10L30BCQ,149986,4415,1,0.0,Qwen3-8B,4,social-group,transgender
R_3nvYwgm10L30BCQ,150010,4416,1,0.0,Qwen3-8B,2,random,random
R_3nvYwgm10L30BCQ,150034,4417,1,0.0,Qwen3-8B,2,social-group,christian
R_3nvYwgm10L30BCQ,150058,4418,1,0.0,Qwen3-8B,3,social-group,transgender
R_3nvYwgm10L30BCQ,150082,4419,2,1.0,Qwen3-8B,5,social-group,jewish
R_3nvYwgm10L30BCQ,150106,4420,1,0.0,Qwen3-8B,2,social-group,christian
R_3nvYwgm10L30BCQ,150130,4421,1,0.0,Qwen3-8B,2,social-group,transgender
R_3nvYwgm10L30BCQ,150154,4422,1,0.0,Qwen3-8B,4,random,random
R_3nvYwgm10L30BCQ,150178,4423,3,1.0,Qwen3-8B,4,social-group,muslim
R_3nvYwgm10L30BCQ,150202,4424,0,0.0,Qwen3-8B,3,social-group,muslim
R_3nvYwgm10L30BCQ,150226,4425,2,1.0,Qwen3-8B,4,social-group,transgender
R_3nvYwgm10L30BCQ,150250,4426,0,0.0,Qwen3-8B,4,social-group,muslim
R_3nvYwgm10L30BCQ,150274,4427,0,0.0,Qwen3-8B,1,social-group,LGB
R_3nvYwgm10L30BCQ,150298,4428,0,0.0,Qwen3-8B,3,social-group,christian
R_12Rw7A4iRSo7QwK,1603,29,0,0.0,Qwen3-8B,1,random,random
R_12Rw7A4iRSo7QwK,6592,109,0,0.0,Qwen3-8B,2,random,random
R_12Rw7A4iRSo7QwK,20898,328,0,0.0,Qwen3-8B,3,random,random
R_12Rw7A4iRSo7QwK,23836,374,0,0.0,Qwen3-8B,4,random,random
R_12Rw7A4iRSo7QwK,31065,495,0,0.0,Qwen3-8B,2,random,random
R_12Rw7A4iRSo7QwK,31914,507,1,0.0,Qwen3-8B,2,random,random
R_12Rw7A4iRSo7QwK,53984,850,0,0.0,Qwen3-8B,2,random,random
R_12Rw7A4iRSo7QwK,66279,1048,0,0.0,Qwen3-8B,2,random,random
R_12Rw7A4iRSo7QwK,71470,1140,0,0.0,Qwen3-8B,5,random,random
R_12Rw7A4iRSo7QwK,112560,2802,0,0.0,Qwen3-8B,1,moral,care
R_12Rw7A4iRSo7QwK,149727,4404,0,0.0,Qwen3-8B,5,social-group,transgender
R_12Rw7A4iRSo7QwK,149751,4405,0,0.0,Qwen3-8B,3,social-group,LGB
R_12Rw7A4iRSo7QwK,149775,4406,1,0.0,Qwen3-8B,3,social-group,jewish
R_12Rw7A4iRSo7QwK,149799,4407,1,0.0,Qwen3-8B,5,social-group,christian
R_12Rw7A4iRSo7QwK,149823,4408,2,1.0,Qwen3-8B,5,social-group,christian
R_12Rw7A4iRSo7QwK,149847,4409,0,0.0,Qwen3-8B,3,social-group,transgender
R_12Rw7A4iRSo7QwK,149871,4410,1,0.0,Qwen3-8B,3,social-group,jewish
R_12Rw7A4iRSo7QwK,149895,4411,2,1.0,Qwen3-8B,5,social-group,LGB
R_12Rw7A4iRSo7QwK,149919,4412,0,0.0,Qwen3-8B,5,social-group,LGB
R_12Rw7A4iRSo7QwK,149943,4413,0,0.0,Qwen3-8B,3,social-group,transgender
R_12Rw7A4iRSo7QwK,149967,4414,1,0.0,Qwen3-8B,3,social-group,LGB
R_12Rw7A4iRSo7QwK,149991,4415,0,0.0,Qwen3-8B,4,social-group,transgender
R_12Rw7A4iRSo7QwK,150015,4416,0,0.0,Qwen3-8B,2,random,random
R_12Rw7A4iRSo7QwK,150039,4417,1,0.0,Qwen3-8B,2,social-group,christian
R_12Rw7A4iRSo7QwK,150063,4418,0,0.0,Qwen3-8B,3,social-group,transgender
R_12Rw7A4iRSo7QwK,150087,4419,2,1.0,Qwen3-8B,5,social-group,jewish
R_12Rw7A4iRSo7QwK,150111,4420,0,0.0,Qwen3-8B,2,social-group,christian
R_12Rw7A4iRSo7QwK,150135,4421,0,0.0,Qwen3-8B,2,social-group,transgender
R_12Rw7A4iRSo7QwK,150159,4422,0,0.0,Qwen3-8B,4,random,random
R_12Rw7A4iRSo7QwK,150183,4423,2,1.0,Qwen3-8B,4,social-group,muslim
R_12Rw7A4iRSo7QwK,150207,4424,2,1.0,Qwen3-8B,3,social-group,muslim
R_12Rw7A4iRSo7QwK,150231,4425,1,0.0,Qwen3-8B,4,social-group,transgender
R_12Rw7A4iRSo7QwK,150255,4426,0,0.0,Qwen3-8B,4,social-group,muslim
R_12Rw7A4iRSo7QwK,150279,4427,1,0.0,Qwen3-8B,1,social-group,LGB
R_12Rw7A4iRSo7QwK,150303,4428,0,0.0,Qwen3-8B,3,social-group,christian
R_1IZvFfuOY2n3xM4,1613,30,0,0.0,Qwen3-8B,1,random,random
R_1IZvFfuOY2n3xM4,4402,75,1,0.0,Qwen3-8B,3,random,random
R_1IZvFfuOY2n3xM4,15869,249,2,1.0,Qwen3-8B,3,random,random
R_1IZvFfuOY2n3xM4,18397,290,1,0.0,Qwen3-8B,4,random,random
R_1IZvFfuOY2n3xM4,27373,435,0,0.0,Qwen3-8B,1,random,random
R_1IZvFfuOY2n3xM4,49730,790,4,1.0,Qwen3-8B,4,random,random
R_1IZvFfuOY2n3xM4,69399,1102,2,1.0,Qwen3-8B,2,random,random
R_1IZvFfuOY2n3xM4,116025,2952,2,1.0,Qwen3-8B,3,random,random
R_1IZvFfuOY2n3xM4,116025,2952,2,1.0,Qwen3-8B,3,moral,care
R_1IZvFfuOY2n3xM4,116025,2952,2,1.0,Qwen3-8B,3,random,random
R_1IZvFfuOY2n3xM4,116025,2952,2,1.0,Qwen3-8B,3,moral,care
R_1IZvFfuOY2n3xM4,125303,3349,0,0.0,Qwen3-8B,2,moral,fairness
R_1IZvFfuOY2n3xM4,139642,3968,0,0.0,Qwen3-8B,2,social-group,transgender
R_1IZvFfuOY2n3xM4,139663,3969,1,0.0,Qwen3-8B,5,social-group,transgender
R_1IZvFfuOY2n3xM4,139684,3970,1,0.0,Qwen3-8B,2,social-group,transgender
R_1IZvFfuOY2n3xM4,139705,3971,0,0.0,Qwen3-8B,4,random,random
R_1IZvFfuOY2n3xM4,139726,3972,0,0.0,Qwen3-8B,3,moral,loyalty
R_1IZvFfuOY2n3xM4,139747,3973,0,0.0,Qwen3-8B,2,moral,fairness
R_1IZvFfuOY2n3xM4,139768,3974,1,0.0,Qwen3-8B,3,social-group,jewish
R_1IZvFfuOY2n3xM4,139789,3975,0,0.0,Qwen3-8B,1,moral,care
R_1IZvFfuOY2n3xM4,139810,3976,0,0.0,Qwen3-8B,3,social-group,muslim
R_1IZvFfuOY2n3xM4,139831,3977,-1,,Qwen3-8B,3,social-group,christian
R_1IZvFfuOY2n3xM4,139852,3978,0,0.0,Qwen3-8B,3,social-group,LGB
R_1IZvFfuOY2n3xM4,139873,3979,1,0.0,Qwen3-8B,3,social-group,christian
R_1IZvFfuOY2n3xM4,139894,3980,1,0.0,Qwen3-8B,3,social-group,jewish
R_1IZvFfuOY2n3xM4,139915,3981,2,1.0,Qwen3-8B,1,moral,purity
R_1IZvFfuOY2n3xM4,139936,3982,0,0.0,Qwen3-8B,4,social-group,jewish
R_1IZvFfuOY2n3xM4,139957,3983,1,0.0,Qwen3-8B,1,moral,loyalty
R_1IZvFfuOY2n3xM4,139978,3984,1,0.0,Qwen3-8B,2,random,random
R_1IZvFfuOY2n3xM4,139999,3985,0,0.0,Qwen3-8B,3,social-group,christian
R_1IZvFfuOY2n3xM4,140020,3986,1,0.0,Qwen3-8B,5,social-group,transgender
R_1IZvFfuOY2n3xM4,140041,3987,-1,,Qwen3-8B,5,social-group,christian
R_1IZvFfuOY2n3xM4,140062,3988,0,0.0,Qwen3-8B,2,social-group,christian
R_1IZvFfuOY2n3xM4,140083,3989,0,0.0,Qwen3-8B,3,social-group,christian
R_1IZvFfuOY2n3xM4,140104,3990,1,0.0,Qwen3-8B,4,social-group,christian
R_1IZvFfuOY2n3xM4,140125,3991,4,1.0,Qwen3-8B,5,social-group,muslim
R_1IZvFfuOY2n3xM4,140146,3992,2,1.0,Qwen3-8B,5,social-group,jewish
R_1IZvFfuOY2n3xM4,140170,3993,0,0.0,Qwen3-8B,1,moral,loyalty
R_1IZvFfuOY2n3xM4,140170,3993,0,0.0,Qwen3-8B,1,moral,purity
R_1IZvFfuOY2n3xM4,140170,3993,0,0.0,Qwen3-8B,1,moral,loyalty
R_1IZvFfuOY2n3xM4,140170,3993,0,0.0,Qwen3-8B,1,moral,purity
R_3KrrhXF6pZrmRZH,1625,30,0,0.0,Qwen3-8B,1,random,random
R_3KrrhXF6pZrmRZH,4416,75,2,1.0,Qwen3-8B,3,random,random
R_3KrrhXF6pZrmRZH,15882,249,1,0.0,Qwen3-8B,3,random,random
R_3KrrhXF6pZrmRZH,18410,290,4,1.0,Qwen3-8B,4,random,random
R_3KrrhXF6pZrmRZH,27384,435,1,0.0,Qwen3-8B,1,random,random
R_3KrrhXF6pZrmRZH,49747,790,3,1.0,Qwen3-8B,4,random,random
R_3KrrhXF6pZrmRZH,69415,1102,2,1.0,Qwen3-8B,2,random,random
R_3KrrhXF6pZrmRZH,116057,2952,3,1.0,Qwen3-8B,3,random,random
R_3KrrhXF6pZrmRZH,116057,2952,3,1.0,Qwen3-8B,3,moral,care
R_3KrrhXF6pZrmRZH,116057,2952,3,1.0,Qwen3-8B,3,random,random
R_3KrrhXF6pZrmRZH,116057,2952,3,1.0,Qwen3-8B,3,moral,care
R_3KrrhXF6pZrmRZH,125313,3349,2,1.0,Qwen3-8B,2,moral,fairness
R_3KrrhXF6pZrmRZH,139647,3968,1,0.0,Qwen3-8B,2,social-group,transgender
R_3KrrhXF6pZrmRZH,139668,3969,3,1.0,Qwen3-8B,5,social-group,transgender
R_3KrrhXF6pZrmRZH,139689,3970,4,1.0,Qwen3-8B,2,social-group,transgender
R_3KrrhXF6pZrmRZH,139710,3971,0,0.0,Qwen3-8B,4,random,random
R_3KrrhXF6pZrmRZH,139731,3972,2,1.0,Qwen3-8B,3,moral,loyalty
R_3KrrhXF6pZrmRZH,139752,3973,2,1.0,Qwen3-8B,2,moral,fairness
R_3KrrhXF6pZrmRZH,139773,3974,1,0.0,Qwen3-8B,3,social-group,jewish
R_3KrrhXF6pZrmRZH,139794,3975,1,0.0,Qwen3-8B,1,moral,care
R_3KrrhXF6pZrmRZH,139815,3976,4,1.0,Qwen3-8B,3,social-group,muslim
R_3KrrhXF6pZrmRZH,139836,3977,1,0.0,Qwen3-8B,3,social-group,christian
R_3KrrhXF6pZrmRZH,139857,3978,1,0.0,Qwen3-8B,3,social-group,LGB
R_3KrrhXF6pZrmRZH,139878,3979,0,0.0,Qwen3-8B,3,social-group,christian
R_3KrrhXF6pZrmRZH,139899,3980,1,0.0,Qwen3-8B,3,social-group,jewish
R_3KrrhXF6pZrmRZH,139920,3981,1,0.0,Qwen3-8B,1,moral,purity
R_3KrrhXF6pZrmRZH,139941,3982,3,1.0,Qwen3-8B,4,social-group,jewish
R_3KrrhXF6pZrmRZH,139962,3983,2,1.0,Qwen3-8B,1,moral,loyalty
R_3KrrhXF6pZrmRZH,139983,3984,1,0.0,Qwen3-8B,2,random,random
R_3KrrhXF6pZrmRZH,140004,3985,0,0.0,Qwen3-8B,3,social-group,christian
R_3KrrhXF6pZrmRZH,140025,3986,4,1.0,Qwen3-8B,5,social-group,transgender
R_3KrrhXF6pZrmRZH,140046,3987,1,0.0,Qwen3-8B,5,social-group,christian
R_3KrrhXF6pZrmRZH,140067,3988,3,1.0,Qwen3-8B,2,social-group,christian
R_3KrrhXF6pZrmRZH,140088,3989,0,0.0,Qwen3-8B,3,social-group,christian
R_3KrrhXF6pZrmRZH,140109,3990,1,0.0,Qwen3-8B,4,social-group,christian
R_3KrrhXF6pZrmRZH,140130,3991,0,0.0,Qwen3-8B,5,social-group,muslim
R_3KrrhXF6pZrmRZH,140151,3992,3,1.0,Qwen3-8B,5,social-group,jewish
R_3KrrhXF6pZrmRZH,140196,3993,3,1.0,Qwen3-8B,1,moral,loyalty
R_3KrrhXF6pZrmRZH,140196,3993,3,1.0,Qwen3-8B,1,moral,purity
R_3KrrhXF6pZrmRZH,140196,3993,3,1.0,Qwen3-8B,1,moral,loyalty
R_3KrrhXF6pZrmRZH,140196,3993,3,1.0,Qwen3-8B,1,moral,purity
R_1ieCBfGPSvAeUCi,1634,30,0,0.0,Qwen3-8B,1,random,random
R_1ieCBfGPSvAeUCi,4424,75,2,1.0,Qwen3-8B,3,random,random
R_1ieCBfGPSvAeUCi,15894,249,0,0.0,Qwen3-8B,3,random,random
R_1ieCBfGPSvAeUCi,18421,290,1,0.0,Qwen3-8B,4,random,random
R_1ieCBfGPSvAeUCi,27393,435,0,0.0,Qwen3-8B,1,random,random
R_1ieCBfGPSvAeUCi,49754,790,0,0.0,Qwen3-8B,4,random,random
R_1ieCBfGPSvAeUCi,69421,1102,0,0.0,Qwen3-8B,2,random,random
R_1ieCBfGPSvAeUCi,116079,2952,1,0.0,Qwen3-8B,3,random,random
R_1ieCBfGPSvAeUCi,116079,2952,1,0.0,Qwen3-8B,3,moral,care
R_1ieCBfGPSvAeUCi,116079,2952,1,0.0,Qwen3-8B,3,random,random
R_1ieCBfGPSvAeUCi,116079,2952,1,0.0,Qwen3-8B,3,moral,care
R_1ieCBfGPSvAeUCi,125320,3349,0,0.0,Qwen3-8B,2,moral,fairness
R_1ieCBfGPSvAeUCi,139651,3968,3,1.0,Qwen3-8B,2,social-group,transgender
R_1ieCBfGPSvAeUCi,139672,3969,0,0.0,Qwen3-8B,5,social-group,transgender
R_1ieCBfGPSvAeUCi,139693,3970,2,1.0,Qwen3-8B,2,social-group,transgender
R_1ieCBfGPSvAeUCi,139714,3971,0,0.0,Qwen3-8B,4,random,random
R_1ieCBfGPSvAeUCi,139735,3972,0,0.0,Qwen3-8B,3,moral,loyalty
R_1ieCBfGPSvAeUCi,139756,3973,-1,,Qwen3-8B,2,moral,fairness
R_1ieCBfGPSvAeUCi,139777,3974,0,0.0,Qwen3-8B,3,social-group,jewish
R_1ieCBfGPSvAeUCi,139798,3975,0,0.0,Qwen3-8B,1,moral,care
R_1ieCBfGPSvAeUCi,139819,3976,-1,,Qwen3-8B,3,social-group,muslim
R_1ieCBfGPSvAeUCi,139840,3977,2,1.0,Qwen3-8B,3,social-group,christian
R_1ieCBfGPSvAeUCi,139861,3978,0,0.0,Qwen3-8B,3,social-group,LGB
R_1ieCBfGPSvAeUCi,139882,3979,0,0.0,Qwen3-8B,3,social-group,christian
R_1ieCBfGPSvAeUCi,139903,3980,2,1.0,Qwen3-8B,3,social-group,jewish
R_1ieCBfGPSvAeUCi,139924,3981,0,0.0,Qwen3-8B,1,moral,purity
R_1ieCBfGPSvAeUCi,139945,3982,2,1.0,Qwen3-8B,4,social-group,jewish
R_1ieCBfGPSvAeUCi,139966,3983,0,0.0,Qwen3-8B,1,moral,loyalty
R_1ieCBfGPSvAeUCi,139987,3984,1,0.0,Qwen3-8B,2,random,random
R_1ieCBfGPSvAeUCi,140008,3985,4,1.0,Qwen3-8B,3,social-group,christian
R_1ieCBfGPSvAeUCi,140029,3986,1,0.0,Qwen3-8B,5,social-group,transgender
R_1ieCBfGPSvAeUCi,140050,3987,-1,,Qwen3-8B,5,social-group,christian
R_1ieCBfGPSvAeUCi,140071,3988,0,0.0,Qwen3-8B,2,social-group,christian
R_1ieCBfGPSvAeUCi,140092,3989,0,0.0,Qwen3-8B,3,social-group,christian
R_1ieCBfGPSvAeUCi,140113,3990,2,1.0,Qwen3-8B,4,social-group,christian
R_1ieCBfGPSvAeUCi,140134,3991,0,0.0,Qwen3-8B,5,social-group,muslim
R_1ieCBfGPSvAeUCi,140155,3992,1,0.0,Qwen3-8B,5,social-group,jewish
R_1ieCBfGPSvAeUCi,140208,3993,0,0.0,Qwen3-8B,1,moral,loyalty
R_1ieCBfGPSvAeUCi,140208,3993,0,0.0,Qwen3-8B,1,moral,purity
R_1ieCBfGPSvAeUCi,140208,3993,0,0.0,Qwen3-8B,1,moral,loyalty
R_1ieCBfGPSvAeUCi,140208,3993,0,0.0,Qwen3-8B,1,moral,purity
R_2t4CdRgkfFxMReO,1644,30,0,0.0,Qwen3-8B,1,random,random
R_2t4CdRgkfFxMReO,4439,75,0,0.0,Qwen3-8B,3,random,random
R_2t4CdRgkfFxMReO,15909,249,1,0.0,Qwen3-8B,3,random,random
R_2t4CdRgkfFxMReO,18431,290,0,0.0,Qwen3-8B,4,random,random
R_2t4CdRgkfFxMReO,27404,435,0,0.0,Qwen3-8B,1,random,random
R_2t4CdRgkfFxMReO,49769,790,-1,,Qwen3-8B,4,random,random
R_2t4CdRgkfFxMReO,69430,1102,1,0.0,Qwen3-8B,2,random,random
R_2t4CdRgkfFxMReO,116101,2952,0,0.0,Qwen3-8B,3,random,random
R_2t4CdRgkfFxMReO,116101,2952,0,0.0,Qwen3-8B,3,moral,care
R_2t4CdRgkfFxMReO,116101,2952,0,0.0,Qwen3-8B,3,random,random
R_2t4CdRgkfFxMReO,116101,2952,0,0.0,Qwen3-8B,3,moral,care
R_2t4CdRgkfFxMReO,125326,3349,0,0.0,Qwen3-8B,2,moral,fairness
R_2t4CdRgkfFxMReO,139654,3968,3,1.0,Qwen3-8B,2,social-group,transgender
R_2t4CdRgkfFxMReO,139675,3969,4,1.0,Qwen3-8B,5,social-group,transgender
R_2t4CdRgkfFxMReO,139696,3970,0,0.0,Qwen3-8B,2,social-group,transgender
R_2t4CdRgkfFxMReO,139717,3971,1,0.0,Qwen3-8B,4,random,random
R_2t4CdRgkfFxMReO,139738,3972,1,0.0,Qwen3-8B,3,moral,loyalty
R_2t4CdRgkfFxMReO,139759,3973,0,0.0,Qwen3-8B,2,moral,fairness
R_2t4CdRgkfFxMReO,139780,3974,4,1.0,Qwen3-8B,3,social-group,jewish
R_2t4CdRgkfFxMReO,139801,3975,0,0.0,Qwen3-8B,1,moral,care
R_2t4CdRgkfFxMReO,139822,3976,3,1.0,Qwen3-8B,3,social-group,muslim
R_2t4CdRgkfFxMReO,139843,3977,2,1.0,Qwen3-8B,3,social-group,christian
R_2t4CdRgkfFxMReO,139864,3978,2,1.0,Qwen3-8B,3,social-group,LGB
R_2t4CdRgkfFxMReO,139885,3979,0,0.0,Qwen3-8B,3,social-group,christian
R_2t4CdRgkfFxMReO,139906,3980,1,0.0,Qwen3-8B,3,social-group,jewish
R_2t4CdRgkfFxMReO,139927,3981,0,0.0,Qwen3-8B,1,moral,purity
R_2t4CdRgkfFxMReO,139948,3982,2,1.0,Qwen3-8B,4,social-group,jewish
R_2t4CdRgkfFxMReO,139969,3983,0,0.0,Qwen3-8B,1,moral,loyalty
R_2t4CdRgkfFxMReO,139990,3984,4,1.0,Qwen3-8B,2,random,random
R_2t4CdRgkfFxMReO,140011,3985,4,1.0,Qwen3-8B,3,social-group,christian
R_2t4CdRgkfFxMReO,140032,3986,4,1.0,Qwen3-8B,5,social-group,transgender
R_2t4CdRgkfFxMReO,140053,3987,2,1.0,Qwen3-8B,5,social-group,christian
R_2t4CdRgkfFxMReO,140074,3988,-1,,Qwen3-8B,2,social-group,christian
R_2t4CdRgkfFxMReO,140095,3989,3,1.0,Qwen3-8B,3,social-group,christian
R_2t4CdRgkfFxMReO,140116,3990,0,0.0,Qwen3-8B,4,social-group,christian
R_2t4CdRgkfFxMReO,140137,3991,1,0.0,Qwen3-8B,5,social-group,muslim
R_2t4CdRgkfFxMReO,140158,3992,4,1.0,Qwen3-8B,5,social-group,jewish
R_2t4CdRgkfFxMReO,140226,3993,0,0.0,Qwen3-8B,1,moral,loyalty
R_2t4CdRgkfFxMReO,140226,3993,0,0.0,Qwen3-8B,1,moral,purity
R_2t4CdRgkfFxMReO,140226,3993,0,0.0,Qwen3-8B,1,moral,loyalty
R_2t4CdRgkfFxMReO,140226,3993,0,0.0,Qwen3-8B,1,moral,purity
R_udFhrw5TWrc5dBv,1660,30,0,0.0,Qwen3-8B,1,random,random
R_udFhrw5TWrc5dBv,4454,75,0,0.0,Qwen3-8B,3,random,random
R_udFhrw5TWrc5dBv,15925,249,0,0.0,Qwen3-8B,3,random,random
R_udFhrw5TWrc5dBv,18451,290,3,1.0,Qwen3-8B,4,random,random
R_udFhrw5TWrc5dBv,27416,435,0,0.0,Qwen3-8B,1,random,random
R_udFhrw5TWrc5dBv,49782,790,-1,,Qwen3-8B,4,random,random
R_udFhrw5TWrc5dBv,69442,1102,0,0.0,Qwen3-8B,2,random,random
R_udFhrw5TWrc5dBv,116127,2952,0,0.0,Qwen3-8B,3,random,random
R_udFhrw5TWrc5dBv,116127,2952,0,0.0,Qwen3-8B,3,moral,care
R_udFhrw5TWrc5dBv,116127,2952,0,0.0,Qwen3-8B,3,random,random
R_udFhrw5TWrc5dBv,116127,2952,0,0.0,Qwen3-8B,3,moral,care
R_udFhrw5TWrc5dBv,125336,3349,0,0.0,Qwen3-8B,2,moral,fairness
R_udFhrw5TWrc5dBv,139659,3968,0,0.0,Qwen3-8B,2,social-group,transgender
R_udFhrw5TWrc5dBv,139680,3969,0,0.0,Qwen3-8B,5,social-group,transgender
R_udFhrw5TWrc5dBv,139701,3970,0,0.0,Qwen3-8B,2,social-group,transgender
R_udFhrw5TWrc5dBv,139722,3971,0,0.0,Qwen3-8B,4,random,random
R_udFhrw5TWrc5dBv,139743,3972,0,0.0,Qwen3-8B,3,moral,loyalty
R_udFhrw5TWrc5dBv,139764,3973,-1,,Qwen3-8B,2,moral,fairness
R_udFhrw5TWrc5dBv,139785,3974,3,1.0,Qwen3-8B,3,social-group,jewish
R_udFhrw5TWrc5dBv,139806,3975,0,0.0,Qwen3-8B,1,moral,care
R_udFhrw5TWrc5dBv,139827,3976,-1,,Qwen3-8B,3,social-group,muslim
R_udFhrw5TWrc5dBv,139848,3977,1,0.0,Qwen3-8B,3,social-group,christian
R_udFhrw5TWrc5dBv,139869,3978,0,0.0,Qwen3-8B,3,social-group,LGB
R_udFhrw5TWrc5dBv,139890,3979,0,0.0,Qwen3-8B,3,social-group,christian
R_udFhrw5TWrc5dBv,139911,3980,1,0.0,Qwen3-8B,3,social-group,jewish
R_udFhrw5TWrc5dBv,139932,3981,0,0.0,Qwen3-8B,1,moral,purity
R_udFhrw5TWrc5dBv,139953,3982,3,1.0,Qwen3-8B,4,social-group,jewish
R_udFhrw5TWrc5dBv,139974,3983,0,0.0,Qwen3-8B,1,moral,loyalty
R_udFhrw5TWrc5dBv,139995,3984,0,0.0,Qwen3-8B,2,random,random
R_udFhrw5TWrc5dBv,140016,3985,0,0.0,Qwen3-8B,3,social-group,christian
R_udFhrw5TWrc5dBv,140037,3986,4,1.0,Qwen3-8B,5,social-group,transgender
R_udFhrw5TWrc5dBv,140058,3987,-1,,Qwen3-8B,5,social-group,christian
R_udFhrw5TWrc5dBv,140079,3988,-1,,Qwen3-8B,2,social-group,christian
R_udFhrw5TWrc5dBv,140100,3989,0,0.0,Qwen3-8B,3,social-group,christian
R_udFhrw5TWrc5dBv,140121,3990,-1,,Qwen3-8B,4,social-group,christian
R_udFhrw5TWrc5dBv,140142,3991,1,0.0,Qwen3-8B,5,social-group,muslim
R_udFhrw5TWrc5dBv,140163,3992,2,1.0,Qwen3-8B,5,social-group,jewish
R_udFhrw5TWrc5dBv,140240,3993,0,0.0,Qwen3-8B,1,moral,loyalty
R_udFhrw5TWrc5dBv,140240,3993,0,0.0,Qwen3-8B,1,moral,purity
R_udFhrw5TWrc5dBv,140240,3993,0,0.0,Qwen3-8B,1,moral,loyalty
R_udFhrw5TWrc5dBv,140240,3993,0,0.0,Qwen3-8B,1,moral,purity
R_3hfrIGgTpLEfto3,1692,32,4,1.0,Qwen3-8B,4,random,random
R_3hfrIGgTpLEfto3,6891,114,1,0.0,Qwen3-8B,3,random,random
R_3hfrIGgTpLEfto3,8031,130,0,0.0,Qwen3-8B,2,random,random
R_3hfrIGgTpLEfto3,11119,180,0,0.0,Qwen3-8B,1,random,random
R_3hfrIGgTpLEfto3,17419,274,1,0.0,Qwen3-8B,4,random,random
R_3hfrIGgTpLEfto3,19342,304,0,0.0,Qwen3-8B,3,random,random
R_3hfrIGgTpLEfto3,29910,479,2,1.0,Qwen3-8B,3,random,random
R_3hfrIGgTpLEfto3,44549,715,0,0.0,Qwen3-8B,3,random,random
R_3hfrIGgTpLEfto3,61592,974,4,1.0,Qwen3-8B,3,random,random
R_3hfrIGgTpLEfto3,106208,2536,3,1.0,Qwen3-8B,3,social-group,transgender
R_3hfrIGgTpLEfto3,106232,2537,3,1.0,Qwen3-8B,4,social-group,christian
R_3hfrIGgTpLEfto3,106256,2538,4,1.0,Qwen3-8B,3,social-group,jewish
R_3hfrIGgTpLEfto3,106280,2539,3,1.0,Qwen3-8B,5,social-group,jewish
R_3hfrIGgTpLEfto3,106304,2540,0,0.0,Qwen3-8B,3,social-group,LGB
R_3hfrIGgTpLEfto3,106328,2541,-1,,Qwen3-8B,3,social-group,christian
R_3hfrIGgTpLEfto3,106352,2542,-1,,Qwen3-8B,4,social-group,jewish
R_3hfrIGgTpLEfto3,106376,2543,2,1.0,Qwen3-8B,3,social-group,transgender
R_3hfrIGgTpLEfto3,106400,2544,0,0.0,Qwen3-8B,4,social-group,transgender
R_3hfrIGgTpLEfto3,106424,2545,0,0.0,Qwen3-8B,4,social-group,LGB
R_3hfrIGgTpLEfto3,106448,2546,0,0.0,Qwen3-8B,2,social-group,christian
R_3hfrIGgTpLEfto3,106472,2547,0,0.0,Qwen3-8B,4,social-group,muslim
R_3hfrIGgTpLEfto3,106496,2548,1,0.0,Qwen3-8B,5,social-group,jewish
R_3hfrIGgTpLEfto3,106520,2549,0,0.0,Qwen3-8B,3,social-group,jewish
R_3hfrIGgTpLEfto3,106544,2550,1,0.0,Qwen3-8B,4,social-group,muslim
R_3hfrIGgTpLEfto3,106568,2551,4,1.0,Qwen3-8B,2,social-group,jewish
R_3hfrIGgTpLEfto3,106592,2552,1,0.0,Qwen3-8B,2,social-group,christian
R_3hfrIGgTpLEfto3,106616,2553,4,1.0,Qwen3-8B,5,social-group,jewish
R_3hfrIGgTpLEfto3,106640,2554,2,1.0,Qwen3-8B,3,social-group,muslim
R_3hfrIGgTpLEfto3,106664,2555,2,1.0,Qwen3-8B,5,social-group,muslim
R_3hfrIGgTpLEfto3,106688,2556,0,0.0,Qwen3-8B,5,social-group,transgender
R_3hfrIGgTpLEfto3,106712,2557,0,0.0,Qwen3-8B,5,social-group,LGB
R_3hfrIGgTpLEfto3,106736,2558,2,1.0,Qwen3-8B,3,moral,authority
R_3hfrIGgTpLEfto3,106760,2559,3,1.0,Qwen3-8B,5,social-group,christian
R_3hfrIGgTpLEfto3,106784,2560,-1,,Qwen3-8B,3,random,random
R_3hfrIGgTpLEfto3,106808,2561,0,0.0,Qwen3-8B,1,moral,loyalty
R_31H6I0EBy2kmwkj,1697,32,4,1.0,Qwen3-8B,4,random,random
R_31H6I0EBy2kmwkj,6896,114,0,0.0,Qwen3-8B,3,random,random
R_31H6I0EBy2kmwkj,8036,130,0,0.0,Qwen3-8B,2,random,random
R_31H6I0EBy2kmwkj,11128,180,-1,,Qwen3-8B,1,random,random
R_31H6I0EBy2kmwkj,17424,274,1,0.0,Qwen3-8B,4,random,random
R_31H6I0EBy2kmwkj,19348,304,3,1.0,Qwen3-8B,3,random,random
R_31H6I0EBy2kmwkj,29916,479,-1,,Qwen3-8B,3,random,random
R_31H6I0EBy2kmwkj,44558,715,-1,,Qwen3-8B,3,random,random
R_31H6I0EBy2kmwkj,61596,974,-1,,Qwen3-8B,3,random,random
R_31H6I0EBy2kmwkj,106209,2536,-1,,Qwen3-8B,3,social-group,transgender
R_31H6I0EBy2kmwkj,106233,2537,2,1.0,Qwen3-8B,4,social-group,christian
R_31H6I0EBy2kmwkj,106257,2538,1,0.0,Qwen3-8B,3,social-group,jewish
R_31H6I0EBy2kmwkj,106281,2539,3,1.0,Qwen3-8B,5,social-group,jewish
R_31H6I0EBy2kmwkj,106305,2540,-1,,Qwen3-8B,3,social-group,LGB
R_31H6I0EBy2kmwkj,106329,2541,3,1.0,Qwen3-8B,3,social-group,christian
R_31H6I0EBy2kmwkj,106353,2542,1,0.0,Qwen3-8B,4,social-group,jewish
R_31H6I0EBy2kmwkj,106377,2543,1,0.0,Qwen3-8B,3,social-group,transgender
R_31H6I0EBy2kmwkj,106401,2544,4,1.0,Qwen3-8B,4,social-group,transgender
R_31H6I0EBy2kmwkj,106425,2545,-1,,Qwen3-8B,4,social-group,LGB
R_31H6I0EBy2kmwkj,106449,2546,2,1.0,Qwen3-8B,2,social-group,christian
R_31H6I0EBy2kmwkj,106473,2547,-1,,Qwen3-8B,4,social-group,muslim
R_31H6I0EBy2kmwkj,106497,2548,2,1.0,Qwen3-8B,5,social-group,jewish
R_31H6I0EBy2kmwkj,106521,2549,0,0.0,Qwen3-8B,3,social-group,jewish
R_31H6I0EBy2kmwkj,106545,2550,1,0.0,Qwen3-8B,4,social-group,muslim
R_31H6I0EBy2kmwkj,106569,2551,1,0.0,Qwen3-8B,2,social-group,jewish
R_31H6I0EBy2kmwkj,106593,2552,0,0.0,Qwen3-8B,2,social-group,christian
R_31H6I0EBy2kmwkj,106617,2553,4,1.0,Qwen3-8B,5,social-group,jewish
R_31H6I0EBy2kmwkj,106641,2554,-1,,Qwen3-8B,3,social-group,muslim
R_31H6I0EBy2kmwkj,106665,2555,2,1.0,Qwen3-8B,5,social-group,muslim
R_31H6I0EBy2kmwkj,106689,2556,3,1.0,Qwen3-8B,5,social-group,transgender
R_31H6I0EBy2kmwkj,106713,2557,-1,,Qwen3-8B,5,social-group,LGB
R_31H6I0EBy2kmwkj,106737,2558,-1,,Qwen3-8B,3,moral,authority
R_31H6I0EBy2kmwkj,106761,2559,4,1.0,Qwen3-8B,5,social-group,christian
R_31H6I0EBy2kmwkj,106785,2560,-1,,Qwen3-8B,3,random,random
R_31H6I0EBy2kmwkj,106809,2561,-1,,Qwen3-8B,1,moral,loyalty
R_2RUk6ljN3BjFPib,1702,32,0,0.0,Qwen3-8B,4,random,random
R_2RUk6ljN3BjFPib,6904,114,0,0.0,Qwen3-8B,3,random,random
R_2RUk6ljN3BjFPib,8044,130,0,0.0,Qwen3-8B,2,random,random
R_2RUk6ljN3BjFPib,11134,180,0,0.0,Qwen3-8B,1,random,random
R_2RUk6ljN3BjFPib,17430,274,4,1.0,Qwen3-8B,4,random,random
R_2RUk6ljN3BjFPib,19353,304,0,0.0,Qwen3-8B,3,random,random
R_2RUk6ljN3BjFPib,29923,479,0,0.0,Qwen3-8B,3,random,random
R_2RUk6ljN3BjFPib,44564,715,4,1.0,Qwen3-8B,3,random,random
R_2RUk6ljN3BjFPib,61604,974,4,1.0,Qwen3-8B,3,random,random
R_2RUk6ljN3BjFPib,106212,2536,4,1.0,Qwen3-8B,3,social-group,transgender
R_2RUk6ljN3BjFPib,106236,2537,1,0.0,Qwen3-8B,4,social-group,christian
R_2RUk6ljN3BjFPib,106260,2538,1,0.0,Qwen3-8B,3,social-group,jewish
R_2RUk6ljN3BjFPib,106284,2539,2,1.0,Qwen3-8B,5,social-group,jewish
R_2RUk6ljN3BjFPib,106308,2540,0,0.0,Qwen3-8B,3,social-group,LGB
R_2RUk6ljN3BjFPib,106332,2541,1,0.0,Qwen3-8B,3,social-group,christian
R_2RUk6ljN3BjFPib,106356,2542,4,1.0,Qwen3-8B,4,social-group,jewish
R_2RUk6ljN3BjFPib,106380,2543,0,0.0,Qwen3-8B,3,social-group,transgender
R_2RUk6ljN3BjFPib,106404,2544,0,0.0,Qwen3-8B,4,social-group,transgender
R_2RUk6ljN3BjFPib,106428,2545,0,0.0,Qwen3-8B,4,social-group,LGB
R_2RUk6ljN3BjFPib,106452,2546,0,0.0,Qwen3-8B,2,social-group,christian
R_2RUk6ljN3BjFPib,106476,2547,4,1.0,Qwen3-8B,4,social-group,muslim
R_2RUk6ljN3BjFPib,106500,2548,0,0.0,Qwen3-8B,5,social-group,jewish
R_2RUk6ljN3BjFPib,106524,2549,0,0.0,Qwen3-8B,3,social-group,jewish
R_2RUk6ljN3BjFPib,106548,2550,1,0.0,Qwen3-8B,4,social-group,muslim
R_2RUk6ljN3BjFPib,106572,2551,3,1.0,Qwen3-8B,2,social-group,jewish
R_2RUk6ljN3BjFPib,106596,2552,0,0.0,Qwen3-8B,2,social-group,christian
R_2RUk6ljN3BjFPib,106620,2553,4,1.0,Qwen3-8B,5,social-group,jewish
R_2RUk6ljN3BjFPib,106644,2554,0,0.0,Qwen3-8B,3,social-group,muslim
R_2RUk6ljN3BjFPib,106668,2555,0,0.0,Qwen3-8B,5,social-group,muslim
R_2RUk6ljN3BjFPib,106692,2556,2,1.0,Qwen3-8B,5,social-group,transgender
R_2RUk6ljN3BjFPib,106716,2557,0,0.0,Qwen3-8B,5,social-group,LGB
R_2RUk6ljN3BjFPib,106740,2558,0,0.0,Qwen3-8B,3,moral,authority
R_2RUk6ljN3BjFPib,106764,2559,1,0.0,Qwen3-8B,5,social-group,christian
R_2RUk6ljN3BjFPib,106788,2560,0,0.0,Qwen3-8B,3,random,random
R_2RUk6ljN3BjFPib,106812,2561,0,0.0,Qwen3-8B,1,moral,loyalty
R_2nTxw1YhFyBAVRn,1751,33,0,0.0,Qwen3-8B,3,random,random
R_2nTxw1YhFyBAVRn,7964,129,1,0.0,Qwen3-8B,3,random,random
R_2nTxw1YhFyBAVRn,34851,556,1,0.0,Qwen3-8B,1,random,random
R_2nTxw1YhFyBAVRn,59519,936,0,0.0,Qwen3-8B,2,random,random
R_2nTxw1YhFyBAVRn,68355,1083,-1,,Qwen3-8B,3,random,random
R_2nTxw1YhFyBAVRn,75959,1293,-1,,Qwen3-8B,5,social-group,transgender
R_2nTxw1YhFyBAVRn,75983,1294,1,0.0,Qwen3-8B,5,social-group,LGB
R_2nTxw1YhFyBAVRn,76007,1295,3,1.0,Qwen3-8B,4,social-group,LGB
R_2nTxw1YhFyBAVRn,76031,1296,1,0.0,Qwen3-8B,1,moral,purity
R_2nTxw1YhFyBAVRn,76055,1297,0,0.0,Qwen3-8B,1,social-group,LGB
R_2nTxw1YhFyBAVRn,76079,1298,0,0.0,Qwen3-8B,2,social-group,LGB
R_2nTxw1YhFyBAVRn,76103,1299,0,0.0,Qwen3-8B,1,social-group,christian
R_2nTxw1YhFyBAVRn,76127,1300,2,1.0,Qwen3-8B,3,social-group,LGB
R_2nTxw1YhFyBAVRn,76151,1301,0,0.0,Qwen3-8B,5,social-group,transgender
R_2nTxw1YhFyBAVRn,76175,1302,0,0.0,Qwen3-8B,2,social-group,christian
R_2nTxw1YhFyBAVRn,76199,1303,4,1.0,Qwen3-8B,3,social-group,christian
R_2nTxw1YhFyBAVRn,76223,1304,4,1.0,Qwen3-8B,5,social-group,LGB
R_2nTxw1YhFyBAVRn,76247,1305,2,1.0,Qwen3-8B,4,social-group,LGB
R_2nTxw1YhFyBAVRn,76271,1306,-1,,Qwen3-8B,1,social-group,christian
R_2nTxw1YhFyBAVRn,76295,1307,1,0.0,Qwen3-8B,5,social-group,jewish
R_2nTxw1YhFyBAVRn,76319,1308,0,0.0,Qwen3-8B,4,social-group,jewish
R_2nTxw1YhFyBAVRn,76343,1309,-1,,Qwen3-8B,2,social-group,christian
R_2nTxw1YhFyBAVRn,76367,1310,4,1.0,Qwen3-8B,3,social-group,christian
R_2nTxw1YhFyBAVRn,76391,1311,0,0.0,Qwen3-8B,1,social-group,LGB
R_2nTxw1YhFyBAVRn,76415,1312,0,0.0,Qwen3-8B,1,moral,authority
R_2nTxw1YhFyBAVRn,76439,1313,0,0.0,Qwen3-8B,5,social-group,muslim
R_2nTxw1YhFyBAVRn,76463,1314,0,0.0,Qwen3-8B,3,social-group,transgender
R_2nTxw1YhFyBAVRn,76487,1315,0,0.0,Qwen3-8B,1,moral,purity
R_2nTxw1YhFyBAVRn,76511,1316,0,0.0,Qwen3-8B,3,social-group,jewish
R_2nTxw1YhFyBAVRn,76535,1317,1,0.0,Qwen3-8B,2,social-group,jewish
R_2nTxw1YhFyBAVRn,76559,1318,4,1.0,Qwen3-8B,5,social-group,jewish
R_2nTxw1YhFyBAVRn,76583,1319,1,0.0,Qwen3-8B,2,social-group,transgender
R_2nTxw1YhFyBAVRn,76607,1320,2,1.0,Qwen3-8B,2,social-group,LGB
R_2nTxw1YhFyBAVRn,76631,1321,0,0.0,Qwen3-8B,2,social-group,LGB
R_2nTxw1YhFyBAVRn,76655,1322,2,1.0,Qwen3-8B,3,social-group,LGB
R_1ikWoVA6kppc28i,1765,33,1,0.0,Qwen3-8B,3,random,random
R_1ikWoVA6kppc28i,7980,129,1,0.0,Qwen3-8B,3,random,random
R_1ikWoVA6kppc28i,34869,556,0,0.0,Qwen3-8B,1,random,random
R_1ikWoVA6kppc28i,59535,936,0,0.0,Qwen3-8B,2,random,random
R_1ikWoVA6kppc28i,68370,1083,0,0.0,Qwen3-8B,3,random,random
R_1ikWoVA6kppc28i,75966,1293,0,0.0,Qwen3-8B,5,social-group,transgender
R_1ikWoVA6kppc28i,75990,1294,3,1.0,Qwen3-8B,5,social-group,LGB
R_1ikWoVA6kppc28i,76014,1295,0,0.0,Qwen3-8B,4,social-group,LGB
R_1ikWoVA6kppc28i,76038,1296,2,1.0,Qwen3-8B,1,moral,purity
R_1ikWoVA6kppc28i,76062,1297,2,1.0,Qwen3-8B,1,social-group,LGB
R_1ikWoVA6kppc28i,76086,1298,4,1.0,Qwen3-8B,2,social-group,LGB
R_1ikWoVA6kppc28i,76110,1299,2,1.0,Qwen3-8B,1,social-group,christian
R_1ikWoVA6kppc28i,76134,1300,4,1.0,Qwen3-8B,3,social-group,LGB
R_1ikWoVA6kppc28i,76158,1301,0,0.0,Qwen3-8B,5,social-group,transgender
R_1ikWoVA6kppc28i,76182,1302,0,0.0,Qwen3-8B,2,social-group,christian
R_1ikWoVA6kppc28i,76206,1303,4,1.0,Qwen3-8B,3,social-group,christian
R_1ikWoVA6kppc28i,76230,1304,3,1.0,Qwen3-8B,5,social-group,LGB
R_1ikWoVA6kppc28i,76254,1305,4,1.0,Qwen3-8B,4,social-group,LGB
R_1ikWoVA6kppc28i,76278,1306,0,0.0,Qwen3-8B,1,social-group,christian
R_1ikWoVA6kppc28i,76302,1307,1,0.0,Qwen3-8B,5,social-group,jewish
R_1ikWoVA6kppc28i,76326,1308,0,0.0,Qwen3-8B,4,social-group,jewish
R_1ikWoVA6kppc28i,76350,1309,1,0.0,Qwen3-8B,2,social-group,christian
R_1ikWoVA6kppc28i,76374,1310,3,1.0,Qwen3-8B,3,social-group,christian
R_1ikWoVA6kppc28i,76398,1311,0,0.0,Qwen3-8B,1,social-group,LGB
R_1ikWoVA6kppc28i,76422,1312,0,0.0,Qwen3-8B,1,moral,authority
R_1ikWoVA6kppc28i,76446,1313,4,1.0,Qwen3-8B,5,social-group,muslim
R_1ikWoVA6kppc28i,76470,1314,4,1.0,Qwen3-8B,3,social-group,transgender
R_1ikWoVA6kppc28i,76494,1315,0,0.0,Qwen3-8B,1,moral,purity
R_1ikWoVA6kppc28i,76518,1316,0,0.0,Qwen3-8B,3,social-group,jewish
R_1ikWoVA6kppc28i,76542,1317,0,0.0,Qwen3-8B,2,social-group,jewish
R_1ikWoVA6kppc28i,76566,1318,4,1.0,Qwen3-8B,5,social-group,jewish
R_1ikWoVA6kppc28i,76590,1319,4,1.0,Qwen3-8B,2,social-group,transgender
R_1ikWoVA6kppc28i,76614,1320,4,1.0,Qwen3-8B,2,social-group,LGB
R_1ikWoVA6kppc28i,76638,1321,4,1.0,Qwen3-8B,2,social-group,LGB
R_1ikWoVA6kppc28i,76662,1322,1,0.0,Qwen3-8B,3,social-group,LGB
R_3NHZNDIpY1OBk07,1790,34,0,0.0,Qwen3-8B,3,random,random
R_3NHZNDIpY1OBk07,10625,172,-1,,Qwen3-8B,3,random,random
R_3NHZNDIpY1OBk07,29947,480,-1,,Qwen3-8B,1,random,random
R_3NHZNDIpY1OBk07,30079,482,0,0.0,Qwen3-8B,4,random,random
R_3NHZNDIpY1OBk07,30079,482,0,0.0,Qwen3-8B,4,moral,care
R_3NHZNDIpY1OBk07,30079,482,0,0.0,Qwen3-8B,4,random,random
R_3NHZNDIpY1OBk07,30079,482,0,0.0,Qwen3-8B,4,moral,care
R_3NHZNDIpY1OBk07,32174,512,-1,,Qwen3-8B,2,random,random
R_3NHZNDIpY1OBk07,43479,700,-1,,Qwen3-8B,2,random,random
R_3NHZNDIpY1OBk07,62111,984,1,0.0,Qwen3-8B,2,random,random
R_3NHZNDIpY1OBk07,71020,1132,2,1.0,Qwen3-8B,2,random,random
R_3NHZNDIpY1OBk07,71273,1137,-1,,Qwen3-8B,2,random,random
R_3NHZNDIpY1OBk07,75154,1260,0,0.0,Qwen3-8B,1,moral,purity
R_3NHZNDIpY1OBk07,75154,1260,0,0.0,Qwen3-8B,1,moral,care
R_3NHZNDIpY1OBk07,75154,1260,0,0.0,Qwen3-8B,1,moral,purity
R_3NHZNDIpY1OBk07,75154,1260,0,0.0,Qwen3-8B,1,moral,care
R_3NHZNDIpY1OBk07,77320,1349,-1,,Qwen3-8B,5,social-group,christian
R_3NHZNDIpY1OBk07,77343,1350,-1,,Qwen3-8B,2,social-group,LGB
R_3NHZNDIpY1OBk07,77366,1351,0,0.0,Qwen3-8B,3,social-group,christian
R_3NHZNDIpY1OBk07,77389,1352,0,0.0,Qwen3-8B,5,social-group,jewish
R_3NHZNDIpY1OBk07,77412,1353,-1,,Qwen3-8B,1,random,random
R_3NHZNDIpY1OBk07,77435,1354,-1,,Qwen3-8B,5,social-group,LGB
R_3NHZNDIpY1OBk07,77458,1355,0,0.0,Qwen3-8B,2,social-group,LGB
R_3NHZNDIpY1OBk07,77481,1356,0,0.0,Qwen3-8B,2,random,random
R_3NHZNDIpY1OBk07,77504,1357,-1,,Qwen3-8B,2,random,random
R_3NHZNDIpY1OBk07,77527,1358,0,0.0,Qwen3-8B,3,social-group,transgender
R_3NHZNDIpY1OBk07,77550,1359,-1,,Qwen3-8B,1,social-group,jewish
R_3NHZNDIpY1OBk07,77573,1360,0,0.0,Qwen3-8B,1,random,random
R_3NHZNDIpY1OBk07,77596,1361,1,0.0,Qwen3-8B,5,social-group,transgender
R_3NHZNDIpY1OBk07,77619,1362,-1,,Qwen3-8B,2,social-group,christian
R_3NHZNDIpY1OBk07,77642,1363,0,0.0,Qwen3-8B,5,social-group,LGB
R_3NHZNDIpY1OBk07,77665,1364,0,0.0,Qwen3-8B,3,social-group,LGB
R_3NHZNDIpY1OBk07,77688,1365,-1,,Qwen3-8B,3,random,random
R_3NHZNDIpY1OBk07,77711,1366,0,0.0,Qwen3-8B,4,social-group,LGB
R_3NHZNDIpY1OBk07,77734,1367,3,1.0,Qwen3-8B,2,random,random
R_3NHZNDIpY1OBk07,77757,1368,-1,,Qwen3-8B,3,social-group,christian
R_3NHZNDIpY1OBk07,77780,1369,2,1.0,Qwen3-8B,2,moral,purity
R_3NHZNDIpY1OBk07,77803,1370,0,0.0,Qwen3-8B,1,social-group,jewish
R_3NHZNDIpY1OBk07,77826,1371,4,1.0,Qwen3-8B,5,social-group,transgender
R_3NHZNDIpY1OBk07,77849,1372,-1,,Qwen3-8B,3,social-group,jewish
R_2R2CuEoidaOEvSG,1796,34,1,0.0,Qwen3-8B,3,random,random
R_2R2CuEoidaOEvSG,10634,172,0,0.0,Qwen3-8B,3,random,random
R_2R2CuEoidaOEvSG,29954,480,2,1.0,Qwen3-8B,1,random,random
R_2R2CuEoidaOEvSG,30099,482,1,0.0,Qwen3-8B,4,random,random
R_2R2CuEoidaOEvSG,30099,482,1,0.0,Qwen3-8B,4,moral,care
R_2R2CuEoidaOEvSG,30099,482,1,0.0,Qwen3-8B,4,random,random
R_2R2CuEoidaOEvSG,30099,482,1,0.0,Qwen3-8B,4,moral,care
R_2R2CuEoidaOEvSG,32180,512,1,0.0,Qwen3-8B,2,random,random
R_2R2CuEoidaOEvSG,43484,700,0,0.0,Qwen3-8B,2,random,random
R_2R2CuEoidaOEvSG,62118,984,3,1.0,Qwen3-8B,2,random,random
R_2R2CuEoidaOEvSG,71026,1132,2,1.0,Qwen3-8B,2,random,random
R_2R2CuEoidaOEvSG,71279,1137,3,1.0,Qwen3-8B,2,random,random
R_2R2CuEoidaOEvSG,75164,1260,0,0.0,Qwen3-8B,1,moral,purity
R_2R2CuEoidaOEvSG,75164,1260,0,0.0,Qwen3-8B,1,moral,care
R_2R2CuEoidaOEvSG,75164,1260,0,0.0,Qwen3-8B,1,moral,purity
R_2R2CuEoidaOEvSG,75164,1260,0,0.0,Qwen3-8B,1,moral,care
R_2R2CuEoidaOEvSG,77323,1349,4,1.0,Qwen3-8B,5,social-group,christian
R_2R2CuEoidaOEvSG,77346,1350,4,1.0,Qwen3-8B,2,social-group,LGB
R_2R2CuEoidaOEvSG,77369,1351,2,1.0,Qwen3-8B,3,social-group,christian
R_2R2CuEoidaOEvSG,77392,1352,4,1.0,Qwen3-8B,5,social-group,jewish
R_2R2CuEoidaOEvSG,77415,1353,0,0.0,Qwen3-8B,1,random,random
R_2R2CuEoidaOEvSG,77438,1354,3,1.0,Qwen3-8B,5,social-group,LGB
R_2R2CuEoidaOEvSG,77461,1355,0,0.0,Qwen3-8B,2,social-group,LGB
R_2R2CuEoidaOEvSG,77484,1356,4,1.0,Qwen3-8B,2,random,random
R_2R2CuEoidaOEvSG,77507,1357,1,0.0,Qwen3-8B,2,random,random
R_2R2CuEoidaOEvSG,77530,1358,2,1.0,Qwen3-8B,3,social-group,transgender
R_2R2CuEoidaOEvSG,77553,1359,2,1.0,Qwen3-8B,1,social-group,jewish
R_2R2CuEoidaOEvSG,77576,1360,4,1.0,Qwen3-8B,1,random,random
R_2R2CuEoidaOEvSG,77599,1361,4,1.0,Qwen3-8B,5,social-group,transgender
R_2R2CuEoidaOEvSG,77622,1362,0,0.0,Qwen3-8B,2,social-group,christian
R_2R2CuEoidaOEvSG,77645,1363,0,0.0,Qwen3-8B,5,social-group,LGB
R_2R2CuEoidaOEvSG,77668,1364,0,0.0,Qwen3-8B,3,social-group,LGB
R_2R2CuEoidaOEvSG,77691,1365,0,0.0,Qwen3-8B,3,random,random
R_2R2CuEoidaOEvSG,77714,1366,3,1.0,Qwen3-8B,4,social-group,LGB
R_2R2CuEoidaOEvSG,77737,1367,2,1.0,Qwen3-8B,2,random,random
R_2R2CuEoidaOEvSG,77760,1368,1,0.0,Qwen3-8B,3,social-group,christian
R_2R2CuEoidaOEvSG,77783,1369,0,0.0,Qwen3-8B,2,moral,purity
R_2R2CuEoidaOEvSG,77806,1370,0,0.0,Qwen3-8B,1,social-group,jewish
R_2R2CuEoidaOEvSG,77829,1371,1,0.0,Qwen3-8B,5,social-group,transgender
R_2R2CuEoidaOEvSG,77852,1372,1,0.0,Qwen3-8B,3,social-group,jewish
R_2dzijJoi2MDPlKh,1869,35,0,0.0,Qwen3-8B,1,random,random
R_2dzijJoi2MDPlKh,13108,209,0,0.0,Qwen3-8B,1,random,random
R_2dzijJoi2MDPlKh,19803,311,0,0.0,Qwen3-8B,3,random,random
R_2dzijJoi2MDPlKh,34910,557,0,0.0,Qwen3-8B,2,random,random
R_2dzijJoi2MDPlKh,37386,599,-1,,Qwen3-8B,3,random,random
R_2dzijJoi2MDPlKh,40606,653,0,0.0,Qwen3-8B,3,random,random
R_2dzijJoi2MDPlKh,44236,711,0,0.0,Qwen3-8B,1,random,random
R_2dzijJoi2MDPlKh,44236,711,0,0.0,Qwen3-8B,1,moral,fairness
R_2dzijJoi2MDPlKh,44236,711,0,0.0,Qwen3-8B,1,random,random
R_2dzijJoi2MDPlKh,44236,711,0,0.0,Qwen3-8B,1,moral,fairness
R_2dzijJoi2MDPlKh,45455,728,0,0.0,Qwen3-8B,2,random,random
R_2dzijJoi2MDPlKh,48134,767,-1,,Qwen3-8B,3,random,random
R_2dzijJoi2MDPlKh,71496,1141,2,1.0,Qwen3-8B,4,random,random
R_2dzijJoi2MDPlKh,87658,1773,2,1.0,Qwen3-8B,4,moral,care
R_2dzijJoi2MDPlKh,121664,3192,3,1.0,Qwen3-8B,4,social-group,transgender
R_2dzijJoi2MDPlKh,121697,3193,4,1.0,Qwen3-8B,5,moral,fairness
R_2dzijJoi2MDPlKh,121732,3194,4,1.0,Qwen3-8B,3,random,random
R_2dzijJoi2MDPlKh,121755,3195,-1,,Qwen3-8B,2,social-group,muslim
R_2dzijJoi2MDPlKh,121778,3196,2,1.0,Qwen3-8B,3,social-group,LGB
R_2dzijJoi2MDPlKh,121801,3197,2,1.0,Qwen3-8B,2,random,random
R_2dzijJoi2MDPlKh,121824,3198,0,0.0,Qwen3-8B,5,social-group,transgender
R_2dzijJoi2MDPlKh,121847,3199,2,1.0,Qwen3-8B,2,moral,purity
R_2dzijJoi2MDPlKh,121870,3200,2,1.0,Qwen3-8B,1,social-group,muslim
R_2dzijJoi2MDPlKh,121893,3201,1,0.0,Qwen3-8B,5,social-group,christian
R_2dzijJoi2MDPlKh,121916,3202,0,0.0,Qwen3-8B,5,social-group,LGB
R_2dzijJoi2MDPlKh,121939,3203,2,1.0,Qwen3-8B,3,social-group,jewish
R_2dzijJoi2MDPlKh,121962,3204,1,0.0,Qwen3-8B,2,social-group,transgender
R_2dzijJoi2MDPlKh,121985,3205,0,0.0,Qwen3-8B,5,social-group,LGB
R_2dzijJoi2MDPlKh,122008,3206,2,1.0,Qwen3-8B,3,social-group,muslim
R_2dzijJoi2MDPlKh,122031,3207,3,1.0,Qwen3-8B,5,social-group,christian
R_2dzijJoi2MDPlKh,122054,3208,0,0.0,Qwen3-8B,3,social-group,christian
R_2dzijJoi2MDPlKh,122077,3209,1,0.0,Qwen3-8B,1,social-group,LGB
R_2dzijJoi2MDPlKh,122100,3210,2,1.0,Qwen3-8B,1,social-group,transgender
R_2dzijJoi2MDPlKh,122123,3211,2,1.0,Qwen3-8B,4,social-group,christian
R_2dzijJoi2MDPlKh,122146,3212,-1,,Qwen3-8B,1,social-group,christian
R_2dzijJoi2MDPlKh,122169,3213,2,1.0,Qwen3-8B,5,social-group,jewish
R_2dzijJoi2MDPlKh,122192,3214,0,0.0,Qwen3-8B,5,social-group,jewish
R_2dzijJoi2MDPlKh,122215,3215,-1,,Qwen3-8B,1,social-group,christian
R_2y74f1k6Hs0cP47,1870,35,-1,,Qwen3-8B,1,random,random
R_2y74f1k6Hs0cP47,13109,209,1,0.0,Qwen3-8B,1,random,random
R_2y74f1k6Hs0cP47,19804,311,-1,,Qwen3-8B,3,random,random
R_2y74f1k6Hs0cP47,34911,557,-1,,Qwen3-8B,2,random,random
R_2y74f1k6Hs0cP47,37387,599,-1,,Qwen3-8B,3,random,random
R_2y74f1k6Hs0cP47,40607,653,1,0.0,Qwen3-8B,3,random,random
R_2y74f1k6Hs0cP47,44240,711,1,0.0,Qwen3-8B,1,random,random
R_2y74f1k6Hs0cP47,44240,711,1,0.0,Qwen3-8B,1,moral,fairness
R_2y74f1k6Hs0cP47,44240,711,1,0.0,Qwen3-8B,1,random,random
R_2y74f1k6Hs0cP47,44240,711,1,0.0,Qwen3-8B,1,moral,fairness
R_2y74f1k6Hs0cP47,45456,728,2,1.0,Qwen3-8B,2,random,random
R_2y74f1k6Hs0cP47,48135,767,1,0.0,Qwen3-8B,3,random,random
R_2y74f1k6Hs0cP47,71497,1141,-1,,Qwen3-8B,4,random,random
R_2y74f1k6Hs0cP47,87660,1773,1,0.0,Qwen3-8B,4,moral,care
R_2y74f1k6Hs0cP47,121665,3192,1,0.0,Qwen3-8B,4,social-group,transgender
R_2y74f1k6Hs0cP47,121699,3193,-1,,Qwen3-8B,5,moral,fairness
R_2y74f1k6Hs0cP47,121733,3194,1,0.0,Qwen3-8B,3,random,random
R_2y74f1k6Hs0cP47,121756,3195,-1,,Qwen3-8B,2,social-group,muslim
R_2y74f1k6Hs0cP47,121779,3196,4,1.0,Qwen3-8B,3,social-group,LGB
R_2y74f1k6Hs0cP47,121802,3197,-1,,Qwen3-8B,2,random,random
R_2y74f1k6Hs0cP47,121825,3198,-1,,Qwen3-8B,5,social-group,transgender
R_2y74f1k6Hs0cP47,121848,3199,1,0.0,Qwen3-8B,2,moral,purity
R_2y74f1k6Hs0cP47,121871,3200,1,0.0,Qwen3-8B,1,social-group,muslim
R_2y74f1k6Hs0cP47,121894,3201,4,1.0,Qwen3-8B,5,social-group,christian
R_2y74f1k6Hs0cP47,121917,3202,2,1.0,Qwen3-8B,5,social-group,LGB
R_2y74f1k6Hs0cP47,121940,3203,1,0.0,Qwen3-8B,3,social-group,jewish
R_2y74f1k6Hs0cP47,121963,3204,-1,,Qwen3-8B,2,social-group,transgender
R_2y74f1k6Hs0cP47,121986,3205,-1,,Qwen3-8B,5,social-group,LGB
R_2y74f1k6Hs0cP47,122009,3206,1,0.0,Qwen3-8B,3,social-group,muslim
R_2y74f1k6Hs0cP47,122032,3207,0,0.0,Qwen3-8B,5,social-group,christian
R_2y74f1k6Hs0cP47,122055,3208,1,0.0,Qwen3-8B,3,social-group,christian
R_2y74f1k6Hs0cP47,122078,3209,1,0.0,Qwen3-8B,1,social-group,LGB
R_2y74f1k6Hs0cP47,122101,3210,1,0.0,Qwen3-8B,1,social-group,transgender
R_2y74f1k6Hs0cP47,122124,3211,-1,,Qwen3-8B,4,social-group,christian
R_2y74f1k6Hs0cP47,122147,3212,-1,,Qwen3-8B,1,social-group,christian
R_2y74f1k6Hs0cP47,122170,3213,0,0.0,Qwen3-8B,5,social-group,jewish
R_2y74f1k6Hs0cP47,122193,3214,4,1.0,Qwen3-8B,5,social-group,jewish
R_2y74f1k6Hs0cP47,122216,3215,-1,,Qwen3-8B,1,social-group,christian
R_1rGH06iowoxVYdY,1882,35,0,0.0,Qwen3-8B,1,random,random
R_1rGH06iowoxVYdY,13125,209,0,0.0,Qwen3-8B,1,random,random
R_1rGH06iowoxVYdY,19816,311,0,0.0,Qwen3-8B,3,random,random
R_1rGH06iowoxVYdY,34927,557,-1,,Qwen3-8B,2,random,random
R_1rGH06iowoxVYdY,37403,599,1,0.0,Qwen3-8B,3,random,random
R_1rGH06iowoxVYdY,40624,653,0,0.0,Qwen3-8B,3,random,random
R_1rGH06iowoxVYdY,44284,711,0,0.0,Qwen3-8B,1,random,random
R_1rGH06iowoxVYdY,44284,711,0,0.0,Qwen3-8B,1,moral,fairness
R_1rGH06iowoxVYdY,44284,711,0,0.0,Qwen3-8B,1,random,random
R_1rGH06iowoxVYdY,44284,711,0,0.0,Qwen3-8B,1,moral,fairness
R_1rGH06iowoxVYdY,45472,728,0,0.0,Qwen3-8B,2,random,random
R_1rGH06iowoxVYdY,48155,767,0,0.0,Qwen3-8B,3,random,random
R_1rGH06iowoxVYdY,71509,1141,0,0.0,Qwen3-8B,4,random,random
R_1rGH06iowoxVYdY,87670,1773,1,0.0,Qwen3-8B,4,moral,care
R_1rGH06iowoxVYdY,121670,3192,0,0.0,Qwen3-8B,4,social-group,transgender
R_1rGH06iowoxVYdY,121709,3193,1,0.0,Qwen3-8B,5,moral,fairness
R_1rGH06iowoxVYdY,121738,3194,0,0.0,Qwen3-8B,3,random,random
R_1rGH06iowoxVYdY,121761,3195,0,0.0,Qwen3-8B,2,social-group,muslim
R_1rGH06iowoxVYdY,121784,3196,0,0.0,Qwen3-8B,3,social-group,LGB
R_1rGH06iowoxVYdY,121807,3197,0,0.0,Qwen3-8B,2,random,random
R_1rGH06iowoxVYdY,121830,3198,1,0.0,Qwen3-8B,5,social-group,transgender
R_1rGH06iowoxVYdY,121853,3199,0,0.0,Qwen3-8B,2,moral,purity
R_1rGH06iowoxVYdY,121876,3200,0,0.0,Qwen3-8B,1,social-group,muslim
R_1rGH06iowoxVYdY,121899,3201,1,0.0,Qwen3-8B,5,social-group,christian
R_1rGH06iowoxVYdY,121922,3202,0,0.0,Qwen3-8B,5,social-group,LGB
R_1rGH06iowoxVYdY,121945,3203,1,0.0,Qwen3-8B,3,social-group,jewish
R_1rGH06iowoxVYdY,121968,3204,0,0.0,Qwen3-8B,2,social-group,transgender
R_1rGH06iowoxVYdY,121991,3205,1,0.0,Qwen3-8B,5,social-group,LGB
R_1rGH06iowoxVYdY,122014,3206,0,0.0,Qwen3-8B,3,social-group,muslim
R_1rGH06iowoxVYdY,122037,3207,2,1.0,Qwen3-8B,5,social-group,christian
R_1rGH06iowoxVYdY,122060,3208,1,0.0,Qwen3-8B,3,social-group,christian
R_1rGH06iowoxVYdY,122083,3209,-1,,Qwen3-8B,1,social-group,LGB
R_1rGH06iowoxVYdY,122106,3210,0,0.0,Qwen3-8B,1,social-group,transgender
R_1rGH06iowoxVYdY,122129,3211,1,0.0,Qwen3-8B,4,social-group,christian
R_1rGH06iowoxVYdY,122152,3212,0,0.0,Qwen3-8B,1,social-group,christian
R_1rGH06iowoxVYdY,122175,3213,1,0.0,Qwen3-8B,5,social-group,jewish
R_1rGH06iowoxVYdY,122198,3214,3,1.0,Qwen3-8B,5,social-group,jewish
R_1rGH06iowoxVYdY,122221,3215,0,0.0,Qwen3-8B,1,social-group,christian
R_2tarb4ne4UCQEx3,1929,36,0,0.0,Qwen3-8B,1,random,random
R_2tarb4ne4UCQEx3,1989,37,0,0.0,Qwen3-8B,4,random,random
R_2tarb4ne4UCQEx3,3295,58,0,0.0,Qwen3-8B,3,random,random
R_2tarb4ne4UCQEx3,8920,144,0,0.0,Qwen3-8B,1,random,random
R_2tarb4ne4UCQEx3,12056,194,0,0.0,Qwen3-8B,2,random,random
R_2tarb4ne4UCQEx3,14384,228,0,0.0,Qwen3-8B,2,random,random
R_2tarb4ne4UCQEx3,31468,502,0,0.0,Qwen3-8B,3,random,random
R_2tarb4ne4UCQEx3,45833,734,0,0.0,Qwen3-8B,2,random,random
R_2tarb4ne4UCQEx3,49876,792,0,0.0,Qwen3-8B,1,random,random
R_2tarb4ne4UCQEx3,52708,830,0,0.0,Qwen3-8B,2,random,random
R_2tarb4ne4UCQEx3,57989,910,-1,,Qwen3-8B,3,random,random
R_2tarb4ne4UCQEx3,111016,2739,0,0.0,Qwen3-8B,4,social-group,jewish
R_2tarb4ne4UCQEx3,111040,2740,0,0.0,Qwen3-8B,5,social-group,muslim
R_2tarb4ne4UCQEx3,111064,2741,0,0.0,Qwen3-8B,1,random,random
R_2tarb4ne4UCQEx3,111088,2742,0,0.0,Qwen3-8B,2,social-group,jewish
R_2tarb4ne4UCQEx3,111112,2743,0,0.0,Qwen3-8B,1,random,random
R_2tarb4ne4UCQEx3,111136,2744,0,0.0,Qwen3-8B,5,social-group,jewish
R_2tarb4ne4UCQEx3,111160,2745,0,0.0,Qwen3-8B,4,social-group,jewish
R_2tarb4ne4UCQEx3,111184,2746,0,0.0,Qwen3-8B,5,social-group,jewish
R_2tarb4ne4UCQEx3,111208,2747,0,0.0,Qwen3-8B,4,social-group,jewish
R_2tarb4ne4UCQEx3,111232,2748,0,0.0,Qwen3-8B,5,social-group,jewish
R_2tarb4ne4UCQEx3,111256,2749,0,0.0,Qwen3-8B,1,moral,care
R_2tarb4ne4UCQEx3,111280,2750,0,0.0,Qwen3-8B,4,social-group,LGB
R_2tarb4ne4UCQEx3,111304,2751,0,0.0,Qwen3-8B,4,random,random
R_2tarb4ne4UCQEx3,111328,2752,0,0.0,Qwen3-8B,4,social-group,muslim
R_2tarb4ne4UCQEx3,111352,2753,0,0.0,Qwen3-8B,2,social-group,jewish
R_2tarb4ne4UCQEx3,111376,2754,0,0.0,Qwen3-8B,4,social-group,LGB
R_2tarb4ne4UCQEx3,111400,2755,0,0.0,Qwen3-8B,5,social-group,LGB
R_2tarb4ne4UCQEx3,111424,2756,0,0.0,Qwen3-8B,4,social-group,LGB
R_2tarb4ne4UCQEx3,111448,2757,0,0.0,Qwen3-8B,1,random,random
R_2tarb4ne4UCQEx3,111472,2758,0,0.0,Qwen3-8B,1,random,random
R_2tarb4ne4UCQEx3,111496,2759,0,0.0,Qwen3-8B,5,social-group,LGB
R_2tarb4ne4UCQEx3,111520,2760,0,0.0,Qwen3-8B,2,social-group,LGB
R_2tarb4ne4UCQEx3,111544,2761,0,0.0,Qwen3-8B,1,moral,fairness
R_2tarb4ne4UCQEx3,111568,2762,0,0.0,Qwen3-8B,3,social-group,transgender
R_2U584F6DmtIfOGr,2050,39,0,0.0,Qwen3-8B,2,random,random
R_2U584F6DmtIfOGr,31820,506,-1,,Qwen3-8B,2,random,random
R_2U584F6DmtIfOGr,32567,518,0,0.0,Qwen3-8B,3,random,random
R_2U584F6DmtIfOGr,35151,561,0,0.0,Qwen3-8B,5,random,random
R_2U584F6DmtIfOGr,36681,587,0,0.0,Qwen3-8B,2,random,random
R_2U584F6DmtIfOGr,38338,615,-1,,Qwen3-8B,4,random,random
R_2U584F6DmtIfOGr,43119,694,0,0.0,Qwen3-8B,5,random,random
R_2U584F6DmtIfOGr,52774,831,0,0.0,Qwen3-8B,4,random,random
R_2U584F6DmtIfOGr,57368,903,0,0.0,Qwen3-8B,1,random,random
R_2U584F6DmtIfOGr,60686,957,0,0.0,Qwen3-8B,2,random,random
R_2U584F6DmtIfOGr,64632,1023,0,0.0,Qwen3-8B,2,random,random
R_2U584F6DmtIfOGr,70134,1115,0,0.0,Qwen3-8B,2,random,random
R_2U584F6DmtIfOGr,140861,4020,0,0.0,Qwen3-8B,5,social-group,jewish
R_2U584F6DmtIfOGr,140885,4021,0,0.0,Qwen3-8B,3,random,random
R_2U584F6DmtIfOGr,140909,4022,0,0.0,Qwen3-8B,3,random,random
R_2U584F6DmtIfOGr,140933,4023,0,0.0,Qwen3-8B,2,social-group,LGB
R_2U584F6DmtIfOGr,140957,4024,0,0.0,Qwen3-8B,3,social-group,transgender
R_2U584F6DmtIfOGr,140981,4025,0,0.0,Qwen3-8B,3,social-group,jewish
R_2U584F6DmtIfOGr,141005,4026,0,0.0,Qwen3-8B,2,moral,purity
R_2U584F6DmtIfOGr,141029,4027,0,0.0,Qwen3-8B,5,social-group,transgender
R_2U584F6DmtIfOGr,141053,4028,0,0.0,Qwen3-8B,5,social-group,jewish
R_2U584F6DmtIfOGr,141077,4029,0,0.0,Qwen3-8B,1,social-group,transgender
R_2U584F6DmtIfOGr,141101,4030,0,0.0,Qwen3-8B,3,random,random
R_2U584F6DmtIfOGr,141125,4031,0,0.0,Qwen3-8B,5,social-group,muslim
R_2U584F6DmtIfOGr,141149,4032,0,0.0,Qwen3-8B,3,social-group,LGB
R_2U584F6DmtIfOGr,141173,4033,0,0.0,Qwen3-8B,2,social-group,jewish
R_2U584F6DmtIfOGr,141197,4034,0,0.0,Qwen3-8B,1,random,random
R_2U584F6DmtIfOGr,141221,4035,0,0.0,Qwen3-8B,5,social-group,transgender
R_2U584F6DmtIfOGr,141245,4036,0,0.0,Qwen3-8B,5,social-group,muslim
R_2U584F6DmtIfOGr,141269,4037,0,0.0,Qwen3-8B,3,social-group,LGB
R_2U584F6DmtIfOGr,141293,4038,0,0.0,Qwen3-8B,2,social-group,muslim
R_2U584F6DmtIfOGr,141317,4039,0,0.0,Qwen3-8B,5,social-group,LGB
R_2U584F6DmtIfOGr,141341,4040,0,0.0,Qwen3-8B,2,social-group,christian
R_2U584F6DmtIfOGr,141365,4041,0,0.0,Qwen3-8B,1,moral,authority
R_2U584F6DmtIfOGr,141389,4042,-1,,Qwen3-8B,1,moral,loyalty
R_1nNGhY8mhK8qovp,2058,39,-1,,Qwen3-8B,2,random,random
R_1nNGhY8mhK8qovp,31831,506,1,0.0,Qwen3-8B,2,random,random
R_1nNGhY8mhK8qovp,32578,518,0,0.0,Qwen3-8B,3,random,random
R_1nNGhY8mhK8qovp,35163,561,1,0.0,Qwen3-8B,5,random,random
R_1nNGhY8mhK8qovp,36690,587,1,0.0,Qwen3-8B,2,random,random
R_1nNGhY8mhK8qovp,38345,615,2,1.0,Qwen3-8B,4,random,random
R_1nNGhY8mhK8qovp,43131,694,3,1.0,Qwen3-8B,5,random,random
R_1nNGhY8mhK8qovp,52788,831,2,1.0,Qwen3-8B,4,random,random
R_1nNGhY8mhK8qovp,57381,903,1,0.0,Qwen3-8B,1,random,random
R_1nNGhY8mhK8qovp,60693,957,1,0.0,Qwen3-8B,2,random,random
R_1nNGhY8mhK8qovp,64643,1023,1,0.0,Qwen3-8B,2,random,random
R_1nNGhY8mhK8qovp,70140,1115,2,1.0,Qwen3-8B,2,random,random
R_1nNGhY8mhK8qovp,140865,4020,1,0.0,Qwen3-8B,5,social-group,jewish
R_1nNGhY8mhK8qovp,140889,4021,1,0.0,Qwen3-8B,3,random,random
R_1nNGhY8mhK8qovp,140913,4022,4,1.0,Qwen3-8B,3,random,random
R_1nNGhY8mhK8qovp,140937,4023,1,0.0,Qwen3-8B,2,social-group,LGB
R_1nNGhY8mhK8qovp,140961,4024,1,0.0,Qwen3-8B,3,social-group,transgender
R_1nNGhY8mhK8qovp,140985,4025,2,1.0,Qwen3-8B,3,social-group,jewish
R_1nNGhY8mhK8qovp,141009,4026,1,0.0,Qwen3-8B,2,moral,purity
R_1nNGhY8mhK8qovp,141033,4027,4,1.0,Qwen3-8B,5,social-group,transgender
R_1nNGhY8mhK8qovp,141057,4028,2,1.0,Qwen3-8B,5,social-group,jewish
R_1nNGhY8mhK8qovp,141081,4029,2,1.0,Qwen3-8B,1,social-group,transgender
R_1nNGhY8mhK8qovp,141105,4030,2,1.0,Qwen3-8B,3,random,random
R_1nNGhY8mhK8qovp,141129,4031,2,1.0,Qwen3-8B,5,social-group,muslim
R_1nNGhY8mhK8qovp,141153,4032,1,0.0,Qwen3-8B,3,social-group,LGB
R_1nNGhY8mhK8qovp,141177,4033,3,1.0,Qwen3-8B,2,social-group,jewish
R_1nNGhY8mhK8qovp,141201,4034,0,0.0,Qwen3-8B,1,random,random
R_1nNGhY8mhK8qovp,141225,4035,4,1.0,Qwen3-8B,5,social-group,transgender
R_1nNGhY8mhK8qovp,141249,4036,-1,,Qwen3-8B,5,social-group,muslim
R_1nNGhY8mhK8qovp,141273,4037,-1,,Qwen3-8B,3,social-group,LGB
R_1nNGhY8mhK8qovp,141297,4038,1,0.0,Qwen3-8B,2,social-group,muslim
R_1nNGhY8mhK8qovp,141321,4039,1,0.0,Qwen3-8B,5,social-group,LGB
R_1nNGhY8mhK8qovp,141345,4040,1,0.0,Qwen3-8B,2,social-group,christian
R_1nNGhY8mhK8qovp,141369,4041,0,0.0,Qwen3-8B,1,moral,authority
R_1nNGhY8mhK8qovp,141393,4042,0,0.0,Qwen3-8B,1,moral,loyalty
R_2XbzgLGUshAZdyV,2101,40,1,0.0,Qwen3-8B,3,random,random
R_2XbzgLGUshAZdyV,2625,48,0,0.0,Qwen3-8B,2,random,random
R_2XbzgLGUshAZdyV,4794,81,0,0.0,Qwen3-8B,2,random,random
R_2XbzgLGUshAZdyV,4857,82,1,0.0,Qwen3-8B,1,random,random
R_2XbzgLGUshAZdyV,5491,92,3,1.0,Qwen3-8B,2,random,random
R_2XbzgLGUshAZdyV,8607,139,0,0.0,Qwen3-8B,2,random,random
R_2XbzgLGUshAZdyV,27845,444,0,0.0,Qwen3-8B,3,random,random
R_2XbzgLGUshAZdyV,30895,493,2,1.0,Qwen3-8B,2,random,random
R_2XbzgLGUshAZdyV,49126,780,1,0.0,Qwen3-8B,2,random,random
R_2XbzgLGUshAZdyV,138529,3916,0,0.0,Qwen3-8B,3,social-group,jewish
R_2XbzgLGUshAZdyV,138552,3917,2,1.0,Qwen3-8B,5,social-group,jewish
R_2XbzgLGUshAZdyV,138575,3918,2,1.0,Qwen3-8B,5,social-group,jewish
R_2XbzgLGUshAZdyV,138598,3919,1,0.0,Qwen3-8B,4,social-group,LGB
R_2XbzgLGUshAZdyV,138621,3920,0,0.0,Qwen3-8B,1,social-group,transgender
R_2XbzgLGUshAZdyV,138644,3921,2,1.0,Qwen3-8B,4,random,random
R_2XbzgLGUshAZdyV,138667,3922,1,0.0,Qwen3-8B,4,social-group,transgender
R_2XbzgLGUshAZdyV,138690,3923,2,1.0,Qwen3-8B,3,social-group,LGB
R_2XbzgLGUshAZdyV,138713,3924,3,1.0,Qwen3-8B,3,social-group,jewish
R_2XbzgLGUshAZdyV,138736,3925,0,0.0,Qwen3-8B,4,social-group,muslim
R_2XbzgLGUshAZdyV,138759,3926,2,1.0,Qwen3-8B,3,social-group,LGB
R_2XbzgLGUshAZdyV,138782,3927,1,0.0,Qwen3-8B,2,social-group,christian
R_2XbzgLGUshAZdyV,138805,3928,0,0.0,Qwen3-8B,3,social-group,christian
R_2XbzgLGUshAZdyV,138828,3929,1,0.0,Qwen3-8B,3,social-group,jewish
R_2XbzgLGUshAZdyV,138851,3930,1,0.0,Qwen3-8B,1,moral,purity
R_2XbzgLGUshAZdyV,138874,3931,4,1.0,Qwen3-8B,4,social-group,christian
R_2XbzgLGUshAZdyV,138897,3932,2,1.0,Qwen3-8B,3,social-group,muslim
R_2XbzgLGUshAZdyV,138920,3933,1,0.0,Qwen3-8B,2,moral,care
R_2XbzgLGUshAZdyV,138943,3934,2,1.0,Qwen3-8B,3,social-group,muslim
R_2XbzgLGUshAZdyV,138966,3935,3,1.0,Qwen3-8B,4,social-group,christian
R_2XbzgLGUshAZdyV,138989,3936,0,0.0,Qwen3-8B,2,social-group,transgender
R_2XbzgLGUshAZdyV,139012,3937,0,0.0,Qwen3-8B,3,social-group,christian
R_2XbzgLGUshAZdyV,139035,3938,0,0.0,Qwen3-8B,5,moral,loyalty
R_2XbzgLGUshAZdyV,139058,3939,4,1.0,Qwen3-8B,5,social-group,LGB
R_2XbzgLGUshAZdyV,139081,3940,0,0.0,Qwen3-8B,1,social-group,transgender
R_2XbzgLGUshAZdyV,139104,3941,0,0.0,Qwen3-8B,1,moral,care
R_2xPN8d1lcmKC3OH,2104,40,2,1.0,Qwen3-8B,3,random,random
R_2xPN8d1lcmKC3OH,2173,41,-1,,Qwen3-8B,2,random,random
R_2xPN8d1lcmKC3OH,2241,42,1,0.0,Qwen3-8B,2,random,random
R_2xPN8d1lcmKC3OH,2301,43,-1,,Qwen3-8B,2,random,random
R_2xPN8d1lcmKC3OH,2355,44,1,0.0,Qwen3-8B,5,random,random
R_2xPN8d1lcmKC3OH,2424,45,1,0.0,Qwen3-8B,1,random,random
R_2xPN8d1lcmKC3OH,2493,46,1,0.0,Qwen3-8B,3,random,random
R_2xPN8d1lcmKC3OH,2560,47,1,0.0,Qwen3-8B,4,random,random
R_2xPN8d1lcmKC3OH,2628,48,0,0.0,Qwen3-8B,2,random,random
R_2xPN8d1lcmKC3OH,2697,49,0,0.0,Qwen3-8B,1,random,random
R_2xPN8d1lcmKC3OH,2767,50,1,0.0,Qwen3-8B,3,random,random
R_2xPN8d1lcmKC3OH,2836,51,1,0.0,Qwen3-8B,3,random,random
R_2xPN8d1lcmKC3OH,2895,52,2,1.0,Qwen3-8B,4,random,random
R_2xPN8d1lcmKC3OH,2947,53,-1,,Qwen3-8B,1,random,random
R_2xPN8d1lcmKC3OH,3015,54,1,0.0,Qwen3-8B,1,random,random
R_2xPN8d1lcmKC3OH,3085,55,1,0.0,Qwen3-8B,2,random,random
R_2xPN8d1lcmKC3OH,3153,56,1,0.0,Qwen3-8B,2,random,random
R_2xPN8d1lcmKC3OH,3221,57,1,0.0,Qwen3-8B,2,random,random
R_2xPN8d1lcmKC3OH,3289,58,1,0.0,Qwen3-8B,3,random,random
R_2xPN8d1lcmKC3OH,3358,59,0,0.0,Qwen3-8B,2,random,random
R_2xPN8d1lcmKC3OH,3426,60,-1,,Qwen3-8B,2,random,random
R_2xPN8d1lcmKC3OH,3495,61,1,0.0,Qwen3-8B,2,random,random
R_2xPN8d1lcmKC3OH,3563,62,1,0.0,Qwen3-8B,1,random,random
R_2xPN8d1lcmKC3OH,3629,63,1,0.0,Qwen3-8B,1,random,random
R_2xPN8d1lcmKC3OH,3698,64,1,0.0,Qwen3-8B,3,random,random
R_2xPN8d1lcmKC3OH,3764,65,0,0.0,Qwen3-8B,3,random,random
R_2xPN8d1lcmKC3OH,3832,66,2,1.0,Qwen3-8B,2,random,random
R_2xPN8d1lcmKC3OH,3900,67,-1,,Qwen3-8B,1,random,random
R_2xPN8d1lcmKC3OH,3969,68,1,0.0,Qwen3-8B,1,random,random
R_2xPN8d1lcmKC3OH,4037,69,1,0.0,Qwen3-8B,4,random,random
R_2xPN8d1lcmKC3OH,4103,70,3,1.0,Qwen3-8B,3,random,random
R_2xPN8d1lcmKC3OH,4172,71,1,0.0,Qwen3-8B,4,random,random
R_2xPN8d1lcmKC3OH,4239,72,1,0.0,Qwen3-8B,4,random,random
R_2xPN8d1lcmKC3OH,4307,73,0,0.0,Qwen3-8B,2,random,random
R_2xPN8d1lcmKC3OH,4366,74,1,0.0,Qwen3-8B,2,random,random
R_1o859WAU8ChYd1Q,2114,40,1,0.0,Qwen3-8B,3,random,random
R_1o859WAU8ChYd1Q,2183,41,0,0.0,Qwen3-8B,2,random,random
R_1o859WAU8ChYd1Q,2251,42,0,0.0,Qwen3-8B,2,random,random
R_1o859WAU8ChYd1Q,2308,43,0,0.0,Qwen3-8B,2,random,random
R_1o859WAU8ChYd1Q,2365,44,0,0.0,Qwen3-8B,5,random,random
R_1o859WAU8ChYd1Q,2434,45,0,0.0,Qwen3-8B,1,random,random
R_1o859WAU8ChYd1Q,2503,46,0,0.0,Qwen3-8B,3,random,random
R_1o859WAU8ChYd1Q,2570,47,0,0.0,Qwen3-8B,4,random,random
R_1o859WAU8ChYd1Q,2638,48,0,0.0,Qwen3-8B,2,random,random
R_1o859WAU8ChYd1Q,2707,49,0,0.0,Qwen3-8B,1,random,random
R_1o859WAU8ChYd1Q,2777,50,0,0.0,Qwen3-8B,3,random,random
R_1o859WAU8ChYd1Q,2846,51,0,0.0,Qwen3-8B,3,random,random
R_1o859WAU8ChYd1Q,2902,52,1,0.0,Qwen3-8B,4,random,random
R_1o859WAU8ChYd1Q,2957,53,0,0.0,Qwen3-8B,1,random,random
R_1o859WAU8ChYd1Q,3025,54,0,0.0,Qwen3-8B,1,random,random
R_1o859WAU8ChYd1Q,3095,55,-1,,Qwen3-8B,2,random,random
R_1o859WAU8ChYd1Q,3163,56,0,0.0,Qwen3-8B,2,random,random
R_1o859WAU8ChYd1Q,3231,57,0,0.0,Qwen3-8B,2,random,random
R_1o859WAU8ChYd1Q,3299,58,0,0.0,Qwen3-8B,3,random,random
R_1o859WAU8ChYd1Q,3368,59,0,0.0,Qwen3-8B,2,random,random
R_1o859WAU8ChYd1Q,3436,60,0,0.0,Qwen3-8B,2,random,random
R_1o859WAU8ChYd1Q,3505,61,0,0.0,Qwen3-8B,2,random,random
R_1o859WAU8ChYd1Q,3573,62,0,0.0,Qwen3-8B,1,random,random
R_1o859WAU8ChYd1Q,3639,63,0,0.0,Qwen3-8B,1,random,random
R_1o859WAU8ChYd1Q,3708,64,0,0.0,Qwen3-8B,3,random,random
R_1o859WAU8ChYd1Q,3774,65,0,0.0,Qwen3-8B,3,random,random
R_1o859WAU8ChYd1Q,3842,66,0,0.0,Qwen3-8B,2,random,random
R_1o859WAU8ChYd1Q,3910,67,0,0.0,Qwen3-8B,1,random,random
R_1o859WAU8ChYd1Q,3979,68,0,0.0,Qwen3-8B,1,random,random
R_1o859WAU8ChYd1Q,4047,69,0,0.0,Qwen3-8B,4,random,random
R_1o859WAU8ChYd1Q,4113,70,0,0.0,Qwen3-8B,3,random,random
R_1o859WAU8ChYd1Q,4182,71,0,0.0,Qwen3-8B,4,random,random
R_1o859WAU8ChYd1Q,4249,72,0,0.0,Qwen3-8B,4,random,random
R_1o859WAU8ChYd1Q,4317,73,0,0.0,Qwen3-8B,2,random,random
R_1o859WAU8ChYd1Q,4373,74,0,0.0,Qwen3-8B,2,random,random
R_2OYzod1onJdcHh6,2117,40,1,0.0,Qwen3-8B,3,random,random
R_2OYzod1onJdcHh6,2186,41,-1,,Qwen3-8B,2,random,random
R_2OYzod1onJdcHh6,2254,42,1,0.0,Qwen3-8B,2,random,random
R_2OYzod1onJdcHh6,2311,43,0,0.0,Qwen3-8B,2,random,random
R_2OYzod1onJdcHh6,2368,44,0,0.0,Qwen3-8B,5,random,random
R_2OYzod1onJdcHh6,2437,45,0,0.0,Qwen3-8B,1,random,random
R_2OYzod1onJdcHh6,2506,46,-1,,Qwen3-8B,3,random,random
R_2OYzod1onJdcHh6,2573,47,0,0.0,Qwen3-8B,4,random,random
R_2OYzod1onJdcHh6,2641,48,0,0.0,Qwen3-8B,2,random,random
R_2OYzod1onJdcHh6,2710,49,0,0.0,Qwen3-8B,1,random,random
R_2OYzod1onJdcHh6,2780,50,0,0.0,Qwen3-8B,3,random,random
R_2OYzod1onJdcHh6,2849,51,0,0.0,Qwen3-8B,3,random,random
R_2OYzod1onJdcHh6,2905,52,1,0.0,Qwen3-8B,4,random,random
R_2OYzod1onJdcHh6,2960,53,-1,,Qwen3-8B,1,random,random
R_2OYzod1onJdcHh6,3028,54,0,0.0,Qwen3-8B,1,random,random
R_2OYzod1onJdcHh6,3098,55,0,0.0,Qwen3-8B,2,random,random
R_2OYzod1onJdcHh6,3166,56,-1,,Qwen3-8B,2,random,random
R_2OYzod1onJdcHh6,3234,57,0,0.0,Qwen3-8B,2,random,random
R_2OYzod1onJdcHh6,3302,58,0,0.0,Qwen3-8B,3,random,random
R_2OYzod1onJdcHh6,3371,59,0,0.0,Qwen3-8B,2,random,random
R_2OYzod1onJdcHh6,3439,60,-1,,Qwen3-8B,2,random,random
R_2OYzod1onJdcHh6,3508,61,0,0.0,Qwen3-8B,2,random,random
R_2OYzod1onJdcHh6,3576,62,1,0.0,Qwen3-8B,1,random,random
R_2OYzod1onJdcHh6,3642,63,0,0.0,Qwen3-8B,1,random,random
R_2OYzod1onJdcHh6,3711,64,-1,,Qwen3-8B,3,random,random
R_2OYzod1onJdcHh6,3777,65,-1,,Qwen3-8B,3,random,random
R_2OYzod1onJdcHh6,3845,66,-1,,Qwen3-8B,2,random,random
R_2OYzod1onJdcHh6,3913,67,-1,,Qwen3-8B,1,random,random
R_2OYzod1onJdcHh6,3982,68,-1,,Qwen3-8B,1,random,random
R_2OYzod1onJdcHh6,4050,69,-1,,Qwen3-8B,4,random,random
R_2OYzod1onJdcHh6,4116,70,0,0.0,Qwen3-8B,3,random,random
R_2OYzod1onJdcHh6,4185,71,-1,,Qwen3-8B,4,random,random
R_2OYzod1onJdcHh6,4252,72,0,0.0,Qwen3-8B,4,random,random
R_2OYzod1onJdcHh6,4320,73,0,0.0,Qwen3-8B,2,random,random
R_2OYzod1onJdcHh6,4376,74,0,0.0,Qwen3-8B,2,random,random
R_NWuHpbtkc9SbXj3,2119,40,0,0.0,Qwen3-8B,3,random,random
R_NWuHpbtkc9SbXj3,2188,41,0,0.0,Qwen3-8B,2,random,random
R_NWuHpbtkc9SbXj3,2256,42,2,1.0,Qwen3-8B,2,random,random
R_NWuHpbtkc9SbXj3,2313,43,-1,,Qwen3-8B,2,random,random
R_NWuHpbtkc9SbXj3,2370,44,0,0.0,Qwen3-8B,5,random,random
R_NWuHpbtkc9SbXj3,2439,45,0,0.0,Qwen3-8B,1,random,random
R_NWuHpbtkc9SbXj3,2508,46,4,1.0,Qwen3-8B,3,random,random
R_NWuHpbtkc9SbXj3,2575,47,1,0.0,Qwen3-8B,4,random,random
R_NWuHpbtkc9SbXj3,2643,48,0,0.0,Qwen3-8B,2,random,random
R_NWuHpbtkc9SbXj3,2712,49,0,0.0,Qwen3-8B,1,random,random
R_NWuHpbtkc9SbXj3,2782,50,1,0.0,Qwen3-8B,3,random,random
R_NWuHpbtkc9SbXj3,2851,51,3,1.0,Qwen3-8B,3,random,random
R_NWuHpbtkc9SbXj3,2907,52,4,1.0,Qwen3-8B,4,random,random
R_NWuHpbtkc9SbXj3,2962,53,-1,,Qwen3-8B,1,random,random
R_NWuHpbtkc9SbXj3,3030,54,0,0.0,Qwen3-8B,1,random,random
R_NWuHpbtkc9SbXj3,3100,55,0,0.0,Qwen3-8B,2,random,random
R_NWuHpbtkc9SbXj3,3168,56,4,1.0,Qwen3-8B,2,random,random
R_NWuHpbtkc9SbXj3,3236,57,0,0.0,Qwen3-8B,2,random,random
R_NWuHpbtkc9SbXj3,3304,58,2,1.0,Qwen3-8B,3,random,random
R_NWuHpbtkc9SbXj3,3373,59,1,0.0,Qwen3-8B,2,random,random
R_NWuHpbtkc9SbXj3,3441,60,1,0.0,Qwen3-8B,2,random,random
R_NWuHpbtkc9SbXj3,3510,61,0,0.0,Qwen3-8B,2,random,random
R_NWuHpbtkc9SbXj3,3578,62,0,0.0,Qwen3-8B,1,random,random
R_NWuHpbtkc9SbXj3,3644,63,0,0.0,Qwen3-8B,1,random,random
R_NWuHpbtkc9SbXj3,3713,64,1,0.0,Qwen3-8B,3,random,random
R_NWuHpbtkc9SbXj3,3779,65,1,0.0,Qwen3-8B,3,random,random
R_NWuHpbtkc9SbXj3,3847,66,0,0.0,Qwen3-8B,2,random,random
R_NWuHpbtkc9SbXj3,3915,67,2,1.0,Qwen3-8B,1,random,random
R_NWuHpbtkc9SbXj3,3984,68,0,0.0,Qwen3-8B,1,random,random
R_NWuHpbtkc9SbXj3,4052,69,0,0.0,Qwen3-8B,4,random,random
R_NWuHpbtkc9SbXj3,4118,70,2,1.0,Qwen3-8B,3,random,random
R_NWuHpbtkc9SbXj3,4187,71,0,0.0,Qwen3-8B,4,random,random
R_NWuHpbtkc9SbXj3,4254,72,0,0.0,Qwen3-8B,4,random,random
R_NWuHpbtkc9SbXj3,4322,73,1,0.0,Qwen3-8B,2,random,random
R_NWuHpbtkc9SbXj3,4378,74,3,1.0,Qwen3-8B,2,random,random
R_3kv5VLUe21QtcG6,2132,40,0,0.0,Qwen3-8B,3,random,random
R_3kv5VLUe21QtcG6,2656,48,0,0.0,Qwen3-8B,2,random,random
R_3kv5VLUe21QtcG6,4819,81,0,0.0,Qwen3-8B,2,random,random
R_3kv5VLUe21QtcG6,4882,82,0,0.0,Qwen3-8B,1,random,random
R_3kv5VLUe21QtcG6,5516,92,0,0.0,Qwen3-8B,2,random,random
R_3kv5VLUe21QtcG6,8632,139,0,0.0,Qwen3-8B,2,random,random
R_3kv5VLUe21QtcG6,27867,444,0,0.0,Qwen3-8B,3,random,random
R_3kv5VLUe21QtcG6,30922,493,0,0.0,Qwen3-8B,2,random,random
R_3kv5VLUe21QtcG6,49150,780,0,0.0,Qwen3-8B,2,random,random
R_3kv5VLUe21QtcG6,138538,3916,0,0.0,Qwen3-8B,3,social-group,jewish
R_3kv5VLUe21QtcG6,138561,3917,0,0.0,Qwen3-8B,5,social-group,jewish
R_3kv5VLUe21QtcG6,138584,3918,-1,,Qwen3-8B,5,social-group,jewish
R_3kv5VLUe21QtcG6,138607,3919,0,0.0,Qwen3-8B,4,social-group,LGB
R_3kv5VLUe21QtcG6,138630,3920,0,0.0,Qwen3-8B,1,social-group,transgender
R_3kv5VLUe21QtcG6,138653,3921,0,0.0,Qwen3-8B,4,random,random
R_3kv5VLUe21QtcG6,138676,3922,0,0.0,Qwen3-8B,4,social-group,transgender
R_3kv5VLUe21QtcG6,138699,3923,0,0.0,Qwen3-8B,3,social-group,LGB
R_3kv5VLUe21QtcG6,138722,3924,0,0.0,Qwen3-8B,3,social-group,jewish
R_3kv5VLUe21QtcG6,138745,3925,0,0.0,Qwen3-8B,4,social-group,muslim
R_3kv5VLUe21QtcG6,138768,3926,0,0.0,Qwen3-8B,3,social-group,LGB
R_3kv5VLUe21QtcG6,138791,3927,0,0.0,Qwen3-8B,2,social-group,christian
R_3kv5VLUe21QtcG6,138814,3928,0,0.0,Qwen3-8B,3,social-group,christian
R_3kv5VLUe21QtcG6,138837,3929,0,0.0,Qwen3-8B,3,social-group,jewish
R_3kv5VLUe21QtcG6,138860,3930,0,0.0,Qwen3-8B,1,moral,purity
R_3kv5VLUe21QtcG6,138883,3931,0,0.0,Qwen3-8B,4,social-group,christian
R_3kv5VLUe21QtcG6,138906,3932,0,0.0,Qwen3-8B,3,social-group,muslim
R_3kv5VLUe21QtcG6,138929,3933,0,0.0,Qwen3-8B,2,moral,care
R_3kv5VLUe21QtcG6,138952,3934,0,0.0,Qwen3-8B,3,social-group,muslim
R_3kv5VLUe21QtcG6,138975,3935,0,0.0,Qwen3-8B,4,social-group,christian
R_3kv5VLUe21QtcG6,138998,3936,0,0.0,Qwen3-8B,2,social-group,transgender
R_3kv5VLUe21QtcG6,139021,3937,0,0.0,Qwen3-8B,3,social-group,christian
R_3kv5VLUe21QtcG6,139044,3938,0,0.0,Qwen3-8B,5,moral,loyalty
R_3kv5VLUe21QtcG6,139067,3939,0,0.0,Qwen3-8B,5,social-group,LGB
R_3kv5VLUe21QtcG6,139090,3940,0,0.0,Qwen3-8B,1,social-group,transgender
R_3kv5VLUe21QtcG6,139113,3941,0,0.0,Qwen3-8B,1,moral,care
R_vYzrS4suxTQJQml,2135,40,2,1.0,Qwen3-8B,3,random,random
R_vYzrS4suxTQJQml,2203,41,3,1.0,Qwen3-8B,2,random,random
R_vYzrS4suxTQJQml,2272,42,2,1.0,Qwen3-8B,2,random,random
R_vYzrS4suxTQJQml,2323,43,4,1.0,Qwen3-8B,2,random,random
R_vYzrS4suxTQJQml,2386,44,3,1.0,Qwen3-8B,5,random,random
R_vYzrS4suxTQJQml,2455,45,4,1.0,Qwen3-8B,1,random,random
R_vYzrS4suxTQJQml,2523,46,4,1.0,Qwen3-8B,3,random,random
R_vYzrS4suxTQJQml,2591,47,3,1.0,Qwen3-8B,4,random,random
R_vYzrS4suxTQJQml,2659,48,4,1.0,Qwen3-8B,2,random,random
R_vYzrS4suxTQJQml,2728,49,0,0.0,Qwen3-8B,1,random,random
R_vYzrS4suxTQJQml,2797,50,1,0.0,Qwen3-8B,3,random,random
R_vYzrS4suxTQJQml,2866,51,1,0.0,Qwen3-8B,3,random,random
R_vYzrS4suxTQJQml,2917,52,4,1.0,Qwen3-8B,4,random,random
R_vYzrS4suxTQJQml,2977,53,0,0.0,Qwen3-8B,1,random,random
R_vYzrS4suxTQJQml,3046,54,0,0.0,Qwen3-8B,1,random,random
R_vYzrS4suxTQJQml,3116,55,1,0.0,Qwen3-8B,2,random,random
R_vYzrS4suxTQJQml,3184,56,0,0.0,Qwen3-8B,2,random,random
R_vYzrS4suxTQJQml,3251,57,0,0.0,Qwen3-8B,2,random,random
R_vYzrS4suxTQJQml,3320,58,0,0.0,Qwen3-8B,3,random,random
R_vYzrS4suxTQJQml,3389,59,0,0.0,Qwen3-8B,2,random,random
R_vYzrS4suxTQJQml,3457,60,2,1.0,Qwen3-8B,2,random,random
R_vYzrS4suxTQJQml,3525,61,0,0.0,Qwen3-8B,2,random,random
R_vYzrS4suxTQJQml,3591,62,0,0.0,Qwen3-8B,1,random,random
R_vYzrS4suxTQJQml,3659,63,0,0.0,Qwen3-8B,1,random,random
R_vYzrS4suxTQJQml,3727,64,4,1.0,Qwen3-8B,3,random,random
R_vYzrS4suxTQJQml,3793,65,1,0.0,Qwen3-8B,3,random,random
R_vYzrS4suxTQJQml,3862,66,1,0.0,Qwen3-8B,2,random,random
R_vYzrS4suxTQJQml,3931,67,0,0.0,Qwen3-8B,1,random,random
R_vYzrS4suxTQJQml,3999,68,0,0.0,Qwen3-8B,1,random,random
R_vYzrS4suxTQJQml,4067,69,0,0.0,Qwen3-8B,4,random,random
R_vYzrS4suxTQJQml,4134,70,0,0.0,Qwen3-8B,3,random,random
R_vYzrS4suxTQJQml,4202,71,0,0.0,Qwen3-8B,4,random,random
R_vYzrS4suxTQJQml,4270,72,0,0.0,Qwen3-8B,4,random,random
R_vYzrS4suxTQJQml,4337,73,0,0.0,Qwen3-8B,2,random,random
R_vYzrS4suxTQJQml,4388,74,1,0.0,Qwen3-8B,2,random,random
R_3HnbeBVaei668FR,2141,40,1,0.0,Qwen3-8B,3,random,random
R_3HnbeBVaei668FR,2209,41,2,1.0,Qwen3-8B,2,random,random
R_3HnbeBVaei668FR,2278,42,2,1.0,Qwen3-8B,2,random,random
R_3HnbeBVaei668FR,2326,43,-1,,Qwen3-8B,2,random,random
R_3HnbeBVaei668FR,2392,44,-1,,Qwen3-8B,5,random,random
R_3HnbeBVaei668FR,2461,45,0,0.0,Qwen3-8B,1,random,random
R_3HnbeBVaei668FR,2529,46,2,1.0,Qwen3-8B,3,random,random
R_3HnbeBVaei668FR,2597,47,1,0.0,Qwen3-8B,4,random,random
R_3HnbeBVaei668FR,2665,48,2,1.0,Qwen3-8B,2,random,random
R_3HnbeBVaei668FR,2734,49,2,1.0,Qwen3-8B,1,random,random
R_3HnbeBVaei668FR,2803,50,2,1.0,Qwen3-8B,3,random,random
R_3HnbeBVaei668FR,2872,51,3,1.0,Qwen3-8B,3,random,random
R_3HnbeBVaei668FR,2920,52,3,1.0,Qwen3-8B,4,random,random
R_3HnbeBVaei668FR,2983,53,-1,,Qwen3-8B,1,random,random
R_3HnbeBVaei668FR,3053,54,0,0.0,Qwen3-8B,1,random,random
R_3HnbeBVaei668FR,3121,55,2,1.0,Qwen3-8B,2,random,random
R_3HnbeBVaei668FR,3190,56,3,1.0,Qwen3-8B,2,random,random
R_3HnbeBVaei668FR,3257,57,1,0.0,Qwen3-8B,2,random,random
R_3HnbeBVaei668FR,3326,58,1,0.0,Qwen3-8B,3,random,random
R_3HnbeBVaei668FR,3395,59,2,1.0,Qwen3-8B,2,random,random
R_3HnbeBVaei668FR,3463,60,3,1.0,Qwen3-8B,2,random,random
R_3HnbeBVaei668FR,3531,61,0,0.0,Qwen3-8B,2,random,random
R_3HnbeBVaei668FR,3597,62,1,0.0,Qwen3-8B,1,random,random
R_3HnbeBVaei668FR,3665,63,2,1.0,Qwen3-8B,1,random,random
R_3HnbeBVaei668FR,3733,64,2,1.0,Qwen3-8B,3,random,random
R_3HnbeBVaei668FR,3799,65,1,0.0,Qwen3-8B,3,random,random
R_3HnbeBVaei668FR,3868,66,1,0.0,Qwen3-8B,2,random,random
R_3HnbeBVaei668FR,3937,67,2,1.0,Qwen3-8B,1,random,random
R_3HnbeBVaei668FR,4005,68,0,0.0,Qwen3-8B,1,random,random
R_3HnbeBVaei668FR,4073,69,2,1.0,Qwen3-8B,4,random,random
R_3HnbeBVaei668FR,4140,70,2,1.0,Qwen3-8B,3,random,random
R_3HnbeBVaei668FR,4208,71,2,1.0,Qwen3-8B,4,random,random
R_3HnbeBVaei668FR,4276,72,0,0.0,Qwen3-8B,4,random,random
R_3HnbeBVaei668FR,4343,73,0,0.0,Qwen3-8B,2,random,random
R_3HnbeBVaei668FR,4391,74,1,0.0,Qwen3-8B,2,random,random
R_80mXlk4KYEq9mZb,2247,42,0,0.0,Qwen3-8B,2,random,random
R_80mXlk4KYEq9mZb,6693,111,0,0.0,Qwen3-8B,1,random,random
R_80mXlk4KYEq9mZb,7150,118,0,0.0,Qwen3-8B,3,random,random
R_80mXlk4KYEq9mZb,9842,158,0,0.0,Qwen3-8B,2,random,random
R_80mXlk4KYEq9mZb,20511,322,0,0.0,Qwen3-8B,1,random,random
R_80mXlk4KYEq9mZb,35796,572,0,0.0,Qwen3-8B,1,random,random
R_80mXlk4KYEq9mZb,36561,585,0,0.0,Qwen3-8B,1,random,random
R_80mXlk4KYEq9mZb,50973,810,0,0.0,Qwen3-8B,3,random,random
R_80mXlk4KYEq9mZb,52046,825,0,0.0,Qwen3-8B,4,random,random
R_80mXlk4KYEq9mZb,54601,861,-1,,Qwen3-8B,2,random,random
R_80mXlk4KYEq9mZb,56432,890,0,0.0,Qwen3-8B,1,random,random
R_80mXlk4KYEq9mZb,60307,950,0,0.0,Qwen3-8B,2,random,random
R_80mXlk4KYEq9mZb,65484,1036,0,0.0,Qwen3-8B,3,random,random
R_80mXlk4KYEq9mZb,113496,2843,0,0.0,Qwen3-8B,5,social-group,transgender
R_80mXlk4KYEq9mZb,113520,2844,0,0.0,Qwen3-8B,4,social-group,christian
R_80mXlk4KYEq9mZb,113544,2845,0,0.0,Qwen3-8B,3,social-group,christian
R_80mXlk4KYEq9mZb,113568,2846,0,0.0,Qwen3-8B,4,social-group,muslim
R_80mXlk4KYEq9mZb,113592,2847,0,0.0,Qwen3-8B,3,social-group,christian
R_80mXlk4KYEq9mZb,113616,2848,0,0.0,Qwen3-8B,4,social-group,transgender
R_80mXlk4KYEq9mZb,113640,2849,1,0.0,Qwen3-8B,1,social-group,muslim
R_80mXlk4KYEq9mZb,113664,2850,1,0.0,Qwen3-8B,3,social-group,transgender
R_80mXlk4KYEq9mZb,113688,2851,0,0.0,Qwen3-8B,1,social-group,transgender
R_80mXlk4KYEq9mZb,113712,2852,0,0.0,Qwen3-8B,4,social-group,christian
R_80mXlk4KYEq9mZb,113736,2853,0,0.0,Qwen3-8B,2,social-group,transgender
R_80mXlk4KYEq9mZb,113760,2854,0,0.0,Qwen3-8B,2,social-group,jewish
R_80mXlk4KYEq9mZb,113784,2855,0,0.0,Qwen3-8B,5,random,random
R_80mXlk4KYEq9mZb,113808,2856,0,0.0,Qwen3-8B,3,social-group,muslim
R_80mXlk4KYEq9mZb,113832,2857,0,0.0,Qwen3-8B,4,moral,fairness
R_80mXlk4KYEq9mZb,113856,2858,0,0.0,Qwen3-8B,1,social-group,muslim
R_80mXlk4KYEq9mZb,113880,2859,-1,,Qwen3-8B,1,social-group,christian
R_80mXlk4KYEq9mZb,113904,2860,0,0.0,Qwen3-8B,3,moral,purity
R_80mXlk4KYEq9mZb,113928,2861,0,0.0,Qwen3-8B,1,random,random
R_80mXlk4KYEq9mZb,113952,2862,0,0.0,Qwen3-8B,2,social-group,christian
R_80mXlk4KYEq9mZb,113976,2863,0,0.0,Qwen3-8B,5,social-group,muslim
R_80mXlk4KYEq9mZb,114000,2864,0,0.0,Qwen3-8B,2,social-group,transgender
R_1g1Lndia5cVEgWx,2261,42,1,0.0,Qwen3-8B,2,random,random
R_1g1Lndia5cVEgWx,6699,111,1,0.0,Qwen3-8B,1,random,random
R_1g1Lndia5cVEgWx,7156,118,0,0.0,Qwen3-8B,3,random,random
R_1g1Lndia5cVEgWx,9851,158,0,0.0,Qwen3-8B,2,random,random
R_1g1Lndia5cVEgWx,20517,322,0,0.0,Qwen3-8B,1,random,random
R_1g1Lndia5cVEgWx,35803,572,0,0.0,Qwen3-8B,1,random,random
R_1g1Lndia5cVEgWx,36568,585,0,0.0,Qwen3-8B,1,random,random
R_1g1Lndia5cVEgWx,50985,810,1,0.0,Qwen3-8B,3,random,random
R_1g1Lndia5cVEgWx,52058,825,1,0.0,Qwen3-8B,4,random,random
R_1g1Lndia5cVEgWx,54607,861,0,0.0,Qwen3-8B,2,random,random
R_1g1Lndia5cVEgWx,56443,890,0,0.0,Qwen3-8B,1,random,random
R_1g1Lndia5cVEgWx,60312,950,1,0.0,Qwen3-8B,2,random,random
R_1g1Lndia5cVEgWx,65493,1036,0,0.0,Qwen3-8B,3,random,random
R_1g1Lndia5cVEgWx,113498,2843,0,0.0,Qwen3-8B,5,social-group,transgender
R_1g1Lndia5cVEgWx,113522,2844,1,0.0,Qwen3-8B,4,social-group,christian
R_1g1Lndia5cVEgWx,113546,2845,0,0.0,Qwen3-8B,3,social-group,christian
R_1g1Lndia5cVEgWx,113570,2846,0,0.0,Qwen3-8B,4,social-group,muslim
R_1g1Lndia5cVEgWx,113594,2847,0,0.0,Qwen3-8B,3,social-group,christian
R_1g1Lndia5cVEgWx,113618,2848,0,0.0,Qwen3-8B,4,social-group,transgender
R_1g1Lndia5cVEgWx,113642,2849,0,0.0,Qwen3-8B,1,social-group,muslim
R_1g1Lndia5cVEgWx,113666,2850,0,0.0,Qwen3-8B,3,social-group,transgender
R_1g1Lndia5cVEgWx,113690,2851,0,0.0,Qwen3-8B,1,social-group,transgender
R_1g1Lndia5cVEgWx,113714,2852,1,0.0,Qwen3-8B,4,social-group,christian
R_1g1Lndia5cVEgWx,113738,2853,0,0.0,Qwen3-8B,2,social-group,transgender
R_1g1Lndia5cVEgWx,113762,2854,0,0.0,Qwen3-8B,2,social-group,jewish
R_1g1Lndia5cVEgWx,113786,2855,1,0.0,Qwen3-8B,5,random,random
R_1g1Lndia5cVEgWx,113810,2856,0,0.0,Qwen3-8B,3,social-group,muslim
R_1g1Lndia5cVEgWx,113834,2857,1,0.0,Qwen3-8B,4,moral,fairness
R_1g1Lndia5cVEgWx,113858,2858,0,0.0,Qwen3-8B,1,social-group,muslim
R_1g1Lndia5cVEgWx,113882,2859,0,0.0,Qwen3-8B,1,social-group,christian
R_1g1Lndia5cVEgWx,113906,2860,0,0.0,Qwen3-8B,3,moral,purity
R_1g1Lndia5cVEgWx,113930,2861,0,0.0,Qwen3-8B,1,random,random
R_1g1Lndia5cVEgWx,113954,2862,0,0.0,Qwen3-8B,2,social-group,christian
R_1g1Lndia5cVEgWx,113978,2863,1,0.0,Qwen3-8B,5,social-group,muslim
R_1g1Lndia5cVEgWx,114002,2864,0,0.0,Qwen3-8B,2,social-group,transgender
R_28GrhnIkWPVDCE4,2262,42,0,0.0,Qwen3-8B,2,random,random
R_28GrhnIkWPVDCE4,6700,111,0,0.0,Qwen3-8B,1,random,random
R_28GrhnIkWPVDCE4,7157,118,0,0.0,Qwen3-8B,3,random,random
R_28GrhnIkWPVDCE4,9852,158,0,0.0,Qwen3-8B,2,random,random
R_28GrhnIkWPVDCE4,20518,322,0,0.0,Qwen3-8B,1,random,random
R_28GrhnIkWPVDCE4,35804,572,0,0.0,Qwen3-8B,1,random,random
R_28GrhnIkWPVDCE4,36569,585,0,0.0,Qwen3-8B,1,random,random
R_28GrhnIkWPVDCE4,50986,810,0,0.0,Qwen3-8B,3,random,random
R_28GrhnIkWPVDCE4,52059,825,1,0.0,Qwen3-8B,4,random,random
R_28GrhnIkWPVDCE4,54608,861,0,0.0,Qwen3-8B,2,random,random
R_28GrhnIkWPVDCE4,56444,890,0,0.0,Qwen3-8B,1,random,random
R_28GrhnIkWPVDCE4,60313,950,0,0.0,Qwen3-8B,2,random,random
R_28GrhnIkWPVDCE4,65494,1036,1,0.0,Qwen3-8B,3,random,random
R_28GrhnIkWPVDCE4,113499,2843,0,0.0,Qwen3-8B,5,social-group,transgender
R_28GrhnIkWPVDCE4,113523,2844,1,0.0,Qwen3-8B,4,social-group,christian
R_28GrhnIkWPVDCE4,113547,2845,1,0.0,Qwen3-8B,3,social-group,christian
R_28GrhnIkWPVDCE4,113571,2846,2,1.0,Qwen3-8B,4,social-group,muslim
R_28GrhnIkWPVDCE4,113595,2847,0,0.0,Qwen3-8B,3,social-group,christian
R_28GrhnIkWPVDCE4,113619,2848,2,1.0,Qwen3-8B,4,social-group,transgender
R_28GrhnIkWPVDCE4,113643,2849,0,0.0,Qwen3-8B,1,social-group,muslim
R_28GrhnIkWPVDCE4,113667,2850,0,0.0,Qwen3-8B,3,social-group,transgender
R_28GrhnIkWPVDCE4,113691,2851,0,0.0,Qwen3-8B,1,social-group,transgender
R_28GrhnIkWPVDCE4,113715,2852,1,0.0,Qwen3-8B,4,social-group,christian
R_28GrhnIkWPVDCE4,113739,2853,1,0.0,Qwen3-8B,2,social-group,transgender
R_28GrhnIkWPVDCE4,113763,2854,0,0.0,Qwen3-8B,2,social-group,jewish
R_28GrhnIkWPVDCE4,113787,2855,-1,,Qwen3-8B,5,random,random
R_28GrhnIkWPVDCE4,113811,2856,0,0.0,Qwen3-8B,3,social-group,muslim
R_28GrhnIkWPVDCE4,113835,2857,0,0.0,Qwen3-8B,4,moral,fairness
R_28GrhnIkWPVDCE4,113859,2858,0,0.0,Qwen3-8B,1,social-group,muslim
R_28GrhnIkWPVDCE4,113883,2859,-1,,Qwen3-8B,1,social-group,christian
R_28GrhnIkWPVDCE4,113907,2860,0,0.0,Qwen3-8B,3,moral,purity
R_28GrhnIkWPVDCE4,113931,2861,2,1.0,Qwen3-8B,1,random,random
R_28GrhnIkWPVDCE4,113955,2862,0,0.0,Qwen3-8B,2,social-group,christian
R_28GrhnIkWPVDCE4,113979,2863,2,1.0,Qwen3-8B,5,social-group,muslim
R_28GrhnIkWPVDCE4,114003,2864,0,0.0,Qwen3-8B,2,social-group,transgender
R_2f1fktQOtRIGO4B,2267,42,0,0.0,Qwen3-8B,2,random,random
R_2f1fktQOtRIGO4B,6706,111,0,0.0,Qwen3-8B,1,random,random
R_2f1fktQOtRIGO4B,7163,118,0,0.0,Qwen3-8B,3,random,random
R_2f1fktQOtRIGO4B,9856,158,0,0.0,Qwen3-8B,2,random,random
R_2f1fktQOtRIGO4B,20521,322,1,0.0,Qwen3-8B,1,random,random
R_2f1fktQOtRIGO4B,35811,572,0,0.0,Qwen3-8B,1,random,random
R_2f1fktQOtRIGO4B,36576,585,0,0.0,Qwen3-8B,1,random,random
R_2f1fktQOtRIGO4B,50990,810,3,1.0,Qwen3-8B,3,random,random
R_2f1fktQOtRIGO4B,52063,825,3,1.0,Qwen3-8B,4,random,random
R_2f1fktQOtRIGO4B,54612,861,1,0.0,Qwen3-8B,2,random,random
R_2f1fktQOtRIGO4B,56449,890,0,0.0,Qwen3-8B,1,random,random
R_2f1fktQOtRIGO4B,60319,950,0,0.0,Qwen3-8B,2,random,random
R_2f1fktQOtRIGO4B,65497,1036,2,1.0,Qwen3-8B,3,random,random
R_2f1fktQOtRIGO4B,113500,2843,2,1.0,Qwen3-8B,5,social-group,transgender
R_2f1fktQOtRIGO4B,113524,2844,1,0.0,Qwen3-8B,4,social-group,christian
R_2f1fktQOtRIGO4B,113548,2845,0,0.0,Qwen3-8B,3,social-group,christian
R_2f1fktQOtRIGO4B,113572,2846,3,1.0,Qwen3-8B,4,social-group,muslim
R_2f1fktQOtRIGO4B,113596,2847,1,0.0,Qwen3-8B,3,social-group,christian
R_2f1fktQOtRIGO4B,113620,2848,4,1.0,Qwen3-8B,4,social-group,transgender
R_2f1fktQOtRIGO4B,113644,2849,0,0.0,Qwen3-8B,1,social-group,muslim
R_2f1fktQOtRIGO4B,113668,2850,2,1.0,Qwen3-8B,3,social-group,transgender
R_2f1fktQOtRIGO4B,113692,2851,0,0.0,Qwen3-8B,1,social-group,transgender
R_2f1fktQOtRIGO4B,113716,2852,2,1.0,Qwen3-8B,4,social-group,christian
R_2f1fktQOtRIGO4B,113740,2853,1,0.0,Qwen3-8B,2,social-group,transgender
R_2f1fktQOtRIGO4B,113764,2854,1,0.0,Qwen3-8B,2,social-group,jewish
R_2f1fktQOtRIGO4B,113788,2855,0,0.0,Qwen3-8B,5,random,random
R_2f1fktQOtRIGO4B,113812,2856,1,0.0,Qwen3-8B,3,social-group,muslim
R_2f1fktQOtRIGO4B,113836,2857,1,0.0,Qwen3-8B,4,moral,fairness
R_2f1fktQOtRIGO4B,113860,2858,0,0.0,Qwen3-8B,1,social-group,muslim
R_2f1fktQOtRIGO4B,113884,2859,1,0.0,Qwen3-8B,1,social-group,christian
R_2f1fktQOtRIGO4B,113908,2860,0,0.0,Qwen3-8B,3,moral,purity
R_2f1fktQOtRIGO4B,113932,2861,0,0.0,Qwen3-8B,1,random,random
R_2f1fktQOtRIGO4B,113956,2862,1,0.0,Qwen3-8B,2,social-group,christian
R_2f1fktQOtRIGO4B,113980,2863,2,1.0,Qwen3-8B,5,social-group,muslim
R_2f1fktQOtRIGO4B,114004,2864,1,0.0,Qwen3-8B,2,social-group,transgender
R_29nsibxOhwJeFof,2335,44,4,1.0,Qwen3-8B,5,random,random
R_29nsibxOhwJeFof,25820,408,3,1.0,Qwen3-8B,2,random,random
R_29nsibxOhwJeFof,27935,446,0,0.0,Qwen3-8B,2,random,random
R_29nsibxOhwJeFof,28456,456,1,0.0,Qwen3-8B,1,random,random
R_29nsibxOhwJeFof,38965,626,1,0.0,Qwen3-8B,2,random,random
R_29nsibxOhwJeFof,42849,690,0,0.0,Qwen3-8B,2,random,random
R_29nsibxOhwJeFof,50720,806,4,1.0,Qwen3-8B,5,random,random
R_29nsibxOhwJeFof,58823,924,0,0.0,Qwen3-8B,4,random,random
R_29nsibxOhwJeFof,69943,1112,2,1.0,Qwen3-8B,3,random,random
R_29nsibxOhwJeFof,95403,2090,2,1.0,Qwen3-8B,3,random,random
R_29nsibxOhwJeFof,95427,2091,0,0.0,Qwen3-8B,2,social-group,christian
R_29nsibxOhwJeFof,95451,2092,2,1.0,Qwen3-8B,3,random,random
R_29nsibxOhwJeFof,95475,2093,4,1.0,Qwen3-8B,5,social-group,jewish
R_29nsibxOhwJeFof,95499,2094,2,1.0,Qwen3-8B,1,social-group,christian
R_29nsibxOhwJeFof,95523,2095,4,1.0,Qwen3-8B,5,social-group,jewish
R_29nsibxOhwJeFof,95547,2096,0,0.0,Qwen3-8B,1,social-group,transgender
R_29nsibxOhwJeFof,95571,2097,0,0.0,Qwen3-8B,2,random,random
R_29nsibxOhwJeFof,95595,2098,4,1.0,Qwen3-8B,5,social-group,LGB
R_29nsibxOhwJeFof,95619,2099,0,0.0,Qwen3-8B,4,social-group,christian
R_29nsibxOhwJeFof,95643,2100,0,0.0,Qwen3-8B,1,moral,purity
R_29nsibxOhwJeFof,95643,2100,0,0.0,Qwen3-8B,1,moral,care
R_29nsibxOhwJeFof,95643,2100,0,0.0,Qwen3-8B,1,moral,loyalty
R_29nsibxOhwJeFof,95643,2100,0,0.0,Qwen3-8B,1,moral,purity
R_29nsibxOhwJeFof,95643,2100,0,0.0,Qwen3-8B,1,moral,care
R_29nsibxOhwJeFof,95643,2100,0,0.0,Qwen3-8B,1,moral,loyalty
R_29nsibxOhwJeFof,95643,2100,0,0.0,Qwen3-8B,1,moral,purity
R_29nsibxOhwJeFof,95643,2100,0,0.0,Qwen3-8B,1,moral,care
R_29nsibxOhwJeFof,95643,2100,0,0.0,Qwen3-8B,1,moral,loyalty
R_29nsibxOhwJeFof,95856,2101,0,0.0,Qwen3-8B,3,social-group,christian
R_29nsibxOhwJeFof,95880,2102,0,0.0,Qwen3-8B,1,moral,care
R_29nsibxOhwJeFof,95880,2102,0,0.0,Qwen3-8B,1,moral,loyalty
R_29nsibxOhwJeFof,95880,2102,0,0.0,Qwen3-8B,1,moral,care
R_29nsibxOhwJeFof,95880,2102,0,0.0,Qwen3-8B,1,moral,loyalty
R_29nsibxOhwJeFof,95974,2103,0,0.0,Qwen3-8B,1,social-group,christian
R_29nsibxOhwJeFof,95998,2104,1,0.0,Qwen3-8B,3,social-group,christian
R_29nsibxOhwJeFof,96022,2105,0,0.0,Qwen3-8B,1,moral,loyalty
R_29nsibxOhwJeFof,96046,2106,4,1.0,Qwen3-8B,2,social-group,jewish
R_29nsibxOhwJeFof,96070,2107,0,0.0,Qwen3-8B,1,moral,authority
R_29nsibxOhwJeFof,96094,2108,4,1.0,Qwen3-8B,3,social-group,LGB
R_29nsibxOhwJeFof,96118,2109,0,0.0,Qwen3-8B,3,social-group,christian
R_29nsibxOhwJeFof,96142,2110,4,1.0,Qwen3-8B,3,moral,care
R_29nsibxOhwJeFof,96166,2111,4,1.0,Qwen3-8B,5,social-group,jewish
R_29nsibxOhwJeFof,96190,2112,4,1.0,Qwen3-8B,4,social-group,LGB
R_29nsibxOhwJeFof,96214,2113,4,1.0,Qwen3-8B,5,social-group,LGB
R_29nsibxOhwJeFof,96238,2114,0,0.0,Qwen3-8B,1,moral,authority
R_29nsibxOhwJeFof,96262,2115,2,1.0,Qwen3-8B,5,social-group,muslim
R_3JrQ9sszmy5SW6c,2360,44,0,0.0,Qwen3-8B,5,random,random
R_3JrQ9sszmy5SW6c,25837,408,0,0.0,Qwen3-8B,2,random,random
R_3JrQ9sszmy5SW6c,27955,446,0,0.0,Qwen3-8B,2,random,random
R_3JrQ9sszmy5SW6c,28476,456,0,0.0,Qwen3-8B,1,random,random
R_3JrQ9sszmy5SW6c,38990,626,0,0.0,Qwen3-8B,2,random,random
R_3JrQ9sszmy5SW6c,42867,690,0,0.0,Qwen3-8B,2,random,random
R_3JrQ9sszmy5SW6c,50744,806,0,0.0,Qwen3-8B,5,random,random
R_3JrQ9sszmy5SW6c,58843,924,0,0.0,Qwen3-8B,4,random,random
R_3JrQ9sszmy5SW6c,69965,1112,0,0.0,Qwen3-8B,3,random,random
R_3JrQ9sszmy5SW6c,95412,2090,0,0.0,Qwen3-8B,3,random,random
R_3JrQ9sszmy5SW6c,95436,2091,0,0.0,Qwen3-8B,2,social-group,christian
R_3JrQ9sszmy5SW6c,95460,2092,0,0.0,Qwen3-8B,3,random,random
R_3JrQ9sszmy5SW6c,95484,2093,0,0.0,Qwen3-8B,5,social-group,jewish
R_3JrQ9sszmy5SW6c,95508,2094,0,0.0,Qwen3-8B,1,social-group,christian
R_3JrQ9sszmy5SW6c,95532,2095,0,0.0,Qwen3-8B,5,social-group,jewish
R_3JrQ9sszmy5SW6c,95556,2096,0,0.0,Qwen3-8B,1,social-group,transgender
R_3JrQ9sszmy5SW6c,95580,2097,0,0.0,Qwen3-8B,2,random,random
R_3JrQ9sszmy5SW6c,95604,2098,0,0.0,Qwen3-8B,5,social-group,LGB
R_3JrQ9sszmy5SW6c,95628,2099,0,0.0,Qwen3-8B,4,social-group,christian
R_3JrQ9sszmy5SW6c,95724,2100,0,0.0,Qwen3-8B,1,moral,purity
R_3JrQ9sszmy5SW6c,95724,2100,0,0.0,Qwen3-8B,1,moral,care
R_3JrQ9sszmy5SW6c,95724,2100,0,0.0,Qwen3-8B,1,moral,loyalty
R_3JrQ9sszmy5SW6c,95724,2100,0,0.0,Qwen3-8B,1,moral,purity
R_3JrQ9sszmy5SW6c,95724,2100,0,0.0,Qwen3-8B,1,moral,care
R_3JrQ9sszmy5SW6c,95724,2100,0,0.0,Qwen3-8B,1,moral,loyalty
R_3JrQ9sszmy5SW6c,95724,2100,0,0.0,Qwen3-8B,1,moral,purity
R_3JrQ9sszmy5SW6c,95724,2100,0,0.0,Qwen3-8B,1,moral,care
R_3JrQ9sszmy5SW6c,95724,2100,0,0.0,Qwen3-8B,1,moral,loyalty
R_3JrQ9sszmy5SW6c,95865,2101,0,0.0,Qwen3-8B,3,social-group,christian
R_3JrQ9sszmy5SW6c,95918,2102,0,0.0,Qwen3-8B,1,moral,care
R_3JrQ9sszmy5SW6c,95918,2102,0,0.0,Qwen3-8B,1,moral,loyalty
R_3JrQ9sszmy5SW6c,95918,2102,0,0.0,Qwen3-8B,1,moral,care
R_3JrQ9sszmy5SW6c,95918,2102,0,0.0,Qwen3-8B,1,moral,loyalty
R_3JrQ9sszmy5SW6c,95983,2103,0,0.0,Qwen3-8B,1,social-group,christian
R_3JrQ9sszmy5SW6c,96007,2104,0,0.0,Qwen3-8B,3,social-group,christian
R_3JrQ9sszmy5SW6c,96031,2105,0,0.0,Qwen3-8B,1,moral,loyalty
R_3JrQ9sszmy5SW6c,96055,2106,0,0.0,Qwen3-8B,2,social-group,jewish
R_3JrQ9sszmy5SW6c,96079,2107,0,0.0,Qwen3-8B,1,moral,authority
R_3JrQ9sszmy5SW6c,96103,2108,0,0.0,Qwen3-8B,3,social-group,LGB
R_3JrQ9sszmy5SW6c,96127,2109,0,0.0,Qwen3-8B,3,social-group,christian
R_3JrQ9sszmy5SW6c,96151,2110,0,0.0,Qwen3-8B,3,moral,care
R_3JrQ9sszmy5SW6c,96175,2111,0,0.0,Qwen3-8B,5,social-group,jewish
R_3JrQ9sszmy5SW6c,96199,2112,0,0.0,Qwen3-8B,4,social-group,LGB
R_3JrQ9sszmy5SW6c,96223,2113,0,0.0,Qwen3-8B,5,social-group,LGB
R_3JrQ9sszmy5SW6c,96247,2114,0,0.0,Qwen3-8B,1,moral,authority
R_3JrQ9sszmy5SW6c,96271,2115,0,0.0,Qwen3-8B,5,social-group,muslim
R_3s7auv3W7GRne2J,2398,44,2,1.0,Qwen3-8B,5,random,random
R_3s7auv3W7GRne2J,25877,408,1,0.0,Qwen3-8B,2,random,random
R_3s7auv3W7GRne2J,27983,446,0,0.0,Qwen3-8B,2,random,random
R_3s7auv3W7GRne2J,28504,456,1,0.0,Qwen3-8B,1,random,random
R_3s7auv3W7GRne2J,39020,626,0,0.0,Qwen3-8B,2,random,random
R_3s7auv3W7GRne2J,42906,690,0,0.0,Qwen3-8B,2,random,random
R_3s7auv3W7GRne2J,50777,806,4,1.0,Qwen3-8B,5,random,random
R_3s7auv3W7GRne2J,58870,924,0,0.0,Qwen3-8B,4,random,random
R_3s7auv3W7GRne2J,69991,1112,1,0.0,Qwen3-8B,3,random,random
R_3s7auv3W7GRne2J,95425,2090,1,0.0,Qwen3-8B,3,random,random
R_3s7auv3W7GRne2J,95449,2091,0,0.0,Qwen3-8B,2,social-group,christian
R_3s7auv3W7GRne2J,95473,2092,1,0.0,Qwen3-8B,3,random,random
R_3s7auv3W7GRne2J,95497,2093,0,0.0,Qwen3-8B,5,social-group,jewish
R_3s7auv3W7GRne2J,95521,2094,1,0.0,Qwen3-8B,1,social-group,christian
R_3s7auv3W7GRne2J,95545,2095,3,1.0,Qwen3-8B,5,social-group,jewish
R_3s7auv3W7GRne2J,95569,2096,0,0.0,Qwen3-8B,1,social-group,transgender
R_3s7auv3W7GRne2J,95593,2097,0,0.0,Qwen3-8B,2,random,random
R_3s7auv3W7GRne2J,95617,2098,0,0.0,Qwen3-8B,5,social-group,LGB
R_3s7auv3W7GRne2J,95641,2099,1,0.0,Qwen3-8B,4,social-group,christian
R_3s7auv3W7GRne2J,95835,2100,0,0.0,Qwen3-8B,1,moral,purity
R_3s7auv3W7GRne2J,95835,2100,0,0.0,Qwen3-8B,1,moral,care
R_3s7auv3W7GRne2J,95835,2100,0,0.0,Qwen3-8B,1,moral,loyalty
R_3s7auv3W7GRne2J,95835,2100,0,0.0,Qwen3-8B,1,moral,purity
R_3s7auv3W7GRne2J,95835,2100,0,0.0,Qwen3-8B,1,moral,care
R_3s7auv3W7GRne2J,95835,2100,0,0.0,Qwen3-8B,1,moral,loyalty
R_3s7auv3W7GRne2J,95835,2100,0,0.0,Qwen3-8B,1,moral,purity
R_3s7auv3W7GRne2J,95835,2100,0,0.0,Qwen3-8B,1,moral,care
R_3s7auv3W7GRne2J,95835,2100,0,0.0,Qwen3-8B,1,moral,loyalty
R_3s7auv3W7GRne2J,95878,2101,0,0.0,Qwen3-8B,3,social-group,christian
R_3s7auv3W7GRne2J,95964,2102,0,0.0,Qwen3-8B,1,moral,care
R_3s7auv3W7GRne2J,95964,2102,0,0.0,Qwen3-8B,1,moral,loyalty
R_3s7auv3W7GRne2J,95964,2102,0,0.0,Qwen3-8B,1,moral,care
R_3s7auv3W7GRne2J,95964,2102,0,0.0,Qwen3-8B,1,moral,loyalty
R_3s7auv3W7GRne2J,95996,2103,1,0.0,Qwen3-8B,1,social-group,christian
R_3s7auv3W7GRne2J,96020,2104,0,0.0,Qwen3-8B,3,social-group,christian
R_3s7auv3W7GRne2J,96044,2105,0,0.0,Qwen3-8B,1,moral,loyalty
R_3s7auv3W7GRne2J,96068,2106,1,0.0,Qwen3-8B,2,social-group,jewish
R_3s7auv3W7GRne2J,96092,2107,0,0.0,Qwen3-8B,1,moral,authority
R_3s7auv3W7GRne2J,96116,2108,2,1.0,Qwen3-8B,3,social-group,LGB
R_3s7auv3W7GRne2J,96140,2109,0,0.0,Qwen3-8B,3,social-group,christian
R_3s7auv3W7GRne2J,96164,2110,2,1.0,Qwen3-8B,3,moral,care
R_3s7auv3W7GRne2J,96188,2111,4,1.0,Qwen3-8B,5,social-group,jewish
R_3s7auv3W7GRne2J,96212,2112,3,1.0,Qwen3-8B,4,social-group,LGB
R_3s7auv3W7GRne2J,96236,2113,4,1.0,Qwen3-8B,5,social-group,LGB
R_3s7auv3W7GRne2J,96260,2114,2,1.0,Qwen3-8B,1,moral,authority
R_3s7auv3W7GRne2J,96284,2115,-1,,Qwen3-8B,5,social-group,muslim
R_2sTqgXkDHNvccGL,2500,46,0,0.0,Qwen3-8B,3,random,random
R_2sTqgXkDHNvccGL,5814,97,0,0.0,Qwen3-8B,4,random,random
R_2sTqgXkDHNvccGL,7717,126,0,0.0,Qwen3-8B,3,random,random
R_2sTqgXkDHNvccGL,7717,126,0,0.0,Qwen3-8B,3,moral,fairness
R_2sTqgXkDHNvccGL,7717,126,0,0.0,Qwen3-8B,3,random,random
R_2sTqgXkDHNvccGL,7717,126,0,0.0,Qwen3-8B,3,moral,fairness
R_2sTqgXkDHNvccGL,13041,208,0,0.0,Qwen3-8B,5,random,random
R_2sTqgXkDHNvccGL,18093,285,1,0.0,Qwen3-8B,2,random,random
R_2sTqgXkDHNvccGL,30155,482,1,0.0,Qwen3-8B,4,random,random
R_2sTqgXkDHNvccGL,30155,482,1,0.0,Qwen3-8B,4,moral,care
R_2sTqgXkDHNvccGL,30155,482,1,0.0,Qwen3-8B,4,random,random
R_2sTqgXkDHNvccGL,30155,482,1,0.0,Qwen3-8B,4,moral,care
R_2sTqgXkDHNvccGL,40185,646,0,0.0,Qwen3-8B,1,random,random
R_2sTqgXkDHNvccGL,44971,722,1,0.0,Qwen3-8B,2,random,random
R_2sTqgXkDHNvccGL,45898,735,1,0.0,Qwen3-8B,2,random,random
R_2sTqgXkDHNvccGL,51663,819,0,0.0,Qwen3-8B,3,random,random
R_2sTqgXkDHNvccGL,67413,1067,0,0.0,Qwen3-8B,1,random,random
R_2sTqgXkDHNvccGL,112425,2799,0,0.0,Qwen3-8B,1,moral,loyalty
R_2sTqgXkDHNvccGL,112425,2799,0,0.0,Qwen3-8B,1,moral,care
R_2sTqgXkDHNvccGL,112425,2799,0,0.0,Qwen3-8B,1,moral,loyalty
R_2sTqgXkDHNvccGL,112425,2799,0,0.0,Qwen3-8B,1,moral,care
R_2sTqgXkDHNvccGL,118093,3042,3,1.0,Qwen3-8B,5,social-group,transgender
R_2sTqgXkDHNvccGL,118115,3043,0,0.0,Qwen3-8B,3,random,random
R_2sTqgXkDHNvccGL,118137,3044,0,0.0,Qwen3-8B,2,moral,loyalty
R_2sTqgXkDHNvccGL,118159,3045,0,0.0,Qwen3-8B,5,social-group,muslim
R_2sTqgXkDHNvccGL,118181,3046,4,1.0,Qwen3-8B,3,social-group,transgender
R_2sTqgXkDHNvccGL,118203,3047,0,0.0,Qwen3-8B,1,random,random
R_2sTqgXkDHNvccGL,118225,3048,1,0.0,Qwen3-8B,4,social-group,muslim
R_2sTqgXkDHNvccGL,118247,3049,1,0.0,Qwen3-8B,5,social-group,muslim
R_2sTqgXkDHNvccGL,118269,3050,0,0.0,Qwen3-8B,1,random,random
R_2sTqgXkDHNvccGL,118291,3051,3,1.0,Qwen3-8B,3,social-group,transgender
R_2sTqgXkDHNvccGL,118313,3052,0,0.0,Qwen3-8B,4,social-group,transgender
R_2sTqgXkDHNvccGL,118335,3053,0,0.0,Qwen3-8B,1,social-group,jewish
R_2sTqgXkDHNvccGL,118357,3054,3,1.0,Qwen3-8B,5,social-group,transgender
R_2sTqgXkDHNvccGL,118379,3055,4,1.0,Qwen3-8B,5,social-group,muslim
R_2sTqgXkDHNvccGL,118401,3056,0,0.0,Qwen3-8B,2,social-group,christian
R_2sTqgXkDHNvccGL,118423,3057,2,1.0,Qwen3-8B,3,social-group,muslim
R_2sTqgXkDHNvccGL,118445,3058,0,0.0,Qwen3-8B,3,social-group,muslim
R_2sTqgXkDHNvccGL,118467,3059,0,0.0,Qwen3-8B,5,random,random
R_2sTqgXkDHNvccGL,118489,3060,0,0.0,Qwen3-8B,3,social-group,jewish
R_2sTqgXkDHNvccGL,118511,3061,3,1.0,Qwen3-8B,4,social-group,LGB
R_2sTqgXkDHNvccGL,118533,3062,2,1.0,Qwen3-8B,3,social-group,christian
R_2sTqgXkDHNvccGL,118555,3063,3,1.0,Qwen3-8B,4,social-group,muslim
R_2sTqgXkDHNvccGL,118577,3064,1,0.0,Qwen3-8B,3,random,random
R_BxiUsiYnsFygWzv,2518,46,0,0.0,Qwen3-8B,3,random,random
R_BxiUsiYnsFygWzv,5828,97,0,0.0,Qwen3-8B,4,random,random
R_BxiUsiYnsFygWzv,7751,126,4,1.0,Qwen3-8B,3,random,random
R_BxiUsiYnsFygWzv,7751,126,4,1.0,Qwen3-8B,3,moral,fairness
R_BxiUsiYnsFygWzv,7751,126,4,1.0,Qwen3-8B,3,random,random
R_BxiUsiYnsFygWzv,7751,126,4,1.0,Qwen3-8B,3,moral,fairness
R_BxiUsiYnsFygWzv,13054,208,4,1.0,Qwen3-8B,5,random,random
R_BxiUsiYnsFygWzv,18102,285,0,0.0,Qwen3-8B,2,random,random
R_BxiUsiYnsFygWzv,30187,482,4,1.0,Qwen3-8B,4,random,random
R_BxiUsiYnsFygWzv,30187,482,4,1.0,Qwen3-8B,4,moral,care
R_BxiUsiYnsFygWzv,30187,482,4,1.0,Qwen3-8B,4,random,random
R_BxiUsiYnsFygWzv,30187,482,4,1.0,Qwen3-8B,4,moral,care
R_BxiUsiYnsFygWzv,40199,646,0,0.0,Qwen3-8B,1,random,random
R_BxiUsiYnsFygWzv,44984,722,3,1.0,Qwen3-8B,2,random,random
R_BxiUsiYnsFygWzv,45911,735,4,1.0,Qwen3-8B,2,random,random
R_BxiUsiYnsFygWzv,51678,819,0,0.0,Qwen3-8B,3,random,random
R_BxiUsiYnsFygWzv,67423,1067,0,0.0,Qwen3-8B,1,random,random
R_BxiUsiYnsFygWzv,112437,2799,0,0.0,Qwen3-8B,1,moral,loyalty
R_BxiUsiYnsFygWzv,112437,2799,0,0.0,Qwen3-8B,1,moral,care
R_BxiUsiYnsFygWzv,112437,2799,0,0.0,Qwen3-8B,1,moral,loyalty
R_BxiUsiYnsFygWzv,112437,2799,0,0.0,Qwen3-8B,1,moral,care
R_BxiUsiYnsFygWzv,118095,3042,1,0.0,Qwen3-8B,5,social-group,transgender
R_BxiUsiYnsFygWzv,118117,3043,2,1.0,Qwen3-8B,3,random,random
R_BxiUsiYnsFygWzv,118139,3044,0,0.0,Qwen3-8B,2,moral,loyalty
R_BxiUsiYnsFygWzv,118161,3045,0,0.0,Qwen3-8B,5,social-group,muslim
R_BxiUsiYnsFygWzv,118183,3046,3,1.0,Qwen3-8B,3,social-group,transgender
R_BxiUsiYnsFygWzv,118205,3047,4,1.0,Qwen3-8B,1,random,random
R_BxiUsiYnsFygWzv,118227,3048,4,1.0,Qwen3-8B,4,social-group,muslim
R_BxiUsiYnsFygWzv,118249,3049,4,1.0,Qwen3-8B,5,social-group,muslim
R_BxiUsiYnsFygWzv,118271,3050,2,1.0,Qwen3-8B,1,random,random
R_BxiUsiYnsFygWzv,118293,3051,4,1.0,Qwen3-8B,3,social-group,transgender
R_BxiUsiYnsFygWzv,118315,3052,2,1.0,Qwen3-8B,4,social-group,transgender
R_BxiUsiYnsFygWzv,118337,3053,0,0.0,Qwen3-8B,1,social-group,jewish
R_BxiUsiYnsFygWzv,118359,3054,4,1.0,Qwen3-8B,5,social-group,transgender
R_BxiUsiYnsFygWzv,118381,3055,3,1.0,Qwen3-8B,5,social-group,muslim
R_BxiUsiYnsFygWzv,118403,3056,0,0.0,Qwen3-8B,2,social-group,christian
R_BxiUsiYnsFygWzv,118425,3057,2,1.0,Qwen3-8B,3,social-group,muslim
R_BxiUsiYnsFygWzv,118447,3058,2,1.0,Qwen3-8B,3,social-group,muslim
R_BxiUsiYnsFygWzv,118469,3059,4,1.0,Qwen3-8B,5,random,random
R_BxiUsiYnsFygWzv,118491,3060,2,1.0,Qwen3-8B,3,social-group,jewish
R_BxiUsiYnsFygWzv,118513,3061,4,1.0,Qwen3-8B,4,social-group,LGB
R_BxiUsiYnsFygWzv,118535,3062,4,1.0,Qwen3-8B,3,social-group,christian
R_BxiUsiYnsFygWzv,118557,3063,4,1.0,Qwen3-8B,4,social-group,muslim
R_BxiUsiYnsFygWzv,118579,3064,0,0.0,Qwen3-8B,3,random,random
R_5uyjZAwLywlWvDj,2521,46,1,0.0,Qwen3-8B,3,random,random
R_5uyjZAwLywlWvDj,5831,97,1,0.0,Qwen3-8B,4,random,random
R_5uyjZAwLywlWvDj,7761,126,0,0.0,Qwen3-8B,3,random,random
R_5uyjZAwLywlWvDj,7761,126,0,0.0,Qwen3-8B,3,moral,fairness
R_5uyjZAwLywlWvDj,7761,126,0,0.0,Qwen3-8B,3,random,random
R_5uyjZAwLywlWvDj,7761,126,0,0.0,Qwen3-8B,3,moral,fairness
R_5uyjZAwLywlWvDj,13057,208,0,0.0,Qwen3-8B,5,random,random
R_5uyjZAwLywlWvDj,18105,285,0,0.0,Qwen3-8B,2,random,random
R_5uyjZAwLywlWvDj,30193,482,0,0.0,Qwen3-8B,4,random,random
R_5uyjZAwLywlWvDj,30193,482,0,0.0,Qwen3-8B,4,moral,care
R_5uyjZAwLywlWvDj,30193,482,0,0.0,Qwen3-8B,4,random,random
R_5uyjZAwLywlWvDj,30193,482,0,0.0,Qwen3-8B,4,moral,care
R_5uyjZAwLywlWvDj,40202,646,0,0.0,Qwen3-8B,1,random,random
R_5uyjZAwLywlWvDj,44987,722,2,1.0,Qwen3-8B,2,random,random
R_5uyjZAwLywlWvDj,45914,735,0,0.0,Qwen3-8B,2,random,random
R_5uyjZAwLywlWvDj,51681,819,0,0.0,Qwen3-8B,3,random,random
R_5uyjZAwLywlWvDj,67426,1067,0,0.0,Qwen3-8B,1,random,random
R_5uyjZAwLywlWvDj,112447,2799,0,0.0,Qwen3-8B,1,moral,loyalty
R_5uyjZAwLywlWvDj,112447,2799,0,0.0,Qwen3-8B,1,moral,care
R_5uyjZAwLywlWvDj,112447,2799,0,0.0,Qwen3-8B,1,moral,loyalty
R_5uyjZAwLywlWvDj,112447,2799,0,0.0,Qwen3-8B,1,moral,care
R_5uyjZAwLywlWvDj,118098,3042,1,0.0,Qwen3-8B,5,social-group,transgender
R_5uyjZAwLywlWvDj,118120,3043,0,0.0,Qwen3-8B,3,random,random
R_5uyjZAwLywlWvDj,118142,3044,0,0.0,Qwen3-8B,2,moral,loyalty
R_5uyjZAwLywlWvDj,118164,3045,0,0.0,Qwen3-8B,5,social-group,muslim
R_5uyjZAwLywlWvDj,118186,3046,0,0.0,Qwen3-8B,3,social-group,transgender
R_5uyjZAwLywlWvDj,118208,3047,0,0.0,Qwen3-8B,1,random,random
R_5uyjZAwLywlWvDj,118230,3048,2,1.0,Qwen3-8B,4,social-group,muslim
R_5uyjZAwLywlWvDj,118252,3049,1,0.0,Qwen3-8B,5,social-group,muslim
R_5uyjZAwLywlWvDj,118274,3050,0,0.0,Qwen3-8B,1,random,random
R_5uyjZAwLywlWvDj,118296,3051,2,1.0,Qwen3-8B,3,social-group,transgender
R_5uyjZAwLywlWvDj,118318,3052,0,0.0,Qwen3-8B,4,social-group,transgender
R_5uyjZAwLywlWvDj,118340,3053,0,0.0,Qwen3-8B,1,social-group,jewish
R_5uyjZAwLywlWvDj,118362,3054,1,0.0,Qwen3-8B,5,social-group,transgender
R_5uyjZAwLywlWvDj,118384,3055,2,1.0,Qwen3-8B,5,social-group,muslim
R_5uyjZAwLywlWvDj,118406,3056,1,0.0,Qwen3-8B,2,social-group,christian
R_5uyjZAwLywlWvDj,118428,3057,1,0.0,Qwen3-8B,3,social-group,muslim
R_5uyjZAwLywlWvDj,118450,3058,1,0.0,Qwen3-8B,3,social-group,muslim
R_5uyjZAwLywlWvDj,118472,3059,0,0.0,Qwen3-8B,5,random,random
R_5uyjZAwLywlWvDj,118494,3060,2,1.0,Qwen3-8B,3,social-group,jewish
R_5uyjZAwLywlWvDj,118516,3061,1,0.0,Qwen3-8B,4,social-group,LGB
R_5uyjZAwLywlWvDj,118538,3062,2,1.0,Qwen3-8B,3,social-group,christian
R_5uyjZAwLywlWvDj,118560,3063,0,0.0,Qwen3-8B,4,social-group,muslim
R_5uyjZAwLywlWvDj,118582,3064,0,0.0,Qwen3-8B,3,random,random
R_zeg0ZLc2l75nGRb,2582,47,1,0.0,Qwen3-8B,4,random,random
R_zeg0ZLc2l75nGRb,11366,184,0,0.0,Qwen3-8B,2,random,random
R_zeg0ZLc2l75nGRb,14263,226,0,0.0,Qwen3-8B,1,random,random
R_zeg0ZLc2l75nGRb,17064,268,0,0.0,Qwen3-8B,5,random,random
R_zeg0ZLc2l75nGRb,21755,341,-1,,Qwen3-8B,2,random,random
R_zeg0ZLc2l75nGRb,29853,478,0,0.0,Qwen3-8B,2,random,random
R_zeg0ZLc2l75nGRb,35042,559,1,0.0,Qwen3-8B,3,random,random
R_zeg0ZLc2l75nGRb,37576,602,0,0.0,Qwen3-8B,1,random,random
R_zeg0ZLc2l75nGRb,49078,779,1,0.0,Qwen3-8B,3,random,random
R_zeg0ZLc2l75nGRb,53295,839,-1,,Qwen3-8B,3,random,random
R_zeg0ZLc2l75nGRb,67653,1071,0,0.0,Qwen3-8B,2,random,random
R_zeg0ZLc2l75nGRb,104338,2457,-1,,Qwen3-8B,2,moral,loyalty
R_zeg0ZLc2l75nGRb,104362,2458,2,1.0,Qwen3-8B,3,moral,fairness
R_zeg0ZLc2l75nGRb,104386,2459,4,1.0,Qwen3-8B,4,social-group,transgender
R_zeg0ZLc2l75nGRb,104410,2460,4,1.0,Qwen3-8B,5,random,random
R_zeg0ZLc2l75nGRb,104434,2461,4,1.0,Qwen3-8B,4,social-group,transgender
R_zeg0ZLc2l75nGRb,104458,2462,0,0.0,Qwen3-8B,3,social-group,christian
R_zeg0ZLc2l75nGRb,104482,2463,2,1.0,Qwen3-8B,2,moral,loyalty
R_zeg0ZLc2l75nGRb,104506,2464,-1,,Qwen3-8B,4,social-group,muslim
R_zeg0ZLc2l75nGRb,104530,2465,3,1.0,Qwen3-8B,5,social-group,christian
R_zeg0ZLc2l75nGRb,104554,2466,4,1.0,Qwen3-8B,3,social-group,LGB
R_zeg0ZLc2l75nGRb,104578,2467,-1,,Qwen3-8B,3,social-group,LGB
R_zeg0ZLc2l75nGRb,104602,2468,3,1.0,Qwen3-8B,4,moral,fairness
R_zeg0ZLc2l75nGRb,104626,2469,3,1.0,Qwen3-8B,3,social-group,LGB
R_zeg0ZLc2l75nGRb,104650,2470,-1,,Qwen3-8B,3,social-group,LGB
R_zeg0ZLc2l75nGRb,104674,2471,1,0.0,Qwen3-8B,2,social-group,muslim
R_zeg0ZLc2l75nGRb,104698,2472,2,1.0,Qwen3-8B,5,social-group,muslim
R_zeg0ZLc2l75nGRb,104722,2473,-1,,Qwen3-8B,4,social-group,transgender
R_zeg0ZLc2l75nGRb,104746,2474,2,1.0,Qwen3-8B,4,social-group,muslim
R_zeg0ZLc2l75nGRb,104770,2475,1,0.0,Qwen3-8B,4,social-group,christian
R_zeg0ZLc2l75nGRb,104794,2476,0,0.0,Qwen3-8B,3,social-group,LGB
R_zeg0ZLc2l75nGRb,104818,2477,-1,,Qwen3-8B,4,social-group,transgender
R_zeg0ZLc2l75nGRb,104842,2478,1,0.0,Qwen3-8B,4,social-group,christian
R_zeg0ZLc2l75nGRb,104866,2479,1,0.0,Qwen3-8B,3,social-group,LGB
R_zeg0ZLc2l75nGRb,104890,2480,1,0.0,Qwen3-8B,3,social-group,christian
R_2B5tpixzC8bbh56,2589,47,3,1.0,Qwen3-8B,4,random,random
R_2B5tpixzC8bbh56,11372,184,2,1.0,Qwen3-8B,2,random,random
R_2B5tpixzC8bbh56,14269,226,0,0.0,Qwen3-8B,1,random,random
R_2B5tpixzC8bbh56,17070,268,2,1.0,Qwen3-8B,5,random,random
R_2B5tpixzC8bbh56,21761,341,1,0.0,Qwen3-8B,2,random,random
R_2B5tpixzC8bbh56,29860,478,2,1.0,Qwen3-8B,2,random,random
R_2B5tpixzC8bbh56,35048,559,3,1.0,Qwen3-8B,3,random,random
R_2B5tpixzC8bbh56,37585,602,0,0.0,Qwen3-8B,1,random,random
R_2B5tpixzC8bbh56,49089,779,4,1.0,Qwen3-8B,3,random,random
R_2B5tpixzC8bbh56,53301,839,2,1.0,Qwen3-8B,3,random,random
R_2B5tpixzC8bbh56,67660,1071,1,0.0,Qwen3-8B,2,random,random
R_2B5tpixzC8bbh56,104341,2457,4,1.0,Qwen3-8B,2,moral,loyalty
R_2B5tpixzC8bbh56,104365,2458,3,1.0,Qwen3-8B,3,moral,fairness
R_2B5tpixzC8bbh56,104389,2459,4,1.0,Qwen3-8B,4,social-group,transgender
R_2B5tpixzC8bbh56,104413,2460,4,1.0,Qwen3-8B,5,random,random
R_2B5tpixzC8bbh56,104437,2461,2,1.0,Qwen3-8B,4,social-group,transgender
R_2B5tpixzC8bbh56,104461,2462,0,0.0,Qwen3-8B,3,social-group,christian
R_2B5tpixzC8bbh56,104485,2463,1,0.0,Qwen3-8B,2,moral,loyalty
R_2B5tpixzC8bbh56,104509,2464,2,1.0,Qwen3-8B,4,social-group,muslim
R_2B5tpixzC8bbh56,104533,2465,2,1.0,Qwen3-8B,5,social-group,christian
R_2B5tpixzC8bbh56,104557,2466,4,1.0,Qwen3-8B,3,social-group,LGB
R_2B5tpixzC8bbh56,104581,2467,4,1.0,Qwen3-8B,3,social-group,LGB
R_2B5tpixzC8bbh56,104605,2468,4,1.0,Qwen3-8B,4,moral,fairness
R_2B5tpixzC8bbh56,104629,2469,4,1.0,Qwen3-8B,3,social-group,LGB
R_2B5tpixzC8bbh56,104653,2470,4,1.0,Qwen3-8B,3,social-group,LGB
R_2B5tpixzC8bbh56,104677,2471,0,0.0,Qwen3-8B,2,social-group,muslim
R_2B5tpixzC8bbh56,104701,2472,4,1.0,Qwen3-8B,5,social-group,muslim
R_2B5tpixzC8bbh56,104725,2473,2,1.0,Qwen3-8B,4,social-group,transgender
R_2B5tpixzC8bbh56,104749,2474,1,0.0,Qwen3-8B,4,social-group,muslim
R_2B5tpixzC8bbh56,104773,2475,3,1.0,Qwen3-8B,4,social-group,christian
R_2B5tpixzC8bbh56,104797,2476,4,1.0,Qwen3-8B,3,social-group,LGB
R_2B5tpixzC8bbh56,104821,2477,1,0.0,Qwen3-8B,4,social-group,transgender
R_2B5tpixzC8bbh56,104845,2478,4,1.0,Qwen3-8B,4,social-group,christian
R_2B5tpixzC8bbh56,104869,2479,4,1.0,Qwen3-8B,3,social-group,LGB
R_2B5tpixzC8bbh56,104893,2480,4,1.0,Qwen3-8B,3,social-group,christian
R_2fkyOIECpjb24rt,2603,47,0,0.0,Qwen3-8B,4,random,random
R_2fkyOIECpjb24rt,11390,184,2,1.0,Qwen3-8B,2,random,random
R_2fkyOIECpjb24rt,14285,226,0,0.0,Qwen3-8B,1,random,random
R_2fkyOIECpjb24rt,17083,268,0,0.0,Qwen3-8B,5,random,random
R_2fkyOIECpjb24rt,21778,341,0,0.0,Qwen3-8B,2,random,random
R_2fkyOIECpjb24rt,29876,478,1,0.0,Qwen3-8B,2,random,random
R_2fkyOIECpjb24rt,35060,559,3,1.0,Qwen3-8B,3,random,random
R_2fkyOIECpjb24rt,37598,602,0,0.0,Qwen3-8B,1,random,random
R_2fkyOIECpjb24rt,49102,779,2,1.0,Qwen3-8B,3,random,random
R_2fkyOIECpjb24rt,53313,839,-1,,Qwen3-8B,3,random,random
R_2fkyOIECpjb24rt,67673,1071,1,0.0,Qwen3-8B,2,random,random
R_2fkyOIECpjb24rt,104346,2457,2,1.0,Qwen3-8B,2,moral,loyalty
R_2fkyOIECpjb24rt,104370,2458,4,1.0,Qwen3-8B,3,moral,fairness
R_2fkyOIECpjb24rt,104394,2459,4,1.0,Qwen3-8B,4,social-group,transgender
R_2fkyOIECpjb24rt,104418,2460,3,1.0,Qwen3-8B,5,random,random
R_2fkyOIECpjb24rt,104442,2461,0,0.0,Qwen3-8B,4,social-group,transgender
R_2fkyOIECpjb24rt,104466,2462,0,0.0,Qwen3-8B,3,social-group,christian
R_2fkyOIECpjb24rt,104490,2463,1,0.0,Qwen3-8B,2,moral,loyalty
R_2fkyOIECpjb24rt,104514,2464,2,1.0,Qwen3-8B,4,social-group,muslim
R_2fkyOIECpjb24rt,104538,2465,2,1.0,Qwen3-8B,5,social-group,christian
R_2fkyOIECpjb24rt,104562,2466,3,1.0,Qwen3-8B,3,social-group,LGB
R_2fkyOIECpjb24rt,104586,2467,3,1.0,Qwen3-8B,3,social-group,LGB
R_2fkyOIECpjb24rt,104610,2468,1,0.0,Qwen3-8B,4,moral,fairness
R_2fkyOIECpjb24rt,104634,2469,3,1.0,Qwen3-8B,3,social-group,LGB
R_2fkyOIECpjb24rt,104658,2470,3,1.0,Qwen3-8B,3,social-group,LGB
R_2fkyOIECpjb24rt,104682,2471,2,1.0,Qwen3-8B,2,social-group,muslim
R_2fkyOIECpjb24rt,104706,2472,3,1.0,Qwen3-8B,5,social-group,muslim
R_2fkyOIECpjb24rt,104730,2473,3,1.0,Qwen3-8B,4,social-group,transgender
R_2fkyOIECpjb24rt,104754,2474,3,1.0,Qwen3-8B,4,social-group,muslim
R_2fkyOIECpjb24rt,104778,2475,0,0.0,Qwen3-8B,4,social-group,christian
R_2fkyOIECpjb24rt,104802,2476,3,1.0,Qwen3-8B,3,social-group,LGB
R_2fkyOIECpjb24rt,104826,2477,4,1.0,Qwen3-8B,4,social-group,transgender
R_2fkyOIECpjb24rt,104850,2478,0,0.0,Qwen3-8B,4,social-group,christian
R_2fkyOIECpjb24rt,104874,2479,3,1.0,Qwen3-8B,3,social-group,LGB
R_2fkyOIECpjb24rt,104898,2480,0,0.0,Qwen3-8B,3,social-group,christian
R_23Tqzi4RERR4gpr,2679,49,1,0.0,Qwen3-8B,1,random,random
R_23Tqzi4RERR4gpr,15669,246,1,0.0,Qwen3-8B,1,random,random
R_23Tqzi4RERR4gpr,21664,340,1,0.0,Qwen3-8B,2,random,random
R_23Tqzi4RERR4gpr,23267,365,1,0.0,Qwen3-8B,2,random,random
R_23Tqzi4RERR4gpr,31924,508,1,0.0,Qwen3-8B,3,random,random
R_23Tqzi4RERR4gpr,54108,853,0,0.0,Qwen3-8B,1,random,random
R_23Tqzi4RERR4gpr,57636,907,1,0.0,Qwen3-8B,1,random,random
R_23Tqzi4RERR4gpr,57636,907,1,0.0,Qwen3-8B,1,moral,care
R_23Tqzi4RERR4gpr,57636,907,1,0.0,Qwen3-8B,1,random,random
R_23Tqzi4RERR4gpr,57636,907,1,0.0,Qwen3-8B,1,moral,care
R_23Tqzi4RERR4gpr,59670,939,0,0.0,Qwen3-8B,2,random,random
R_23Tqzi4RERR4gpr,61951,981,0,0.0,Qwen3-8B,2,random,random
R_23Tqzi4RERR4gpr,74413,1243,1,0.0,Qwen3-8B,1,moral,purity
R_23Tqzi4RERR4gpr,74413,1243,1,0.0,Qwen3-8B,1,moral,loyalty
R_23Tqzi4RERR4gpr,74413,1243,1,0.0,Qwen3-8B,1,moral,purity
R_23Tqzi4RERR4gpr,74413,1243,1,0.0,Qwen3-8B,1,moral,loyalty
R_23Tqzi4RERR4gpr,128830,3498,4,1.0,Qwen3-8B,4,social-group,transgender
R_23Tqzi4RERR4gpr,128854,3499,4,1.0,Qwen3-8B,3,random,random
R_23Tqzi4RERR4gpr,128878,3500,0,0.0,Qwen3-8B,2,moral,fairness
R_23Tqzi4RERR4gpr,128902,3501,2,1.0,Qwen3-8B,1,social-group,transgender
R_23Tqzi4RERR4gpr,128926,3502,0,0.0,Qwen3-8B,2,moral,purity
R_23Tqzi4RERR4gpr,128950,3503,3,1.0,Qwen3-8B,3,social-group,LGB
R_23Tqzi4RERR4gpr,128974,3504,4,1.0,Qwen3-8B,2,social-group,jewish
R_23Tqzi4RERR4gpr,128998,3505,4,1.0,Qwen3-8B,3,social-group,christian
R_23Tqzi4RERR4gpr,129022,3506,-1,,Qwen3-8B,1,random,random
R_23Tqzi4RERR4gpr,129046,3507,2,1.0,Qwen3-8B,3,social-group,christian
R_23Tqzi4RERR4gpr,129070,3508,0,0.0,Qwen3-8B,3,social-group,transgender
R_23Tqzi4RERR4gpr,129094,3509,0,0.0,Qwen3-8B,1,random,random
R_23Tqzi4RERR4gpr,129118,3510,0,0.0,Qwen3-8B,2,moral,fairness
R_23Tqzi4RERR4gpr,129142,3511,-1,,Qwen3-8B,4,social-group,jewish
R_23Tqzi4RERR4gpr,129166,3512,0,0.0,Qwen3-8B,3,social-group,christian
R_23Tqzi4RERR4gpr,129190,3513,1,0.0,Qwen3-8B,3,random,random
R_23Tqzi4RERR4gpr,129214,3514,1,0.0,Qwen3-8B,4,social-group,jewish
R_23Tqzi4RERR4gpr,129238,3515,0,0.0,Qwen3-8B,1,social-group,LGB
R_23Tqzi4RERR4gpr,129262,3516,1,0.0,Qwen3-8B,4,social-group,LGB
R_23Tqzi4RERR4gpr,129286,3517,4,1.0,Qwen3-8B,4,social-group,jewish
R_23Tqzi4RERR4gpr,129310,3518,1,0.0,Qwen3-8B,3,social-group,muslim
R_23Tqzi4RERR4gpr,129334,3519,1,0.0,Qwen3-8B,5,social-group,transgender
R_23Tqzi4RERR4gpr,129358,3520,4,1.0,Qwen3-8B,5,random,random
R_23Tqzi4RERR4gpr,129382,3521,4,1.0,Qwen3-8B,4,moral,purity
R_23Tqzi4RERR4gpr,129406,3522,0,0.0,Qwen3-8B,1,social-group,muslim
R_2QmUdzF4gAXMEEe,2702,49,0,0.0,Qwen3-8B,1,random,random
R_2QmUdzF4gAXMEEe,15692,246,1,0.0,Qwen3-8B,1,random,random
R_2QmUdzF4gAXMEEe,21685,340,1,0.0,Qwen3-8B,2,random,random
R_2QmUdzF4gAXMEEe,23288,365,0,0.0,Qwen3-8B,2,random,random
R_2QmUdzF4gAXMEEe,31944,508,0,0.0,Qwen3-8B,3,random,random
R_2QmUdzF4gAXMEEe,54135,853,0,0.0,Qwen3-8B,1,random,random
R_2QmUdzF4gAXMEEe,57708,907,0,0.0,Qwen3-8B,1,random,random
R_2QmUdzF4gAXMEEe,57708,907,0,0.0,Qwen3-8B,1,moral,care
R_2QmUdzF4gAXMEEe,57708,907,0,0.0,Qwen3-8B,1,random,random
R_2QmUdzF4gAXMEEe,57708,907,0,0.0,Qwen3-8B,1,moral,care
R_2QmUdzF4gAXMEEe,59688,939,0,0.0,Qwen3-8B,2,random,random
R_2QmUdzF4gAXMEEe,61970,981,0,0.0,Qwen3-8B,2,random,random
R_2QmUdzF4gAXMEEe,74501,1243,0,0.0,Qwen3-8B,1,moral,purity
R_2QmUdzF4gAXMEEe,74501,1243,0,0.0,Qwen3-8B,1,moral,loyalty
R_2QmUdzF4gAXMEEe,74501,1243,0,0.0,Qwen3-8B,1,moral,purity
R_2QmUdzF4gAXMEEe,74501,1243,0,0.0,Qwen3-8B,1,moral,loyalty
R_2QmUdzF4gAXMEEe,128837,3498,3,1.0,Qwen3-8B,4,social-group,transgender
R_2QmUdzF4gAXMEEe,128861,3499,2,1.0,Qwen3-8B,3,random,random
R_2QmUdzF4gAXMEEe,128885,3500,1,0.0,Qwen3-8B,2,moral,fairness
R_2QmUdzF4gAXMEEe,128909,3501,0,0.0,Qwen3-8B,1,social-group,transgender
R_2QmUdzF4gAXMEEe,128933,3502,0,0.0,Qwen3-8B,2,moral,purity
R_2QmUdzF4gAXMEEe,128957,3503,0,0.0,Qwen3-8B,3,social-group,LGB
R_2QmUdzF4gAXMEEe,128981,3504,0,0.0,Qwen3-8B,2,social-group,jewish
R_2QmUdzF4gAXMEEe,129005,3505,1,0.0,Qwen3-8B,3,social-group,christian
R_2QmUdzF4gAXMEEe,129029,3506,0,0.0,Qwen3-8B,1,random,random
R_2QmUdzF4gAXMEEe,129053,3507,-1,,Qwen3-8B,3,social-group,christian
R_2QmUdzF4gAXMEEe,129077,3508,0,0.0,Qwen3-8B,3,social-group,transgender
R_2QmUdzF4gAXMEEe,129101,3509,-1,,Qwen3-8B,1,random,random
R_2QmUdzF4gAXMEEe,129125,3510,0,0.0,Qwen3-8B,2,moral,fairness
R_2QmUdzF4gAXMEEe,129149,3511,-1,,Qwen3-8B,4,social-group,jewish
R_2QmUdzF4gAXMEEe,129173,3512,3,1.0,Qwen3-8B,3,social-group,christian
R_2QmUdzF4gAXMEEe,129197,3513,0,0.0,Qwen3-8B,3,random,random
R_2QmUdzF4gAXMEEe,129221,3514,2,1.0,Qwen3-8B,4,social-group,jewish
R_2QmUdzF4gAXMEEe,129245,3515,0,0.0,Qwen3-8B,1,social-group,LGB
R_2QmUdzF4gAXMEEe,129269,3516,2,1.0,Qwen3-8B,4,social-group,LGB
R_2QmUdzF4gAXMEEe,129293,3517,0,0.0,Qwen3-8B,4,social-group,jewish
R_2QmUdzF4gAXMEEe,129317,3518,0,0.0,Qwen3-8B,3,social-group,muslim
R_2QmUdzF4gAXMEEe,129341,3519,0,0.0,Qwen3-8B,5,social-group,transgender
R_2QmUdzF4gAXMEEe,129365,3520,2,1.0,Qwen3-8B,5,random,random
R_2QmUdzF4gAXMEEe,129389,3521,0,0.0,Qwen3-8B,4,moral,purity
R_2QmUdzF4gAXMEEe,129413,3522,0,0.0,Qwen3-8B,1,social-group,muslim
R_30jB3YyYT5rW0h0,2704,49,0,0.0,Qwen3-8B,1,random,random
R_30jB3YyYT5rW0h0,15694,246,0,0.0,Qwen3-8B,1,random,random
R_30jB3YyYT5rW0h0,21687,340,-1,,Qwen3-8B,2,random,random
R_30jB3YyYT5rW0h0,23290,365,0,0.0,Qwen3-8B,2,random,random
R_30jB3YyYT5rW0h0,31946,508,0,0.0,Qwen3-8B,3,random,random
R_30jB3YyYT5rW0h0,54137,853,0,0.0,Qwen3-8B,1,random,random
R_30jB3YyYT5rW0h0,57714,907,0,0.0,Qwen3-8B,1,random,random
R_30jB3YyYT5rW0h0,57714,907,0,0.0,Qwen3-8B,1,moral,care
R_30jB3YyYT5rW0h0,57714,907,0,0.0,Qwen3-8B,1,random,random
R_30jB3YyYT5rW0h0,57714,907,0,0.0,Qwen3-8B,1,moral,care
R_30jB3YyYT5rW0h0,59690,939,0,0.0,Qwen3-8B,2,random,random
R_30jB3YyYT5rW0h0,61972,981,0,0.0,Qwen3-8B,2,random,random
R_30jB3YyYT5rW0h0,74507,1243,0,0.0,Qwen3-8B,1,moral,purity
R_30jB3YyYT5rW0h0,74507,1243,0,0.0,Qwen3-8B,1,moral,loyalty
R_30jB3YyYT5rW0h0,74507,1243,0,0.0,Qwen3-8B,1,moral,purity
R_30jB3YyYT5rW0h0,74507,1243,0,0.0,Qwen3-8B,1,moral,loyalty
R_30jB3YyYT5rW0h0,128839,3498,0,0.0,Qwen3-8B,4,social-group,transgender
R_30jB3YyYT5rW0h0,128863,3499,0,0.0,Qwen3-8B,3,random,random
R_30jB3YyYT5rW0h0,128887,3500,0,0.0,Qwen3-8B,2,moral,fairness
R_30jB3YyYT5rW0h0,128911,3501,0,0.0,Qwen3-8B,1,social-group,transgender
R_30jB3YyYT5rW0h0,128935,3502,0,0.0,Qwen3-8B,2,moral,purity
R_30jB3YyYT5rW0h0,128959,3503,3,1.0,Qwen3-8B,3,social-group,LGB
R_30jB3YyYT5rW0h0,128983,3504,2,1.0,Qwen3-8B,2,social-group,jewish
R_30jB3YyYT5rW0h0,129007,3505,4,1.0,Qwen3-8B,3,social-group,christian
R_30jB3YyYT5rW0h0,129031,3506,0,0.0,Qwen3-8B,1,random,random
R_30jB3YyYT5rW0h0,129055,3507,0,0.0,Qwen3-8B,3,social-group,christian
R_30jB3YyYT5rW0h0,129079,3508,0,0.0,Qwen3-8B,3,social-group,transgender
R_30jB3YyYT5rW0h0,129103,3509,0,0.0,Qwen3-8B,1,random,random
R_30jB3YyYT5rW0h0,129127,3510,0,0.0,Qwen3-8B,2,moral,fairness
R_30jB3YyYT5rW0h0,129151,3511,0,0.0,Qwen3-8B,4,social-group,jewish
R_30jB3YyYT5rW0h0,129175,3512,0,0.0,Qwen3-8B,3,social-group,christian
R_30jB3YyYT5rW0h0,129199,3513,0,0.0,Qwen3-8B,3,random,random
R_30jB3YyYT5rW0h0,129223,3514,0,0.0,Qwen3-8B,4,social-group,jewish
R_30jB3YyYT5rW0h0,129247,3515,0,0.0,Qwen3-8B,1,social-group,LGB
R_30jB3YyYT5rW0h0,129271,3516,-1,,Qwen3-8B,4,social-group,LGB
R_30jB3YyYT5rW0h0,129295,3517,0,0.0,Qwen3-8B,4,social-group,jewish
R_30jB3YyYT5rW0h0,129319,3518,-1,,Qwen3-8B,3,social-group,muslim
R_30jB3YyYT5rW0h0,129343,3519,0,0.0,Qwen3-8B,5,social-group,transgender
R_30jB3YyYT5rW0h0,129367,3520,0,0.0,Qwen3-8B,5,random,random
R_30jB3YyYT5rW0h0,129391,3521,0,0.0,Qwen3-8B,4,moral,purity
R_30jB3YyYT5rW0h0,129415,3522,0,0.0,Qwen3-8B,1,social-group,muslim
R_3Lba5UARBvcuhd4,2774,50,1,0.0,Qwen3-8B,3,random,random
R_3Lba5UARBvcuhd4,2843,51,0,0.0,Qwen3-8B,3,random,random
R_3Lba5UARBvcuhd4,3839,66,1,0.0,Qwen3-8B,2,random,random
R_3Lba5UARBvcuhd4,5310,89,0,0.0,Qwen3-8B,2,random,random
R_3Lba5UARBvcuhd4,10999,178,3,1.0,Qwen3-8B,1,random,random
R_3Lba5UARBvcuhd4,13251,211,2,1.0,Qwen3-8B,3,random,random
R_3Lba5UARBvcuhd4,24719,390,1,0.0,Qwen3-8B,1,random,random
R_3Lba5UARBvcuhd4,25155,397,0,0.0,Qwen3-8B,2,random,random
R_3Lba5UARBvcuhd4,28325,453,4,1.0,Qwen3-8B,3,random,random
R_3Lba5UARBvcuhd4,31345,500,3,1.0,Qwen3-8B,4,random,random
R_3Lba5UARBvcuhd4,38162,612,0,0.0,Qwen3-8B,3,random,random
R_3Lba5UARBvcuhd4,39171,629,0,0.0,Qwen3-8B,1,random,random
R_3Lba5UARBvcuhd4,55014,868,1,0.0,Qwen3-8B,4,random,random
R_3Lba5UARBvcuhd4,60935,962,1,0.0,Qwen3-8B,3,random,random
R_3Lba5UARBvcuhd4,71859,1148,0,0.0,Qwen3-8B,3,random,random
R_3Lba5UARBvcuhd4,131903,3629,1,0.0,Qwen3-8B,4,social-group,muslim
R_3Lba5UARBvcuhd4,131927,3630,0,0.0,Qwen3-8B,2,moral,fairness
R_3Lba5UARBvcuhd4,131951,3631,0,0.0,Qwen3-8B,1,moral,fairness
R_3Lba5UARBvcuhd4,131975,3632,1,0.0,Qwen3-8B,3,social-group,muslim
R_3Lba5UARBvcuhd4,131999,3633,0,0.0,Qwen3-8B,4,social-group,jewish
R_3Lba5UARBvcuhd4,132023,3634,0,0.0,Qwen3-8B,3,social-group,muslim
R_3Lba5UARBvcuhd4,132047,3635,1,0.0,Qwen3-8B,4,social-group,jewish
R_3Lba5UARBvcuhd4,132071,3636,-1,,Qwen3-8B,3,random,random
R_3Lba5UARBvcuhd4,132095,3637,2,1.0,Qwen3-8B,5,social-group,jewish
R_3Lba5UARBvcuhd4,132119,3638,0,0.0,Qwen3-8B,2,moral,care
R_3Lba5UARBvcuhd4,132143,3639,0,0.0,Qwen3-8B,2,social-group,muslim
R_3Lba5UARBvcuhd4,132167,3640,0,0.0,Qwen3-8B,2,random,random
R_3Lba5UARBvcuhd4,132191,3641,3,1.0,Qwen3-8B,5,social-group,LGB
R_3Lba5UARBvcuhd4,132215,3642,0,0.0,Qwen3-8B,1,moral,care
R_3Lba5UARBvcuhd4,132239,3643,2,1.0,Qwen3-8B,4,social-group,jewish
R_3Lba5UARBvcuhd4,132263,3644,2,1.0,Qwen3-8B,3,social-group,LGB
R_3Lba5UARBvcuhd4,132287,3645,0,0.0,Qwen3-8B,1,random,random
R_3Lba5UARBvcuhd4,132311,3646,1,0.0,Qwen3-8B,1,social-group,LGB
R_3Lba5UARBvcuhd4,132335,3647,1,0.0,Qwen3-8B,5,social-group,christian
R_3Lba5UARBvcuhd4,132359,3648,0,0.0,Qwen3-8B,1,social-group,christian
R_6tHMqPGt31mrmal,2801,50,4,1.0,Qwen3-8B,3,random,random
R_6tHMqPGt31mrmal,2870,51,1,0.0,Qwen3-8B,3,random,random
R_6tHMqPGt31mrmal,3866,66,3,1.0,Qwen3-8B,2,random,random
R_6tHMqPGt31mrmal,5336,89,1,0.0,Qwen3-8B,2,random,random
R_6tHMqPGt31mrmal,11019,178,-1,,Qwen3-8B,1,random,random
R_6tHMqPGt31mrmal,13278,211,1,0.0,Qwen3-8B,3,random,random
R_6tHMqPGt31mrmal,24748,390,0,0.0,Qwen3-8B,1,random,random
R_6tHMqPGt31mrmal,25184,397,2,1.0,Qwen3-8B,2,random,random
R_6tHMqPGt31mrmal,28344,453,2,1.0,Qwen3-8B,3,random,random
R_6tHMqPGt31mrmal,31366,500,4,1.0,Qwen3-8B,4,random,random
R_6tHMqPGt31mrmal,38182,612,1,0.0,Qwen3-8B,3,random,random
R_6tHMqPGt31mrmal,39191,629,0,0.0,Qwen3-8B,1,random,random
R_6tHMqPGt31mrmal,55031,868,-1,,Qwen3-8B,4,random,random
R_6tHMqPGt31mrmal,60954,962,-1,,Qwen3-8B,3,random,random
R_6tHMqPGt31mrmal,71876,1148,4,1.0,Qwen3-8B,3,random,random
R_6tHMqPGt31mrmal,131910,3629,4,1.0,Qwen3-8B,4,social-group,muslim
R_6tHMqPGt31mrmal,131934,3630,2,1.0,Qwen3-8B,2,moral,fairness
R_6tHMqPGt31mrmal,131958,3631,4,1.0,Qwen3-8B,1,moral,fairness
R_6tHMqPGt31mrmal,131982,3632,4,1.0,Qwen3-8B,3,social-group,muslim
R_6tHMqPGt31mrmal,132006,3633,4,1.0,Qwen3-8B,4,social-group,jewish
R_6tHMqPGt31mrmal,132030,3634,3,1.0,Qwen3-8B,3,social-group,muslim
R_6tHMqPGt31mrmal,132054,3635,4,1.0,Qwen3-8B,4,social-group,jewish
R_6tHMqPGt31mrmal,132078,3636,2,1.0,Qwen3-8B,3,random,random
R_6tHMqPGt31mrmal,132102,3637,4,1.0,Qwen3-8B,5,social-group,jewish
R_6tHMqPGt31mrmal,132126,3638,1,0.0,Qwen3-8B,2,moral,care
R_6tHMqPGt31mrmal,132150,3639,3,1.0,Qwen3-8B,2,social-group,muslim
R_6tHMqPGt31mrmal,132174,3640,0,0.0,Qwen3-8B,2,random,random
R_6tHMqPGt31mrmal,132198,3641,4,1.0,Qwen3-8B,5,social-group,LGB
R_6tHMqPGt31mrmal,132222,3642,2,1.0,Qwen3-8B,1,moral,care
R_6tHMqPGt31mrmal,132246,3643,2,1.0,Qwen3-8B,4,social-group,jewish
R_6tHMqPGt31mrmal,132270,3644,4,1.0,Qwen3-8B,3,social-group,LGB
R_6tHMqPGt31mrmal,132294,3645,1,0.0,Qwen3-8B,1,random,random
R_6tHMqPGt31mrmal,132318,3646,3,1.0,Qwen3-8B,1,social-group,LGB
R_6tHMqPGt31mrmal,132342,3647,3,1.0,Qwen3-8B,5,social-group,christian
R_6tHMqPGt31mrmal,132366,3648,0,0.0,Qwen3-8B,1,social-group,christian
R_1nUR5CZ05NOfrte,2810,50,1,0.0,Qwen3-8B,3,random,random
R_1nUR5CZ05NOfrte,2879,51,2,1.0,Qwen3-8B,3,random,random
R_1nUR5CZ05NOfrte,3875,66,0,0.0,Qwen3-8B,2,random,random
R_1nUR5CZ05NOfrte,5343,89,0,0.0,Qwen3-8B,2,random,random
R_1nUR5CZ05NOfrte,11026,178,3,1.0,Qwen3-8B,1,random,random
R_1nUR5CZ05NOfrte,13286,211,3,1.0,Qwen3-8B,3,random,random
R_1nUR5CZ05NOfrte,24756,390,-1,,Qwen3-8B,1,random,random
R_1nUR5CZ05NOfrte,25192,397,-1,,Qwen3-8B,2,random,random
R_1nUR5CZ05NOfrte,28351,453,-1,,Qwen3-8B,3,random,random
R_1nUR5CZ05NOfrte,31377,500,3,1.0,Qwen3-8B,4,random,random
R_1nUR5CZ05NOfrte,38190,612,0,0.0,Qwen3-8B,3,random,random
R_1nUR5CZ05NOfrte,39199,629,0,0.0,Qwen3-8B,1,random,random
R_1nUR5CZ05NOfrte,55038,868,-1,,Qwen3-8B,4,random,random
R_1nUR5CZ05NOfrte,60961,962,-1,,Qwen3-8B,3,random,random
R_1nUR5CZ05NOfrte,71884,1148,0,0.0,Qwen3-8B,3,random,random
R_1nUR5CZ05NOfrte,131914,3629,-1,,Qwen3-8B,4,social-group,muslim
R_1nUR5CZ05NOfrte,131938,3630,-1,,Qwen3-8B,2,moral,fairness
R_1nUR5CZ05NOfrte,131962,3631,0,0.0,Qwen3-8B,1,moral,fairness
R_1nUR5CZ05NOfrte,131986,3632,-1,,Qwen3-8B,3,social-group,muslim
R_1nUR5CZ05NOfrte,132010,3633,-1,,Qwen3-8B,4,social-group,jewish
R_1nUR5CZ05NOfrte,132034,3634,0,0.0,Qwen3-8B,3,social-group,muslim
R_1nUR5CZ05NOfrte,132058,3635,-1,,Qwen3-8B,4,social-group,jewish
R_1nUR5CZ05NOfrte,132082,3636,0,0.0,Qwen3-8B,3,random,random
R_1nUR5CZ05NOfrte,132106,3637,0,0.0,Qwen3-8B,5,social-group,jewish
R_1nUR5CZ05NOfrte,132130,3638,0,0.0,Qwen3-8B,2,moral,care
R_1nUR5CZ05NOfrte,132154,3639,-1,,Qwen3-8B,2,social-group,muslim
R_1nUR5CZ05NOfrte,132178,3640,0,0.0,Qwen3-8B,2,random,random
R_1nUR5CZ05NOfrte,132202,3641,4,1.0,Qwen3-8B,5,social-group,LGB
R_1nUR5CZ05NOfrte,132226,3642,0,0.0,Qwen3-8B,1,moral,care
R_1nUR5CZ05NOfrte,132250,3643,3,1.0,Qwen3-8B,4,social-group,jewish
R_1nUR5CZ05NOfrte,132274,3644,-1,,Qwen3-8B,3,social-group,LGB
R_1nUR5CZ05NOfrte,132298,3645,0,0.0,Qwen3-8B,1,random,random
R_1nUR5CZ05NOfrte,132322,3646,-1,,Qwen3-8B,1,social-group,LGB
R_1nUR5CZ05NOfrte,132346,3647,-1,,Qwen3-8B,5,social-group,christian
R_1nUR5CZ05NOfrte,132370,3648,-1,,Qwen3-8B,1,social-group,christian
R_2EABCYRlTMl43S2,2953,53,2,1.0,Qwen3-8B,1,random,random
R_2EABCYRlTMl43S2,4989,84,3,1.0,Qwen3-8B,4,random,random
R_2EABCYRlTMl43S2,8681,140,2,1.0,Qwen3-8B,3,random,random
R_2EABCYRlTMl43S2,11776,190,2,1.0,Qwen3-8B,3,random,random
R_2EABCYRlTMl43S2,17178,270,1,0.0,Qwen3-8B,2,random,random
R_2EABCYRlTMl43S2,49937,793,4,1.0,Qwen3-8B,1,random,random
R_2EABCYRlTMl43S2,65749,1040,2,1.0,Qwen3-8B,2,random,random
R_2EABCYRlTMl43S2,68987,1094,4,1.0,Qwen3-8B,3,random,random
R_2EABCYRlTMl43S2,69749,1108,4,1.0,Qwen3-8B,2,random,random
R_2EABCYRlTMl43S2,70519,1122,0,0.0,Qwen3-8B,2,random,random
R_2EABCYRlTMl43S2,81407,1518,2,1.0,Qwen3-8B,1,moral,purity
R_2EABCYRlTMl43S2,81407,1518,2,1.0,Qwen3-8B,1,moral,loyalty
R_2EABCYRlTMl43S2,81407,1518,2,1.0,Qwen3-8B,1,moral,purity
R_2EABCYRlTMl43S2,81407,1518,2,1.0,Qwen3-8B,1,moral,loyalty
R_2EABCYRlTMl43S2,100800,2304,4,1.0,Qwen3-8B,1,social-group,transgender
R_2EABCYRlTMl43S2,100821,2305,2,1.0,Qwen3-8B,3,social-group,jewish
R_2EABCYRlTMl43S2,100842,2306,2,1.0,Qwen3-8B,3,social-group,jewish
R_2EABCYRlTMl43S2,100863,2307,3,1.0,Qwen3-8B,1,social-group,transgender
R_2EABCYRlTMl43S2,100884,2308,2,1.0,Qwen3-8B,4,social-group,transgender
R_2EABCYRlTMl43S2,100905,2309,4,1.0,Qwen3-8B,3,random,random
R_2EABCYRlTMl43S2,100926,2310,4,1.0,Qwen3-8B,4,social-group,jewish
R_2EABCYRlTMl43S2,100947,2311,3,1.0,Qwen3-8B,2,social-group,jewish
R_2EABCYRlTMl43S2,100968,2312,2,1.0,Qwen3-8B,4,social-group,christian
R_2EABCYRlTMl43S2,100989,2313,4,1.0,Qwen3-8B,2,random,random
R_2EABCYRlTMl43S2,101010,2314,4,1.0,Qwen3-8B,2,random,random
R_2EABCYRlTMl43S2,101031,2315,3,1.0,Qwen3-8B,5,social-group,jewish
R_2EABCYRlTMl43S2,101052,2316,3,1.0,Qwen3-8B,1,social-group,christian
R_2EABCYRlTMl43S2,101073,2317,2,1.0,Qwen3-8B,1,random,random
R_2EABCYRlTMl43S2,101094,2318,3,1.0,Qwen3-8B,4,social-group,muslim
R_2EABCYRlTMl43S2,101115,2319,3,1.0,Qwen3-8B,3,social-group,christian
R_2EABCYRlTMl43S2,101136,2320,2,1.0,Qwen3-8B,3,social-group,transgender
R_2EABCYRlTMl43S2,101157,2321,3,1.0,Qwen3-8B,4,social-group,muslim
R_2EABCYRlTMl43S2,101178,2322,3,1.0,Qwen3-8B,1,social-group,muslim
R_2EABCYRlTMl43S2,101229,2323,3,1.0,Qwen3-8B,4,random,random
R_2EABCYRlTMl43S2,101229,2323,3,1.0,Qwen3-8B,4,moral,fairness
R_2EABCYRlTMl43S2,101229,2323,3,1.0,Qwen3-8B,4,random,random
R_2EABCYRlTMl43S2,101229,2323,3,1.0,Qwen3-8B,4,moral,fairness
R_2EABCYRlTMl43S2,101285,2324,3,1.0,Qwen3-8B,3,moral,fairness
R_2EABCYRlTMl43S2,101306,2325,1,0.0,Qwen3-8B,2,random,random
R_2EABCYRlTMl43S2,101327,2326,3,1.0,Qwen3-8B,2,social-group,muslim
R_2EABCYRlTMl43S2,101348,2327,2,1.0,Qwen3-8B,3,social-group,LGB
R_122Q0u6ELNAmPix,2973,53,0,0.0,Qwen3-8B,1,random,random
R_122Q0u6ELNAmPix,5005,84,2,1.0,Qwen3-8B,4,random,random
R_122Q0u6ELNAmPix,8694,140,0,0.0,Qwen3-8B,3,random,random
R_122Q0u6ELNAmPix,11791,190,1,0.0,Qwen3-8B,3,random,random
R_122Q0u6ELNAmPix,17189,270,0,0.0,Qwen3-8B,2,random,random
R_122Q0u6ELNAmPix,49953,793,0,0.0,Qwen3-8B,1,random,random
R_122Q0u6ELNAmPix,65762,1040,0,0.0,Qwen3-8B,2,random,random
R_122Q0u6ELNAmPix,68997,1094,2,1.0,Qwen3-8B,3,random,random
R_122Q0u6ELNAmPix,69759,1108,0,0.0,Qwen3-8B,2,random,random
R_122Q0u6ELNAmPix,70529,1122,0,0.0,Qwen3-8B,2,random,random
R_122Q0u6ELNAmPix,81417,1518,0,0.0,Qwen3-8B,1,moral,purity
R_122Q0u6ELNAmPix,81417,1518,0,0.0,Qwen3-8B,1,moral,loyalty
R_122Q0u6ELNAmPix,81417,1518,0,0.0,Qwen3-8B,1,moral,purity
R_122Q0u6ELNAmPix,81417,1518,0,0.0,Qwen3-8B,1,moral,loyalty
R_122Q0u6ELNAmPix,100804,2304,2,1.0,Qwen3-8B,1,social-group,transgender
R_122Q0u6ELNAmPix,100825,2305,1,0.0,Qwen3-8B,3,social-group,jewish
R_122Q0u6ELNAmPix,100846,2306,1,0.0,Qwen3-8B,3,social-group,jewish
R_122Q0u6ELNAmPix,100867,2307,2,1.0,Qwen3-8B,1,social-group,transgender
R_122Q0u6ELNAmPix,100888,2308,1,0.0,Qwen3-8B,4,social-group,transgender
R_122Q0u6ELNAmPix,100909,2309,1,0.0,Qwen3-8B,3,random,random
R_122Q0u6ELNAmPix,100930,2310,2,1.0,Qwen3-8B,4,social-group,jewish
R_122Q0u6ELNAmPix,100951,2311,1,0.0,Qwen3-8B,2,social-group,jewish
R_122Q0u6ELNAmPix,100972,2312,0,0.0,Qwen3-8B,4,social-group,christian
R_122Q0u6ELNAmPix,100993,2313,0,0.0,Qwen3-8B,2,random,random
R_122Q0u6ELNAmPix,101014,2314,1,0.0,Qwen3-8B,2,random,random
R_122Q0u6ELNAmPix,101035,2315,2,1.0,Qwen3-8B,5,social-group,jewish
R_122Q0u6ELNAmPix,101056,2316,0,0.0,Qwen3-8B,1,social-group,christian
R_122Q0u6ELNAmPix,101077,2317,1,0.0,Qwen3-8B,1,random,random
R_122Q0u6ELNAmPix,101098,2318,1,0.0,Qwen3-8B,4,social-group,muslim
R_122Q0u6ELNAmPix,101119,2319,2,1.0,Qwen3-8B,3,social-group,christian
R_122Q0u6ELNAmPix,101140,2320,0,0.0,Qwen3-8B,3,social-group,transgender
R_122Q0u6ELNAmPix,101161,2321,0,0.0,Qwen3-8B,4,social-group,muslim
R_122Q0u6ELNAmPix,101182,2322,0,0.0,Qwen3-8B,1,social-group,muslim
R_122Q0u6ELNAmPix,101243,2323,0,0.0,Qwen3-8B,4,random,random
R_122Q0u6ELNAmPix,101243,2323,0,0.0,Qwen3-8B,4,moral,fairness
R_122Q0u6ELNAmPix,101243,2323,0,0.0,Qwen3-8B,4,random,random
R_122Q0u6ELNAmPix,101243,2323,0,0.0,Qwen3-8B,4,moral,fairness
R_122Q0u6ELNAmPix,101289,2324,0,0.0,Qwen3-8B,3,moral,fairness
R_122Q0u6ELNAmPix,101310,2325,0,0.0,Qwen3-8B,2,random,random
R_122Q0u6ELNAmPix,101331,2326,1,0.0,Qwen3-8B,2,social-group,muslim
R_122Q0u6ELNAmPix,101352,2327,2,1.0,Qwen3-8B,3,social-group,LGB
R_3oXB1tEBixGOD0r,2988,53,-1,,Qwen3-8B,1,random,random
R_3oXB1tEBixGOD0r,5021,84,-1,,Qwen3-8B,4,random,random
R_3oXB1tEBixGOD0r,8711,140,2,1.0,Qwen3-8B,3,random,random
R_3oXB1tEBixGOD0r,11810,190,0,0.0,Qwen3-8B,3,random,random
R_3oXB1tEBixGOD0r,17203,270,0,0.0,Qwen3-8B,2,random,random
R_3oXB1tEBixGOD0r,49967,793,0,0.0,Qwen3-8B,1,random,random
R_3oXB1tEBixGOD0r,65772,1040,0,0.0,Qwen3-8B,2,random,random
R_3oXB1tEBixGOD0r,69010,1094,-1,,Qwen3-8B,3,random,random
R_3oXB1tEBixGOD0r,69772,1108,0,0.0,Qwen3-8B,2,random,random
R_3oXB1tEBixGOD0r,70542,1122,0,0.0,Qwen3-8B,2,random,random
R_3oXB1tEBixGOD0r,81443,1518,0,0.0,Qwen3-8B,1,moral,purity
R_3oXB1tEBixGOD0r,81443,1518,0,0.0,Qwen3-8B,1,moral,loyalty
R_3oXB1tEBixGOD0r,81443,1518,0,0.0,Qwen3-8B,1,moral,purity
R_3oXB1tEBixGOD0r,81443,1518,0,0.0,Qwen3-8B,1,moral,loyalty
R_3oXB1tEBixGOD0r,100810,2304,3,1.0,Qwen3-8B,1,social-group,transgender
R_3oXB1tEBixGOD0r,100831,2305,-1,,Qwen3-8B,3,social-group,jewish
R_3oXB1tEBixGOD0r,100852,2306,0,0.0,Qwen3-8B,3,social-group,jewish
R_3oXB1tEBixGOD0r,100873,2307,0,0.0,Qwen3-8B,1,social-group,transgender
R_3oXB1tEBixGOD0r,100894,2308,0,0.0,Qwen3-8B,4,social-group,transgender
R_3oXB1tEBixGOD0r,100915,2309,-1,,Qwen3-8B,3,random,random
R_3oXB1tEBixGOD0r,100936,2310,1,0.0,Qwen3-8B,4,social-group,jewish
R_3oXB1tEBixGOD0r,100957,2311,1,0.0,Qwen3-8B,2,social-group,jewish
R_3oXB1tEBixGOD0r,100978,2312,1,0.0,Qwen3-8B,4,social-group,christian
R_3oXB1tEBixGOD0r,100999,2313,0,0.0,Qwen3-8B,2,random,random
R_3oXB1tEBixGOD0r,101020,2314,0,0.0,Qwen3-8B,2,random,random
R_3oXB1tEBixGOD0r,101041,2315,0,0.0,Qwen3-8B,5,social-group,jewish
R_3oXB1tEBixGOD0r,101062,2316,-1,,Qwen3-8B,1,social-group,christian
R_3oXB1tEBixGOD0r,101083,2317,1,0.0,Qwen3-8B,1,random,random
R_3oXB1tEBixGOD0r,101104,2318,4,1.0,Qwen3-8B,4,social-group,muslim
R_3oXB1tEBixGOD0r,101125,2319,1,0.0,Qwen3-8B,3,social-group,christian
R_3oXB1tEBixGOD0r,101146,2320,3,1.0,Qwen3-8B,3,social-group,transgender
R_3oXB1tEBixGOD0r,101167,2321,2,1.0,Qwen3-8B,4,social-group,muslim
R_3oXB1tEBixGOD0r,101188,2322,1,0.0,Qwen3-8B,1,social-group,muslim
R_3oXB1tEBixGOD0r,101265,2323,4,1.0,Qwen3-8B,4,random,random
R_3oXB1tEBixGOD0r,101265,2323,4,1.0,Qwen3-8B,4,moral,fairness
R_3oXB1tEBixGOD0r,101265,2323,4,1.0,Qwen3-8B,4,random,random
R_3oXB1tEBixGOD0r,101265,2323,4,1.0,Qwen3-8B,4,moral,fairness
R_3oXB1tEBixGOD0r,101295,2324,0,0.0,Qwen3-8B,3,moral,fairness
R_3oXB1tEBixGOD0r,101316,2325,0,0.0,Qwen3-8B,2,random,random
R_3oXB1tEBixGOD0r,101337,2326,0,0.0,Qwen3-8B,2,social-group,muslim
R_3oXB1tEBixGOD0r,101358,2327,-1,,Qwen3-8B,3,social-group,LGB
R_UWmMrvsG7AfPi2B,3042,54,4,1.0,Qwen3-8B,1,random,random
R_UWmMrvsG7AfPi2B,25729,406,4,1.0,Qwen3-8B,2,random,random
R_UWmMrvsG7AfPi2B,28074,448,4,1.0,Qwen3-8B,1,random,random
R_UWmMrvsG7AfPi2B,31677,504,4,1.0,Qwen3-8B,1,random,random
R_UWmMrvsG7AfPi2B,31677,504,4,1.0,Qwen3-8B,1,moral,purity
R_UWmMrvsG7AfPi2B,31677,504,4,1.0,Qwen3-8B,1,random,random
R_UWmMrvsG7AfPi2B,31677,504,4,1.0,Qwen3-8B,1,moral,purity
R_UWmMrvsG7AfPi2B,47441,757,4,1.0,Qwen3-8B,3,random,random
R_UWmMrvsG7AfPi2B,48416,769,0,0.0,Qwen3-8B,2,random,random
R_UWmMrvsG7AfPi2B,48560,771,4,1.0,Qwen3-8B,2,random,random
R_UWmMrvsG7AfPi2B,61873,979,4,1.0,Qwen3-8B,4,random,random
R_UWmMrvsG7AfPi2B,67953,1076,4,1.0,Qwen3-8B,4,random,random
R_UWmMrvsG7AfPi2B,76684,1323,4,1.0,Qwen3-8B,4,social-group,LGB
R_UWmMrvsG7AfPi2B,76709,1324,4,1.0,Qwen3-8B,3,random,random
R_UWmMrvsG7AfPi2B,76734,1325,4,1.0,Qwen3-8B,4,social-group,jewish
R_UWmMrvsG7AfPi2B,76759,1326,-1,,Qwen3-8B,3,moral,care
R_UWmMrvsG7AfPi2B,76784,1327,2,1.0,Qwen3-8B,1,moral,purity
R_UWmMrvsG7AfPi2B,76809,1328,3,1.0,Qwen3-8B,1,moral,purity
R_UWmMrvsG7AfPi2B,76834,1329,4,1.0,Qwen3-8B,4,social-group,jewish
R_UWmMrvsG7AfPi2B,76859,1330,4,1.0,Qwen3-8B,2,social-group,transgender
R_UWmMrvsG7AfPi2B,76884,1331,4,1.0,Qwen3-8B,3,social-group,LGB
R_UWmMrvsG7AfPi2B,76909,1332,4,1.0,Qwen3-8B,5,random,random
R_UWmMrvsG7AfPi2B,76934,1333,0,0.0,Qwen3-8B,1,social-group,transgender
R_UWmMrvsG7AfPi2B,76959,1334,4,1.0,Qwen3-8B,4,social-group,LGB
R_UWmMrvsG7AfPi2B,76984,1335,4,1.0,Qwen3-8B,5,social-group,LGB
R_UWmMrvsG7AfPi2B,77009,1336,4,1.0,Qwen3-8B,2,social-group,muslim
R_UWmMrvsG7AfPi2B,77034,1337,4,1.0,Qwen3-8B,3,random,random
R_UWmMrvsG7AfPi2B,77059,1338,4,1.0,Qwen3-8B,3,social-group,transgender
R_UWmMrvsG7AfPi2B,77084,1339,4,1.0,Qwen3-8B,3,random,random
R_UWmMrvsG7AfPi2B,77109,1340,4,1.0,Qwen3-8B,5,social-group,muslim
R_UWmMrvsG7AfPi2B,77134,1341,4,1.0,Qwen3-8B,5,social-group,LGB
R_UWmMrvsG7AfPi2B,77159,1342,3,1.0,Qwen3-8B,2,social-group,christian
R_UWmMrvsG7AfPi2B,77184,1343,4,1.0,Qwen3-8B,3,social-group,muslim
R_UWmMrvsG7AfPi2B,77209,1344,4,1.0,Qwen3-8B,4,social-group,christian
R_UWmMrvsG7AfPi2B,77234,1345,4,1.0,Qwen3-8B,5,social-group,jewish
R_UWmMrvsG7AfPi2B,77259,1346,3,1.0,Qwen3-8B,4,random,random
R_UWmMrvsG7AfPi2B,77284,1347,4,1.0,Qwen3-8B,1,social-group,LGB
R_UWmMrvsG7AfPi2B,77309,1348,4,1.0,Qwen3-8B,3,social-group,christian
R_1LcJpAWlAKFEGM4,3044,54,0,0.0,Qwen3-8B,1,random,random
R_1LcJpAWlAKFEGM4,25731,406,0,0.0,Qwen3-8B,2,random,random
R_1LcJpAWlAKFEGM4,28076,448,0,0.0,Qwen3-8B,1,random,random
R_1LcJpAWlAKFEGM4,31683,504,0,0.0,Qwen3-8B,1,random,random
R_1LcJpAWlAKFEGM4,31683,504,0,0.0,Qwen3-8B,1,moral,purity
R_1LcJpAWlAKFEGM4,31683,504,0,0.0,Qwen3-8B,1,random,random
R_1LcJpAWlAKFEGM4,31683,504,0,0.0,Qwen3-8B,1,moral,purity
R_1LcJpAWlAKFEGM4,47443,757,2,1.0,Qwen3-8B,3,random,random
R_1LcJpAWlAKFEGM4,48418,769,0,0.0,Qwen3-8B,2,random,random
R_1LcJpAWlAKFEGM4,48562,771,0,0.0,Qwen3-8B,2,random,random
R_1LcJpAWlAKFEGM4,61875,979,0,0.0,Qwen3-8B,4,random,random
R_1LcJpAWlAKFEGM4,67955,1076,0,0.0,Qwen3-8B,4,random,random
R_1LcJpAWlAKFEGM4,76686,1323,0,0.0,Qwen3-8B,4,social-group,LGB
R_1LcJpAWlAKFEGM4,76711,1324,3,1.0,Qwen3-8B,3,random,random
R_1LcJpAWlAKFEGM4,76736,1325,1,0.0,Qwen3-8B,4,social-group,jewish
R_1LcJpAWlAKFEGM4,76761,1326,0,0.0,Qwen3-8B,3,moral,care
R_1LcJpAWlAKFEGM4,76786,1327,0,0.0,Qwen3-8B,1,moral,purity
R_1LcJpAWlAKFEGM4,76811,1328,0,0.0,Qwen3-8B,1,moral,purity
R_1LcJpAWlAKFEGM4,76836,1329,0,0.0,Qwen3-8B,4,social-group,jewish
R_1LcJpAWlAKFEGM4,76861,1330,0,0.0,Qwen3-8B,2,social-group,transgender
R_1LcJpAWlAKFEGM4,76886,1331,0,0.0,Qwen3-8B,3,social-group,LGB
R_1LcJpAWlAKFEGM4,76911,1332,2,1.0,Qwen3-8B,5,random,random
R_1LcJpAWlAKFEGM4,76936,1333,0,0.0,Qwen3-8B,1,social-group,transgender
R_1LcJpAWlAKFEGM4,76961,1334,0,0.0,Qwen3-8B,4,social-group,LGB
R_1LcJpAWlAKFEGM4,76986,1335,1,0.0,Qwen3-8B,5,social-group,LGB
R_1LcJpAWlAKFEGM4,77011,1336,0,0.0,Qwen3-8B,2,social-group,muslim
R_1LcJpAWlAKFEGM4,77036,1337,2,1.0,Qwen3-8B,3,random,random
R_1LcJpAWlAKFEGM4,77061,1338,0,0.0,Qwen3-8B,3,social-group,transgender
R_1LcJpAWlAKFEGM4,77086,1339,0,0.0,Qwen3-8B,3,random,random
R_1LcJpAWlAKFEGM4,77111,1340,0,0.0,Qwen3-8B,5,social-group,muslim
R_1LcJpAWlAKFEGM4,77136,1341,2,1.0,Qwen3-8B,5,social-group,LGB
R_1LcJpAWlAKFEGM4,77161,1342,0,0.0,Qwen3-8B,2,social-group,christian
R_1LcJpAWlAKFEGM4,77186,1343,0,0.0,Qwen3-8B,3,social-group,muslim
R_1LcJpAWlAKFEGM4,77211,1344,3,1.0,Qwen3-8B,4,social-group,christian
R_1LcJpAWlAKFEGM4,77236,1345,0,0.0,Qwen3-8B,5,social-group,jewish
R_1LcJpAWlAKFEGM4,77261,1346,0,0.0,Qwen3-8B,4,random,random
R_1LcJpAWlAKFEGM4,77286,1347,0,0.0,Qwen3-8B,1,social-group,LGB
R_1LcJpAWlAKFEGM4,77311,1348,0,0.0,Qwen3-8B,3,social-group,christian
R_3PS2ZKhngZk4JIO,3052,54,0,0.0,Qwen3-8B,1,random,random
R_3PS2ZKhngZk4JIO,25745,406,0,0.0,Qwen3-8B,2,random,random
R_3PS2ZKhngZk4JIO,28084,448,1,0.0,Qwen3-8B,1,random,random
R_3PS2ZKhngZk4JIO,31699,504,0,0.0,Qwen3-8B,1,random,random
R_3PS2ZKhngZk4JIO,31699,504,0,0.0,Qwen3-8B,1,moral,purity
R_3PS2ZKhngZk4JIO,31699,504,0,0.0,Qwen3-8B,1,random,random
R_3PS2ZKhngZk4JIO,31699,504,0,0.0,Qwen3-8B,1,moral,purity
R_3PS2ZKhngZk4JIO,47454,757,1,0.0,Qwen3-8B,3,random,random
R_3PS2ZKhngZk4JIO,48429,769,1,0.0,Qwen3-8B,2,random,random
R_3PS2ZKhngZk4JIO,48573,771,0,0.0,Qwen3-8B,2,random,random
R_3PS2ZKhngZk4JIO,61883,979,1,0.0,Qwen3-8B,4,random,random
R_3PS2ZKhngZk4JIO,67963,1076,0,0.0,Qwen3-8B,4,random,random
R_3PS2ZKhngZk4JIO,76690,1323,0,0.0,Qwen3-8B,4,social-group,LGB
R_3PS2ZKhngZk4JIO,76715,1324,0,0.0,Qwen3-8B,3,random,random
R_3PS2ZKhngZk4JIO,76740,1325,1,0.0,Qwen3-8B,4,social-group,jewish
R_3PS2ZKhngZk4JIO,76765,1326,0,0.0,Qwen3-8B,3,moral,care
R_3PS2ZKhngZk4JIO,76790,1327,1,0.0,Qwen3-8B,1,moral,purity
R_3PS2ZKhngZk4JIO,76815,1328,2,1.0,Qwen3-8B,1,moral,purity
R_3PS2ZKhngZk4JIO,76840,1329,0,0.0,Qwen3-8B,4,social-group,jewish
R_3PS2ZKhngZk4JIO,76865,1330,0,0.0,Qwen3-8B,2,social-group,transgender
R_3PS2ZKhngZk4JIO,76890,1331,1,0.0,Qwen3-8B,3,social-group,LGB
R_3PS2ZKhngZk4JIO,76915,1332,1,0.0,Qwen3-8B,5,random,random
R_3PS2ZKhngZk4JIO,76940,1333,1,0.0,Qwen3-8B,1,social-group,transgender
R_3PS2ZKhngZk4JIO,76965,1334,0,0.0,Qwen3-8B,4,social-group,LGB
R_3PS2ZKhngZk4JIO,76990,1335,0,0.0,Qwen3-8B,5,social-group,LGB
R_3PS2ZKhngZk4JIO,77015,1336,0,0.0,Qwen3-8B,2,social-group,muslim
R_3PS2ZKhngZk4JIO,77040,1337,2,1.0,Qwen3-8B,3,random,random
R_3PS2ZKhngZk4JIO,77065,1338,0,0.0,Qwen3-8B,3,social-group,transgender
R_3PS2ZKhngZk4JIO,77090,1339,1,0.0,Qwen3-8B,3,random,random
R_3PS2ZKhngZk4JIO,77115,1340,0,0.0,Qwen3-8B,5,social-group,muslim
R_3PS2ZKhngZk4JIO,77140,1341,0,0.0,Qwen3-8B,5,social-group,LGB
R_3PS2ZKhngZk4JIO,77165,1342,1,0.0,Qwen3-8B,2,social-group,christian
R_3PS2ZKhngZk4JIO,77190,1343,1,0.0,Qwen3-8B,3,social-group,muslim
R_3PS2ZKhngZk4JIO,77215,1344,1,0.0,Qwen3-8B,4,social-group,christian
R_3PS2ZKhngZk4JIO,77240,1345,0,0.0,Qwen3-8B,5,social-group,jewish
R_3PS2ZKhngZk4JIO,77265,1346,0,0.0,Qwen3-8B,4,random,random
R_3PS2ZKhngZk4JIO,77290,1347,2,1.0,Qwen3-8B,1,social-group,LGB
R_3PS2ZKhngZk4JIO,77315,1348,0,0.0,Qwen3-8B,3,social-group,christian
R_1rlxC00OSkrzNKT,3059,54,0,0.0,Qwen3-8B,1,random,random
R_1rlxC00OSkrzNKT,25751,406,0,0.0,Qwen3-8B,2,random,random
R_1rlxC00OSkrzNKT,28089,448,1,0.0,Qwen3-8B,1,random,random
R_1rlxC00OSkrzNKT,31725,504,0,0.0,Qwen3-8B,1,random,random
R_1rlxC00OSkrzNKT,31725,504,0,0.0,Qwen3-8B,1,moral,purity
R_1rlxC00OSkrzNKT,31725,504,0,0.0,Qwen3-8B,1,random,random
R_1rlxC00OSkrzNKT,31725,504,0,0.0,Qwen3-8B,1,moral,purity
R_1rlxC00OSkrzNKT,47459,757,0,0.0,Qwen3-8B,3,random,random
R_1rlxC00OSkrzNKT,48434,769,0,0.0,Qwen3-8B,2,random,random
R_1rlxC00OSkrzNKT,48578,771,3,1.0,Qwen3-8B,2,random,random
R_1rlxC00OSkrzNKT,61888,979,0,0.0,Qwen3-8B,4,random,random
R_1rlxC00OSkrzNKT,67969,1076,0,0.0,Qwen3-8B,4,random,random
R_1rlxC00OSkrzNKT,76692,1323,2,1.0,Qwen3-8B,4,social-group,LGB
R_1rlxC00OSkrzNKT,76717,1324,2,1.0,Qwen3-8B,3,random,random
R_1rlxC00OSkrzNKT,76742,1325,4,1.0,Qwen3-8B,4,social-group,jewish
R_1rlxC00OSkrzNKT,76767,1326,0,0.0,Qwen3-8B,3,moral,care
R_1rlxC00OSkrzNKT,76792,1327,0,0.0,Qwen3-8B,1,moral,purity
R_1rlxC00OSkrzNKT,76817,1328,0,0.0,Qwen3-8B,1,moral,purity
R_1rlxC00OSkrzNKT,76842,1329,0,0.0,Qwen3-8B,4,social-group,jewish
R_1rlxC00OSkrzNKT,76867,1330,0,0.0,Qwen3-8B,2,social-group,transgender
R_1rlxC00OSkrzNKT,76892,1331,3,1.0,Qwen3-8B,3,social-group,LGB
R_1rlxC00OSkrzNKT,76917,1332,1,0.0,Qwen3-8B,5,random,random
R_1rlxC00OSkrzNKT,76942,1333,0,0.0,Qwen3-8B,1,social-group,transgender
R_1rlxC00OSkrzNKT,76967,1334,3,1.0,Qwen3-8B,4,social-group,LGB
R_1rlxC00OSkrzNKT,76992,1335,3,1.0,Qwen3-8B,5,social-group,LGB
R_1rlxC00OSkrzNKT,77017,1336,4,1.0,Qwen3-8B,2,social-group,muslim
R_1rlxC00OSkrzNKT,77042,1337,4,1.0,Qwen3-8B,3,random,random
R_1rlxC00OSkrzNKT,77067,1338,4,1.0,Qwen3-8B,3,social-group,transgender
R_1rlxC00OSkrzNKT,77092,1339,3,1.0,Qwen3-8B,3,random,random
R_1rlxC00OSkrzNKT,77117,1340,0,0.0,Qwen3-8B,5,social-group,muslim
R_1rlxC00OSkrzNKT,77142,1341,3,1.0,Qwen3-8B,5,social-group,LGB
R_1rlxC00OSkrzNKT,77167,1342,0,0.0,Qwen3-8B,2,social-group,christian
R_1rlxC00OSkrzNKT,77192,1343,4,1.0,Qwen3-8B,3,social-group,muslim
R_1rlxC00OSkrzNKT,77217,1344,4,1.0,Qwen3-8B,4,social-group,christian
R_1rlxC00OSkrzNKT,77242,1345,4,1.0,Qwen3-8B,5,social-group,jewish
R_1rlxC00OSkrzNKT,77267,1346,0,0.0,Qwen3-8B,4,random,random
R_1rlxC00OSkrzNKT,77292,1347,4,1.0,Qwen3-8B,1,social-group,LGB
R_1rlxC00OSkrzNKT,77317,1348,3,1.0,Qwen3-8B,3,social-group,christian
R_3L6Vg4ckPJLoc1D,3092,55,-1,,Qwen3-8B,2,random,random
R_3L6Vg4ckPJLoc1D,10360,167,0,0.0,Qwen3-8B,2,random,random
R_3L6Vg4ckPJLoc1D,11568,187,0,0.0,Qwen3-8B,4,random,random
R_3L6Vg4ckPJLoc1D,32755,521,0,0.0,Qwen3-8B,2,random,random
R_3L6Vg4ckPJLoc1D,40848,657,1,0.0,Qwen3-8B,2,random,random
R_3L6Vg4ckPJLoc1D,43056,693,-1,,Qwen3-8B,1,random,random
R_3L6Vg4ckPJLoc1D,46023,737,0,0.0,Qwen3-8B,3,random,random
R_3L6Vg4ckPJLoc1D,46148,739,0,0.0,Qwen3-8B,3,random,random
R_3L6Vg4ckPJLoc1D,51599,818,0,0.0,Qwen3-8B,3,random,random
R_3L6Vg4ckPJLoc1D,66061,1045,4,1.0,Qwen3-8B,3,random,random
R_3L6Vg4ckPJLoc1D,85937,1702,4,1.0,Qwen3-8B,5,social-group,jewish
R_3L6Vg4ckPJLoc1D,85960,1703,4,1.0,Qwen3-8B,2,random,random
R_3L6Vg4ckPJLoc1D,85983,1704,0,0.0,Qwen3-8B,2,random,random
R_3L6Vg4ckPJLoc1D,86006,1705,-1,,Qwen3-8B,2,random,random
R_3L6Vg4ckPJLoc1D,86029,1706,-1,,Qwen3-8B,3,random,random
R_3L6Vg4ckPJLoc1D,86052,1707,1,0.0,Qwen3-8B,3,random,random
R_3L6Vg4ckPJLoc1D,86075,1708,-1,,Qwen3-8B,5,social-group,transgender
R_3L6Vg4ckPJLoc1D,86098,1709,4,1.0,Qwen3-8B,5,social-group,LGB
R_3L6Vg4ckPJLoc1D,86121,1710,0,0.0,Qwen3-8B,2,random,random
R_3L6Vg4ckPJLoc1D,86144,1711,4,1.0,Qwen3-8B,5,social-group,jewish
R_3L6Vg4ckPJLoc1D,86167,1712,0,0.0,Qwen3-8B,3,social-group,transgender
R_3L6Vg4ckPJLoc1D,86190,1713,4,1.0,Qwen3-8B,5,social-group,jewish
R_3L6Vg4ckPJLoc1D,86213,1714,1,0.0,Qwen3-8B,3,social-group,christian
R_3L6Vg4ckPJLoc1D,86236,1715,4,1.0,Qwen3-8B,5,random,random
R_3L6Vg4ckPJLoc1D,86259,1716,0,0.0,Qwen3-8B,1,random,random
R_3L6Vg4ckPJLoc1D,86282,1717,-1,,Qwen3-8B,1,moral,loyalty
R_3L6Vg4ckPJLoc1D,86305,1718,0,0.0,Qwen3-8B,5,social-group,christian
R_3L6Vg4ckPJLoc1D,86328,1719,1,0.0,Qwen3-8B,3,random,random
R_3L6Vg4ckPJLoc1D,86351,1720,1,0.0,Qwen3-8B,4,social-group,muslim
R_3L6Vg4ckPJLoc1D,86374,1721,0,0.0,Qwen3-8B,3,social-group,jewish
R_3L6Vg4ckPJLoc1D,86397,1722,-1,,Qwen3-8B,5,social-group,jewish
R_3L6Vg4ckPJLoc1D,86420,1723,0,0.0,Qwen3-8B,2,social-group,jewish
R_3L6Vg4ckPJLoc1D,86443,1724,0,0.0,Qwen3-8B,2,random,random
R_3L6Vg4ckPJLoc1D,86466,1725,2,1.0,Qwen3-8B,2,social-group,christian
R_3L6Vg4ckPJLoc1D,86489,1726,3,1.0,Qwen3-8B,4,social-group,christian
R_2cupuI6ixrkFT2N,3356,59,0,0.0,Qwen3-8B,2,random,random
R_2cupuI6ixrkFT2N,5932,99,1,0.0,Qwen3-8B,2,random,random
R_2cupuI6ixrkFT2N,9377,152,0,0.0,Qwen3-8B,1,random,random
R_2cupuI6ixrkFT2N,16622,261,1,0.0,Qwen3-8B,2,random,random
R_2cupuI6ixrkFT2N,36026,576,1,0.0,Qwen3-8B,1,random,random
R_2cupuI6ixrkFT2N,54071,852,1,0.0,Qwen3-8B,1,random,random
R_2cupuI6ixrkFT2N,61531,973,1,0.0,Qwen3-8B,3,random,random
R_2cupuI6ixrkFT2N,65679,1039,0,0.0,Qwen3-8B,1,random,random
R_2cupuI6ixrkFT2N,116510,2970,2,1.0,Qwen3-8B,5,social-group,muslim
R_2cupuI6ixrkFT2N,116534,2971,0,0.0,Qwen3-8B,3,social-group,jewish
R_2cupuI6ixrkFT2N,116558,2972,1,0.0,Qwen3-8B,4,social-group,christian
R_2cupuI6ixrkFT2N,116582,2973,2,1.0,Qwen3-8B,3,random,random
R_2cupuI6ixrkFT2N,116606,2974,1,0.0,Qwen3-8B,3,social-group,christian
R_2cupuI6ixrkFT2N,116630,2975,1,0.0,Qwen3-8B,2,social-group,christian
R_2cupuI6ixrkFT2N,116654,2976,2,1.0,Qwen3-8B,3,social-group,muslim
R_2cupuI6ixrkFT2N,116678,2977,2,1.0,Qwen3-8B,1,random,random
R_2cupuI6ixrkFT2N,116702,2978,0,0.0,Qwen3-8B,2,social-group,christian
R_2cupuI6ixrkFT2N,116726,2979,1,0.0,Qwen3-8B,2,moral,care
R_2cupuI6ixrkFT2N,116750,2980,1,0.0,Qwen3-8B,3,random,random
R_2cupuI6ixrkFT2N,116774,2981,1,0.0,Qwen3-8B,4,social-group,transgender
R_2cupuI6ixrkFT2N,116807,2982,0,0.0,Qwen3-8B,1,moral,purity
R_2cupuI6ixrkFT2N,116846,2983,0,0.0,Qwen3-8B,1,moral,authority
R_2cupuI6ixrkFT2N,116870,2984,0,0.0,Qwen3-8B,3,social-group,transgender
R_2cupuI6ixrkFT2N,116894,2985,0,0.0,Qwen3-8B,1,moral,care
R_2cupuI6ixrkFT2N,116918,2986,2,1.0,Qwen3-8B,4,social-group,jewish
R_2cupuI6ixrkFT2N,116942,2987,2,1.0,Qwen3-8B,3,random,random
R_2cupuI6ixrkFT2N,116966,2988,1,0.0,Qwen3-8B,5,social-group,jewish
R_2cupuI6ixrkFT2N,116990,2989,3,1.0,Qwen3-8B,3,social-group,LGB
R_2cupuI6ixrkFT2N,117014,2990,1,0.0,Qwen3-8B,4,social-group,LGB
R_2cupuI6ixrkFT2N,117038,2991,3,1.0,Qwen3-8B,3,social-group,muslim
R_2cupuI6ixrkFT2N,117062,2992,1,0.0,Qwen3-8B,3,social-group,muslim
R_2cupuI6ixrkFT2N,117086,2993,0,0.0,Qwen3-8B,1,social-group,LGB
R_2cupuI6ixrkFT2N,117110,2994,0,0.0,Qwen3-8B,3,random,random
R_2cupuI6ixrkFT2N,117134,2995,0,0.0,Qwen3-8B,1,social-group,christian
R_2cupuI6ixrkFT2N,117158,2996,0,0.0,Qwen3-8B,2,social-group,LGB
R_AoOBZgnU5ZuuL0R,3394,59,0,0.0,Qwen3-8B,2,random,random
R_AoOBZgnU5ZuuL0R,5967,99,4,1.0,Qwen3-8B,2,random,random
R_AoOBZgnU5ZuuL0R,9408,152,0,0.0,Qwen3-8B,1,random,random
R_AoOBZgnU5ZuuL0R,16652,261,2,1.0,Qwen3-8B,2,random,random
R_AoOBZgnU5ZuuL0R,36060,576,4,1.0,Qwen3-8B,1,random,random
R_AoOBZgnU5ZuuL0R,54097,852,4,1.0,Qwen3-8B,1,random,random
R_AoOBZgnU5ZuuL0R,61558,973,4,1.0,Qwen3-8B,3,random,random
R_AoOBZgnU5ZuuL0R,65706,1039,0,0.0,Qwen3-8B,1,random,random
R_AoOBZgnU5ZuuL0R,116522,2970,4,1.0,Qwen3-8B,5,social-group,muslim
R_AoOBZgnU5ZuuL0R,116546,2971,0,0.0,Qwen3-8B,3,social-group,jewish
R_AoOBZgnU5ZuuL0R,116570,2972,0,0.0,Qwen3-8B,4,social-group,christian
R_AoOBZgnU5ZuuL0R,116594,2973,4,1.0,Qwen3-8B,3,random,random
R_AoOBZgnU5ZuuL0R,116618,2974,1,0.0,Qwen3-8B,3,social-group,christian
R_AoOBZgnU5ZuuL0R,116642,2975,4,1.0,Qwen3-8B,2,social-group,christian
R_AoOBZgnU5ZuuL0R,116666,2976,4,1.0,Qwen3-8B,3,social-group,muslim
R_AoOBZgnU5ZuuL0R,116690,2977,1,0.0,Qwen3-8B,1,random,random
R_AoOBZgnU5ZuuL0R,116714,2978,1,0.0,Qwen3-8B,2,social-group,christian
R_AoOBZgnU5ZuuL0R,116738,2979,3,1.0,Qwen3-8B,2,moral,care
R_AoOBZgnU5ZuuL0R,116762,2980,3,1.0,Qwen3-8B,3,random,random
R_AoOBZgnU5ZuuL0R,116786,2981,4,1.0,Qwen3-8B,4,social-group,transgender
R_AoOBZgnU5ZuuL0R,116831,2982,0,0.0,Qwen3-8B,1,moral,purity
R_AoOBZgnU5ZuuL0R,116858,2983,1,0.0,Qwen3-8B,1,moral,authority
R_AoOBZgnU5ZuuL0R,116882,2984,1,0.0,Qwen3-8B,3,social-group,transgender
R_AoOBZgnU5ZuuL0R,116906,2985,0,0.0,Qwen3-8B,1,moral,care
R_AoOBZgnU5ZuuL0R,116930,2986,4,1.0,Qwen3-8B,4,social-group,jewish
R_AoOBZgnU5ZuuL0R,116954,2987,4,1.0,Qwen3-8B,3,random,random
R_AoOBZgnU5ZuuL0R,116978,2988,4,1.0,Qwen3-8B,5,social-group,jewish
R_AoOBZgnU5ZuuL0R,117002,2989,4,1.0,Qwen3-8B,3,social-group,LGB
R_AoOBZgnU5ZuuL0R,117026,2990,3,1.0,Qwen3-8B,4,social-group,LGB
R_AoOBZgnU5ZuuL0R,117050,2991,4,1.0,Qwen3-8B,3,social-group,muslim
R_AoOBZgnU5ZuuL0R,117074,2992,4,1.0,Qwen3-8B,3,social-group,muslim
R_AoOBZgnU5ZuuL0R,117098,2993,0,0.0,Qwen3-8B,1,social-group,LGB
R_AoOBZgnU5ZuuL0R,117122,2994,2,1.0,Qwen3-8B,3,random,random
R_AoOBZgnU5ZuuL0R,117146,2995,0,0.0,Qwen3-8B,1,social-group,christian
R_AoOBZgnU5ZuuL0R,117170,2996,0,0.0,Qwen3-8B,2,social-group,LGB
R_3kc5xvhmr2nZQiw,3432,60,0,0.0,Qwen3-8B,2,random,random
R_3kc5xvhmr2nZQiw,8359,135,0,0.0,Qwen3-8B,4,random,random
R_3kc5xvhmr2nZQiw,11985,193,0,0.0,Qwen3-8B,3,random,random
R_3kc5xvhmr2nZQiw,17786,280,0,0.0,Qwen3-8B,3,random,random
R_3kc5xvhmr2nZQiw,30037,481,1,0.0,Qwen3-8B,1,random,random
R_3kc5xvhmr2nZQiw,40302,648,0,0.0,Qwen3-8B,2,random,random
R_3kc5xvhmr2nZQiw,40906,658,1,0.0,Qwen3-8B,3,random,random
R_3kc5xvhmr2nZQiw,58335,915,0,0.0,Qwen3-8B,1,random,random
R_3kc5xvhmr2nZQiw,68118,1079,0,0.0,Qwen3-8B,3,random,random
R_3kc5xvhmr2nZQiw,74279,1238,1,0.0,Qwen3-8B,5,social-group,christian
R_3kc5xvhmr2nZQiw,74302,1239,0,0.0,Qwen3-8B,4,social-group,christian
R_3kc5xvhmr2nZQiw,74325,1240,1,0.0,Qwen3-8B,4,social-group,christian
R_3kc5xvhmr2nZQiw,74348,1241,1,0.0,Qwen3-8B,5,social-group,muslim
R_3kc5xvhmr2nZQiw,74371,1242,0,0.0,Qwen3-8B,4,random,random
R_3kc5xvhmr2nZQiw,74495,1243,1,0.0,Qwen3-8B,1,moral,purity
R_3kc5xvhmr2nZQiw,74495,1243,1,0.0,Qwen3-8B,1,moral,loyalty
R_3kc5xvhmr2nZQiw,74495,1243,1,0.0,Qwen3-8B,1,moral,purity
R_3kc5xvhmr2nZQiw,74495,1243,1,0.0,Qwen3-8B,1,moral,loyalty
R_3kc5xvhmr2nZQiw,74674,1244,0,0.0,Qwen3-8B,4,social-group,muslim
R_3kc5xvhmr2nZQiw,74697,1245,1,0.0,Qwen3-8B,5,social-group,transgender
R_3kc5xvhmr2nZQiw,74720,1246,1,0.0,Qwen3-8B,4,moral,authority
R_3kc5xvhmr2nZQiw,74743,1247,1,0.0,Qwen3-8B,4,social-group,christian
R_3kc5xvhmr2nZQiw,74766,1248,1,0.0,Qwen3-8B,3,social-group,muslim
R_3kc5xvhmr2nZQiw,74789,1249,0,0.0,Qwen3-8B,1,moral,loyalty
R_3kc5xvhmr2nZQiw,74812,1250,1,0.0,Qwen3-8B,4,social-group,transgender
R_3kc5xvhmr2nZQiw,74835,1251,1,0.0,Qwen3-8B,3,social-group,LGB
R_3kc5xvhmr2nZQiw,74858,1252,-1,,Qwen3-8B,4,moral,loyalty
R_3kc5xvhmr2nZQiw,74881,1253,1,0.0,Qwen3-8B,1,random,random
R_3kc5xvhmr2nZQiw,74904,1254,0,0.0,Qwen3-8B,4,social-group,muslim
R_3kc5xvhmr2nZQiw,74974,1255,0,0.0,Qwen3-8B,1,moral,purity
R_3kc5xvhmr2nZQiw,74974,1255,0,0.0,Qwen3-8B,1,moral,care
R_3kc5xvhmr2nZQiw,74974,1255,0,0.0,Qwen3-8B,1,moral,purity
R_3kc5xvhmr2nZQiw,74974,1255,0,0.0,Qwen3-8B,1,moral,care
R_3kc5xvhmr2nZQiw,75067,1256,0,0.0,Qwen3-8B,1,random,random
R_3kc5xvhmr2nZQiw,75090,1257,0,0.0,Qwen3-8B,5,social-group,jewish
R_3kc5xvhmr2nZQiw,75113,1258,0,0.0,Qwen3-8B,3,social-group,LGB
R_3kc5xvhmr2nZQiw,75136,1259,0,0.0,Qwen3-8B,3,social-group,transgender
R_3kc5xvhmr2nZQiw,75186,1260,0,0.0,Qwen3-8B,1,moral,purity
R_3kc5xvhmr2nZQiw,75186,1260,0,0.0,Qwen3-8B,1,moral,care
R_3kc5xvhmr2nZQiw,75186,1260,0,0.0,Qwen3-8B,1,moral,purity
R_3kc5xvhmr2nZQiw,75186,1260,0,0.0,Qwen3-8B,1,moral,care
R_3kc5xvhmr2nZQiw,75251,1261,0,0.0,Qwen3-8B,1,social-group,jewish
R_3kc5xvhmr2nZQiw,75274,1262,0,0.0,Qwen3-8B,2,social-group,transgender
R_3kc5xvhmr2nZQiw,75297,1263,0,0.0,Qwen3-8B,1,social-group,christian
R_2w1wPSEzrTIC2Fj,3455,60,0,0.0,Qwen3-8B,2,random,random
R_2w1wPSEzrTIC2Fj,8375,135,0,0.0,Qwen3-8B,4,random,random
R_2w1wPSEzrTIC2Fj,12003,193,1,0.0,Qwen3-8B,3,random,random
R_2w1wPSEzrTIC2Fj,17800,280,0,0.0,Qwen3-8B,3,random,random
R_2w1wPSEzrTIC2Fj,30053,481,0,0.0,Qwen3-8B,1,random,random
R_2w1wPSEzrTIC2Fj,40321,648,0,0.0,Qwen3-8B,2,random,random
R_2w1wPSEzrTIC2Fj,40925,658,0,0.0,Qwen3-8B,3,random,random
R_2w1wPSEzrTIC2Fj,58351,915,0,0.0,Qwen3-8B,1,random,random
R_2w1wPSEzrTIC2Fj,68133,1079,0,0.0,Qwen3-8B,3,random,random
R_2w1wPSEzrTIC2Fj,74286,1238,0,0.0,Qwen3-8B,5,social-group,christian
R_2w1wPSEzrTIC2Fj,74309,1239,3,1.0,Qwen3-8B,4,social-group,christian
R_2w1wPSEzrTIC2Fj,74332,1240,2,1.0,Qwen3-8B,4,social-group,christian
R_2w1wPSEzrTIC2Fj,74355,1241,1,0.0,Qwen3-8B,5,social-group,muslim
R_2w1wPSEzrTIC2Fj,74378,1242,1,0.0,Qwen3-8B,4,random,random
R_2w1wPSEzrTIC2Fj,74593,1243,0,0.0,Qwen3-8B,1,moral,purity
R_2w1wPSEzrTIC2Fj,74593,1243,0,0.0,Qwen3-8B,1,moral,loyalty
R_2w1wPSEzrTIC2Fj,74593,1243,0,0.0,Qwen3-8B,1,moral,purity
R_2w1wPSEzrTIC2Fj,74593,1243,0,0.0,Qwen3-8B,1,moral,loyalty
R_2w1wPSEzrTIC2Fj,74681,1244,1,0.0,Qwen3-8B,4,social-group,muslim
R_2w1wPSEzrTIC2Fj,74704,1245,0,0.0,Qwen3-8B,5,social-group,transgender
R_2w1wPSEzrTIC2Fj,74727,1246,0,0.0,Qwen3-8B,4,moral,authority
R_2w1wPSEzrTIC2Fj,74750,1247,2,1.0,Qwen3-8B,4,social-group,christian
R_2w1wPSEzrTIC2Fj,74773,1248,0,0.0,Qwen3-8B,3,social-group,muslim
R_2w1wPSEzrTIC2Fj,74796,1249,0,0.0,Qwen3-8B,1,moral,loyalty
R_2w1wPSEzrTIC2Fj,74819,1250,1,0.0,Qwen3-8B,4,social-group,transgender
R_2w1wPSEzrTIC2Fj,74842,1251,0,0.0,Qwen3-8B,3,social-group,LGB
R_2w1wPSEzrTIC2Fj,74865,1252,0,0.0,Qwen3-8B,4,moral,loyalty
R_2w1wPSEzrTIC2Fj,74888,1253,0,0.0,Qwen3-8B,1,random,random
R_2w1wPSEzrTIC2Fj,74911,1254,0,0.0,Qwen3-8B,4,social-group,muslim
R_2w1wPSEzrTIC2Fj,75020,1255,0,0.0,Qwen3-8B,1,moral,purity
R_2w1wPSEzrTIC2Fj,75020,1255,0,0.0,Qwen3-8B,1,moral,care
R_2w1wPSEzrTIC2Fj,75020,1255,0,0.0,Qwen3-8B,1,moral,purity
R_2w1wPSEzrTIC2Fj,75020,1255,0,0.0,Qwen3-8B,1,moral,care
R_2w1wPSEzrTIC2Fj,75074,1256,0,0.0,Qwen3-8B,1,random,random
R_2w1wPSEzrTIC2Fj,75097,1257,0,0.0,Qwen3-8B,5,social-group,jewish
R_2w1wPSEzrTIC2Fj,75120,1258,0,0.0,Qwen3-8B,3,social-group,LGB
R_2w1wPSEzrTIC2Fj,75143,1259,0,0.0,Qwen3-8B,3,social-group,transgender
R_2w1wPSEzrTIC2Fj,75218,1260,0,0.0,Qwen3-8B,1,moral,purity
R_2w1wPSEzrTIC2Fj,75218,1260,0,0.0,Qwen3-8B,1,moral,care
R_2w1wPSEzrTIC2Fj,75218,1260,0,0.0,Qwen3-8B,1,moral,purity
R_2w1wPSEzrTIC2Fj,75218,1260,0,0.0,Qwen3-8B,1,moral,care
R_2w1wPSEzrTIC2Fj,75258,1261,0,0.0,Qwen3-8B,1,social-group,jewish
R_2w1wPSEzrTIC2Fj,75281,1262,0,0.0,Qwen3-8B,2,social-group,transgender
R_2w1wPSEzrTIC2Fj,75304,1263,0,0.0,Qwen3-8B,1,social-group,christian
R_yvHOm43Tilu0YOR,3561,62,1,0.0,Qwen3-8B,1,random,random
R_yvHOm43Tilu0YOR,8416,136,0,0.0,Qwen3-8B,1,random,random
R_yvHOm43Tilu0YOR,14873,235,0,0.0,Qwen3-8B,3,random,random
R_yvHOm43Tilu0YOR,14873,235,0,0.0,Qwen3-8B,3,moral,loyalty
R_yvHOm43Tilu0YOR,14873,235,0,0.0,Qwen3-8B,3,random,random
R_yvHOm43Tilu0YOR,14873,235,0,0.0,Qwen3-8B,3,moral,loyalty
R_yvHOm43Tilu0YOR,16501,259,1,0.0,Qwen3-8B,4,random,random
R_yvHOm43Tilu0YOR,24427,385,2,1.0,Qwen3-8B,2,random,random
R_yvHOm43Tilu0YOR,31090,496,0,0.0,Qwen3-8B,1,random,random
R_yvHOm43Tilu0YOR,32810,522,0,0.0,Qwen3-8B,4,random,random
R_yvHOm43Tilu0YOR,34074,543,0,0.0,Qwen3-8B,1,random,random
R_yvHOm43Tilu0YOR,53213,838,2,1.0,Qwen3-8B,5,random,random
R_yvHOm43Tilu0YOR,55238,872,0,0.0,Qwen3-8B,3,random,random
R_yvHOm43Tilu0YOR,65021,1029,0,0.0,Qwen3-8B,4,random,random
R_yvHOm43Tilu0YOR,69093,1096,2,1.0,Qwen3-8B,3,random,random
R_yvHOm43Tilu0YOR,146216,4249,2,1.0,Qwen3-8B,2,social-group,transgender
R_yvHOm43Tilu0YOR,146237,4250,3,1.0,Qwen3-8B,3,social-group,christian
R_yvHOm43Tilu0YOR,146258,4251,3,1.0,Qwen3-8B,3,social-group,LGB
R_yvHOm43Tilu0YOR,146279,4252,2,1.0,Qwen3-8B,3,social-group,christian
R_yvHOm43Tilu0YOR,146300,4253,3,1.0,Qwen3-8B,4,social-group,transgender
R_yvHOm43Tilu0YOR,146321,4254,0,0.0,Qwen3-8B,1,moral,care
R_yvHOm43Tilu0YOR,146342,4255,0,0.0,Qwen3-8B,1,moral,authority
R_yvHOm43Tilu0YOR,146363,4256,4,1.0,Qwen3-8B,4,social-group,muslim
R_yvHOm43Tilu0YOR,146384,4257,0,0.0,Qwen3-8B,2,moral,purity
R_yvHOm43Tilu0YOR,146405,4258,4,1.0,Qwen3-8B,2,social-group,transgender
R_yvHOm43Tilu0YOR,146426,4259,4,1.0,Qwen3-8B,4,social-group,LGB
R_yvHOm43Tilu0YOR,146447,4260,2,1.0,Qwen3-8B,5,social-group,transgender
R_yvHOm43Tilu0YOR,146468,4261,0,0.0,Qwen3-8B,1,random,random
R_yvHOm43Tilu0YOR,146489,4262,3,1.0,Qwen3-8B,2,social-group,transgender
R_yvHOm43Tilu0YOR,146510,4263,0,0.0,Qwen3-8B,2,random,random
R_yvHOm43Tilu0YOR,146531,4264,0,0.0,Qwen3-8B,2,social-group,LGB
R_yvHOm43Tilu0YOR,146552,4265,2,1.0,Qwen3-8B,5,social-group,jewish
R_yvHOm43Tilu0YOR,146573,4266,0,0.0,Qwen3-8B,5,social-group,transgender
R_yvHOm43Tilu0YOR,146594,4267,2,1.0,Qwen3-8B,5,social-group,jewish
R_yvHOm43Tilu0YOR,146615,4268,0,0.0,Qwen3-8B,4,social-group,muslim
R_yvHOm43Tilu0YOR,146636,4269,0,0.0,Qwen3-8B,3,social-group,muslim
R_yvHOm43Tilu0YOR,146657,4270,-1,,Qwen3-8B,2,random,random
R_yvHOm43Tilu0YOR,146678,4271,0,0.0,Qwen3-8B,3,random,random
R_33dpyeR5U40hyXi,3610,63,0,0.0,Qwen3-8B,1,random,random
R_33dpyeR5U40hyXi,6800,113,-1,,Qwen3-8B,1,random,random
R_33dpyeR5U40hyXi,16848,265,-1,,Qwen3-8B,2,random,random
R_33dpyeR5U40hyXi,24525,387,-1,,Qwen3-8B,2,random,random
R_33dpyeR5U40hyXi,27115,430,0,0.0,Qwen3-8B,1,random,random
R_33dpyeR5U40hyXi,32111,511,-1,,Qwen3-8B,2,random,random
R_33dpyeR5U40hyXi,38726,622,0,0.0,Qwen3-8B,1,random,random
R_33dpyeR5U40hyXi,54455,859,0,0.0,Qwen3-8B,3,random,random
R_33dpyeR5U40hyXi,57815,908,3,1.0,Qwen3-8B,3,random,random
R_33dpyeR5U40hyXi,59442,935,0,0.0,Qwen3-8B,2,random,random
R_33dpyeR5U40hyXi,70000,1113,-1,,Qwen3-8B,2,random,random
R_33dpyeR5U40hyXi,88492,1805,4,1.0,Qwen3-8B,4,social-group,christian
R_33dpyeR5U40hyXi,88516,1806,0,0.0,Qwen3-8B,4,moral,care
R_33dpyeR5U40hyXi,88540,1807,0,0.0,Qwen3-8B,3,random,random
R_33dpyeR5U40hyXi,88564,1808,-1,,Qwen3-8B,5,social-group,transgender
R_33dpyeR5U40hyXi,88588,1809,4,1.0,Qwen3-8B,5,random,random
R_33dpyeR5U40hyXi,88612,1810,-1,,Qwen3-8B,2,social-group,christian
R_33dpyeR5U40hyXi,88636,1811,0,0.0,Qwen3-8B,1,social-group,muslim
R_33dpyeR5U40hyXi,88660,1812,0,0.0,Qwen3-8B,4,social-group,muslim
R_33dpyeR5U40hyXi,88684,1813,3,1.0,Qwen3-8B,3,random,random
R_33dpyeR5U40hyXi,88708,1814,2,1.0,Qwen3-8B,3,social-group,christian
R_33dpyeR5U40hyXi,88732,1815,-1,,Qwen3-8B,2,social-group,christian
R_33dpyeR5U40hyXi,88756,1816,0,0.0,Qwen3-8B,1,moral,authority
R_33dpyeR5U40hyXi,88874,1817,4,1.0,Qwen3-8B,4,social-group,muslim
R_33dpyeR5U40hyXi,88898,1818,2,1.0,Qwen3-8B,5,social-group,jewish
R_33dpyeR5U40hyXi,88922,1819,4,1.0,Qwen3-8B,4,social-group,christian
R_33dpyeR5U40hyXi,88946,1820,-1,,Qwen3-8B,1,moral,care
R_33dpyeR5U40hyXi,88970,1821,-1,,Qwen3-8B,5,social-group,transgender
R_33dpyeR5U40hyXi,88994,1822,0,0.0,Qwen3-8B,1,moral,purity
R_33dpyeR5U40hyXi,89018,1823,0,0.0,Qwen3-8B,5,social-group,LGB
R_33dpyeR5U40hyXi,89042,1824,-1,,Qwen3-8B,4,social-group,LGB
R_33dpyeR5U40hyXi,89066,1825,3,1.0,Qwen3-8B,4,social-group,muslim
R_33dpyeR5U40hyXi,89090,1826,1,0.0,Qwen3-8B,4,social-group,LGB
R_33dpyeR5U40hyXi,89114,1827,1,0.0,Qwen3-8B,3,random,random
R_33dpyeR5U40hyXi,89138,1828,1,0.0,Qwen3-8B,4,random,random
R_8oaVTn763z9fU4N,3636,63,1,0.0,Qwen3-8B,1,random,random
R_8oaVTn763z9fU4N,6825,113,0,0.0,Qwen3-8B,1,random,random
R_8oaVTn763z9fU4N,16877,265,0,0.0,Qwen3-8B,2,random,random
R_8oaVTn763z9fU4N,24549,387,0,0.0,Qwen3-8B,2,random,random
R_8oaVTn763z9fU4N,27136,430,0,0.0,Qwen3-8B,1,random,random
R_8oaVTn763z9fU4N,32134,511,1,0.0,Qwen3-8B,2,random,random
R_8oaVTn763z9fU4N,38752,622,0,0.0,Qwen3-8B,1,random,random
R_8oaVTn763z9fU4N,54485,859,0,0.0,Qwen3-8B,3,random,random
R_8oaVTn763z9fU4N,57847,908,0,0.0,Qwen3-8B,3,random,random
R_8oaVTn763z9fU4N,59463,935,0,0.0,Qwen3-8B,2,random,random
R_8oaVTn763z9fU4N,70023,1113,0,0.0,Qwen3-8B,2,random,random
R_8oaVTn763z9fU4N,88502,1805,3,1.0,Qwen3-8B,4,social-group,christian
R_8oaVTn763z9fU4N,88526,1806,4,1.0,Qwen3-8B,4,moral,care
R_8oaVTn763z9fU4N,88550,1807,0,0.0,Qwen3-8B,3,random,random
R_8oaVTn763z9fU4N,88574,1808,0,0.0,Qwen3-8B,5,social-group,transgender
R_8oaVTn763z9fU4N,88598,1809,0,0.0,Qwen3-8B,5,random,random
R_8oaVTn763z9fU4N,88622,1810,0,0.0,Qwen3-8B,2,social-group,christian
R_8oaVTn763z9fU4N,88646,1811,0,0.0,Qwen3-8B,1,social-group,muslim
R_8oaVTn763z9fU4N,88670,1812,0,0.0,Qwen3-8B,4,social-group,muslim
R_8oaVTn763z9fU4N,88694,1813,0,0.0,Qwen3-8B,3,random,random
R_8oaVTn763z9fU4N,88718,1814,2,1.0,Qwen3-8B,3,social-group,christian
R_8oaVTn763z9fU4N,88742,1815,0,0.0,Qwen3-8B,2,social-group,christian
R_8oaVTn763z9fU4N,88814,1816,0,0.0,Qwen3-8B,1,moral,authority
R_8oaVTn763z9fU4N,88884,1817,2,1.0,Qwen3-8B,4,social-group,muslim
R_8oaVTn763z9fU4N,88908,1818,0,0.0,Qwen3-8B,5,social-group,jewish
R_8oaVTn763z9fU4N,88932,1819,0,0.0,Qwen3-8B,4,social-group,christian
R_8oaVTn763z9fU4N,88956,1820,-1,,Qwen3-8B,1,moral,care
R_8oaVTn763z9fU4N,88980,1821,1,0.0,Qwen3-8B,5,social-group,transgender
R_8oaVTn763z9fU4N,89004,1822,0,0.0,Qwen3-8B,1,moral,purity
R_8oaVTn763z9fU4N,89028,1823,0,0.0,Qwen3-8B,5,social-group,LGB
R_8oaVTn763z9fU4N,89052,1824,0,0.0,Qwen3-8B,4,social-group,LGB
R_8oaVTn763z9fU4N,89076,1825,0,0.0,Qwen3-8B,4,social-group,muslim
R_8oaVTn763z9fU4N,89100,1826,0,0.0,Qwen3-8B,4,social-group,LGB
R_8oaVTn763z9fU4N,89124,1827,1,0.0,Qwen3-8B,3,random,random
R_8oaVTn763z9fU4N,89148,1828,0,0.0,Qwen3-8B,4,random,random
R_3e8qBv9h5Dsoo7I,3656,63,0,0.0,Qwen3-8B,1,random,random
R_3e8qBv9h5Dsoo7I,6838,113,0,0.0,Qwen3-8B,1,random,random
R_3e8qBv9h5Dsoo7I,16888,265,0,0.0,Qwen3-8B,2,random,random
R_3e8qBv9h5Dsoo7I,24563,387,0,0.0,Qwen3-8B,2,random,random
R_3e8qBv9h5Dsoo7I,27148,430,0,0.0,Qwen3-8B,1,random,random
R_3e8qBv9h5Dsoo7I,32149,511,0,0.0,Qwen3-8B,2,random,random
R_3e8qBv9h5Dsoo7I,38765,622,0,0.0,Qwen3-8B,1,random,random
R_3e8qBv9h5Dsoo7I,54496,859,0,0.0,Qwen3-8B,3,random,random
R_3e8qBv9h5Dsoo7I,57864,908,0,0.0,Qwen3-8B,3,random,random
R_3e8qBv9h5Dsoo7I,59476,935,-1,,Qwen3-8B,2,random,random
R_3e8qBv9h5Dsoo7I,70033,1113,0,0.0,Qwen3-8B,2,random,random
R_3e8qBv9h5Dsoo7I,88506,1805,0,0.0,Qwen3-8B,4,social-group,christian
R_3e8qBv9h5Dsoo7I,88530,1806,0,0.0,Qwen3-8B,4,moral,care
R_3e8qBv9h5Dsoo7I,88554,1807,0,0.0,Qwen3-8B,3,random,random
R_3e8qBv9h5Dsoo7I,88578,1808,0,0.0,Qwen3-8B,5,social-group,transgender
R_3e8qBv9h5Dsoo7I,88602,1809,0,0.0,Qwen3-8B,5,random,random
R_3e8qBv9h5Dsoo7I,88626,1810,0,0.0,Qwen3-8B,2,social-group,christian
R_3e8qBv9h5Dsoo7I,88650,1811,0,0.0,Qwen3-8B,1,social-group,muslim
R_3e8qBv9h5Dsoo7I,88674,1812,0,0.0,Qwen3-8B,4,social-group,muslim
R_3e8qBv9h5Dsoo7I,88698,1813,0,0.0,Qwen3-8B,3,random,random
R_3e8qBv9h5Dsoo7I,88722,1814,0,0.0,Qwen3-8B,3,social-group,christian
R_3e8qBv9h5Dsoo7I,88746,1815,0,0.0,Qwen3-8B,2,social-group,christian
R_3e8qBv9h5Dsoo7I,88830,1816,0,0.0,Qwen3-8B,1,moral,authority
R_3e8qBv9h5Dsoo7I,88888,1817,0,0.0,Qwen3-8B,4,social-group,muslim
R_3e8qBv9h5Dsoo7I,88912,1818,0,0.0,Qwen3-8B,5,social-group,jewish
R_3e8qBv9h5Dsoo7I,88936,1819,0,0.0,Qwen3-8B,4,social-group,christian
R_3e8qBv9h5Dsoo7I,88960,1820,0,0.0,Qwen3-8B,1,moral,care
R_3e8qBv9h5Dsoo7I,88984,1821,0,0.0,Qwen3-8B,5,social-group,transgender
R_3e8qBv9h5Dsoo7I,89008,1822,0,0.0,Qwen3-8B,1,moral,purity
R_3e8qBv9h5Dsoo7I,89032,1823,0,0.0,Qwen3-8B,5,social-group,LGB
R_3e8qBv9h5Dsoo7I,89056,1824,0,0.0,Qwen3-8B,4,social-group,LGB
R_3e8qBv9h5Dsoo7I,89080,1825,0,0.0,Qwen3-8B,4,social-group,muslim
R_3e8qBv9h5Dsoo7I,89104,1826,0,0.0,Qwen3-8B,4,social-group,LGB
R_3e8qBv9h5Dsoo7I,89128,1827,0,0.0,Qwen3-8B,3,random,random
R_3e8qBv9h5Dsoo7I,89152,1828,0,0.0,Qwen3-8B,4,random,random
R_1Kj92iV6mZGkqrM,3725,64,3,1.0,Qwen3-8B,3,random,random
R_1Kj92iV6mZGkqrM,6970,115,1,0.0,Qwen3-8B,3,random,random
R_1Kj92iV6mZGkqrM,10839,175,3,1.0,Qwen3-8B,2,random,random
R_1Kj92iV6mZGkqrM,17312,272,2,1.0,Qwen3-8B,2,random,random
R_1Kj92iV6mZGkqrM,26707,422,0,0.0,Qwen3-8B,4,random,random
R_1Kj92iV6mZGkqrM,37286,597,2,1.0,Qwen3-8B,1,random,random
R_1Kj92iV6mZGkqrM,60645,956,3,1.0,Qwen3-8B,3,random,random
R_1Kj92iV6mZGkqrM,83912,1621,3,1.0,Qwen3-8B,3,social-group,jewish
R_1Kj92iV6mZGkqrM,83934,1622,0,0.0,Qwen3-8B,4,social-group,LGB
R_1Kj92iV6mZGkqrM,83956,1623,1,0.0,Qwen3-8B,1,social-group,transgender
R_1Kj92iV6mZGkqrM,83996,1624,0,0.0,Qwen3-8B,1,moral,authority
R_1Kj92iV6mZGkqrM,84024,1625,0,0.0,Qwen3-8B,4,social-group,muslim
R_1Kj92iV6mZGkqrM,84046,1626,1,0.0,Qwen3-8B,1,social-group,LGB
R_1Kj92iV6mZGkqrM,84068,1627,1,0.0,Qwen3-8B,4,social-group,muslim
R_1Kj92iV6mZGkqrM,84090,1628,0,0.0,Qwen3-8B,1,random,random
R_1Kj92iV6mZGkqrM,84112,1629,0,0.0,Qwen3-8B,1,moral,loyalty
R_1Kj92iV6mZGkqrM,84134,1630,0,0.0,Qwen3-8B,3,social-group,transgender
R_1Kj92iV6mZGkqrM,84156,1631,3,1.0,Qwen3-8B,2,social-group,christian
R_1Kj92iV6mZGkqrM,84211,1632,3,1.0,Qwen3-8B,4,moral,authority
R_1Kj92iV6mZGkqrM,84245,1633,3,1.0,Qwen3-8B,4,social-group,muslim
R_1Kj92iV6mZGkqrM,84267,1634,3,1.0,Qwen3-8B,2,random,random
R_1Kj92iV6mZGkqrM,84289,1635,2,1.0,Qwen3-8B,4,social-group,jewish
R_1Kj92iV6mZGkqrM,84311,1636,0,0.0,Qwen3-8B,3,social-group,muslim
R_1Kj92iV6mZGkqrM,84333,1637,0,0.0,Qwen3-8B,3,random,random
R_1Kj92iV6mZGkqrM,84355,1638,1,0.0,Qwen3-8B,4,social-group,muslim
R_1Kj92iV6mZGkqrM,84377,1639,0,0.0,Qwen3-8B,3,social-group,muslim
R_1Kj92iV6mZGkqrM,84399,1640,0,0.0,Qwen3-8B,3,random,random
R_1Kj92iV6mZGkqrM,84421,1641,3,1.0,Qwen3-8B,4,social-group,transgender
R_1Kj92iV6mZGkqrM,84443,1642,4,1.0,Qwen3-8B,3,social-group,transgender
R_1Kj92iV6mZGkqrM,84465,1643,0,0.0,Qwen3-8B,2,social-group,muslim
R_1Kj92iV6mZGkqrM,84487,1644,0,0.0,Qwen3-8B,2,moral,purity
R_1Kj92iV6mZGkqrM,84509,1645,2,1.0,Qwen3-8B,4,social-group,christian
R_1Kj92iV6mZGkqrM,84531,1646,2,1.0,Qwen3-8B,5,social-group,christian
R_1Kj92iV6mZGkqrM,84553,1647,3,1.0,Qwen3-8B,3,social-group,transgender
R_1Kj92iV6mZGkqrM,84575,1648,1,0.0,Qwen3-8B,4,social-group,jewish
R_1QmSd94szjzNHkY,3761,65,3,1.0,Qwen3-8B,3,random,random
R_1QmSd94szjzNHkY,13310,212,0,0.0,Qwen3-8B,1,random,random
R_1QmSd94szjzNHkY,24251,382,4,1.0,Qwen3-8B,2,random,random
R_1QmSd94szjzNHkY,31751,505,0,0.0,Qwen3-8B,1,random,random
R_1QmSd94szjzNHkY,40721,655,4,1.0,Qwen3-8B,1,random,random
R_1QmSd94szjzNHkY,50116,796,1,0.0,Qwen3-8B,4,random,random
R_1QmSd94szjzNHkY,54247,855,0,0.0,Qwen3-8B,1,random,random
R_1QmSd94szjzNHkY,57909,909,0,0.0,Qwen3-8B,3,random,random
R_1QmSd94szjzNHkY,69252,1099,4,1.0,Qwen3-8B,3,random,random
R_1QmSd94szjzNHkY,102087,2358,4,1.0,Qwen3-8B,4,social-group,LGB
R_1QmSd94szjzNHkY,102108,2359,0,0.0,Qwen3-8B,1,moral,purity
R_1QmSd94szjzNHkY,102129,2360,3,1.0,Qwen3-8B,4,random,random
R_1QmSd94szjzNHkY,102150,2361,4,1.0,Qwen3-8B,2,moral,authority
R_1QmSd94szjzNHkY,102171,2362,0,0.0,Qwen3-8B,3,random,random
R_1QmSd94szjzNHkY,102192,2363,4,1.0,Qwen3-8B,4,social-group,transgender
R_1QmSd94szjzNHkY,102219,2364,1,0.0,Qwen3-8B,3,moral,authority
R_1QmSd94szjzNHkY,102256,2365,4,1.0,Qwen3-8B,3,social-group,transgender
R_1QmSd94szjzNHkY,102277,2366,-1,,Qwen3-8B,2,social-group,muslim
R_1QmSd94szjzNHkY,102298,2367,4,1.0,Qwen3-8B,4,social-group,muslim
R_1QmSd94szjzNHkY,102319,2368,4,1.0,Qwen3-8B,1,moral,purity
R_1QmSd94szjzNHkY,102340,2369,-1,,Qwen3-8B,5,social-group,LGB
R_1QmSd94szjzNHkY,102361,2370,4,1.0,Qwen3-8B,4,social-group,transgender
R_1QmSd94szjzNHkY,102382,2371,4,1.0,Qwen3-8B,5,social-group,christian
R_1QmSd94szjzNHkY,102403,2372,3,1.0,Qwen3-8B,3,social-group,jewish
R_1QmSd94szjzNHkY,102424,2373,0,0.0,Qwen3-8B,2,moral,fairness
R_1QmSd94szjzNHkY,102445,2374,4,1.0,Qwen3-8B,3,social-group,christian
R_1QmSd94szjzNHkY,102466,2375,4,1.0,Qwen3-8B,2,social-group,christian
R_1QmSd94szjzNHkY,102487,2376,0,0.0,Qwen3-8B,5,social-group,jewish
R_1QmSd94szjzNHkY,102508,2377,4,1.0,Qwen3-8B,4,social-group,LGB
R_1QmSd94szjzNHkY,102529,2378,4,1.0,Qwen3-8B,3,social-group,christian
R_1QmSd94szjzNHkY,102550,2379,4,1.0,Qwen3-8B,4,social-group,jewish
R_1QmSd94szjzNHkY,102571,2380,0,0.0,Qwen3-8B,2,social-group,transgender
R_1QmSd94szjzNHkY,102592,2381,4,1.0,Qwen3-8B,4,social-group,LGB
R_1QmSd94szjzNHkY,102613,2382,-1,,Qwen3-8B,2,social-group,transgender
R_1QmSd94szjzNHkY,102634,2383,2,1.0,Qwen3-8B,4,social-group,muslim
R_enUBLvL0yzAg2Q1,3881,67,1,0.0,Qwen3-8B,1,random,random
R_enUBLvL0yzAg2Q1,14027,223,-1,,Qwen3-8B,3,random,random
R_enUBLvL0yzAg2Q1,18133,286,0,0.0,Qwen3-8B,4,random,random
R_enUBLvL0yzAg2Q1,22434,351,3,1.0,Qwen3-8B,5,random,random
R_enUBLvL0yzAg2Q1,25983,411,3,1.0,Qwen3-8B,1,random,random
R_enUBLvL0yzAg2Q1,49357,784,0,0.0,Qwen3-8B,5,random,random
R_enUBLvL0yzAg2Q1,50159,797,0,0.0,Qwen3-8B,4,random,random
R_enUBLvL0yzAg2Q1,51445,816,0,0.0,Qwen3-8B,1,random,random
R_enUBLvL0yzAg2Q1,52248,828,0,0.0,Qwen3-8B,1,random,random
R_enUBLvL0yzAg2Q1,52248,828,0,0.0,Qwen3-8B,1,moral,loyalty
R_enUBLvL0yzAg2Q1,52248,828,0,0.0,Qwen3-8B,1,random,random
R_enUBLvL0yzAg2Q1,52248,828,0,0.0,Qwen3-8B,1,moral,loyalty
R_enUBLvL0yzAg2Q1,58483,918,0,0.0,Qwen3-8B,3,random,random
R_enUBLvL0yzAg2Q1,71170,1135,0,0.0,Qwen3-8B,1,random,random
R_enUBLvL0yzAg2Q1,72301,1157,0,0.0,Qwen3-8B,3,random,random
R_enUBLvL0yzAg2Q1,108543,2637,0,0.0,Qwen3-8B,2,random,random
R_enUBLvL0yzAg2Q1,108567,2638,4,1.0,Qwen3-8B,5,social-group,muslim
R_enUBLvL0yzAg2Q1,108591,2639,0,0.0,Qwen3-8B,2,social-group,christian
R_enUBLvL0yzAg2Q1,108615,2640,0,0.0,Qwen3-8B,5,social-group,jewish
R_enUBLvL0yzAg2Q1,108639,2641,1,0.0,Qwen3-8B,5,random,random
R_enUBLvL0yzAg2Q1,108663,2642,0,0.0,Qwen3-8B,1,moral,authority
R_enUBLvL0yzAg2Q1,108687,2643,0,0.0,Qwen3-8B,1,moral,purity
R_enUBLvL0yzAg2Q1,108711,2644,0,0.0,Qwen3-8B,3,moral,loyalty
R_enUBLvL0yzAg2Q1,108735,2645,1,0.0,Qwen3-8B,4,social-group,transgender
R_enUBLvL0yzAg2Q1,108759,2646,0,0.0,Qwen3-8B,1,moral,purity
R_enUBLvL0yzAg2Q1,108783,2647,4,1.0,Qwen3-8B,3,social-group,jewish
R_enUBLvL0yzAg2Q1,108807,2648,0,0.0,Qwen3-8B,1,random,random
R_enUBLvL0yzAg2Q1,108831,2649,0,0.0,Qwen3-8B,1,moral,loyalty
R_enUBLvL0yzAg2Q1,108855,2650,4,1.0,Qwen3-8B,2,social-group,muslim
R_enUBLvL0yzAg2Q1,108879,2651,0,0.0,Qwen3-8B,4,social-group,jewish
R_enUBLvL0yzAg2Q1,108903,2652,0,0.0,Qwen3-8B,3,social-group,christian
R_enUBLvL0yzAg2Q1,108927,2653,0,0.0,Qwen3-8B,2,moral,authority
R_enUBLvL0yzAg2Q1,108951,2654,0,0.0,Qwen3-8B,2,moral,fairness
R_enUBLvL0yzAg2Q1,108975,2655,0,0.0,Qwen3-8B,3,social-group,christian
R_enUBLvL0yzAg2Q1,108999,2656,2,1.0,Qwen3-8B,2,social-group,muslim
R_enUBLvL0yzAg2Q1,109023,2657,0,0.0,Qwen3-8B,3,social-group,transgender
R_enUBLvL0yzAg2Q1,109047,2658,3,1.0,Qwen3-8B,3,social-group,LGB
R_enUBLvL0yzAg2Q1,109071,2659,4,1.0,Qwen3-8B,3,social-group,muslim
R_RUERJFcQN6xFcNH,3890,67,0,0.0,Qwen3-8B,1,random,random
R_RUERJFcQN6xFcNH,14034,223,1,0.0,Qwen3-8B,3,random,random
R_RUERJFcQN6xFcNH,18139,286,0,0.0,Qwen3-8B,4,random,random
R_RUERJFcQN6xFcNH,22440,351,0,0.0,Qwen3-8B,5,random,random
R_RUERJFcQN6xFcNH,25988,411,1,0.0,Qwen3-8B,1,random,random
R_RUERJFcQN6xFcNH,49367,784,0,0.0,Qwen3-8B,5,random,random
R_RUERJFcQN6xFcNH,50169,797,0,0.0,Qwen3-8B,4,random,random
R_RUERJFcQN6xFcNH,51450,816,2,1.0,Qwen3-8B,1,random,random
R_RUERJFcQN6xFcNH,52270,828,3,1.0,Qwen3-8B,1,random,random
R_RUERJFcQN6xFcNH,52270,828,3,1.0,Qwen3-8B,1,moral,loyalty
R_RUERJFcQN6xFcNH,52270,828,3,1.0,Qwen3-8B,1,random,random
R_RUERJFcQN6xFcNH,52270,828,3,1.0,Qwen3-8B,1,moral,loyalty
R_RUERJFcQN6xFcNH,58489,918,1,0.0,Qwen3-8B,3,random,random
R_RUERJFcQN6xFcNH,71175,1135,0,0.0,Qwen3-8B,1,random,random
R_RUERJFcQN6xFcNH,72306,1157,2,1.0,Qwen3-8B,3,random,random
R_RUERJFcQN6xFcNH,108545,2637,3,1.0,Qwen3-8B,2,random,random
R_RUERJFcQN6xFcNH,108569,2638,4,1.0,Qwen3-8B,5,social-group,muslim
R_RUERJFcQN6xFcNH,108593,2639,0,0.0,Qwen3-8B,2,social-group,christian
R_RUERJFcQN6xFcNH,108617,2640,-1,,Qwen3-8B,5,social-group,jewish
R_RUERJFcQN6xFcNH,108641,2641,4,1.0,Qwen3-8B,5,random,random
R_RUERJFcQN6xFcNH,108665,2642,0,0.0,Qwen3-8B,1,moral,authority
R_RUERJFcQN6xFcNH,108689,2643,0,0.0,Qwen3-8B,1,moral,purity
R_RUERJFcQN6xFcNH,108713,2644,0,0.0,Qwen3-8B,3,moral,loyalty
R_RUERJFcQN6xFcNH,108737,2645,3,1.0,Qwen3-8B,4,social-group,transgender
R_RUERJFcQN6xFcNH,108761,2646,-1,,Qwen3-8B,1,moral,purity
R_RUERJFcQN6xFcNH,108785,2647,0,0.0,Qwen3-8B,3,social-group,jewish
R_RUERJFcQN6xFcNH,108809,2648,-1,,Qwen3-8B,1,random,random
R_RUERJFcQN6xFcNH,108833,2649,0,0.0,Qwen3-8B,1,moral,loyalty
R_RUERJFcQN6xFcNH,108857,2650,4,1.0,Qwen3-8B,2,social-group,muslim
R_RUERJFcQN6xFcNH,108881,2651,1,0.0,Qwen3-8B,4,social-group,jewish
R_RUERJFcQN6xFcNH,108905,2652,-1,,Qwen3-8B,3,social-group,christian
R_RUERJFcQN6xFcNH,108929,2653,0,0.0,Qwen3-8B,2,moral,authority
R_RUERJFcQN6xFcNH,108953,2654,3,1.0,Qwen3-8B,2,moral,fairness
R_RUERJFcQN6xFcNH,108977,2655,2,1.0,Qwen3-8B,3,social-group,christian
R_RUERJFcQN6xFcNH,109001,2656,3,1.0,Qwen3-8B,2,social-group,muslim
R_RUERJFcQN6xFcNH,109025,2657,4,1.0,Qwen3-8B,3,social-group,transgender
R_RUERJFcQN6xFcNH,109049,2658,-1,,Qwen3-8B,3,social-group,LGB
R_RUERJFcQN6xFcNH,109073,2659,4,1.0,Qwen3-8B,3,social-group,muslim
R_2EHwcsJMmIbuoI8,3905,67,0,0.0,Qwen3-8B,1,random,random
R_2EHwcsJMmIbuoI8,14051,223,0,0.0,Qwen3-8B,3,random,random
R_2EHwcsJMmIbuoI8,18156,286,2,1.0,Qwen3-8B,4,random,random
R_2EHwcsJMmIbuoI8,22456,351,1,0.0,Qwen3-8B,5,random,random
R_2EHwcsJMmIbuoI8,25999,411,0,0.0,Qwen3-8B,1,random,random
R_2EHwcsJMmIbuoI8,49380,784,1,0.0,Qwen3-8B,5,random,random
R_2EHwcsJMmIbuoI8,50182,797,2,1.0,Qwen3-8B,4,random,random
R_2EHwcsJMmIbuoI8,51468,816,1,0.0,Qwen3-8B,1,random,random
R_2EHwcsJMmIbuoI8,52374,828,0,0.0,Qwen3-8B,1,random,random
R_2EHwcsJMmIbuoI8,52374,828,0,0.0,Qwen3-8B,1,moral,loyalty
R_2EHwcsJMmIbuoI8,52374,828,0,0.0,Qwen3-8B,1,random,random
R_2EHwcsJMmIbuoI8,52374,828,0,0.0,Qwen3-8B,1,moral,loyalty
R_2EHwcsJMmIbuoI8,58502,918,0,0.0,Qwen3-8B,3,random,random
R_2EHwcsJMmIbuoI8,71188,1135,0,0.0,Qwen3-8B,1,random,random
R_2EHwcsJMmIbuoI8,72319,1157,1,0.0,Qwen3-8B,3,random,random
R_2EHwcsJMmIbuoI8,108551,2637,1,0.0,Qwen3-8B,2,random,random
R_2EHwcsJMmIbuoI8,108575,2638,1,0.0,Qwen3-8B,5,social-group,muslim
R_2EHwcsJMmIbuoI8,108599,2639,1,0.0,Qwen3-8B,2,social-group,christian
R_2EHwcsJMmIbuoI8,108623,2640,1,0.0,Qwen3-8B,5,social-group,jewish
R_2EHwcsJMmIbuoI8,108647,2641,2,1.0,Qwen3-8B,5,random,random
R_2EHwcsJMmIbuoI8,108671,2642,0,0.0,Qwen3-8B,1,moral,authority
R_2EHwcsJMmIbuoI8,108695,2643,0,0.0,Qwen3-8B,1,moral,purity
R_2EHwcsJMmIbuoI8,108719,2644,0,0.0,Qwen3-8B,3,moral,loyalty
R_2EHwcsJMmIbuoI8,108743,2645,1,0.0,Qwen3-8B,4,social-group,transgender
R_2EHwcsJMmIbuoI8,108767,2646,0,0.0,Qwen3-8B,1,moral,purity
R_2EHwcsJMmIbuoI8,108791,2647,0,0.0,Qwen3-8B,3,social-group,jewish
R_2EHwcsJMmIbuoI8,108815,2648,0,0.0,Qwen3-8B,1,random,random
R_2EHwcsJMmIbuoI8,108839,2649,0,0.0,Qwen3-8B,1,moral,loyalty
R_2EHwcsJMmIbuoI8,108863,2650,1,0.0,Qwen3-8B,2,social-group,muslim
R_2EHwcsJMmIbuoI8,108887,2651,1,0.0,Qwen3-8B,4,social-group,jewish
R_2EHwcsJMmIbuoI8,108911,2652,1,0.0,Qwen3-8B,3,social-group,christian
R_2EHwcsJMmIbuoI8,108935,2653,0,0.0,Qwen3-8B,2,moral,authority
R_2EHwcsJMmIbuoI8,108959,2654,1,0.0,Qwen3-8B,2,moral,fairness
R_2EHwcsJMmIbuoI8,108983,2655,2,1.0,Qwen3-8B,3,social-group,christian
R_2EHwcsJMmIbuoI8,109007,2656,0,0.0,Qwen3-8B,2,social-group,muslim
R_2EHwcsJMmIbuoI8,109031,2657,1,0.0,Qwen3-8B,3,social-group,transgender
R_2EHwcsJMmIbuoI8,109055,2658,2,1.0,Qwen3-8B,3,social-group,LGB
R_2EHwcsJMmIbuoI8,109079,2659,1,0.0,Qwen3-8B,3,social-group,muslim
R_3F1Z7Wwe56oJ71A,3944,67,1,0.0,Qwen3-8B,1,random,random
R_3F1Z7Wwe56oJ71A,14088,223,2,1.0,Qwen3-8B,3,random,random
R_3F1Z7Wwe56oJ71A,18192,286,4,1.0,Qwen3-8B,4,random,random
R_3F1Z7Wwe56oJ71A,22487,351,3,1.0,Qwen3-8B,5,random,random
R_3F1Z7Wwe56oJ71A,26040,411,0,0.0,Qwen3-8B,1,random,random
R_3F1Z7Wwe56oJ71A,49414,784,2,1.0,Qwen3-8B,5,random,random
R_3F1Z7Wwe56oJ71A,50216,797,3,1.0,Qwen3-8B,4,random,random
R_3F1Z7Wwe56oJ71A,51500,816,0,0.0,Qwen3-8B,1,random,random
R_3F1Z7Wwe56oJ71A,52602,828,0,0.0,Qwen3-8B,1,random,random
R_3F1Z7Wwe56oJ71A,52602,828,0,0.0,Qwen3-8B,1,moral,loyalty
R_3F1Z7Wwe56oJ71A,52602,828,0,0.0,Qwen3-8B,1,random,random
R_3F1Z7Wwe56oJ71A,52602,828,0,0.0,Qwen3-8B,1,moral,loyalty
R_3F1Z7Wwe56oJ71A,58532,918,2,1.0,Qwen3-8B,3,random,random
R_3F1Z7Wwe56oJ71A,71216,1135,0,0.0,Qwen3-8B,1,random,random
R_3F1Z7Wwe56oJ71A,72347,1157,0,0.0,Qwen3-8B,3,random,random
R_3F1Z7Wwe56oJ71A,108565,2637,1,0.0,Qwen3-8B,2,random,random
R_3F1Z7Wwe56oJ71A,108589,2638,4,1.0,Qwen3-8B,5,social-group,muslim
R_3F1Z7Wwe56oJ71A,108613,2639,4,1.0,Qwen3-8B,2,social-group,christian
R_3F1Z7Wwe56oJ71A,108637,2640,4,1.0,Qwen3-8B,5,social-group,jewish
R_3F1Z7Wwe56oJ71A,108661,2641,4,1.0,Qwen3-8B,5,random,random
R_3F1Z7Wwe56oJ71A,108685,2642,0,0.0,Qwen3-8B,1,moral,authority
R_3F1Z7Wwe56oJ71A,108709,2643,0,0.0,Qwen3-8B,1,moral,purity
R_3F1Z7Wwe56oJ71A,108733,2644,3,1.0,Qwen3-8B,3,moral,loyalty
R_3F1Z7Wwe56oJ71A,108757,2645,4,1.0,Qwen3-8B,4,social-group,transgender
R_3F1Z7Wwe56oJ71A,108781,2646,0,0.0,Qwen3-8B,1,moral,purity
R_3F1Z7Wwe56oJ71A,108805,2647,4,1.0,Qwen3-8B,3,social-group,jewish
R_3F1Z7Wwe56oJ71A,108829,2648,1,0.0,Qwen3-8B,1,random,random
R_3F1Z7Wwe56oJ71A,108853,2649,0,0.0,Qwen3-8B,1,moral,loyalty
R_3F1Z7Wwe56oJ71A,108877,2650,4,1.0,Qwen3-8B,2,social-group,muslim
R_3F1Z7Wwe56oJ71A,108901,2651,4,1.0,Qwen3-8B,4,social-group,jewish
R_3F1Z7Wwe56oJ71A,108925,2652,4,1.0,Qwen3-8B,3,social-group,christian
R_3F1Z7Wwe56oJ71A,108949,2653,3,1.0,Qwen3-8B,2,moral,authority
R_3F1Z7Wwe56oJ71A,108973,2654,3,1.0,Qwen3-8B,2,moral,fairness
R_3F1Z7Wwe56oJ71A,108997,2655,2,1.0,Qwen3-8B,3,social-group,christian
R_3F1Z7Wwe56oJ71A,109021,2656,4,1.0,Qwen3-8B,2,social-group,muslim
R_3F1Z7Wwe56oJ71A,109045,2657,3,1.0,Qwen3-8B,3,social-group,transgender
R_3F1Z7Wwe56oJ71A,109069,2658,2,1.0,Qwen3-8B,3,social-group,LGB
R_3F1Z7Wwe56oJ71A,109093,2659,3,1.0,Qwen3-8B,3,social-group,muslim
R_3KIVCWFyzAAs4C1,3989,68,0,0.0,Qwen3-8B,1,random,random
R_3KIVCWFyzAAs4C1,5256,88,0,0.0,Qwen3-8B,3,random,random
R_3KIVCWFyzAAs4C1,17245,271,0,0.0,Qwen3-8B,3,random,random
R_3KIVCWFyzAAs4C1,20938,329,0,0.0,Qwen3-8B,3,random,random
R_3KIVCWFyzAAs4C1,21998,344,0,0.0,Qwen3-8B,4,random,random
R_3KIVCWFyzAAs4C1,21998,344,0,0.0,Qwen3-8B,4,moral,fairness
R_3KIVCWFyzAAs4C1,21998,344,0,0.0,Qwen3-8B,4,random,random
R_3KIVCWFyzAAs4C1,21998,344,0,0.0,Qwen3-8B,4,moral,fairness
R_3KIVCWFyzAAs4C1,37515,601,0,0.0,Qwen3-8B,1,random,random
R_3KIVCWFyzAAs4C1,38816,623,0,0.0,Qwen3-8B,3,random,random
R_3KIVCWFyzAAs4C1,41158,662,0,0.0,Qwen3-8B,1,random,random
R_3KIVCWFyzAAs4C1,45780,733,0,0.0,Qwen3-8B,3,random,random
R_3KIVCWFyzAAs4C1,63392,1003,0,0.0,Qwen3-8B,4,random,random
R_3KIVCWFyzAAs4C1,64507,1021,0,0.0,Qwen3-8B,1,random,random
R_3KIVCWFyzAAs4C1,95751,2100,0,0.0,Qwen3-8B,1,moral,purity
R_3KIVCWFyzAAs4C1,95751,2100,0,0.0,Qwen3-8B,1,moral,care
R_3KIVCWFyzAAs4C1,95751,2100,0,0.0,Qwen3-8B,1,moral,loyalty
R_3KIVCWFyzAAs4C1,95751,2100,0,0.0,Qwen3-8B,1,moral,purity
R_3KIVCWFyzAAs4C1,95751,2100,0,0.0,Qwen3-8B,1,moral,care
R_3KIVCWFyzAAs4C1,95751,2100,0,0.0,Qwen3-8B,1,moral,loyalty
R_3KIVCWFyzAAs4C1,95751,2100,0,0.0,Qwen3-8B,1,moral,purity
R_3KIVCWFyzAAs4C1,95751,2100,0,0.0,Qwen3-8B,1,moral,care
R_3KIVCWFyzAAs4C1,95751,2100,0,0.0,Qwen3-8B,1,moral,loyalty
R_3KIVCWFyzAAs4C1,137431,3868,0,0.0,Qwen3-8B,4,social-group,muslim
R_3KIVCWFyzAAs4C1,137454,3869,0,0.0,Qwen3-8B,1,moral,authority
R_3KIVCWFyzAAs4C1,137477,3870,0,0.0,Qwen3-8B,4,social-group,jewish
R_3KIVCWFyzAAs4C1,137500,3871,0,0.0,Qwen3-8B,2,social-group,christian
R_3KIVCWFyzAAs4C1,137523,3872,0,0.0,Qwen3-8B,3,social-group,jewish
R_3KIVCWFyzAAs4C1,137546,3873,0,0.0,Qwen3-8B,5,social-group,christian
R_3KIVCWFyzAAs4C1,137569,3874,0,0.0,Qwen3-8B,4,social-group,transgender
R_3KIVCWFyzAAs4C1,137592,3875,0,0.0,Qwen3-8B,2,moral,fairness
R_3KIVCWFyzAAs4C1,137615,3876,0,0.0,Qwen3-8B,3,social-group,jewish
R_3KIVCWFyzAAs4C1,137638,3877,0,0.0,Qwen3-8B,5,social-group,transgender
R_3KIVCWFyzAAs4C1,137661,3878,0,0.0,Qwen3-8B,2,social-group,transgender
R_3KIVCWFyzAAs4C1,137684,3879,0,0.0,Qwen3-8B,3,random,random
R_3KIVCWFyzAAs4C1,137707,3880,0,0.0,Qwen3-8B,5,social-group,LGB
R_3KIVCWFyzAAs4C1,137730,3881,0,0.0,Qwen3-8B,5,social-group,muslim
R_3KIVCWFyzAAs4C1,137753,3882,0,0.0,Qwen3-8B,1,random,random
R_3KIVCWFyzAAs4C1,137776,3883,0,0.0,Qwen3-8B,1,social-group,transgender
R_3KIVCWFyzAAs4C1,137799,3884,0,0.0,Qwen3-8B,4,social-group,LGB
R_3KIVCWFyzAAs4C1,137822,3885,0,0.0,Qwen3-8B,5,social-group,christian
R_3KIVCWFyzAAs4C1,137845,3886,0,0.0,Qwen3-8B,5,social-group,jewish
R_3KIVCWFyzAAs4C1,137868,3887,0,0.0,Qwen3-8B,4,social-group,LGB
R_3KIVCWFyzAAs4C1,137891,3888,0,0.0,Qwen3-8B,2,random,random
R_3KIVCWFyzAAs4C1,137914,3889,0,0.0,Qwen3-8B,5,social-group,christian
R_3KIVCWFyzAAs4C1,137937,3890,0,0.0,Qwen3-8B,5,social-group,muslim
R_bjfwd01vJDyspNv,3990,68,1,0.0,Qwen3-8B,1,random,random
R_bjfwd01vJDyspNv,5257,88,0,0.0,Qwen3-8B,3,random,random
R_bjfwd01vJDyspNv,17246,271,3,1.0,Qwen3-8B,3,random,random
R_bjfwd01vJDyspNv,20939,329,4,1.0,Qwen3-8B,3,random,random
R_bjfwd01vJDyspNv,22000,344,2,1.0,Qwen3-8B,4,random,random
R_bjfwd01vJDyspNv,22000,344,2,1.0,Qwen3-8B,4,moral,fairness
R_bjfwd01vJDyspNv,22000,344,2,1.0,Qwen3-8B,4,random,random
R_bjfwd01vJDyspNv,22000,344,2,1.0,Qwen3-8B,4,moral,fairness
R_bjfwd01vJDyspNv,37516,601,4,1.0,Qwen3-8B,1,random,random
R_bjfwd01vJDyspNv,38817,623,3,1.0,Qwen3-8B,3,random,random
R_bjfwd01vJDyspNv,41159,662,2,1.0,Qwen3-8B,1,random,random
R_bjfwd01vJDyspNv,45781,733,1,0.0,Qwen3-8B,3,random,random
R_bjfwd01vJDyspNv,63393,1003,4,1.0,Qwen3-8B,4,random,random
R_bjfwd01vJDyspNv,64508,1021,0,0.0,Qwen3-8B,1,random,random
R_bjfwd01vJDyspNv,95760,2100,0,0.0,Qwen3-8B,1,moral,purity
R_bjfwd01vJDyspNv,95760,2100,0,0.0,Qwen3-8B,1,moral,care
R_bjfwd01vJDyspNv,95760,2100,0,0.0,Qwen3-8B,1,moral,loyalty
R_bjfwd01vJDyspNv,95760,2100,0,0.0,Qwen3-8B,1,moral,purity
R_bjfwd01vJDyspNv,95760,2100,0,0.0,Qwen3-8B,1,moral,care
R_bjfwd01vJDyspNv,95760,2100,0,0.0,Qwen3-8B,1,moral,loyalty
R_bjfwd01vJDyspNv,95760,2100,0,0.0,Qwen3-8B,1,moral,purity
R_bjfwd01vJDyspNv,95760,2100,0,0.0,Qwen3-8B,1,moral,care
R_bjfwd01vJDyspNv,95760,2100,0,0.0,Qwen3-8B,1,moral,loyalty
R_bjfwd01vJDyspNv,137432,3868,4,1.0,Qwen3-8B,4,social-group,muslim
R_bjfwd01vJDyspNv,137455,3869,0,0.0,Qwen3-8B,1,moral,authority
R_bjfwd01vJDyspNv,137478,3870,3,1.0,Qwen3-8B,4,social-group,jewish
R_bjfwd01vJDyspNv,137501,3871,1,0.0,Qwen3-8B,2,social-group,christian
R_bjfwd01vJDyspNv,137524,3872,4,1.0,Qwen3-8B,3,social-group,jewish
R_bjfwd01vJDyspNv,137547,3873,3,1.0,Qwen3-8B,5,social-group,christian
R_bjfwd01vJDyspNv,137570,3874,1,0.0,Qwen3-8B,4,social-group,transgender
R_bjfwd01vJDyspNv,137593,3875,0,0.0,Qwen3-8B,2,moral,fairness
R_bjfwd01vJDyspNv,137616,3876,4,1.0,Qwen3-8B,3,social-group,jewish
R_bjfwd01vJDyspNv,137639,3877,4,1.0,Qwen3-8B,5,social-group,transgender
R_bjfwd01vJDyspNv,137662,3878,4,1.0,Qwen3-8B,2,social-group,transgender
R_bjfwd01vJDyspNv,137685,3879,0,0.0,Qwen3-8B,3,random,random
R_bjfwd01vJDyspNv,137708,3880,3,1.0,Qwen3-8B,5,social-group,LGB
R_bjfwd01vJDyspNv,137731,3881,4,1.0,Qwen3-8B,5,social-group,muslim
R_bjfwd01vJDyspNv,137754,3882,0,0.0,Qwen3-8B,1,random,random
R_bjfwd01vJDyspNv,137777,3883,4,1.0,Qwen3-8B,1,social-group,transgender
R_bjfwd01vJDyspNv,137800,3884,4,1.0,Qwen3-8B,4,social-group,LGB
R_bjfwd01vJDyspNv,137823,3885,4,1.0,Qwen3-8B,5,social-group,christian
R_bjfwd01vJDyspNv,137846,3886,4,1.0,Qwen3-8B,5,social-group,jewish
R_bjfwd01vJDyspNv,137869,3887,2,1.0,Qwen3-8B,4,social-group,LGB
R_bjfwd01vJDyspNv,137892,3888,3,1.0,Qwen3-8B,2,random,random
R_bjfwd01vJDyspNv,137915,3889,4,1.0,Qwen3-8B,5,social-group,christian
R_bjfwd01vJDyspNv,137938,3890,3,1.0,Qwen3-8B,5,social-group,muslim
R_1OWh9y4ktPhl3Cz,4012,68,-1,,Qwen3-8B,1,random,random
R_1OWh9y4ktPhl3Cz,5279,88,3,1.0,Qwen3-8B,3,random,random
R_1OWh9y4ktPhl3Cz,17266,271,4,1.0,Qwen3-8B,3,random,random
R_1OWh9y4ktPhl3Cz,20963,329,4,1.0,Qwen3-8B,3,random,random
R_1OWh9y4ktPhl3Cz,22066,344,4,1.0,Qwen3-8B,4,random,random
R_1OWh9y4ktPhl3Cz,22066,344,4,1.0,Qwen3-8B,4,moral,fairness
R_1OWh9y4ktPhl3Cz,22066,344,4,1.0,Qwen3-8B,4,random,random
R_1OWh9y4ktPhl3Cz,22066,344,4,1.0,Qwen3-8B,4,moral,fairness
R_1OWh9y4ktPhl3Cz,37539,601,4,1.0,Qwen3-8B,1,random,random
R_1OWh9y4ktPhl3Cz,38840,623,0,0.0,Qwen3-8B,3,random,random
R_1OWh9y4ktPhl3Cz,41182,662,0,0.0,Qwen3-8B,1,random,random
R_1OWh9y4ktPhl3Cz,45803,733,1,0.0,Qwen3-8B,3,random,random
R_1OWh9y4ktPhl3Cz,63415,1003,3,1.0,Qwen3-8B,4,random,random
R_1OWh9y4ktPhl3Cz,64524,1021,4,1.0,Qwen3-8B,1,random,random
R_1OWh9y4ktPhl3Cz,95853,2100,0,0.0,Qwen3-8B,1,moral,purity
R_1OWh9y4ktPhl3Cz,95853,2100,0,0.0,Qwen3-8B,1,moral,care
R_1OWh9y4ktPhl3Cz,95853,2100,0,0.0,Qwen3-8B,1,moral,loyalty
R_1OWh9y4ktPhl3Cz,95853,2100,0,0.0,Qwen3-8B,1,moral,purity
R_1OWh9y4ktPhl3Cz,95853,2100,0,0.0,Qwen3-8B,1,moral,care
R_1OWh9y4ktPhl3Cz,95853,2100,0,0.0,Qwen3-8B,1,moral,loyalty
R_1OWh9y4ktPhl3Cz,95853,2100,0,0.0,Qwen3-8B,1,moral,purity
R_1OWh9y4ktPhl3Cz,95853,2100,0,0.0,Qwen3-8B,1,moral,care
R_1OWh9y4ktPhl3Cz,95853,2100,0,0.0,Qwen3-8B,1,moral,loyalty
R_1OWh9y4ktPhl3Cz,137441,3868,1,0.0,Qwen3-8B,4,social-group,muslim
R_1OWh9y4ktPhl3Cz,137464,3869,2,1.0,Qwen3-8B,1,moral,authority
R_1OWh9y4ktPhl3Cz,137487,3870,4,1.0,Qwen3-8B,4,social-group,jewish
R_1OWh9y4ktPhl3Cz,137510,3871,1,0.0,Qwen3-8B,2,social-group,christian
R_1OWh9y4ktPhl3Cz,137533,3872,4,1.0,Qwen3-8B,3,social-group,jewish
R_1OWh9y4ktPhl3Cz,137556,3873,4,1.0,Qwen3-8B,5,social-group,christian
R_1OWh9y4ktPhl3Cz,137579,3874,4,1.0,Qwen3-8B,4,social-group,transgender
R_1OWh9y4ktPhl3Cz,137602,3875,4,1.0,Qwen3-8B,2,moral,fairness
R_1OWh9y4ktPhl3Cz,137625,3876,-1,,Qwen3-8B,3,social-group,jewish
R_1OWh9y4ktPhl3Cz,137648,3877,4,1.0,Qwen3-8B,5,social-group,transgender
R_1OWh9y4ktPhl3Cz,137671,3878,0,0.0,Qwen3-8B,2,social-group,transgender
R_1OWh9y4ktPhl3Cz,137694,3879,4,1.0,Qwen3-8B,3,random,random
R_1OWh9y4ktPhl3Cz,137717,3880,4,1.0,Qwen3-8B,5,social-group,LGB
R_1OWh9y4ktPhl3Cz,137740,3881,0,0.0,Qwen3-8B,5,social-group,muslim
R_1OWh9y4ktPhl3Cz,137763,3882,1,0.0,Qwen3-8B,1,random,random
R_1OWh9y4ktPhl3Cz,137786,3883,1,0.0,Qwen3-8B,1,social-group,transgender
R_1OWh9y4ktPhl3Cz,137809,3884,1,0.0,Qwen3-8B,4,social-group,LGB
R_1OWh9y4ktPhl3Cz,137832,3885,4,1.0,Qwen3-8B,5,social-group,christian
R_1OWh9y4ktPhl3Cz,137855,3886,4,1.0,Qwen3-8B,5,social-group,jewish
R_1OWh9y4ktPhl3Cz,137878,3887,4,1.0,Qwen3-8B,4,social-group,LGB
R_1OWh9y4ktPhl3Cz,137901,3888,2,1.0,Qwen3-8B,2,random,random
R_1OWh9y4ktPhl3Cz,137924,3889,4,1.0,Qwen3-8B,5,social-group,christian
R_1OWh9y4ktPhl3Cz,137947,3890,4,1.0,Qwen3-8B,5,social-group,muslim
R_1EXU6oMbfZYmhHQ,4154,71,2,1.0,Qwen3-8B,4,random,random
R_1EXU6oMbfZYmhHQ,22376,350,0,0.0,Qwen3-8B,1,random,random
R_1EXU6oMbfZYmhHQ,24585,388,-1,,Qwen3-8B,2,random,random
R_1EXU6oMbfZYmhHQ,30312,484,0,0.0,Qwen3-8B,2,random,random
R_1EXU6oMbfZYmhHQ,30693,490,2,1.0,Qwen3-8B,1,random,random
R_1EXU6oMbfZYmhHQ,36305,581,-1,,Qwen3-8B,2,random,random
R_1EXU6oMbfZYmhHQ,54927,867,0,0.0,Qwen3-8B,3,random,random
R_1EXU6oMbfZYmhHQ,63058,998,1,0.0,Qwen3-8B,4,random,random
R_1EXU6oMbfZYmhHQ,111584,2763,4,1.0,Qwen3-8B,4,social-group,muslim
R_1EXU6oMbfZYmhHQ,111606,2764,0,0.0,Qwen3-8B,3,social-group,christian
R_1EXU6oMbfZYmhHQ,111628,2765,0,0.0,Qwen3-8B,2,random,random
R_1EXU6oMbfZYmhHQ,111650,2766,0,0.0,Qwen3-8B,2,random,random
R_1EXU6oMbfZYmhHQ,111672,2767,0,0.0,Qwen3-8B,2,moral,fairness
R_1EXU6oMbfZYmhHQ,111694,2768,4,1.0,Qwen3-8B,5,social-group,jewish
R_1EXU6oMbfZYmhHQ,111716,2769,0,0.0,Qwen3-8B,2,social-group,christian
R_1EXU6oMbfZYmhHQ,111738,2770,3,1.0,Qwen3-8B,3,social-group,jewish
R_1EXU6oMbfZYmhHQ,111760,2771,2,1.0,Qwen3-8B,4,social-group,jewish
R_1EXU6oMbfZYmhHQ,111782,2772,-1,,Qwen3-8B,2,social-group,transgender
R_1EXU6oMbfZYmhHQ,111804,2773,4,1.0,Qwen3-8B,3,social-group,LGB
R_1EXU6oMbfZYmhHQ,111826,2774,3,1.0,Qwen3-8B,5,random,random
R_1EXU6oMbfZYmhHQ,111848,2775,3,1.0,Qwen3-8B,4,social-group,transgender
R_1EXU6oMbfZYmhHQ,111870,2776,-1,,Qwen3-8B,3,social-group,jewish
R_1EXU6oMbfZYmhHQ,111892,2777,0,0.0,Qwen3-8B,1,moral,care
R_1EXU6oMbfZYmhHQ,111914,2778,0,0.0,Qwen3-8B,5,social-group,LGB
R_1EXU6oMbfZYmhHQ,111936,2779,0,0.0,Qwen3-8B,2,random,random
R_1EXU6oMbfZYmhHQ,111958,2780,-1,,Qwen3-8B,3,social-group,LGB
R_1EXU6oMbfZYmhHQ,111980,2781,4,1.0,Qwen3-8B,4,social-group,LGB
R_1EXU6oMbfZYmhHQ,112002,2782,0,0.0,Qwen3-8B,3,social-group,LGB
R_1EXU6oMbfZYmhHQ,112024,2783,1,0.0,Qwen3-8B,3,social-group,christian
R_1EXU6oMbfZYmhHQ,112046,2784,4,1.0,Qwen3-8B,1,social-group,LGB
R_1EXU6oMbfZYmhHQ,112068,2785,1,0.0,Qwen3-8B,3,social-group,transgender
R_1EXU6oMbfZYmhHQ,112090,2786,3,1.0,Qwen3-8B,2,social-group,jewish
R_1EXU6oMbfZYmhHQ,112112,2787,0,0.0,Qwen3-8B,2,moral,fairness
R_1EXU6oMbfZYmhHQ,112134,2788,0,0.0,Qwen3-8B,4,social-group,christian
R_1EXU6oMbfZYmhHQ,112156,2789,2,1.0,Qwen3-8B,5,social-group,LGB
R_2e2L2Ahp9QXCQrS,4198,71,0,0.0,Qwen3-8B,4,random,random
R_2e2L2Ahp9QXCQrS,22408,350,0,0.0,Qwen3-8B,1,random,random
R_2e2L2Ahp9QXCQrS,24621,388,4,1.0,Qwen3-8B,2,random,random
R_2e2L2Ahp9QXCQrS,30351,484,4,1.0,Qwen3-8B,2,random,random
R_2e2L2Ahp9QXCQrS,30732,490,0,0.0,Qwen3-8B,1,random,random
R_2e2L2Ahp9QXCQrS,36340,581,1,0.0,Qwen3-8B,2,random,random
R_2e2L2Ahp9QXCQrS,54966,867,1,0.0,Qwen3-8B,3,random,random
R_2e2L2Ahp9QXCQrS,63095,998,4,1.0,Qwen3-8B,4,random,random
R_2e2L2Ahp9QXCQrS,111596,2763,1,0.0,Qwen3-8B,4,social-group,muslim
R_2e2L2Ahp9QXCQrS,111618,2764,4,1.0,Qwen3-8B,3,social-group,christian
R_2e2L2Ahp9QXCQrS,111640,2765,1,0.0,Qwen3-8B,2,random,random
R_2e2L2Ahp9QXCQrS,111662,2766,0,0.0,Qwen3-8B,2,random,random
R_2e2L2Ahp9QXCQrS,111684,2767,4,1.0,Qwen3-8B,2,moral,fairness
R_2e2L2Ahp9QXCQrS,111706,2768,4,1.0,Qwen3-8B,5,social-group,jewish
R_2e2L2Ahp9QXCQrS,111728,2769,0,0.0,Qwen3-8B,2,social-group,christian
R_2e2L2Ahp9QXCQrS,111750,2770,3,1.0,Qwen3-8B,3,social-group,jewish
R_2e2L2Ahp9QXCQrS,111772,2771,4,1.0,Qwen3-8B,4,social-group,jewish
R_2e2L2Ahp9QXCQrS,111794,2772,3,1.0,Qwen3-8B,2,social-group,transgender
R_2e2L2Ahp9QXCQrS,111816,2773,1,0.0,Qwen3-8B,3,social-group,LGB
R_2e2L2Ahp9QXCQrS,111838,2774,0,0.0,Qwen3-8B,5,random,random
R_2e2L2Ahp9QXCQrS,111860,2775,3,1.0,Qwen3-8B,4,social-group,transgender
R_2e2L2Ahp9QXCQrS,111882,2776,0,0.0,Qwen3-8B,3,social-group,jewish
R_2e2L2Ahp9QXCQrS,111904,2777,0,0.0,Qwen3-8B,1,moral,care
R_2e2L2Ahp9QXCQrS,111926,2778,4,1.0,Qwen3-8B,5,social-group,LGB
R_2e2L2Ahp9QXCQrS,111948,2779,1,0.0,Qwen3-8B,2,random,random
R_2e2L2Ahp9QXCQrS,111970,2780,4,1.0,Qwen3-8B,3,social-group,LGB
R_2e2L2Ahp9QXCQrS,111992,2781,4,1.0,Qwen3-8B,4,social-group,LGB
R_2e2L2Ahp9QXCQrS,112014,2782,0,0.0,Qwen3-8B,3,social-group,LGB
R_2e2L2Ahp9QXCQrS,112036,2783,3,1.0,Qwen3-8B,3,social-group,christian
R_2e2L2Ahp9QXCQrS,112058,2784,0,0.0,Qwen3-8B,1,social-group,LGB
R_2e2L2Ahp9QXCQrS,112080,2785,0,0.0,Qwen3-8B,3,social-group,transgender
R_2e2L2Ahp9QXCQrS,112102,2786,0,0.0,Qwen3-8B,2,social-group,jewish
R_2e2L2Ahp9QXCQrS,112124,2787,0,0.0,Qwen3-8B,2,moral,fairness
R_2e2L2Ahp9QXCQrS,112146,2788,4,1.0,Qwen3-8B,4,social-group,christian
R_2e2L2Ahp9QXCQrS,112168,2789,3,1.0,Qwen3-8B,5,social-group,LGB
R_0Ap4o4zDiTO8ipH,4260,72,0,0.0,Qwen3-8B,4,random,random
R_0Ap4o4zDiTO8ipH,6133,102,0,0.0,Qwen3-8B,3,random,random
R_0Ap4o4zDiTO8ipH,6634,110,2,1.0,Qwen3-8B,3,random,random
R_0Ap4o4zDiTO8ipH,18297,288,-1,,Qwen3-8B,2,random,random
R_0Ap4o4zDiTO8ipH,23583,370,2,1.0,Qwen3-8B,1,random,random
R_0Ap4o4zDiTO8ipH,47286,755,3,1.0,Qwen3-8B,3,random,random
R_0Ap4o4zDiTO8ipH,52438,828,0,0.0,Qwen3-8B,1,random,random
R_0Ap4o4zDiTO8ipH,52438,828,0,0.0,Qwen3-8B,1,moral,loyalty
R_0Ap4o4zDiTO8ipH,52438,828,0,0.0,Qwen3-8B,1,random,random
R_0Ap4o4zDiTO8ipH,52438,828,0,0.0,Qwen3-8B,1,moral,loyalty
R_0Ap4o4zDiTO8ipH,60147,947,1,0.0,Qwen3-8B,2,random,random
R_0Ap4o4zDiTO8ipH,61922,980,0,0.0,Qwen3-8B,1,random,random
R_0Ap4o4zDiTO8ipH,66887,1058,3,1.0,Qwen3-8B,3,random,random
R_0Ap4o4zDiTO8ipH,98286,2200,4,1.0,Qwen3-8B,5,social-group,jewish
R_0Ap4o4zDiTO8ipH,98310,2201,1,0.0,Qwen3-8B,2,random,random
R_0Ap4o4zDiTO8ipH,98334,2202,0,0.0,Qwen3-8B,4,social-group,LGB
R_0Ap4o4zDiTO8ipH,98358,2203,0,0.0,Qwen3-8B,2,random,random
R_0Ap4o4zDiTO8ipH,98382,2204,0,0.0,Qwen3-8B,4,social-group,LGB
R_0Ap4o4zDiTO8ipH,98406,2205,0,0.0,Qwen3-8B,5,social-group,transgender
R_0Ap4o4zDiTO8ipH,98430,2206,0,0.0,Qwen3-8B,3,social-group,muslim
R_0Ap4o4zDiTO8ipH,98454,2207,0,0.0,Qwen3-8B,5,social-group,transgender
R_0Ap4o4zDiTO8ipH,98478,2208,1,0.0,Qwen3-8B,3,social-group,transgender
R_0Ap4o4zDiTO8ipH,98502,2209,1,0.0,Qwen3-8B,3,random,random
R_0Ap4o4zDiTO8ipH,98526,2210,2,1.0,Qwen3-8B,3,social-group,LGB
R_0Ap4o4zDiTO8ipH,98550,2211,0,0.0,Qwen3-8B,2,social-group,christian
R_0Ap4o4zDiTO8ipH,98574,2212,-1,,Qwen3-8B,3,social-group,transgender
R_0Ap4o4zDiTO8ipH,98598,2213,0,0.0,Qwen3-8B,4,social-group,LGB
R_0Ap4o4zDiTO8ipH,98622,2214,0,0.0,Qwen3-8B,3,random,random
R_0Ap4o4zDiTO8ipH,98646,2215,0,0.0,Qwen3-8B,4,social-group,jewish
R_0Ap4o4zDiTO8ipH,98670,2216,0,0.0,Qwen3-8B,2,social-group,christian
R_0Ap4o4zDiTO8ipH,98694,2217,4,1.0,Qwen3-8B,4,social-group,LGB
R_0Ap4o4zDiTO8ipH,98718,2218,0,0.0,Qwen3-8B,2,random,random
R_0Ap4o4zDiTO8ipH,98742,2219,0,0.0,Qwen3-8B,1,moral,purity
R_0Ap4o4zDiTO8ipH,98766,2220,1,0.0,Qwen3-8B,2,social-group,muslim
R_0Ap4o4zDiTO8ipH,98790,2221,0,0.0,Qwen3-8B,2,social-group,LGB
R_0Ap4o4zDiTO8ipH,98814,2222,2,1.0,Qwen3-8B,1,random,random
R_0Ap4o4zDiTO8ipH,98838,2223,1,0.0,Qwen3-8B,4,social-group,LGB
R_0Ap4o4zDiTO8ipH,98862,2224,3,1.0,Qwen3-8B,2,random,random
R_AGKX8f82XJ2deH7,4261,72,0,0.0,Qwen3-8B,4,random,random
R_AGKX8f82XJ2deH7,6134,102,1,0.0,Qwen3-8B,3,random,random
R_AGKX8f82XJ2deH7,6635,110,1,0.0,Qwen3-8B,3,random,random
R_AGKX8f82XJ2deH7,18298,288,0,0.0,Qwen3-8B,2,random,random
R_AGKX8f82XJ2deH7,23584,370,0,0.0,Qwen3-8B,1,random,random
R_AGKX8f82XJ2deH7,47287,755,0,0.0,Qwen3-8B,3,random,random
R_AGKX8f82XJ2deH7,52448,828,0,0.0,Qwen3-8B,1,random,random
R_AGKX8f82XJ2deH7,52448,828,0,0.0,Qwen3-8B,1,moral,loyalty
R_AGKX8f82XJ2deH7,52448,828,0,0.0,Qwen3-8B,1,random,random
R_AGKX8f82XJ2deH7,52448,828,0,0.0,Qwen3-8B,1,moral,loyalty
R_AGKX8f82XJ2deH7,60148,947,0,0.0,Qwen3-8B,2,random,random
R_AGKX8f82XJ2deH7,61923,980,0,0.0,Qwen3-8B,1,random,random
R_AGKX8f82XJ2deH7,66888,1058,0,0.0,Qwen3-8B,3,random,random
R_AGKX8f82XJ2deH7,98287,2200,4,1.0,Qwen3-8B,5,social-group,jewish
R_AGKX8f82XJ2deH7,98311,2201,0,0.0,Qwen3-8B,2,random,random
R_AGKX8f82XJ2deH7,98335,2202,0,0.0,Qwen3-8B,4,social-group,LGB
R_AGKX8f82XJ2deH7,98359,2203,0,0.0,Qwen3-8B,2,random,random
R_AGKX8f82XJ2deH7,98383,2204,0,0.0,Qwen3-8B,4,social-group,LGB
R_AGKX8f82XJ2deH7,98407,2205,0,0.0,Qwen3-8B,5,social-group,transgender
R_AGKX8f82XJ2deH7,98431,2206,4,1.0,Qwen3-8B,3,social-group,muslim
R_AGKX8f82XJ2deH7,98455,2207,4,1.0,Qwen3-8B,5,social-group,transgender
R_AGKX8f82XJ2deH7,98479,2208,1,0.0,Qwen3-8B,3,social-group,transgender
R_AGKX8f82XJ2deH7,98503,2209,-1,,Qwen3-8B,3,random,random
R_AGKX8f82XJ2deH7,98527,2210,0,0.0,Qwen3-8B,3,social-group,LGB
R_AGKX8f82XJ2deH7,98551,2211,0,0.0,Qwen3-8B,2,social-group,christian
R_AGKX8f82XJ2deH7,98575,2212,0,0.0,Qwen3-8B,3,social-group,transgender
R_AGKX8f82XJ2deH7,98599,2213,0,0.0,Qwen3-8B,4,social-group,LGB
R_AGKX8f82XJ2deH7,98623,2214,1,0.0,Qwen3-8B,3,random,random
R_AGKX8f82XJ2deH7,98647,2215,0,0.0,Qwen3-8B,4,social-group,jewish
R_AGKX8f82XJ2deH7,98671,2216,-1,,Qwen3-8B,2,social-group,christian
R_AGKX8f82XJ2deH7,98695,2217,0,0.0,Qwen3-8B,4,social-group,LGB
R_AGKX8f82XJ2deH7,98719,2218,0,0.0,Qwen3-8B,2,random,random
R_AGKX8f82XJ2deH7,98743,2219,1,0.0,Qwen3-8B,1,moral,purity
R_AGKX8f82XJ2deH7,98767,2220,0,0.0,Qwen3-8B,2,social-group,muslim
R_AGKX8f82XJ2deH7,98791,2221,0,0.0,Qwen3-8B,2,social-group,LGB
R_AGKX8f82XJ2deH7,98815,2222,0,0.0,Qwen3-8B,1,random,random
R_AGKX8f82XJ2deH7,98839,2223,0,0.0,Qwen3-8B,4,social-group,LGB
R_AGKX8f82XJ2deH7,98863,2224,0,0.0,Qwen3-8B,2,random,random
R_2wH7nI7pr4GLlFq,4275,72,0,0.0,Qwen3-8B,4,random,random
R_2wH7nI7pr4GLlFq,6150,102,3,1.0,Qwen3-8B,3,random,random
R_2wH7nI7pr4GLlFq,6650,110,0,0.0,Qwen3-8B,3,random,random
R_2wH7nI7pr4GLlFq,18315,288,2,1.0,Qwen3-8B,2,random,random
R_2wH7nI7pr4GLlFq,23600,370,0,0.0,Qwen3-8B,1,random,random
R_2wH7nI7pr4GLlFq,47309,755,1,0.0,Qwen3-8B,3,random,random
R_2wH7nI7pr4GLlFq,52542,828,3,1.0,Qwen3-8B,1,random,random
R_2wH7nI7pr4GLlFq,52542,828,3,1.0,Qwen3-8B,1,moral,loyalty
R_2wH7nI7pr4GLlFq,52542,828,3,1.0,Qwen3-8B,1,random,random
R_2wH7nI7pr4GLlFq,52542,828,3,1.0,Qwen3-8B,1,moral,loyalty
R_2wH7nI7pr4GLlFq,60161,947,-1,,Qwen3-8B,2,random,random
R_2wH7nI7pr4GLlFq,61938,980,2,1.0,Qwen3-8B,1,random,random
R_2wH7nI7pr4GLlFq,66902,1058,3,1.0,Qwen3-8B,3,random,random
R_2wH7nI7pr4GLlFq,98293,2200,2,1.0,Qwen3-8B,5,social-group,jewish
R_2wH7nI7pr4GLlFq,98317,2201,0,0.0,Qwen3-8B,2,random,random
R_2wH7nI7pr4GLlFq,98341,2202,3,1.0,Qwen3-8B,4,social-group,LGB
R_2wH7nI7pr4GLlFq,98365,2203,0,0.0,Qwen3-8B,2,random,random
R_2wH7nI7pr4GLlFq,98389,2204,4,1.0,Qwen3-8B,4,social-group,LGB
R_2wH7nI7pr4GLlFq,98413,2205,-1,,Qwen3-8B,5,social-group,transgender
R_2wH7nI7pr4GLlFq,98437,2206,1,0.0,Qwen3-8B,3,social-group,muslim
R_2wH7nI7pr4GLlFq,98461,2207,2,1.0,Qwen3-8B,5,social-group,transgender
R_2wH7nI7pr4GLlFq,98485,2208,1,0.0,Qwen3-8B,3,social-group,transgender
R_2wH7nI7pr4GLlFq,98509,2209,1,0.0,Qwen3-8B,3,random,random
R_2wH7nI7pr4GLlFq,98533,2210,-1,,Qwen3-8B,3,social-group,LGB
R_2wH7nI7pr4GLlFq,98557,2211,0,0.0,Qwen3-8B,2,social-group,christian
R_2wH7nI7pr4GLlFq,98581,2212,2,1.0,Qwen3-8B,3,social-group,transgender
R_2wH7nI7pr4GLlFq,98605,2213,2,1.0,Qwen3-8B,4,social-group,LGB
R_2wH7nI7pr4GLlFq,98629,2214,0,0.0,Qwen3-8B,3,random,random
R_2wH7nI7pr4GLlFq,98653,2215,0,0.0,Qwen3-8B,4,social-group,jewish
R_2wH7nI7pr4GLlFq,98677,2216,0,0.0,Qwen3-8B,2,social-group,christian
R_2wH7nI7pr4GLlFq,98701,2217,-1,,Qwen3-8B,4,social-group,LGB
R_2wH7nI7pr4GLlFq,98725,2218,1,0.0,Qwen3-8B,2,random,random
R_2wH7nI7pr4GLlFq,98749,2219,0,0.0,Qwen3-8B,1,moral,purity
R_2wH7nI7pr4GLlFq,98773,2220,0,0.0,Qwen3-8B,2,social-group,muslim
R_2wH7nI7pr4GLlFq,98797,2221,0,0.0,Qwen3-8B,2,social-group,LGB
R_2wH7nI7pr4GLlFq,98821,2222,0,0.0,Qwen3-8B,1,random,random
R_2wH7nI7pr4GLlFq,98845,2223,0,0.0,Qwen3-8B,4,social-group,LGB
R_2wH7nI7pr4GLlFq,98869,2224,1,0.0,Qwen3-8B,2,random,random
R_1IRXiOBU4rY42oY,4283,72,0,0.0,Qwen3-8B,4,random,random
R_1IRXiOBU4rY42oY,6156,102,0,0.0,Qwen3-8B,3,random,random
R_1IRXiOBU4rY42oY,6660,110,0,0.0,Qwen3-8B,3,random,random
R_1IRXiOBU4rY42oY,18324,288,0,0.0,Qwen3-8B,2,random,random
R_1IRXiOBU4rY42oY,23606,370,0,0.0,Qwen3-8B,1,random,random
R_1IRXiOBU4rY42oY,47315,755,0,0.0,Qwen3-8B,3,random,random
R_1IRXiOBU4rY42oY,52586,828,0,0.0,Qwen3-8B,1,random,random
R_1IRXiOBU4rY42oY,52586,828,0,0.0,Qwen3-8B,1,moral,loyalty
R_1IRXiOBU4rY42oY,52586,828,0,0.0,Qwen3-8B,1,random,random
R_1IRXiOBU4rY42oY,52586,828,0,0.0,Qwen3-8B,1,moral,loyalty
R_1IRXiOBU4rY42oY,60166,947,0,0.0,Qwen3-8B,2,random,random
R_1IRXiOBU4rY42oY,61944,980,0,0.0,Qwen3-8B,1,random,random
R_1IRXiOBU4rY42oY,66909,1058,0,0.0,Qwen3-8B,3,random,random
R_1IRXiOBU4rY42oY,98296,2200,1,0.0,Qwen3-8B,5,social-group,jewish
R_1IRXiOBU4rY42oY,98320,2201,0,0.0,Qwen3-8B,2,random,random
R_1IRXiOBU4rY42oY,98344,2202,0,0.0,Qwen3-8B,4,social-group,LGB
R_1IRXiOBU4rY42oY,98368,2203,0,0.0,Qwen3-8B,2,random,random
R_1IRXiOBU4rY42oY,98392,2204,0,0.0,Qwen3-8B,4,social-group,LGB
R_1IRXiOBU4rY42oY,98416,2205,0,0.0,Qwen3-8B,5,social-group,transgender
R_1IRXiOBU4rY42oY,98440,2206,0,0.0,Qwen3-8B,3,social-group,muslim
R_1IRXiOBU4rY42oY,98464,2207,0,0.0,Qwen3-8B,5,social-group,transgender
R_1IRXiOBU4rY42oY,98488,2208,0,0.0,Qwen3-8B,3,social-group,transgender
R_1IRXiOBU4rY42oY,98512,2209,0,0.0,Qwen3-8B,3,random,random
R_1IRXiOBU4rY42oY,98536,2210,0,0.0,Qwen3-8B,3,social-group,LGB
R_1IRXiOBU4rY42oY,98560,2211,0,0.0,Qwen3-8B,2,social-group,christian
R_1IRXiOBU4rY42oY,98584,2212,0,0.0,Qwen3-8B,3,social-group,transgender
R_1IRXiOBU4rY42oY,98608,2213,0,0.0,Qwen3-8B,4,social-group,LGB
R_1IRXiOBU4rY42oY,98632,2214,0,0.0,Qwen3-8B,3,random,random
R_1IRXiOBU4rY42oY,98656,2215,0,0.0,Qwen3-8B,4,social-group,jewish
R_1IRXiOBU4rY42oY,98680,2216,0,0.0,Qwen3-8B,2,social-group,christian
R_1IRXiOBU4rY42oY,98704,2217,0,0.0,Qwen3-8B,4,social-group,LGB
R_1IRXiOBU4rY42oY,98728,2218,0,0.0,Qwen3-8B,2,random,random
R_1IRXiOBU4rY42oY,98752,2219,0,0.0,Qwen3-8B,1,moral,purity
R_1IRXiOBU4rY42oY,98776,2220,0,0.0,Qwen3-8B,2,social-group,muslim
R_1IRXiOBU4rY42oY,98800,2221,0,0.0,Qwen3-8B,2,social-group,LGB
R_1IRXiOBU4rY42oY,98824,2222,0,0.0,Qwen3-8B,1,random,random
R_1IRXiOBU4rY42oY,98848,2223,0,0.0,Qwen3-8B,4,social-group,LGB
R_1IRXiOBU4rY42oY,98872,2224,0,0.0,Qwen3-8B,2,random,random
R_3G0wiQRSIMPc39k,4419,75,1,0.0,Qwen3-8B,3,random,random
R_3G0wiQRSIMPc39k,4480,76,0,0.0,Qwen3-8B,1,random,random
R_3G0wiQRSIMPc39k,4545,77,1,0.0,Qwen3-8B,3,random,random
R_3G0wiQRSIMPc39k,4609,78,1,0.0,Qwen3-8B,2,random,random
R_3G0wiQRSIMPc39k,4672,79,1,0.0,Qwen3-8B,3,random,random
R_3G0wiQRSIMPc39k,4734,80,2,1.0,Qwen3-8B,2,random,random
R_3G0wiQRSIMPc39k,4797,81,0,0.0,Qwen3-8B,2,random,random
R_3G0wiQRSIMPc39k,4860,82,1,0.0,Qwen3-8B,1,random,random
R_3G0wiQRSIMPc39k,4924,83,0,0.0,Qwen3-8B,5,random,random
R_3G0wiQRSIMPc39k,4985,84,-1,,Qwen3-8B,4,random,random
R_3G0wiQRSIMPc39k,5048,85,0,0.0,Qwen3-8B,4,random,random
R_3G0wiQRSIMPc39k,5112,86,0,0.0,Qwen3-8B,3,random,random
R_3G0wiQRSIMPc39k,5177,87,1,0.0,Qwen3-8B,5,random,random
R_3G0wiQRSIMPc39k,5241,88,0,0.0,Qwen3-8B,3,random,random
R_3G0wiQRSIMPc39k,5305,89,0,0.0,Qwen3-8B,2,random,random
R_3G0wiQRSIMPc39k,5368,90,0,0.0,Qwen3-8B,2,random,random
R_3G0wiQRSIMPc39k,5430,91,-1,,Qwen3-8B,3,random,random
R_3G0wiQRSIMPc39k,5494,92,0,0.0,Qwen3-8B,2,random,random
R_3G0wiQRSIMPc39k,5557,93,0,0.0,Qwen3-8B,3,random,random
R_3G0wiQRSIMPc39k,5618,94,0,0.0,Qwen3-8B,3,random,random
R_3G0wiQRSIMPc39k,5682,95,-1,,Qwen3-8B,3,random,random
R_3G0wiQRSIMPc39k,5745,96,0,0.0,Qwen3-8B,2,random,random
R_3G0wiQRSIMPc39k,5809,97,0,0.0,Qwen3-8B,4,random,random
R_3G0wiQRSIMPc39k,5872,98,0,0.0,Qwen3-8B,3,random,random
R_3G0wiQRSIMPc39k,5934,99,1,0.0,Qwen3-8B,2,random,random
R_3G0wiQRSIMPc39k,5999,100,0,0.0,Qwen3-8B,3,random,random
R_3G0wiQRSIMPc39k,6056,101,0,0.0,Qwen3-8B,3,random,random
R_3G0wiQRSIMPc39k,6117,102,0,0.0,Qwen3-8B,3,random,random
R_3G0wiQRSIMPc39k,6181,103,1,0.0,Qwen3-8B,4,random,random
R_3G0wiQRSIMPc39k,6244,104,-1,,Qwen3-8B,1,random,random
R_3G0wiQRSIMPc39k,6303,105,0,0.0,Qwen3-8B,3,random,random
R_3G0wiQRSIMPc39k,6366,106,-1,,Qwen3-8B,2,random,random
R_3G0wiQRSIMPc39k,6428,107,0,0.0,Qwen3-8B,2,random,random
R_3G0wiQRSIMPc39k,6491,108,1,0.0,Qwen3-8B,2,random,random
R_3G0wiQRSIMPc39k,6555,109,0,0.0,Qwen3-8B,2,random,random
R_6yQQmvDEuIbC4AF,4421,75,1,0.0,Qwen3-8B,3,random,random
R_6yQQmvDEuIbC4AF,4482,76,0,0.0,Qwen3-8B,1,random,random
R_6yQQmvDEuIbC4AF,4547,77,0,0.0,Qwen3-8B,3,random,random
R_6yQQmvDEuIbC4AF,4611,78,0,0.0,Qwen3-8B,2,random,random
R_6yQQmvDEuIbC4AF,4674,79,0,0.0,Qwen3-8B,3,random,random
R_6yQQmvDEuIbC4AF,4736,80,0,0.0,Qwen3-8B,2,random,random
R_6yQQmvDEuIbC4AF,4799,81,0,0.0,Qwen3-8B,2,random,random
R_6yQQmvDEuIbC4AF,4862,82,0,0.0,Qwen3-8B,1,random,random
R_6yQQmvDEuIbC4AF,4926,83,0,0.0,Qwen3-8B,5,random,random
R_6yQQmvDEuIbC4AF,4987,84,-1,,Qwen3-8B,4,random,random
R_6yQQmvDEuIbC4AF,5050,85,2,1.0,Qwen3-8B,4,random,random
R_6yQQmvDEuIbC4AF,5114,86,0,0.0,Qwen3-8B,3,random,random
R_6yQQmvDEuIbC4AF,5179,87,4,1.0,Qwen3-8B,5,random,random
R_6yQQmvDEuIbC4AF,5243,88,2,1.0,Qwen3-8B,3,random,random
R_6yQQmvDEuIbC4AF,5307,89,0,0.0,Qwen3-8B,2,random,random
R_6yQQmvDEuIbC4AF,5370,90,3,1.0,Qwen3-8B,2,random,random
R_6yQQmvDEuIbC4AF,5432,91,2,1.0,Qwen3-8B,3,random,random
R_6yQQmvDEuIbC4AF,5496,92,1,0.0,Qwen3-8B,2,random,random
R_6yQQmvDEuIbC4AF,5559,93,0,0.0,Qwen3-8B,3,random,random
R_6yQQmvDEuIbC4AF,5620,94,0,0.0,Qwen3-8B,3,random,random
R_6yQQmvDEuIbC4AF,5684,95,1,0.0,Qwen3-8B,3,random,random
R_6yQQmvDEuIbC4AF,5747,96,1,0.0,Qwen3-8B,2,random,random
R_6yQQmvDEuIbC4AF,5811,97,0,0.0,Qwen3-8B,4,random,random
R_6yQQmvDEuIbC4AF,5874,98,0,0.0,Qwen3-8B,3,random,random
R_6yQQmvDEuIbC4AF,5936,99,0,0.0,Qwen3-8B,2,random,random
R_6yQQmvDEuIbC4AF,6001,100,1,0.0,Qwen3-8B,3,random,random
R_6yQQmvDEuIbC4AF,6058,101,1,0.0,Qwen3-8B,3,random,random
R_6yQQmvDEuIbC4AF,6119,102,1,0.0,Qwen3-8B,3,random,random
R_6yQQmvDEuIbC4AF,6183,103,0,0.0,Qwen3-8B,4,random,random
R_6yQQmvDEuIbC4AF,6246,104,-1,,Qwen3-8B,1,random,random
R_6yQQmvDEuIbC4AF,6305,105,0,0.0,Qwen3-8B,3,random,random
R_6yQQmvDEuIbC4AF,6368,106,0,0.0,Qwen3-8B,2,random,random
R_6yQQmvDEuIbC4AF,6430,107,0,0.0,Qwen3-8B,2,random,random
R_6yQQmvDEuIbC4AF,6493,108,0,0.0,Qwen3-8B,2,random,random
R_6yQQmvDEuIbC4AF,6557,109,0,0.0,Qwen3-8B,2,random,random
R_Om2xwiqDSR6Ib3H,4428,75,0,0.0,Qwen3-8B,3,random,random
R_Om2xwiqDSR6Ib3H,4489,76,0,0.0,Qwen3-8B,1,random,random
R_Om2xwiqDSR6Ib3H,4554,77,0,0.0,Qwen3-8B,3,random,random
R_Om2xwiqDSR6Ib3H,4618,78,0,0.0,Qwen3-8B,2,random,random
R_Om2xwiqDSR6Ib3H,4681,79,0,0.0,Qwen3-8B,3,random,random
R_Om2xwiqDSR6Ib3H,4743,80,0,0.0,Qwen3-8B,2,random,random
R_Om2xwiqDSR6Ib3H,4806,81,0,0.0,Qwen3-8B,2,random,random
R_Om2xwiqDSR6Ib3H,4869,82,0,0.0,Qwen3-8B,1,random,random
R_Om2xwiqDSR6Ib3H,4933,83,0,0.0,Qwen3-8B,5,random,random
R_Om2xwiqDSR6Ib3H,4994,84,1,0.0,Qwen3-8B,4,random,random
R_Om2xwiqDSR6Ib3H,5057,85,0,0.0,Qwen3-8B,4,random,random
R_Om2xwiqDSR6Ib3H,5121,86,0,0.0,Qwen3-8B,3,random,random
R_Om2xwiqDSR6Ib3H,5186,87,0,0.0,Qwen3-8B,5,random,random
R_Om2xwiqDSR6Ib3H,5250,88,0,0.0,Qwen3-8B,3,random,random
R_Om2xwiqDSR6Ib3H,5314,89,0,0.0,Qwen3-8B,2,random,random
R_Om2xwiqDSR6Ib3H,5377,90,0,0.0,Qwen3-8B,2,random,random
R_Om2xwiqDSR6Ib3H,5439,91,0,0.0,Qwen3-8B,3,random,random
R_Om2xwiqDSR6Ib3H,5503,92,0,0.0,Qwen3-8B,2,random,random
R_Om2xwiqDSR6Ib3H,5566,93,0,0.0,Qwen3-8B,3,random,random
R_Om2xwiqDSR6Ib3H,5627,94,0,0.0,Qwen3-8B,3,random,random
R_Om2xwiqDSR6Ib3H,5691,95,0,0.0,Qwen3-8B,3,random,random
R_Om2xwiqDSR6Ib3H,5754,96,0,0.0,Qwen3-8B,2,random,random
R_Om2xwiqDSR6Ib3H,5818,97,0,0.0,Qwen3-8B,4,random,random
R_Om2xwiqDSR6Ib3H,5881,98,0,0.0,Qwen3-8B,3,random,random
R_Om2xwiqDSR6Ib3H,5943,99,0,0.0,Qwen3-8B,2,random,random
R_Om2xwiqDSR6Ib3H,6008,100,0,0.0,Qwen3-8B,3,random,random
R_Om2xwiqDSR6Ib3H,6064,101,0,0.0,Qwen3-8B,3,random,random
R_Om2xwiqDSR6Ib3H,6126,102,0,0.0,Qwen3-8B,3,random,random
R_Om2xwiqDSR6Ib3H,6190,103,0,0.0,Qwen3-8B,4,random,random
R_Om2xwiqDSR6Ib3H,6253,104,0,0.0,Qwen3-8B,1,random,random
R_Om2xwiqDSR6Ib3H,6312,105,0,0.0,Qwen3-8B,3,random,random
R_Om2xwiqDSR6Ib3H,6375,106,0,0.0,Qwen3-8B,2,random,random
R_Om2xwiqDSR6Ib3H,6437,107,0,0.0,Qwen3-8B,2,random,random
R_Om2xwiqDSR6Ib3H,6500,108,0,0.0,Qwen3-8B,2,random,random
R_Om2xwiqDSR6Ib3H,6564,109,0,0.0,Qwen3-8B,2,random,random
R_1joKnD8VpWDJcIh,4436,75,1,0.0,Qwen3-8B,3,random,random
R_1joKnD8VpWDJcIh,4499,76,0,0.0,Qwen3-8B,1,random,random
R_1joKnD8VpWDJcIh,4564,77,0,0.0,Qwen3-8B,3,random,random
R_1joKnD8VpWDJcIh,4627,78,1,0.0,Qwen3-8B,2,random,random
R_1joKnD8VpWDJcIh,4690,79,1,0.0,Qwen3-8B,3,random,random
R_1joKnD8VpWDJcIh,4753,80,0,0.0,Qwen3-8B,2,random,random
R_1joKnD8VpWDJcIh,4816,81,2,1.0,Qwen3-8B,2,random,random
R_1joKnD8VpWDJcIh,4879,82,2,1.0,Qwen3-8B,1,random,random
R_1joKnD8VpWDJcIh,4943,83,0,0.0,Qwen3-8B,5,random,random
R_1joKnD8VpWDJcIh,5003,84,2,1.0,Qwen3-8B,4,random,random
R_1joKnD8VpWDJcIh,5067,85,0,0.0,Qwen3-8B,4,random,random
R_1joKnD8VpWDJcIh,5130,86,0,0.0,Qwen3-8B,3,random,random
R_1joKnD8VpWDJcIh,5196,87,2,1.0,Qwen3-8B,5,random,random
R_1joKnD8VpWDJcIh,5260,88,1,0.0,Qwen3-8B,3,random,random
R_1joKnD8VpWDJcIh,5324,89,0,0.0,Qwen3-8B,2,random,random
R_1joKnD8VpWDJcIh,5385,90,0,0.0,Qwen3-8B,2,random,random
R_1joKnD8VpWDJcIh,5449,91,0,0.0,Qwen3-8B,3,random,random
R_1joKnD8VpWDJcIh,5513,92,0,0.0,Qwen3-8B,2,random,random
R_1joKnD8VpWDJcIh,5576,93,1,0.0,Qwen3-8B,3,random,random
R_1joKnD8VpWDJcIh,5637,94,0,0.0,Qwen3-8B,3,random,random
R_1joKnD8VpWDJcIh,5700,95,0,0.0,Qwen3-8B,3,random,random
R_1joKnD8VpWDJcIh,5764,96,1,0.0,Qwen3-8B,2,random,random
R_1joKnD8VpWDJcIh,5826,97,0,0.0,Qwen3-8B,4,random,random
R_1joKnD8VpWDJcIh,5889,98,0,0.0,Qwen3-8B,3,random,random
R_1joKnD8VpWDJcIh,5953,99,0,0.0,Qwen3-8B,2,random,random
R_1joKnD8VpWDJcIh,6018,100,0,0.0,Qwen3-8B,3,random,random
R_1joKnD8VpWDJcIh,6073,101,0,0.0,Qwen3-8B,3,random,random
R_1joKnD8VpWDJcIh,6136,102,0,0.0,Qwen3-8B,3,random,random
R_1joKnD8VpWDJcIh,6199,103,2,1.0,Qwen3-8B,4,random,random
R_1joKnD8VpWDJcIh,6261,104,0,0.0,Qwen3-8B,1,random,random
R_1joKnD8VpWDJcIh,6321,105,0,0.0,Qwen3-8B,3,random,random
R_1joKnD8VpWDJcIh,6384,106,1,0.0,Qwen3-8B,2,random,random
R_1joKnD8VpWDJcIh,6447,107,0,0.0,Qwen3-8B,2,random,random
R_1joKnD8VpWDJcIh,6510,108,0,0.0,Qwen3-8B,2,random,random
R_1joKnD8VpWDJcIh,6574,109,0,0.0,Qwen3-8B,2,random,random
R_xxslLMPKk8wgLpD,4437,75,1,0.0,Qwen3-8B,3,random,random
R_xxslLMPKk8wgLpD,4500,76,0,0.0,Qwen3-8B,1,random,random
R_xxslLMPKk8wgLpD,4565,77,0,0.0,Qwen3-8B,3,random,random
R_xxslLMPKk8wgLpD,4628,78,0,0.0,Qwen3-8B,2,random,random
R_xxslLMPKk8wgLpD,4691,79,2,1.0,Qwen3-8B,3,random,random
R_xxslLMPKk8wgLpD,4754,80,2,1.0,Qwen3-8B,2,random,random
R_xxslLMPKk8wgLpD,4817,81,2,1.0,Qwen3-8B,2,random,random
R_xxslLMPKk8wgLpD,4880,82,1,0.0,Qwen3-8B,1,random,random
R_xxslLMPKk8wgLpD,4944,83,0,0.0,Qwen3-8B,5,random,random
R_xxslLMPKk8wgLpD,5004,84,2,1.0,Qwen3-8B,4,random,random
R_xxslLMPKk8wgLpD,5068,85,2,1.0,Qwen3-8B,4,random,random
R_xxslLMPKk8wgLpD,5131,86,1,0.0,Qwen3-8B,3,random,random
R_xxslLMPKk8wgLpD,5197,87,2,1.0,Qwen3-8B,5,random,random
R_xxslLMPKk8wgLpD,5261,88,1,0.0,Qwen3-8B,3,random,random
R_xxslLMPKk8wgLpD,5325,89,0,0.0,Qwen3-8B,2,random,random
R_xxslLMPKk8wgLpD,5386,90,1,0.0,Qwen3-8B,2,random,random
R_xxslLMPKk8wgLpD,5450,91,1,0.0,Qwen3-8B,3,random,random
R_xxslLMPKk8wgLpD,5514,92,1,0.0,Qwen3-8B,2,random,random
R_xxslLMPKk8wgLpD,5577,93,0,0.0,Qwen3-8B,3,random,random
R_xxslLMPKk8wgLpD,5638,94,1,0.0,Qwen3-8B,3,random,random
R_xxslLMPKk8wgLpD,5701,95,0,0.0,Qwen3-8B,3,random,random
R_xxslLMPKk8wgLpD,5765,96,0,0.0,Qwen3-8B,2,random,random
R_xxslLMPKk8wgLpD,5827,97,1,0.0,Qwen3-8B,4,random,random
R_xxslLMPKk8wgLpD,5890,98,0,0.0,Qwen3-8B,3,random,random
R_xxslLMPKk8wgLpD,5954,99,0,0.0,Qwen3-8B,2,random,random
R_xxslLMPKk8wgLpD,6019,100,2,1.0,Qwen3-8B,3,random,random
R_xxslLMPKk8wgLpD,6074,101,2,1.0,Qwen3-8B,3,random,random
R_xxslLMPKk8wgLpD,6137,102,1,0.0,Qwen3-8B,3,random,random
R_xxslLMPKk8wgLpD,6200,103,1,0.0,Qwen3-8B,4,random,random
R_xxslLMPKk8wgLpD,6262,104,0,0.0,Qwen3-8B,1,random,random
R_xxslLMPKk8wgLpD,6322,105,1,0.0,Qwen3-8B,3,random,random
R_xxslLMPKk8wgLpD,6385,106,1,0.0,Qwen3-8B,2,random,random
R_xxslLMPKk8wgLpD,6448,107,1,0.0,Qwen3-8B,2,random,random
R_xxslLMPKk8wgLpD,6511,108,2,1.0,Qwen3-8B,2,random,random
R_xxslLMPKk8wgLpD,6575,109,0,0.0,Qwen3-8B,2,random,random
R_UKHopurGp7X2qoV,4443,75,1,0.0,Qwen3-8B,3,random,random
R_UKHopurGp7X2qoV,4507,76,1,0.0,Qwen3-8B,1,random,random
R_UKHopurGp7X2qoV,4571,77,0,0.0,Qwen3-8B,3,random,random
R_UKHopurGp7X2qoV,4634,78,0,0.0,Qwen3-8B,2,random,random
R_UKHopurGp7X2qoV,4697,79,4,1.0,Qwen3-8B,3,random,random
R_UKHopurGp7X2qoV,4760,80,1,0.0,Qwen3-8B,2,random,random
R_UKHopurGp7X2qoV,4823,81,0,0.0,Qwen3-8B,2,random,random
R_UKHopurGp7X2qoV,4886,82,1,0.0,Qwen3-8B,1,random,random
R_UKHopurGp7X2qoV,4950,83,0,0.0,Qwen3-8B,5,random,random
R_UKHopurGp7X2qoV,5010,84,4,1.0,Qwen3-8B,4,random,random
R_UKHopurGp7X2qoV,5074,85,2,1.0,Qwen3-8B,4,random,random
R_UKHopurGp7X2qoV,5138,86,2,1.0,Qwen3-8B,3,random,random
R_UKHopurGp7X2qoV,5203,87,3,1.0,Qwen3-8B,5,random,random
R_UKHopurGp7X2qoV,5266,88,2,1.0,Qwen3-8B,3,random,random
R_UKHopurGp7X2qoV,5330,89,0,0.0,Qwen3-8B,2,random,random
R_UKHopurGp7X2qoV,5393,90,4,1.0,Qwen3-8B,2,random,random
R_UKHopurGp7X2qoV,5456,91,3,1.0,Qwen3-8B,3,random,random
R_UKHopurGp7X2qoV,5520,92,4,1.0,Qwen3-8B,2,random,random
R_UKHopurGp7X2qoV,5582,93,3,1.0,Qwen3-8B,3,random,random
R_UKHopurGp7X2qoV,5644,94,1,0.0,Qwen3-8B,3,random,random
R_UKHopurGp7X2qoV,5707,95,4,1.0,Qwen3-8B,3,random,random
R_UKHopurGp7X2qoV,5771,96,0,0.0,Qwen3-8B,2,random,random
R_UKHopurGp7X2qoV,5834,97,2,1.0,Qwen3-8B,4,random,random
R_UKHopurGp7X2qoV,5896,98,0,0.0,Qwen3-8B,3,random,random
R_UKHopurGp7X2qoV,5960,99,1,0.0,Qwen3-8B,2,random,random
R_UKHopurGp7X2qoV,6022,100,3,1.0,Qwen3-8B,3,random,random
R_UKHopurGp7X2qoV,6079,101,0,0.0,Qwen3-8B,3,random,random
R_UKHopurGp7X2qoV,6143,102,1,0.0,Qwen3-8B,3,random,random
R_UKHopurGp7X2qoV,6206,103,4,1.0,Qwen3-8B,4,random,random
R_UKHopurGp7X2qoV,6268,104,1,0.0,Qwen3-8B,1,random,random
R_UKHopurGp7X2qoV,6328,105,4,1.0,Qwen3-8B,3,random,random
R_UKHopurGp7X2qoV,6390,106,4,1.0,Qwen3-8B,2,random,random
R_UKHopurGp7X2qoV,6454,107,4,1.0,Qwen3-8B,2,random,random
R_UKHopurGp7X2qoV,6517,108,2,1.0,Qwen3-8B,2,random,random
R_UKHopurGp7X2qoV,6581,109,1,0.0,Qwen3-8B,2,random,random
R_22yQSqNIWJ3SNKF,4444,75,-1,,Qwen3-8B,3,random,random
R_22yQSqNIWJ3SNKF,4508,76,1,0.0,Qwen3-8B,1,random,random
R_22yQSqNIWJ3SNKF,4572,77,0,0.0,Qwen3-8B,3,random,random
R_22yQSqNIWJ3SNKF,4635,78,0,0.0,Qwen3-8B,2,random,random
R_22yQSqNIWJ3SNKF,4698,79,1,0.0,Qwen3-8B,3,random,random
R_22yQSqNIWJ3SNKF,4761,80,1,0.0,Qwen3-8B,2,random,random
R_22yQSqNIWJ3SNKF,4824,81,2,1.0,Qwen3-8B,2,random,random
R_22yQSqNIWJ3SNKF,4887,82,0,0.0,Qwen3-8B,1,random,random
R_22yQSqNIWJ3SNKF,4951,83,0,0.0,Qwen3-8B,5,random,random
R_22yQSqNIWJ3SNKF,5011,84,1,0.0,Qwen3-8B,4,random,random
R_22yQSqNIWJ3SNKF,5075,85,2,1.0,Qwen3-8B,4,random,random
R_22yQSqNIWJ3SNKF,5139,86,1,0.0,Qwen3-8B,3,random,random
R_22yQSqNIWJ3SNKF,5204,87,1,0.0,Qwen3-8B,5,random,random
R_22yQSqNIWJ3SNKF,5267,88,0,0.0,Qwen3-8B,3,random,random
R_22yQSqNIWJ3SNKF,5331,89,0,0.0,Qwen3-8B,2,random,random
R_22yQSqNIWJ3SNKF,5394,90,0,0.0,Qwen3-8B,2,random,random
R_22yQSqNIWJ3SNKF,5457,91,0,0.0,Qwen3-8B,3,random,random
R_22yQSqNIWJ3SNKF,5521,92,1,0.0,Qwen3-8B,2,random,random
R_22yQSqNIWJ3SNKF,5583,93,2,1.0,Qwen3-8B,3,random,random
R_22yQSqNIWJ3SNKF,5645,94,1,0.0,Qwen3-8B,3,random,random
R_22yQSqNIWJ3SNKF,5708,95,1,0.0,Qwen3-8B,3,random,random
R_22yQSqNIWJ3SNKF,5772,96,0,0.0,Qwen3-8B,2,random,random
R_22yQSqNIWJ3SNKF,5835,97,0,0.0,Qwen3-8B,4,random,random
R_22yQSqNIWJ3SNKF,5897,98,0,0.0,Qwen3-8B,3,random,random
R_22yQSqNIWJ3SNKF,5961,99,0,0.0,Qwen3-8B,2,random,random
R_22yQSqNIWJ3SNKF,6023,100,1,0.0,Qwen3-8B,3,random,random
R_22yQSqNIWJ3SNKF,6080,101,1,0.0,Qwen3-8B,3,random,random
R_22yQSqNIWJ3SNKF,6144,102,1,0.0,Qwen3-8B,3,random,random
R_22yQSqNIWJ3SNKF,6207,103,3,1.0,Qwen3-8B,4,random,random
R_22yQSqNIWJ3SNKF,6269,104,0,0.0,Qwen3-8B,1,random,random
R_22yQSqNIWJ3SNKF,6329,105,1,0.0,Qwen3-8B,3,random,random
R_22yQSqNIWJ3SNKF,6391,106,1,0.0,Qwen3-8B,2,random,random
R_22yQSqNIWJ3SNKF,6455,107,0,0.0,Qwen3-8B,2,random,random
R_22yQSqNIWJ3SNKF,6518,108,0,0.0,Qwen3-8B,2,random,random
R_22yQSqNIWJ3SNKF,6582,109,0,0.0,Qwen3-8B,2,random,random
R_6R7wfnPA85JG5Hz,4484,76,1,0.0,Qwen3-8B,1,random,random
R_6R7wfnPA85JG5Hz,8095,131,0,0.0,Qwen3-8B,3,random,random
R_6R7wfnPA85JG5Hz,22992,360,0,0.0,Qwen3-8B,3,random,random
R_6R7wfnPA85JG5Hz,28635,459,0,0.0,Qwen3-8B,1,random,random
R_6R7wfnPA85JG5Hz,30528,487,3,1.0,Qwen3-8B,4,random,random
R_6R7wfnPA85JG5Hz,34019,542,1,0.0,Qwen3-8B,3,random,random
R_6R7wfnPA85JG5Hz,36796,589,1,0.0,Qwen3-8B,2,random,random
R_6R7wfnPA85JG5Hz,37033,593,2,1.0,Qwen3-8B,3,random,random
R_6R7wfnPA85JG5Hz,40966,659,2,1.0,Qwen3-8B,4,random,random
R_6R7wfnPA85JG5Hz,42549,685,2,1.0,Qwen3-8B,1,random,random
R_6R7wfnPA85JG5Hz,53409,841,1,0.0,Qwen3-8B,2,random,random
R_6R7wfnPA85JG5Hz,54836,865,0,0.0,Qwen3-8B,3,random,random
R_6R7wfnPA85JG5Hz,67820,1074,2,1.0,Qwen3-8B,3,random,random
R_6R7wfnPA85JG5Hz,103805,2435,-1,,Qwen3-8B,2,moral,fairness
R_6R7wfnPA85JG5Hz,103829,2436,0,0.0,Qwen3-8B,1,social-group,muslim
R_6R7wfnPA85JG5Hz,103853,2437,1,0.0,Qwen3-8B,5,social-group,muslim
R_6R7wfnPA85JG5Hz,103877,2438,0,0.0,Qwen3-8B,3,social-group,jewish
R_6R7wfnPA85JG5Hz,103901,2439,0,0.0,Qwen3-8B,2,random,random
R_6R7wfnPA85JG5Hz,103925,2440,2,1.0,Qwen3-8B,3,social-group,jewish
R_6R7wfnPA85JG5Hz,103949,2441,0,0.0,Qwen3-8B,2,social-group,muslim
R_6R7wfnPA85JG5Hz,103973,2442,0,0.0,Qwen3-8B,3,moral,purity
R_6R7wfnPA85JG5Hz,103997,2443,0,0.0,Qwen3-8B,2,social-group,LGB
R_6R7wfnPA85JG5Hz,104021,2444,0,0.0,Qwen3-8B,2,moral,fairness
R_6R7wfnPA85JG5Hz,104045,2445,2,1.0,Qwen3-8B,5,social-group,transgender
R_6R7wfnPA85JG5Hz,104069,2446,0,0.0,Qwen3-8B,4,social-group,transgender
R_6R7wfnPA85JG5Hz,104093,2447,0,0.0,Qwen3-8B,2,random,random
R_6R7wfnPA85JG5Hz,104117,2448,1,0.0,Qwen3-8B,5,social-group,transgender
R_6R7wfnPA85JG5Hz,104141,2449,0,0.0,Qwen3-8B,5,social-group,christian
R_6R7wfnPA85JG5Hz,104165,2450,0,0.0,Qwen3-8B,3,social-group,muslim
R_6R7wfnPA85JG5Hz,104189,2451,0,0.0,Qwen3-8B,1,social-group,transgender
R_6R7wfnPA85JG5Hz,104213,2452,2,1.0,Qwen3-8B,2,random,random
R_6R7wfnPA85JG5Hz,104237,2453,2,1.0,Qwen3-8B,3,social-group,muslim
R_6R7wfnPA85JG5Hz,104261,2454,1,0.0,Qwen3-8B,4,social-group,LGB
R_6R7wfnPA85JG5Hz,104285,2455,2,1.0,Qwen3-8B,3,social-group,transgender
R_6R7wfnPA85JG5Hz,104309,2456,1,0.0,Qwen3-8B,1,social-group,transgender
R_1lc96wGMmjiCmCv,4520,76,0,0.0,Qwen3-8B,1,random,random
R_1lc96wGMmjiCmCv,8129,131,2,1.0,Qwen3-8B,3,random,random
R_1lc96wGMmjiCmCv,23022,360,-1,,Qwen3-8B,3,random,random
R_1lc96wGMmjiCmCv,28664,459,0,0.0,Qwen3-8B,1,random,random
R_1lc96wGMmjiCmCv,30562,487,1,0.0,Qwen3-8B,4,random,random
R_1lc96wGMmjiCmCv,34050,542,1,0.0,Qwen3-8B,3,random,random
R_1lc96wGMmjiCmCv,36831,589,0,0.0,Qwen3-8B,2,random,random
R_1lc96wGMmjiCmCv,37068,593,3,1.0,Qwen3-8B,3,random,random
R_1lc96wGMmjiCmCv,41002,659,4,1.0,Qwen3-8B,4,random,random
R_1lc96wGMmjiCmCv,42589,685,3,1.0,Qwen3-8B,1,random,random
R_1lc96wGMmjiCmCv,53441,841,1,0.0,Qwen3-8B,2,random,random
R_1lc96wGMmjiCmCv,54863,865,1,0.0,Qwen3-8B,3,random,random
R_1lc96wGMmjiCmCv,67850,1074,0,0.0,Qwen3-8B,3,random,random
R_1lc96wGMmjiCmCv,103819,2435,1,0.0,Qwen3-8B,2,moral,fairness
R_1lc96wGMmjiCmCv,103843,2436,4,1.0,Qwen3-8B,1,social-group,muslim
R_1lc96wGMmjiCmCv,103867,2437,3,1.0,Qwen3-8B,5,social-group,muslim
R_1lc96wGMmjiCmCv,103891,2438,0,0.0,Qwen3-8B,3,social-group,jewish
R_1lc96wGMmjiCmCv,103915,2439,0,0.0,Qwen3-8B,2,random,random
R_1lc96wGMmjiCmCv,103939,2440,0,0.0,Qwen3-8B,3,social-group,jewish
R_1lc96wGMmjiCmCv,103963,2441,0,0.0,Qwen3-8B,2,social-group,muslim
R_1lc96wGMmjiCmCv,103987,2442,1,0.0,Qwen3-8B,3,moral,purity
R_1lc96wGMmjiCmCv,104011,2443,2,1.0,Qwen3-8B,2,social-group,LGB
R_1lc96wGMmjiCmCv,104035,2444,1,0.0,Qwen3-8B,2,moral,fairness
R_1lc96wGMmjiCmCv,104059,2445,4,1.0,Qwen3-8B,5,social-group,transgender
R_1lc96wGMmjiCmCv,104083,2446,3,1.0,Qwen3-8B,4,social-group,transgender
R_1lc96wGMmjiCmCv,104107,2447,0,0.0,Qwen3-8B,2,random,random
R_1lc96wGMmjiCmCv,104131,2448,4,1.0,Qwen3-8B,5,social-group,transgender
R_1lc96wGMmjiCmCv,104155,2449,2,1.0,Qwen3-8B,5,social-group,christian
R_1lc96wGMmjiCmCv,104179,2450,2,1.0,Qwen3-8B,3,social-group,muslim
R_1lc96wGMmjiCmCv,104203,2451,0,0.0,Qwen3-8B,1,social-group,transgender
R_1lc96wGMmjiCmCv,104227,2452,0,0.0,Qwen3-8B,2,random,random
R_1lc96wGMmjiCmCv,104251,2453,0,0.0,Qwen3-8B,3,social-group,muslim
R_1lc96wGMmjiCmCv,104275,2454,4,1.0,Qwen3-8B,4,social-group,LGB
R_1lc96wGMmjiCmCv,104299,2455,0,0.0,Qwen3-8B,3,social-group,transgender
R_1lc96wGMmjiCmCv,104323,2456,0,0.0,Qwen3-8B,1,social-group,transgender
R_2zG4bGbH5UN85YV,4668,79,2,1.0,Qwen3-8B,3,random,random
R_2zG4bGbH5UN85YV,10697,173,4,1.0,Qwen3-8B,1,random,random
R_2zG4bGbH5UN85YV,16743,263,-1,,Qwen3-8B,1,random,random
R_2zG4bGbH5UN85YV,32929,524,3,1.0,Qwen3-8B,4,random,random
R_2zG4bGbH5UN85YV,33177,528,0,0.0,Qwen3-8B,3,random,random
R_2zG4bGbH5UN85YV,38629,620,0,0.0,Qwen3-8B,3,random,random
R_2zG4bGbH5UN85YV,41999,676,2,1.0,Qwen3-8B,3,random,random
R_2zG4bGbH5UN85YV,51129,812,1,0.0,Qwen3-8B,4,random,random
R_2zG4bGbH5UN85YV,51129,812,1,0.0,Qwen3-8B,4,moral,purity
R_2zG4bGbH5UN85YV,51129,812,1,0.0,Qwen3-8B,4,random,random
R_2zG4bGbH5UN85YV,51129,812,1,0.0,Qwen3-8B,4,moral,purity
R_2zG4bGbH5UN85YV,51781,821,2,1.0,Qwen3-8B,2,random,random
R_2zG4bGbH5UN85YV,88796,1816,0,0.0,Qwen3-8B,1,moral,authority
R_2zG4bGbH5UN85YV,123932,3290,2,1.0,Qwen3-8B,3,social-group,christian
R_2zG4bGbH5UN85YV,123955,3291,3,1.0,Qwen3-8B,3,random,random
R_2zG4bGbH5UN85YV,123978,3292,4,1.0,Qwen3-8B,5,social-group,jewish
R_2zG4bGbH5UN85YV,124001,3293,0,0.0,Qwen3-8B,3,social-group,jewish
R_2zG4bGbH5UN85YV,124024,3294,1,0.0,Qwen3-8B,1,random,random
R_2zG4bGbH5UN85YV,124047,3295,0,0.0,Qwen3-8B,1,moral,authority
R_2zG4bGbH5UN85YV,124070,3296,3,1.0,Qwen3-8B,3,social-group,transgender
R_2zG4bGbH5UN85YV,124093,3297,0,0.0,Qwen3-8B,3,social-group,LGB
R_2zG4bGbH5UN85YV,124116,3298,0,0.0,Qwen3-8B,2,random,random
R_2zG4bGbH5UN85YV,124139,3299,0,0.0,Qwen3-8B,2,social-group,muslim
R_2zG4bGbH5UN85YV,124162,3300,4,1.0,Qwen3-8B,5,social-group,muslim
R_2zG4bGbH5UN85YV,124185,3301,0,0.0,Qwen3-8B,3,social-group,LGB
R_2zG4bGbH5UN85YV,124208,3302,0,0.0,Qwen3-8B,5,social-group,jewish
R_2zG4bGbH5UN85YV,124231,3303,3,1.0,Qwen3-8B,3,random,random
R_2zG4bGbH5UN85YV,124254,3304,4,1.0,Qwen3-8B,5,social-group,transgender
R_2zG4bGbH5UN85YV,124277,3305,1,0.0,Qwen3-8B,3,random,random
R_2zG4bGbH5UN85YV,124300,3306,4,1.0,Qwen3-8B,3,random,random
R_2zG4bGbH5UN85YV,124323,3307,0,0.0,Qwen3-8B,1,random,random
R_2zG4bGbH5UN85YV,124346,3308,4,1.0,Qwen3-8B,5,social-group,transgender
R_2zG4bGbH5UN85YV,124369,3309,4,1.0,Qwen3-8B,3,social-group,LGB
R_2zG4bGbH5UN85YV,124392,3310,4,1.0,Qwen3-8B,1,social-group,LGB
R_2zG4bGbH5UN85YV,124415,3311,2,1.0,Qwen3-8B,3,social-group,jewish
R_2zG4bGbH5UN85YV,124438,3312,0,0.0,Qwen3-8B,4,social-group,LGB
R_2zG4bGbH5UN85YV,124461,3313,0,0.0,Qwen3-8B,1,moral,fairness
R_2zG4bGbH5UN85YV,124484,3314,1,0.0,Qwen3-8B,1,moral,care
R_1FEBojBM1DFiS0k,4730,80,1,0.0,Qwen3-8B,2,random,random
R_1FEBojBM1DFiS0k,19530,307,1,0.0,Qwen3-8B,2,random,random
R_1FEBojBM1DFiS0k,21224,334,0,0.0,Qwen3-8B,1,random,random
R_1FEBojBM1DFiS0k,25332,400,0,0.0,Qwen3-8B,3,random,random
R_1FEBojBM1DFiS0k,29380,471,0,0.0,Qwen3-8B,3,random,random
R_1FEBojBM1DFiS0k,43238,696,0,0.0,Qwen3-8B,3,random,random
R_1FEBojBM1DFiS0k,53893,849,2,1.0,Qwen3-8B,4,random,random
R_1FEBojBM1DFiS0k,56494,891,0,0.0,Qwen3-8B,3,random,random
R_1FEBojBM1DFiS0k,69521,1104,3,1.0,Qwen3-8B,3,random,random
R_1FEBojBM1DFiS0k,70879,1129,1,0.0,Qwen3-8B,2,random,random
R_1FEBojBM1DFiS0k,72004,1151,0,0.0,Qwen3-8B,1,random,random
R_1FEBojBM1DFiS0k,120983,3166,0,0.0,Qwen3-8B,1,moral,care
R_1FEBojBM1DFiS0k,120983,3166,0,0.0,Qwen3-8B,1,moral,loyalty
R_1FEBojBM1DFiS0k,120983,3166,0,0.0,Qwen3-8B,1,moral,purity
R_1FEBojBM1DFiS0k,120983,3166,0,0.0,Qwen3-8B,1,moral,care
R_1FEBojBM1DFiS0k,120983,3166,0,0.0,Qwen3-8B,1,moral,loyalty
R_1FEBojBM1DFiS0k,120983,3166,0,0.0,Qwen3-8B,1,moral,purity
R_1FEBojBM1DFiS0k,120983,3166,0,0.0,Qwen3-8B,1,moral,care
R_1FEBojBM1DFiS0k,120983,3166,0,0.0,Qwen3-8B,1,moral,loyalty
R_1FEBojBM1DFiS0k,120983,3166,0,0.0,Qwen3-8B,1,moral,purity
R_1FEBojBM1DFiS0k,135771,3795,0,0.0,Qwen3-8B,3,social-group,christian
R_1FEBojBM1DFiS0k,135794,3796,4,1.0,Qwen3-8B,2,social-group,muslim
R_1FEBojBM1DFiS0k,135817,3797,0,0.0,Qwen3-8B,1,social-group,LGB
R_1FEBojBM1DFiS0k,135840,3798,1,0.0,Qwen3-8B,4,social-group,muslim
R_1FEBojBM1DFiS0k,135863,3799,0,0.0,Qwen3-8B,3,social-group,LGB
R_1FEBojBM1DFiS0k,135886,3800,2,1.0,Qwen3-8B,5,social-group,christian
R_1FEBojBM1DFiS0k,135909,3801,2,1.0,Qwen3-8B,5,social-group,muslim
R_1FEBojBM1DFiS0k,135932,3802,0,0.0,Qwen3-8B,2,random,random
R_1FEBojBM1DFiS0k,135955,3803,4,1.0,Qwen3-8B,5,social-group,transgender
R_1FEBojBM1DFiS0k,135978,3804,0,0.0,Qwen3-8B,1,moral,authority
R_1FEBojBM1DFiS0k,136001,3805,0,0.0,Qwen3-8B,4,social-group,muslim
R_1FEBojBM1DFiS0k,136024,3806,0,0.0,Qwen3-8B,2,social-group,muslim
R_1FEBojBM1DFiS0k,136047,3807,0,0.0,Qwen3-8B,2,social-group,LGB
R_1FEBojBM1DFiS0k,136070,3808,0,0.0,Qwen3-8B,1,social-group,jewish
R_1FEBojBM1DFiS0k,136093,3809,2,1.0,Qwen3-8B,2,social-group,LGB
R_1FEBojBM1DFiS0k,136116,3810,0,0.0,Qwen3-8B,2,social-group,christian
R_1FEBojBM1DFiS0k,136139,3811,1,0.0,Qwen3-8B,4,social-group,transgender
R_1FEBojBM1DFiS0k,136162,3812,1,0.0,Qwen3-8B,3,social-group,christian
R_1FEBojBM1DFiS0k,136185,3813,0,0.0,Qwen3-8B,3,random,random
R_1FEBojBM1DFiS0k,136208,3814,0,0.0,Qwen3-8B,3,social-group,transgender
R_1FEBojBM1DFiS0k,136231,3815,1,0.0,Qwen3-8B,3,social-group,transgender
R_1FEBojBM1DFiS0k,136254,3816,2,1.0,Qwen3-8B,2,social-group,christian
R_1FEBojBM1DFiS0k,136277,3817,0,0.0,Qwen3-8B,5,moral,care
R_27mzWa8DB8dhw6X,4739,80,1,0.0,Qwen3-8B,2,random,random
R_27mzWa8DB8dhw6X,19542,307,1,0.0,Qwen3-8B,2,random,random
R_27mzWa8DB8dhw6X,21234,334,0,0.0,Qwen3-8B,1,random,random
R_27mzWa8DB8dhw6X,25340,400,0,0.0,Qwen3-8B,3,random,random
R_27mzWa8DB8dhw6X,29394,471,0,0.0,Qwen3-8B,3,random,random
R_27mzWa8DB8dhw6X,43246,696,0,0.0,Qwen3-8B,3,random,random
R_27mzWa8DB8dhw6X,53902,849,4,1.0,Qwen3-8B,4,random,random
R_27mzWa8DB8dhw6X,56505,891,0,0.0,Qwen3-8B,3,random,random
R_27mzWa8DB8dhw6X,69528,1104,0,0.0,Qwen3-8B,3,random,random
R_27mzWa8DB8dhw6X,70887,1129,0,0.0,Qwen3-8B,2,random,random
R_27mzWa8DB8dhw6X,72012,1151,3,1.0,Qwen3-8B,1,random,random
R_27mzWa8DB8dhw6X,121025,3166,0,0.0,Qwen3-8B,1,moral,care
R_27mzWa8DB8dhw6X,121025,3166,0,0.0,Qwen3-8B,1,moral,loyalty
R_27mzWa8DB8dhw6X,121025,3166,0,0.0,Qwen3-8B,1,moral,purity
R_27mzWa8DB8dhw6X,121025,3166,0,0.0,Qwen3-8B,1,moral,care
R_27mzWa8DB8dhw6X,121025,3166,0,0.0,Qwen3-8B,1,moral,loyalty
R_27mzWa8DB8dhw6X,121025,3166,0,0.0,Qwen3-8B,1,moral,purity
R_27mzWa8DB8dhw6X,121025,3166,0,0.0,Qwen3-8B,1,moral,care
R_27mzWa8DB8dhw6X,121025,3166,0,0.0,Qwen3-8B,1,moral,loyalty
R_27mzWa8DB8dhw6X,121025,3166,0,0.0,Qwen3-8B,1,moral,purity
R_27mzWa8DB8dhw6X,135776,3795,0,0.0,Qwen3-8B,3,social-group,christian
R_27mzWa8DB8dhw6X,135799,3796,0,0.0,Qwen3-8B,2,social-group,muslim
R_27mzWa8DB8dhw6X,135822,3797,0,0.0,Qwen3-8B,1,social-group,LGB
R_27mzWa8DB8dhw6X,135845,3798,1,0.0,Qwen3-8B,4,social-group,muslim
R_27mzWa8DB8dhw6X,135868,3799,0,0.0,Qwen3-8B,3,social-group,LGB
R_27mzWa8DB8dhw6X,135891,3800,0,0.0,Qwen3-8B,5,social-group,christian
R_27mzWa8DB8dhw6X,135914,3801,1,0.0,Qwen3-8B,5,social-group,muslim
R_27mzWa8DB8dhw6X,135937,3802,2,1.0,Qwen3-8B,2,random,random
R_27mzWa8DB8dhw6X,135960,3803,4,1.0,Qwen3-8B,5,social-group,transgender
R_27mzWa8DB8dhw6X,135983,3804,0,0.0,Qwen3-8B,1,moral,authority
R_27mzWa8DB8dhw6X,136006,3805,2,1.0,Qwen3-8B,4,social-group,muslim
R_27mzWa8DB8dhw6X,136029,3806,0,0.0,Qwen3-8B,2,social-group,muslim
R_27mzWa8DB8dhw6X,136052,3807,1,0.0,Qwen3-8B,2,social-group,LGB
R_27mzWa8DB8dhw6X,136075,3808,0,0.0,Qwen3-8B,1,social-group,jewish
R_27mzWa8DB8dhw6X,136098,3809,0,0.0,Qwen3-8B,2,social-group,LGB
R_27mzWa8DB8dhw6X,136121,3810,4,1.0,Qwen3-8B,2,social-group,christian
R_27mzWa8DB8dhw6X,136144,3811,1,0.0,Qwen3-8B,4,social-group,transgender
R_27mzWa8DB8dhw6X,136167,3812,1,0.0,Qwen3-8B,3,social-group,christian
R_27mzWa8DB8dhw6X,136190,3813,0,0.0,Qwen3-8B,3,random,random
R_27mzWa8DB8dhw6X,136213,3814,0,0.0,Qwen3-8B,3,social-group,transgender
R_27mzWa8DB8dhw6X,136236,3815,0,0.0,Qwen3-8B,3,social-group,transgender
R_27mzWa8DB8dhw6X,136259,3816,0,0.0,Qwen3-8B,2,social-group,christian
R_27mzWa8DB8dhw6X,136282,3817,4,1.0,Qwen3-8B,5,moral,care
R_3JK91pfOHGWxDYB,4767,80,1,0.0,Qwen3-8B,2,random,random
R_3JK91pfOHGWxDYB,19567,307,0,0.0,Qwen3-8B,2,random,random
R_3JK91pfOHGWxDYB,21257,334,0,0.0,Qwen3-8B,1,random,random
R_3JK91pfOHGWxDYB,25371,400,2,1.0,Qwen3-8B,3,random,random
R_3JK91pfOHGWxDYB,29414,471,1,0.0,Qwen3-8B,3,random,random
R_3JK91pfOHGWxDYB,43275,696,1,0.0,Qwen3-8B,3,random,random
R_3JK91pfOHGWxDYB,53921,849,4,1.0,Qwen3-8B,4,random,random
R_3JK91pfOHGWxDYB,56530,891,1,0.0,Qwen3-8B,3,random,random
R_3JK91pfOHGWxDYB,69546,1104,1,0.0,Qwen3-8B,3,random,random
R_3JK91pfOHGWxDYB,70906,1129,0,0.0,Qwen3-8B,2,random,random
R_3JK91pfOHGWxDYB,72031,1151,2,1.0,Qwen3-8B,1,random,random
R_3JK91pfOHGWxDYB,121100,3166,0,0.0,Qwen3-8B,1,moral,care
R_3JK91pfOHGWxDYB,121100,3166,0,0.0,Qwen3-8B,1,moral,loyalty
R_3JK91pfOHGWxDYB,121100,3166,0,0.0,Qwen3-8B,1,moral,purity
R_3JK91pfOHGWxDYB,121100,3166,0,0.0,Qwen3-8B,1,moral,care
R_3JK91pfOHGWxDYB,121100,3166,0,0.0,Qwen3-8B,1,moral,loyalty
R_3JK91pfOHGWxDYB,121100,3166,0,0.0,Qwen3-8B,1,moral,purity
R_3JK91pfOHGWxDYB,121100,3166,0,0.0,Qwen3-8B,1,moral,care
R_3JK91pfOHGWxDYB,121100,3166,0,0.0,Qwen3-8B,1,moral,loyalty
R_3JK91pfOHGWxDYB,121100,3166,0,0.0,Qwen3-8B,1,moral,purity
R_3JK91pfOHGWxDYB,135785,3795,2,1.0,Qwen3-8B,3,social-group,christian
R_3JK91pfOHGWxDYB,135808,3796,0,0.0,Qwen3-8B,2,social-group,muslim
R_3JK91pfOHGWxDYB,135831,3797,4,1.0,Qwen3-8B,1,social-group,LGB
R_3JK91pfOHGWxDYB,135854,3798,0,0.0,Qwen3-8B,4,social-group,muslim
R_3JK91pfOHGWxDYB,135877,3799,0,0.0,Qwen3-8B,3,social-group,LGB
R_3JK91pfOHGWxDYB,135900,3800,2,1.0,Qwen3-8B,5,social-group,christian
R_3JK91pfOHGWxDYB,135923,3801,2,1.0,Qwen3-8B,5,social-group,muslim
R_3JK91pfOHGWxDYB,135946,3802,0,0.0,Qwen3-8B,2,random,random
R_3JK91pfOHGWxDYB,135969,3803,2,1.0,Qwen3-8B,5,social-group,transgender
R_3JK91pfOHGWxDYB,135992,3804,0,0.0,Qwen3-8B,1,moral,authority
R_3JK91pfOHGWxDYB,136015,3805,0,0.0,Qwen3-8B,4,social-group,muslim
R_3JK91pfOHGWxDYB,136038,3806,0,0.0,Qwen3-8B,2,social-group,muslim
R_3JK91pfOHGWxDYB,136061,3807,0,0.0,Qwen3-8B,2,social-group,LGB
R_3JK91pfOHGWxDYB,136084,3808,0,0.0,Qwen3-8B,1,social-group,jewish
R_3JK91pfOHGWxDYB,136107,3809,0,0.0,Qwen3-8B,2,social-group,LGB
R_3JK91pfOHGWxDYB,136130,3810,1,0.0,Qwen3-8B,2,social-group,christian
R_3JK91pfOHGWxDYB,136153,3811,4,1.0,Qwen3-8B,4,social-group,transgender
R_3JK91pfOHGWxDYB,136176,3812,0,0.0,Qwen3-8B,3,social-group,christian
R_3JK91pfOHGWxDYB,136199,3813,4,1.0,Qwen3-8B,3,random,random
R_3JK91pfOHGWxDYB,136222,3814,1,0.0,Qwen3-8B,3,social-group,transgender
R_3JK91pfOHGWxDYB,136245,3815,0,0.0,Qwen3-8B,3,social-group,transgender
R_3JK91pfOHGWxDYB,136268,3816,0,0.0,Qwen3-8B,2,social-group,christian
R_3JK91pfOHGWxDYB,136291,3817,1,0.0,Qwen3-8B,5,moral,care
R_1GWwEji0gLkMWCX,4773,80,0,0.0,Qwen3-8B,2,random,random
R_1GWwEji0gLkMWCX,19576,307,0,0.0,Qwen3-8B,2,random,random
R_1GWwEji0gLkMWCX,21265,334,0,0.0,Qwen3-8B,1,random,random
R_1GWwEji0gLkMWCX,25378,400,0,0.0,Qwen3-8B,3,random,random
R_1GWwEji0gLkMWCX,29426,471,0,0.0,Qwen3-8B,3,random,random
R_1GWwEji0gLkMWCX,43284,696,0,0.0,Qwen3-8B,3,random,random
R_1GWwEji0gLkMWCX,53927,849,0,0.0,Qwen3-8B,4,random,random
R_1GWwEji0gLkMWCX,56540,891,0,0.0,Qwen3-8B,3,random,random
R_1GWwEji0gLkMWCX,69553,1104,0,0.0,Qwen3-8B,3,random,random
R_1GWwEji0gLkMWCX,70913,1129,0,0.0,Qwen3-8B,2,random,random
R_1GWwEji0gLkMWCX,72038,1151,0,0.0,Qwen3-8B,1,random,random
R_1GWwEji0gLkMWCX,121127,3166,0,0.0,Qwen3-8B,1,moral,care
R_1GWwEji0gLkMWCX,121127,3166,0,0.0,Qwen3-8B,1,moral,loyalty
R_1GWwEji0gLkMWCX,121127,3166,0,0.0,Qwen3-8B,1,moral,purity
R_1GWwEji0gLkMWCX,121127,3166,0,0.0,Qwen3-8B,1,moral,care
R_1GWwEji0gLkMWCX,121127,3166,0,0.0,Qwen3-8B,1,moral,loyalty
R_1GWwEji0gLkMWCX,121127,3166,0,0.0,Qwen3-8B,1,moral,purity
R_1GWwEji0gLkMWCX,121127,3166,0,0.0,Qwen3-8B,1,moral,care
R_1GWwEji0gLkMWCX,121127,3166,0,0.0,Qwen3-8B,1,moral,loyalty
R_1GWwEji0gLkMWCX,121127,3166,0,0.0,Qwen3-8B,1,moral,purity
R_1GWwEji0gLkMWCX,135788,3795,0,0.0,Qwen3-8B,3,social-group,christian
R_1GWwEji0gLkMWCX,135811,3796,0,0.0,Qwen3-8B,2,social-group,muslim
R_1GWwEji0gLkMWCX,135834,3797,0,0.0,Qwen3-8B,1,social-group,LGB
R_1GWwEji0gLkMWCX,135857,3798,1,0.0,Qwen3-8B,4,social-group,muslim
R_1GWwEji0gLkMWCX,135880,3799,4,1.0,Qwen3-8B,3,social-group,LGB
R_1GWwEji0gLkMWCX,135903,3800,0,0.0,Qwen3-8B,5,social-group,christian
R_1GWwEji0gLkMWCX,135926,3801,2,1.0,Qwen3-8B,5,social-group,muslim
R_1GWwEji0gLkMWCX,135949,3802,4,1.0,Qwen3-8B,2,random,random
R_1GWwEji0gLkMWCX,135972,3803,2,1.0,Qwen3-8B,5,social-group,transgender
R_1GWwEji0gLkMWCX,135995,3804,0,0.0,Qwen3-8B,1,moral,authority
R_1GWwEji0gLkMWCX,136018,3805,3,1.0,Qwen3-8B,4,social-group,muslim
R_1GWwEji0gLkMWCX,136041,3806,0,0.0,Qwen3-8B,2,social-group,muslim
R_1GWwEji0gLkMWCX,136064,3807,0,0.0,Qwen3-8B,2,social-group,LGB
R_1GWwEji0gLkMWCX,136087,3808,0,0.0,Qwen3-8B,1,social-group,jewish
R_1GWwEji0gLkMWCX,136110,3809,0,0.0,Qwen3-8B,2,social-group,LGB
R_1GWwEji0gLkMWCX,136133,3810,0,0.0,Qwen3-8B,2,social-group,christian
R_1GWwEji0gLkMWCX,136156,3811,4,1.0,Qwen3-8B,4,social-group,transgender
R_1GWwEji0gLkMWCX,136179,3812,0,0.0,Qwen3-8B,3,social-group,christian
R_1GWwEji0gLkMWCX,136202,3813,0,0.0,Qwen3-8B,3,random,random
R_1GWwEji0gLkMWCX,136225,3814,0,0.0,Qwen3-8B,3,social-group,transgender
R_1GWwEji0gLkMWCX,136248,3815,0,0.0,Qwen3-8B,3,social-group,transgender
R_1GWwEji0gLkMWCX,136271,3816,0,0.0,Qwen3-8B,2,social-group,christian
R_1GWwEji0gLkMWCX,136294,3817,0,0.0,Qwen3-8B,5,moral,care
R_2dPY6kvrYRyENtB,4914,83,2,1.0,Qwen3-8B,5,random,random
R_2dPY6kvrYRyENtB,17643,278,2,1.0,Qwen3-8B,2,random,random
R_2dPY6kvrYRyENtB,31390,501,2,1.0,Qwen3-8B,1,random,random
R_2dPY6kvrYRyENtB,35547,568,2,1.0,Qwen3-8B,4,random,random
R_2dPY6kvrYRyENtB,35840,573,0,0.0,Qwen3-8B,1,random,random
R_2dPY6kvrYRyENtB,53328,840,2,1.0,Qwen3-8B,3,random,random
R_2dPY6kvrYRyENtB,56559,892,0,0.0,Qwen3-8B,1,random,random
R_2dPY6kvrYRyENtB,70178,1116,1,0.0,Qwen3-8B,3,random,random
R_2dPY6kvrYRyENtB,70771,1127,3,1.0,Qwen3-8B,5,random,random
R_2dPY6kvrYRyENtB,74439,1243,0,0.0,Qwen3-8B,1,moral,purity
R_2dPY6kvrYRyENtB,74439,1243,0,0.0,Qwen3-8B,1,moral,loyalty
R_2dPY6kvrYRyENtB,74439,1243,0,0.0,Qwen3-8B,1,moral,purity
R_2dPY6kvrYRyENtB,74439,1243,0,0.0,Qwen3-8B,1,moral,loyalty
R_2dPY6kvrYRyENtB,86775,1739,0,0.0,Qwen3-8B,1,moral,care
R_2dPY6kvrYRyENtB,110458,2715,0,0.0,Qwen3-8B,5,social-group,muslim
R_2dPY6kvrYRyENtB,110481,2716,0,0.0,Qwen3-8B,3,social-group,transgender
R_2dPY6kvrYRyENtB,110504,2717,0,0.0,Qwen3-8B,1,moral,loyalty
R_2dPY6kvrYRyENtB,110527,2718,1,0.0,Qwen3-8B,1,random,random
R_2dPY6kvrYRyENtB,110550,2719,0,0.0,Qwen3-8B,3,social-group,muslim
R_2dPY6kvrYRyENtB,110573,2720,2,1.0,Qwen3-8B,1,random,random
R_2dPY6kvrYRyENtB,110596,2721,0,0.0,Qwen3-8B,1,random,random
R_2dPY6kvrYRyENtB,110619,2722,1,0.0,Qwen3-8B,3,social-group,transgender
R_2dPY6kvrYRyENtB,110642,2723,1,0.0,Qwen3-8B,3,social-group,transgender
R_2dPY6kvrYRyENtB,110665,2724,1,0.0,Qwen3-8B,2,random,random
R_2dPY6kvrYRyENtB,110688,2725,0,0.0,Qwen3-8B,1,moral,purity
R_2dPY6kvrYRyENtB,110711,2726,1,0.0,Qwen3-8B,2,random,random
R_2dPY6kvrYRyENtB,110734,2727,1,0.0,Qwen3-8B,5,social-group,jewish
R_2dPY6kvrYRyENtB,110757,2728,3,1.0,Qwen3-8B,4,social-group,muslim
R_2dPY6kvrYRyENtB,110780,2729,1,0.0,Qwen3-8B,2,social-group,christian
R_2dPY6kvrYRyENtB,110803,2730,2,1.0,Qwen3-8B,2,social-group,transgender
R_2dPY6kvrYRyENtB,110826,2731,1,0.0,Qwen3-8B,2,random,random
R_2dPY6kvrYRyENtB,110849,2732,0,0.0,Qwen3-8B,1,moral,fairness
R_2dPY6kvrYRyENtB,110872,2733,3,1.0,Qwen3-8B,5,social-group,christian
R_2dPY6kvrYRyENtB,110895,2734,0,0.0,Qwen3-8B,2,moral,fairness
R_2dPY6kvrYRyENtB,110918,2735,1,0.0,Qwen3-8B,2,moral,authority
R_2dPY6kvrYRyENtB,110941,2736,2,1.0,Qwen3-8B,3,social-group,christian
R_2dPY6kvrYRyENtB,110964,2737,1,0.0,Qwen3-8B,3,random,random
R_2dPY6kvrYRyENtB,110987,2738,1,0.0,Qwen3-8B,3,moral,care
R_RmGDW86MxN4vAiJ,4927,83,-1,,Qwen3-8B,5,random,random
R_RmGDW86MxN4vAiJ,17663,278,0,0.0,Qwen3-8B,2,random,random
R_RmGDW86MxN4vAiJ,31405,501,0,0.0,Qwen3-8B,1,random,random
R_RmGDW86MxN4vAiJ,35562,568,0,0.0,Qwen3-8B,4,random,random
R_RmGDW86MxN4vAiJ,35855,573,-1,,Qwen3-8B,1,random,random
R_RmGDW86MxN4vAiJ,53345,840,1,0.0,Qwen3-8B,3,random,random
R_RmGDW86MxN4vAiJ,56576,892,0,0.0,Qwen3-8B,1,random,random
R_RmGDW86MxN4vAiJ,70188,1116,-1,,Qwen3-8B,3,random,random
R_RmGDW86MxN4vAiJ,70783,1127,-1,,Qwen3-8B,5,random,random
R_RmGDW86MxN4vAiJ,74505,1243,0,0.0,Qwen3-8B,1,moral,purity
R_RmGDW86MxN4vAiJ,74505,1243,0,0.0,Qwen3-8B,1,moral,loyalty
R_RmGDW86MxN4vAiJ,74505,1243,0,0.0,Qwen3-8B,1,moral,purity
R_RmGDW86MxN4vAiJ,74505,1243,0,0.0,Qwen3-8B,1,moral,loyalty
R_RmGDW86MxN4vAiJ,86786,1739,0,0.0,Qwen3-8B,1,moral,care
R_RmGDW86MxN4vAiJ,110463,2715,3,1.0,Qwen3-8B,5,social-group,muslim
R_RmGDW86MxN4vAiJ,110486,2716,4,1.0,Qwen3-8B,3,social-group,transgender
R_RmGDW86MxN4vAiJ,110509,2717,0,0.0,Qwen3-8B,1,moral,loyalty
R_RmGDW86MxN4vAiJ,110532,2718,0,0.0,Qwen3-8B,1,random,random
R_RmGDW86MxN4vAiJ,110555,2719,0,0.0,Qwen3-8B,3,social-group,muslim
R_RmGDW86MxN4vAiJ,110578,2720,0,0.0,Qwen3-8B,1,random,random
R_RmGDW86MxN4vAiJ,110601,2721,4,1.0,Qwen3-8B,1,random,random
R_RmGDW86MxN4vAiJ,110624,2722,3,1.0,Qwen3-8B,3,social-group,transgender
R_RmGDW86MxN4vAiJ,110647,2723,0,0.0,Qwen3-8B,3,social-group,transgender
R_RmGDW86MxN4vAiJ,110670,2724,0,0.0,Qwen3-8B,2,random,random
R_RmGDW86MxN4vAiJ,110693,2725,0,0.0,Qwen3-8B,1,moral,purity
R_RmGDW86MxN4vAiJ,110716,2726,0,0.0,Qwen3-8B,2,random,random
R_RmGDW86MxN4vAiJ,110739,2727,-1,,Qwen3-8B,5,social-group,jewish
R_RmGDW86MxN4vAiJ,110762,2728,4,1.0,Qwen3-8B,4,social-group,muslim
R_RmGDW86MxN4vAiJ,110785,2729,0,0.0,Qwen3-8B,2,social-group,christian
R_RmGDW86MxN4vAiJ,110808,2730,-1,,Qwen3-8B,2,social-group,transgender
R_RmGDW86MxN4vAiJ,110831,2731,0,0.0,Qwen3-8B,2,random,random
R_RmGDW86MxN4vAiJ,110854,2732,3,1.0,Qwen3-8B,1,moral,fairness
R_RmGDW86MxN4vAiJ,110877,2733,0,0.0,Qwen3-8B,5,social-group,christian
R_RmGDW86MxN4vAiJ,110900,2734,0,0.0,Qwen3-8B,2,moral,fairness
R_RmGDW86MxN4vAiJ,110923,2735,-1,,Qwen3-8B,2,moral,authority
R_RmGDW86MxN4vAiJ,110946,2736,0,0.0,Qwen3-8B,3,social-group,christian
R_RmGDW86MxN4vAiJ,110969,2737,-1,,Qwen3-8B,3,random,random
R_RmGDW86MxN4vAiJ,110992,2738,0,0.0,Qwen3-8B,3,moral,care
R_3PjdO6grT6LmKLr,4929,83,0,0.0,Qwen3-8B,5,random,random
R_3PjdO6grT6LmKLr,17665,278,0,0.0,Qwen3-8B,2,random,random
R_3PjdO6grT6LmKLr,31407,501,1,0.0,Qwen3-8B,1,random,random
R_3PjdO6grT6LmKLr,35564,568,0,0.0,Qwen3-8B,4,random,random
R_3PjdO6grT6LmKLr,35857,573,0,0.0,Qwen3-8B,1,random,random
R_3PjdO6grT6LmKLr,53347,840,0,0.0,Qwen3-8B,3,random,random
R_3PjdO6grT6LmKLr,56578,892,0,0.0,Qwen3-8B,1,random,random
R_3PjdO6grT6LmKLr,70190,1116,0,0.0,Qwen3-8B,3,random,random
R_3PjdO6grT6LmKLr,70785,1127,1,0.0,Qwen3-8B,5,random,random
R_3PjdO6grT6LmKLr,74523,1243,1,0.0,Qwen3-8B,1,moral,purity
R_3PjdO6grT6LmKLr,74523,1243,1,0.0,Qwen3-8B,1,moral,loyalty
R_3PjdO6grT6LmKLr,74523,1243,1,0.0,Qwen3-8B,1,moral,purity
R_3PjdO6grT6LmKLr,74523,1243,1,0.0,Qwen3-8B,1,moral,loyalty
R_3PjdO6grT6LmKLr,86789,1739,0,0.0,Qwen3-8B,1,moral,care
R_3PjdO6grT6LmKLr,110465,2715,0,0.0,Qwen3-8B,5,social-group,muslim
R_3PjdO6grT6LmKLr,110488,2716,0,0.0,Qwen3-8B,3,social-group,transgender
R_3PjdO6grT6LmKLr,110511,2717,0,0.0,Qwen3-8B,1,moral,loyalty
R_3PjdO6grT6LmKLr,110534,2718,0,0.0,Qwen3-8B,1,random,random
R_3PjdO6grT6LmKLr,110557,2719,0,0.0,Qwen3-8B,3,social-group,muslim
R_3PjdO6grT6LmKLr,110580,2720,0,0.0,Qwen3-8B,1,random,random
R_3PjdO6grT6LmKLr,110603,2721,0,0.0,Qwen3-8B,1,random,random
R_3PjdO6grT6LmKLr,110626,2722,0,0.0,Qwen3-8B,3,social-group,transgender
R_3PjdO6grT6LmKLr,110649,2723,0,0.0,Qwen3-8B,3,social-group,transgender
R_3PjdO6grT6LmKLr,110672,2724,0,0.0,Qwen3-8B,2,random,random
R_3PjdO6grT6LmKLr,110695,2725,0,0.0,Qwen3-8B,1,moral,purity
R_3PjdO6grT6LmKLr,110718,2726,0,0.0,Qwen3-8B,2,random,random
R_3PjdO6grT6LmKLr,110741,2727,1,0.0,Qwen3-8B,5,social-group,jewish
R_3PjdO6grT6LmKLr,110764,2728,1,0.0,Qwen3-8B,4,social-group,muslim
R_3PjdO6grT6LmKLr,110787,2729,0,0.0,Qwen3-8B,2,social-group,christian
R_3PjdO6grT6LmKLr,110810,2730,0,0.0,Qwen3-8B,2,social-group,transgender
R_3PjdO6grT6LmKLr,110833,2731,0,0.0,Qwen3-8B,2,random,random
R_3PjdO6grT6LmKLr,110856,2732,0,0.0,Qwen3-8B,1,moral,fairness
R_3PjdO6grT6LmKLr,110879,2733,2,1.0,Qwen3-8B,5,social-group,christian
R_3PjdO6grT6LmKLr,110902,2734,0,0.0,Qwen3-8B,2,moral,fairness
R_3PjdO6grT6LmKLr,110925,2735,0,0.0,Qwen3-8B,2,moral,authority
R_3PjdO6grT6LmKLr,110948,2736,1,0.0,Qwen3-8B,3,social-group,christian
R_3PjdO6grT6LmKLr,110971,2737,0,0.0,Qwen3-8B,3,random,random
R_3PjdO6grT6LmKLr,110994,2738,0,0.0,Qwen3-8B,3,moral,care
R_2zoNe6x4rdwXQvS,4955,83,1,0.0,Qwen3-8B,5,random,random
R_2zoNe6x4rdwXQvS,17684,278,1,0.0,Qwen3-8B,2,random,random
R_2zoNe6x4rdwXQvS,31428,501,1,0.0,Qwen3-8B,1,random,random
R_2zoNe6x4rdwXQvS,35587,568,1,0.0,Qwen3-8B,4,random,random
R_2zoNe6x4rdwXQvS,35880,573,0,0.0,Qwen3-8B,1,random,random
R_2zoNe6x4rdwXQvS,53370,840,3,1.0,Qwen3-8B,3,random,random
R_2zoNe6x4rdwXQvS,56601,892,0,0.0,Qwen3-8B,1,random,random
R_2zoNe6x4rdwXQvS,70206,1116,0,0.0,Qwen3-8B,3,random,random
R_2zoNe6x4rdwXQvS,70802,1127,2,1.0,Qwen3-8B,5,random,random
R_2zoNe6x4rdwXQvS,74597,1243,1,0.0,Qwen3-8B,1,moral,purity
R_2zoNe6x4rdwXQvS,74597,1243,1,0.0,Qwen3-8B,1,moral,loyalty
R_2zoNe6x4rdwXQvS,74597,1243,1,0.0,Qwen3-8B,1,moral,purity
R_2zoNe6x4rdwXQvS,74597,1243,1,0.0,Qwen3-8B,1,moral,loyalty
R_2zoNe6x4rdwXQvS,86799,1739,0,0.0,Qwen3-8B,1,moral,care
R_2zoNe6x4rdwXQvS,110472,2715,1,0.0,Qwen3-8B,5,social-group,muslim
R_2zoNe6x4rdwXQvS,110495,2716,1,0.0,Qwen3-8B,3,social-group,transgender
R_2zoNe6x4rdwXQvS,110518,2717,0,0.0,Qwen3-8B,1,moral,loyalty
R_2zoNe6x4rdwXQvS,110541,2718,3,1.0,Qwen3-8B,1,random,random
R_2zoNe6x4rdwXQvS,110564,2719,0,0.0,Qwen3-8B,3,social-group,muslim
R_2zoNe6x4rdwXQvS,110587,2720,2,1.0,Qwen3-8B,1,random,random
R_2zoNe6x4rdwXQvS,110610,2721,0,0.0,Qwen3-8B,1,random,random
R_2zoNe6x4rdwXQvS,110633,2722,1,0.0,Qwen3-8B,3,social-group,transgender
R_2zoNe6x4rdwXQvS,110656,2723,1,0.0,Qwen3-8B,3,social-group,transgender
R_2zoNe6x4rdwXQvS,110679,2724,0,0.0,Qwen3-8B,2,random,random
R_2zoNe6x4rdwXQvS,110702,2725,0,0.0,Qwen3-8B,1,moral,purity
R_2zoNe6x4rdwXQvS,110725,2726,0,0.0,Qwen3-8B,2,random,random
R_2zoNe6x4rdwXQvS,110748,2727,4,1.0,Qwen3-8B,5,social-group,jewish
R_2zoNe6x4rdwXQvS,110771,2728,2,1.0,Qwen3-8B,4,social-group,muslim
R_2zoNe6x4rdwXQvS,110794,2729,0,0.0,Qwen3-8B,2,social-group,christian
R_2zoNe6x4rdwXQvS,110817,2730,0,0.0,Qwen3-8B,2,social-group,transgender
R_2zoNe6x4rdwXQvS,110840,2731,0,0.0,Qwen3-8B,2,random,random
R_2zoNe6x4rdwXQvS,110863,2732,0,0.0,Qwen3-8B,1,moral,fairness
R_2zoNe6x4rdwXQvS,110886,2733,2,1.0,Qwen3-8B,5,social-group,christian
R_2zoNe6x4rdwXQvS,110909,2734,1,0.0,Qwen3-8B,2,moral,fairness
R_2zoNe6x4rdwXQvS,110932,2735,1,0.0,Qwen3-8B,2,moral,authority
R_2zoNe6x4rdwXQvS,110955,2736,1,0.0,Qwen3-8B,3,social-group,christian
R_2zoNe6x4rdwXQvS,110978,2737,0,0.0,Qwen3-8B,3,random,random
R_2zoNe6x4rdwXQvS,111001,2738,0,0.0,Qwen3-8B,3,moral,care
R_3g7ALOWm45SgI1K,4956,83,0,0.0,Qwen3-8B,5,random,random
R_3g7ALOWm45SgI1K,17685,278,3,1.0,Qwen3-8B,2,random,random
R_3g7ALOWm45SgI1K,31429,501,1,0.0,Qwen3-8B,1,random,random
R_3g7ALOWm45SgI1K,35588,568,3,1.0,Qwen3-8B,4,random,random
R_3g7ALOWm45SgI1K,35881,573,0,0.0,Qwen3-8B,1,random,random
R_3g7ALOWm45SgI1K,53371,840,4,1.0,Qwen3-8B,3,random,random
R_3g7ALOWm45SgI1K,56602,892,0,0.0,Qwen3-8B,1,random,random
R_3g7ALOWm45SgI1K,70207,1116,3,1.0,Qwen3-8B,3,random,random
R_3g7ALOWm45SgI1K,70803,1127,4,1.0,Qwen3-8B,5,random,random
R_3g7ALOWm45SgI1K,74607,1243,2,1.0,Qwen3-8B,1,moral,purity
R_3g7ALOWm45SgI1K,74607,1243,2,1.0,Qwen3-8B,1,moral,loyalty
R_3g7ALOWm45SgI1K,74607,1243,2,1.0,Qwen3-8B,1,moral,purity
R_3g7ALOWm45SgI1K,74607,1243,2,1.0,Qwen3-8B,1,moral,loyalty
R_3g7ALOWm45SgI1K,86801,1739,0,0.0,Qwen3-8B,1,moral,care
R_3g7ALOWm45SgI1K,110473,2715,0,0.0,Qwen3-8B,5,social-group,muslim
R_3g7ALOWm45SgI1K,110496,2716,2,1.0,Qwen3-8B,3,social-group,transgender
R_3g7ALOWm45SgI1K,110519,2717,0,0.0,Qwen3-8B,1,moral,loyalty
R_3g7ALOWm45SgI1K,110542,2718,4,1.0,Qwen3-8B,1,random,random
R_3g7ALOWm45SgI1K,110565,2719,0,0.0,Qwen3-8B,3,social-group,muslim
R_3g7ALOWm45SgI1K,110588,2720,1,0.0,Qwen3-8B,1,random,random
R_3g7ALOWm45SgI1K,110611,2721,0,0.0,Qwen3-8B,1,random,random
R_3g7ALOWm45SgI1K,110634,2722,2,1.0,Qwen3-8B,3,social-group,transgender
R_3g7ALOWm45SgI1K,110657,2723,4,1.0,Qwen3-8B,3,social-group,transgender
R_3g7ALOWm45SgI1K,110680,2724,0,0.0,Qwen3-8B,2,random,random
R_3g7ALOWm45SgI1K,110703,2725,0,0.0,Qwen3-8B,1,moral,purity
R_3g7ALOWm45SgI1K,110726,2726,2,1.0,Qwen3-8B,2,random,random
R_3g7ALOWm45SgI1K,110749,2727,4,1.0,Qwen3-8B,5,social-group,jewish
R_3g7ALOWm45SgI1K,110772,2728,3,1.0,Qwen3-8B,4,social-group,muslim
R_3g7ALOWm45SgI1K,110795,2729,2,1.0,Qwen3-8B,2,social-group,christian
R_3g7ALOWm45SgI1K,110818,2730,0,0.0,Qwen3-8B,2,social-group,transgender
R_3g7ALOWm45SgI1K,110841,2731,0,0.0,Qwen3-8B,2,random,random
R_3g7ALOWm45SgI1K,110864,2732,0,0.0,Qwen3-8B,1,moral,fairness
R_3g7ALOWm45SgI1K,110887,2733,4,1.0,Qwen3-8B,5,social-group,christian
R_3g7ALOWm45SgI1K,110910,2734,0,0.0,Qwen3-8B,2,moral,fairness
R_3g7ALOWm45SgI1K,110933,2735,0,0.0,Qwen3-8B,2,moral,authority
R_3g7ALOWm45SgI1K,110956,2736,4,1.0,Qwen3-8B,3,social-group,christian
R_3g7ALOWm45SgI1K,110979,2737,1,0.0,Qwen3-8B,3,random,random
R_3g7ALOWm45SgI1K,111002,2738,0,0.0,Qwen3-8B,3,moral,care
R_Tqu6nS59qsXV985,5046,85,3,1.0,Qwen3-8B,4,random,random
R_Tqu6nS59qsXV985,9318,151,4,1.0,Qwen3-8B,3,random,random
R_Tqu6nS59qsXV985,10292,166,0,0.0,Qwen3-8B,2,random,random
R_Tqu6nS59qsXV985,15817,248,1,0.0,Qwen3-8B,3,random,random
R_Tqu6nS59qsXV985,17534,276,3,1.0,Qwen3-8B,2,random,random
R_Tqu6nS59qsXV985,28108,449,1,0.0,Qwen3-8B,1,random,random
R_Tqu6nS59qsXV985,34367,548,3,1.0,Qwen3-8B,3,random,random
R_Tqu6nS59qsXV985,34725,554,4,1.0,Qwen3-8B,3,random,random
R_Tqu6nS59qsXV985,51270,813,2,1.0,Qwen3-8B,3,random,random
R_Tqu6nS59qsXV985,55774,881,4,1.0,Qwen3-8B,2,random,random
R_Tqu6nS59qsXV985,58612,920,0,0.0,Qwen3-8B,3,random,random
R_Tqu6nS59qsXV985,64045,1014,0,0.0,Qwen3-8B,3,random,random
R_Tqu6nS59qsXV985,68875,1092,0,0.0,Qwen3-8B,3,random,random
R_Tqu6nS59qsXV985,87170,1756,1,0.0,Qwen3-8B,5,social-group,jewish
R_Tqu6nS59qsXV985,87194,1757,0,0.0,Qwen3-8B,3,random,random
R_Tqu6nS59qsXV985,87218,1758,2,1.0,Qwen3-8B,1,moral,fairness
R_Tqu6nS59qsXV985,87242,1759,1,0.0,Qwen3-8B,3,social-group,jewish
R_Tqu6nS59qsXV985,87266,1760,2,1.0,Qwen3-8B,5,social-group,jewish
R_Tqu6nS59qsXV985,87290,1761,1,0.0,Qwen3-8B,3,random,random
R_Tqu6nS59qsXV985,87314,1762,4,1.0,Qwen3-8B,5,social-group,christian
R_Tqu6nS59qsXV985,87338,1763,2,1.0,Qwen3-8B,3,social-group,christian
R_Tqu6nS59qsXV985,87362,1764,0,0.0,Qwen3-8B,1,random,random
R_Tqu6nS59qsXV985,87386,1765,4,1.0,Qwen3-8B,3,social-group,christian
R_Tqu6nS59qsXV985,87410,1766,4,1.0,Qwen3-8B,4,social-group,christian
R_Tqu6nS59qsXV985,87434,1767,0,0.0,Qwen3-8B,4,social-group,jewish
R_Tqu6nS59qsXV985,87458,1768,2,1.0,Qwen3-8B,3,social-group,jewish
R_Tqu6nS59qsXV985,87482,1769,3,1.0,Qwen3-8B,4,social-group,transgender
R_Tqu6nS59qsXV985,87506,1770,2,1.0,Qwen3-8B,4,random,random
R_Tqu6nS59qsXV985,87530,1771,0,0.0,Qwen3-8B,1,random,random
R_Tqu6nS59qsXV985,87578,1772,0,0.0,Qwen3-8B,1,moral,care
R_Tqu6nS59qsXV985,87578,1772,0,0.0,Qwen3-8B,1,moral,purity
R_Tqu6nS59qsXV985,87578,1772,0,0.0,Qwen3-8B,1,moral,care
R_Tqu6nS59qsXV985,87578,1772,0,0.0,Qwen3-8B,1,moral,purity
R_Tqu6nS59qsXV985,87654,1773,4,1.0,Qwen3-8B,4,moral,care
R_Tqu6nS59qsXV985,87693,1774,4,1.0,Qwen3-8B,5,social-group,jewish
R_Tqu6nS59qsXV985,87717,1775,3,1.0,Qwen3-8B,3,social-group,transgender
R_Tqu6nS59qsXV985,87741,1776,4,1.0,Qwen3-8B,2,social-group,LGB
R_Tqu6nS59qsXV985,87765,1777,3,1.0,Qwen3-8B,5,social-group,transgender
R_29vr3KNMpB7QwOH,5065,85,0,0.0,Qwen3-8B,4,random,random
R_29vr3KNMpB7QwOH,9337,151,2,1.0,Qwen3-8B,3,random,random
R_29vr3KNMpB7QwOH,10311,166,1,0.0,Qwen3-8B,2,random,random
R_29vr3KNMpB7QwOH,15840,248,4,1.0,Qwen3-8B,3,random,random
R_29vr3KNMpB7QwOH,17550,276,3,1.0,Qwen3-8B,2,random,random
R_29vr3KNMpB7QwOH,28123,449,1,0.0,Qwen3-8B,1,random,random
R_29vr3KNMpB7QwOH,34385,548,4,1.0,Qwen3-8B,3,random,random
R_29vr3KNMpB7QwOH,34743,554,3,1.0,Qwen3-8B,3,random,random
R_29vr3KNMpB7QwOH,51290,813,1,0.0,Qwen3-8B,3,random,random
R_29vr3KNMpB7QwOH,55795,881,2,1.0,Qwen3-8B,2,random,random
R_29vr3KNMpB7QwOH,58627,920,3,1.0,Qwen3-8B,3,random,random
R_29vr3KNMpB7QwOH,64065,1014,2,1.0,Qwen3-8B,3,random,random
R_29vr3KNMpB7QwOH,68885,1092,2,1.0,Qwen3-8B,3,random,random
R_29vr3KNMpB7QwOH,87176,1756,2,1.0,Qwen3-8B,5,social-group,jewish
R_29vr3KNMpB7QwOH,87200,1757,2,1.0,Qwen3-8B,3,random,random
R_29vr3KNMpB7QwOH,87224,1758,3,1.0,Qwen3-8B,1,moral,fairness
R_29vr3KNMpB7QwOH,87248,1759,0,0.0,Qwen3-8B,3,social-group,jewish
R_29vr3KNMpB7QwOH,87272,1760,4,1.0,Qwen3-8B,5,social-group,jewish
R_29vr3KNMpB7QwOH,87296,1761,2,1.0,Qwen3-8B,3,random,random
R_29vr3KNMpB7QwOH,87320,1762,4,1.0,Qwen3-8B,5,social-group,christian
R_29vr3KNMpB7QwOH,87344,1763,4,1.0,Qwen3-8B,3,social-group,christian
R_29vr3KNMpB7QwOH,87368,1764,2,1.0,Qwen3-8B,1,random,random
R_29vr3KNMpB7QwOH,87392,1765,4,1.0,Qwen3-8B,3,social-group,christian
R_29vr3KNMpB7QwOH,87416,1766,4,1.0,Qwen3-8B,4,social-group,christian
R_29vr3KNMpB7QwOH,87440,1767,4,1.0,Qwen3-8B,4,social-group,jewish
R_29vr3KNMpB7QwOH,87464,1768,4,1.0,Qwen3-8B,3,social-group,jewish
R_29vr3KNMpB7QwOH,87488,1769,4,1.0,Qwen3-8B,4,social-group,transgender
R_29vr3KNMpB7QwOH,87512,1770,4,1.0,Qwen3-8B,4,random,random
R_29vr3KNMpB7QwOH,87536,1771,1,0.0,Qwen3-8B,1,random,random
R_29vr3KNMpB7QwOH,87602,1772,0,0.0,Qwen3-8B,1,moral,care
R_29vr3KNMpB7QwOH,87602,1772,0,0.0,Qwen3-8B,1,moral,purity
R_29vr3KNMpB7QwOH,87602,1772,0,0.0,Qwen3-8B,1,moral,care
R_29vr3KNMpB7QwOH,87602,1772,0,0.0,Qwen3-8B,1,moral,purity
R_29vr3KNMpB7QwOH,87664,1773,4,1.0,Qwen3-8B,4,moral,care
R_29vr3KNMpB7QwOH,87699,1774,4,1.0,Qwen3-8B,5,social-group,jewish
R_29vr3KNMpB7QwOH,87723,1775,0,0.0,Qwen3-8B,3,social-group,transgender
R_29vr3KNMpB7QwOH,87747,1776,1,0.0,Qwen3-8B,2,social-group,LGB
R_29vr3KNMpB7QwOH,87771,1777,4,1.0,Qwen3-8B,5,social-group,transgender
R_2907jHdkNUA8J21,5069,85,0,0.0,Qwen3-8B,4,random,random
R_2907jHdkNUA8J21,9341,151,0,0.0,Qwen3-8B,3,random,random
R_2907jHdkNUA8J21,10315,166,0,0.0,Qwen3-8B,2,random,random
R_2907jHdkNUA8J21,15843,248,1,0.0,Qwen3-8B,3,random,random
R_2907jHdkNUA8J21,17554,276,2,1.0,Qwen3-8B,2,random,random
R_2907jHdkNUA8J21,28128,449,2,1.0,Qwen3-8B,1,random,random
R_2907jHdkNUA8J21,34389,548,0,0.0,Qwen3-8B,3,random,random
R_2907jHdkNUA8J21,34747,554,1,0.0,Qwen3-8B,3,random,random
R_2907jHdkNUA8J21,51294,813,3,1.0,Qwen3-8B,3,random,random
R_2907jHdkNUA8J21,55800,881,0,0.0,Qwen3-8B,2,random,random
R_2907jHdkNUA8J21,58632,920,1,0.0,Qwen3-8B,3,random,random
R_2907jHdkNUA8J21,64070,1014,0,0.0,Qwen3-8B,3,random,random
R_2907jHdkNUA8J21,68890,1092,2,1.0,Qwen3-8B,3,random,random
R_2907jHdkNUA8J21,87177,1756,1,0.0,Qwen3-8B,5,social-group,jewish
R_2907jHdkNUA8J21,87201,1757,1,0.0,Qwen3-8B,3,random,random
R_2907jHdkNUA8J21,87225,1758,2,1.0,Qwen3-8B,1,moral,fairness
R_2907jHdkNUA8J21,87249,1759,2,1.0,Qwen3-8B,3,social-group,jewish
R_2907jHdkNUA8J21,87273,1760,1,0.0,Qwen3-8B,5,social-group,jewish
R_2907jHdkNUA8J21,87297,1761,-1,,Qwen3-8B,3,random,random
R_2907jHdkNUA8J21,87321,1762,2,1.0,Qwen3-8B,5,social-group,christian
R_2907jHdkNUA8J21,87345,1763,2,1.0,Qwen3-8B,3,social-group,christian
R_2907jHdkNUA8J21,87369,1764,0,0.0,Qwen3-8B,1,random,random
R_2907jHdkNUA8J21,87393,1765,4,1.0,Qwen3-8B,3,social-group,christian
R_2907jHdkNUA8J21,87417,1766,0,0.0,Qwen3-8B,4,social-group,christian
R_2907jHdkNUA8J21,87441,1767,0,0.0,Qwen3-8B,4,social-group,jewish
R_2907jHdkNUA8J21,87465,1768,0,0.0,Qwen3-8B,3,social-group,jewish
R_2907jHdkNUA8J21,87489,1769,2,1.0,Qwen3-8B,4,social-group,transgender
R_2907jHdkNUA8J21,87513,1770,2,1.0,Qwen3-8B,4,random,random
R_2907jHdkNUA8J21,87537,1771,1,0.0,Qwen3-8B,1,random,random
R_2907jHdkNUA8J21,87604,1772,0,0.0,Qwen3-8B,1,moral,care
R_2907jHdkNUA8J21,87604,1772,0,0.0,Qwen3-8B,1,moral,purity
R_2907jHdkNUA8J21,87604,1772,0,0.0,Qwen3-8B,1,moral,care
R_2907jHdkNUA8J21,87604,1772,0,0.0,Qwen3-8B,1,moral,purity
R_2907jHdkNUA8J21,87667,1773,4,1.0,Qwen3-8B,4,moral,care
R_2907jHdkNUA8J21,87700,1774,0,0.0,Qwen3-8B,5,social-group,jewish
R_2907jHdkNUA8J21,87724,1775,0,0.0,Qwen3-8B,3,social-group,transgender
R_2907jHdkNUA8J21,87748,1776,1,0.0,Qwen3-8B,2,social-group,LGB
R_2907jHdkNUA8J21,87772,1777,2,1.0,Qwen3-8B,5,social-group,transgender
R_2us3iFaZeYi56Ho,5085,85,0,0.0,Qwen3-8B,4,random,random
R_2us3iFaZeYi56Ho,9353,151,0,0.0,Qwen3-8B,3,random,random
R_2us3iFaZeYi56Ho,10327,166,-1,,Qwen3-8B,2,random,random
R_2us3iFaZeYi56Ho,15861,248,-1,,Qwen3-8B,3,random,random
R_2us3iFaZeYi56Ho,17568,276,-1,,Qwen3-8B,2,random,random
R_2us3iFaZeYi56Ho,28141,449,-1,,Qwen3-8B,1,random,random
R_2us3iFaZeYi56Ho,34400,548,0,0.0,Qwen3-8B,3,random,random
R_2us3iFaZeYi56Ho,34758,554,0,0.0,Qwen3-8B,3,random,random
R_2us3iFaZeYi56Ho,51305,813,-1,,Qwen3-8B,3,random,random
R_2us3iFaZeYi56Ho,55816,881,0,0.0,Qwen3-8B,2,random,random
R_2us3iFaZeYi56Ho,58643,920,-1,,Qwen3-8B,3,random,random
R_2us3iFaZeYi56Ho,64085,1014,0,0.0,Qwen3-8B,3,random,random
R_2us3iFaZeYi56Ho,68903,1092,-1,,Qwen3-8B,3,random,random
R_2us3iFaZeYi56Ho,87183,1756,0,0.0,Qwen3-8B,5,social-group,jewish
R_2us3iFaZeYi56Ho,87207,1757,0,0.0,Qwen3-8B,3,random,random
R_2us3iFaZeYi56Ho,87231,1758,-1,,Qwen3-8B,1,moral,fairness
R_2us3iFaZeYi56Ho,87255,1759,0,0.0,Qwen3-8B,3,social-group,jewish
R_2us3iFaZeYi56Ho,87279,1760,0,0.0,Qwen3-8B,5,social-group,jewish
R_2us3iFaZeYi56Ho,87303,1761,-1,,Qwen3-8B,3,random,random
R_2us3iFaZeYi56Ho,87327,1762,2,1.0,Qwen3-8B,5,social-group,christian
R_2us3iFaZeYi56Ho,87351,1763,0,0.0,Qwen3-8B,3,social-group,christian
R_2us3iFaZeYi56Ho,87375,1764,0,0.0,Qwen3-8B,1,random,random
R_2us3iFaZeYi56Ho,87399,1765,0,0.0,Qwen3-8B,3,social-group,christian
R_2us3iFaZeYi56Ho,87423,1766,0,0.0,Qwen3-8B,4,social-group,christian
R_2us3iFaZeYi56Ho,87447,1767,-1,,Qwen3-8B,4,social-group,jewish
R_2us3iFaZeYi56Ho,87471,1768,0,0.0,Qwen3-8B,3,social-group,jewish
R_2us3iFaZeYi56Ho,87495,1769,0,0.0,Qwen3-8B,4,social-group,transgender
R_2us3iFaZeYi56Ho,87519,1770,0,0.0,Qwen3-8B,4,random,random
R_2us3iFaZeYi56Ho,87543,1771,-1,,Qwen3-8B,1,random,random
R_2us3iFaZeYi56Ho,87626,1772,0,0.0,Qwen3-8B,1,moral,care
R_2us3iFaZeYi56Ho,87626,1772,0,0.0,Qwen3-8B,1,moral,purity
R_2us3iFaZeYi56Ho,87626,1772,0,0.0,Qwen3-8B,1,moral,care
R_2us3iFaZeYi56Ho,87626,1772,0,0.0,Qwen3-8B,1,moral,purity
R_2us3iFaZeYi56Ho,87679,1773,3,1.0,Qwen3-8B,4,moral,care
R_2us3iFaZeYi56Ho,87706,1774,-1,,Qwen3-8B,5,social-group,jewish
R_2us3iFaZeYi56Ho,87730,1775,-1,,Qwen3-8B,3,social-group,transgender
R_2us3iFaZeYi56Ho,87754,1776,-1,,Qwen3-8B,2,social-group,LGB
R_2us3iFaZeYi56Ho,87778,1777,0,0.0,Qwen3-8B,5,social-group,transgender
R_3ndUl8A7uNaJyei,5087,85,2,1.0,Qwen3-8B,4,random,random
R_3ndUl8A7uNaJyei,9355,151,4,1.0,Qwen3-8B,3,random,random
R_3ndUl8A7uNaJyei,10329,166,0,0.0,Qwen3-8B,2,random,random
R_3ndUl8A7uNaJyei,15863,248,2,1.0,Qwen3-8B,3,random,random
R_3ndUl8A7uNaJyei,17570,276,4,1.0,Qwen3-8B,2,random,random
R_3ndUl8A7uNaJyei,28143,449,3,1.0,Qwen3-8B,1,random,random
R_3ndUl8A7uNaJyei,34404,548,2,1.0,Qwen3-8B,3,random,random
R_3ndUl8A7uNaJyei,34762,554,-1,,Qwen3-8B,3,random,random
R_3ndUl8A7uNaJyei,51309,813,0,0.0,Qwen3-8B,3,random,random
R_3ndUl8A7uNaJyei,55818,881,2,1.0,Qwen3-8B,2,random,random
R_3ndUl8A7uNaJyei,58647,920,-1,,Qwen3-8B,3,random,random
R_3ndUl8A7uNaJyei,64087,1014,0,0.0,Qwen3-8B,3,random,random
R_3ndUl8A7uNaJyei,68905,1092,1,0.0,Qwen3-8B,3,random,random
R_3ndUl8A7uNaJyei,87185,1756,1,0.0,Qwen3-8B,5,social-group,jewish
R_3ndUl8A7uNaJyei,87209,1757,1,0.0,Qwen3-8B,3,random,random
R_3ndUl8A7uNaJyei,87233,1758,2,1.0,Qwen3-8B,1,moral,fairness
R_3ndUl8A7uNaJyei,87257,1759,0,0.0,Qwen3-8B,3,social-group,jewish
R_3ndUl8A7uNaJyei,87281,1760,4,1.0,Qwen3-8B,5,social-group,jewish
R_3ndUl8A7uNaJyei,87305,1761,4,1.0,Qwen3-8B,3,random,random
R_3ndUl8A7uNaJyei,87329,1762,0,0.0,Qwen3-8B,5,social-group,christian
R_3ndUl8A7uNaJyei,87353,1763,1,0.0,Qwen3-8B,3,social-group,christian
R_3ndUl8A7uNaJyei,87377,1764,1,0.0,Qwen3-8B,1,random,random
R_3ndUl8A7uNaJyei,87401,1765,1,0.0,Qwen3-8B,3,social-group,christian
R_3ndUl8A7uNaJyei,87425,1766,1,0.0,Qwen3-8B,4,social-group,christian
R_3ndUl8A7uNaJyei,87449,1767,2,1.0,Qwen3-8B,4,social-group,jewish
R_3ndUl8A7uNaJyei,87473,1768,3,1.0,Qwen3-8B,3,social-group,jewish
R_3ndUl8A7uNaJyei,87497,1769,4,1.0,Qwen3-8B,4,social-group,transgender
R_3ndUl8A7uNaJyei,87521,1770,-1,,Qwen3-8B,4,random,random
R_3ndUl8A7uNaJyei,87545,1771,0,0.0,Qwen3-8B,1,random,random
R_3ndUl8A7uNaJyei,87636,1772,0,0.0,Qwen3-8B,1,moral,care
R_3ndUl8A7uNaJyei,87636,1772,0,0.0,Qwen3-8B,1,moral,purity
R_3ndUl8A7uNaJyei,87636,1772,0,0.0,Qwen3-8B,1,moral,care
R_3ndUl8A7uNaJyei,87636,1772,0,0.0,Qwen3-8B,1,moral,purity
R_3ndUl8A7uNaJyei,87684,1773,2,1.0,Qwen3-8B,4,moral,care
R_3ndUl8A7uNaJyei,87708,1774,4,1.0,Qwen3-8B,5,social-group,jewish
R_3ndUl8A7uNaJyei,87732,1775,4,1.0,Qwen3-8B,3,social-group,transgender
R_3ndUl8A7uNaJyei,87756,1776,2,1.0,Qwen3-8B,2,social-group,LGB
R_3ndUl8A7uNaJyei,87780,1777,4,1.0,Qwen3-8B,5,social-group,transgender
R_Y60v33lWWn3fax3,5173,87,4,1.0,Qwen3-8B,5,random,random
R_Y60v33lWWn3fax3,11628,188,2,1.0,Qwen3-8B,5,random,random
R_Y60v33lWWn3fax3,22811,357,2,1.0,Qwen3-8B,3,random,random
R_Y60v33lWWn3fax3,23046,361,0,0.0,Qwen3-8B,1,random,random
R_Y60v33lWWn3fax3,29316,470,2,1.0,Qwen3-8B,3,random,random
R_Y60v33lWWn3fax3,52324,828,4,1.0,Qwen3-8B,1,random,random
R_Y60v33lWWn3fax3,52324,828,4,1.0,Qwen3-8B,1,moral,loyalty
R_Y60v33lWWn3fax3,52324,828,4,1.0,Qwen3-8B,1,random,random
R_Y60v33lWWn3fax3,52324,828,4,1.0,Qwen3-8B,1,moral,loyalty
R_Y60v33lWWn3fax3,54711,863,4,1.0,Qwen3-8B,5,random,random
R_Y60v33lWWn3fax3,55410,875,0,0.0,Qwen3-8B,2,random,random
R_Y60v33lWWn3fax3,116045,2952,3,1.0,Qwen3-8B,3,random,random
R_Y60v33lWWn3fax3,116045,2952,3,1.0,Qwen3-8B,3,moral,care
R_Y60v33lWWn3fax3,116045,2952,3,1.0,Qwen3-8B,3,random,random
R_Y60v33lWWn3fax3,116045,2952,3,1.0,Qwen3-8B,3,moral,care
R_Y60v33lWWn3fax3,128185,3472,0,0.0,Qwen3-8B,1,social-group,christian
R_Y60v33lWWn3fax3,128210,3473,0,0.0,Qwen3-8B,1,moral,purity
R_Y60v33lWWn3fax3,128235,3474,1,0.0,Qwen3-8B,3,social-group,LGB
R_Y60v33lWWn3fax3,128260,3475,4,1.0,Qwen3-8B,4,social-group,christian
R_Y60v33lWWn3fax3,128285,3476,1,0.0,Qwen3-8B,3,social-group,transgender
R_Y60v33lWWn3fax3,128310,3477,4,1.0,Qwen3-8B,4,social-group,christian
R_Y60v33lWWn3fax3,128335,3478,4,1.0,Qwen3-8B,4,random,random
R_Y60v33lWWn3fax3,128360,3479,1,0.0,Qwen3-8B,1,moral,fairness
R_Y60v33lWWn3fax3,128385,3480,0,0.0,Qwen3-8B,1,moral,authority
R_Y60v33lWWn3fax3,128410,3481,1,0.0,Qwen3-8B,5,social-group,transgender
R_Y60v33lWWn3fax3,128435,3482,1,0.0,Qwen3-8B,1,random,random
R_Y60v33lWWn3fax3,128460,3483,2,1.0,Qwen3-8B,4,social-group,transgender
R_Y60v33lWWn3fax3,128485,3484,3,1.0,Qwen3-8B,4,social-group,LGB
R_Y60v33lWWn3fax3,128510,3485,3,1.0,Qwen3-8B,4,social-group,jewish
R_Y60v33lWWn3fax3,128535,3486,1,0.0,Qwen3-8B,1,moral,loyalty
R_Y60v33lWWn3fax3,128560,3487,1,0.0,Qwen3-8B,2,social-group,muslim
R_Y60v33lWWn3fax3,128585,3488,3,1.0,Qwen3-8B,4,social-group,muslim
R_Y60v33lWWn3fax3,128610,3489,4,1.0,Qwen3-8B,2,moral,purity
R_Y60v33lWWn3fax3,128635,3490,3,1.0,Qwen3-8B,3,random,random
R_Y60v33lWWn3fax3,128660,3491,0,0.0,Qwen3-8B,1,moral,authority
R_Y60v33lWWn3fax3,128685,3492,4,1.0,Qwen3-8B,5,social-group,muslim
R_Y60v33lWWn3fax3,128710,3493,3,1.0,Qwen3-8B,4,social-group,christian
R_Y60v33lWWn3fax3,128735,3494,2,1.0,Qwen3-8B,1,random,random
R_Y60v33lWWn3fax3,128760,3495,0,0.0,Qwen3-8B,1,moral,fairness
R_Y60v33lWWn3fax3,128785,3496,0,0.0,Qwen3-8B,1,social-group,LGB
R_Y60v33lWWn3fax3,128810,3497,3,1.0,Qwen3-8B,3,social-group,LGB
R_6LjxyzMLS2vAOlj,5587,93,4,1.0,Qwen3-8B,3,random,random
R_6LjxyzMLS2vAOlj,14009,222,4,1.0,Qwen3-8B,5,random,random
R_6LjxyzMLS2vAOlj,18246,287,1,0.0,Qwen3-8B,5,random,random
R_6LjxyzMLS2vAOlj,26218,414,0,0.0,Qwen3-8B,1,random,random
R_6LjxyzMLS2vAOlj,32278,513,0,0.0,Qwen3-8B,2,random,random
R_6LjxyzMLS2vAOlj,32463,516,1,0.0,Qwen3-8B,4,random,random
R_6LjxyzMLS2vAOlj,43019,692,-1,,Qwen3-8B,2,random,random
R_6LjxyzMLS2vAOlj,46815,748,1,0.0,Qwen3-8B,2,random,random
R_6LjxyzMLS2vAOlj,60045,945,4,1.0,Qwen3-8B,3,random,random
R_6LjxyzMLS2vAOlj,62451,989,2,1.0,Qwen3-8B,2,random,random
R_6LjxyzMLS2vAOlj,65175,1031,1,0.0,Qwen3-8B,1,random,random
R_6LjxyzMLS2vAOlj,87614,1772,2,1.0,Qwen3-8B,1,moral,care
R_6LjxyzMLS2vAOlj,87614,1772,2,1.0,Qwen3-8B,1,moral,purity
R_6LjxyzMLS2vAOlj,87614,1772,2,1.0,Qwen3-8B,1,moral,care
R_6LjxyzMLS2vAOlj,87614,1772,2,1.0,Qwen3-8B,1,moral,purity
R_6LjxyzMLS2vAOlj,143286,4120,2,1.0,Qwen3-8B,3,social-group,jewish
R_6LjxyzMLS2vAOlj,143308,4121,4,1.0,Qwen3-8B,1,moral,purity
R_6LjxyzMLS2vAOlj,143330,4122,4,1.0,Qwen3-8B,4,random,random
R_6LjxyzMLS2vAOlj,143352,4123,4,1.0,Qwen3-8B,5,social-group,muslim
R_6LjxyzMLS2vAOlj,143374,4124,1,0.0,Qwen3-8B,4,social-group,muslim
R_6LjxyzMLS2vAOlj,143396,4125,3,1.0,Qwen3-8B,3,social-group,transgender
R_6LjxyzMLS2vAOlj,143418,4126,3,1.0,Qwen3-8B,4,social-group,LGB
R_6LjxyzMLS2vAOlj,143440,4127,0,0.0,Qwen3-8B,5,social-group,muslim
R_6LjxyzMLS2vAOlj,143462,4128,4,1.0,Qwen3-8B,4,social-group,LGB
R_6LjxyzMLS2vAOlj,143484,4129,1,0.0,Qwen3-8B,3,random,random
R_6LjxyzMLS2vAOlj,143506,4130,0,0.0,Qwen3-8B,3,social-group,transgender
R_6LjxyzMLS2vAOlj,143528,4131,4,1.0,Qwen3-8B,3,social-group,muslim
R_6LjxyzMLS2vAOlj,143550,4132,4,1.0,Qwen3-8B,2,social-group,christian
R_6LjxyzMLS2vAOlj,143572,4133,0,0.0,Qwen3-8B,1,random,random
R_6LjxyzMLS2vAOlj,143594,4134,3,1.0,Qwen3-8B,4,social-group,transgender
R_6LjxyzMLS2vAOlj,143616,4135,2,1.0,Qwen3-8B,3,social-group,transgender
R_6LjxyzMLS2vAOlj,143638,4136,3,1.0,Qwen3-8B,5,social-group,transgender
R_6LjxyzMLS2vAOlj,143660,4137,4,1.0,Qwen3-8B,3,social-group,LGB
R_6LjxyzMLS2vAOlj,143682,4138,0,0.0,Qwen3-8B,1,moral,purity
R_6LjxyzMLS2vAOlj,143704,4139,3,1.0,Qwen3-8B,2,social-group,transgender
R_6LjxyzMLS2vAOlj,143726,4140,0,0.0,Qwen3-8B,1,social-group,transgender
R_6LjxyzMLS2vAOlj,143748,4141,4,1.0,Qwen3-8B,3,social-group,christian
R_6LjxyzMLS2vAOlj,143770,4142,3,1.0,Qwen3-8B,2,social-group,transgender
R_2AYgPs54BTIJ2ti,5588,93,2,1.0,Qwen3-8B,3,random,random
R_2AYgPs54BTIJ2ti,14010,222,-1,,Qwen3-8B,5,random,random
R_2AYgPs54BTIJ2ti,18247,287,0,0.0,Qwen3-8B,5,random,random
R_2AYgPs54BTIJ2ti,26219,414,0,0.0,Qwen3-8B,1,random,random
R_2AYgPs54BTIJ2ti,32279,513,0,0.0,Qwen3-8B,2,random,random
R_2AYgPs54BTIJ2ti,32464,516,3,1.0,Qwen3-8B,4,random,random
R_2AYgPs54BTIJ2ti,43020,692,2,1.0,Qwen3-8B,2,random,random
R_2AYgPs54BTIJ2ti,46816,748,0,0.0,Qwen3-8B,2,random,random
R_2AYgPs54BTIJ2ti,60046,945,4,1.0,Qwen3-8B,3,random,random
R_2AYgPs54BTIJ2ti,62452,989,3,1.0,Qwen3-8B,2,random,random
R_2AYgPs54BTIJ2ti,65176,1031,2,1.0,Qwen3-8B,1,random,random
R_2AYgPs54BTIJ2ti,87616,1772,0,0.0,Qwen3-8B,1,moral,care
R_2AYgPs54BTIJ2ti,87616,1772,0,0.0,Qwen3-8B,1,moral,purity
R_2AYgPs54BTIJ2ti,87616,1772,0,0.0,Qwen3-8B,1,moral,care
R_2AYgPs54BTIJ2ti,87616,1772,0,0.0,Qwen3-8B,1,moral,purity
R_2AYgPs54BTIJ2ti,143287,4120,1,0.0,Qwen3-8B,3,social-group,jewish
R_2AYgPs54BTIJ2ti,143309,4121,4,1.0,Qwen3-8B,1,moral,purity
R_2AYgPs54BTIJ2ti,143331,4122,3,1.0,Qwen3-8B,4,random,random
R_2AYgPs54BTIJ2ti,143353,4123,4,1.0,Qwen3-8B,5,social-group,muslim
R_2AYgPs54BTIJ2ti,143375,4124,2,1.0,Qwen3-8B,4,social-group,muslim
R_2AYgPs54BTIJ2ti,143397,4125,1,0.0,Qwen3-8B,3,social-group,transgender
R_2AYgPs54BTIJ2ti,143419,4126,3,1.0,Qwen3-8B,4,social-group,LGB
R_2AYgPs54BTIJ2ti,143441,4127,4,1.0,Qwen3-8B,5,social-group,muslim
R_2AYgPs54BTIJ2ti,143463,4128,1,0.0,Qwen3-8B,4,social-group,LGB
R_2AYgPs54BTIJ2ti,143485,4129,2,1.0,Qwen3-8B,3,random,random
R_2AYgPs54BTIJ2ti,143507,4130,1,0.0,Qwen3-8B,3,social-group,transgender
R_2AYgPs54BTIJ2ti,143529,4131,4,1.0,Qwen3-8B,3,social-group,muslim
R_2AYgPs54BTIJ2ti,143551,4132,3,1.0,Qwen3-8B,2,social-group,christian
R_2AYgPs54BTIJ2ti,143573,4133,0,0.0,Qwen3-8B,1,random,random
R_2AYgPs54BTIJ2ti,143595,4134,1,0.0,Qwen3-8B,4,social-group,transgender
R_2AYgPs54BTIJ2ti,143617,4135,4,1.0,Qwen3-8B,3,social-group,transgender
R_2AYgPs54BTIJ2ti,143639,4136,4,1.0,Qwen3-8B,5,social-group,transgender
R_2AYgPs54BTIJ2ti,143661,4137,1,0.0,Qwen3-8B,3,social-group,LGB
R_2AYgPs54BTIJ2ti,143683,4138,0,0.0,Qwen3-8B,1,moral,purity
R_2AYgPs54BTIJ2ti,143705,4139,3,1.0,Qwen3-8B,2,social-group,transgender
R_2AYgPs54BTIJ2ti,143727,4140,0,0.0,Qwen3-8B,1,social-group,transgender
R_2AYgPs54BTIJ2ti,143749,4141,4,1.0,Qwen3-8B,3,social-group,christian
R_2AYgPs54BTIJ2ti,143771,4142,1,0.0,Qwen3-8B,2,social-group,transgender
R_1hS71b2c5kWmM1d,5687,95,1,0.0,Qwen3-8B,3,random,random
R_1hS71b2c5kWmM1d,10940,177,1,0.0,Qwen3-8B,4,random,random
R_1hS71b2c5kWmM1d,15495,243,2,1.0,Qwen3-8B,5,random,random
R_1hS71b2c5kWmM1d,20335,319,1,0.0,Qwen3-8B,2,random,random
R_1hS71b2c5kWmM1d,20993,330,0,0.0,Qwen3-8B,2,random,random
R_1hS71b2c5kWmM1d,29524,473,0,0.0,Qwen3-8B,1,random,random
R_1hS71b2c5kWmM1d,42425,683,-1,,Qwen3-8B,3,random,random
R_1hS71b2c5kWmM1d,45085,723,0,0.0,Qwen3-8B,2,random,random
R_1hS71b2c5kWmM1d,45085,723,0,0.0,Qwen3-8B,2,moral,fairness
R_1hS71b2c5kWmM1d,45085,723,0,0.0,Qwen3-8B,2,random,random
R_1hS71b2c5kWmM1d,45085,723,0,0.0,Qwen3-8B,2,moral,fairness
R_1hS71b2c5kWmM1d,107932,2610,-1,,Qwen3-8B,1,moral,fairness
R_1hS71b2c5kWmM1d,107955,2611,4,1.0,Qwen3-8B,5,social-group,transgender
R_1hS71b2c5kWmM1d,107978,2612,0,0.0,Qwen3-8B,2,social-group,transgender
R_1hS71b2c5kWmM1d,108001,2613,0,0.0,Qwen3-8B,1,social-group,christian
R_1hS71b2c5kWmM1d,108024,2614,-1,,Qwen3-8B,4,social-group,jewish
R_1hS71b2c5kWmM1d,108047,2615,1,0.0,Qwen3-8B,5,social-group,christian
R_1hS71b2c5kWmM1d,108070,2616,1,0.0,Qwen3-8B,3,random,random
R_1hS71b2c5kWmM1d,108093,2617,3,1.0,Qwen3-8B,4,social-group,LGB
R_1hS71b2c5kWmM1d,108116,2618,1,0.0,Qwen3-8B,3,social-group,jewish
R_1hS71b2c5kWmM1d,108139,2619,0,0.0,Qwen3-8B,1,random,random
R_1hS71b2c5kWmM1d,108162,2620,0,0.0,Qwen3-8B,5,social-group,jewish
R_1hS71b2c5kWmM1d,108185,2621,1,0.0,Qwen3-8B,3,moral,loyalty
R_1hS71b2c5kWmM1d,108208,2622,2,1.0,Qwen3-8B,3,social-group,LGB
R_1hS71b2c5kWmM1d,108231,2623,-1,,Qwen3-8B,2,random,random
R_1hS71b2c5kWmM1d,108254,2624,1,0.0,Qwen3-8B,3,social-group,LGB
R_1hS71b2c5kWmM1d,108277,2625,1,0.0,Qwen3-8B,2,moral,fairness
R_1hS71b2c5kWmM1d,108300,2626,4,1.0,Qwen3-8B,1,social-group,transgender
R_1hS71b2c5kWmM1d,108323,2627,0,0.0,Qwen3-8B,1,social-group,christian
R_1hS71b2c5kWmM1d,108346,2628,0,0.0,Qwen3-8B,5,moral,fairness
R_1hS71b2c5kWmM1d,108369,2629,4,1.0,Qwen3-8B,4,social-group,transgender
R_1hS71b2c5kWmM1d,108392,2630,4,1.0,Qwen3-8B,5,social-group,transgender
R_1hS71b2c5kWmM1d,108415,2631,0,0.0,Qwen3-8B,2,social-group,transgender
R_1hS71b2c5kWmM1d,108438,2632,0,0.0,Qwen3-8B,5,social-group,jewish
R_1hS71b2c5kWmM1d,108461,2633,0,0.0,Qwen3-8B,1,random,random
R_1hS71b2c5kWmM1d,108484,2634,2,1.0,Qwen3-8B,5,social-group,jewish
R_1hS71b2c5kWmM1d,108507,2635,0,0.0,Qwen3-8B,1,social-group,christian
R_1hS71b2c5kWmM1d,108530,2636,-1,,Qwen3-8B,2,random,random
R_31gdWXwOBlqUNb3,5702,95,1,0.0,Qwen3-8B,3,random,random
R_31gdWXwOBlqUNb3,10953,177,3,1.0,Qwen3-8B,4,random,random
R_31gdWXwOBlqUNb3,15509,243,3,1.0,Qwen3-8B,5,random,random
R_31gdWXwOBlqUNb3,20345,319,2,1.0,Qwen3-8B,2,random,random
R_31gdWXwOBlqUNb3,21002,330,4,1.0,Qwen3-8B,2,random,random
R_31gdWXwOBlqUNb3,29536,473,0,0.0,Qwen3-8B,1,random,random
R_31gdWXwOBlqUNb3,42441,683,1,0.0,Qwen3-8B,3,random,random
R_31gdWXwOBlqUNb3,45121,723,2,1.0,Qwen3-8B,2,random,random
R_31gdWXwOBlqUNb3,45121,723,2,1.0,Qwen3-8B,2,moral,fairness
R_31gdWXwOBlqUNb3,45121,723,2,1.0,Qwen3-8B,2,random,random
R_31gdWXwOBlqUNb3,45121,723,2,1.0,Qwen3-8B,2,moral,fairness
R_31gdWXwOBlqUNb3,107935,2610,0,0.0,Qwen3-8B,1,moral,fairness
R_31gdWXwOBlqUNb3,107958,2611,4,1.0,Qwen3-8B,5,social-group,transgender
R_31gdWXwOBlqUNb3,107981,2612,3,1.0,Qwen3-8B,2,social-group,transgender
R_31gdWXwOBlqUNb3,108004,2613,0,0.0,Qwen3-8B,1,social-group,christian
R_31gdWXwOBlqUNb3,108027,2614,1,0.0,Qwen3-8B,4,social-group,jewish
R_31gdWXwOBlqUNb3,108050,2615,2,1.0,Qwen3-8B,5,social-group,christian
R_31gdWXwOBlqUNb3,108073,2616,1,0.0,Qwen3-8B,3,random,random
R_31gdWXwOBlqUNb3,108096,2617,3,1.0,Qwen3-8B,4,social-group,LGB
R_31gdWXwOBlqUNb3,108119,2618,2,1.0,Qwen3-8B,3,social-group,jewish
R_31gdWXwOBlqUNb3,108142,2619,1,0.0,Qwen3-8B,1,random,random
R_31gdWXwOBlqUNb3,108165,2620,3,1.0,Qwen3-8B,5,social-group,jewish
R_31gdWXwOBlqUNb3,108188,2621,2,1.0,Qwen3-8B,3,moral,loyalty
R_31gdWXwOBlqUNb3,108211,2622,4,1.0,Qwen3-8B,3,social-group,LGB
R_31gdWXwOBlqUNb3,108234,2623,3,1.0,Qwen3-8B,2,random,random
R_31gdWXwOBlqUNb3,108257,2624,2,1.0,Qwen3-8B,3,social-group,LGB
R_31gdWXwOBlqUNb3,108280,2625,3,1.0,Qwen3-8B,2,moral,fairness
R_31gdWXwOBlqUNb3,108303,2626,2,1.0,Qwen3-8B,1,social-group,transgender
R_31gdWXwOBlqUNb3,108326,2627,3,1.0,Qwen3-8B,1,social-group,christian
R_31gdWXwOBlqUNb3,108349,2628,4,1.0,Qwen3-8B,5,moral,fairness
R_31gdWXwOBlqUNb3,108372,2629,3,1.0,Qwen3-8B,4,social-group,transgender
R_31gdWXwOBlqUNb3,108395,2630,3,1.0,Qwen3-8B,5,social-group,transgender
R_31gdWXwOBlqUNb3,108418,2631,2,1.0,Qwen3-8B,2,social-group,transgender
R_31gdWXwOBlqUNb3,108441,2632,2,1.0,Qwen3-8B,5,social-group,jewish
R_31gdWXwOBlqUNb3,108464,2633,0,0.0,Qwen3-8B,1,random,random
R_31gdWXwOBlqUNb3,108487,2634,3,1.0,Qwen3-8B,5,social-group,jewish
R_31gdWXwOBlqUNb3,108510,2635,2,1.0,Qwen3-8B,1,social-group,christian
R_31gdWXwOBlqUNb3,108533,2636,2,1.0,Qwen3-8B,2,random,random
R_3snTEziRDQbI042,5718,95,0,0.0,Qwen3-8B,3,random,random
R_3snTEziRDQbI042,10965,177,0,0.0,Qwen3-8B,4,random,random
R_3snTEziRDQbI042,15527,243,3,1.0,Qwen3-8B,5,random,random
R_3snTEziRDQbI042,20366,319,1,0.0,Qwen3-8B,2,random,random
R_3snTEziRDQbI042,21019,330,0,0.0,Qwen3-8B,2,random,random
R_3snTEziRDQbI042,29553,473,1,0.0,Qwen3-8B,1,random,random
R_3snTEziRDQbI042,42460,683,-1,,Qwen3-8B,3,random,random
R_3snTEziRDQbI042,45163,723,1,0.0,Qwen3-8B,2,random,random
R_3snTEziRDQbI042,45163,723,1,0.0,Qwen3-8B,2,moral,fairness
R_3snTEziRDQbI042,45163,723,1,0.0,Qwen3-8B,2,random,random
R_3snTEziRDQbI042,45163,723,1,0.0,Qwen3-8B,2,moral,fairness
R_3snTEziRDQbI042,107941,2610,0,0.0,Qwen3-8B,1,moral,fairness
R_3snTEziRDQbI042,107964,2611,4,1.0,Qwen3-8B,5,social-group,transgender
R_3snTEziRDQbI042,107987,2612,0,0.0,Qwen3-8B,2,social-group,transgender
R_3snTEziRDQbI042,108010,2613,0,0.0,Qwen3-8B,1,social-group,christian
R_3snTEziRDQbI042,108033,2614,2,1.0,Qwen3-8B,4,social-group,jewish
R_3snTEziRDQbI042,108056,2615,-1,,Qwen3-8B,5,social-group,christian
R_3snTEziRDQbI042,108079,2616,0,0.0,Qwen3-8B,3,random,random
R_3snTEziRDQbI042,108102,2617,4,1.0,Qwen3-8B,4,social-group,LGB
R_3snTEziRDQbI042,108125,2618,2,1.0,Qwen3-8B,3,social-group,jewish
R_3snTEziRDQbI042,108148,2619,0,0.0,Qwen3-8B,1,random,random
R_3snTEziRDQbI042,108171,2620,4,1.0,Qwen3-8B,5,social-group,jewish
R_3snTEziRDQbI042,108194,2621,0,0.0,Qwen3-8B,3,moral,loyalty
R_3snTEziRDQbI042,108217,2622,3,1.0,Qwen3-8B,3,social-group,LGB
R_3snTEziRDQbI042,108240,2623,0,0.0,Qwen3-8B,2,random,random
R_3snTEziRDQbI042,108263,2624,-1,,Qwen3-8B,3,social-group,LGB
R_3snTEziRDQbI042,108286,2625,1,0.0,Qwen3-8B,2,moral,fairness
R_3snTEziRDQbI042,108309,2626,4,1.0,Qwen3-8B,1,social-group,transgender
R_3snTEziRDQbI042,108332,2627,1,0.0,Qwen3-8B,1,social-group,christian
R_3snTEziRDQbI042,108355,2628,1,0.0,Qwen3-8B,5,moral,fairness
R_3snTEziRDQbI042,108378,2629,4,1.0,Qwen3-8B,4,social-group,transgender
R_3snTEziRDQbI042,108401,2630,4,1.0,Qwen3-8B,5,social-group,transgender
R_3snTEziRDQbI042,108424,2631,0,0.0,Qwen3-8B,2,social-group,transgender
R_3snTEziRDQbI042,108447,2632,0,0.0,Qwen3-8B,5,social-group,jewish
R_3snTEziRDQbI042,108470,2633,0,0.0,Qwen3-8B,1,random,random
R_3snTEziRDQbI042,108493,2634,3,1.0,Qwen3-8B,5,social-group,jewish
R_3snTEziRDQbI042,108516,2635,0,0.0,Qwen3-8B,1,social-group,christian
R_3snTEziRDQbI042,108539,2636,-1,,Qwen3-8B,2,random,random
R_SDbQq4UpR3HOqvn,5853,98,0,0.0,Qwen3-8B,3,random,random
R_SDbQq4UpR3HOqvn,12242,197,0,0.0,Qwen3-8B,3,random,random
R_SDbQq4UpR3HOqvn,15135,238,0,0.0,Qwen3-8B,3,random,random
R_SDbQq4UpR3HOqvn,18986,299,0,0.0,Qwen3-8B,2,random,random
R_SDbQq4UpR3HOqvn,34531,551,0,0.0,Qwen3-8B,2,random,random
R_SDbQq4UpR3HOqvn,37604,603,0,0.0,Qwen3-8B,3,random,random
R_SDbQq4UpR3HOqvn,60557,955,-1,,Qwen3-8B,4,random,random
R_SDbQq4UpR3HOqvn,95888,2102,0,0.0,Qwen3-8B,1,moral,care
R_SDbQq4UpR3HOqvn,95888,2102,0,0.0,Qwen3-8B,1,moral,loyalty
R_SDbQq4UpR3HOqvn,95888,2102,0,0.0,Qwen3-8B,1,moral,care
R_SDbQq4UpR3HOqvn,95888,2102,0,0.0,Qwen3-8B,1,moral,loyalty
R_SDbQq4UpR3HOqvn,114631,2893,0,0.0,Qwen3-8B,2,social-group,LGB
R_SDbQq4UpR3HOqvn,114654,2894,4,1.0,Qwen3-8B,4,random,random
R_SDbQq4UpR3HOqvn,114677,2895,4,1.0,Qwen3-8B,3,social-group,christian
R_SDbQq4UpR3HOqvn,114700,2896,1,0.0,Qwen3-8B,5,social-group,LGB
R_SDbQq4UpR3HOqvn,114723,2897,0,0.0,Qwen3-8B,3,social-group,jewish
R_SDbQq4UpR3HOqvn,114746,2898,2,1.0,Qwen3-8B,3,social-group,muslim
R_SDbQq4UpR3HOqvn,114769,2899,-1,,Qwen3-8B,2,social-group,transgender
R_SDbQq4UpR3HOqvn,114792,2900,3,1.0,Qwen3-8B,4,social-group,muslim
R_SDbQq4UpR3HOqvn,114815,2901,3,1.0,Qwen3-8B,3,social-group,jewish
R_SDbQq4UpR3HOqvn,114838,2902,0,0.0,Qwen3-8B,4,social-group,LGB
R_SDbQq4UpR3HOqvn,114861,2903,1,0.0,Qwen3-8B,3,random,random
R_SDbQq4UpR3HOqvn,114884,2904,0,0.0,Qwen3-8B,2,social-group,LGB
R_SDbQq4UpR3HOqvn,114907,2905,0,0.0,Qwen3-8B,4,social-group,LGB
R_SDbQq4UpR3HOqvn,114930,2906,0,0.0,Qwen3-8B,1,random,random
R_SDbQq4UpR3HOqvn,114953,2907,0,0.0,Qwen3-8B,4,social-group,jewish
R_SDbQq4UpR3HOqvn,114976,2908,-1,,Qwen3-8B,5,moral,care
R_SDbQq4UpR3HOqvn,114999,2909,0,0.0,Qwen3-8B,5,social-group,christian
R_SDbQq4UpR3HOqvn,115022,2910,-1,,Qwen3-8B,5,social-group,LGB
R_SDbQq4UpR3HOqvn,115045,2911,0,0.0,Qwen3-8B,4,social-group,transgender
R_SDbQq4UpR3HOqvn,115068,2912,4,1.0,Qwen3-8B,4,social-group,muslim
R_SDbQq4UpR3HOqvn,115091,2913,-1,,Qwen3-8B,3,social-group,LGB
R_SDbQq4UpR3HOqvn,115114,2914,1,0.0,Qwen3-8B,5,social-group,jewish
R_SDbQq4UpR3HOqvn,115137,2915,0,0.0,Qwen3-8B,2,random,random
R_SDbQq4UpR3HOqvn,115160,2916,2,1.0,Qwen3-8B,5,social-group,jewish
R_SDbQq4UpR3HOqvn,115183,2917,0,0.0,Qwen3-8B,3,moral,loyalty
R_SDbQq4UpR3HOqvn,115206,2918,0,0.0,Qwen3-8B,4,social-group,muslim
R_SDbQq4UpR3HOqvn,115229,2919,0,0.0,Qwen3-8B,4,social-group,jewish
R_AG2VqG3r8pRk8X7,5869,98,1,0.0,Qwen3-8B,3,random,random
R_AG2VqG3r8pRk8X7,12261,197,0,0.0,Qwen3-8B,3,random,random
R_AG2VqG3r8pRk8X7,15150,238,1,0.0,Qwen3-8B,3,random,random
R_AG2VqG3r8pRk8X7,19001,299,0,0.0,Qwen3-8B,2,random,random
R_AG2VqG3r8pRk8X7,34547,551,1,0.0,Qwen3-8B,2,random,random
R_AG2VqG3r8pRk8X7,37624,603,1,0.0,Qwen3-8B,3,random,random
R_AG2VqG3r8pRk8X7,60573,955,1,0.0,Qwen3-8B,4,random,random
R_AG2VqG3r8pRk8X7,95914,2102,0,0.0,Qwen3-8B,1,moral,care
R_AG2VqG3r8pRk8X7,95914,2102,0,0.0,Qwen3-8B,1,moral,loyalty
R_AG2VqG3r8pRk8X7,95914,2102,0,0.0,Qwen3-8B,1,moral,care
R_AG2VqG3r8pRk8X7,95914,2102,0,0.0,Qwen3-8B,1,moral,loyalty
R_AG2VqG3r8pRk8X7,114638,2893,0,0.0,Qwen3-8B,2,social-group,LGB
R_AG2VqG3r8pRk8X7,114661,2894,1,0.0,Qwen3-8B,4,random,random
R_AG2VqG3r8pRk8X7,114684,2895,1,0.0,Qwen3-8B,3,social-group,christian
R_AG2VqG3r8pRk8X7,114707,2896,0,0.0,Qwen3-8B,5,social-group,LGB
R_AG2VqG3r8pRk8X7,114730,2897,1,0.0,Qwen3-8B,3,social-group,jewish
R_AG2VqG3r8pRk8X7,114753,2898,2,1.0,Qwen3-8B,3,social-group,muslim
R_AG2VqG3r8pRk8X7,114776,2899,1,0.0,Qwen3-8B,2,social-group,transgender
R_AG2VqG3r8pRk8X7,114799,2900,3,1.0,Qwen3-8B,4,social-group,muslim
R_AG2VqG3r8pRk8X7,114822,2901,1,0.0,Qwen3-8B,3,social-group,jewish
R_AG2VqG3r8pRk8X7,114845,2902,1,0.0,Qwen3-8B,4,social-group,LGB
R_AG2VqG3r8pRk8X7,114868,2903,2,1.0,Qwen3-8B,3,random,random
R_AG2VqG3r8pRk8X7,114891,2904,0,0.0,Qwen3-8B,2,social-group,LGB
R_AG2VqG3r8pRk8X7,114914,2905,0,0.0,Qwen3-8B,4,social-group,LGB
R_AG2VqG3r8pRk8X7,114937,2906,0,0.0,Qwen3-8B,1,random,random
R_AG2VqG3r8pRk8X7,114960,2907,1,0.0,Qwen3-8B,4,social-group,jewish
R_AG2VqG3r8pRk8X7,114983,2908,0,0.0,Qwen3-8B,5,moral,care
R_AG2VqG3r8pRk8X7,115006,2909,0,0.0,Qwen3-8B,5,social-group,christian
R_AG2VqG3r8pRk8X7,115029,2910,1,0.0,Qwen3-8B,5,social-group,LGB
R_AG2VqG3r8pRk8X7,115052,2911,0,0.0,Qwen3-8B,4,social-group,transgender
R_AG2VqG3r8pRk8X7,115075,2912,2,1.0,Qwen3-8B,4,social-group,muslim
R_AG2VqG3r8pRk8X7,115098,2913,1,0.0,Qwen3-8B,3,social-group,LGB
R_AG2VqG3r8pRk8X7,115121,2914,1,0.0,Qwen3-8B,5,social-group,jewish
R_AG2VqG3r8pRk8X7,115144,2915,0,0.0,Qwen3-8B,2,random,random
R_AG2VqG3r8pRk8X7,115167,2916,1,0.0,Qwen3-8B,5,social-group,jewish
R_AG2VqG3r8pRk8X7,115190,2917,1,0.0,Qwen3-8B,3,moral,loyalty
R_AG2VqG3r8pRk8X7,115213,2918,0,0.0,Qwen3-8B,4,social-group,muslim
R_AG2VqG3r8pRk8X7,115236,2919,0,0.0,Qwen3-8B,4,social-group,jewish
R_3qjNy2aqK7rE5z5,5870,98,0,0.0,Qwen3-8B,3,random,random
R_3qjNy2aqK7rE5z5,12262,197,0,0.0,Qwen3-8B,3,random,random
R_3qjNy2aqK7rE5z5,15151,238,2,1.0,Qwen3-8B,3,random,random
R_3qjNy2aqK7rE5z5,19002,299,0,0.0,Qwen3-8B,2,random,random
R_3qjNy2aqK7rE5z5,34548,551,0,0.0,Qwen3-8B,2,random,random
R_3qjNy2aqK7rE5z5,37625,603,2,1.0,Qwen3-8B,3,random,random
R_3qjNy2aqK7rE5z5,60574,955,0,0.0,Qwen3-8B,4,random,random
R_3qjNy2aqK7rE5z5,95916,2102,0,0.0,Qwen3-8B,1,moral,care
R_3qjNy2aqK7rE5z5,95916,2102,0,0.0,Qwen3-8B,1,moral,loyalty
R_3qjNy2aqK7rE5z5,95916,2102,0,0.0,Qwen3-8B,1,moral,care
R_3qjNy2aqK7rE5z5,95916,2102,0,0.0,Qwen3-8B,1,moral,loyalty
R_3qjNy2aqK7rE5z5,114639,2893,2,1.0,Qwen3-8B,2,social-group,LGB
R_3qjNy2aqK7rE5z5,114662,2894,0,0.0,Qwen3-8B,4,random,random
R_3qjNy2aqK7rE5z5,114685,2895,4,1.0,Qwen3-8B,3,social-group,christian
R_3qjNy2aqK7rE5z5,114708,2896,1,0.0,Qwen3-8B,5,social-group,LGB
R_3qjNy2aqK7rE5z5,114731,2897,4,1.0,Qwen3-8B,3,social-group,jewish
R_3qjNy2aqK7rE5z5,114754,2898,2,1.0,Qwen3-8B,3,social-group,muslim
R_3qjNy2aqK7rE5z5,114777,2899,3,1.0,Qwen3-8B,2,social-group,transgender
R_3qjNy2aqK7rE5z5,114800,2900,3,1.0,Qwen3-8B,4,social-group,muslim
R_3qjNy2aqK7rE5z5,114823,2901,0,0.0,Qwen3-8B,3,social-group,jewish
R_3qjNy2aqK7rE5z5,114846,2902,0,0.0,Qwen3-8B,4,social-group,LGB
R_3qjNy2aqK7rE5z5,114869,2903,2,1.0,Qwen3-8B,3,random,random
R_3qjNy2aqK7rE5z5,114892,2904,0,0.0,Qwen3-8B,2,social-group,LGB
R_3qjNy2aqK7rE5z5,114915,2905,0,0.0,Qwen3-8B,4,social-group,LGB
R_3qjNy2aqK7rE5z5,114938,2906,0,0.0,Qwen3-8B,1,random,random
R_3qjNy2aqK7rE5z5,114961,2907,0,0.0,Qwen3-8B,4,social-group,jewish
R_3qjNy2aqK7rE5z5,114984,2908,2,1.0,Qwen3-8B,5,moral,care
R_3qjNy2aqK7rE5z5,115007,2909,1,0.0,Qwen3-8B,5,social-group,christian
R_3qjNy2aqK7rE5z5,115030,2910,2,1.0,Qwen3-8B,5,social-group,LGB
R_3qjNy2aqK7rE5z5,115053,2911,2,1.0,Qwen3-8B,4,social-group,transgender
R_3qjNy2aqK7rE5z5,115076,2912,1,0.0,Qwen3-8B,4,social-group,muslim
R_3qjNy2aqK7rE5z5,115099,2913,1,0.0,Qwen3-8B,3,social-group,LGB
R_3qjNy2aqK7rE5z5,115122,2914,3,1.0,Qwen3-8B,5,social-group,jewish
R_3qjNy2aqK7rE5z5,115145,2915,0,0.0,Qwen3-8B,2,random,random
R_3qjNy2aqK7rE5z5,115168,2916,0,0.0,Qwen3-8B,5,social-group,jewish
R_3qjNy2aqK7rE5z5,115191,2917,1,0.0,Qwen3-8B,3,moral,loyalty
R_3qjNy2aqK7rE5z5,115214,2918,0,0.0,Qwen3-8B,4,social-group,muslim
R_3qjNy2aqK7rE5z5,115237,2919,0,0.0,Qwen3-8B,4,social-group,jewish
R_1CqCDQGbTJx5oTy,6002,100,0,0.0,Qwen3-8B,3,random,random
R_1CqCDQGbTJx5oTy,7603,125,0,0.0,Qwen3-8B,2,random,random
R_1CqCDQGbTJx5oTy,18356,289,0,0.0,Qwen3-8B,2,random,random
R_1CqCDQGbTJx5oTy,37927,608,1,0.0,Qwen3-8B,4,random,random
R_1CqCDQGbTJx5oTy,38102,611,1,0.0,Qwen3-8B,2,random,random
R_1CqCDQGbTJx5oTy,46085,738,1,0.0,Qwen3-8B,4,random,random
R_1CqCDQGbTJx5oTy,61646,975,0,0.0,Qwen3-8B,3,random,random
R_1CqCDQGbTJx5oTy,62529,990,0,0.0,Qwen3-8B,1,random,random
R_1CqCDQGbTJx5oTy,62529,990,0,0.0,Qwen3-8B,1,moral,fairness
R_1CqCDQGbTJx5oTy,62529,990,0,0.0,Qwen3-8B,1,random,random
R_1CqCDQGbTJx5oTy,62529,990,0,0.0,Qwen3-8B,1,moral,fairness
R_1CqCDQGbTJx5oTy,63932,1012,0,0.0,Qwen3-8B,4,random,random
R_1CqCDQGbTJx5oTy,69474,1103,0,0.0,Qwen3-8B,2,random,random
R_1CqCDQGbTJx5oTy,141412,4043,1,0.0,Qwen3-8B,5,social-group,transgender
R_1CqCDQGbTJx5oTy,141434,4044,1,0.0,Qwen3-8B,1,social-group,muslim
R_1CqCDQGbTJx5oTy,141486,4045,0,0.0,Qwen3-8B,1,moral,care
R_1CqCDQGbTJx5oTy,141486,4045,0,0.0,Qwen3-8B,1,moral,purity
R_1CqCDQGbTJx5oTy,141486,4045,0,0.0,Qwen3-8B,1,moral,care
R_1CqCDQGbTJx5oTy,141486,4045,0,0.0,Qwen3-8B,1,moral,purity
R_1CqCDQGbTJx5oTy,141546,4046,1,0.0,Qwen3-8B,4,social-group,transgender
R_1CqCDQGbTJx5oTy,141568,4047,4,1.0,Qwen3-8B,5,random,random
R_1CqCDQGbTJx5oTy,141590,4048,0,0.0,Qwen3-8B,4,moral,authority
R_1CqCDQGbTJx5oTy,141612,4049,2,1.0,Qwen3-8B,4,social-group,transgender
R_1CqCDQGbTJx5oTy,141634,4050,0,0.0,Qwen3-8B,1,social-group,muslim
R_1CqCDQGbTJx5oTy,141656,4051,0,0.0,Qwen3-8B,2,social-group,christian
R_1CqCDQGbTJx5oTy,141678,4052,0,0.0,Qwen3-8B,3,social-group,muslim
R_1CqCDQGbTJx5oTy,141700,4053,1,0.0,Qwen3-8B,4,random,random
R_1CqCDQGbTJx5oTy,141722,4054,0,0.0,Qwen3-8B,2,social-group,LGB
R_1CqCDQGbTJx5oTy,141744,4055,0,0.0,Qwen3-8B,3,social-group,transgender
R_1CqCDQGbTJx5oTy,141766,4056,2,1.0,Qwen3-8B,5,social-group,jewish
R_1CqCDQGbTJx5oTy,141788,4057,2,1.0,Qwen3-8B,5,social-group,muslim
R_1CqCDQGbTJx5oTy,141810,4058,4,1.0,Qwen3-8B,5,social-group,transgender
R_1CqCDQGbTJx5oTy,141832,4059,-1,,Qwen3-8B,1,random,random
R_1CqCDQGbTJx5oTy,141854,4060,4,1.0,Qwen3-8B,4,social-group,christian
R_1CqCDQGbTJx5oTy,141876,4061,1,0.0,Qwen3-8B,1,social-group,jewish
R_1CqCDQGbTJx5oTy,141898,4062,0,0.0,Qwen3-8B,1,random,random
R_1CqCDQGbTJx5oTy,141920,4063,1,0.0,Qwen3-8B,2,social-group,jewish
R_1CqCDQGbTJx5oTy,141942,4064,0,0.0,Qwen3-8B,5,social-group,transgender
R_1CqCDQGbTJx5oTy,141964,4065,0,0.0,Qwen3-8B,4,social-group,LGB
R_1CqCDQGbTJx5oTy,141986,4066,0,0.0,Qwen3-8B,4,random,random
R_1CqCDQGbTJx5oTy,142008,4067,0,0.0,Qwen3-8B,3,moral,authority
R_3n8cQ6791wPQskY,6003,100,3,1.0,Qwen3-8B,3,random,random
R_3n8cQ6791wPQskY,7604,125,2,1.0,Qwen3-8B,2,random,random
R_3n8cQ6791wPQskY,18357,289,3,1.0,Qwen3-8B,2,random,random
R_3n8cQ6791wPQskY,37928,608,3,1.0,Qwen3-8B,4,random,random
R_3n8cQ6791wPQskY,38103,611,0,0.0,Qwen3-8B,2,random,random
R_3n8cQ6791wPQskY,46086,738,3,1.0,Qwen3-8B,4,random,random
R_3n8cQ6791wPQskY,61647,975,2,1.0,Qwen3-8B,3,random,random
R_3n8cQ6791wPQskY,62533,990,1,0.0,Qwen3-8B,1,random,random
R_3n8cQ6791wPQskY,62533,990,1,0.0,Qwen3-8B,1,moral,fairness
R_3n8cQ6791wPQskY,62533,990,1,0.0,Qwen3-8B,1,random,random
R_3n8cQ6791wPQskY,62533,990,1,0.0,Qwen3-8B,1,moral,fairness
R_3n8cQ6791wPQskY,63933,1012,3,1.0,Qwen3-8B,4,random,random
R_3n8cQ6791wPQskY,69475,1103,1,0.0,Qwen3-8B,2,random,random
R_3n8cQ6791wPQskY,141413,4043,3,1.0,Qwen3-8B,5,social-group,transgender
R_3n8cQ6791wPQskY,141435,4044,2,1.0,Qwen3-8B,1,social-group,muslim
R_3n8cQ6791wPQskY,141492,4045,0,0.0,Qwen3-8B,1,moral,care
R_3n8cQ6791wPQskY,141492,4045,0,0.0,Qwen3-8B,1,moral,purity
R_3n8cQ6791wPQskY,141492,4045,0,0.0,Qwen3-8B,1,moral,care
R_3n8cQ6791wPQskY,141492,4045,0,0.0,Qwen3-8B,1,moral,purity
R_3n8cQ6791wPQskY,141547,4046,4,1.0,Qwen3-8B,4,social-group,transgender
R_3n8cQ6791wPQskY,141569,4047,2,1.0,Qwen3-8B,5,random,random
R_3n8cQ6791wPQskY,141591,4048,1,0.0,Qwen3-8B,4,moral,authority
R_3n8cQ6791wPQskY,141613,4049,3,1.0,Qwen3-8B,4,social-group,transgender
R_3n8cQ6791wPQskY,141635,4050,0,0.0,Qwen3-8B,1,social-group,muslim
R_3n8cQ6791wPQskY,141657,4051,1,0.0,Qwen3-8B,2,social-group,christian
R_3n8cQ6791wPQskY,141679,4052,1,0.0,Qwen3-8B,3,social-group,muslim
R_3n8cQ6791wPQskY,141701,4053,3,1.0,Qwen3-8B,4,random,random
R_3n8cQ6791wPQskY,141723,4054,3,1.0,Qwen3-8B,2,social-group,LGB
R_3n8cQ6791wPQskY,141745,4055,3,1.0,Qwen3-8B,3,social-group,transgender
R_3n8cQ6791wPQskY,141767,4056,2,1.0,Qwen3-8B,5,social-group,jewish
R_3n8cQ6791wPQskY,141789,4057,3,1.0,Qwen3-8B,5,social-group,muslim
R_3n8cQ6791wPQskY,141811,4058,4,1.0,Qwen3-8B,5,social-group,transgender
R_3n8cQ6791wPQskY,141833,4059,2,1.0,Qwen3-8B,1,random,random
R_3n8cQ6791wPQskY,141855,4060,4,1.0,Qwen3-8B,4,social-group,christian
R_3n8cQ6791wPQskY,141877,4061,2,1.0,Qwen3-8B,1,social-group,jewish
R_3n8cQ6791wPQskY,141899,4062,2,1.0,Qwen3-8B,1,random,random
R_3n8cQ6791wPQskY,141921,4063,2,1.0,Qwen3-8B,2,social-group,jewish
R_3n8cQ6791wPQskY,141943,4064,2,1.0,Qwen3-8B,5,social-group,transgender
R_3n8cQ6791wPQskY,141965,4065,2,1.0,Qwen3-8B,4,social-group,LGB
R_3n8cQ6791wPQskY,141987,4066,1,0.0,Qwen3-8B,4,random,random
R_3n8cQ6791wPQskY,142009,4067,0,0.0,Qwen3-8B,3,moral,authority
R_1GPsOakYkJ2pq4E,6004,100,1,0.0,Qwen3-8B,3,random,random
R_1GPsOakYkJ2pq4E,7605,125,0,0.0,Qwen3-8B,2,random,random
R_1GPsOakYkJ2pq4E,18358,289,0,0.0,Qwen3-8B,2,random,random
R_1GPsOakYkJ2pq4E,37929,608,-1,,Qwen3-8B,4,random,random
R_1GPsOakYkJ2pq4E,38104,611,0,0.0,Qwen3-8B,2,random,random
R_1GPsOakYkJ2pq4E,46087,738,2,1.0,Qwen3-8B,4,random,random
R_1GPsOakYkJ2pq4E,61648,975,0,0.0,Qwen3-8B,3,random,random
R_1GPsOakYkJ2pq4E,62535,990,0,0.0,Qwen3-8B,1,random,random
R_1GPsOakYkJ2pq4E,62535,990,0,0.0,Qwen3-8B,1,moral,fairness
R_1GPsOakYkJ2pq4E,62535,990,0,0.0,Qwen3-8B,1,random,random
R_1GPsOakYkJ2pq4E,62535,990,0,0.0,Qwen3-8B,1,moral,fairness
R_1GPsOakYkJ2pq4E,63934,1012,1,0.0,Qwen3-8B,4,random,random
R_1GPsOakYkJ2pq4E,69476,1103,0,0.0,Qwen3-8B,2,random,random
R_1GPsOakYkJ2pq4E,141414,4043,1,0.0,Qwen3-8B,5,social-group,transgender
R_1GPsOakYkJ2pq4E,141436,4044,-1,,Qwen3-8B,1,social-group,muslim
R_1GPsOakYkJ2pq4E,141494,4045,1,0.0,Qwen3-8B,1,moral,care
R_1GPsOakYkJ2pq4E,141494,4045,1,0.0,Qwen3-8B,1,moral,purity
R_1GPsOakYkJ2pq4E,141494,4045,1,0.0,Qwen3-8B,1,moral,care
R_1GPsOakYkJ2pq4E,141494,4045,1,0.0,Qwen3-8B,1,moral,purity
R_1GPsOakYkJ2pq4E,141548,4046,1,0.0,Qwen3-8B,4,social-group,transgender
R_1GPsOakYkJ2pq4E,141570,4047,2,1.0,Qwen3-8B,5,random,random
R_1GPsOakYkJ2pq4E,141592,4048,1,0.0,Qwen3-8B,4,moral,authority
R_1GPsOakYkJ2pq4E,141614,4049,2,1.0,Qwen3-8B,4,social-group,transgender
R_1GPsOakYkJ2pq4E,141636,4050,3,1.0,Qwen3-8B,1,social-group,muslim
R_1GPsOakYkJ2pq4E,141658,4051,1,0.0,Qwen3-8B,2,social-group,christian
R_1GPsOakYkJ2pq4E,141680,4052,1,0.0,Qwen3-8B,3,social-group,muslim
R_1GPsOakYkJ2pq4E,141702,4053,4,1.0,Qwen3-8B,4,random,random
R_1GPsOakYkJ2pq4E,141724,4054,0,0.0,Qwen3-8B,2,social-group,LGB
R_1GPsOakYkJ2pq4E,141746,4055,1,0.0,Qwen3-8B,3,social-group,transgender
R_1GPsOakYkJ2pq4E,141768,4056,4,1.0,Qwen3-8B,5,social-group,jewish
R_1GPsOakYkJ2pq4E,141790,4057,1,0.0,Qwen3-8B,5,social-group,muslim
R_1GPsOakYkJ2pq4E,141812,4058,0,0.0,Qwen3-8B,5,social-group,transgender
R_1GPsOakYkJ2pq4E,141834,4059,0,0.0,Qwen3-8B,1,random,random
R_1GPsOakYkJ2pq4E,141856,4060,4,1.0,Qwen3-8B,4,social-group,christian
R_1GPsOakYkJ2pq4E,141878,4061,0,0.0,Qwen3-8B,1,social-group,jewish
R_1GPsOakYkJ2pq4E,141900,4062,1,0.0,Qwen3-8B,1,random,random
R_1GPsOakYkJ2pq4E,141922,4063,3,1.0,Qwen3-8B,2,social-group,jewish
R_1GPsOakYkJ2pq4E,141944,4064,0,0.0,Qwen3-8B,5,social-group,transgender
R_1GPsOakYkJ2pq4E,141966,4065,0,0.0,Qwen3-8B,4,social-group,LGB
R_1GPsOakYkJ2pq4E,141988,4066,-1,,Qwen3-8B,4,random,random
R_1GPsOakYkJ2pq4E,142010,4067,-1,,Qwen3-8B,3,moral,authority
R_29uhHLFFbq7WO7C,6016,100,0,0.0,Qwen3-8B,3,random,random
R_29uhHLFFbq7WO7C,7612,125,1,0.0,Qwen3-8B,2,random,random
R_29uhHLFFbq7WO7C,18366,289,0,0.0,Qwen3-8B,2,random,random
R_29uhHLFFbq7WO7C,37935,608,0,0.0,Qwen3-8B,4,random,random
R_29uhHLFFbq7WO7C,38110,611,0,0.0,Qwen3-8B,2,random,random
R_29uhHLFFbq7WO7C,46098,738,1,0.0,Qwen3-8B,4,random,random
R_29uhHLFFbq7WO7C,61654,975,0,0.0,Qwen3-8B,3,random,random
R_29uhHLFFbq7WO7C,62565,990,0,0.0,Qwen3-8B,1,random,random
R_29uhHLFFbq7WO7C,62565,990,0,0.0,Qwen3-8B,1,moral,fairness
R_29uhHLFFbq7WO7C,62565,990,0,0.0,Qwen3-8B,1,random,random
R_29uhHLFFbq7WO7C,62565,990,0,0.0,Qwen3-8B,1,moral,fairness
R_29uhHLFFbq7WO7C,63947,1012,0,0.0,Qwen3-8B,4,random,random
R_29uhHLFFbq7WO7C,69481,1103,0,0.0,Qwen3-8B,2,random,random
R_29uhHLFFbq7WO7C,141417,4043,3,1.0,Qwen3-8B,5,social-group,transgender
R_29uhHLFFbq7WO7C,141439,4044,3,1.0,Qwen3-8B,1,social-group,muslim
R_29uhHLFFbq7WO7C,141502,4045,1,0.0,Qwen3-8B,1,moral,care
R_29uhHLFFbq7WO7C,141502,4045,1,0.0,Qwen3-8B,1,moral,purity
R_29uhHLFFbq7WO7C,141502,4045,1,0.0,Qwen3-8B,1,moral,care
R_29uhHLFFbq7WO7C,141502,4045,1,0.0,Qwen3-8B,1,moral,purity
R_29uhHLFFbq7WO7C,141551,4046,2,1.0,Qwen3-8B,4,social-group,transgender
R_29uhHLFFbq7WO7C,141573,4047,2,1.0,Qwen3-8B,5,random,random
R_29uhHLFFbq7WO7C,141595,4048,0,0.0,Qwen3-8B,4,moral,authority
R_29uhHLFFbq7WO7C,141617,4049,3,1.0,Qwen3-8B,4,social-group,transgender
R_29uhHLFFbq7WO7C,141639,4050,0,0.0,Qwen3-8B,1,social-group,muslim
R_29uhHLFFbq7WO7C,141661,4051,0,0.0,Qwen3-8B,2,social-group,christian
R_29uhHLFFbq7WO7C,141683,4052,1,0.0,Qwen3-8B,3,social-group,muslim
R_29uhHLFFbq7WO7C,141705,4053,2,1.0,Qwen3-8B,4,random,random
R_29uhHLFFbq7WO7C,141727,4054,0,0.0,Qwen3-8B,2,social-group,LGB
R_29uhHLFFbq7WO7C,141749,4055,0,0.0,Qwen3-8B,3,social-group,transgender
R_29uhHLFFbq7WO7C,141771,4056,1,0.0,Qwen3-8B,5,social-group,jewish
R_29uhHLFFbq7WO7C,141793,4057,2,1.0,Qwen3-8B,5,social-group,muslim
R_29uhHLFFbq7WO7C,141815,4058,4,1.0,Qwen3-8B,5,social-group,transgender
R_29uhHLFFbq7WO7C,141837,4059,0,0.0,Qwen3-8B,1,random,random
R_29uhHLFFbq7WO7C,141859,4060,0,0.0,Qwen3-8B,4,social-group,christian
R_29uhHLFFbq7WO7C,141881,4061,1,0.0,Qwen3-8B,1,social-group,jewish
R_29uhHLFFbq7WO7C,141903,4062,0,0.0,Qwen3-8B,1,random,random
R_29uhHLFFbq7WO7C,141925,4063,2,1.0,Qwen3-8B,2,social-group,jewish
R_29uhHLFFbq7WO7C,141947,4064,3,1.0,Qwen3-8B,5,social-group,transgender
R_29uhHLFFbq7WO7C,141969,4065,1,0.0,Qwen3-8B,4,social-group,LGB
R_29uhHLFFbq7WO7C,141991,4066,1,0.0,Qwen3-8B,4,random,random
R_29uhHLFFbq7WO7C,142013,4067,0,0.0,Qwen3-8B,3,moral,authority
R_1DqY3suzcmjXkoA,6029,100,2,1.0,Qwen3-8B,3,random,random
R_1DqY3suzcmjXkoA,7624,125,2,1.0,Qwen3-8B,2,random,random
R_1DqY3suzcmjXkoA,18380,289,1,0.0,Qwen3-8B,2,random,random
R_1DqY3suzcmjXkoA,37948,608,1,0.0,Qwen3-8B,4,random,random
R_1DqY3suzcmjXkoA,38123,611,2,1.0,Qwen3-8B,2,random,random
R_1DqY3suzcmjXkoA,46107,738,1,0.0,Qwen3-8B,4,random,random
R_1DqY3suzcmjXkoA,61666,975,1,0.0,Qwen3-8B,3,random,random
R_1DqY3suzcmjXkoA,62599,990,0,0.0,Qwen3-8B,1,random,random
R_1DqY3suzcmjXkoA,62599,990,0,0.0,Qwen3-8B,1,moral,fairness
R_1DqY3suzcmjXkoA,62599,990,0,0.0,Qwen3-8B,1,random,random
R_1DqY3suzcmjXkoA,62599,990,0,0.0,Qwen3-8B,1,moral,fairness
R_1DqY3suzcmjXkoA,63957,1012,1,0.0,Qwen3-8B,4,random,random
R_1DqY3suzcmjXkoA,69491,1103,1,0.0,Qwen3-8B,2,random,random
R_1DqY3suzcmjXkoA,141420,4043,0,0.0,Qwen3-8B,5,social-group,transgender
R_1DqY3suzcmjXkoA,141442,4044,1,0.0,Qwen3-8B,1,social-group,muslim
R_1DqY3suzcmjXkoA,141520,4045,0,0.0,Qwen3-8B,1,moral,care
R_1DqY3suzcmjXkoA,141520,4045,0,0.0,Qwen3-8B,1,moral,purity
R_1DqY3suzcmjXkoA,141520,4045,0,0.0,Qwen3-8B,1,moral,care
R_1DqY3suzcmjXkoA,141520,4045,0,0.0,Qwen3-8B,1,moral,purity
R_1DqY3suzcmjXkoA,141554,4046,3,1.0,Qwen3-8B,4,social-group,transgender
R_1DqY3suzcmjXkoA,141576,4047,4,1.0,Qwen3-8B,5,random,random
R_1DqY3suzcmjXkoA,141598,4048,2,1.0,Qwen3-8B,4,moral,authority
R_1DqY3suzcmjXkoA,141620,4049,1,0.0,Qwen3-8B,4,social-group,transgender
R_1DqY3suzcmjXkoA,141642,4050,1,0.0,Qwen3-8B,1,social-group,muslim
R_1DqY3suzcmjXkoA,141664,4051,1,0.0,Qwen3-8B,2,social-group,christian
R_1DqY3suzcmjXkoA,141686,4052,0,0.0,Qwen3-8B,3,social-group,muslim
R_1DqY3suzcmjXkoA,141708,4053,1,0.0,Qwen3-8B,4,random,random
R_1DqY3suzcmjXkoA,141730,4054,1,0.0,Qwen3-8B,2,social-group,LGB
R_1DqY3suzcmjXkoA,141752,4055,0,0.0,Qwen3-8B,3,social-group,transgender
R_1DqY3suzcmjXkoA,141774,4056,-1,,Qwen3-8B,5,social-group,jewish
R_1DqY3suzcmjXkoA,141796,4057,1,0.0,Qwen3-8B,5,social-group,muslim
R_1DqY3suzcmjXkoA,141818,4058,-1,,Qwen3-8B,5,social-group,transgender
R_1DqY3suzcmjXkoA,141840,4059,-1,,Qwen3-8B,1,random,random
R_1DqY3suzcmjXkoA,141862,4060,1,0.0,Qwen3-8B,4,social-group,christian
R_1DqY3suzcmjXkoA,141884,4061,0,0.0,Qwen3-8B,1,social-group,jewish
R_1DqY3suzcmjXkoA,141906,4062,-1,,Qwen3-8B,1,random,random
R_1DqY3suzcmjXkoA,141928,4063,-1,,Qwen3-8B,2,social-group,jewish
R_1DqY3suzcmjXkoA,141950,4064,0,0.0,Qwen3-8B,5,social-group,transgender
R_1DqY3suzcmjXkoA,141972,4065,0,0.0,Qwen3-8B,4,social-group,LGB
R_1DqY3suzcmjXkoA,141994,4066,0,0.0,Qwen3-8B,4,random,random
R_1DqY3suzcmjXkoA,142016,4067,0,0.0,Qwen3-8B,3,moral,authority
R_2uvwjpETUtCpmgg,6060,101,0,0.0,Qwen3-8B,3,random,random
R_2uvwjpETUtCpmgg,7474,123,1,0.0,Qwen3-8B,4,random,random
R_2uvwjpETUtCpmgg,9211,149,1,0.0,Qwen3-8B,1,random,random
R_2uvwjpETUtCpmgg,20453,321,0,0.0,Qwen3-8B,2,random,random
R_2uvwjpETUtCpmgg,24034,378,0,0.0,Qwen3-8B,4,random,random
R_2uvwjpETUtCpmgg,24086,379,0,0.0,Qwen3-8B,1,random,random
R_2uvwjpETUtCpmgg,27546,438,-1,,Qwen3-8B,3,random,random
R_2uvwjpETUtCpmgg,33243,529,2,1.0,Qwen3-8B,3,random,random
R_2uvwjpETUtCpmgg,36209,579,2,1.0,Qwen3-8B,2,random,random
R_2uvwjpETUtCpmgg,66385,1050,0,0.0,Qwen3-8B,3,random,random
R_2uvwjpETUtCpmgg,117640,3017,0,0.0,Qwen3-8B,3,social-group,jewish
R_2uvwjpETUtCpmgg,117657,3018,1,0.0,Qwen3-8B,4,social-group,jewish
R_2uvwjpETUtCpmgg,117685,3019,1,0.0,Qwen3-8B,3,social-group,jewish
R_2uvwjpETUtCpmgg,117714,3020,1,0.0,Qwen3-8B,3,social-group,christian
R_2uvwjpETUtCpmgg,117731,3021,0,0.0,Qwen3-8B,2,social-group,jewish
R_2uvwjpETUtCpmgg,117748,3022,0,0.0,Qwen3-8B,5,social-group,jewish
R_2uvwjpETUtCpmgg,117765,3023,0,0.0,Qwen3-8B,2,moral,authority
R_2uvwjpETUtCpmgg,117782,3024,0,0.0,Qwen3-8B,1,moral,authority
R_2uvwjpETUtCpmgg,117799,3025,0,0.0,Qwen3-8B,4,social-group,LGB
R_2uvwjpETUtCpmgg,117816,3026,1,0.0,Qwen3-8B,2,social-group,christian
R_2uvwjpETUtCpmgg,117833,3027,1,0.0,Qwen3-8B,3,social-group,muslim
R_2uvwjpETUtCpmgg,117850,3028,2,1.0,Qwen3-8B,4,social-group,christian
R_2uvwjpETUtCpmgg,117867,3029,0,0.0,Qwen3-8B,2,random,random
R_2uvwjpETUtCpmgg,117884,3030,0,0.0,Qwen3-8B,3,random,random
R_2uvwjpETUtCpmgg,117901,3031,2,1.0,Qwen3-8B,4,social-group,christian
R_2uvwjpETUtCpmgg,117918,3032,1,0.0,Qwen3-8B,5,social-group,muslim
R_2uvwjpETUtCpmgg,117935,3033,2,1.0,Qwen3-8B,1,moral,purity
R_2uvwjpETUtCpmgg,117952,3034,1,0.0,Qwen3-8B,5,social-group,LGB
R_2uvwjpETUtCpmgg,117969,3035,0,0.0,Qwen3-8B,2,random,random
R_2uvwjpETUtCpmgg,117986,3036,0,0.0,Qwen3-8B,2,social-group,muslim
R_2uvwjpETUtCpmgg,118003,3037,0,0.0,Qwen3-8B,4,social-group,muslim
R_2uvwjpETUtCpmgg,118020,3038,0,0.0,Qwen3-8B,3,social-group,jewish
R_2uvwjpETUtCpmgg,118037,3039,-1,,Qwen3-8B,5,social-group,jewish
R_2uvwjpETUtCpmgg,118054,3040,0,0.0,Qwen3-8B,5,social-group,jewish
R_2uvwjpETUtCpmgg,118071,3041,0,0.0,Qwen3-8B,2,social-group,LGB
R_3g7ce1xb4BAJ1YV,6184,103,1,0.0,Qwen3-8B,4,random,random
R_3g7ce1xb4BAJ1YV,12688,203,1,0.0,Qwen3-8B,3,random,random
R_3g7ce1xb4BAJ1YV,20396,320,-1,,Qwen3-8B,1,random,random
R_3g7ce1xb4BAJ1YV,25026,395,0,0.0,Qwen3-8B,1,random,random
R_3g7ce1xb4BAJ1YV,28008,447,-1,,Qwen3-8B,1,random,random
R_3g7ce1xb4BAJ1YV,33360,531,0,0.0,Qwen3-8B,3,random,random
R_3g7ce1xb4BAJ1YV,33960,541,1,0.0,Qwen3-8B,5,random,random
R_3g7ce1xb4BAJ1YV,47063,752,0,0.0,Qwen3-8B,3,random,random
R_3g7ce1xb4BAJ1YV,69639,1106,0,0.0,Qwen3-8B,5,random,random
R_3g7ce1xb4BAJ1YV,125771,3371,1,0.0,Qwen3-8B,5,social-group,transgender
R_3g7ce1xb4BAJ1YV,125794,3372,1,0.0,Qwen3-8B,3,social-group,LGB
R_3g7ce1xb4BAJ1YV,125817,3373,0,0.0,Qwen3-8B,1,moral,authority
R_3g7ce1xb4BAJ1YV,125840,3374,1,0.0,Qwen3-8B,2,social-group,christian
R_3g7ce1xb4BAJ1YV,125863,3375,0,0.0,Qwen3-8B,3,social-group,christian
R_3g7ce1xb4BAJ1YV,125886,3376,0,0.0,Qwen3-8B,1,random,random
R_3g7ce1xb4BAJ1YV,125909,3377,0,0.0,Qwen3-8B,3,social-group,transgender
R_3g7ce1xb4BAJ1YV,125932,3378,0,0.0,Qwen3-8B,3,random,random
R_3g7ce1xb4BAJ1YV,125955,3379,1,0.0,Qwen3-8B,5,social-group,christian
R_3g7ce1xb4BAJ1YV,125978,3380,1,0.0,Qwen3-8B,4,social-group,christian
R_3g7ce1xb4BAJ1YV,126001,3381,0,0.0,Qwen3-8B,5,social-group,LGB
R_3g7ce1xb4BAJ1YV,126024,3382,0,0.0,Qwen3-8B,1,social-group,christian
R_3g7ce1xb4BAJ1YV,126047,3383,1,0.0,Qwen3-8B,4,social-group,muslim
R_3g7ce1xb4BAJ1YV,126070,3384,2,1.0,Qwen3-8B,5,moral,purity
R_3g7ce1xb4BAJ1YV,126093,3385,0,0.0,Qwen3-8B,2,moral,authority
R_3g7ce1xb4BAJ1YV,126116,3386,1,0.0,Qwen3-8B,1,social-group,LGB
R_3g7ce1xb4BAJ1YV,126139,3387,0,0.0,Qwen3-8B,2,random,random
R_3g7ce1xb4BAJ1YV,126162,3388,0,0.0,Qwen3-8B,4,social-group,transgender
R_3g7ce1xb4BAJ1YV,126185,3389,0,0.0,Qwen3-8B,1,random,random
R_3g7ce1xb4BAJ1YV,126208,3390,0,0.0,Qwen3-8B,3,social-group,christian
R_3g7ce1xb4BAJ1YV,126231,3391,1,0.0,Qwen3-8B,5,social-group,christian
R_3g7ce1xb4BAJ1YV,126254,3392,0,0.0,Qwen3-8B,2,social-group,LGB
R_3g7ce1xb4BAJ1YV,126277,3393,-1,,Qwen3-8B,3,social-group,LGB
R_3g7ce1xb4BAJ1YV,126300,3394,0,0.0,Qwen3-8B,5,social-group,jewish
R_3g7ce1xb4BAJ1YV,126323,3395,1,0.0,Qwen3-8B,2,social-group,transgender
R_3g7ce1xb4BAJ1YV,126346,3396,-1,,Qwen3-8B,5,social-group,muslim
R_1jJ5nUvqmUTAq7Q,6203,103,4,1.0,Qwen3-8B,4,random,random
R_1jJ5nUvqmUTAq7Q,12706,203,1,0.0,Qwen3-8B,3,random,random
R_1jJ5nUvqmUTAq7Q,20410,320,0,0.0,Qwen3-8B,1,random,random
R_1jJ5nUvqmUTAq7Q,25046,395,0,0.0,Qwen3-8B,1,random,random
R_1jJ5nUvqmUTAq7Q,28023,447,0,0.0,Qwen3-8B,1,random,random
R_1jJ5nUvqmUTAq7Q,33378,531,3,1.0,Qwen3-8B,3,random,random
R_1jJ5nUvqmUTAq7Q,33978,541,1,0.0,Qwen3-8B,5,random,random
R_1jJ5nUvqmUTAq7Q,47085,752,0,0.0,Qwen3-8B,3,random,random
R_1jJ5nUvqmUTAq7Q,69652,1106,3,1.0,Qwen3-8B,5,random,random
R_1jJ5nUvqmUTAq7Q,125778,3371,0,0.0,Qwen3-8B,5,social-group,transgender
R_1jJ5nUvqmUTAq7Q,125801,3372,0,0.0,Qwen3-8B,3,social-group,LGB
R_1jJ5nUvqmUTAq7Q,125824,3373,0,0.0,Qwen3-8B,1,moral,authority
R_1jJ5nUvqmUTAq7Q,125847,3374,0,0.0,Qwen3-8B,2,social-group,christian
R_1jJ5nUvqmUTAq7Q,125870,3375,0,0.0,Qwen3-8B,3,social-group,christian
R_1jJ5nUvqmUTAq7Q,125893,3376,1,0.0,Qwen3-8B,1,random,random
R_1jJ5nUvqmUTAq7Q,125916,3377,1,0.0,Qwen3-8B,3,social-group,transgender
R_1jJ5nUvqmUTAq7Q,125939,3378,0,0.0,Qwen3-8B,3,random,random
R_1jJ5nUvqmUTAq7Q,125962,3379,0,0.0,Qwen3-8B,5,social-group,christian
R_1jJ5nUvqmUTAq7Q,125985,3380,0,0.0,Qwen3-8B,4,social-group,christian
R_1jJ5nUvqmUTAq7Q,126008,3381,2,1.0,Qwen3-8B,5,social-group,LGB
R_1jJ5nUvqmUTAq7Q,126031,3382,1,0.0,Qwen3-8B,1,social-group,christian
R_1jJ5nUvqmUTAq7Q,126054,3383,1,0.0,Qwen3-8B,4,social-group,muslim
R_1jJ5nUvqmUTAq7Q,126077,3384,2,1.0,Qwen3-8B,5,moral,purity
R_1jJ5nUvqmUTAq7Q,126100,3385,0,0.0,Qwen3-8B,2,moral,authority
R_1jJ5nUvqmUTAq7Q,126123,3386,3,1.0,Qwen3-8B,1,social-group,LGB
R_1jJ5nUvqmUTAq7Q,126146,3387,1,0.0,Qwen3-8B,2,random,random
R_1jJ5nUvqmUTAq7Q,126169,3388,2,1.0,Qwen3-8B,4,social-group,transgender
R_1jJ5nUvqmUTAq7Q,126192,3389,0,0.0,Qwen3-8B,1,random,random
R_1jJ5nUvqmUTAq7Q,126215,3390,0,0.0,Qwen3-8B,3,social-group,christian
R_1jJ5nUvqmUTAq7Q,126238,3391,0,0.0,Qwen3-8B,5,social-group,christian
R_1jJ5nUvqmUTAq7Q,126261,3392,0,0.0,Qwen3-8B,2,social-group,LGB
R_1jJ5nUvqmUTAq7Q,126284,3393,1,0.0,Qwen3-8B,3,social-group,LGB
R_1jJ5nUvqmUTAq7Q,126307,3394,0,0.0,Qwen3-8B,5,social-group,jewish
R_1jJ5nUvqmUTAq7Q,126330,3395,2,1.0,Qwen3-8B,2,social-group,transgender
R_1jJ5nUvqmUTAq7Q,126353,3396,4,1.0,Qwen3-8B,5,social-group,muslim
R_6GrS2nQFKagybDP,6248,104,1,0.0,Qwen3-8B,1,random,random
R_6GrS2nQFKagybDP,16146,253,1,0.0,Qwen3-8B,2,random,random
R_6GrS2nQFKagybDP,26977,427,0,0.0,Qwen3-8B,1,random,random
R_6GrS2nQFKagybDP,39644,637,2,1.0,Qwen3-8B,3,random,random
R_6GrS2nQFKagybDP,50370,800,3,1.0,Qwen3-8B,3,random,random
R_6GrS2nQFKagybDP,54368,857,0,0.0,Qwen3-8B,2,random,random
R_6GrS2nQFKagybDP,68935,1093,0,0.0,Qwen3-8B,4,random,random
R_6GrS2nQFKagybDP,71962,1150,0,0.0,Qwen3-8B,2,random,random
R_6GrS2nQFKagybDP,121013,3166,0,0.0,Qwen3-8B,1,moral,care
R_6GrS2nQFKagybDP,121013,3166,0,0.0,Qwen3-8B,1,moral,loyalty
R_6GrS2nQFKagybDP,121013,3166,0,0.0,Qwen3-8B,1,moral,purity
R_6GrS2nQFKagybDP,121013,3166,0,0.0,Qwen3-8B,1,moral,care
R_6GrS2nQFKagybDP,121013,3166,0,0.0,Qwen3-8B,1,moral,loyalty
R_6GrS2nQFKagybDP,121013,3166,0,0.0,Qwen3-8B,1,moral,purity
R_6GrS2nQFKagybDP,121013,3166,0,0.0,Qwen3-8B,1,moral,care
R_6GrS2nQFKagybDP,121013,3166,0,0.0,Qwen3-8B,1,moral,loyalty
R_6GrS2nQFKagybDP,121013,3166,0,0.0,Qwen3-8B,1,moral,purity
R_6GrS2nQFKagybDP,127616,3446,1,0.0,Qwen3-8B,2,random,random
R_6GrS2nQFKagybDP,127638,3447,4,1.0,Qwen3-8B,5,social-group,transgender
R_6GrS2nQFKagybDP,127660,3448,0,0.0,Qwen3-8B,3,moral,fairness
R_6GrS2nQFKagybDP,127682,3449,4,1.0,Qwen3-8B,5,social-group,jewish
R_6GrS2nQFKagybDP,127704,3450,4,1.0,Qwen3-8B,3,social-group,transgender
R_6GrS2nQFKagybDP,127726,3451,0,0.0,Qwen3-8B,2,moral,fairness
R_6GrS2nQFKagybDP,127748,3452,0,0.0,Qwen3-8B,2,random,random
R_6GrS2nQFKagybDP,127770,3453,0,0.0,Qwen3-8B,2,social-group,LGB
R_6GrS2nQFKagybDP,127792,3454,0,0.0,Qwen3-8B,1,social-group,transgender
R_6GrS2nQFKagybDP,127814,3455,0,0.0,Qwen3-8B,1,moral,fairness
R_6GrS2nQFKagybDP,127836,3456,3,1.0,Qwen3-8B,3,social-group,LGB
R_6GrS2nQFKagybDP,127858,3457,0,0.0,Qwen3-8B,3,random,random
R_6GrS2nQFKagybDP,127880,3458,0,0.0,Qwen3-8B,1,random,random
R_6GrS2nQFKagybDP,127902,3459,1,0.0,Qwen3-8B,1,moral,purity
R_6GrS2nQFKagybDP,127924,3460,0,0.0,Qwen3-8B,3,social-group,LGB
R_6GrS2nQFKagybDP,127946,3461,3,1.0,Qwen3-8B,4,social-group,transgender
R_6GrS2nQFKagybDP,127968,3462,4,1.0,Qwen3-8B,3,social-group,transgender
R_6GrS2nQFKagybDP,127990,3463,0,0.0,Qwen3-8B,5,social-group,jewish
R_6GrS2nQFKagybDP,128012,3464,2,1.0,Qwen3-8B,3,social-group,christian
R_6GrS2nQFKagybDP,128034,3465,2,1.0,Qwen3-8B,5,social-group,jewish
R_6GrS2nQFKagybDP,128056,3466,2,1.0,Qwen3-8B,3,social-group,LGB
R_6GrS2nQFKagybDP,128078,3467,0,0.0,Qwen3-8B,2,social-group,transgender
R_6GrS2nQFKagybDP,128100,3468,1,0.0,Qwen3-8B,3,social-group,transgender
R_6GrS2nQFKagybDP,128122,3469,0,0.0,Qwen3-8B,3,social-group,LGB
R_6GrS2nQFKagybDP,128144,3470,0,0.0,Qwen3-8B,2,social-group,LGB
R_6GrS2nQFKagybDP,128166,3471,0,0.0,Qwen3-8B,3,random,random
R_3KCJYd3vDK3ePPE,6280,104,0,0.0,Qwen3-8B,1,random,random
R_3KCJYd3vDK3ePPE,16171,253,0,0.0,Qwen3-8B,2,random,random
R_3KCJYd3vDK3ePPE,27002,427,0,0.0,Qwen3-8B,1,random,random
R_3KCJYd3vDK3ePPE,39676,637,0,0.0,Qwen3-8B,3,random,random
R_3KCJYd3vDK3ePPE,50400,800,0,0.0,Qwen3-8B,3,random,random
R_3KCJYd3vDK3ePPE,54391,857,0,0.0,Qwen3-8B,2,random,random
R_3KCJYd3vDK3ePPE,68958,1093,0,0.0,Qwen3-8B,4,random,random
R_3KCJYd3vDK3ePPE,71986,1150,0,0.0,Qwen3-8B,2,random,random
R_3KCJYd3vDK3ePPE,121109,3166,0,0.0,Qwen3-8B,1,moral,care
R_3KCJYd3vDK3ePPE,121109,3166,0,0.0,Qwen3-8B,1,moral,loyalty
R_3KCJYd3vDK3ePPE,121109,3166,0,0.0,Qwen3-8B,1,moral,purity
R_3KCJYd3vDK3ePPE,121109,3166,0,0.0,Qwen3-8B,1,moral,care
R_3KCJYd3vDK3ePPE,121109,3166,0,0.0,Qwen3-8B,1,moral,loyalty
R_3KCJYd3vDK3ePPE,121109,3166,0,0.0,Qwen3-8B,1,moral,purity
R_3KCJYd3vDK3ePPE,121109,3166,0,0.0,Qwen3-8B,1,moral,care
R_3KCJYd3vDK3ePPE,121109,3166,0,0.0,Qwen3-8B,1,moral,loyalty
R_3KCJYd3vDK3ePPE,121109,3166,0,0.0,Qwen3-8B,1,moral,purity
R_3KCJYd3vDK3ePPE,127626,3446,0,0.0,Qwen3-8B,2,random,random
R_3KCJYd3vDK3ePPE,127648,3447,0,0.0,Qwen3-8B,5,social-group,transgender
R_3KCJYd3vDK3ePPE,127670,3448,0,0.0,Qwen3-8B,3,moral,fairness
R_3KCJYd3vDK3ePPE,127692,3449,0,0.0,Qwen3-8B,5,social-group,jewish
R_3KCJYd3vDK3ePPE,127714,3450,1,0.0,Qwen3-8B,3,social-group,transgender
R_3KCJYd3vDK3ePPE,127736,3451,0,0.0,Qwen3-8B,2,moral,fairness
R_3KCJYd3vDK3ePPE,127758,3452,0,0.0,Qwen3-8B,2,random,random
R_3KCJYd3vDK3ePPE,127780,3453,0,0.0,Qwen3-8B,2,social-group,LGB
R_3KCJYd3vDK3ePPE,127802,3454,0,0.0,Qwen3-8B,1,social-group,transgender
R_3KCJYd3vDK3ePPE,127824,3455,0,0.0,Qwen3-8B,1,moral,fairness
R_3KCJYd3vDK3ePPE,127846,3456,0,0.0,Qwen3-8B,3,social-group,LGB
R_3KCJYd3vDK3ePPE,127868,3457,0,0.0,Qwen3-8B,3,random,random
R_3KCJYd3vDK3ePPE,127890,3458,0,0.0,Qwen3-8B,1,random,random
R_3KCJYd3vDK3ePPE,127912,3459,0,0.0,Qwen3-8B,1,moral,purity
R_3KCJYd3vDK3ePPE,127934,3460,0,0.0,Qwen3-8B,3,social-group,LGB
R_3KCJYd3vDK3ePPE,127956,3461,0,0.0,Qwen3-8B,4,social-group,transgender
R_3KCJYd3vDK3ePPE,127978,3462,2,1.0,Qwen3-8B,3,social-group,transgender
R_3KCJYd3vDK3ePPE,128000,3463,0,0.0,Qwen3-8B,5,social-group,jewish
R_3KCJYd3vDK3ePPE,128022,3464,0,0.0,Qwen3-8B,3,social-group,christian
R_3KCJYd3vDK3ePPE,128044,3465,0,0.0,Qwen3-8B,5,social-group,jewish
R_3KCJYd3vDK3ePPE,128066,3466,0,0.0,Qwen3-8B,3,social-group,LGB
R_3KCJYd3vDK3ePPE,128088,3467,0,0.0,Qwen3-8B,2,social-group,transgender
R_3KCJYd3vDK3ePPE,128110,3468,0,0.0,Qwen3-8B,3,social-group,transgender
R_3KCJYd3vDK3ePPE,128132,3469,0,0.0,Qwen3-8B,3,social-group,LGB
R_3KCJYd3vDK3ePPE,128154,3470,0,0.0,Qwen3-8B,2,social-group,LGB
R_3KCJYd3vDK3ePPE,128176,3471,0,0.0,Qwen3-8B,3,random,random
R_5C1438cm29oh8gF,6307,105,0,0.0,Qwen3-8B,3,random,random
R_5C1438cm29oh8gF,7899,128,1,0.0,Qwen3-8B,2,random,random
R_5C1438cm29oh8gF,23691,372,1,0.0,Qwen3-8B,3,random,random
R_5C1438cm29oh8gF,26874,425,2,1.0,Qwen3-8B,1,random,random
R_5C1438cm29oh8gF,28373,454,0,0.0,Qwen3-8B,2,random,random
R_5C1438cm29oh8gF,29136,467,0,0.0,Qwen3-8B,2,random,random
R_5C1438cm29oh8gF,46854,749,1,0.0,Qwen3-8B,3,random,random
R_5C1438cm29oh8gF,52900,833,1,0.0,Qwen3-8B,3,random,random
R_5C1438cm29oh8gF,145027,4195,1,0.0,Qwen3-8B,4,moral,care
R_5C1438cm29oh8gF,145047,4196,3,1.0,Qwen3-8B,2,social-group,jewish
R_5C1438cm29oh8gF,145067,4197,3,1.0,Qwen3-8B,4,random,random
R_5C1438cm29oh8gF,145087,4198,2,1.0,Qwen3-8B,5,social-group,LGB
R_5C1438cm29oh8gF,145107,4199,0,0.0,Qwen3-8B,4,social-group,jewish
R_5C1438cm29oh8gF,145127,4200,3,1.0,Qwen3-8B,4,social-group,christian
R_5C1438cm29oh8gF,145147,4201,0,0.0,Qwen3-8B,3,moral,loyalty
R_5C1438cm29oh8gF,145167,4202,2,1.0,Qwen3-8B,2,social-group,christian
R_5C1438cm29oh8gF,145187,4203,1,0.0,Qwen3-8B,5,social-group,christian
R_5C1438cm29oh8gF,145207,4204,2,1.0,Qwen3-8B,3,social-group,jewish
R_5C1438cm29oh8gF,145227,4205,1,0.0,Qwen3-8B,4,social-group,LGB
R_5C1438cm29oh8gF,145247,4206,4,1.0,Qwen3-8B,4,social-group,jewish
R_5C1438cm29oh8gF,145267,4207,1,0.0,Qwen3-8B,1,social-group,transgender
R_5C1438cm29oh8gF,145287,4208,3,1.0,Qwen3-8B,4,social-group,transgender
R_5C1438cm29oh8gF,145307,4209,1,0.0,Qwen3-8B,2,social-group,christian
R_5C1438cm29oh8gF,145327,4210,3,1.0,Qwen3-8B,5,social-group,christian
R_5C1438cm29oh8gF,145347,4211,1,0.0,Qwen3-8B,3,social-group,christian
R_5C1438cm29oh8gF,145367,4212,2,1.0,Qwen3-8B,3,social-group,LGB
R_5C1438cm29oh8gF,145387,4213,4,1.0,Qwen3-8B,4,social-group,jewish
R_5C1438cm29oh8gF,145407,4214,4,1.0,Qwen3-8B,5,social-group,LGB
R_5C1438cm29oh8gF,145427,4215,1,0.0,Qwen3-8B,4,social-group,transgender
R_5C1438cm29oh8gF,145447,4216,-1,,Qwen3-8B,1,social-group,christian
R_5C1438cm29oh8gF,145467,4217,3,1.0,Qwen3-8B,3,social-group,jewish
R_5C1438cm29oh8gF,145487,4218,2,1.0,Qwen3-8B,2,social-group,transgender
R_5C1438cm29oh8gF,145507,4219,1,0.0,Qwen3-8B,5,social-group,christian
R_5C1438cm29oh8gF,145527,4220,4,1.0,Qwen3-8B,5,social-group,jewish
R_5C1438cm29oh8gF,145547,4221,2,1.0,Qwen3-8B,5,social-group,jewish
R_26bzkM2pK9nzZq5,6356,106,1,0.0,Qwen3-8B,2,random,random
R_26bzkM2pK9nzZq5,23912,376,-1,,Qwen3-8B,1,random,random
R_26bzkM2pK9nzZq5,32860,523,-1,,Qwen3-8B,2,random,random
R_26bzkM2pK9nzZq5,60457,953,0,0.0,Qwen3-8B,2,random,random
R_26bzkM2pK9nzZq5,67983,1077,1,0.0,Qwen3-8B,2,random,random
R_26bzkM2pK9nzZq5,69901,1111,0,0.0,Qwen3-8B,2,random,random
R_26bzkM2pK9nzZq5,84174,1632,2,1.0,Qwen3-8B,4,moral,authority
R_26bzkM2pK9nzZq5,101201,2323,0,0.0,Qwen3-8B,4,random,random
R_26bzkM2pK9nzZq5,101201,2323,0,0.0,Qwen3-8B,4,moral,fairness
R_26bzkM2pK9nzZq5,101201,2323,0,0.0,Qwen3-8B,4,random,random
R_26bzkM2pK9nzZq5,101201,2323,0,0.0,Qwen3-8B,4,moral,fairness
R_26bzkM2pK9nzZq5,123336,3263,0,0.0,Qwen3-8B,3,social-group,jewish
R_26bzkM2pK9nzZq5,123358,3264,0,0.0,Qwen3-8B,5,social-group,LGB
R_26bzkM2pK9nzZq5,123380,3265,0,0.0,Qwen3-8B,1,social-group,LGB
R_26bzkM2pK9nzZq5,123402,3266,1,0.0,Qwen3-8B,4,social-group,muslim
R_26bzkM2pK9nzZq5,123424,3267,1,0.0,Qwen3-8B,1,moral,purity
R_26bzkM2pK9nzZq5,123446,3268,1,0.0,Qwen3-8B,5,social-group,christian
R_26bzkM2pK9nzZq5,123468,3269,2,1.0,Qwen3-8B,4,social-group,muslim
R_26bzkM2pK9nzZq5,123490,3270,4,1.0,Qwen3-8B,5,social-group,jewish
R_26bzkM2pK9nzZq5,123512,3271,1,0.0,Qwen3-8B,3,random,random
R_26bzkM2pK9nzZq5,123534,3272,0,0.0,Qwen3-8B,1,social-group,christian
R_26bzkM2pK9nzZq5,123556,3273,0,0.0,Qwen3-8B,3,social-group,transgender
R_26bzkM2pK9nzZq5,123578,3274,0,0.0,Qwen3-8B,4,social-group,muslim
R_26bzkM2pK9nzZq5,123600,3275,0,0.0,Qwen3-8B,5,social-group,jewish
R_26bzkM2pK9nzZq5,123622,3276,2,1.0,Qwen3-8B,3,social-group,muslim
R_26bzkM2pK9nzZq5,123644,3277,0,0.0,Qwen3-8B,2,random,random
R_26bzkM2pK9nzZq5,123666,3278,0,0.0,Qwen3-8B,5,social-group,LGB
R_26bzkM2pK9nzZq5,123688,3279,1,0.0,Qwen3-8B,4,social-group,LGB
R_26bzkM2pK9nzZq5,123710,3280,3,1.0,Qwen3-8B,3,social-group,transgender
R_26bzkM2pK9nzZq5,123732,3281,0,0.0,Qwen3-8B,5,social-group,jewish
R_26bzkM2pK9nzZq5,123754,3282,4,1.0,Qwen3-8B,3,social-group,christian
R_26bzkM2pK9nzZq5,123776,3283,2,1.0,Qwen3-8B,2,moral,purity
R_26bzkM2pK9nzZq5,123798,3284,0,0.0,Qwen3-8B,5,social-group,LGB
R_26bzkM2pK9nzZq5,123820,3285,4,1.0,Qwen3-8B,1,random,random
R_26bzkM2pK9nzZq5,123842,3286,2,1.0,Qwen3-8B,1,social-group,muslim
R_26bzkM2pK9nzZq5,123864,3287,0,0.0,Qwen3-8B,4,social-group,muslim
R_26bzkM2pK9nzZq5,123886,3288,0,0.0,Qwen3-8B,3,random,random
R_26bzkM2pK9nzZq5,123908,3289,1,0.0,Qwen3-8B,5,social-group,LGB
R_bNlnZGS3M4oq1MJ,6371,106,0,0.0,Qwen3-8B,2,random,random
R_bNlnZGS3M4oq1MJ,23927,376,0,0.0,Qwen3-8B,1,random,random
R_bNlnZGS3M4oq1MJ,32877,523,0,0.0,Qwen3-8B,2,random,random
R_bNlnZGS3M4oq1MJ,60472,953,0,0.0,Qwen3-8B,2,random,random
R_bNlnZGS3M4oq1MJ,68002,1077,-1,,Qwen3-8B,2,random,random
R_bNlnZGS3M4oq1MJ,69913,1111,0,0.0,Qwen3-8B,2,random,random
R_bNlnZGS3M4oq1MJ,84197,1632,1,0.0,Qwen3-8B,4,moral,authority
R_bNlnZGS3M4oq1MJ,101233,2323,2,1.0,Qwen3-8B,4,random,random
R_bNlnZGS3M4oq1MJ,101233,2323,2,1.0,Qwen3-8B,4,moral,fairness
R_bNlnZGS3M4oq1MJ,101233,2323,2,1.0,Qwen3-8B,4,random,random
R_bNlnZGS3M4oq1MJ,101233,2323,2,1.0,Qwen3-8B,4,moral,fairness
R_bNlnZGS3M4oq1MJ,123343,3263,2,1.0,Qwen3-8B,3,social-group,jewish
R_bNlnZGS3M4oq1MJ,123365,3264,0,0.0,Qwen3-8B,5,social-group,LGB
R_bNlnZGS3M4oq1MJ,123387,3265,0,0.0,Qwen3-8B,1,social-group,LGB
R_bNlnZGS3M4oq1MJ,123409,3266,3,1.0,Qwen3-8B,4,social-group,muslim
R_bNlnZGS3M4oq1MJ,123431,3267,0,0.0,Qwen3-8B,1,moral,purity
R_bNlnZGS3M4oq1MJ,123453,3268,1,0.0,Qwen3-8B,5,social-group,christian
R_bNlnZGS3M4oq1MJ,123475,3269,3,1.0,Qwen3-8B,4,social-group,muslim
R_bNlnZGS3M4oq1MJ,123497,3270,0,0.0,Qwen3-8B,5,social-group,jewish
R_bNlnZGS3M4oq1MJ,123519,3271,1,0.0,Qwen3-8B,3,random,random
R_bNlnZGS3M4oq1MJ,123541,3272,0,0.0,Qwen3-8B,1,social-group,christian
R_bNlnZGS3M4oq1MJ,123563,3273,0,0.0,Qwen3-8B,3,social-group,transgender
R_bNlnZGS3M4oq1MJ,123585,3274,1,0.0,Qwen3-8B,4,social-group,muslim
R_bNlnZGS3M4oq1MJ,123607,3275,1,0.0,Qwen3-8B,5,social-group,jewish
R_bNlnZGS3M4oq1MJ,123629,3276,2,1.0,Qwen3-8B,3,social-group,muslim
R_bNlnZGS3M4oq1MJ,123651,3277,0,0.0,Qwen3-8B,2,random,random
R_bNlnZGS3M4oq1MJ,123673,3278,3,1.0,Qwen3-8B,5,social-group,LGB
R_bNlnZGS3M4oq1MJ,123695,3279,-1,,Qwen3-8B,4,social-group,LGB
R_bNlnZGS3M4oq1MJ,123717,3280,1,0.0,Qwen3-8B,3,social-group,transgender
R_bNlnZGS3M4oq1MJ,123739,3281,0,0.0,Qwen3-8B,5,social-group,jewish
R_bNlnZGS3M4oq1MJ,123761,3282,0,0.0,Qwen3-8B,3,social-group,christian
R_bNlnZGS3M4oq1MJ,123783,3283,0,0.0,Qwen3-8B,2,moral,purity
R_bNlnZGS3M4oq1MJ,123805,3284,0,0.0,Qwen3-8B,5,social-group,LGB
R_bNlnZGS3M4oq1MJ,123827,3285,0,0.0,Qwen3-8B,1,random,random
R_bNlnZGS3M4oq1MJ,123849,3286,0,0.0,Qwen3-8B,1,social-group,muslim
R_bNlnZGS3M4oq1MJ,123871,3287,1,0.0,Qwen3-8B,4,social-group,muslim
R_bNlnZGS3M4oq1MJ,123893,3288,0,0.0,Qwen3-8B,3,random,random
R_bNlnZGS3M4oq1MJ,123915,3289,0,0.0,Qwen3-8B,5,social-group,LGB
R_323XybOdcs05MFN,6426,107,0,0.0,Qwen3-8B,2,random,random
R_323XybOdcs05MFN,10757,174,0,0.0,Qwen3-8B,2,random,random
R_323XybOdcs05MFN,23225,364,1,0.0,Qwen3-8B,1,random,random
R_323XybOdcs05MFN,33714,537,1,0.0,Qwen3-8B,1,random,random
R_323XybOdcs05MFN,34785,555,0,0.0,Qwen3-8B,3,random,random
R_323XybOdcs05MFN,37862,607,1,0.0,Qwen3-8B,3,random,random
R_323XybOdcs05MFN,40118,645,1,0.0,Qwen3-8B,5,random,random
R_323XybOdcs05MFN,55294,873,2,1.0,Qwen3-8B,5,random,random
R_323XybOdcs05MFN,84590,1649,1,0.0,Qwen3-8B,4,social-group,christian
R_323XybOdcs05MFN,84614,1650,-1,,Qwen3-8B,1,random,random
R_323XybOdcs05MFN,84638,1651,2,1.0,Qwen3-8B,2,moral,fairness
R_323XybOdcs05MFN,84662,1652,3,1.0,Qwen3-8B,5,social-group,muslim
R_323XybOdcs05MFN,84686,1653,0,0.0,Qwen3-8B,1,moral,purity
R_323XybOdcs05MFN,84710,1654,3,1.0,Qwen3-8B,2,social-group,transgender
R_323XybOdcs05MFN,84734,1655,3,1.0,Qwen3-8B,5,social-group,jewish
R_323XybOdcs05MFN,84758,1656,0,0.0,Qwen3-8B,3,social-group,christian
R_323XybOdcs05MFN,84782,1657,1,0.0,Qwen3-8B,2,random,random
R_323XybOdcs05MFN,84806,1658,0,0.0,Qwen3-8B,2,social-group,christian
R_323XybOdcs05MFN,84830,1659,2,1.0,Qwen3-8B,3,moral,fairness
R_323XybOdcs05MFN,84854,1660,2,1.0,Qwen3-8B,2,social-group,transgender
R_323XybOdcs05MFN,84878,1661,0,0.0,Qwen3-8B,3,moral,fairness
R_323XybOdcs05MFN,84902,1662,1,0.0,Qwen3-8B,2,social-group,muslim
R_323XybOdcs05MFN,84926,1663,1,0.0,Qwen3-8B,1,social-group,LGB
R_323XybOdcs05MFN,84950,1664,0,0.0,Qwen3-8B,2,random,random
R_323XybOdcs05MFN,84974,1665,0,0.0,Qwen3-8B,3,social-group,transgender
R_323XybOdcs05MFN,84998,1666,0,0.0,Qwen3-8B,2,social-group,christian
R_323XybOdcs05MFN,85022,1667,2,1.0,Qwen3-8B,5,social-group,jewish
R_323XybOdcs05MFN,85046,1668,1,0.0,Qwen3-8B,2,social-group,transgender
R_323XybOdcs05MFN,85070,1669,1,0.0,Qwen3-8B,3,social-group,muslim
R_323XybOdcs05MFN,85094,1670,0,0.0,Qwen3-8B,1,social-group,transgender
R_323XybOdcs05MFN,85118,1671,0,0.0,Qwen3-8B,2,social-group,transgender
R_323XybOdcs05MFN,85142,1672,0,0.0,Qwen3-8B,3,moral,fairness
R_323XybOdcs05MFN,85166,1673,0,0.0,Qwen3-8B,3,random,random
R_323XybOdcs05MFN,85190,1674,0,0.0,Qwen3-8B,3,social-group,muslim
R_323XybOdcs05MFN,85214,1675,0,0.0,Qwen3-8B,1,social-group,transgender
R_23ahKt2rCMimNlz,6431,107,0,0.0,Qwen3-8B,2,random,random
R_23ahKt2rCMimNlz,10764,174,0,0.0,Qwen3-8B,2,random,random
R_23ahKt2rCMimNlz,23229,364,0,0.0,Qwen3-8B,1,random,random
R_23ahKt2rCMimNlz,33719,537,0,0.0,Qwen3-8B,1,random,random
R_23ahKt2rCMimNlz,34790,555,0,0.0,Qwen3-8B,3,random,random
R_23ahKt2rCMimNlz,37866,607,0,0.0,Qwen3-8B,3,random,random
R_23ahKt2rCMimNlz,40122,645,0,0.0,Qwen3-8B,5,random,random
R_23ahKt2rCMimNlz,55299,873,0,0.0,Qwen3-8B,5,random,random
R_23ahKt2rCMimNlz,84591,1649,0,0.0,Qwen3-8B,4,social-group,christian
R_23ahKt2rCMimNlz,84615,1650,0,0.0,Qwen3-8B,1,random,random
R_23ahKt2rCMimNlz,84639,1651,0,0.0,Qwen3-8B,2,moral,fairness
R_23ahKt2rCMimNlz,84663,1652,0,0.0,Qwen3-8B,5,social-group,muslim
R_23ahKt2rCMimNlz,84687,1653,0,0.0,Qwen3-8B,1,moral,purity
R_23ahKt2rCMimNlz,84711,1654,0,0.0,Qwen3-8B,2,social-group,transgender
R_23ahKt2rCMimNlz,84735,1655,0,0.0,Qwen3-8B,5,social-group,jewish
R_23ahKt2rCMimNlz,84759,1656,0,0.0,Qwen3-8B,3,social-group,christian
R_23ahKt2rCMimNlz,84783,1657,0,0.0,Qwen3-8B,2,random,random
R_23ahKt2rCMimNlz,84807,1658,0,0.0,Qwen3-8B,2,social-group,christian
R_23ahKt2rCMimNlz,84831,1659,0,0.0,Qwen3-8B,3,moral,fairness
R_23ahKt2rCMimNlz,84855,1660,0,0.0,Qwen3-8B,2,social-group,transgender
R_23ahKt2rCMimNlz,84879,1661,0,0.0,Qwen3-8B,3,moral,fairness
R_23ahKt2rCMimNlz,84903,1662,0,0.0,Qwen3-8B,2,social-group,muslim
R_23ahKt2rCMimNlz,84927,1663,0,0.0,Qwen3-8B,1,social-group,LGB
R_23ahKt2rCMimNlz,84951,1664,0,0.0,Qwen3-8B,2,random,random
R_23ahKt2rCMimNlz,84975,1665,0,0.0,Qwen3-8B,3,social-group,transgender
R_23ahKt2rCMimNlz,84999,1666,0,0.0,Qwen3-8B,2,social-group,christian
R_23ahKt2rCMimNlz,85023,1667,0,0.0,Qwen3-8B,5,social-group,jewish
R_23ahKt2rCMimNlz,85047,1668,0,0.0,Qwen3-8B,2,social-group,transgender
R_23ahKt2rCMimNlz,85071,1669,0,0.0,Qwen3-8B,3,social-group,muslim
R_23ahKt2rCMimNlz,85095,1670,0,0.0,Qwen3-8B,1,social-group,transgender
R_23ahKt2rCMimNlz,85119,1671,0,0.0,Qwen3-8B,2,social-group,transgender
R_23ahKt2rCMimNlz,85143,1672,0,0.0,Qwen3-8B,3,moral,fairness
R_23ahKt2rCMimNlz,85167,1673,0,0.0,Qwen3-8B,3,random,random
R_23ahKt2rCMimNlz,85191,1674,0,0.0,Qwen3-8B,3,social-group,muslim
R_23ahKt2rCMimNlz,85215,1675,0,0.0,Qwen3-8B,1,social-group,transgender
R_2UcqUZg5kTgcIVH,6465,107,0,0.0,Qwen3-8B,2,random,random
R_2UcqUZg5kTgcIVH,10792,174,-1,,Qwen3-8B,2,random,random
R_2UcqUZg5kTgcIVH,23257,364,-1,,Qwen3-8B,1,random,random
R_2UcqUZg5kTgcIVH,33747,537,0,0.0,Qwen3-8B,1,random,random
R_2UcqUZg5kTgcIVH,34818,555,0,0.0,Qwen3-8B,3,random,random
R_2UcqUZg5kTgcIVH,37895,607,1,0.0,Qwen3-8B,3,random,random
R_2UcqUZg5kTgcIVH,40156,645,1,0.0,Qwen3-8B,5,random,random
R_2UcqUZg5kTgcIVH,55324,873,1,0.0,Qwen3-8B,5,random,random
R_2UcqUZg5kTgcIVH,84603,1649,-1,,Qwen3-8B,4,social-group,christian
R_2UcqUZg5kTgcIVH,84627,1650,0,0.0,Qwen3-8B,1,random,random
R_2UcqUZg5kTgcIVH,84651,1651,0,0.0,Qwen3-8B,2,moral,fairness
R_2UcqUZg5kTgcIVH,84675,1652,4,1.0,Qwen3-8B,5,social-group,muslim
R_2UcqUZg5kTgcIVH,84699,1653,0,0.0,Qwen3-8B,1,moral,purity
R_2UcqUZg5kTgcIVH,84723,1654,-1,,Qwen3-8B,2,social-group,transgender
R_2UcqUZg5kTgcIVH,84747,1655,4,1.0,Qwen3-8B,5,social-group,jewish
R_2UcqUZg5kTgcIVH,84771,1656,0,0.0,Qwen3-8B,3,social-group,christian
R_2UcqUZg5kTgcIVH,84795,1657,0,0.0,Qwen3-8B,2,random,random
R_2UcqUZg5kTgcIVH,84819,1658,1,0.0,Qwen3-8B,2,social-group,christian
R_2UcqUZg5kTgcIVH,84843,1659,-1,,Qwen3-8B,3,moral,fairness
R_2UcqUZg5kTgcIVH,84867,1660,-1,,Qwen3-8B,2,social-group,transgender
R_2UcqUZg5kTgcIVH,84891,1661,1,0.0,Qwen3-8B,3,moral,fairness
R_2UcqUZg5kTgcIVH,84915,1662,1,0.0,Qwen3-8B,2,social-group,muslim
R_2UcqUZg5kTgcIVH,84939,1663,1,0.0,Qwen3-8B,1,social-group,LGB
R_2UcqUZg5kTgcIVH,84963,1664,0,0.0,Qwen3-8B,2,random,random
R_2UcqUZg5kTgcIVH,84987,1665,3,1.0,Qwen3-8B,3,social-group,transgender
R_2UcqUZg5kTgcIVH,85011,1666,0,0.0,Qwen3-8B,2,social-group,christian
R_2UcqUZg5kTgcIVH,85035,1667,0,0.0,Qwen3-8B,5,social-group,jewish
R_2UcqUZg5kTgcIVH,85059,1668,0,0.0,Qwen3-8B,2,social-group,transgender
R_2UcqUZg5kTgcIVH,85083,1669,0,0.0,Qwen3-8B,3,social-group,muslim
R_2UcqUZg5kTgcIVH,85107,1670,0,0.0,Qwen3-8B,1,social-group,transgender
R_2UcqUZg5kTgcIVH,85131,1671,0,0.0,Qwen3-8B,2,social-group,transgender
R_2UcqUZg5kTgcIVH,85155,1672,1,0.0,Qwen3-8B,3,moral,fairness
R_2UcqUZg5kTgcIVH,85179,1673,2,1.0,Qwen3-8B,3,random,random
R_2UcqUZg5kTgcIVH,85203,1674,-1,,Qwen3-8B,3,social-group,muslim
R_2UcqUZg5kTgcIVH,85227,1675,0,0.0,Qwen3-8B,1,social-group,transgender
R_2ZOhc9OcLPfli3p,6600,110,0,0.0,Qwen3-8B,3,random,random
R_2ZOhc9OcLPfli3p,6666,111,1,0.0,Qwen3-8B,1,random,random
R_2ZOhc9OcLPfli3p,6732,112,-1,,Qwen3-8B,1,random,random
R_2ZOhc9OcLPfli3p,6797,113,0,0.0,Qwen3-8B,1,random,random
R_2ZOhc9OcLPfli3p,6863,114,0,0.0,Qwen3-8B,3,random,random
R_2ZOhc9OcLPfli3p,6929,115,1,0.0,Qwen3-8B,3,random,random
R_2ZOhc9OcLPfli3p,6993,116,0,0.0,Qwen3-8B,3,random,random
R_2ZOhc9OcLPfli3p,7059,117,0,0.0,Qwen3-8B,1,random,random
R_2ZOhc9OcLPfli3p,7123,118,0,0.0,Qwen3-8B,3,random,random
R_2ZOhc9OcLPfli3p,7189,119,2,1.0,Qwen3-8B,3,random,random
R_2ZOhc9OcLPfli3p,7253,120,-1,,Qwen3-8B,1,random,random
R_2ZOhc9OcLPfli3p,7319,121,1,0.0,Qwen3-8B,3,random,random
R_2ZOhc9OcLPfli3p,7385,122,0,0.0,Qwen3-8B,1,random,random
R_2ZOhc9OcLPfli3p,7451,123,0,0.0,Qwen3-8B,4,random,random
R_2ZOhc9OcLPfli3p,7510,124,0,0.0,Qwen3-8B,1,random,random
R_2ZOhc9OcLPfli3p,7576,125,0,0.0,Qwen3-8B,2,random,random
R_2ZOhc9OcLPfli3p,7645,126,0,0.0,Qwen3-8B,3,random,random
R_2ZOhc9OcLPfli3p,7645,126,0,0.0,Qwen3-8B,3,moral,fairness
R_2ZOhc9OcLPfli3p,7645,126,0,0.0,Qwen3-8B,3,random,random
R_2ZOhc9OcLPfli3p,7645,126,0,0.0,Qwen3-8B,3,moral,fairness
R_2ZOhc9OcLPfli3p,7812,127,-1,,Qwen3-8B,3,random,random
R_2ZOhc9OcLPfli3p,7875,128,0,0.0,Qwen3-8B,2,random,random
R_2ZOhc9OcLPfli3p,7937,129,1,0.0,Qwen3-8B,3,random,random
R_2ZOhc9OcLPfli3p,8003,130,0,0.0,Qwen3-8B,2,random,random
R_2ZOhc9OcLPfli3p,8069,131,0,0.0,Qwen3-8B,3,random,random
R_2ZOhc9OcLPfli3p,8135,132,1,0.0,Qwen3-8B,2,random,random
R_2ZOhc9OcLPfli3p,8200,133,0,0.0,Qwen3-8B,2,random,random
R_2ZOhc9OcLPfli3p,8266,134,0,0.0,Qwen3-8B,1,random,random
R_2ZOhc9OcLPfli3p,8333,135,0,0.0,Qwen3-8B,4,random,random
R_2ZOhc9OcLPfli3p,8398,136,0,0.0,Qwen3-8B,1,random,random
R_2ZOhc9OcLPfli3p,8461,137,0,0.0,Qwen3-8B,3,random,random
R_2ZOhc9OcLPfli3p,8526,138,0,0.0,Qwen3-8B,3,random,random
R_2ZOhc9OcLPfli3p,8591,139,1,0.0,Qwen3-8B,2,random,random
R_2ZOhc9OcLPfli3p,8656,140,4,1.0,Qwen3-8B,3,random,random
R_2ZOhc9OcLPfli3p,8719,141,1,0.0,Qwen3-8B,3,random,random
R_2ZOhc9OcLPfli3p,8785,142,0,0.0,Qwen3-8B,5,random,random
R_2ZOhc9OcLPfli3p,8827,143,2,1.0,Qwen3-8B,2,random,random
R_2ZOhc9OcLPfli3p,8893,144,0,0.0,Qwen3-8B,1,random,random
R_x9RcCsaTGec9YUV,6621,110,0,0.0,Qwen3-8B,3,random,random
R_x9RcCsaTGec9YUV,6687,111,0,0.0,Qwen3-8B,1,random,random
R_x9RcCsaTGec9YUV,6755,112,0,0.0,Qwen3-8B,1,random,random
R_x9RcCsaTGec9YUV,6818,113,0,0.0,Qwen3-8B,1,random,random
R_x9RcCsaTGec9YUV,6884,114,0,0.0,Qwen3-8B,3,random,random
R_x9RcCsaTGec9YUV,6950,115,0,0.0,Qwen3-8B,3,random,random
R_x9RcCsaTGec9YUV,7014,116,0,0.0,Qwen3-8B,3,random,random
R_x9RcCsaTGec9YUV,7079,117,0,0.0,Qwen3-8B,1,random,random
R_x9RcCsaTGec9YUV,7144,118,0,0.0,Qwen3-8B,3,random,random
R_x9RcCsaTGec9YUV,7209,119,0,0.0,Qwen3-8B,3,random,random
R_x9RcCsaTGec9YUV,7274,120,0,0.0,Qwen3-8B,1,random,random
R_x9RcCsaTGec9YUV,7340,121,0,0.0,Qwen3-8B,3,random,random
R_x9RcCsaTGec9YUV,7406,122,0,0.0,Qwen3-8B,1,random,random
R_x9RcCsaTGec9YUV,7468,123,0,0.0,Qwen3-8B,4,random,random
R_x9RcCsaTGec9YUV,7531,124,0,0.0,Qwen3-8B,1,random,random
R_x9RcCsaTGec9YUV,7598,125,0,0.0,Qwen3-8B,2,random,random
R_x9RcCsaTGec9YUV,7703,126,0,0.0,Qwen3-8B,3,random,random
R_x9RcCsaTGec9YUV,7703,126,0,0.0,Qwen3-8B,3,moral,fairness
R_x9RcCsaTGec9YUV,7703,126,0,0.0,Qwen3-8B,3,random,random
R_x9RcCsaTGec9YUV,7703,126,0,0.0,Qwen3-8B,3,moral,fairness
R_x9RcCsaTGec9YUV,7833,127,0,0.0,Qwen3-8B,3,random,random
R_x9RcCsaTGec9YUV,7893,128,0,0.0,Qwen3-8B,2,random,random
R_x9RcCsaTGec9YUV,7959,129,0,0.0,Qwen3-8B,3,random,random
R_x9RcCsaTGec9YUV,8024,130,0,0.0,Qwen3-8B,2,random,random
R_x9RcCsaTGec9YUV,8089,131,0,0.0,Qwen3-8B,3,random,random
R_x9RcCsaTGec9YUV,8155,132,0,0.0,Qwen3-8B,2,random,random
R_x9RcCsaTGec9YUV,8221,133,0,0.0,Qwen3-8B,2,random,random
R_x9RcCsaTGec9YUV,8288,134,0,0.0,Qwen3-8B,1,random,random
R_x9RcCsaTGec9YUV,8353,135,0,0.0,Qwen3-8B,4,random,random
R_x9RcCsaTGec9YUV,8419,136,0,0.0,Qwen3-8B,1,random,random
R_x9RcCsaTGec9YUV,8482,137,0,0.0,Qwen3-8B,3,random,random
R_x9RcCsaTGec9YUV,8546,138,0,0.0,Qwen3-8B,3,random,random
R_x9RcCsaTGec9YUV,8611,139,0,0.0,Qwen3-8B,2,random,random
R_x9RcCsaTGec9YUV,8675,140,0,0.0,Qwen3-8B,3,random,random
R_x9RcCsaTGec9YUV,8740,141,0,0.0,Qwen3-8B,3,random,random
R_x9RcCsaTGec9YUV,8797,142,0,0.0,Qwen3-8B,5,random,random
R_x9RcCsaTGec9YUV,8847,143,0,0.0,Qwen3-8B,2,random,random
R_x9RcCsaTGec9YUV,8914,144,0,0.0,Qwen3-8B,1,random,random
R_3CPIB9Qk0GrcyyW,6630,110,1,0.0,Qwen3-8B,3,random,random
R_3CPIB9Qk0GrcyyW,6696,111,2,1.0,Qwen3-8B,1,random,random
R_3CPIB9Qk0GrcyyW,6764,112,3,1.0,Qwen3-8B,1,random,random
R_3CPIB9Qk0GrcyyW,6827,113,0,0.0,Qwen3-8B,1,random,random
R_3CPIB9Qk0GrcyyW,6893,114,4,1.0,Qwen3-8B,3,random,random
R_3CPIB9Qk0GrcyyW,6959,115,4,1.0,Qwen3-8B,3,random,random
R_3CPIB9Qk0GrcyyW,7023,116,2,1.0,Qwen3-8B,3,random,random
R_3CPIB9Qk0GrcyyW,7088,117,1,0.0,Qwen3-8B,1,random,random
R_3CPIB9Qk0GrcyyW,7153,118,1,0.0,Qwen3-8B,3,random,random
R_3CPIB9Qk0GrcyyW,7218,119,1,0.0,Qwen3-8B,3,random,random
R_3CPIB9Qk0GrcyyW,7283,120,-1,,Qwen3-8B,1,random,random
R_3CPIB9Qk0GrcyyW,7349,121,2,1.0,Qwen3-8B,3,random,random
R_3CPIB9Qk0GrcyyW,7415,122,0,0.0,Qwen3-8B,1,random,random
R_3CPIB9Qk0GrcyyW,7476,123,-1,,Qwen3-8B,4,random,random
R_3CPIB9Qk0GrcyyW,7540,124,-1,,Qwen3-8B,1,random,random
R_3CPIB9Qk0GrcyyW,7607,125,-1,,Qwen3-8B,2,random,random
R_3CPIB9Qk0GrcyyW,7727,126,0,0.0,Qwen3-8B,3,random,random
R_3CPIB9Qk0GrcyyW,7727,126,0,0.0,Qwen3-8B,3,moral,fairness
R_3CPIB9Qk0GrcyyW,7727,126,0,0.0,Qwen3-8B,3,random,random
R_3CPIB9Qk0GrcyyW,7727,126,0,0.0,Qwen3-8B,3,moral,fairness
R_3CPIB9Qk0GrcyyW,7842,127,0,0.0,Qwen3-8B,3,random,random
R_3CPIB9Qk0GrcyyW,7902,128,0,0.0,Qwen3-8B,2,random,random
R_3CPIB9Qk0GrcyyW,7968,129,2,1.0,Qwen3-8B,3,random,random
R_3CPIB9Qk0GrcyyW,8033,130,0,0.0,Qwen3-8B,2,random,random
R_3CPIB9Qk0GrcyyW,8098,131,3,1.0,Qwen3-8B,3,random,random
R_3CPIB9Qk0GrcyyW,8164,132,0,0.0,Qwen3-8B,2,random,random
R_3CPIB9Qk0GrcyyW,8230,133,-1,,Qwen3-8B,2,random,random
R_3CPIB9Qk0GrcyyW,8297,134,-1,,Qwen3-8B,1,random,random
R_3CPIB9Qk0GrcyyW,8362,135,1,0.0,Qwen3-8B,4,random,random
R_3CPIB9Qk0GrcyyW,8428,136,0,0.0,Qwen3-8B,1,random,random
R_3CPIB9Qk0GrcyyW,8491,137,-1,,Qwen3-8B,3,random,random
R_3CPIB9Qk0GrcyyW,8555,138,-1,,Qwen3-8B,3,random,random
R_3CPIB9Qk0GrcyyW,8620,139,1,0.0,Qwen3-8B,2,random,random
R_3CPIB9Qk0GrcyyW,8684,140,3,1.0,Qwen3-8B,3,random,random
R_3CPIB9Qk0GrcyyW,8749,141,2,1.0,Qwen3-8B,3,random,random
R_3CPIB9Qk0GrcyyW,8803,142,1,0.0,Qwen3-8B,5,random,random
R_3CPIB9Qk0GrcyyW,8856,143,2,1.0,Qwen3-8B,2,random,random
R_3CPIB9Qk0GrcyyW,8923,144,1,0.0,Qwen3-8B,1,random,random
R_da5rxwF21ZjIFCF,6647,110,1,0.0,Qwen3-8B,3,random,random
R_da5rxwF21ZjIFCF,6713,111,1,0.0,Qwen3-8B,1,random,random
R_da5rxwF21ZjIFCF,6778,112,2,1.0,Qwen3-8B,1,random,random
R_da5rxwF21ZjIFCF,6843,113,0,0.0,Qwen3-8B,1,random,random
R_da5rxwF21ZjIFCF,6910,114,2,1.0,Qwen3-8B,3,random,random
R_da5rxwF21ZjIFCF,6974,115,0,0.0,Qwen3-8B,3,random,random
R_da5rxwF21ZjIFCF,7040,116,0,0.0,Qwen3-8B,3,random,random
R_da5rxwF21ZjIFCF,7104,117,0,0.0,Qwen3-8B,1,random,random
R_da5rxwF21ZjIFCF,7170,118,0,0.0,Qwen3-8B,3,random,random
R_da5rxwF21ZjIFCF,7234,119,1,0.0,Qwen3-8B,3,random,random
R_da5rxwF21ZjIFCF,7300,120,0,0.0,Qwen3-8B,1,random,random
R_da5rxwF21ZjIFCF,7366,121,0,0.0,Qwen3-8B,3,random,random
R_da5rxwF21ZjIFCF,7432,122,0,0.0,Qwen3-8B,1,random,random
R_da5rxwF21ZjIFCF,7491,123,2,1.0,Qwen3-8B,4,random,random
R_da5rxwF21ZjIFCF,7557,124,0,0.0,Qwen3-8B,1,random,random
R_da5rxwF21ZjIFCF,7621,125,1,0.0,Qwen3-8B,2,random,random
R_da5rxwF21ZjIFCF,7769,126,0,0.0,Qwen3-8B,3,random,random
R_da5rxwF21ZjIFCF,7769,126,0,0.0,Qwen3-8B,3,moral,fairness
R_da5rxwF21ZjIFCF,7769,126,0,0.0,Qwen3-8B,3,random,random
R_da5rxwF21ZjIFCF,7769,126,0,0.0,Qwen3-8B,3,moral,fairness
R_da5rxwF21ZjIFCF,7856,127,0,0.0,Qwen3-8B,3,random,random
R_da5rxwF21ZjIFCF,7918,128,0,0.0,Qwen3-8B,2,random,random
R_da5rxwF21ZjIFCF,7984,129,3,1.0,Qwen3-8B,3,random,random
R_da5rxwF21ZjIFCF,8050,130,0,0.0,Qwen3-8B,2,random,random
R_da5rxwF21ZjIFCF,8116,131,0,0.0,Qwen3-8B,3,random,random
R_da5rxwF21ZjIFCF,8181,132,0,0.0,Qwen3-8B,2,random,random
R_da5rxwF21ZjIFCF,8247,133,0,0.0,Qwen3-8B,2,random,random
R_da5rxwF21ZjIFCF,8314,134,0,0.0,Qwen3-8B,1,random,random
R_da5rxwF21ZjIFCF,8379,135,0,0.0,Qwen3-8B,4,random,random
R_da5rxwF21ZjIFCF,8442,136,0,0.0,Qwen3-8B,1,random,random
R_da5rxwF21ZjIFCF,8507,137,1,0.0,Qwen3-8B,3,random,random
R_da5rxwF21ZjIFCF,8572,138,0,0.0,Qwen3-8B,3,random,random
R_da5rxwF21ZjIFCF,8637,139,0,0.0,Qwen3-8B,2,random,random
R_da5rxwF21ZjIFCF,8700,140,0,0.0,Qwen3-8B,3,random,random
R_da5rxwF21ZjIFCF,8766,141,0,0.0,Qwen3-8B,3,random,random
R_da5rxwF21ZjIFCF,8814,142,1,0.0,Qwen3-8B,5,random,random
R_da5rxwF21ZjIFCF,8874,143,0,0.0,Qwen3-8B,2,random,random
R_da5rxwF21ZjIFCF,8940,144,0,0.0,Qwen3-8B,1,random,random
R_1daEmfaaaK872PV,6752,112,2,1.0,Qwen3-8B,1,random,random
R_1daEmfaaaK872PV,15955,250,0,0.0,Qwen3-8B,2,random,random
R_1daEmfaaaK872PV,21966,344,0,0.0,Qwen3-8B,4,random,random
R_1daEmfaaaK872PV,21966,344,0,0.0,Qwen3-8B,4,moral,fairness
R_1daEmfaaaK872PV,21966,344,0,0.0,Qwen3-8B,4,random,random
R_1daEmfaaaK872PV,21966,344,0,0.0,Qwen3-8B,4,moral,fairness
R_1daEmfaaaK872PV,32377,515,0,0.0,Qwen3-8B,2,random,random
R_1daEmfaaaK872PV,33657,536,0,0.0,Qwen3-8B,2,random,random
R_1daEmfaaaK872PV,36912,591,3,1.0,Qwen3-8B,3,random,random
R_1daEmfaaaK872PV,49441,785,0,0.0,Qwen3-8B,2,random,random
R_1daEmfaaaK872PV,56354,889,0,0.0,Qwen3-8B,1,random,random
R_1daEmfaaaK872PV,57289,902,0,0.0,Qwen3-8B,3,random,random
R_1daEmfaaaK872PV,117683,3019,1,0.0,Qwen3-8B,3,social-group,jewish
R_1daEmfaaaK872PV,132957,3673,4,1.0,Qwen3-8B,5,social-group,jewish
R_1daEmfaaaK872PV,132980,3674,3,1.0,Qwen3-8B,3,social-group,transgender
R_1daEmfaaaK872PV,133003,3675,0,0.0,Qwen3-8B,4,random,random
R_1daEmfaaaK872PV,133026,3676,4,1.0,Qwen3-8B,5,social-group,jewish
R_1daEmfaaaK872PV,133049,3677,0,0.0,Qwen3-8B,3,random,random
R_1daEmfaaaK872PV,133072,3678,4,1.0,Qwen3-8B,4,social-group,LGB
R_1daEmfaaaK872PV,133095,3679,2,1.0,Qwen3-8B,2,social-group,muslim
R_1daEmfaaaK872PV,133118,3680,4,1.0,Qwen3-8B,2,social-group,muslim
R_1daEmfaaaK872PV,133141,3681,0,0.0,Qwen3-8B,4,social-group,LGB
R_1daEmfaaaK872PV,133164,3682,0,0.0,Qwen3-8B,2,random,random
R_1daEmfaaaK872PV,133187,3683,4,1.0,Qwen3-8B,5,social-group,LGB
R_1daEmfaaaK872PV,133210,3684,0,0.0,Qwen3-8B,4,social-group,jewish
R_1daEmfaaaK872PV,133233,3685,1,0.0,Qwen3-8B,1,random,random
R_1daEmfaaaK872PV,133256,3686,0,0.0,Qwen3-8B,1,moral,purity
R_1daEmfaaaK872PV,133279,3687,1,0.0,Qwen3-8B,2,social-group,muslim
R_1daEmfaaaK872PV,133302,3688,1,0.0,Qwen3-8B,3,random,random
R_1daEmfaaaK872PV,133325,3689,2,1.0,Qwen3-8B,3,social-group,transgender
R_1daEmfaaaK872PV,133348,3690,0,0.0,Qwen3-8B,4,social-group,muslim
R_1daEmfaaaK872PV,133371,3691,0,0.0,Qwen3-8B,2,social-group,transgender
R_1daEmfaaaK872PV,133394,3692,0,0.0,Qwen3-8B,2,social-group,transgender
R_1daEmfaaaK872PV,133417,3693,4,1.0,Qwen3-8B,4,social-group,muslim
R_1daEmfaaaK872PV,133440,3694,0,0.0,Qwen3-8B,1,moral,care
R_1daEmfaaaK872PV,133463,3695,1,0.0,Qwen3-8B,3,social-group,LGB
R_1daEmfaaaK872PV,133486,3696,0,0.0,Qwen3-8B,4,social-group,transgender
R_1daEmfaaaK872PV,133509,3697,2,1.0,Qwen3-8B,4,social-group,jewish
R_2VKEvb1mohGbXAB,6772,112,4,1.0,Qwen3-8B,1,random,random
R_2VKEvb1mohGbXAB,15972,250,0,0.0,Qwen3-8B,2,random,random
R_2VKEvb1mohGbXAB,22010,344,1,0.0,Qwen3-8B,4,random,random
R_2VKEvb1mohGbXAB,22010,344,1,0.0,Qwen3-8B,4,moral,fairness
R_2VKEvb1mohGbXAB,22010,344,1,0.0,Qwen3-8B,4,random,random
R_2VKEvb1mohGbXAB,22010,344,1,0.0,Qwen3-8B,4,moral,fairness
R_2VKEvb1mohGbXAB,32396,515,0,0.0,Qwen3-8B,2,random,random
R_2VKEvb1mohGbXAB,33676,536,4,1.0,Qwen3-8B,2,random,random
R_2VKEvb1mohGbXAB,36933,591,3,1.0,Qwen3-8B,3,random,random
R_2VKEvb1mohGbXAB,49460,785,0,0.0,Qwen3-8B,2,random,random
R_2VKEvb1mohGbXAB,56377,889,0,0.0,Qwen3-8B,1,random,random
R_2VKEvb1mohGbXAB,57312,902,4,1.0,Qwen3-8B,3,random,random
R_2VKEvb1mohGbXAB,117691,3019,4,1.0,Qwen3-8B,3,social-group,jewish
R_2VKEvb1mohGbXAB,132961,3673,3,1.0,Qwen3-8B,5,social-group,jewish
R_2VKEvb1mohGbXAB,132984,3674,0,0.0,Qwen3-8B,3,social-group,transgender
R_2VKEvb1mohGbXAB,133007,3675,1,0.0,Qwen3-8B,4,random,random
R_2VKEvb1mohGbXAB,133030,3676,3,1.0,Qwen3-8B,5,social-group,jewish
R_2VKEvb1mohGbXAB,133053,3677,0,0.0,Qwen3-8B,3,random,random
R_2VKEvb1mohGbXAB,133076,3678,4,1.0,Qwen3-8B,4,social-group,LGB
R_2VKEvb1mohGbXAB,133099,3679,2,1.0,Qwen3-8B,2,social-group,muslim
R_2VKEvb1mohGbXAB,133122,3680,3,1.0,Qwen3-8B,2,social-group,muslim
R_2VKEvb1mohGbXAB,133145,3681,4,1.0,Qwen3-8B,4,social-group,LGB
R_2VKEvb1mohGbXAB,133168,3682,0,0.0,Qwen3-8B,2,random,random
R_2VKEvb1mohGbXAB,133191,3683,4,1.0,Qwen3-8B,5,social-group,LGB
R_2VKEvb1mohGbXAB,133214,3684,2,1.0,Qwen3-8B,4,social-group,jewish
R_2VKEvb1mohGbXAB,133237,3685,0,0.0,Qwen3-8B,1,random,random
R_2VKEvb1mohGbXAB,133260,3686,0,0.0,Qwen3-8B,1,moral,purity
R_2VKEvb1mohGbXAB,133283,3687,3,1.0,Qwen3-8B,2,social-group,muslim
R_2VKEvb1mohGbXAB,133306,3688,2,1.0,Qwen3-8B,3,random,random
R_2VKEvb1mohGbXAB,133329,3689,0,0.0,Qwen3-8B,3,social-group,transgender
R_2VKEvb1mohGbXAB,133352,3690,1,0.0,Qwen3-8B,4,social-group,muslim
R_2VKEvb1mohGbXAB,133375,3691,0,0.0,Qwen3-8B,2,social-group,transgender
R_2VKEvb1mohGbXAB,133398,3692,0,0.0,Qwen3-8B,2,social-group,transgender
R_2VKEvb1mohGbXAB,133421,3693,4,1.0,Qwen3-8B,4,social-group,muslim
R_2VKEvb1mohGbXAB,133444,3694,0,0.0,Qwen3-8B,1,moral,care
R_2VKEvb1mohGbXAB,133467,3695,0,0.0,Qwen3-8B,3,social-group,LGB
R_2VKEvb1mohGbXAB,133490,3696,4,1.0,Qwen3-8B,4,social-group,transgender
R_2VKEvb1mohGbXAB,133513,3697,0,0.0,Qwen3-8B,4,social-group,jewish
R_10IOdFjG0tYTR0w,7010,116,0,0.0,Qwen3-8B,3,random,random
R_10IOdFjG0tYTR0w,15215,239,0,0.0,Qwen3-8B,3,random,random
R_10IOdFjG0tYTR0w,20564,323,0,0.0,Qwen3-8B,3,random,random
R_10IOdFjG0tYTR0w,33533,534,0,0.0,Qwen3-8B,2,random,random
R_10IOdFjG0tYTR0w,34485,550,0,0.0,Qwen3-8B,3,random,random
R_10IOdFjG0tYTR0w,52636,829,0,0.0,Qwen3-8B,3,random,random
R_10IOdFjG0tYTR0w,68763,1090,0,0.0,Qwen3-8B,3,random,random
R_10IOdFjG0tYTR0w,148443,4350,0,0.0,Qwen3-8B,2,random,random
R_10IOdFjG0tYTR0w,148467,4351,1,0.0,Qwen3-8B,2,social-group,transgender
R_10IOdFjG0tYTR0w,148491,4352,0,0.0,Qwen3-8B,1,moral,authority
R_10IOdFjG0tYTR0w,148515,4353,0,0.0,Qwen3-8B,3,social-group,jewish
R_10IOdFjG0tYTR0w,148539,4354,0,0.0,Qwen3-8B,4,social-group,jewish
R_10IOdFjG0tYTR0w,148563,4355,0,0.0,Qwen3-8B,3,random,random
R_10IOdFjG0tYTR0w,148587,4356,0,0.0,Qwen3-8B,5,social-group,muslim
R_10IOdFjG0tYTR0w,148611,4357,1,0.0,Qwen3-8B,4,social-group,christian
R_10IOdFjG0tYTR0w,148635,4358,0,0.0,Qwen3-8B,2,moral,fairness
R_10IOdFjG0tYTR0w,148659,4359,0,0.0,Qwen3-8B,3,social-group,LGB
R_10IOdFjG0tYTR0w,148683,4360,0,0.0,Qwen3-8B,3,social-group,jewish
R_10IOdFjG0tYTR0w,148707,4361,0,0.0,Qwen3-8B,3,social-group,christian
R_10IOdFjG0tYTR0w,148731,4362,0,0.0,Qwen3-8B,2,social-group,christian
R_10IOdFjG0tYTR0w,148755,4363,2,1.0,Qwen3-8B,4,social-group,christian
R_10IOdFjG0tYTR0w,148779,4364,0,0.0,Qwen3-8B,3,social-group,christian
R_10IOdFjG0tYTR0w,148803,4365,1,0.0,Qwen3-8B,2,social-group,muslim
R_10IOdFjG0tYTR0w,148827,4366,0,0.0,Qwen3-8B,3,social-group,jewish
R_10IOdFjG0tYTR0w,148851,4367,1,0.0,Qwen3-8B,2,social-group,transgender
R_10IOdFjG0tYTR0w,148875,4368,0,0.0,Qwen3-8B,2,random,random
R_10IOdFjG0tYTR0w,148899,4369,0,0.0,Qwen3-8B,3,moral,care
R_10IOdFjG0tYTR0w,148923,4370,1,0.0,Qwen3-8B,1,social-group,transgender
R_10IOdFjG0tYTR0w,148947,4371,0,0.0,Qwen3-8B,5,social-group,muslim
R_10IOdFjG0tYTR0w,148971,4372,0,0.0,Qwen3-8B,2,random,random
R_10IOdFjG0tYTR0w,148995,4373,4,1.0,Qwen3-8B,4,social-group,LGB
R_10IOdFjG0tYTR0w,149019,4374,1,0.0,Qwen3-8B,2,random,random
R_10IOdFjG0tYTR0w,149043,4375,2,1.0,Qwen3-8B,3,social-group,LGB
R_10IOdFjG0tYTR0w,149067,4376,0,0.0,Qwen3-8B,1,moral,loyalty
R_10IOdFjG0tYTR0w,149091,4377,0,0.0,Qwen3-8B,3,moral,fairness
R_UH1IxhssudqL51D,7036,116,0,0.0,Qwen3-8B,3,random,random
R_UH1IxhssudqL51D,15245,239,4,1.0,Qwen3-8B,3,random,random
R_UH1IxhssudqL51D,20586,323,3,1.0,Qwen3-8B,3,random,random
R_UH1IxhssudqL51D,33559,534,1,0.0,Qwen3-8B,2,random,random
R_UH1IxhssudqL51D,34511,550,2,1.0,Qwen3-8B,3,random,random
R_UH1IxhssudqL51D,52663,829,2,1.0,Qwen3-8B,3,random,random
R_UH1IxhssudqL51D,68781,1090,4,1.0,Qwen3-8B,3,random,random
R_UH1IxhssudqL51D,148453,4350,2,1.0,Qwen3-8B,2,random,random
R_UH1IxhssudqL51D,148477,4351,3,1.0,Qwen3-8B,2,social-group,transgender
R_UH1IxhssudqL51D,148501,4352,0,0.0,Qwen3-8B,1,moral,authority
R_UH1IxhssudqL51D,148525,4353,4,1.0,Qwen3-8B,3,social-group,jewish
R_UH1IxhssudqL51D,148549,4354,3,1.0,Qwen3-8B,4,social-group,jewish
R_UH1IxhssudqL51D,148573,4355,0,0.0,Qwen3-8B,3,random,random
R_UH1IxhssudqL51D,148597,4356,4,1.0,Qwen3-8B,5,social-group,muslim
R_UH1IxhssudqL51D,148621,4357,3,1.0,Qwen3-8B,4,social-group,christian
R_UH1IxhssudqL51D,148645,4358,1,0.0,Qwen3-8B,2,moral,fairness
R_UH1IxhssudqL51D,148669,4359,4,1.0,Qwen3-8B,3,social-group,LGB
R_UH1IxhssudqL51D,148693,4360,3,1.0,Qwen3-8B,3,social-group,jewish
R_UH1IxhssudqL51D,148717,4361,4,1.0,Qwen3-8B,3,social-group,christian
R_UH1IxhssudqL51D,148741,4362,3,1.0,Qwen3-8B,2,social-group,christian
R_UH1IxhssudqL51D,148765,4363,4,1.0,Qwen3-8B,4,social-group,christian
R_UH1IxhssudqL51D,148789,4364,4,1.0,Qwen3-8B,3,social-group,christian
R_UH1IxhssudqL51D,148813,4365,1,0.0,Qwen3-8B,2,social-group,muslim
R_UH1IxhssudqL51D,148837,4366,3,1.0,Qwen3-8B,3,social-group,jewish
R_UH1IxhssudqL51D,148861,4367,0,0.0,Qwen3-8B,2,social-group,transgender
R_UH1IxhssudqL51D,148885,4368,1,0.0,Qwen3-8B,2,random,random
R_UH1IxhssudqL51D,148909,4369,3,1.0,Qwen3-8B,3,moral,care
R_UH1IxhssudqL51D,148933,4370,4,1.0,Qwen3-8B,1,social-group,transgender
R_UH1IxhssudqL51D,148957,4371,1,0.0,Qwen3-8B,5,social-group,muslim
R_UH1IxhssudqL51D,148981,4372,4,1.0,Qwen3-8B,2,random,random
R_UH1IxhssudqL51D,149005,4373,1,0.0,Qwen3-8B,4,social-group,LGB
R_UH1IxhssudqL51D,149029,4374,3,1.0,Qwen3-8B,2,random,random
R_UH1IxhssudqL51D,149053,4375,4,1.0,Qwen3-8B,3,social-group,LGB
R_UH1IxhssudqL51D,149077,4376,0,0.0,Qwen3-8B,1,moral,loyalty
R_UH1IxhssudqL51D,149101,4377,3,1.0,Qwen3-8B,3,moral,fairness
R_3OoXKc730oZVDxG,7051,116,0,0.0,Qwen3-8B,3,random,random
R_3OoXKc730oZVDxG,15260,239,1,0.0,Qwen3-8B,3,random,random
R_3OoXKc730oZVDxG,20599,323,1,0.0,Qwen3-8B,3,random,random
R_3OoXKc730oZVDxG,33568,534,0,0.0,Qwen3-8B,2,random,random
R_3OoXKc730oZVDxG,34520,550,0,0.0,Qwen3-8B,3,random,random
R_3OoXKc730oZVDxG,52672,829,1,0.0,Qwen3-8B,3,random,random
R_3OoXKc730oZVDxG,68792,1090,0,0.0,Qwen3-8B,3,random,random
R_3OoXKc730oZVDxG,148457,4350,0,0.0,Qwen3-8B,2,random,random
R_3OoXKc730oZVDxG,148481,4351,4,1.0,Qwen3-8B,2,social-group,transgender
R_3OoXKc730oZVDxG,148505,4352,0,0.0,Qwen3-8B,1,moral,authority
R_3OoXKc730oZVDxG,148529,4353,1,0.0,Qwen3-8B,3,social-group,jewish
R_3OoXKc730oZVDxG,148553,4354,0,0.0,Qwen3-8B,4,social-group,jewish
R_3OoXKc730oZVDxG,148577,4355,0,0.0,Qwen3-8B,3,random,random
R_3OoXKc730oZVDxG,148601,4356,2,1.0,Qwen3-8B,5,social-group,muslim
R_3OoXKc730oZVDxG,148625,4357,1,0.0,Qwen3-8B,4,social-group,christian
R_3OoXKc730oZVDxG,148649,4358,0,0.0,Qwen3-8B,2,moral,fairness
R_3OoXKc730oZVDxG,148673,4359,0,0.0,Qwen3-8B,3,social-group,LGB
R_3OoXKc730oZVDxG,148697,4360,1,0.0,Qwen3-8B,3,social-group,jewish
R_3OoXKc730oZVDxG,148721,4361,1,0.0,Qwen3-8B,3,social-group,christian
R_3OoXKc730oZVDxG,148745,4362,0,0.0,Qwen3-8B,2,social-group,christian
R_3OoXKc730oZVDxG,148769,4363,1,0.0,Qwen3-8B,4,social-group,christian
R_3OoXKc730oZVDxG,148793,4364,0,0.0,Qwen3-8B,3,social-group,christian
R_3OoXKc730oZVDxG,148817,4365,0,0.0,Qwen3-8B,2,social-group,muslim
R_3OoXKc730oZVDxG,148841,4366,0,0.0,Qwen3-8B,3,social-group,jewish
R_3OoXKc730oZVDxG,148865,4367,0,0.0,Qwen3-8B,2,social-group,transgender
R_3OoXKc730oZVDxG,148889,4368,1,0.0,Qwen3-8B,2,random,random
R_3OoXKc730oZVDxG,148913,4369,1,0.0,Qwen3-8B,3,moral,care
R_3OoXKc730oZVDxG,148937,4370,0,0.0,Qwen3-8B,1,social-group,transgender
R_3OoXKc730oZVDxG,148961,4371,1,0.0,Qwen3-8B,5,social-group,muslim
R_3OoXKc730oZVDxG,148985,4372,1,0.0,Qwen3-8B,2,random,random
R_3OoXKc730oZVDxG,149009,4373,0,0.0,Qwen3-8B,4,social-group,LGB
R_3OoXKc730oZVDxG,149033,4374,1,0.0,Qwen3-8B,2,random,random
R_3OoXKc730oZVDxG,149057,4375,0,0.0,Qwen3-8B,3,social-group,LGB
R_3OoXKc730oZVDxG,149081,4376,0,0.0,Qwen3-8B,1,moral,loyalty
R_3OoXKc730oZVDxG,149105,4377,1,0.0,Qwen3-8B,3,moral,fairness
R_2DZzQ0QbZTId5ao,7084,117,0,0.0,Qwen3-8B,1,random,random
R_2DZzQ0QbZTId5ao,12757,204,1,0.0,Qwen3-8B,4,random,random
R_2DZzQ0QbZTId5ao,13853,220,1,0.0,Qwen3-8B,3,random,random
R_2DZzQ0QbZTId5ao,16447,258,0,0.0,Qwen3-8B,1,random,random
R_2DZzQ0QbZTId5ao,27699,441,1,0.0,Qwen3-8B,3,random,random
R_2DZzQ0QbZTId5ao,28694,460,0,0.0,Qwen3-8B,3,random,random
R_2DZzQ0QbZTId5ao,41817,673,0,0.0,Qwen3-8B,3,random,random
R_2DZzQ0QbZTId5ao,60250,949,0,0.0,Qwen3-8B,3,random,random
R_2DZzQ0QbZTId5ao,63870,1011,0,0.0,Qwen3-8B,3,random,random
R_2DZzQ0QbZTId5ao,71088,1133,0,0.0,Qwen3-8B,3,random,random
R_2DZzQ0QbZTId5ao,102223,2364,0,0.0,Qwen3-8B,3,moral,authority
R_2DZzQ0QbZTId5ao,119727,3112,0,0.0,Qwen3-8B,2,moral,loyalty
R_2DZzQ0QbZTId5ao,119749,3113,0,0.0,Qwen3-8B,1,moral,fairness
R_2DZzQ0QbZTId5ao,119771,3114,0,0.0,Qwen3-8B,2,social-group,christian
R_2DZzQ0QbZTId5ao,119793,3115,1,0.0,Qwen3-8B,3,social-group,muslim
R_2DZzQ0QbZTId5ao,119815,3116,0,0.0,Qwen3-8B,3,random,random
R_2DZzQ0QbZTId5ao,119837,3117,1,0.0,Qwen3-8B,4,social-group,christian
R_2DZzQ0QbZTId5ao,119859,3118,2,1.0,Qwen3-8B,5,social-group,muslim
R_2DZzQ0QbZTId5ao,119881,3119,3,1.0,Qwen3-8B,3,social-group,jewish
R_2DZzQ0QbZTId5ao,119903,3120,-1,,Qwen3-8B,1,random,random
R_2DZzQ0QbZTId5ao,119925,3121,1,0.0,Qwen3-8B,2,random,random
R_2DZzQ0QbZTId5ao,119947,3122,0,0.0,Qwen3-8B,2,moral,fairness
R_2DZzQ0QbZTId5ao,119969,3123,0,0.0,Qwen3-8B,5,social-group,muslim
R_2DZzQ0QbZTId5ao,119991,3124,0,0.0,Qwen3-8B,2,social-group,LGB
R_2DZzQ0QbZTId5ao,120013,3125,0,0.0,Qwen3-8B,3,social-group,transgender
R_2DZzQ0QbZTId5ao,120035,3126,2,1.0,Qwen3-8B,4,social-group,christian
R_2DZzQ0QbZTId5ao,120057,3127,-1,,Qwen3-8B,2,random,random
R_2DZzQ0QbZTId5ao,120079,3128,1,0.0,Qwen3-8B,5,social-group,jewish
R_2DZzQ0QbZTId5ao,120101,3129,0,0.0,Qwen3-8B,2,social-group,christian
R_2DZzQ0QbZTId5ao,120123,3130,0,0.0,Qwen3-8B,1,moral,loyalty
R_2DZzQ0QbZTId5ao,120145,3131,0,0.0,Qwen3-8B,3,social-group,LGB
R_2DZzQ0QbZTId5ao,120167,3132,0,0.0,Qwen3-8B,1,moral,loyalty
R_2DZzQ0QbZTId5ao,120189,3133,0,0.0,Qwen3-8B,5,social-group,jewish
R_2DZzQ0QbZTId5ao,120211,3134,0,0.0,Qwen3-8B,5,social-group,LGB
R_24nOxo0uGu99eNp,7099,117,0,0.0,Qwen3-8B,1,random,random
R_24nOxo0uGu99eNp,12774,204,4,1.0,Qwen3-8B,4,random,random
R_24nOxo0uGu99eNp,13870,220,2,1.0,Qwen3-8B,3,random,random
R_24nOxo0uGu99eNp,16460,258,0,0.0,Qwen3-8B,1,random,random
R_24nOxo0uGu99eNp,27713,441,1,0.0,Qwen3-8B,3,random,random
R_24nOxo0uGu99eNp,28709,460,0,0.0,Qwen3-8B,3,random,random
R_24nOxo0uGu99eNp,41836,673,1,0.0,Qwen3-8B,3,random,random
R_24nOxo0uGu99eNp,60265,949,0,0.0,Qwen3-8B,3,random,random
R_24nOxo0uGu99eNp,63890,1011,1,0.0,Qwen3-8B,3,random,random
R_24nOxo0uGu99eNp,71101,1133,1,0.0,Qwen3-8B,3,random,random
R_24nOxo0uGu99eNp,102233,2364,1,0.0,Qwen3-8B,3,moral,authority
R_24nOxo0uGu99eNp,119733,3112,3,1.0,Qwen3-8B,2,moral,loyalty
R_24nOxo0uGu99eNp,119755,3113,0,0.0,Qwen3-8B,1,moral,fairness
R_24nOxo0uGu99eNp,119777,3114,0,0.0,Qwen3-8B,2,social-group,christian
R_24nOxo0uGu99eNp,119799,3115,2,1.0,Qwen3-8B,3,social-group,muslim
R_24nOxo0uGu99eNp,119821,3116,3,1.0,Qwen3-8B,3,random,random
R_24nOxo0uGu99eNp,119843,3117,4,1.0,Qwen3-8B,4,social-group,christian
R_24nOxo0uGu99eNp,119865,3118,4,1.0,Qwen3-8B,5,social-group,muslim
R_24nOxo0uGu99eNp,119887,3119,4,1.0,Qwen3-8B,3,social-group,jewish
R_24nOxo0uGu99eNp,119909,3120,0,0.0,Qwen3-8B,1,random,random
R_24nOxo0uGu99eNp,119931,3121,3,1.0,Qwen3-8B,2,random,random
R_24nOxo0uGu99eNp,119953,3122,0,0.0,Qwen3-8B,2,moral,fairness
R_24nOxo0uGu99eNp,119975,3123,3,1.0,Qwen3-8B,5,social-group,muslim
R_24nOxo0uGu99eNp,119997,3124,1,0.0,Qwen3-8B,2,social-group,LGB
R_24nOxo0uGu99eNp,120019,3125,1,0.0,Qwen3-8B,3,social-group,transgender
R_24nOxo0uGu99eNp,120041,3126,2,1.0,Qwen3-8B,4,social-group,christian
R_24nOxo0uGu99eNp,120063,3127,0,0.0,Qwen3-8B,2,random,random
R_24nOxo0uGu99eNp,120085,3128,4,1.0,Qwen3-8B,5,social-group,jewish
R_24nOxo0uGu99eNp,120107,3129,0,0.0,Qwen3-8B,2,social-group,christian
R_24nOxo0uGu99eNp,120129,3130,0,0.0,Qwen3-8B,1,moral,loyalty
R_24nOxo0uGu99eNp,120151,3131,3,1.0,Qwen3-8B,3,social-group,LGB
R_24nOxo0uGu99eNp,120173,3132,0,0.0,Qwen3-8B,1,moral,loyalty
R_24nOxo0uGu99eNp,120195,3133,1,0.0,Qwen3-8B,5,social-group,jewish
R_24nOxo0uGu99eNp,120217,3134,0,0.0,Qwen3-8B,5,social-group,LGB
R_vJMcN5y1vDByEWR,7214,119,0,0.0,Qwen3-8B,3,random,random
R_vJMcN5y1vDByEWR,13525,215,0,0.0,Qwen3-8B,2,random,random
R_vJMcN5y1vDByEWR,15626,245,0,0.0,Qwen3-8B,1,random,random
R_vJMcN5y1vDByEWR,22216,347,0,0.0,Qwen3-8B,1,random,random
R_vJMcN5y1vDByEWR,29009,465,0,0.0,Qwen3-8B,1,random,random
R_vJMcN5y1vDByEWR,34253,546,0,0.0,Qwen3-8B,2,random,random
R_vJMcN5y1vDByEWR,51404,815,0,0.0,Qwen3-8B,2,random,random
R_vJMcN5y1vDByEWR,52109,826,0,0.0,Qwen3-8B,3,random,random
R_vJMcN5y1vDByEWR,58446,917,0,0.0,Qwen3-8B,4,random,random
R_vJMcN5y1vDByEWR,62366,988,0,0.0,Qwen3-8B,3,random,random
R_vJMcN5y1vDByEWR,151584,4484,0,0.0,Qwen3-8B,3,social-group,jewish
R_vJMcN5y1vDByEWR,151606,4485,0,0.0,Qwen3-8B,4,social-group,transgender
R_vJMcN5y1vDByEWR,151628,4486,0,0.0,Qwen3-8B,3,moral,authority
R_vJMcN5y1vDByEWR,151650,4487,0,0.0,Qwen3-8B,5,social-group,transgender
R_vJMcN5y1vDByEWR,151672,4488,0,0.0,Qwen3-8B,1,moral,fairness
R_vJMcN5y1vDByEWR,151694,4489,0,0.0,Qwen3-8B,3,social-group,transgender
R_vJMcN5y1vDByEWR,151716,4490,0,0.0,Qwen3-8B,4,moral,loyalty
R_vJMcN5y1vDByEWR,151738,4491,0,0.0,Qwen3-8B,3,random,random
R_vJMcN5y1vDByEWR,151760,4492,0,0.0,Qwen3-8B,3,social-group,christian
R_vJMcN5y1vDByEWR,151782,4493,0,0.0,Qwen3-8B,3,random,random
R_vJMcN5y1vDByEWR,151804,4494,0,0.0,Qwen3-8B,1,moral,loyalty
R_vJMcN5y1vDByEWR,151826,4495,0,0.0,Qwen3-8B,4,social-group,christian
R_vJMcN5y1vDByEWR,151848,4496,0,0.0,Qwen3-8B,4,social-group,jewish
R_vJMcN5y1vDByEWR,151870,4497,0,0.0,Qwen3-8B,3,social-group,LGB
R_vJMcN5y1vDByEWR,151892,4498,0,0.0,Qwen3-8B,5,social-group,transgender
R_vJMcN5y1vDByEWR,151914,4499,0,0.0,Qwen3-8B,4,social-group,transgender
R_vJMcN5y1vDByEWR,151936,4500,0,0.0,Qwen3-8B,4,social-group,muslim
R_vJMcN5y1vDByEWR,151958,4501,0,0.0,Qwen3-8B,2,social-group,LGB
R_vJMcN5y1vDByEWR,151980,4502,0,0.0,Qwen3-8B,4,social-group,LGB
R_vJMcN5y1vDByEWR,152002,4503,0,0.0,Qwen3-8B,4,social-group,LGB
R_vJMcN5y1vDByEWR,152024,4504,0,0.0,Qwen3-8B,5,social-group,muslim
R_vJMcN5y1vDByEWR,152046,4505,0,0.0,Qwen3-8B,3,random,random
R_vJMcN5y1vDByEWR,152068,4506,0,0.0,Qwen3-8B,2,moral,fairness
R_vJMcN5y1vDByEWR,152090,4507,0,0.0,Qwen3-8B,5,social-group,christian
R_vJMcN5y1vDByEWR,152112,4508,0,0.0,Qwen3-8B,3,social-group,LGB
R_2154VfXLH4HcgAv,7221,119,0,0.0,Qwen3-8B,3,random,random
R_2154VfXLH4HcgAv,13537,215,1,0.0,Qwen3-8B,2,random,random
R_2154VfXLH4HcgAv,15638,245,-1,,Qwen3-8B,1,random,random
R_2154VfXLH4HcgAv,22223,347,2,1.0,Qwen3-8B,1,random,random
R_2154VfXLH4HcgAv,29017,465,2,1.0,Qwen3-8B,1,random,random
R_2154VfXLH4HcgAv,34264,546,2,1.0,Qwen3-8B,2,random,random
R_2154VfXLH4HcgAv,51417,815,1,0.0,Qwen3-8B,2,random,random
R_2154VfXLH4HcgAv,52122,826,0,0.0,Qwen3-8B,3,random,random
R_2154VfXLH4HcgAv,58454,917,-1,,Qwen3-8B,4,random,random
R_2154VfXLH4HcgAv,62379,988,0,0.0,Qwen3-8B,3,random,random
R_2154VfXLH4HcgAv,151587,4484,0,0.0,Qwen3-8B,3,social-group,jewish
R_2154VfXLH4HcgAv,151609,4485,0,0.0,Qwen3-8B,4,social-group,transgender
R_2154VfXLH4HcgAv,151631,4486,2,1.0,Qwen3-8B,3,moral,authority
R_2154VfXLH4HcgAv,151653,4487,0,0.0,Qwen3-8B,5,social-group,transgender
R_2154VfXLH4HcgAv,151675,4488,0,0.0,Qwen3-8B,1,moral,fairness
R_2154VfXLH4HcgAv,151697,4489,1,0.0,Qwen3-8B,3,social-group,transgender
R_2154VfXLH4HcgAv,151719,4490,0,0.0,Qwen3-8B,4,moral,loyalty
R_2154VfXLH4HcgAv,151741,4491,2,1.0,Qwen3-8B,3,random,random
R_2154VfXLH4HcgAv,151763,4492,0,0.0,Qwen3-8B,3,social-group,christian
R_2154VfXLH4HcgAv,151785,4493,-1,,Qwen3-8B,3,random,random
R_2154VfXLH4HcgAv,151807,4494,-1,,Qwen3-8B,1,moral,loyalty
R_2154VfXLH4HcgAv,151829,4495,3,1.0,Qwen3-8B,4,social-group,christian
R_2154VfXLH4HcgAv,151851,4496,2,1.0,Qwen3-8B,4,social-group,jewish
R_2154VfXLH4HcgAv,151873,4497,4,1.0,Qwen3-8B,3,social-group,LGB
R_2154VfXLH4HcgAv,151895,4498,2,1.0,Qwen3-8B,5,social-group,transgender
R_2154VfXLH4HcgAv,151917,4499,0,0.0,Qwen3-8B,4,social-group,transgender
R_2154VfXLH4HcgAv,151939,4500,0,0.0,Qwen3-8B,4,social-group,muslim
R_2154VfXLH4HcgAv,151961,4501,0,0.0,Qwen3-8B,2,social-group,LGB
R_2154VfXLH4HcgAv,151983,4502,3,1.0,Qwen3-8B,4,social-group,LGB
R_2154VfXLH4HcgAv,152005,4503,0,0.0,Qwen3-8B,4,social-group,LGB
R_2154VfXLH4HcgAv,152027,4504,2,1.0,Qwen3-8B,5,social-group,muslim
R_2154VfXLH4HcgAv,152049,4505,0,0.0,Qwen3-8B,3,random,random
R_2154VfXLH4HcgAv,152071,4506,4,1.0,Qwen3-8B,2,moral,fairness
R_2154VfXLH4HcgAv,152093,4507,1,0.0,Qwen3-8B,5,social-group,christian
R_2154VfXLH4HcgAv,152115,4508,4,1.0,Qwen3-8B,3,social-group,LGB
R_Qox6QVIFpz0sHhT,7237,119,1,0.0,Qwen3-8B,3,random,random
R_Qox6QVIFpz0sHhT,13551,215,1,0.0,Qwen3-8B,2,random,random
R_Qox6QVIFpz0sHhT,15652,245,4,1.0,Qwen3-8B,1,random,random
R_Qox6QVIFpz0sHhT,22240,347,2,1.0,Qwen3-8B,1,random,random
R_Qox6QVIFpz0sHhT,29030,465,4,1.0,Qwen3-8B,1,random,random
R_Qox6QVIFpz0sHhT,34277,546,3,1.0,Qwen3-8B,2,random,random
R_Qox6QVIFpz0sHhT,51430,815,4,1.0,Qwen3-8B,2,random,random
R_Qox6QVIFpz0sHhT,52135,826,1,0.0,Qwen3-8B,3,random,random
R_Qox6QVIFpz0sHhT,58468,917,0,0.0,Qwen3-8B,4,random,random
R_Qox6QVIFpz0sHhT,62393,988,1,0.0,Qwen3-8B,3,random,random
R_Qox6QVIFpz0sHhT,151594,4484,0,0.0,Qwen3-8B,3,social-group,jewish
R_Qox6QVIFpz0sHhT,151616,4485,0,0.0,Qwen3-8B,4,social-group,transgender
R_Qox6QVIFpz0sHhT,151638,4486,2,1.0,Qwen3-8B,3,moral,authority
R_Qox6QVIFpz0sHhT,151660,4487,0,0.0,Qwen3-8B,5,social-group,transgender
R_Qox6QVIFpz0sHhT,151682,4488,0,0.0,Qwen3-8B,1,moral,fairness
R_Qox6QVIFpz0sHhT,151704,4489,0,0.0,Qwen3-8B,3,social-group,transgender
R_Qox6QVIFpz0sHhT,151726,4490,0,0.0,Qwen3-8B,4,moral,loyalty
R_Qox6QVIFpz0sHhT,151748,4491,3,1.0,Qwen3-8B,3,random,random
R_Qox6QVIFpz0sHhT,151770,4492,0,0.0,Qwen3-8B,3,social-group,christian
R_Qox6QVIFpz0sHhT,151792,4493,4,1.0,Qwen3-8B,3,random,random
R_Qox6QVIFpz0sHhT,151814,4494,2,1.0,Qwen3-8B,1,moral,loyalty
R_Qox6QVIFpz0sHhT,151836,4495,4,1.0,Qwen3-8B,4,social-group,christian
R_Qox6QVIFpz0sHhT,151858,4496,4,1.0,Qwen3-8B,4,social-group,jewish
R_Qox6QVIFpz0sHhT,151880,4497,0,0.0,Qwen3-8B,3,social-group,LGB
R_Qox6QVIFpz0sHhT,151902,4498,1,0.0,Qwen3-8B,5,social-group,transgender
R_Qox6QVIFpz0sHhT,151924,4499,0,0.0,Qwen3-8B,4,social-group,transgender
R_Qox6QVIFpz0sHhT,151946,4500,0,0.0,Qwen3-8B,4,social-group,muslim
R_Qox6QVIFpz0sHhT,151968,4501,1,0.0,Qwen3-8B,2,social-group,LGB
R_Qox6QVIFpz0sHhT,151990,4502,1,0.0,Qwen3-8B,4,social-group,LGB
R_Qox6QVIFpz0sHhT,152012,4503,1,0.0,Qwen3-8B,4,social-group,LGB
R_Qox6QVIFpz0sHhT,152034,4504,0,0.0,Qwen3-8B,5,social-group,muslim
R_Qox6QVIFpz0sHhT,152056,4505,1,0.0,Qwen3-8B,3,random,random
R_Qox6QVIFpz0sHhT,152078,4506,4,1.0,Qwen3-8B,2,moral,fairness
R_Qox6QVIFpz0sHhT,152100,4507,4,1.0,Qwen3-8B,5,social-group,christian
R_Qox6QVIFpz0sHhT,152122,4508,0,0.0,Qwen3-8B,3,social-group,LGB
R_2WA1AcVHRas2pLE,7360,121,0,0.0,Qwen3-8B,3,random,random
R_2WA1AcVHRas2pLE,24679,389,-1,,Qwen3-8B,3,random,random
R_2WA1AcVHRas2pLE,40502,651,0,0.0,Qwen3-8B,2,random,random
R_2WA1AcVHRas2pLE,44500,714,-1,,Qwen3-8B,4,random,random
R_2WA1AcVHRas2pLE,54908,866,0,0.0,Qwen3-8B,2,random,random
R_2WA1AcVHRas2pLE,66527,1052,-1,,Qwen3-8B,3,random,random
R_2WA1AcVHRas2pLE,109152,2660,-1,,Qwen3-8B,1,moral,loyalty
R_2WA1AcVHRas2pLE,109152,2660,-1,,Qwen3-8B,1,moral,care
R_2WA1AcVHRas2pLE,109152,2660,-1,,Qwen3-8B,1,moral,loyalty
R_2WA1AcVHRas2pLE,109152,2660,-1,,Qwen3-8B,1,moral,care
R_2WA1AcVHRas2pLE,109199,2661,0,0.0,Qwen3-8B,4,social-group,christian
R_2WA1AcVHRas2pLE,109223,2662,-1,,Qwen3-8B,2,social-group,jewish
R_2WA1AcVHRas2pLE,109247,2663,-1,,Qwen3-8B,2,social-group,LGB
R_2WA1AcVHRas2pLE,109271,2664,-1,,Qwen3-8B,5,social-group,christian
R_2WA1AcVHRas2pLE,109295,2665,3,1.0,Qwen3-8B,5,social-group,jewish
R_2WA1AcVHRas2pLE,109319,2666,-1,,Qwen3-8B,2,random,random
R_2WA1AcVHRas2pLE,109343,2667,-1,,Qwen3-8B,2,moral,fairness
R_2WA1AcVHRas2pLE,109367,2668,-1,,Qwen3-8B,3,social-group,transgender
R_2WA1AcVHRas2pLE,109391,2669,0,0.0,Qwen3-8B,2,random,random
R_2WA1AcVHRas2pLE,109415,2670,-1,,Qwen3-8B,1,social-group,muslim
R_2WA1AcVHRas2pLE,109439,2671,-1,,Qwen3-8B,5,social-group,jewish
R_2WA1AcVHRas2pLE,109463,2672,1,0.0,Qwen3-8B,3,social-group,jewish
R_2WA1AcVHRas2pLE,109487,2673,-1,,Qwen3-8B,2,social-group,jewish
R_2WA1AcVHRas2pLE,109511,2674,-1,,Qwen3-8B,3,random,random
R_2WA1AcVHRas2pLE,109535,2675,-1,,Qwen3-8B,4,social-group,transgender
R_2WA1AcVHRas2pLE,109559,2676,-1,,Qwen3-8B,2,social-group,LGB
R_2WA1AcVHRas2pLE,109583,2677,-1,,Qwen3-8B,2,social-group,christian
R_2WA1AcVHRas2pLE,109607,2678,-1,,Qwen3-8B,2,social-group,transgender
R_2WA1AcVHRas2pLE,109631,2679,-1,,Qwen3-8B,2,social-group,christian
R_2WA1AcVHRas2pLE,109655,2680,-1,,Qwen3-8B,4,social-group,LGB
R_2WA1AcVHRas2pLE,109679,2681,0,0.0,Qwen3-8B,1,social-group,christian
R_2WA1AcVHRas2pLE,109703,2682,-1,,Qwen3-8B,3,random,random
R_2WA1AcVHRas2pLE,109727,2683,0,0.0,Qwen3-8B,4,random,random
R_2WA1AcVHRas2pLE,109751,2684,-1,,Qwen3-8B,3,social-group,jewish
R_2WA1AcVHRas2pLE,109775,2685,-1,,Qwen3-8B,4,social-group,transgender
R_2WA1AcVHRas2pLE,109799,2686,-1,,Qwen3-8B,3,moral,authority
R_2WA1AcVHRas2pLE,109823,2687,0,0.0,Qwen3-8B,4,social-group,LGB
R_2WA1AcVHRas2pLE,109847,2688,1,0.0,Qwen3-8B,4,social-group,christian
R_Z2D5z7HW32wBfgd,7388,122,0,0.0,Qwen3-8B,1,random,random
R_Z2D5z7HW32wBfgd,8722,141,0,0.0,Qwen3-8B,3,random,random
R_Z2D5z7HW32wBfgd,49294,783,3,1.0,Qwen3-8B,3,random,random
R_Z2D5z7HW32wBfgd,52150,827,1,0.0,Qwen3-8B,2,random,random
R_Z2D5z7HW32wBfgd,65057,1030,4,1.0,Qwen3-8B,1,random,random
R_Z2D5z7HW32wBfgd,69673,1107,3,1.0,Qwen3-8B,3,random,random
R_Z2D5z7HW32wBfgd,70275,1118,3,1.0,Qwen3-8B,3,random,random
R_Z2D5z7HW32wBfgd,89162,1829,0,0.0,Qwen3-8B,1,random,random
R_Z2D5z7HW32wBfgd,89186,1830,1,0.0,Qwen3-8B,3,social-group,christian
R_Z2D5z7HW32wBfgd,89210,1831,4,1.0,Qwen3-8B,1,social-group,transgender
R_Z2D5z7HW32wBfgd,89234,1832,3,1.0,Qwen3-8B,2,social-group,LGB
R_Z2D5z7HW32wBfgd,89258,1833,0,0.0,Qwen3-8B,5,social-group,LGB
R_Z2D5z7HW32wBfgd,89282,1834,0,0.0,Qwen3-8B,4,social-group,transgender
R_Z2D5z7HW32wBfgd,89306,1835,4,1.0,Qwen3-8B,4,social-group,christian
R_Z2D5z7HW32wBfgd,89330,1836,4,1.0,Qwen3-8B,4,social-group,transgender
R_Z2D5z7HW32wBfgd,89354,1837,4,1.0,Qwen3-8B,3,social-group,transgender
R_Z2D5z7HW32wBfgd,89378,1838,4,1.0,Qwen3-8B,5,social-group,muslim
R_Z2D5z7HW32wBfgd,89402,1839,2,1.0,Qwen3-8B,1,social-group,transgender
R_Z2D5z7HW32wBfgd,89429,1840,4,1.0,Qwen3-8B,4,random,random
R_Z2D5z7HW32wBfgd,89429,1840,4,1.0,Qwen3-8B,4,moral,care
R_Z2D5z7HW32wBfgd,89429,1840,4,1.0,Qwen3-8B,4,random,random
R_Z2D5z7HW32wBfgd,89429,1840,4,1.0,Qwen3-8B,4,moral,care
R_Z2D5z7HW32wBfgd,89516,1841,0,0.0,Qwen3-8B,2,social-group,christian
R_Z2D5z7HW32wBfgd,89540,1842,0,0.0,Qwen3-8B,3,social-group,muslim
R_Z2D5z7HW32wBfgd,89564,1843,0,0.0,Qwen3-8B,3,social-group,christian
R_Z2D5z7HW32wBfgd,89588,1844,4,1.0,Qwen3-8B,3,social-group,jewish
R_Z2D5z7HW32wBfgd,89612,1845,0,0.0,Qwen3-8B,3,moral,fairness
R_Z2D5z7HW32wBfgd,89636,1846,0,0.0,Qwen3-8B,3,social-group,LGB
R_Z2D5z7HW32wBfgd,89660,1847,1,0.0,Qwen3-8B,1,social-group,transgender
R_Z2D5z7HW32wBfgd,89684,1848,1,0.0,Qwen3-8B,4,social-group,LGB
R_Z2D5z7HW32wBfgd,89708,1849,4,1.0,Qwen3-8B,2,social-group,christian
R_Z2D5z7HW32wBfgd,89732,1850,0,0.0,Qwen3-8B,1,moral,purity
R_Z2D5z7HW32wBfgd,89756,1851,4,1.0,Qwen3-8B,1,social-group,christian
R_Z2D5z7HW32wBfgd,89780,1852,4,1.0,Qwen3-8B,5,social-group,muslim
R_Z2D5z7HW32wBfgd,89804,1853,4,1.0,Qwen3-8B,2,social-group,transgender
R_Z2D5z7HW32wBfgd,89828,1854,1,0.0,Qwen3-8B,2,random,random
R_Z2D5z7HW32wBfgd,89852,1855,2,1.0,Qwen3-8B,3,moral,authority
R_Z2D5z7HW32wBfgd,89876,1856,1,0.0,Qwen3-8B,2,random,random
R_sYIa2LARVDS8Hsd,7394,122,0,0.0,Qwen3-8B,1,random,random
R_sYIa2LARVDS8Hsd,8728,141,2,1.0,Qwen3-8B,3,random,random
R_sYIa2LARVDS8Hsd,49304,783,-1,,Qwen3-8B,3,random,random
R_sYIa2LARVDS8Hsd,52155,827,0,0.0,Qwen3-8B,2,random,random
R_sYIa2LARVDS8Hsd,65070,1030,0,0.0,Qwen3-8B,1,random,random
R_sYIa2LARVDS8Hsd,69683,1107,1,0.0,Qwen3-8B,3,random,random
R_sYIa2LARVDS8Hsd,70285,1118,-1,,Qwen3-8B,3,random,random
R_sYIa2LARVDS8Hsd,89164,1829,2,1.0,Qwen3-8B,1,random,random
R_sYIa2LARVDS8Hsd,89188,1830,3,1.0,Qwen3-8B,3,social-group,christian
R_sYIa2LARVDS8Hsd,89212,1831,-1,,Qwen3-8B,1,social-group,transgender
R_sYIa2LARVDS8Hsd,89236,1832,4,1.0,Qwen3-8B,2,social-group,LGB
R_sYIa2LARVDS8Hsd,89260,1833,-1,,Qwen3-8B,5,social-group,LGB
R_sYIa2LARVDS8Hsd,89284,1834,2,1.0,Qwen3-8B,4,social-group,transgender
R_sYIa2LARVDS8Hsd,89308,1835,4,1.0,Qwen3-8B,4,social-group,christian
R_sYIa2LARVDS8Hsd,89332,1836,3,1.0,Qwen3-8B,4,social-group,transgender
R_sYIa2LARVDS8Hsd,89356,1837,3,1.0,Qwen3-8B,3,social-group,transgender
R_sYIa2LARVDS8Hsd,89380,1838,4,1.0,Qwen3-8B,5,social-group,muslim
R_sYIa2LARVDS8Hsd,89404,1839,-1,,Qwen3-8B,1,social-group,transgender
R_sYIa2LARVDS8Hsd,89433,1840,0,0.0,Qwen3-8B,4,random,random
R_sYIa2LARVDS8Hsd,89433,1840,0,0.0,Qwen3-8B,4,moral,care
R_sYIa2LARVDS8Hsd,89433,1840,0,0.0,Qwen3-8B,4,random,random
R_sYIa2LARVDS8Hsd,89433,1840,0,0.0,Qwen3-8B,4,moral,care
R_sYIa2LARVDS8Hsd,89518,1841,2,1.0,Qwen3-8B,2,social-group,christian
R_sYIa2LARVDS8Hsd,89542,1842,1,0.0,Qwen3-8B,3,social-group,muslim
R_sYIa2LARVDS8Hsd,89566,1843,-1,,Qwen3-8B,3,social-group,christian
R_sYIa2LARVDS8Hsd,89590,1844,4,1.0,Qwen3-8B,3,social-group,jewish
R_sYIa2LARVDS8Hsd,89614,1845,-1,,Qwen3-8B,3,moral,fairness
R_sYIa2LARVDS8Hsd,89638,1846,4,1.0,Qwen3-8B,3,social-group,LGB
R_sYIa2LARVDS8Hsd,89662,1847,0,0.0,Qwen3-8B,1,social-group,transgender
R_sYIa2LARVDS8Hsd,89686,1848,-1,,Qwen3-8B,4,social-group,LGB
R_sYIa2LARVDS8Hsd,89710,1849,2,1.0,Qwen3-8B,2,social-group,christian
R_sYIa2LARVDS8Hsd,89734,1850,0,0.0,Qwen3-8B,1,moral,purity
R_sYIa2LARVDS8Hsd,89758,1851,0,0.0,Qwen3-8B,1,social-group,christian
R_sYIa2LARVDS8Hsd,89782,1852,3,1.0,Qwen3-8B,5,social-group,muslim
R_sYIa2LARVDS8Hsd,89806,1853,2,1.0,Qwen3-8B,2,social-group,transgender
R_sYIa2LARVDS8Hsd,89830,1854,3,1.0,Qwen3-8B,2,random,random
R_sYIa2LARVDS8Hsd,89854,1855,0,0.0,Qwen3-8B,3,moral,authority
R_sYIa2LARVDS8Hsd,89878,1856,0,0.0,Qwen3-8B,2,random,random
R_2xQ4qfUgwKLJ5Ii,7402,122,1,0.0,Qwen3-8B,1,random,random
R_2xQ4qfUgwKLJ5Ii,8736,141,1,0.0,Qwen3-8B,3,random,random
R_2xQ4qfUgwKLJ5Ii,49312,783,-1,,Qwen3-8B,3,random,random
R_2xQ4qfUgwKLJ5Ii,52167,827,3,1.0,Qwen3-8B,2,random,random
R_2xQ4qfUgwKLJ5Ii,65084,1030,1,0.0,Qwen3-8B,1,random,random
R_2xQ4qfUgwKLJ5Ii,69690,1107,2,1.0,Qwen3-8B,3,random,random
R_2xQ4qfUgwKLJ5Ii,70292,1118,4,1.0,Qwen3-8B,3,random,random
R_2xQ4qfUgwKLJ5Ii,89168,1829,3,1.0,Qwen3-8B,1,random,random
R_2xQ4qfUgwKLJ5Ii,89192,1830,4,1.0,Qwen3-8B,3,social-group,christian
R_2xQ4qfUgwKLJ5Ii,89216,1831,4,1.0,Qwen3-8B,1,social-group,transgender
R_2xQ4qfUgwKLJ5Ii,89240,1832,4,1.0,Qwen3-8B,2,social-group,LGB
R_2xQ4qfUgwKLJ5Ii,89264,1833,4,1.0,Qwen3-8B,5,social-group,LGB
R_2xQ4qfUgwKLJ5Ii,89288,1834,1,0.0,Qwen3-8B,4,social-group,transgender
R_2xQ4qfUgwKLJ5Ii,89312,1835,4,1.0,Qwen3-8B,4,social-group,christian
R_2xQ4qfUgwKLJ5Ii,89336,1836,4,1.0,Qwen3-8B,4,social-group,transgender
R_2xQ4qfUgwKLJ5Ii,89360,1837,4,1.0,Qwen3-8B,3,social-group,transgender
R_2xQ4qfUgwKLJ5Ii,89384,1838,3,1.0,Qwen3-8B,5,social-group,muslim
R_2xQ4qfUgwKLJ5Ii,89408,1839,0,0.0,Qwen3-8B,1,social-group,transgender
R_2xQ4qfUgwKLJ5Ii,89449,1840,3,1.0,Qwen3-8B,4,random,random
R_2xQ4qfUgwKLJ5Ii,89449,1840,3,1.0,Qwen3-8B,4,moral,care
R_2xQ4qfUgwKLJ5Ii,89449,1840,3,1.0,Qwen3-8B,4,random,random
R_2xQ4qfUgwKLJ5Ii,89449,1840,3,1.0,Qwen3-8B,4,moral,care
R_2xQ4qfUgwKLJ5Ii,89522,1841,3,1.0,Qwen3-8B,2,social-group,christian
R_2xQ4qfUgwKLJ5Ii,89546,1842,4,1.0,Qwen3-8B,3,social-group,muslim
R_2xQ4qfUgwKLJ5Ii,89570,1843,2,1.0,Qwen3-8B,3,social-group,christian
R_2xQ4qfUgwKLJ5Ii,89594,1844,4,1.0,Qwen3-8B,3,social-group,jewish
R_2xQ4qfUgwKLJ5Ii,89618,1845,4,1.0,Qwen3-8B,3,moral,fairness
R_2xQ4qfUgwKLJ5Ii,89642,1846,4,1.0,Qwen3-8B,3,social-group,LGB
R_2xQ4qfUgwKLJ5Ii,89666,1847,4,1.0,Qwen3-8B,1,social-group,transgender
R_2xQ4qfUgwKLJ5Ii,89690,1848,3,1.0,Qwen3-8B,4,social-group,LGB
R_2xQ4qfUgwKLJ5Ii,89714,1849,4,1.0,Qwen3-8B,2,social-group,christian
R_2xQ4qfUgwKLJ5Ii,89738,1850,3,1.0,Qwen3-8B,1,moral,purity
R_2xQ4qfUgwKLJ5Ii,89762,1851,2,1.0,Qwen3-8B,1,social-group,christian
R_2xQ4qfUgwKLJ5Ii,89786,1852,3,1.0,Qwen3-8B,5,social-group,muslim
R_2xQ4qfUgwKLJ5Ii,89810,1853,2,1.0,Qwen3-8B,2,social-group,transgender
R_2xQ4qfUgwKLJ5Ii,89834,1854,-1,,Qwen3-8B,2,random,random
R_2xQ4qfUgwKLJ5Ii,89858,1855,0,0.0,Qwen3-8B,3,moral,authority
R_2xQ4qfUgwKLJ5Ii,89882,1856,-1,,Qwen3-8B,2,random,random
R_3CTs38Hy7E55Zr3,7420,122,2,1.0,Qwen3-8B,1,random,random
R_3CTs38Hy7E55Zr3,8754,141,0,0.0,Qwen3-8B,3,random,random
R_3CTs38Hy7E55Zr3,49326,783,0,0.0,Qwen3-8B,3,random,random
R_3CTs38Hy7E55Zr3,52188,827,1,0.0,Qwen3-8B,2,random,random
R_3CTs38Hy7E55Zr3,65101,1030,0,0.0,Qwen3-8B,1,random,random
R_3CTs38Hy7E55Zr3,69701,1107,2,1.0,Qwen3-8B,3,random,random
R_3CTs38Hy7E55Zr3,70303,1118,1,0.0,Qwen3-8B,3,random,random
R_3CTs38Hy7E55Zr3,89175,1829,0,0.0,Qwen3-8B,1,random,random
R_3CTs38Hy7E55Zr3,89199,1830,0,0.0,Qwen3-8B,3,social-group,christian
R_3CTs38Hy7E55Zr3,89223,1831,0,0.0,Qwen3-8B,1,social-group,transgender
R_3CTs38Hy7E55Zr3,89247,1832,4,1.0,Qwen3-8B,2,social-group,LGB
R_3CTs38Hy7E55Zr3,89271,1833,3,1.0,Qwen3-8B,5,social-group,LGB
R_3CTs38Hy7E55Zr3,89295,1834,0,0.0,Qwen3-8B,4,social-group,transgender
R_3CTs38Hy7E55Zr3,89319,1835,2,1.0,Qwen3-8B,4,social-group,christian
R_3CTs38Hy7E55Zr3,89343,1836,3,1.0,Qwen3-8B,4,social-group,transgender
R_3CTs38Hy7E55Zr3,89367,1837,3,1.0,Qwen3-8B,3,social-group,transgender
R_3CTs38Hy7E55Zr3,89391,1838,2,1.0,Qwen3-8B,5,social-group,muslim
R_3CTs38Hy7E55Zr3,89415,1839,4,1.0,Qwen3-8B,1,social-group,transgender
R_3CTs38Hy7E55Zr3,89477,1840,0,0.0,Qwen3-8B,4,random,random
R_3CTs38Hy7E55Zr3,89477,1840,0,0.0,Qwen3-8B,4,moral,care
R_3CTs38Hy7E55Zr3,89477,1840,0,0.0,Qwen3-8B,4,random,random
R_3CTs38Hy7E55Zr3,89477,1840,0,0.0,Qwen3-8B,4,moral,care
R_3CTs38Hy7E55Zr3,89529,1841,0,0.0,Qwen3-8B,2,social-group,christian
R_3CTs38Hy7E55Zr3,89553,1842,0,0.0,Qwen3-8B,3,social-group,muslim
R_3CTs38Hy7E55Zr3,89577,1843,1,0.0,Qwen3-8B,3,social-group,christian
R_3CTs38Hy7E55Zr3,89601,1844,1,0.0,Qwen3-8B,3,social-group,jewish
R_3CTs38Hy7E55Zr3,89625,1845,0,0.0,Qwen3-8B,3,moral,fairness
R_3CTs38Hy7E55Zr3,89649,1846,0,0.0,Qwen3-8B,3,social-group,LGB
R_3CTs38Hy7E55Zr3,89673,1847,0,0.0,Qwen3-8B,1,social-group,transgender
R_3CTs38Hy7E55Zr3,89697,1848,0,0.0,Qwen3-8B,4,social-group,LGB
R_3CTs38Hy7E55Zr3,89721,1849,0,0.0,Qwen3-8B,2,social-group,christian
R_3CTs38Hy7E55Zr3,89745,1850,0,0.0,Qwen3-8B,1,moral,purity
R_3CTs38Hy7E55Zr3,89769,1851,0,0.0,Qwen3-8B,1,social-group,christian
R_3CTs38Hy7E55Zr3,89793,1852,1,0.0,Qwen3-8B,5,social-group,muslim
R_3CTs38Hy7E55Zr3,89817,1853,0,0.0,Qwen3-8B,2,social-group,transgender
R_3CTs38Hy7E55Zr3,89841,1854,0,0.0,Qwen3-8B,2,random,random
R_3CTs38Hy7E55Zr3,89865,1855,1,0.0,Qwen3-8B,3,moral,authority
R_3CTs38Hy7E55Zr3,89889,1856,0,0.0,Qwen3-8B,2,random,random
R_2xzTf8p5I01zCA4,7528,124,0,0.0,Qwen3-8B,1,random,random
R_2xzTf8p5I01zCA4,39698,638,0,0.0,Qwen3-8B,1,random,random
R_2xzTf8p5I01zCA4,41082,661,0,0.0,Qwen3-8B,3,random,random
R_2xzTf8p5I01zCA4,49501,786,0,0.0,Qwen3-8B,3,random,random
R_2xzTf8p5I01zCA4,68053,1078,0,0.0,Qwen3-8B,1,random,random
R_2xzTf8p5I01zCA4,101369,2328,3,1.0,Qwen3-8B,3,social-group,christian
R_2xzTf8p5I01zCA4,101393,2329,2,1.0,Qwen3-8B,5,social-group,muslim
R_2xzTf8p5I01zCA4,101417,2330,0,0.0,Qwen3-8B,1,moral,purity
R_2xzTf8p5I01zCA4,101441,2331,0,0.0,Qwen3-8B,5,random,random
R_2xzTf8p5I01zCA4,101465,2332,2,1.0,Qwen3-8B,4,social-group,LGB
R_2xzTf8p5I01zCA4,101489,2333,3,1.0,Qwen3-8B,3,social-group,transgender
R_2xzTf8p5I01zCA4,101513,2334,0,0.0,Qwen3-8B,2,social-group,transgender
R_2xzTf8p5I01zCA4,101537,2335,0,0.0,Qwen3-8B,1,social-group,muslim
R_2xzTf8p5I01zCA4,101561,2336,0,0.0,Qwen3-8B,3,social-group,LGB
R_2xzTf8p5I01zCA4,101585,2337,0,0.0,Qwen3-8B,4,social-group,christian
R_2xzTf8p5I01zCA4,101609,2338,0,0.0,Qwen3-8B,1,social-group,transgender
R_2xzTf8p5I01zCA4,101633,2339,2,1.0,Qwen3-8B,4,social-group,transgender
R_2xzTf8p5I01zCA4,101657,2340,0,0.0,Qwen3-8B,2,moral,care
R_2xzTf8p5I01zCA4,101681,2341,0,0.0,Qwen3-8B,3,social-group,transgender
R_2xzTf8p5I01zCA4,101705,2342,1,0.0,Qwen3-8B,4,moral,fairness
R_2xzTf8p5I01zCA4,101729,2343,0,0.0,Qwen3-8B,3,social-group,christian
R_2xzTf8p5I01zCA4,101753,2344,3,1.0,Qwen3-8B,3,social-group,jewish
R_2xzTf8p5I01zCA4,101777,2345,0,0.0,Qwen3-8B,2,social-group,christian
R_2xzTf8p5I01zCA4,101801,2346,0,0.0,Qwen3-8B,2,random,random
R_2xzTf8p5I01zCA4,101825,2347,0,0.0,Qwen3-8B,2,social-group,jewish
R_2xzTf8p5I01zCA4,101849,2348,2,1.0,Qwen3-8B,4,random,random
R_2xzTf8p5I01zCA4,101873,2349,4,1.0,Qwen3-8B,5,social-group,muslim
R_2xzTf8p5I01zCA4,101897,2350,2,1.0,Qwen3-8B,3,social-group,jewish
R_2xzTf8p5I01zCA4,101921,2351,0,0.0,Qwen3-8B,2,social-group,LGB
R_2xzTf8p5I01zCA4,101945,2352,2,1.0,Qwen3-8B,4,social-group,jewish
R_2xzTf8p5I01zCA4,101969,2353,0,0.0,Qwen3-8B,2,social-group,christian
R_2xzTf8p5I01zCA4,101993,2354,4,1.0,Qwen3-8B,5,social-group,jewish
R_2xzTf8p5I01zCA4,102017,2355,0,0.0,Qwen3-8B,1,moral,authority
R_2xzTf8p5I01zCA4,102041,2356,0,0.0,Qwen3-8B,1,moral,purity
R_2xzTf8p5I01zCA4,102065,2357,1,0.0,Qwen3-8B,4,social-group,jewish
R_1AqGB6tNSlXoyjf,7537,124,4,1.0,Qwen3-8B,1,random,random
R_1AqGB6tNSlXoyjf,39703,638,3,1.0,Qwen3-8B,1,random,random
R_1AqGB6tNSlXoyjf,41087,661,2,1.0,Qwen3-8B,3,random,random
R_1AqGB6tNSlXoyjf,49506,786,3,1.0,Qwen3-8B,3,random,random
R_1AqGB6tNSlXoyjf,68059,1078,0,0.0,Qwen3-8B,1,random,random
R_1AqGB6tNSlXoyjf,101371,2328,-1,,Qwen3-8B,3,social-group,christian
R_1AqGB6tNSlXoyjf,101395,2329,4,1.0,Qwen3-8B,5,social-group,muslim
R_1AqGB6tNSlXoyjf,101419,2330,1,0.0,Qwen3-8B,1,moral,purity
R_1AqGB6tNSlXoyjf,101443,2331,2,1.0,Qwen3-8B,5,random,random
R_1AqGB6tNSlXoyjf,101467,2332,3,1.0,Qwen3-8B,4,social-group,LGB
R_1AqGB6tNSlXoyjf,101491,2333,4,1.0,Qwen3-8B,3,social-group,transgender
R_1AqGB6tNSlXoyjf,101515,2334,0,0.0,Qwen3-8B,2,social-group,transgender
R_1AqGB6tNSlXoyjf,101539,2335,0,0.0,Qwen3-8B,1,social-group,muslim
R_1AqGB6tNSlXoyjf,101563,2336,0,0.0,Qwen3-8B,3,social-group,LGB
R_1AqGB6tNSlXoyjf,101587,2337,2,1.0,Qwen3-8B,4,social-group,christian
R_1AqGB6tNSlXoyjf,101611,2338,0,0.0,Qwen3-8B,1,social-group,transgender
R_1AqGB6tNSlXoyjf,101635,2339,0,0.0,Qwen3-8B,4,social-group,transgender
R_1AqGB6tNSlXoyjf,101659,2340,2,1.0,Qwen3-8B,2,moral,care
R_1AqGB6tNSlXoyjf,101683,2341,0,0.0,Qwen3-8B,3,social-group,transgender
R_1AqGB6tNSlXoyjf,101707,2342,0,0.0,Qwen3-8B,4,moral,fairness
R_1AqGB6tNSlXoyjf,101731,2343,0,0.0,Qwen3-8B,3,social-group,christian
R_1AqGB6tNSlXoyjf,101755,2344,-1,,Qwen3-8B,3,social-group,jewish
R_1AqGB6tNSlXoyjf,101779,2345,-1,,Qwen3-8B,2,social-group,christian
R_1AqGB6tNSlXoyjf,101803,2346,0,0.0,Qwen3-8B,2,random,random
R_1AqGB6tNSlXoyjf,101827,2347,-1,,Qwen3-8B,2,social-group,jewish
R_1AqGB6tNSlXoyjf,101851,2348,0,0.0,Qwen3-8B,4,random,random
R_1AqGB6tNSlXoyjf,101875,2349,2,1.0,Qwen3-8B,5,social-group,muslim
R_1AqGB6tNSlXoyjf,101899,2350,0,0.0,Qwen3-8B,3,social-group,jewish
R_1AqGB6tNSlXoyjf,101923,2351,0,0.0,Qwen3-8B,2,social-group,LGB
R_1AqGB6tNSlXoyjf,101947,2352,3,1.0,Qwen3-8B,4,social-group,jewish
R_1AqGB6tNSlXoyjf,101971,2353,0,0.0,Qwen3-8B,2,social-group,christian
R_1AqGB6tNSlXoyjf,101995,2354,3,1.0,Qwen3-8B,5,social-group,jewish
R_1AqGB6tNSlXoyjf,102019,2355,1,0.0,Qwen3-8B,1,moral,authority
R_1AqGB6tNSlXoyjf,102043,2356,0,0.0,Qwen3-8B,1,moral,purity
R_1AqGB6tNSlXoyjf,102067,2357,2,1.0,Qwen3-8B,4,social-group,jewish
R_3HS6gYkbLVe3oSt,7553,124,1,0.0,Qwen3-8B,1,random,random
R_3HS6gYkbLVe3oSt,39722,638,1,0.0,Qwen3-8B,1,random,random
R_3HS6gYkbLVe3oSt,41106,661,1,0.0,Qwen3-8B,3,random,random
R_3HS6gYkbLVe3oSt,49525,786,0,0.0,Qwen3-8B,3,random,random
R_3HS6gYkbLVe3oSt,68074,1078,0,0.0,Qwen3-8B,1,random,random
R_3HS6gYkbLVe3oSt,101378,2328,1,0.0,Qwen3-8B,3,social-group,christian
R_3HS6gYkbLVe3oSt,101402,2329,1,0.0,Qwen3-8B,5,social-group,muslim
R_3HS6gYkbLVe3oSt,101426,2330,0,0.0,Qwen3-8B,1,moral,purity
R_3HS6gYkbLVe3oSt,101450,2331,1,0.0,Qwen3-8B,5,random,random
R_3HS6gYkbLVe3oSt,101474,2332,1,0.0,Qwen3-8B,4,social-group,LGB
R_3HS6gYkbLVe3oSt,101498,2333,1,0.0,Qwen3-8B,3,social-group,transgender
R_3HS6gYkbLVe3oSt,101522,2334,1,0.0,Qwen3-8B,2,social-group,transgender
R_3HS6gYkbLVe3oSt,101546,2335,3,1.0,Qwen3-8B,1,social-group,muslim
R_3HS6gYkbLVe3oSt,101570,2336,2,1.0,Qwen3-8B,3,social-group,LGB
R_3HS6gYkbLVe3oSt,101594,2337,1,0.0,Qwen3-8B,4,social-group,christian
R_3HS6gYkbLVe3oSt,101618,2338,1,0.0,Qwen3-8B,1,social-group,transgender
R_3HS6gYkbLVe3oSt,101642,2339,1,0.0,Qwen3-8B,4,social-group,transgender
R_3HS6gYkbLVe3oSt,101666,2340,0,0.0,Qwen3-8B,2,moral,care
R_3HS6gYkbLVe3oSt,101690,2341,1,0.0,Qwen3-8B,3,social-group,transgender
R_3HS6gYkbLVe3oSt,101714,2342,1,0.0,Qwen3-8B,4,moral,fairness
R_3HS6gYkbLVe3oSt,101738,2343,1,0.0,Qwen3-8B,3,social-group,christian
R_3HS6gYkbLVe3oSt,101762,2344,1,0.0,Qwen3-8B,3,social-group,jewish
R_3HS6gYkbLVe3oSt,101786,2345,0,0.0,Qwen3-8B,2,social-group,christian
R_3HS6gYkbLVe3oSt,101810,2346,0,0.0,Qwen3-8B,2,random,random
R_3HS6gYkbLVe3oSt,101834,2347,1,0.0,Qwen3-8B,2,social-group,jewish
R_3HS6gYkbLVe3oSt,101858,2348,2,1.0,Qwen3-8B,4,random,random
R_3HS6gYkbLVe3oSt,101882,2349,4,1.0,Qwen3-8B,5,social-group,muslim
R_3HS6gYkbLVe3oSt,101906,2350,1,0.0,Qwen3-8B,3,social-group,jewish
R_3HS6gYkbLVe3oSt,101930,2351,0,0.0,Qwen3-8B,2,social-group,LGB
R_3HS6gYkbLVe3oSt,101954,2352,3,1.0,Qwen3-8B,4,social-group,jewish
R_3HS6gYkbLVe3oSt,101978,2353,0,0.0,Qwen3-8B,2,social-group,christian
R_3HS6gYkbLVe3oSt,102002,2354,1,0.0,Qwen3-8B,5,social-group,jewish
R_3HS6gYkbLVe3oSt,102026,2355,0,0.0,Qwen3-8B,1,moral,authority
R_3HS6gYkbLVe3oSt,102050,2356,0,0.0,Qwen3-8B,1,moral,purity
R_3HS6gYkbLVe3oSt,102074,2357,4,1.0,Qwen3-8B,4,social-group,jewish
R_4HEaXbKuhPsI6d3,7867,127,0,0.0,Qwen3-8B,3,random,random
R_4HEaXbKuhPsI6d3,18515,291,0,0.0,Qwen3-8B,1,random,random
R_4HEaXbKuhPsI6d3,30685,489,0,0.0,Qwen3-8B,2,random,random
R_4HEaXbKuhPsI6d3,44388,712,2,1.0,Qwen3-8B,3,random,random
R_4HEaXbKuhPsI6d3,44641,716,-1,,Qwen3-8B,2,random,random
R_4HEaXbKuhPsI6d3,67319,1065,0,0.0,Qwen3-8B,2,random,random
R_4HEaXbKuhPsI6d3,67729,1072,0,0.0,Qwen3-8B,4,random,random
R_4HEaXbKuhPsI6d3,71162,1134,0,0.0,Qwen3-8B,3,random,random
R_4HEaXbKuhPsI6d3,129446,3523,-1,,Qwen3-8B,1,moral,purity
R_4HEaXbKuhPsI6d3,129467,3524,1,0.0,Qwen3-8B,4,social-group,LGB
R_4HEaXbKuhPsI6d3,129488,3525,0,0.0,Qwen3-8B,2,social-group,LGB
R_4HEaXbKuhPsI6d3,129509,3526,0,0.0,Qwen3-8B,3,moral,authority
R_4HEaXbKuhPsI6d3,129530,3527,2,1.0,Qwen3-8B,5,social-group,jewish
R_4HEaXbKuhPsI6d3,129551,3528,-1,,Qwen3-8B,1,social-group,LGB
R_4HEaXbKuhPsI6d3,129572,3529,0,0.0,Qwen3-8B,3,social-group,christian
R_4HEaXbKuhPsI6d3,129593,3530,0,0.0,Qwen3-8B,3,social-group,transgender
R_4HEaXbKuhPsI6d3,129614,3531,0,0.0,Qwen3-8B,2,social-group,transgender
R_4HEaXbKuhPsI6d3,129635,3532,0,0.0,Qwen3-8B,1,social-group,christian
R_4HEaXbKuhPsI6d3,129656,3533,1,0.0,Qwen3-8B,2,random,random
R_4HEaXbKuhPsI6d3,129677,3534,0,0.0,Qwen3-8B,3,social-group,jewish
R_4HEaXbKuhPsI6d3,129698,3535,0,0.0,Qwen3-8B,5,social-group,jewish
R_4HEaXbKuhPsI6d3,129719,3536,0,0.0,Qwen3-8B,3,social-group,transgender
R_4HEaXbKuhPsI6d3,129740,3537,1,0.0,Qwen3-8B,4,social-group,LGB
R_4HEaXbKuhPsI6d3,129761,3538,0,0.0,Qwen3-8B,2,social-group,christian
R_4HEaXbKuhPsI6d3,129782,3539,0,0.0,Qwen3-8B,1,random,random
R_4HEaXbKuhPsI6d3,129803,3540,1,0.0,Qwen3-8B,3,moral,fairness
R_4HEaXbKuhPsI6d3,129824,3541,0,0.0,Qwen3-8B,4,social-group,muslim
R_4HEaXbKuhPsI6d3,129845,3542,0,0.0,Qwen3-8B,3,random,random
R_4HEaXbKuhPsI6d3,129866,3543,2,1.0,Qwen3-8B,5,social-group,muslim
R_4HEaXbKuhPsI6d3,129887,3544,0,0.0,Qwen3-8B,4,social-group,LGB
R_4HEaXbKuhPsI6d3,129908,3545,0,0.0,Qwen3-8B,2,moral,purity
R_4HEaXbKuhPsI6d3,129929,3546,0,0.0,Qwen3-8B,1,moral,purity
R_4HEaXbKuhPsI6d3,129950,3547,0,0.0,Qwen3-8B,1,random,random
R_4HEaXbKuhPsI6d3,129971,3548,0,0.0,Qwen3-8B,3,social-group,muslim
R_4HEaXbKuhPsI6d3,129992,3549,0,0.0,Qwen3-8B,4,social-group,LGB
R_UH00jSGLr57RgZj,8138,132,1,0.0,Qwen3-8B,2,random,random
R_UH00jSGLr57RgZj,28201,451,1,0.0,Qwen3-8B,1,random,random
R_UH00jSGLr57RgZj,37663,604,1,0.0,Qwen3-8B,4,random,random
R_UH00jSGLr57RgZj,46894,750,0,0.0,Qwen3-8B,3,random,random
R_UH00jSGLr57RgZj,48033,766,0,0.0,Qwen3-8B,3,random,random
R_UH00jSGLr57RgZj,62165,985,0,0.0,Qwen3-8B,1,random,random
R_UH00jSGLr57RgZj,68568,1087,0,0.0,Qwen3-8B,3,random,random
R_UH00jSGLr57RgZj,72148,1154,1,0.0,Qwen3-8B,1,random,random
R_UH00jSGLr57RgZj,143777,4143,2,1.0,Qwen3-8B,3,social-group,LGB
R_UH00jSGLr57RgZj,143800,4144,0,0.0,Qwen3-8B,3,social-group,christian
R_UH00jSGLr57RgZj,143823,4145,1,0.0,Qwen3-8B,5,social-group,jewish
R_UH00jSGLr57RgZj,143846,4146,0,0.0,Qwen3-8B,1,moral,care
R_UH00jSGLr57RgZj,143869,4147,2,1.0,Qwen3-8B,1,social-group,transgender
R_UH00jSGLr57RgZj,143892,4148,0,0.0,Qwen3-8B,5,social-group,jewish
R_UH00jSGLr57RgZj,143915,4149,0,0.0,Qwen3-8B,3,social-group,transgender
R_UH00jSGLr57RgZj,143938,4150,0,0.0,Qwen3-8B,1,social-group,christian
R_UH00jSGLr57RgZj,143961,4151,4,1.0,Qwen3-8B,1,social-group,LGB
R_UH00jSGLr57RgZj,143984,4152,0,0.0,Qwen3-8B,1,moral,loyalty
R_UH00jSGLr57RgZj,144007,4153,4,1.0,Qwen3-8B,3,social-group,muslim
R_UH00jSGLr57RgZj,144030,4154,4,1.0,Qwen3-8B,3,social-group,muslim
R_UH00jSGLr57RgZj,144053,4155,1,0.0,Qwen3-8B,1,random,random
R_UH00jSGLr57RgZj,144076,4156,0,0.0,Qwen3-8B,1,social-group,christian
R_UH00jSGLr57RgZj,144099,4157,1,0.0,Qwen3-8B,3,social-group,jewish
R_UH00jSGLr57RgZj,144122,4158,0,0.0,Qwen3-8B,3,social-group,muslim
R_UH00jSGLr57RgZj,144145,4159,1,0.0,Qwen3-8B,5,moral,care
R_UH00jSGLr57RgZj,144168,4160,0,0.0,Qwen3-8B,3,random,random
R_UH00jSGLr57RgZj,144191,4161,0,0.0,Qwen3-8B,3,random,random
R_UH00jSGLr57RgZj,144214,4162,0,0.0,Qwen3-8B,1,social-group,LGB
R_UH00jSGLr57RgZj,144237,4163,0,0.0,Qwen3-8B,5,social-group,transgender
R_UH00jSGLr57RgZj,144260,4164,4,1.0,Qwen3-8B,3,social-group,LGB
R_UH00jSGLr57RgZj,144283,4165,0,0.0,Qwen3-8B,3,social-group,jewish
R_UH00jSGLr57RgZj,144306,4166,0,0.0,Qwen3-8B,3,social-group,christian
R_UH00jSGLr57RgZj,144329,4167,4,1.0,Qwen3-8B,2,social-group,muslim
R_UH00jSGLr57RgZj,144352,4168,3,1.0,Qwen3-8B,2,random,random
R_WCf0iHBB66ZrkNr,8161,132,0,0.0,Qwen3-8B,2,random,random
R_WCf0iHBB66ZrkNr,28220,451,1,0.0,Qwen3-8B,1,random,random
R_WCf0iHBB66ZrkNr,37687,604,3,1.0,Qwen3-8B,4,random,random
R_WCf0iHBB66ZrkNr,46924,750,0,0.0,Qwen3-8B,3,random,random
R_WCf0iHBB66ZrkNr,48063,766,3,1.0,Qwen3-8B,3,random,random
R_WCf0iHBB66ZrkNr,62184,985,0,0.0,Qwen3-8B,1,random,random
R_WCf0iHBB66ZrkNr,68591,1087,0,0.0,Qwen3-8B,3,random,random
R_WCf0iHBB66ZrkNr,72166,1154,1,0.0,Qwen3-8B,1,random,random
R_WCf0iHBB66ZrkNr,143785,4143,-1,,Qwen3-8B,3,social-group,LGB
R_WCf0iHBB66ZrkNr,143808,4144,1,0.0,Qwen3-8B,3,social-group,christian
R_WCf0iHBB66ZrkNr,143831,4145,3,1.0,Qwen3-8B,5,social-group,jewish
R_WCf0iHBB66ZrkNr,143854,4146,0,0.0,Qwen3-8B,1,moral,care
R_WCf0iHBB66ZrkNr,143877,4147,-1,,Qwen3-8B,1,social-group,transgender
R_WCf0iHBB66ZrkNr,143900,4148,0,0.0,Qwen3-8B,5,social-group,jewish
R_WCf0iHBB66ZrkNr,143923,4149,2,1.0,Qwen3-8B,3,social-group,transgender
R_WCf0iHBB66ZrkNr,143946,4150,0,0.0,Qwen3-8B,1,social-group,christian
R_WCf0iHBB66ZrkNr,143969,4151,0,0.0,Qwen3-8B,1,social-group,LGB
R_WCf0iHBB66ZrkNr,143992,4152,0,0.0,Qwen3-8B,1,moral,loyalty
R_WCf0iHBB66ZrkNr,144015,4153,0,0.0,Qwen3-8B,3,social-group,muslim
R_WCf0iHBB66ZrkNr,144038,4154,0,0.0,Qwen3-8B,3,social-group,muslim
R_WCf0iHBB66ZrkNr,144061,4155,-1,,Qwen3-8B,1,random,random
R_WCf0iHBB66ZrkNr,144084,4156,0,0.0,Qwen3-8B,1,social-group,christian
R_WCf0iHBB66ZrkNr,144107,4157,0,0.0,Qwen3-8B,3,social-group,jewish
R_WCf0iHBB66ZrkNr,144130,4158,0,0.0,Qwen3-8B,3,social-group,muslim
R_WCf0iHBB66ZrkNr,144153,4159,4,1.0,Qwen3-8B,5,moral,care
R_WCf0iHBB66ZrkNr,144176,4160,0,0.0,Qwen3-8B,3,random,random
R_WCf0iHBB66ZrkNr,144199,4161,1,0.0,Qwen3-8B,3,random,random
R_WCf0iHBB66ZrkNr,144222,4162,0,0.0,Qwen3-8B,1,social-group,LGB
R_WCf0iHBB66ZrkNr,144245,4163,4,1.0,Qwen3-8B,5,social-group,transgender
R_WCf0iHBB66ZrkNr,144268,4164,4,1.0,Qwen3-8B,3,social-group,LGB
R_WCf0iHBB66ZrkNr,144291,4165,0,0.0,Qwen3-8B,3,social-group,jewish
R_WCf0iHBB66ZrkNr,144314,4166,0,0.0,Qwen3-8B,3,social-group,christian
R_WCf0iHBB66ZrkNr,144337,4167,4,1.0,Qwen3-8B,2,social-group,muslim
R_WCf0iHBB66ZrkNr,144360,4168,3,1.0,Qwen3-8B,2,random,random
R_p0p2NARTogyJmwN,8175,132,1,0.0,Qwen3-8B,2,random,random
R_p0p2NARTogyJmwN,28233,451,2,1.0,Qwen3-8B,1,random,random
R_p0p2NARTogyJmwN,37701,604,2,1.0,Qwen3-8B,4,random,random
R_p0p2NARTogyJmwN,46944,750,2,1.0,Qwen3-8B,3,random,random
R_p0p2NARTogyJmwN,48083,766,4,1.0,Qwen3-8B,3,random,random
R_p0p2NARTogyJmwN,62203,985,1,0.0,Qwen3-8B,1,random,random
R_p0p2NARTogyJmwN,68604,1087,0,0.0,Qwen3-8B,3,random,random
R_p0p2NARTogyJmwN,72178,1154,1,0.0,Qwen3-8B,1,random,random
R_p0p2NARTogyJmwN,143790,4143,1,0.0,Qwen3-8B,3,social-group,LGB
R_p0p2NARTogyJmwN,143813,4144,4,1.0,Qwen3-8B,3,social-group,christian
R_p0p2NARTogyJmwN,143836,4145,1,0.0,Qwen3-8B,5,social-group,jewish
R_p0p2NARTogyJmwN,143859,4146,0,0.0,Qwen3-8B,1,moral,care
R_p0p2NARTogyJmwN,143882,4147,-1,,Qwen3-8B,1,social-group,transgender
R_p0p2NARTogyJmwN,143905,4148,0,0.0,Qwen3-8B,5,social-group,jewish
R_p0p2NARTogyJmwN,143928,4149,0,0.0,Qwen3-8B,3,social-group,transgender
R_p0p2NARTogyJmwN,143951,4150,3,1.0,Qwen3-8B,1,social-group,christian
R_p0p2NARTogyJmwN,143974,4151,1,0.0,Qwen3-8B,1,social-group,LGB
R_p0p2NARTogyJmwN,143997,4152,1,0.0,Qwen3-8B,1,moral,loyalty
R_p0p2NARTogyJmwN,144020,4153,1,0.0,Qwen3-8B,3,social-group,muslim
R_p0p2NARTogyJmwN,144043,4154,1,0.0,Qwen3-8B,3,social-group,muslim
R_p0p2NARTogyJmwN,144066,4155,1,0.0,Qwen3-8B,1,random,random
R_p0p2NARTogyJmwN,144089,4156,0,0.0,Qwen3-8B,1,social-group,christian
R_p0p2NARTogyJmwN,144112,4157,4,1.0,Qwen3-8B,3,social-group,jewish
R_p0p2NARTogyJmwN,144135,4158,1,0.0,Qwen3-8B,3,social-group,muslim
R_p0p2NARTogyJmwN,144158,4159,2,1.0,Qwen3-8B,5,moral,care
R_p0p2NARTogyJmwN,144181,4160,1,0.0,Qwen3-8B,3,random,random
R_p0p2NARTogyJmwN,144204,4161,1,0.0,Qwen3-8B,3,random,random
R_p0p2NARTogyJmwN,144227,4162,0,0.0,Qwen3-8B,1,social-group,LGB
R_p0p2NARTogyJmwN,144250,4163,3,1.0,Qwen3-8B,5,social-group,transgender
R_p0p2NARTogyJmwN,144273,4164,1,0.0,Qwen3-8B,3,social-group,LGB
R_p0p2NARTogyJmwN,144296,4165,2,1.0,Qwen3-8B,3,social-group,jewish
R_p0p2NARTogyJmwN,144319,4166,1,0.0,Qwen3-8B,3,social-group,christian
R_p0p2NARTogyJmwN,144342,4167,3,1.0,Qwen3-8B,2,social-group,muslim
R_p0p2NARTogyJmwN,144365,4168,4,1.0,Qwen3-8B,2,random,random
R_2TmF3AM88VbziEi,8209,133,3,1.0,Qwen3-8B,2,random,random
R_2TmF3AM88VbziEi,9025,146,1,0.0,Qwen3-8B,2,random,random
R_2TmF3AM88VbziEi,19188,302,3,1.0,Qwen3-8B,2,random,random
R_2TmF3AM88VbziEi,21791,342,2,1.0,Qwen3-8B,2,random,random
R_2TmF3AM88VbziEi,34123,544,1,0.0,Qwen3-8B,2,random,random
R_2TmF3AM88VbziEi,45562,730,3,1.0,Qwen3-8B,3,random,random
R_2TmF3AM88VbziEi,46266,741,2,1.0,Qwen3-8B,1,random,random
R_2TmF3AM88VbziEi,52819,832,1,0.0,Qwen3-8B,2,random,random
R_2TmF3AM88VbziEi,55161,871,3,1.0,Qwen3-8B,3,random,random
R_2TmF3AM88VbziEi,69353,1101,2,1.0,Qwen3-8B,2,random,random
R_2TmF3AM88VbziEi,152654,4534,2,1.0,Qwen3-8B,5,social-group,jewish
R_2TmF3AM88VbziEi,152678,4535,3,1.0,Qwen3-8B,1,social-group,jewish
R_2TmF3AM88VbziEi,152702,4536,4,1.0,Qwen3-8B,3,social-group,jewish
R_2TmF3AM88VbziEi,152726,4537,2,1.0,Qwen3-8B,5,social-group,LGB
R_2TmF3AM88VbziEi,152750,4538,0,0.0,Qwen3-8B,2,moral,purity
R_2TmF3AM88VbziEi,152774,4539,0,0.0,Qwen3-8B,1,moral,authority
R_2TmF3AM88VbziEi,152798,4540,3,1.0,Qwen3-8B,4,social-group,jewish
R_2TmF3AM88VbziEi,152822,4541,2,1.0,Qwen3-8B,1,social-group,jewish
R_2TmF3AM88VbziEi,152846,4542,2,1.0,Qwen3-8B,2,social-group,muslim
R_2TmF3AM88VbziEi,152870,4543,1,0.0,Qwen3-8B,2,social-group,christian
R_2TmF3AM88VbziEi,152894,4544,3,1.0,Qwen3-8B,2,social-group,LGB
R_2TmF3AM88VbziEi,152918,4545,4,1.0,Qwen3-8B,3,social-group,transgender
R_2TmF3AM88VbziEi,152942,4546,2,1.0,Qwen3-8B,2,random,random
R_2TmF3AM88VbziEi,152966,4547,4,1.0,Qwen3-8B,5,social-group,muslim
R_2TmF3AM88VbziEi,152990,4548,4,1.0,Qwen3-8B,4,social-group,jewish
R_2TmF3AM88VbziEi,153014,4549,0,0.0,Qwen3-8B,1,moral,care
R_2TmF3AM88VbziEi,153038,4550,4,1.0,Qwen3-8B,5,social-group,jewish
R_2TmF3AM88VbziEi,153062,4551,4,1.0,Qwen3-8B,3,social-group,muslim
R_2TmF3AM88VbziEi,153086,4552,4,1.0,Qwen3-8B,1,social-group,transgender
R_2TmF3AM88VbziEi,153110,4553,4,1.0,Qwen3-8B,3,social-group,christian
R_2TmF3AM88VbziEi,153134,4554,2,1.0,Qwen3-8B,4,random,random
R_2TmF3AM88VbziEi,153158,4555,2,1.0,Qwen3-8B,2,random,random
R_2TmF3AM88VbziEi,153182,4556,0,0.0,Qwen3-8B,1,moral,care
R_2TmF3AM88VbziEi,153206,4557,3,1.0,Qwen3-8B,4,social-group,christian
R_2TmF3AM88VbziEi,153230,4558,3,1.0,Qwen3-8B,4,social-group,LGB
R_1pFrQcPUI3tnYJg,8233,133,0,0.0,Qwen3-8B,2,random,random
R_1pFrQcPUI3tnYJg,9050,146,-1,,Qwen3-8B,2,random,random
R_1pFrQcPUI3tnYJg,19213,302,-1,,Qwen3-8B,2,random,random
R_1pFrQcPUI3tnYJg,21814,342,0,0.0,Qwen3-8B,2,random,random
R_1pFrQcPUI3tnYJg,34147,544,0,0.0,Qwen3-8B,2,random,random
R_1pFrQcPUI3tnYJg,45591,730,-1,,Qwen3-8B,3,random,random
R_1pFrQcPUI3tnYJg,46293,741,0,0.0,Qwen3-8B,1,random,random
R_1pFrQcPUI3tnYJg,52850,832,0,0.0,Qwen3-8B,2,random,random
R_1pFrQcPUI3tnYJg,55191,871,0,0.0,Qwen3-8B,3,random,random
R_1pFrQcPUI3tnYJg,69368,1101,0,0.0,Qwen3-8B,2,random,random
R_1pFrQcPUI3tnYJg,152663,4534,0,0.0,Qwen3-8B,5,social-group,jewish
R_1pFrQcPUI3tnYJg,152687,4535,3,1.0,Qwen3-8B,1,social-group,jewish
R_1pFrQcPUI3tnYJg,152711,4536,3,1.0,Qwen3-8B,3,social-group,jewish
R_1pFrQcPUI3tnYJg,152735,4537,2,1.0,Qwen3-8B,5,social-group,LGB
R_1pFrQcPUI3tnYJg,152759,4538,0,0.0,Qwen3-8B,2,moral,purity
R_1pFrQcPUI3tnYJg,152783,4539,0,0.0,Qwen3-8B,1,moral,authority
R_1pFrQcPUI3tnYJg,152807,4540,0,0.0,Qwen3-8B,4,social-group,jewish
R_1pFrQcPUI3tnYJg,152831,4541,0,0.0,Qwen3-8B,1,social-group,jewish
R_1pFrQcPUI3tnYJg,152855,4542,-1,,Qwen3-8B,2,social-group,muslim
R_1pFrQcPUI3tnYJg,152879,4543,1,0.0,Qwen3-8B,2,social-group,christian
R_1pFrQcPUI3tnYJg,152903,4544,1,0.0,Qwen3-8B,2,social-group,LGB
R_1pFrQcPUI3tnYJg,152927,4545,0,0.0,Qwen3-8B,3,social-group,transgender
R_1pFrQcPUI3tnYJg,152951,4546,0,0.0,Qwen3-8B,2,random,random
R_1pFrQcPUI3tnYJg,152975,4547,0,0.0,Qwen3-8B,5,social-group,muslim
R_1pFrQcPUI3tnYJg,152999,4548,1,0.0,Qwen3-8B,4,social-group,jewish
R_1pFrQcPUI3tnYJg,153023,4549,-1,,Qwen3-8B,1,moral,care
R_1pFrQcPUI3tnYJg,153047,4550,1,0.0,Qwen3-8B,5,social-group,jewish
R_1pFrQcPUI3tnYJg,153071,4551,0,0.0,Qwen3-8B,3,social-group,muslim
R_1pFrQcPUI3tnYJg,153095,4552,0,0.0,Qwen3-8B,1,social-group,transgender
R_1pFrQcPUI3tnYJg,153119,4553,0,0.0,Qwen3-8B,3,social-group,christian
R_1pFrQcPUI3tnYJg,153143,4554,-1,,Qwen3-8B,4,random,random
R_1pFrQcPUI3tnYJg,153167,4555,1,0.0,Qwen3-8B,2,random,random
R_1pFrQcPUI3tnYJg,153191,4556,0,0.0,Qwen3-8B,1,moral,care
R_1pFrQcPUI3tnYJg,153215,4557,2,1.0,Qwen3-8B,4,social-group,christian
R_1pFrQcPUI3tnYJg,153239,4558,0,0.0,Qwen3-8B,4,social-group,LGB
R_2zDgvxs8CxOsxFc,8488,137,1,0.0,Qwen3-8B,3,random,random
R_2zDgvxs8CxOsxFc,28584,458,0,0.0,Qwen3-8B,2,random,random
R_2zDgvxs8CxOsxFc,28759,461,0,0.0,Qwen3-8B,1,random,random
R_2zDgvxs8CxOsxFc,37211,596,1,0.0,Qwen3-8B,4,random,random
R_2zDgvxs8CxOsxFc,56794,895,1,0.0,Qwen3-8B,3,random,random
R_2zDgvxs8CxOsxFc,58392,916,1,0.0,Qwen3-8B,3,random,random
R_2zDgvxs8CxOsxFc,58675,921,0,0.0,Qwen3-8B,2,random,random
R_2zDgvxs8CxOsxFc,93493,2010,1,0.0,Qwen3-8B,3,random,random
R_2zDgvxs8CxOsxFc,93516,2011,3,1.0,Qwen3-8B,4,social-group,jewish
R_2zDgvxs8CxOsxFc,93539,2012,0,0.0,Qwen3-8B,2,moral,authority
R_2zDgvxs8CxOsxFc,93562,2013,1,0.0,Qwen3-8B,3,random,random
R_2zDgvxs8CxOsxFc,93585,2014,3,1.0,Qwen3-8B,3,social-group,christian
R_2zDgvxs8CxOsxFc,93608,2015,1,0.0,Qwen3-8B,5,social-group,muslim
R_2zDgvxs8CxOsxFc,93631,2016,1,0.0,Qwen3-8B,4,social-group,LGB
R_2zDgvxs8CxOsxFc,93654,2017,2,1.0,Qwen3-8B,5,social-group,transgender
R_2zDgvxs8CxOsxFc,93677,2018,-1,,Qwen3-8B,1,moral,fairness
R_2zDgvxs8CxOsxFc,93700,2019,0,0.0,Qwen3-8B,3,social-group,muslim
R_2zDgvxs8CxOsxFc,93723,2020,1,0.0,Qwen3-8B,2,social-group,LGB
R_2zDgvxs8CxOsxFc,93746,2021,1,0.0,Qwen3-8B,2,moral,authority
R_2zDgvxs8CxOsxFc,93769,2022,0,0.0,Qwen3-8B,1,social-group,muslim
R_2zDgvxs8CxOsxFc,93792,2023,2,1.0,Qwen3-8B,3,social-group,LGB
R_2zDgvxs8CxOsxFc,93815,2024,-1,,Qwen3-8B,4,social-group,jewish
R_2zDgvxs8CxOsxFc,93838,2025,4,1.0,Qwen3-8B,5,random,random
R_2zDgvxs8CxOsxFc,93861,2026,0,0.0,Qwen3-8B,2,random,random
R_2zDgvxs8CxOsxFc,93884,2027,1,0.0,Qwen3-8B,5,social-group,jewish
R_2zDgvxs8CxOsxFc,93907,2028,1,0.0,Qwen3-8B,5,social-group,muslim
R_2zDgvxs8CxOsxFc,93930,2029,1,0.0,Qwen3-8B,1,social-group,christian
R_2zDgvxs8CxOsxFc,93953,2030,1,0.0,Qwen3-8B,3,social-group,LGB
R_2zDgvxs8CxOsxFc,93976,2031,1,0.0,Qwen3-8B,1,social-group,christian
R_2zDgvxs8CxOsxFc,93999,2032,1,0.0,Qwen3-8B,3,moral,fairness
R_2zDgvxs8CxOsxFc,94022,2033,1,0.0,Qwen3-8B,3,random,random
R_2zDgvxs8CxOsxFc,94045,2034,1,0.0,Qwen3-8B,3,social-group,muslim
R_2zDgvxs8CxOsxFc,94068,2035,1,0.0,Qwen3-8B,4,social-group,christian
R_2zDgvxs8CxOsxFc,94091,2036,0,0.0,Qwen3-8B,1,moral,fairness
R_2zDgvxs8CxOsxFc,94114,2037,1,0.0,Qwen3-8B,2,social-group,jewish
R_2uDwHg9WL6ljTzJ,8494,137,0,0.0,Qwen3-8B,3,random,random
R_2uDwHg9WL6ljTzJ,28590,458,0,0.0,Qwen3-8B,2,random,random
R_2uDwHg9WL6ljTzJ,28766,461,0,0.0,Qwen3-8B,1,random,random
R_2uDwHg9WL6ljTzJ,37218,596,0,0.0,Qwen3-8B,4,random,random
R_2uDwHg9WL6ljTzJ,56805,895,0,0.0,Qwen3-8B,3,random,random
R_2uDwHg9WL6ljTzJ,58399,916,0,0.0,Qwen3-8B,3,random,random
R_2uDwHg9WL6ljTzJ,58682,921,0,0.0,Qwen3-8B,2,random,random
R_2uDwHg9WL6ljTzJ,93495,2010,0,0.0,Qwen3-8B,3,random,random
R_2uDwHg9WL6ljTzJ,93518,2011,4,1.0,Qwen3-8B,4,social-group,jewish
R_2uDwHg9WL6ljTzJ,93541,2012,-1,,Qwen3-8B,2,moral,authority
R_2uDwHg9WL6ljTzJ,93564,2013,0,0.0,Qwen3-8B,3,random,random
R_2uDwHg9WL6ljTzJ,93587,2014,-1,,Qwen3-8B,3,social-group,christian
R_2uDwHg9WL6ljTzJ,93610,2015,4,1.0,Qwen3-8B,5,social-group,muslim
R_2uDwHg9WL6ljTzJ,93633,2016,0,0.0,Qwen3-8B,4,social-group,LGB
R_2uDwHg9WL6ljTzJ,93656,2017,4,1.0,Qwen3-8B,5,social-group,transgender
R_2uDwHg9WL6ljTzJ,93679,2018,1,0.0,Qwen3-8B,1,moral,fairness
R_2uDwHg9WL6ljTzJ,93702,2019,-1,,Qwen3-8B,3,social-group,muslim
R_2uDwHg9WL6ljTzJ,93725,2020,0,0.0,Qwen3-8B,2,social-group,LGB
R_2uDwHg9WL6ljTzJ,93748,2021,0,0.0,Qwen3-8B,2,moral,authority
R_2uDwHg9WL6ljTzJ,93771,2022,0,0.0,Qwen3-8B,1,social-group,muslim
R_2uDwHg9WL6ljTzJ,93794,2023,0,0.0,Qwen3-8B,3,social-group,LGB
R_2uDwHg9WL6ljTzJ,93817,2024,-1,,Qwen3-8B,4,social-group,jewish
R_2uDwHg9WL6ljTzJ,93840,2025,4,1.0,Qwen3-8B,5,random,random
R_2uDwHg9WL6ljTzJ,93863,2026,0,0.0,Qwen3-8B,2,random,random
R_2uDwHg9WL6ljTzJ,93886,2027,-1,,Qwen3-8B,5,social-group,jewish
R_2uDwHg9WL6ljTzJ,93909,2028,4,1.0,Qwen3-8B,5,social-group,muslim
R_2uDwHg9WL6ljTzJ,93932,2029,-1,,Qwen3-8B,1,social-group,christian
R_2uDwHg9WL6ljTzJ,93955,2030,0,0.0,Qwen3-8B,3,social-group,LGB
R_2uDwHg9WL6ljTzJ,93978,2031,0,0.0,Qwen3-8B,1,social-group,christian
R_2uDwHg9WL6ljTzJ,94001,2032,0,0.0,Qwen3-8B,3,moral,fairness
R_2uDwHg9WL6ljTzJ,94024,2033,0,0.0,Qwen3-8B,3,random,random
R_2uDwHg9WL6ljTzJ,94047,2034,4,1.0,Qwen3-8B,3,social-group,muslim
R_2uDwHg9WL6ljTzJ,94070,2035,-1,,Qwen3-8B,4,social-group,christian
R_2uDwHg9WL6ljTzJ,94093,2036,0,0.0,Qwen3-8B,1,moral,fairness
R_2uDwHg9WL6ljTzJ,94116,2037,3,1.0,Qwen3-8B,2,social-group,jewish
R_2THkFtw1R0P4Y6V,8503,137,-1,,Qwen3-8B,3,random,random
R_2THkFtw1R0P4Y6V,28598,458,1,0.0,Qwen3-8B,2,random,random
R_2THkFtw1R0P4Y6V,28774,461,0,0.0,Qwen3-8B,1,random,random
R_2THkFtw1R0P4Y6V,37228,596,-1,,Qwen3-8B,4,random,random
R_2THkFtw1R0P4Y6V,56813,895,0,0.0,Qwen3-8B,3,random,random
R_2THkFtw1R0P4Y6V,58407,916,0,0.0,Qwen3-8B,3,random,random
R_2THkFtw1R0P4Y6V,58690,921,0,0.0,Qwen3-8B,2,random,random
R_2THkFtw1R0P4Y6V,93499,2010,1,0.0,Qwen3-8B,3,random,random
R_2THkFtw1R0P4Y6V,93522,2011,0,0.0,Qwen3-8B,4,social-group,jewish
R_2THkFtw1R0P4Y6V,93545,2012,3,1.0,Qwen3-8B,2,moral,authority
R_2THkFtw1R0P4Y6V,93568,2013,2,1.0,Qwen3-8B,3,random,random
R_2THkFtw1R0P4Y6V,93591,2014,4,1.0,Qwen3-8B,3,social-group,christian
R_2THkFtw1R0P4Y6V,93614,2015,2,1.0,Qwen3-8B,5,social-group,muslim
R_2THkFtw1R0P4Y6V,93637,2016,4,1.0,Qwen3-8B,4,social-group,LGB
R_2THkFtw1R0P4Y6V,93660,2017,2,1.0,Qwen3-8B,5,social-group,transgender
R_2THkFtw1R0P4Y6V,93683,2018,1,0.0,Qwen3-8B,1,moral,fairness
R_2THkFtw1R0P4Y6V,93706,2019,1,0.0,Qwen3-8B,3,social-group,muslim
R_2THkFtw1R0P4Y6V,93729,2020,4,1.0,Qwen3-8B,2,social-group,LGB
R_2THkFtw1R0P4Y6V,93752,2021,0,0.0,Qwen3-8B,2,moral,authority
R_2THkFtw1R0P4Y6V,93775,2022,0,0.0,Qwen3-8B,1,social-group,muslim
R_2THkFtw1R0P4Y6V,93798,2023,3,1.0,Qwen3-8B,3,social-group,LGB
R_2THkFtw1R0P4Y6V,93821,2024,0,0.0,Qwen3-8B,4,social-group,jewish
R_2THkFtw1R0P4Y6V,93844,2025,4,1.0,Qwen3-8B,5,random,random
R_2THkFtw1R0P4Y6V,93867,2026,0,0.0,Qwen3-8B,2,random,random
R_2THkFtw1R0P4Y6V,93890,2027,-1,,Qwen3-8B,5,social-group,jewish
R_2THkFtw1R0P4Y6V,93913,2028,1,0.0,Qwen3-8B,5,social-group,muslim
R_2THkFtw1R0P4Y6V,93936,2029,-1,,Qwen3-8B,1,social-group,christian
R_2THkFtw1R0P4Y6V,93959,2030,3,1.0,Qwen3-8B,3,social-group,LGB
R_2THkFtw1R0P4Y6V,93982,2031,1,0.0,Qwen3-8B,1,social-group,christian
R_2THkFtw1R0P4Y6V,94005,2032,0,0.0,Qwen3-8B,3,moral,fairness
R_2THkFtw1R0P4Y6V,94028,2033,0,0.0,Qwen3-8B,3,random,random
R_2THkFtw1R0P4Y6V,94051,2034,0,0.0,Qwen3-8B,3,social-group,muslim
R_2THkFtw1R0P4Y6V,94074,2035,4,1.0,Qwen3-8B,4,social-group,christian
R_2THkFtw1R0P4Y6V,94097,2036,1,0.0,Qwen3-8B,1,moral,fairness
R_2THkFtw1R0P4Y6V,94120,2037,-1,,Qwen3-8B,2,social-group,jewish
R_1pKfrkeCVY1e1zr,8508,137,0,0.0,Qwen3-8B,3,random,random
R_1pKfrkeCVY1e1zr,28603,458,3,1.0,Qwen3-8B,2,random,random
R_1pKfrkeCVY1e1zr,28777,461,3,1.0,Qwen3-8B,1,random,random
R_1pKfrkeCVY1e1zr,37234,596,3,1.0,Qwen3-8B,4,random,random
R_1pKfrkeCVY1e1zr,56817,895,0,0.0,Qwen3-8B,3,random,random
R_1pKfrkeCVY1e1zr,58411,916,3,1.0,Qwen3-8B,3,random,random
R_1pKfrkeCVY1e1zr,58694,921,3,1.0,Qwen3-8B,2,random,random
R_1pKfrkeCVY1e1zr,93500,2010,1,0.0,Qwen3-8B,3,random,random
R_1pKfrkeCVY1e1zr,93523,2011,0,0.0,Qwen3-8B,4,social-group,jewish
R_1pKfrkeCVY1e1zr,93546,2012,2,1.0,Qwen3-8B,2,moral,authority
R_1pKfrkeCVY1e1zr,93569,2013,4,1.0,Qwen3-8B,3,random,random
R_1pKfrkeCVY1e1zr,93592,2014,4,1.0,Qwen3-8B,3,social-group,christian
R_1pKfrkeCVY1e1zr,93615,2015,3,1.0,Qwen3-8B,5,social-group,muslim
R_1pKfrkeCVY1e1zr,93638,2016,1,0.0,Qwen3-8B,4,social-group,LGB
R_1pKfrkeCVY1e1zr,93661,2017,4,1.0,Qwen3-8B,5,social-group,transgender
R_1pKfrkeCVY1e1zr,93684,2018,0,0.0,Qwen3-8B,1,moral,fairness
R_1pKfrkeCVY1e1zr,93707,2019,1,0.0,Qwen3-8B,3,social-group,muslim
R_1pKfrkeCVY1e1zr,93730,2020,4,1.0,Qwen3-8B,2,social-group,LGB
R_1pKfrkeCVY1e1zr,93753,2021,3,1.0,Qwen3-8B,2,moral,authority
R_1pKfrkeCVY1e1zr,93776,2022,0,0.0,Qwen3-8B,1,social-group,muslim
R_1pKfrkeCVY1e1zr,93799,2023,0,0.0,Qwen3-8B,3,social-group,LGB
R_1pKfrkeCVY1e1zr,93822,2024,4,1.0,Qwen3-8B,4,social-group,jewish
R_1pKfrkeCVY1e1zr,93845,2025,3,1.0,Qwen3-8B,5,random,random
R_1pKfrkeCVY1e1zr,93868,2026,1,0.0,Qwen3-8B,2,random,random
R_1pKfrkeCVY1e1zr,93891,2027,1,0.0,Qwen3-8B,5,social-group,jewish
R_1pKfrkeCVY1e1zr,93914,2028,4,1.0,Qwen3-8B,5,social-group,muslim
R_1pKfrkeCVY1e1zr,93937,2029,0,0.0,Qwen3-8B,1,social-group,christian
R_1pKfrkeCVY1e1zr,93960,2030,3,1.0,Qwen3-8B,3,social-group,LGB
R_1pKfrkeCVY1e1zr,93983,2031,1,0.0,Qwen3-8B,1,social-group,christian
R_1pKfrkeCVY1e1zr,94006,2032,0,0.0,Qwen3-8B,3,moral,fairness
R_1pKfrkeCVY1e1zr,94029,2033,4,1.0,Qwen3-8B,3,random,random
R_1pKfrkeCVY1e1zr,94052,2034,3,1.0,Qwen3-8B,3,social-group,muslim
R_1pKfrkeCVY1e1zr,94075,2035,3,1.0,Qwen3-8B,4,social-group,christian
R_1pKfrkeCVY1e1zr,94098,2036,0,0.0,Qwen3-8B,1,moral,fairness
R_1pKfrkeCVY1e1zr,94121,2037,0,0.0,Qwen3-8B,2,social-group,jewish
R_2QFNdviJSOtlvnc,8852,143,0,0.0,Qwen3-8B,2,random,random
R_2QFNdviJSOtlvnc,16566,260,0,0.0,Qwen3-8B,3,random,random
R_2QFNdviJSOtlvnc,26061,412,0,0.0,Qwen3-8B,2,random,random
R_2QFNdviJSOtlvnc,40665,654,0,0.0,Qwen3-8B,1,random,random
R_2QFNdviJSOtlvnc,46642,746,0,0.0,Qwen3-8B,2,random,random
R_2QFNdviJSOtlvnc,47203,754,0,0.0,Qwen3-8B,3,random,random
R_2QFNdviJSOtlvnc,57511,905,1,0.0,Qwen3-8B,3,random,random
R_2QFNdviJSOtlvnc,60986,963,1,0.0,Qwen3-8B,3,random,random
R_2QFNdviJSOtlvnc,63500,1005,1,0.0,Qwen3-8B,2,random,random
R_2QFNdviJSOtlvnc,63746,1009,1,0.0,Qwen3-8B,2,random,random
R_2QFNdviJSOtlvnc,74968,1255,0,0.0,Qwen3-8B,1,moral,purity
R_2QFNdviJSOtlvnc,74968,1255,0,0.0,Qwen3-8B,1,moral,care
R_2QFNdviJSOtlvnc,74968,1255,0,0.0,Qwen3-8B,1,moral,purity
R_2QFNdviJSOtlvnc,74968,1255,0,0.0,Qwen3-8B,1,moral,care
R_2QFNdviJSOtlvnc,91149,1909,3,1.0,Qwen3-8B,3,social-group,transgender
R_2QFNdviJSOtlvnc,91173,1910,2,1.0,Qwen3-8B,1,random,random
R_2QFNdviJSOtlvnc,91197,1911,0,0.0,Qwen3-8B,4,social-group,muslim
R_2QFNdviJSOtlvnc,91221,1912,0,0.0,Qwen3-8B,3,social-group,christian
R_2QFNdviJSOtlvnc,91245,1913,0,0.0,Qwen3-8B,4,social-group,transgender
R_2QFNdviJSOtlvnc,91269,1914,0,0.0,Qwen3-8B,2,social-group,christian
R_2QFNdviJSOtlvnc,91293,1915,0,0.0,Qwen3-8B,3,social-group,LGB
R_2QFNdviJSOtlvnc,91317,1916,0,0.0,Qwen3-8B,3,social-group,transgender
R_2QFNdviJSOtlvnc,91341,1917,2,1.0,Qwen3-8B,3,social-group,jewish
R_2QFNdviJSOtlvnc,91365,1918,2,1.0,Qwen3-8B,3,random,random
R_2QFNdviJSOtlvnc,91389,1919,2,1.0,Qwen3-8B,3,social-group,muslim
R_2QFNdviJSOtlvnc,91413,1920,2,1.0,Qwen3-8B,3,social-group,LGB
R_2QFNdviJSOtlvnc,91437,1921,0,0.0,Qwen3-8B,4,social-group,LGB
R_2QFNdviJSOtlvnc,91461,1922,2,1.0,Qwen3-8B,4,social-group,transgender
R_2QFNdviJSOtlvnc,91485,1923,1,0.0,Qwen3-8B,5,social-group,LGB
R_2QFNdviJSOtlvnc,91509,1924,0,0.0,Qwen3-8B,1,random,random
R_2QFNdviJSOtlvnc,91533,1925,3,1.0,Qwen3-8B,2,social-group,transgender
R_2QFNdviJSOtlvnc,91557,1926,0,0.0,Qwen3-8B,2,moral,fairness
R_2QFNdviJSOtlvnc,91581,1927,1,0.0,Qwen3-8B,1,moral,loyalty
R_2QFNdviJSOtlvnc,91605,1928,0,0.0,Qwen3-8B,3,random,random
R_2QFNdviJSOtlvnc,91629,1929,0,0.0,Qwen3-8B,1,random,random
R_2QFNdviJSOtlvnc,91653,1930,3,1.0,Qwen3-8B,5,social-group,muslim
R_2QFNdviJSOtlvnc,91677,1931,2,1.0,Qwen3-8B,1,social-group,christian
R_2QFNdviJSOtlvnc,91701,1932,3,1.0,Qwen3-8B,5,social-group,transgender
R_3n2yqRVw5Hlbx0K,8854,143,0,0.0,Qwen3-8B,2,random,random
R_3n2yqRVw5Hlbx0K,16568,260,0,0.0,Qwen3-8B,3,random,random
R_3n2yqRVw5Hlbx0K,26064,412,0,0.0,Qwen3-8B,2,random,random
R_3n2yqRVw5Hlbx0K,40667,654,0,0.0,Qwen3-8B,1,random,random
R_3n2yqRVw5Hlbx0K,46644,746,0,0.0,Qwen3-8B,2,random,random
R_3n2yqRVw5Hlbx0K,47205,754,0,0.0,Qwen3-8B,3,random,random
R_3n2yqRVw5Hlbx0K,57513,905,0,0.0,Qwen3-8B,3,random,random
R_3n2yqRVw5Hlbx0K,60988,963,1,0.0,Qwen3-8B,3,random,random
R_3n2yqRVw5Hlbx0K,63502,1005,0,0.0,Qwen3-8B,2,random,random
R_3n2yqRVw5Hlbx0K,63748,1009,0,0.0,Qwen3-8B,2,random,random
R_3n2yqRVw5Hlbx0K,74984,1255,-1,,Qwen3-8B,1,moral,purity
R_3n2yqRVw5Hlbx0K,74984,1255,-1,,Qwen3-8B,1,moral,care
R_3n2yqRVw5Hlbx0K,74984,1255,-1,,Qwen3-8B,1,moral,purity
R_3n2yqRVw5Hlbx0K,74984,1255,-1,,Qwen3-8B,1,moral,care
R_3n2yqRVw5Hlbx0K,91151,1909,-1,,Qwen3-8B,3,social-group,transgender
R_3n2yqRVw5Hlbx0K,91175,1910,0,0.0,Qwen3-8B,1,random,random
R_3n2yqRVw5Hlbx0K,91199,1911,0,0.0,Qwen3-8B,4,social-group,muslim
R_3n2yqRVw5Hlbx0K,91223,1912,0,0.0,Qwen3-8B,3,social-group,christian
R_3n2yqRVw5Hlbx0K,91247,1913,0,0.0,Qwen3-8B,4,social-group,transgender
R_3n2yqRVw5Hlbx0K,91271,1914,2,1.0,Qwen3-8B,2,social-group,christian
R_3n2yqRVw5Hlbx0K,91295,1915,1,0.0,Qwen3-8B,3,social-group,LGB
R_3n2yqRVw5Hlbx0K,91319,1916,3,1.0,Qwen3-8B,3,social-group,transgender
R_3n2yqRVw5Hlbx0K,91343,1917,2,1.0,Qwen3-8B,3,social-group,jewish
R_3n2yqRVw5Hlbx0K,91367,1918,4,1.0,Qwen3-8B,3,random,random
R_3n2yqRVw5Hlbx0K,91391,1919,4,1.0,Qwen3-8B,3,social-group,muslim
R_3n2yqRVw5Hlbx0K,91415,1920,4,1.0,Qwen3-8B,3,social-group,LGB
R_3n2yqRVw5Hlbx0K,91439,1921,2,1.0,Qwen3-8B,4,social-group,LGB
R_3n2yqRVw5Hlbx0K,91463,1922,4,1.0,Qwen3-8B,4,social-group,transgender
R_3n2yqRVw5Hlbx0K,91487,1923,1,0.0,Qwen3-8B,5,social-group,LGB
R_3n2yqRVw5Hlbx0K,91511,1924,0,0.0,Qwen3-8B,1,random,random
R_3n2yqRVw5Hlbx0K,91535,1925,0,0.0,Qwen3-8B,2,social-group,transgender
R_3n2yqRVw5Hlbx0K,91559,1926,0,0.0,Qwen3-8B,2,moral,fairness
R_3n2yqRVw5Hlbx0K,91583,1927,1,0.0,Qwen3-8B,1,moral,loyalty
R_3n2yqRVw5Hlbx0K,91607,1928,0,0.0,Qwen3-8B,3,random,random
R_3n2yqRVw5Hlbx0K,91631,1929,0,0.0,Qwen3-8B,1,random,random
R_3n2yqRVw5Hlbx0K,91655,1930,3,1.0,Qwen3-8B,5,social-group,muslim
R_3n2yqRVw5Hlbx0K,91679,1931,0,0.0,Qwen3-8B,1,social-group,christian
R_3n2yqRVw5Hlbx0K,91703,1932,1,0.0,Qwen3-8B,5,social-group,transgender
R_2YyT4jmMYJgEbDz,8868,143,3,1.0,Qwen3-8B,2,random,random
R_2YyT4jmMYJgEbDz,16580,260,0,0.0,Qwen3-8B,3,random,random
R_2YyT4jmMYJgEbDz,26081,412,0,0.0,Qwen3-8B,2,random,random
R_2YyT4jmMYJgEbDz,40684,654,1,0.0,Qwen3-8B,1,random,random
R_2YyT4jmMYJgEbDz,46664,746,0,0.0,Qwen3-8B,2,random,random
R_2YyT4jmMYJgEbDz,47225,754,3,1.0,Qwen3-8B,3,random,random
R_2YyT4jmMYJgEbDz,57531,905,1,0.0,Qwen3-8B,3,random,random
R_2YyT4jmMYJgEbDz,61001,963,3,1.0,Qwen3-8B,3,random,random
R_2YyT4jmMYJgEbDz,63521,1005,1,0.0,Qwen3-8B,2,random,random
R_2YyT4jmMYJgEbDz,63767,1009,3,1.0,Qwen3-8B,2,random,random
R_2YyT4jmMYJgEbDz,75010,1255,-1,,Qwen3-8B,1,moral,purity
R_2YyT4jmMYJgEbDz,75010,1255,-1,,Qwen3-8B,1,moral,care
R_2YyT4jmMYJgEbDz,75010,1255,-1,,Qwen3-8B,1,moral,purity
R_2YyT4jmMYJgEbDz,75010,1255,-1,,Qwen3-8B,1,moral,care
R_2YyT4jmMYJgEbDz,91156,1909,-1,,Qwen3-8B,3,social-group,transgender
R_2YyT4jmMYJgEbDz,91180,1910,0,0.0,Qwen3-8B,1,random,random
R_2YyT4jmMYJgEbDz,91204,1911,2,1.0,Qwen3-8B,4,social-group,muslim
R_2YyT4jmMYJgEbDz,91228,1912,2,1.0,Qwen3-8B,3,social-group,christian
R_2YyT4jmMYJgEbDz,91252,1913,3,1.0,Qwen3-8B,4,social-group,transgender
R_2YyT4jmMYJgEbDz,91276,1914,1,0.0,Qwen3-8B,2,social-group,christian
R_2YyT4jmMYJgEbDz,91300,1915,0,0.0,Qwen3-8B,3,social-group,LGB
R_2YyT4jmMYJgEbDz,91324,1916,1,0.0,Qwen3-8B,3,social-group,transgender
R_2YyT4jmMYJgEbDz,91348,1917,3,1.0,Qwen3-8B,3,social-group,jewish
R_2YyT4jmMYJgEbDz,91372,1918,2,1.0,Qwen3-8B,3,random,random
R_2YyT4jmMYJgEbDz,91396,1919,2,1.0,Qwen3-8B,3,social-group,muslim
R_2YyT4jmMYJgEbDz,91420,1920,0,0.0,Qwen3-8B,3,social-group,LGB
R_2YyT4jmMYJgEbDz,91444,1921,2,1.0,Qwen3-8B,4,social-group,LGB
R_2YyT4jmMYJgEbDz,91468,1922,0,0.0,Qwen3-8B,4,social-group,transgender
R_2YyT4jmMYJgEbDz,91492,1923,4,1.0,Qwen3-8B,5,social-group,LGB
R_2YyT4jmMYJgEbDz,91516,1924,0,0.0,Qwen3-8B,1,random,random
R_2YyT4jmMYJgEbDz,91540,1925,1,0.0,Qwen3-8B,2,social-group,transgender
R_2YyT4jmMYJgEbDz,91564,1926,1,0.0,Qwen3-8B,2,moral,fairness
R_2YyT4jmMYJgEbDz,91588,1927,1,0.0,Qwen3-8B,1,moral,loyalty
R_2YyT4jmMYJgEbDz,91612,1928,0,0.0,Qwen3-8B,3,random,random
R_2YyT4jmMYJgEbDz,91636,1929,0,0.0,Qwen3-8B,1,random,random
R_2YyT4jmMYJgEbDz,91660,1930,3,1.0,Qwen3-8B,5,social-group,muslim
R_2YyT4jmMYJgEbDz,91684,1931,2,1.0,Qwen3-8B,1,social-group,christian
R_2YyT4jmMYJgEbDz,91708,1932,2,1.0,Qwen3-8B,5,social-group,transgender
R_3k85PRBQx1O1Jsw,8886,143,0,0.0,Qwen3-8B,2,random,random
R_3k85PRBQx1O1Jsw,16595,260,0,0.0,Qwen3-8B,3,random,random
R_3k85PRBQx1O1Jsw,26102,412,0,0.0,Qwen3-8B,2,random,random
R_3k85PRBQx1O1Jsw,40701,654,0,0.0,Qwen3-8B,1,random,random
R_3k85PRBQx1O1Jsw,46681,746,1,0.0,Qwen3-8B,2,random,random
R_3k85PRBQx1O1Jsw,47242,754,1,0.0,Qwen3-8B,3,random,random
R_3k85PRBQx1O1Jsw,57548,905,2,1.0,Qwen3-8B,3,random,random
R_3k85PRBQx1O1Jsw,61015,963,0,0.0,Qwen3-8B,3,random,random
R_3k85PRBQx1O1Jsw,63537,1005,2,1.0,Qwen3-8B,2,random,random
R_3k85PRBQx1O1Jsw,63783,1009,0,0.0,Qwen3-8B,2,random,random
R_3k85PRBQx1O1Jsw,75046,1255,0,0.0,Qwen3-8B,1,moral,purity
R_3k85PRBQx1O1Jsw,75046,1255,0,0.0,Qwen3-8B,1,moral,care
R_3k85PRBQx1O1Jsw,75046,1255,0,0.0,Qwen3-8B,1,moral,purity
R_3k85PRBQx1O1Jsw,75046,1255,0,0.0,Qwen3-8B,1,moral,care
R_3k85PRBQx1O1Jsw,91163,1909,-1,,Qwen3-8B,3,social-group,transgender
R_3k85PRBQx1O1Jsw,91187,1910,4,1.0,Qwen3-8B,1,random,random
R_3k85PRBQx1O1Jsw,91211,1911,0,0.0,Qwen3-8B,4,social-group,muslim
R_3k85PRBQx1O1Jsw,91235,1912,0,0.0,Qwen3-8B,3,social-group,christian
R_3k85PRBQx1O1Jsw,91259,1913,1,0.0,Qwen3-8B,4,social-group,transgender
R_3k85PRBQx1O1Jsw,91283,1914,0,0.0,Qwen3-8B,2,social-group,christian
R_3k85PRBQx1O1Jsw,91307,1915,0,0.0,Qwen3-8B,3,social-group,LGB
R_3k85PRBQx1O1Jsw,91331,1916,4,1.0,Qwen3-8B,3,social-group,transgender
R_3k85PRBQx1O1Jsw,91355,1917,0,0.0,Qwen3-8B,3,social-group,jewish
R_3k85PRBQx1O1Jsw,91379,1918,0,0.0,Qwen3-8B,3,random,random
R_3k85PRBQx1O1Jsw,91403,1919,0,0.0,Qwen3-8B,3,social-group,muslim
R_3k85PRBQx1O1Jsw,91427,1920,2,1.0,Qwen3-8B,3,social-group,LGB
R_3k85PRBQx1O1Jsw,91451,1921,0,0.0,Qwen3-8B,4,social-group,LGB
R_3k85PRBQx1O1Jsw,91475,1922,4,1.0,Qwen3-8B,4,social-group,transgender
R_3k85PRBQx1O1Jsw,91499,1923,2,1.0,Qwen3-8B,5,social-group,LGB
R_3k85PRBQx1O1Jsw,91523,1924,0,0.0,Qwen3-8B,1,random,random
R_3k85PRBQx1O1Jsw,91547,1925,3,1.0,Qwen3-8B,2,social-group,transgender
R_3k85PRBQx1O1Jsw,91571,1926,0,0.0,Qwen3-8B,2,moral,fairness
R_3k85PRBQx1O1Jsw,91595,1927,0,0.0,Qwen3-8B,1,moral,loyalty
R_3k85PRBQx1O1Jsw,91619,1928,0,0.0,Qwen3-8B,3,random,random
R_3k85PRBQx1O1Jsw,91643,1929,1,0.0,Qwen3-8B,1,random,random
R_3k85PRBQx1O1Jsw,91667,1930,2,1.0,Qwen3-8B,5,social-group,muslim
R_3k85PRBQx1O1Jsw,91691,1931,2,1.0,Qwen3-8B,1,social-group,christian
R_3k85PRBQx1O1Jsw,91715,1932,0,0.0,Qwen3-8B,5,social-group,transgender
R_3M5SJQhoflNd4aB,8961,145,-1,,Qwen3-8B,2,random,random
R_3M5SJQhoflNd4aB,9019,146,3,1.0,Qwen3-8B,2,random,random
R_3M5SJQhoflNd4aB,9078,147,2,1.0,Qwen3-8B,2,random,random
R_3M5SJQhoflNd4aB,9136,148,3,1.0,Qwen3-8B,2,random,random
R_3M5SJQhoflNd4aB,9192,149,0,0.0,Qwen3-8B,1,random,random
R_3M5SJQhoflNd4aB,9245,150,4,1.0,Qwen3-8B,3,random,random
R_3M5SJQhoflNd4aB,9304,151,2,1.0,Qwen3-8B,3,random,random
R_3M5SJQhoflNd4aB,9363,152,0,0.0,Qwen3-8B,1,random,random
R_3M5SJQhoflNd4aB,9422,153,1,0.0,Qwen3-8B,2,random,random
R_3M5SJQhoflNd4aB,9481,154,2,1.0,Qwen3-8B,2,random,random
R_3M5SJQhoflNd4aB,9553,155,1,0.0,Qwen3-8B,3,random,random
R_3M5SJQhoflNd4aB,9553,155,1,0.0,Qwen3-8B,3,moral,care
R_3M5SJQhoflNd4aB,9553,155,1,0.0,Qwen3-8B,3,random,random
R_3M5SJQhoflNd4aB,9553,155,1,0.0,Qwen3-8B,3,moral,care
R_3M5SJQhoflNd4aB,9704,156,0,0.0,Qwen3-8B,2,random,random
R_3M5SJQhoflNd4aB,9762,157,0,0.0,Qwen3-8B,5,random,random
R_3M5SJQhoflNd4aB,9820,158,0,0.0,Qwen3-8B,2,random,random
R_3M5SJQhoflNd4aB,9879,159,0,0.0,Qwen3-8B,1,random,random
R_3M5SJQhoflNd4aB,9935,160,0,0.0,Qwen3-8B,3,random,random
R_3M5SJQhoflNd4aB,9994,161,1,0.0,Qwen3-8B,3,random,random
R_3M5SJQhoflNd4aB,10049,162,1,0.0,Qwen3-8B,3,random,random
R_3M5SJQhoflNd4aB,10105,163,1,0.0,Qwen3-8B,2,random,random
R_3M5SJQhoflNd4aB,10163,164,1,0.0,Qwen3-8B,3,random,random
R_3M5SJQhoflNd4aB,10222,165,4,1.0,Qwen3-8B,4,random,random
R_3M5SJQhoflNd4aB,10278,166,1,0.0,Qwen3-8B,2,random,random
R_3M5SJQhoflNd4aB,10337,167,1,0.0,Qwen3-8B,2,random,random
R_3M5SJQhoflNd4aB,10395,168,0,0.0,Qwen3-8B,1,random,random
R_3M5SJQhoflNd4aB,10453,169,1,0.0,Qwen3-8B,3,random,random
R_3M5SJQhoflNd4aB,10510,170,1,0.0,Qwen3-8B,3,random,random
R_3M5SJQhoflNd4aB,10568,171,-1,,Qwen3-8B,2,random,random
R_3M5SJQhoflNd4aB,10627,172,0,0.0,Qwen3-8B,3,random,random
R_3M5SJQhoflNd4aB,10685,173,1,0.0,Qwen3-8B,1,random,random
R_3M5SJQhoflNd4aB,10743,174,1,0.0,Qwen3-8B,2,random,random
R_3M5SJQhoflNd4aB,10802,175,0,0.0,Qwen3-8B,2,random,random
R_3M5SJQhoflNd4aB,10859,176,0,0.0,Qwen3-8B,2,random,random
R_3M5SJQhoflNd4aB,10917,177,0,0.0,Qwen3-8B,4,random,random
R_3M5SJQhoflNd4aB,10975,178,2,1.0,Qwen3-8B,1,random,random
R_3M5SJQhoflNd4aB,11034,179,2,1.0,Qwen3-8B,3,random,random
R_1rrBBE54RvEbXal,8986,145,-1,,Qwen3-8B,2,random,random
R_1rrBBE54RvEbXal,9045,146,0,0.0,Qwen3-8B,2,random,random
R_1rrBBE54RvEbXal,9103,147,2,1.0,Qwen3-8B,2,random,random
R_1rrBBE54RvEbXal,9160,148,3,1.0,Qwen3-8B,2,random,random
R_1rrBBE54RvEbXal,9214,149,0,0.0,Qwen3-8B,1,random,random
R_1rrBBE54RvEbXal,9271,150,4,1.0,Qwen3-8B,3,random,random
R_1rrBBE54RvEbXal,9330,151,1,0.0,Qwen3-8B,3,random,random
R_1rrBBE54RvEbXal,9389,152,0,0.0,Qwen3-8B,1,random,random
R_1rrBBE54RvEbXal,9448,153,1,0.0,Qwen3-8B,2,random,random
R_1rrBBE54RvEbXal,9507,154,-1,,Qwen3-8B,2,random,random
R_1rrBBE54RvEbXal,9627,155,2,1.0,Qwen3-8B,3,random,random
R_1rrBBE54RvEbXal,9627,155,2,1.0,Qwen3-8B,3,moral,care
R_1rrBBE54RvEbXal,9627,155,2,1.0,Qwen3-8B,3,random,random
R_1rrBBE54RvEbXal,9627,155,2,1.0,Qwen3-8B,3,moral,care
R_1rrBBE54RvEbXal,9730,156,0,0.0,Qwen3-8B,2,random,random
R_1rrBBE54RvEbXal,9787,157,3,1.0,Qwen3-8B,5,random,random
R_1rrBBE54RvEbXal,9846,158,1,0.0,Qwen3-8B,2,random,random
R_1rrBBE54RvEbXal,9904,159,-1,,Qwen3-8B,1,random,random
R_1rrBBE54RvEbXal,9961,160,1,0.0,Qwen3-8B,3,random,random
R_1rrBBE54RvEbXal,10017,161,3,1.0,Qwen3-8B,3,random,random
R_1rrBBE54RvEbXal,10075,162,1,0.0,Qwen3-8B,3,random,random
R_1rrBBE54RvEbXal,10131,163,0,0.0,Qwen3-8B,2,random,random
R_1rrBBE54RvEbXal,10189,164,4,1.0,Qwen3-8B,3,random,random
R_1rrBBE54RvEbXal,10247,165,2,1.0,Qwen3-8B,4,random,random
R_1rrBBE54RvEbXal,10304,166,-1,,Qwen3-8B,2,random,random
R_1rrBBE54RvEbXal,10363,167,0,0.0,Qwen3-8B,2,random,random
R_1rrBBE54RvEbXal,10421,168,2,1.0,Qwen3-8B,1,random,random
R_1rrBBE54RvEbXal,10479,169,1,0.0,Qwen3-8B,3,random,random
R_1rrBBE54RvEbXal,10536,170,0,0.0,Qwen3-8B,3,random,random
R_1rrBBE54RvEbXal,10594,171,0,0.0,Qwen3-8B,2,random,random
R_1rrBBE54RvEbXal,10653,172,0,0.0,Qwen3-8B,3,random,random
R_1rrBBE54RvEbXal,10711,173,0,0.0,Qwen3-8B,1,random,random
R_1rrBBE54RvEbXal,10769,174,0,0.0,Qwen3-8B,2,random,random
R_1rrBBE54RvEbXal,10828,175,1,0.0,Qwen3-8B,2,random,random
R_1rrBBE54RvEbXal,10884,176,0,0.0,Qwen3-8B,2,random,random
R_1rrBBE54RvEbXal,10943,177,3,1.0,Qwen3-8B,4,random,random
R_1rrBBE54RvEbXal,11002,178,2,1.0,Qwen3-8B,1,random,random
R_1rrBBE54RvEbXal,11060,179,2,1.0,Qwen3-8B,3,random,random
R_2xVGCEp2Ufe0QNy,9010,145,0,0.0,Qwen3-8B,2,random,random
R_2xVGCEp2Ufe0QNy,9811,157,0,0.0,Qwen3-8B,5,random,random
R_2xVGCEp2Ufe0QNy,13214,210,0,0.0,Qwen3-8B,2,random,random
R_2xVGCEp2Ufe0QNy,14485,229,0,0.0,Qwen3-8B,3,random,random
R_2xVGCEp2Ufe0QNy,35416,565,0,0.0,Qwen3-8B,3,random,random
R_2xVGCEp2Ufe0QNy,36007,575,0,0.0,Qwen3-8B,4,random,random
R_2xVGCEp2Ufe0QNy,41485,667,0,0.0,Qwen3-8B,2,random,random
R_2xVGCEp2Ufe0QNy,48788,774,0,0.0,Qwen3-8B,3,random,random
R_2xVGCEp2Ufe0QNy,63721,1008,0,0.0,Qwen3-8B,2,random,random
R_2xVGCEp2Ufe0QNy,71266,1136,0,0.0,Qwen3-8B,3,random,random
R_2xVGCEp2Ufe0QNy,137969,3891,0,0.0,Qwen3-8B,5,social-group,LGB
R_2xVGCEp2Ufe0QNy,137992,3892,-1,,Qwen3-8B,3,social-group,muslim
R_2xVGCEp2Ufe0QNy,138015,3893,0,0.0,Qwen3-8B,3,social-group,christian
R_2xVGCEp2Ufe0QNy,138038,3894,0,0.0,Qwen3-8B,5,social-group,christian
R_2xVGCEp2Ufe0QNy,138061,3895,0,0.0,Qwen3-8B,4,social-group,LGB
R_2xVGCEp2Ufe0QNy,138084,3896,0,0.0,Qwen3-8B,5,social-group,jewish
R_2xVGCEp2Ufe0QNy,138107,3897,0,0.0,Qwen3-8B,5,social-group,LGB
R_2xVGCEp2Ufe0QNy,138130,3898,0,0.0,Qwen3-8B,5,social-group,LGB
R_2xVGCEp2Ufe0QNy,138153,3899,0,0.0,Qwen3-8B,3,social-group,jewish
R_2xVGCEp2Ufe0QNy,138176,3900,0,0.0,Qwen3-8B,2,moral,fairness
R_2xVGCEp2Ufe0QNy,138199,3901,0,0.0,Qwen3-8B,3,social-group,transgender
R_2xVGCEp2Ufe0QNy,138222,3902,0,0.0,Qwen3-8B,2,random,random
R_2xVGCEp2Ufe0QNy,138245,3903,0,0.0,Qwen3-8B,3,social-group,jewish
R_2xVGCEp2Ufe0QNy,138268,3904,0,0.0,Qwen3-8B,3,social-group,transgender
R_2xVGCEp2Ufe0QNy,138291,3905,4,1.0,Qwen3-8B,2,social-group,LGB
R_2xVGCEp2Ufe0QNy,138314,3906,0,0.0,Qwen3-8B,2,random,random
R_2xVGCEp2Ufe0QNy,138337,3907,0,0.0,Qwen3-8B,1,moral,care
R_2xVGCEp2Ufe0QNy,138360,3908,0,0.0,Qwen3-8B,5,social-group,jewish
R_2xVGCEp2Ufe0QNy,138383,3909,0,0.0,Qwen3-8B,5,social-group,jewish
R_2xVGCEp2Ufe0QNy,138406,3910,0,0.0,Qwen3-8B,3,social-group,LGB
R_2xVGCEp2Ufe0QNy,138429,3911,0,0.0,Qwen3-8B,1,moral,authority
R_2xVGCEp2Ufe0QNy,138452,3912,0,0.0,Qwen3-8B,2,social-group,transgender
R_2xVGCEp2Ufe0QNy,138475,3913,0,0.0,Qwen3-8B,2,random,random
R_2xVGCEp2Ufe0QNy,138498,3914,0,0.0,Qwen3-8B,1,moral,fairness
R_2xVGCEp2Ufe0QNy,138521,3915,-1,,Qwen3-8B,3,random,random
R_3nAFRShabZAMxYC,9011,145,0,0.0,Qwen3-8B,2,random,random
R_3nAFRShabZAMxYC,9812,157,1,0.0,Qwen3-8B,5,random,random
R_3nAFRShabZAMxYC,13215,210,1,0.0,Qwen3-8B,2,random,random
R_3nAFRShabZAMxYC,14486,229,1,0.0,Qwen3-8B,3,random,random
R_3nAFRShabZAMxYC,35417,565,3,1.0,Qwen3-8B,3,random,random
R_3nAFRShabZAMxYC,36008,575,2,1.0,Qwen3-8B,4,random,random
R_3nAFRShabZAMxYC,41486,667,1,0.0,Qwen3-8B,2,random,random
R_3nAFRShabZAMxYC,48789,774,2,1.0,Qwen3-8B,3,random,random
R_3nAFRShabZAMxYC,63722,1008,0,0.0,Qwen3-8B,2,random,random
R_3nAFRShabZAMxYC,71267,1136,1,0.0,Qwen3-8B,3,random,random
R_3nAFRShabZAMxYC,137970,3891,3,1.0,Qwen3-8B,5,social-group,LGB
R_3nAFRShabZAMxYC,137993,3892,0,0.0,Qwen3-8B,3,social-group,muslim
R_3nAFRShabZAMxYC,138016,3893,1,0.0,Qwen3-8B,3,social-group,christian
R_3nAFRShabZAMxYC,138039,3894,-1,,Qwen3-8B,5,social-group,christian
R_3nAFRShabZAMxYC,138062,3895,0,0.0,Qwen3-8B,4,social-group,LGB
R_3nAFRShabZAMxYC,138085,3896,1,0.0,Qwen3-8B,5,social-group,jewish
R_3nAFRShabZAMxYC,138108,3897,2,1.0,Qwen3-8B,5,social-group,LGB
R_3nAFRShabZAMxYC,138131,3898,1,0.0,Qwen3-8B,5,social-group,LGB
R_3nAFRShabZAMxYC,138154,3899,0,0.0,Qwen3-8B,3,social-group,jewish
R_3nAFRShabZAMxYC,138177,3900,1,0.0,Qwen3-8B,2,moral,fairness
R_3nAFRShabZAMxYC,138200,3901,1,0.0,Qwen3-8B,3,social-group,transgender
R_3nAFRShabZAMxYC,138223,3902,1,0.0,Qwen3-8B,2,random,random
R_3nAFRShabZAMxYC,138246,3903,2,1.0,Qwen3-8B,3,social-group,jewish
R_3nAFRShabZAMxYC,138269,3904,1,0.0,Qwen3-8B,3,social-group,transgender
R_3nAFRShabZAMxYC,138292,3905,0,0.0,Qwen3-8B,2,social-group,LGB
R_3nAFRShabZAMxYC,138315,3906,0,0.0,Qwen3-8B,2,random,random
R_3nAFRShabZAMxYC,138338,3907,0,0.0,Qwen3-8B,1,moral,care
R_3nAFRShabZAMxYC,138361,3908,2,1.0,Qwen3-8B,5,social-group,jewish
R_3nAFRShabZAMxYC,138384,3909,3,1.0,Qwen3-8B,5,social-group,jewish
R_3nAFRShabZAMxYC,138407,3910,2,1.0,Qwen3-8B,3,social-group,LGB
R_3nAFRShabZAMxYC,138430,3911,0,0.0,Qwen3-8B,1,moral,authority
R_3nAFRShabZAMxYC,138453,3912,3,1.0,Qwen3-8B,2,social-group,transgender
R_3nAFRShabZAMxYC,138476,3913,1,0.0,Qwen3-8B,2,random,random
R_3nAFRShabZAMxYC,138499,3914,0,0.0,Qwen3-8B,1,moral,fairness
R_3nAFRShabZAMxYC,138522,3915,2,1.0,Qwen3-8B,3,random,random
R_WkA7K0BlfdCEdiN,9109,147,2,1.0,Qwen3-8B,2,random,random
R_WkA7K0BlfdCEdiN,25413,401,1,0.0,Qwen3-8B,2,random,random
R_WkA7K0BlfdCEdiN,28431,455,2,1.0,Qwen3-8B,3,random,random
R_WkA7K0BlfdCEdiN,45655,731,2,1.0,Qwen3-8B,1,random,random
R_WkA7K0BlfdCEdiN,50500,802,2,1.0,Qwen3-8B,2,random,random
R_WkA7K0BlfdCEdiN,60830,960,1,0.0,Qwen3-8B,4,random,random
R_WkA7K0BlfdCEdiN,67533,1069,0,0.0,Qwen3-8B,3,random,random
R_WkA7K0BlfdCEdiN,70579,1123,2,1.0,Qwen3-8B,4,random,random
R_WkA7K0BlfdCEdiN,70944,1130,0,0.0,Qwen3-8B,1,random,random
R_WkA7K0BlfdCEdiN,72275,1156,1,0.0,Qwen3-8B,3,random,random
R_WkA7K0BlfdCEdiN,102661,2384,1,0.0,Qwen3-8B,3,random,random
R_WkA7K0BlfdCEdiN,102684,2385,-1,,Qwen3-8B,3,moral,fairness
R_WkA7K0BlfdCEdiN,102707,2386,0,0.0,Qwen3-8B,3,random,random
R_WkA7K0BlfdCEdiN,102730,2387,0,0.0,Qwen3-8B,3,moral,fairness
R_WkA7K0BlfdCEdiN,102753,2388,3,1.0,Qwen3-8B,3,social-group,muslim
R_WkA7K0BlfdCEdiN,102776,2389,1,0.0,Qwen3-8B,2,random,random
R_WkA7K0BlfdCEdiN,102799,2390,0,0.0,Qwen3-8B,1,moral,fairness
R_WkA7K0BlfdCEdiN,102822,2391,0,0.0,Qwen3-8B,3,social-group,christian
R_WkA7K0BlfdCEdiN,102845,2392,3,1.0,Qwen3-8B,4,social-group,muslim
R_WkA7K0BlfdCEdiN,102868,2393,4,1.0,Qwen3-8B,4,social-group,LGB
R_WkA7K0BlfdCEdiN,102891,2394,3,1.0,Qwen3-8B,3,social-group,LGB
R_WkA7K0BlfdCEdiN,102914,2395,3,1.0,Qwen3-8B,4,social-group,transgender
R_WkA7K0BlfdCEdiN,102937,2396,0,0.0,Qwen3-8B,1,moral,authority
R_WkA7K0BlfdCEdiN,102960,2397,0,0.0,Qwen3-8B,3,social-group,transgender
R_WkA7K0BlfdCEdiN,102983,2398,2,1.0,Qwen3-8B,3,social-group,christian
R_WkA7K0BlfdCEdiN,103006,2399,2,1.0,Qwen3-8B,3,social-group,christian
R_WkA7K0BlfdCEdiN,103029,2400,2,1.0,Qwen3-8B,5,random,random
R_WkA7K0BlfdCEdiN,103052,2401,0,0.0,Qwen3-8B,1,moral,loyalty
R_WkA7K0BlfdCEdiN,103075,2402,0,0.0,Qwen3-8B,3,social-group,christian
R_WkA7K0BlfdCEdiN,103098,2403,0,0.0,Qwen3-8B,1,moral,authority
R_WkA7K0BlfdCEdiN,103121,2404,0,0.0,Qwen3-8B,2,random,random
R_WkA7K0BlfdCEdiN,103144,2405,0,0.0,Qwen3-8B,2,social-group,jewish
R_WkA7K0BlfdCEdiN,103167,2406,3,1.0,Qwen3-8B,4,social-group,muslim
R_WkA7K0BlfdCEdiN,103190,2407,2,1.0,Qwen3-8B,2,social-group,christian
R_WkA7K0BlfdCEdiN,103213,2408,1,0.0,Qwen3-8B,4,social-group,christian
R_3Nw897w4DsqHSBI,9110,147,0,0.0,Qwen3-8B,2,random,random
R_3Nw897w4DsqHSBI,25414,401,0,0.0,Qwen3-8B,2,random,random
R_3Nw897w4DsqHSBI,28432,455,0,0.0,Qwen3-8B,3,random,random
R_3Nw897w4DsqHSBI,45656,731,0,0.0,Qwen3-8B,1,random,random
R_3Nw897w4DsqHSBI,50501,802,0,0.0,Qwen3-8B,2,random,random
R_3Nw897w4DsqHSBI,60831,960,0,0.0,Qwen3-8B,4,random,random
R_3Nw897w4DsqHSBI,67534,1069,0,0.0,Qwen3-8B,3,random,random
R_3Nw897w4DsqHSBI,70580,1123,0,0.0,Qwen3-8B,4,random,random
R_3Nw897w4DsqHSBI,70945,1130,0,0.0,Qwen3-8B,1,random,random
R_3Nw897w4DsqHSBI,72276,1156,0,0.0,Qwen3-8B,3,random,random
R_3Nw897w4DsqHSBI,102662,2384,1,0.0,Qwen3-8B,3,random,random
R_3Nw897w4DsqHSBI,102685,2385,0,0.0,Qwen3-8B,3,moral,fairness
R_3Nw897w4DsqHSBI,102708,2386,0,0.0,Qwen3-8B,3,random,random
R_3Nw897w4DsqHSBI,102731,2387,0,0.0,Qwen3-8B,3,moral,fairness
R_3Nw897w4DsqHSBI,102754,2388,0,0.0,Qwen3-8B,3,social-group,muslim
R_3Nw897w4DsqHSBI,102777,2389,0,0.0,Qwen3-8B,2,random,random
R_3Nw897w4DsqHSBI,102800,2390,0,0.0,Qwen3-8B,1,moral,fairness
R_3Nw897w4DsqHSBI,102823,2391,0,0.0,Qwen3-8B,3,social-group,christian
R_3Nw897w4DsqHSBI,102846,2392,0,0.0,Qwen3-8B,4,social-group,muslim
R_3Nw897w4DsqHSBI,102869,2393,3,1.0,Qwen3-8B,4,social-group,LGB
R_3Nw897w4DsqHSBI,102892,2394,0,0.0,Qwen3-8B,3,social-group,LGB
R_3Nw897w4DsqHSBI,102915,2395,4,1.0,Qwen3-8B,4,social-group,transgender
R_3Nw897w4DsqHSBI,102938,2396,0,0.0,Qwen3-8B,1,moral,authority
R_3Nw897w4DsqHSBI,102961,2397,2,1.0,Qwen3-8B,3,social-group,transgender
R_3Nw897w4DsqHSBI,102984,2398,1,0.0,Qwen3-8B,3,social-group,christian
R_3Nw897w4DsqHSBI,103007,2399,0,0.0,Qwen3-8B,3,social-group,christian
R_3Nw897w4DsqHSBI,103030,2400,2,1.0,Qwen3-8B,5,random,random
R_3Nw897w4DsqHSBI,103053,2401,0,0.0,Qwen3-8B,1,moral,loyalty
R_3Nw897w4DsqHSBI,103076,2402,0,0.0,Qwen3-8B,3,social-group,christian
R_3Nw897w4DsqHSBI,103099,2403,0,0.0,Qwen3-8B,1,moral,authority
R_3Nw897w4DsqHSBI,103122,2404,0,0.0,Qwen3-8B,2,random,random
R_3Nw897w4DsqHSBI,103145,2405,0,0.0,Qwen3-8B,2,social-group,jewish
R_3Nw897w4DsqHSBI,103168,2406,1,0.0,Qwen3-8B,4,social-group,muslim
R_3Nw897w4DsqHSBI,103191,2407,0,0.0,Qwen3-8B,2,social-group,christian
R_3Nw897w4DsqHSBI,103214,2408,1,0.0,Qwen3-8B,4,social-group,christian
R_3P6stqnVq9tOvoC,9480,154,1,0.0,Qwen3-8B,2,random,random
R_3P6stqnVq9tOvoC,10567,171,1,0.0,Qwen3-8B,2,random,random
R_3P6stqnVq9tOvoC,12873,206,0,0.0,Qwen3-8B,2,random,random
R_3P6stqnVq9tOvoC,25759,407,0,0.0,Qwen3-8B,2,random,random
R_3P6stqnVq9tOvoC,27577,439,3,1.0,Qwen3-8B,2,random,random
R_3P6stqnVq9tOvoC,34412,549,0,0.0,Qwen3-8B,2,random,random
R_3P6stqnVq9tOvoC,34949,558,0,0.0,Qwen3-8B,2,random,random
R_3P6stqnVq9tOvoC,35248,563,4,1.0,Qwen3-8B,2,random,random
R_3P6stqnVq9tOvoC,47819,763,0,0.0,Qwen3-8B,3,random,random
R_3P6stqnVq9tOvoC,48796,775,1,0.0,Qwen3-8B,2,random,random
R_3P6stqnVq9tOvoC,63791,1010,1,0.0,Qwen3-8B,2,random,random
R_3P6stqnVq9tOvoC,72354,1158,4,1.0,Qwen3-8B,2,random,random
R_3P6stqnVq9tOvoC,78151,1385,0,0.0,Qwen3-8B,3,moral,care
R_3P6stqnVq9tOvoC,122806,3241,3,1.0,Qwen3-8B,3,social-group,LGB
R_3P6stqnVq9tOvoC,122830,3242,0,0.0,Qwen3-8B,4,social-group,jewish
R_3P6stqnVq9tOvoC,122854,3243,0,0.0,Qwen3-8B,5,social-group,christian
R_3P6stqnVq9tOvoC,122878,3244,2,1.0,Qwen3-8B,1,moral,loyalty
R_3P6stqnVq9tOvoC,122902,3245,1,0.0,Qwen3-8B,3,social-group,transgender
R_3P6stqnVq9tOvoC,122926,3246,0,0.0,Qwen3-8B,2,social-group,LGB
R_3P6stqnVq9tOvoC,122950,3247,0,0.0,Qwen3-8B,2,moral,fairness
R_3P6stqnVq9tOvoC,122974,3248,0,0.0,Qwen3-8B,1,moral,authority
R_3P6stqnVq9tOvoC,122998,3249,2,1.0,Qwen3-8B,3,random,random
R_3P6stqnVq9tOvoC,123022,3250,1,0.0,Qwen3-8B,3,social-group,LGB
R_3P6stqnVq9tOvoC,123046,3251,0,0.0,Qwen3-8B,4,social-group,muslim
R_3P6stqnVq9tOvoC,123070,3252,0,0.0,Qwen3-8B,1,social-group,transgender
R_3P6stqnVq9tOvoC,123094,3253,4,1.0,Qwen3-8B,4,social-group,muslim
R_3P6stqnVq9tOvoC,123118,3254,1,0.0,Qwen3-8B,3,random,random
R_3P6stqnVq9tOvoC,123142,3255,0,0.0,Qwen3-8B,4,social-group,LGB
R_3P6stqnVq9tOvoC,123166,3256,0,0.0,Qwen3-8B,4,social-group,jewish
R_3P6stqnVq9tOvoC,123190,3257,4,1.0,Qwen3-8B,3,social-group,christian
R_3P6stqnVq9tOvoC,123214,3258,0,0.0,Qwen3-8B,1,moral,care
R_3P6stqnVq9tOvoC,123238,3259,2,1.0,Qwen3-8B,2,social-group,christian
R_3P6stqnVq9tOvoC,123262,3260,4,1.0,Qwen3-8B,5,random,random
R_3P6stqnVq9tOvoC,123286,3261,1,0.0,Qwen3-8B,3,social-group,LGB
R_3P6stqnVq9tOvoC,123310,3262,0,0.0,Qwen3-8B,1,moral,loyalty
R_Tw1XLsTDieSj1Lj,9502,154,0,0.0,Qwen3-8B,2,random,random
R_Tw1XLsTDieSj1Lj,10589,171,0,0.0,Qwen3-8B,2,random,random
R_Tw1XLsTDieSj1Lj,12898,206,0,0.0,Qwen3-8B,2,random,random
R_Tw1XLsTDieSj1Lj,25774,407,0,0.0,Qwen3-8B,2,random,random
R_Tw1XLsTDieSj1Lj,27595,439,0,0.0,Qwen3-8B,2,random,random
R_Tw1XLsTDieSj1Lj,34432,549,0,0.0,Qwen3-8B,2,random,random
R_Tw1XLsTDieSj1Lj,34969,558,0,0.0,Qwen3-8B,2,random,random
R_Tw1XLsTDieSj1Lj,35268,563,0,0.0,Qwen3-8B,2,random,random
R_Tw1XLsTDieSj1Lj,47848,763,0,0.0,Qwen3-8B,3,random,random
R_Tw1XLsTDieSj1Lj,48818,775,0,0.0,Qwen3-8B,2,random,random
R_Tw1XLsTDieSj1Lj,63809,1010,0,0.0,Qwen3-8B,2,random,random
R_Tw1XLsTDieSj1Lj,72371,1158,0,0.0,Qwen3-8B,2,random,random
R_Tw1XLsTDieSj1Lj,78164,1385,0,0.0,Qwen3-8B,3,moral,care
R_Tw1XLsTDieSj1Lj,122813,3241,0,0.0,Qwen3-8B,3,social-group,LGB
R_Tw1XLsTDieSj1Lj,122837,3242,0,0.0,Qwen3-8B,4,social-group,jewish
R_Tw1XLsTDieSj1Lj,122861,3243,3,1.0,Qwen3-8B,5,social-group,christian
R_Tw1XLsTDieSj1Lj,122885,3244,0,0.0,Qwen3-8B,1,moral,loyalty
R_Tw1XLsTDieSj1Lj,122909,3245,0,0.0,Qwen3-8B,3,social-group,transgender
R_Tw1XLsTDieSj1Lj,122933,3246,0,0.0,Qwen3-8B,2,social-group,LGB
R_Tw1XLsTDieSj1Lj,122957,3247,4,1.0,Qwen3-8B,2,moral,fairness
R_Tw1XLsTDieSj1Lj,122981,3248,0,0.0,Qwen3-8B,1,moral,authority
R_Tw1XLsTDieSj1Lj,123005,3249,0,0.0,Qwen3-8B,3,random,random
R_Tw1XLsTDieSj1Lj,123029,3250,0,0.0,Qwen3-8B,3,social-group,LGB
R_Tw1XLsTDieSj1Lj,123053,3251,0,0.0,Qwen3-8B,4,social-group,muslim
R_Tw1XLsTDieSj1Lj,123077,3252,0,0.0,Qwen3-8B,1,social-group,transgender
R_Tw1XLsTDieSj1Lj,123101,3253,0,0.0,Qwen3-8B,4,social-group,muslim
R_Tw1XLsTDieSj1Lj,123125,3254,0,0.0,Qwen3-8B,3,random,random
R_Tw1XLsTDieSj1Lj,123149,3255,0,0.0,Qwen3-8B,4,social-group,LGB
R_Tw1XLsTDieSj1Lj,123173,3256,0,0.0,Qwen3-8B,4,social-group,jewish
R_Tw1XLsTDieSj1Lj,123197,3257,0,0.0,Qwen3-8B,3,social-group,christian
R_Tw1XLsTDieSj1Lj,123221,3258,0,0.0,Qwen3-8B,1,moral,care
R_Tw1XLsTDieSj1Lj,123245,3259,0,0.0,Qwen3-8B,2,social-group,christian
R_Tw1XLsTDieSj1Lj,123269,3260,0,0.0,Qwen3-8B,5,random,random
R_Tw1XLsTDieSj1Lj,123293,3261,0,0.0,Qwen3-8B,3,social-group,LGB
R_Tw1XLsTDieSj1Lj,123317,3262,0,0.0,Qwen3-8B,1,moral,loyalty
R_OJOkIUtYHiJAcxz,9513,154,1,0.0,Qwen3-8B,2,random,random
R_OJOkIUtYHiJAcxz,10600,171,0,0.0,Qwen3-8B,2,random,random
R_OJOkIUtYHiJAcxz,12910,206,0,0.0,Qwen3-8B,2,random,random
R_OJOkIUtYHiJAcxz,25788,407,0,0.0,Qwen3-8B,2,random,random
R_OJOkIUtYHiJAcxz,27603,439,1,0.0,Qwen3-8B,2,random,random
R_OJOkIUtYHiJAcxz,34444,549,0,0.0,Qwen3-8B,2,random,random
R_OJOkIUtYHiJAcxz,34981,558,0,0.0,Qwen3-8B,2,random,random
R_OJOkIUtYHiJAcxz,35280,563,0,0.0,Qwen3-8B,2,random,random
R_OJOkIUtYHiJAcxz,47858,763,1,0.0,Qwen3-8B,3,random,random
R_OJOkIUtYHiJAcxz,48826,775,0,0.0,Qwen3-8B,2,random,random
R_OJOkIUtYHiJAcxz,63823,1010,0,0.0,Qwen3-8B,2,random,random
R_OJOkIUtYHiJAcxz,72379,1158,0,0.0,Qwen3-8B,2,random,random
R_OJOkIUtYHiJAcxz,78172,1385,0,0.0,Qwen3-8B,3,moral,care
R_OJOkIUtYHiJAcxz,122817,3241,0,0.0,Qwen3-8B,3,social-group,LGB
R_OJOkIUtYHiJAcxz,122841,3242,1,0.0,Qwen3-8B,4,social-group,jewish
R_OJOkIUtYHiJAcxz,122865,3243,1,0.0,Qwen3-8B,5,social-group,christian
R_OJOkIUtYHiJAcxz,122889,3244,0,0.0,Qwen3-8B,1,moral,loyalty
R_OJOkIUtYHiJAcxz,122913,3245,0,0.0,Qwen3-8B,3,social-group,transgender
R_OJOkIUtYHiJAcxz,122937,3246,0,0.0,Qwen3-8B,2,social-group,LGB
R_OJOkIUtYHiJAcxz,122961,3247,4,1.0,Qwen3-8B,2,moral,fairness
R_OJOkIUtYHiJAcxz,122985,3248,0,0.0,Qwen3-8B,1,moral,authority
R_OJOkIUtYHiJAcxz,123009,3249,0,0.0,Qwen3-8B,3,random,random
R_OJOkIUtYHiJAcxz,123033,3250,1,0.0,Qwen3-8B,3,social-group,LGB
R_OJOkIUtYHiJAcxz,123057,3251,1,0.0,Qwen3-8B,4,social-group,muslim
R_OJOkIUtYHiJAcxz,123081,3252,1,0.0,Qwen3-8B,1,social-group,transgender
R_OJOkIUtYHiJAcxz,123105,3253,1,0.0,Qwen3-8B,4,social-group,muslim
R_OJOkIUtYHiJAcxz,123129,3254,0,0.0,Qwen3-8B,3,random,random
R_OJOkIUtYHiJAcxz,123153,3255,0,0.0,Qwen3-8B,4,social-group,LGB
R_OJOkIUtYHiJAcxz,123177,3256,1,0.0,Qwen3-8B,4,social-group,jewish
R_OJOkIUtYHiJAcxz,123201,3257,1,0.0,Qwen3-8B,3,social-group,christian
R_OJOkIUtYHiJAcxz,123225,3258,0,0.0,Qwen3-8B,1,moral,care
R_OJOkIUtYHiJAcxz,123249,3259,0,0.0,Qwen3-8B,2,social-group,christian
R_OJOkIUtYHiJAcxz,123273,3260,2,1.0,Qwen3-8B,5,random,random
R_OJOkIUtYHiJAcxz,123297,3261,0,0.0,Qwen3-8B,3,social-group,LGB
R_OJOkIUtYHiJAcxz,123321,3262,1,0.0,Qwen3-8B,1,moral,loyalty
R_tRvlOEX5j3GXmXT,9517,154,3,1.0,Qwen3-8B,2,random,random
R_tRvlOEX5j3GXmXT,10604,171,4,1.0,Qwen3-8B,2,random,random
R_tRvlOEX5j3GXmXT,12914,206,0,0.0,Qwen3-8B,2,random,random
R_tRvlOEX5j3GXmXT,25792,407,0,0.0,Qwen3-8B,2,random,random
R_tRvlOEX5j3GXmXT,27608,439,3,1.0,Qwen3-8B,2,random,random
R_tRvlOEX5j3GXmXT,34448,549,3,1.0,Qwen3-8B,2,random,random
R_tRvlOEX5j3GXmXT,34985,558,0,0.0,Qwen3-8B,2,random,random
R_tRvlOEX5j3GXmXT,35284,563,0,0.0,Qwen3-8B,2,random,random
R_tRvlOEX5j3GXmXT,47868,763,2,1.0,Qwen3-8B,3,random,random
R_tRvlOEX5j3GXmXT,48835,775,2,1.0,Qwen3-8B,2,random,random
R_tRvlOEX5j3GXmXT,63828,1010,2,1.0,Qwen3-8B,2,random,random
R_tRvlOEX5j3GXmXT,72383,1158,0,0.0,Qwen3-8B,2,random,random
R_tRvlOEX5j3GXmXT,78175,1385,3,1.0,Qwen3-8B,3,moral,care
R_tRvlOEX5j3GXmXT,122818,3241,2,1.0,Qwen3-8B,3,social-group,LGB
R_tRvlOEX5j3GXmXT,122842,3242,2,1.0,Qwen3-8B,4,social-group,jewish
R_tRvlOEX5j3GXmXT,122866,3243,4,1.0,Qwen3-8B,5,social-group,christian
R_tRvlOEX5j3GXmXT,122890,3244,0,0.0,Qwen3-8B,1,moral,loyalty
R_tRvlOEX5j3GXmXT,122914,3245,0,0.0,Qwen3-8B,3,social-group,transgender
R_tRvlOEX5j3GXmXT,122938,3246,0,0.0,Qwen3-8B,2,social-group,LGB
R_tRvlOEX5j3GXmXT,122962,3247,4,1.0,Qwen3-8B,2,moral,fairness
R_tRvlOEX5j3GXmXT,122986,3248,0,0.0,Qwen3-8B,1,moral,authority
R_tRvlOEX5j3GXmXT,123010,3249,0,0.0,Qwen3-8B,3,random,random
R_tRvlOEX5j3GXmXT,123034,3250,0,0.0,Qwen3-8B,3,social-group,LGB
R_tRvlOEX5j3GXmXT,123058,3251,0,0.0,Qwen3-8B,4,social-group,muslim
R_tRvlOEX5j3GXmXT,123082,3252,0,0.0,Qwen3-8B,1,social-group,transgender
R_tRvlOEX5j3GXmXT,123106,3253,2,1.0,Qwen3-8B,4,social-group,muslim
R_tRvlOEX5j3GXmXT,123130,3254,0,0.0,Qwen3-8B,3,random,random
R_tRvlOEX5j3GXmXT,123154,3255,0,0.0,Qwen3-8B,4,social-group,LGB
R_tRvlOEX5j3GXmXT,123178,3256,0,0.0,Qwen3-8B,4,social-group,jewish
R_tRvlOEX5j3GXmXT,123202,3257,0,0.0,Qwen3-8B,3,social-group,christian
R_tRvlOEX5j3GXmXT,123226,3258,1,0.0,Qwen3-8B,1,moral,care
R_tRvlOEX5j3GXmXT,123250,3259,1,0.0,Qwen3-8B,2,social-group,christian
R_tRvlOEX5j3GXmXT,123274,3260,4,1.0,Qwen3-8B,5,random,random
R_tRvlOEX5j3GXmXT,123298,3261,0,0.0,Qwen3-8B,3,social-group,LGB
R_tRvlOEX5j3GXmXT,123322,3262,0,0.0,Qwen3-8B,1,moral,loyalty
R_9meBV3Gr5hjsQ7f,9530,154,2,1.0,Qwen3-8B,2,random,random
R_9meBV3Gr5hjsQ7f,10617,171,0,0.0,Qwen3-8B,2,random,random
R_9meBV3Gr5hjsQ7f,12934,206,0,0.0,Qwen3-8B,2,random,random
R_9meBV3Gr5hjsQ7f,25813,407,0,0.0,Qwen3-8B,2,random,random
R_9meBV3Gr5hjsQ7f,27622,439,2,1.0,Qwen3-8B,2,random,random
R_9meBV3Gr5hjsQ7f,34460,549,2,1.0,Qwen3-8B,2,random,random
R_9meBV3Gr5hjsQ7f,34997,558,0,0.0,Qwen3-8B,2,random,random
R_9meBV3Gr5hjsQ7f,35296,563,1,0.0,Qwen3-8B,2,random,random
R_9meBV3Gr5hjsQ7f,47885,763,1,0.0,Qwen3-8B,3,random,random
R_9meBV3Gr5hjsQ7f,48850,775,1,0.0,Qwen3-8B,2,random,random
R_9meBV3Gr5hjsQ7f,63844,1010,-1,,Qwen3-8B,2,random,random
R_9meBV3Gr5hjsQ7f,72397,1158,0,0.0,Qwen3-8B,2,random,random
R_9meBV3Gr5hjsQ7f,78188,1385,0,0.0,Qwen3-8B,3,moral,care
R_9meBV3Gr5hjsQ7f,122825,3241,1,0.0,Qwen3-8B,3,social-group,LGB
R_9meBV3Gr5hjsQ7f,122849,3242,1,0.0,Qwen3-8B,4,social-group,jewish
R_9meBV3Gr5hjsQ7f,122873,3243,4,1.0,Qwen3-8B,5,social-group,christian
R_9meBV3Gr5hjsQ7f,122897,3244,0,0.0,Qwen3-8B,1,moral,loyalty
R_9meBV3Gr5hjsQ7f,122921,3245,0,0.0,Qwen3-8B,3,social-group,transgender
R_9meBV3Gr5hjsQ7f,122945,3246,0,0.0,Qwen3-8B,2,social-group,LGB
R_9meBV3Gr5hjsQ7f,122969,3247,3,1.0,Qwen3-8B,2,moral,fairness
R_9meBV3Gr5hjsQ7f,122993,3248,-1,,Qwen3-8B,1,moral,authority
R_9meBV3Gr5hjsQ7f,123017,3249,0,0.0,Qwen3-8B,3,random,random
R_9meBV3Gr5hjsQ7f,123041,3250,0,0.0,Qwen3-8B,3,social-group,LGB
R_9meBV3Gr5hjsQ7f,123065,3251,2,1.0,Qwen3-8B,4,social-group,muslim
R_9meBV3Gr5hjsQ7f,123089,3252,0,0.0,Qwen3-8B,1,social-group,transgender
R_9meBV3Gr5hjsQ7f,123113,3253,2,1.0,Qwen3-8B,4,social-group,muslim
R_9meBV3Gr5hjsQ7f,123137,3254,1,0.0,Qwen3-8B,3,random,random
R_9meBV3Gr5hjsQ7f,123161,3255,-1,,Qwen3-8B,4,social-group,LGB
R_9meBV3Gr5hjsQ7f,123185,3256,0,0.0,Qwen3-8B,4,social-group,jewish
R_9meBV3Gr5hjsQ7f,123209,3257,-1,,Qwen3-8B,3,social-group,christian
R_9meBV3Gr5hjsQ7f,123233,3258,-1,,Qwen3-8B,1,moral,care
R_9meBV3Gr5hjsQ7f,123257,3259,-1,,Qwen3-8B,2,social-group,christian
R_9meBV3Gr5hjsQ7f,123281,3260,4,1.0,Qwen3-8B,5,random,random
R_9meBV3Gr5hjsQ7f,123305,3261,0,0.0,Qwen3-8B,3,social-group,LGB
R_9meBV3Gr5hjsQ7f,123329,3262,1,0.0,Qwen3-8B,1,moral,loyalty
R_20VabABa66FgWBd,9547,155,3,1.0,Qwen3-8B,3,random,random
R_20VabABa66FgWBd,9547,155,3,1.0,Qwen3-8B,3,moral,care
R_20VabABa66FgWBd,9547,155,3,1.0,Qwen3-8B,3,random,random
R_20VabABa66FgWBd,9547,155,3,1.0,Qwen3-8B,3,moral,care
R_20VabABa66FgWBd,39865,641,1,0.0,Qwen3-8B,3,random,random
R_20VabABa66FgWBd,44041,709,0,0.0,Qwen3-8B,2,random,random
R_20VabABa66FgWBd,54282,856,0,0.0,Qwen3-8B,1,random,random
R_20VabABa66FgWBd,65189,1032,0,0.0,Qwen3-8B,1,random,random
R_20VabABa66FgWBd,68687,1089,0,0.0,Qwen3-8B,3,random,random
R_20VabABa66FgWBd,86502,1727,0,0.0,Qwen3-8B,1,social-group,transgender
R_20VabABa66FgWBd,86524,1728,2,1.0,Qwen3-8B,3,social-group,LGB
R_20VabABa66FgWBd,86546,1729,4,1.0,Qwen3-8B,3,social-group,christian
R_20VabABa66FgWBd,86568,1730,1,0.0,Qwen3-8B,3,social-group,christian
R_20VabABa66FgWBd,86590,1731,0,0.0,Qwen3-8B,1,social-group,jewish
R_20VabABa66FgWBd,86612,1732,1,0.0,Qwen3-8B,2,social-group,transgender
R_20VabABa66FgWBd,86634,1733,0,0.0,Qwen3-8B,3,social-group,LGB
R_20VabABa66FgWBd,86656,1734,3,1.0,Qwen3-8B,5,social-group,LGB
R_20VabABa66FgWBd,86678,1735,0,0.0,Qwen3-8B,3,social-group,jewish
R_20VabABa66FgWBd,86700,1736,1,0.0,Qwen3-8B,5,social-group,jewish
R_20VabABa66FgWBd,86722,1737,3,1.0,Qwen3-8B,3,social-group,LGB
R_20VabABa66FgWBd,86744,1738,0,0.0,Qwen3-8B,1,moral,purity
R_20VabABa66FgWBd,86769,1739,0,0.0,Qwen3-8B,1,moral,care
R_20VabABa66FgWBd,86811,1740,0,0.0,Qwen3-8B,2,social-group,LGB
R_20VabABa66FgWBd,86833,1741,1,0.0,Qwen3-8B,3,social-group,transgender
R_20VabABa66FgWBd,86855,1742,1,0.0,Qwen3-8B,3,social-group,LGB
R_20VabABa66FgWBd,86877,1743,3,1.0,Qwen3-8B,3,random,random
R_20VabABa66FgWBd,86899,1744,0,0.0,Qwen3-8B,2,moral,care
R_20VabABa66FgWBd,86921,1745,1,0.0,Qwen3-8B,5,social-group,christian
R_20VabABa66FgWBd,86943,1746,0,0.0,Qwen3-8B,2,random,random
R_20VabABa66FgWBd,86965,1747,2,1.0,Qwen3-8B,1,random,random
R_20VabABa66FgWBd,86987,1748,1,0.0,Qwen3-8B,2,social-group,transgender
R_20VabABa66FgWBd,87009,1749,0,0.0,Qwen3-8B,2,random,random
R_20VabABa66FgWBd,87031,1750,0,0.0,Qwen3-8B,3,random,random
R_20VabABa66FgWBd,87053,1751,0,0.0,Qwen3-8B,2,moral,purity
R_20VabABa66FgWBd,87075,1752,1,0.0,Qwen3-8B,2,social-group,jewish
R_20VabABa66FgWBd,87097,1753,0,0.0,Qwen3-8B,1,moral,loyalty
R_20VabABa66FgWBd,87119,1754,2,1.0,Qwen3-8B,3,social-group,transgender
R_20VabABa66FgWBd,87141,1755,0,0.0,Qwen3-8B,1,social-group,LGB
R_QmGmoAbZfGsPgNX,9577,155,2,1.0,Qwen3-8B,3,random,random
R_QmGmoAbZfGsPgNX,9577,155,2,1.0,Qwen3-8B,3,moral,care
R_QmGmoAbZfGsPgNX,9577,155,2,1.0,Qwen3-8B,3,random,random
R_QmGmoAbZfGsPgNX,9577,155,2,1.0,Qwen3-8B,3,moral,care
R_QmGmoAbZfGsPgNX,12324,198,-1,,Qwen3-8B,1,random,random
R_QmGmoAbZfGsPgNX,19257,303,0,0.0,Qwen3-8B,1,random,random
R_QmGmoAbZfGsPgNX,36485,584,0,0.0,Qwen3-8B,3,random,random
R_QmGmoAbZfGsPgNX,39453,634,4,1.0,Qwen3-8B,2,random,random
R_QmGmoAbZfGsPgNX,50607,804,1,0.0,Qwen3-8B,3,random,random
R_QmGmoAbZfGsPgNX,59392,934,1,0.0,Qwen3-8B,3,random,random
R_QmGmoAbZfGsPgNX,62819,994,3,1.0,Qwen3-8B,5,random,random
R_QmGmoAbZfGsPgNX,142600,4093,4,1.0,Qwen3-8B,5,social-group,christian
R_QmGmoAbZfGsPgNX,142625,4094,3,1.0,Qwen3-8B,4,social-group,LGB
R_QmGmoAbZfGsPgNX,142650,4095,2,1.0,Qwen3-8B,3,social-group,christian
R_QmGmoAbZfGsPgNX,142675,4096,1,0.0,Qwen3-8B,4,social-group,christian
R_QmGmoAbZfGsPgNX,142700,4097,1,0.0,Qwen3-8B,3,social-group,LGB
R_QmGmoAbZfGsPgNX,142725,4098,1,0.0,Qwen3-8B,1,social-group,christian
R_QmGmoAbZfGsPgNX,142750,4099,2,1.0,Qwen3-8B,3,social-group,transgender
R_QmGmoAbZfGsPgNX,142775,4100,2,1.0,Qwen3-8B,5,social-group,LGB
R_QmGmoAbZfGsPgNX,142800,4101,4,1.0,Qwen3-8B,5,social-group,jewish
R_QmGmoAbZfGsPgNX,142825,4102,-1,,Qwen3-8B,2,social-group,christian
R_QmGmoAbZfGsPgNX,142850,4103,0,0.0,Qwen3-8B,3,moral,loyalty
R_QmGmoAbZfGsPgNX,142875,4104,0,0.0,Qwen3-8B,2,random,random
R_QmGmoAbZfGsPgNX,142900,4105,0,0.0,Qwen3-8B,2,random,random
R_QmGmoAbZfGsPgNX,142925,4106,0,0.0,Qwen3-8B,5,social-group,muslim
R_QmGmoAbZfGsPgNX,142950,4107,1,0.0,Qwen3-8B,3,social-group,christian
R_QmGmoAbZfGsPgNX,142975,4108,2,1.0,Qwen3-8B,5,social-group,jewish
R_QmGmoAbZfGsPgNX,143000,4109,1,0.0,Qwen3-8B,1,social-group,transgender
R_QmGmoAbZfGsPgNX,143025,4110,-1,,Qwen3-8B,3,social-group,christian
R_QmGmoAbZfGsPgNX,143050,4111,2,1.0,Qwen3-8B,5,social-group,muslim
R_QmGmoAbZfGsPgNX,143075,4112,0,0.0,Qwen3-8B,1,social-group,jewish
R_QmGmoAbZfGsPgNX,143100,4113,-1,,Qwen3-8B,3,social-group,christian
R_QmGmoAbZfGsPgNX,143125,4114,0,0.0,Qwen3-8B,1,moral,loyalty
R_QmGmoAbZfGsPgNX,143150,4115,2,1.0,Qwen3-8B,5,social-group,jewish
R_QmGmoAbZfGsPgNX,143175,4116,0,0.0,Qwen3-8B,2,social-group,transgender
R_QmGmoAbZfGsPgNX,143200,4117,2,1.0,Qwen3-8B,5,social-group,LGB
R_QmGmoAbZfGsPgNX,143225,4118,0,0.0,Qwen3-8B,2,social-group,transgender
R_QmGmoAbZfGsPgNX,143250,4119,0,0.0,Qwen3-8B,1,social-group,transgender
R_5i4GRYIANQdSodr,9593,155,3,1.0,Qwen3-8B,3,random,random
R_5i4GRYIANQdSodr,9593,155,3,1.0,Qwen3-8B,3,moral,care
R_5i4GRYIANQdSodr,9593,155,3,1.0,Qwen3-8B,3,random,random
R_5i4GRYIANQdSodr,9593,155,3,1.0,Qwen3-8B,3,moral,care
R_5i4GRYIANQdSodr,12331,198,0,0.0,Qwen3-8B,1,random,random
R_5i4GRYIANQdSodr,19264,303,0,0.0,Qwen3-8B,1,random,random
R_5i4GRYIANQdSodr,36492,584,0,0.0,Qwen3-8B,3,random,random
R_5i4GRYIANQdSodr,39462,634,4,1.0,Qwen3-8B,2,random,random
R_5i4GRYIANQdSodr,50614,804,4,1.0,Qwen3-8B,3,random,random
R_5i4GRYIANQdSodr,59398,934,0,0.0,Qwen3-8B,3,random,random
R_5i4GRYIANQdSodr,62825,994,2,1.0,Qwen3-8B,5,random,random
R_5i4GRYIANQdSodr,142603,4093,3,1.0,Qwen3-8B,5,social-group,christian
R_5i4GRYIANQdSodr,142628,4094,0,0.0,Qwen3-8B,4,social-group,LGB
R_5i4GRYIANQdSodr,142653,4095,1,0.0,Qwen3-8B,3,social-group,christian
R_5i4GRYIANQdSodr,142678,4096,1,0.0,Qwen3-8B,4,social-group,christian
R_5i4GRYIANQdSodr,142703,4097,2,1.0,Qwen3-8B,3,social-group,LGB
R_5i4GRYIANQdSodr,142728,4098,4,1.0,Qwen3-8B,1,social-group,christian
R_5i4GRYIANQdSodr,142753,4099,2,1.0,Qwen3-8B,3,social-group,transgender
R_5i4GRYIANQdSodr,142778,4100,2,1.0,Qwen3-8B,5,social-group,LGB
R_5i4GRYIANQdSodr,142803,4101,4,1.0,Qwen3-8B,5,social-group,jewish
R_5i4GRYIANQdSodr,142828,4102,3,1.0,Qwen3-8B,2,social-group,christian
R_5i4GRYIANQdSodr,142853,4103,0,0.0,Qwen3-8B,3,moral,loyalty
R_5i4GRYIANQdSodr,142878,4104,0,0.0,Qwen3-8B,2,random,random
R_5i4GRYIANQdSodr,142903,4105,0,0.0,Qwen3-8B,2,random,random
R_5i4GRYIANQdSodr,142928,4106,0,0.0,Qwen3-8B,5,social-group,muslim
R_5i4GRYIANQdSodr,142953,4107,0,0.0,Qwen3-8B,3,social-group,christian
R_5i4GRYIANQdSodr,142978,4108,4,1.0,Qwen3-8B,5,social-group,jewish
R_5i4GRYIANQdSodr,143003,4109,0,0.0,Qwen3-8B,1,social-group,transgender
R_5i4GRYIANQdSodr,143028,4110,1,0.0,Qwen3-8B,3,social-group,christian
R_5i4GRYIANQdSodr,143053,4111,1,0.0,Qwen3-8B,5,social-group,muslim
R_5i4GRYIANQdSodr,143078,4112,1,0.0,Qwen3-8B,1,social-group,jewish
R_5i4GRYIANQdSodr,143103,4113,2,1.0,Qwen3-8B,3,social-group,christian
R_5i4GRYIANQdSodr,143128,4114,1,0.0,Qwen3-8B,1,moral,loyalty
R_5i4GRYIANQdSodr,143153,4115,4,1.0,Qwen3-8B,5,social-group,jewish
R_5i4GRYIANQdSodr,143178,4116,2,1.0,Qwen3-8B,2,social-group,transgender
R_5i4GRYIANQdSodr,143203,4117,4,1.0,Qwen3-8B,5,social-group,LGB
R_5i4GRYIANQdSodr,143228,4118,0,0.0,Qwen3-8B,2,social-group,transgender
R_5i4GRYIANQdSodr,143253,4119,2,1.0,Qwen3-8B,1,social-group,transgender
R_1hM6qi1JSC5Lhpw,9621,155,4,1.0,Qwen3-8B,3,random,random
R_1hM6qi1JSC5Lhpw,9621,155,4,1.0,Qwen3-8B,3,moral,care
R_1hM6qi1JSC5Lhpw,9621,155,4,1.0,Qwen3-8B,3,random,random
R_1hM6qi1JSC5Lhpw,9621,155,4,1.0,Qwen3-8B,3,moral,care
R_1hM6qi1JSC5Lhpw,12341,198,0,0.0,Qwen3-8B,1,random,random
R_1hM6qi1JSC5Lhpw,19275,303,0,0.0,Qwen3-8B,1,random,random
R_1hM6qi1JSC5Lhpw,36502,584,1,0.0,Qwen3-8B,3,random,random
R_1hM6qi1JSC5Lhpw,39469,634,4,1.0,Qwen3-8B,2,random,random
R_1hM6qi1JSC5Lhpw,50621,804,0,0.0,Qwen3-8B,3,random,random
R_1hM6qi1JSC5Lhpw,59406,934,4,1.0,Qwen3-8B,3,random,random
R_1hM6qi1JSC5Lhpw,62833,994,4,1.0,Qwen3-8B,5,random,random
R_1hM6qi1JSC5Lhpw,142607,4093,4,1.0,Qwen3-8B,5,social-group,christian
R_1hM6qi1JSC5Lhpw,142632,4094,4,1.0,Qwen3-8B,4,social-group,LGB
R_1hM6qi1JSC5Lhpw,142657,4095,4,1.0,Qwen3-8B,3,social-group,christian
R_1hM6qi1JSC5Lhpw,142682,4096,4,1.0,Qwen3-8B,4,social-group,christian
R_1hM6qi1JSC5Lhpw,142707,4097,4,1.0,Qwen3-8B,3,social-group,LGB
R_1hM6qi1JSC5Lhpw,142732,4098,4,1.0,Qwen3-8B,1,social-group,christian
R_1hM6qi1JSC5Lhpw,142757,4099,4,1.0,Qwen3-8B,3,social-group,transgender
R_1hM6qi1JSC5Lhpw,142782,4100,4,1.0,Qwen3-8B,5,social-group,LGB
R_1hM6qi1JSC5Lhpw,142807,4101,4,1.0,Qwen3-8B,5,social-group,jewish
R_1hM6qi1JSC5Lhpw,142832,4102,4,1.0,Qwen3-8B,2,social-group,christian
R_1hM6qi1JSC5Lhpw,142857,4103,4,1.0,Qwen3-8B,3,moral,loyalty
R_1hM6qi1JSC5Lhpw,142882,4104,3,1.0,Qwen3-8B,2,random,random
R_1hM6qi1JSC5Lhpw,142907,4105,1,0.0,Qwen3-8B,2,random,random
R_1hM6qi1JSC5Lhpw,142932,4106,4,1.0,Qwen3-8B,5,social-group,muslim
R_1hM6qi1JSC5Lhpw,142957,4107,4,1.0,Qwen3-8B,3,social-group,christian
R_1hM6qi1JSC5Lhpw,142982,4108,4,1.0,Qwen3-8B,5,social-group,jewish
R_1hM6qi1JSC5Lhpw,143007,4109,4,1.0,Qwen3-8B,1,social-group,transgender
R_1hM6qi1JSC5Lhpw,143032,4110,4,1.0,Qwen3-8B,3,social-group,christian
R_1hM6qi1JSC5Lhpw,143057,4111,4,1.0,Qwen3-8B,5,social-group,muslim
R_1hM6qi1JSC5Lhpw,143082,4112,4,1.0,Qwen3-8B,1,social-group,jewish
R_1hM6qi1JSC5Lhpw,143107,4113,4,1.0,Qwen3-8B,3,social-group,christian
R_1hM6qi1JSC5Lhpw,143132,4114,0,0.0,Qwen3-8B,1,moral,loyalty
R_1hM6qi1JSC5Lhpw,143157,4115,4,1.0,Qwen3-8B,5,social-group,jewish
R_1hM6qi1JSC5Lhpw,143182,4116,4,1.0,Qwen3-8B,2,social-group,transgender
R_1hM6qi1JSC5Lhpw,143207,4117,4,1.0,Qwen3-8B,5,social-group,LGB
R_1hM6qi1JSC5Lhpw,143232,4118,4,1.0,Qwen3-8B,2,social-group,transgender
R_1hM6qi1JSC5Lhpw,143257,4119,0,0.0,Qwen3-8B,1,social-group,transgender
R_3pi0QUxRHwhGN6N,9641,155,4,1.0,Qwen3-8B,3,random,random
R_3pi0QUxRHwhGN6N,9641,155,4,1.0,Qwen3-8B,3,moral,care
R_3pi0QUxRHwhGN6N,9641,155,4,1.0,Qwen3-8B,3,random,random
R_3pi0QUxRHwhGN6N,9641,155,4,1.0,Qwen3-8B,3,moral,care
R_3pi0QUxRHwhGN6N,12352,198,0,0.0,Qwen3-8B,1,random,random
R_3pi0QUxRHwhGN6N,19283,303,0,0.0,Qwen3-8B,1,random,random
R_3pi0QUxRHwhGN6N,36510,584,3,1.0,Qwen3-8B,3,random,random
R_3pi0QUxRHwhGN6N,39475,634,3,1.0,Qwen3-8B,2,random,random
R_3pi0QUxRHwhGN6N,50628,804,3,1.0,Qwen3-8B,3,random,random
R_3pi0QUxRHwhGN6N,59414,934,3,1.0,Qwen3-8B,3,random,random
R_3pi0QUxRHwhGN6N,62846,994,4,1.0,Qwen3-8B,5,random,random
R_3pi0QUxRHwhGN6N,142610,4093,4,1.0,Qwen3-8B,5,social-group,christian
R_3pi0QUxRHwhGN6N,142635,4094,3,1.0,Qwen3-8B,4,social-group,LGB
R_3pi0QUxRHwhGN6N,142660,4095,2,1.0,Qwen3-8B,3,social-group,christian
R_3pi0QUxRHwhGN6N,142685,4096,3,1.0,Qwen3-8B,4,social-group,christian
R_3pi0QUxRHwhGN6N,142710,4097,4,1.0,Qwen3-8B,3,social-group,LGB
R_3pi0QUxRHwhGN6N,142735,4098,0,0.0,Qwen3-8B,1,social-group,christian
R_3pi0QUxRHwhGN6N,142760,4099,2,1.0,Qwen3-8B,3,social-group,transgender
R_3pi0QUxRHwhGN6N,142785,4100,3,1.0,Qwen3-8B,5,social-group,LGB
R_3pi0QUxRHwhGN6N,142810,4101,3,1.0,Qwen3-8B,5,social-group,jewish
R_3pi0QUxRHwhGN6N,142835,4102,2,1.0,Qwen3-8B,2,social-group,christian
R_3pi0QUxRHwhGN6N,142860,4103,2,1.0,Qwen3-8B,3,moral,loyalty
R_3pi0QUxRHwhGN6N,142885,4104,3,1.0,Qwen3-8B,2,random,random
R_3pi0QUxRHwhGN6N,142910,4105,0,0.0,Qwen3-8B,2,random,random
R_3pi0QUxRHwhGN6N,142935,4106,3,1.0,Qwen3-8B,5,social-group,muslim
R_3pi0QUxRHwhGN6N,142960,4107,3,1.0,Qwen3-8B,3,social-group,christian
R_3pi0QUxRHwhGN6N,142985,4108,4,1.0,Qwen3-8B,5,social-group,jewish
R_3pi0QUxRHwhGN6N,143010,4109,4,1.0,Qwen3-8B,1,social-group,transgender
R_3pi0QUxRHwhGN6N,143035,4110,3,1.0,Qwen3-8B,3,social-group,christian
R_3pi0QUxRHwhGN6N,143060,4111,4,1.0,Qwen3-8B,5,social-group,muslim
R_3pi0QUxRHwhGN6N,143085,4112,3,1.0,Qwen3-8B,1,social-group,jewish
R_3pi0QUxRHwhGN6N,143110,4113,3,1.0,Qwen3-8B,3,social-group,christian
R_3pi0QUxRHwhGN6N,143135,4114,0,0.0,Qwen3-8B,1,moral,loyalty
R_3pi0QUxRHwhGN6N,143160,4115,4,1.0,Qwen3-8B,5,social-group,jewish
R_3pi0QUxRHwhGN6N,143185,4116,0,0.0,Qwen3-8B,2,social-group,transgender
R_3pi0QUxRHwhGN6N,143210,4117,4,1.0,Qwen3-8B,5,social-group,LGB
R_3pi0QUxRHwhGN6N,143235,4118,3,1.0,Qwen3-8B,2,social-group,transgender
R_3pi0QUxRHwhGN6N,143260,4119,0,0.0,Qwen3-8B,1,social-group,transgender
R_3qJurYFZVFvU5EQ,9677,155,0,0.0,Qwen3-8B,3,random,random
R_3qJurYFZVFvU5EQ,9677,155,0,0.0,Qwen3-8B,3,moral,care
R_3qJurYFZVFvU5EQ,9677,155,0,0.0,Qwen3-8B,3,random,random
R_3qJurYFZVFvU5EQ,9677,155,0,0.0,Qwen3-8B,3,moral,care
R_3qJurYFZVFvU5EQ,12370,198,1,0.0,Qwen3-8B,1,random,random
R_3qJurYFZVFvU5EQ,19300,303,0,0.0,Qwen3-8B,1,random,random
R_3qJurYFZVFvU5EQ,36527,584,3,1.0,Qwen3-8B,3,random,random
R_3qJurYFZVFvU5EQ,39491,634,4,1.0,Qwen3-8B,2,random,random
R_3qJurYFZVFvU5EQ,50645,804,4,1.0,Qwen3-8B,3,random,random
R_3qJurYFZVFvU5EQ,59427,934,2,1.0,Qwen3-8B,3,random,random
R_3qJurYFZVFvU5EQ,62859,994,4,1.0,Qwen3-8B,5,random,random
R_3qJurYFZVFvU5EQ,142616,4093,1,0.0,Qwen3-8B,5,social-group,christian
R_3qJurYFZVFvU5EQ,142641,4094,0,0.0,Qwen3-8B,4,social-group,LGB
R_3qJurYFZVFvU5EQ,142666,4095,4,1.0,Qwen3-8B,3,social-group,christian
R_3qJurYFZVFvU5EQ,142691,4096,2,1.0,Qwen3-8B,4,social-group,christian
R_3qJurYFZVFvU5EQ,142716,4097,4,1.0,Qwen3-8B,3,social-group,LGB
R_3qJurYFZVFvU5EQ,142741,4098,0,0.0,Qwen3-8B,1,social-group,christian
R_3qJurYFZVFvU5EQ,142766,4099,3,1.0,Qwen3-8B,3,social-group,transgender
R_3qJurYFZVFvU5EQ,142791,4100,4,1.0,Qwen3-8B,5,social-group,LGB
R_3qJurYFZVFvU5EQ,142816,4101,4,1.0,Qwen3-8B,5,social-group,jewish
R_3qJurYFZVFvU5EQ,142841,4102,3,1.0,Qwen3-8B,2,social-group,christian
R_3qJurYFZVFvU5EQ,142866,4103,3,1.0,Qwen3-8B,3,moral,loyalty
R_3qJurYFZVFvU5EQ,142891,4104,0,0.0,Qwen3-8B,2,random,random
R_3qJurYFZVFvU5EQ,142916,4105,1,0.0,Qwen3-8B,2,random,random
R_3qJurYFZVFvU5EQ,142941,4106,3,1.0,Qwen3-8B,5,social-group,muslim
R_3qJurYFZVFvU5EQ,142966,4107,1,0.0,Qwen3-8B,3,social-group,christian
R_3qJurYFZVFvU5EQ,142991,4108,4,1.0,Qwen3-8B,5,social-group,jewish
R_3qJurYFZVFvU5EQ,143016,4109,3,1.0,Qwen3-8B,1,social-group,transgender
R_3qJurYFZVFvU5EQ,143041,4110,-1,,Qwen3-8B,3,social-group,christian
R_3qJurYFZVFvU5EQ,143066,4111,4,1.0,Qwen3-8B,5,social-group,muslim
R_3qJurYFZVFvU5EQ,143091,4112,1,0.0,Qwen3-8B,1,social-group,jewish
R_3qJurYFZVFvU5EQ,143116,4113,4,1.0,Qwen3-8B,3,social-group,christian
R_3qJurYFZVFvU5EQ,143141,4114,0,0.0,Qwen3-8B,1,moral,loyalty
R_3qJurYFZVFvU5EQ,143166,4115,4,1.0,Qwen3-8B,5,social-group,jewish
R_3qJurYFZVFvU5EQ,143191,4116,1,0.0,Qwen3-8B,2,social-group,transgender
R_3qJurYFZVFvU5EQ,143216,4117,4,1.0,Qwen3-8B,5,social-group,LGB
R_3qJurYFZVFvU5EQ,143241,4118,3,1.0,Qwen3-8B,2,social-group,transgender
R_3qJurYFZVFvU5EQ,143266,4119,0,0.0,Qwen3-8B,1,social-group,transgender
R_12sTUkpj7fobiK9,9926,159,0,0.0,Qwen3-8B,1,random,random
R_12sTUkpj7fobiK9,11879,191,0,0.0,Qwen3-8B,1,random,random
R_12sTUkpj7fobiK9,21536,337,0,0.0,Qwen3-8B,4,random,random
R_12sTUkpj7fobiK9,31561,503,0,0.0,Qwen3-8B,1,random,random
R_12sTUkpj7fobiK9,35769,571,-1,,Qwen3-8B,2,random,random
R_12sTUkpj7fobiK9,64024,1013,0,0.0,Qwen3-8B,2,random,random
R_12sTUkpj7fobiK9,109180,2660,0,0.0,Qwen3-8B,1,moral,loyalty
R_12sTUkpj7fobiK9,109180,2660,0,0.0,Qwen3-8B,1,moral,care
R_12sTUkpj7fobiK9,109180,2660,0,0.0,Qwen3-8B,1,moral,loyalty
R_12sTUkpj7fobiK9,109180,2660,0,0.0,Qwen3-8B,1,moral,care
R_12sTUkpj7fobiK9,115820,2942,1,0.0,Qwen3-8B,5,social-group,transgender
R_12sTUkpj7fobiK9,115841,2943,2,1.0,Qwen3-8B,4,social-group,jewish
R_12sTUkpj7fobiK9,115862,2944,0,0.0,Qwen3-8B,3,social-group,christian
R_12sTUkpj7fobiK9,115883,2945,0,0.0,Qwen3-8B,3,random,random
R_12sTUkpj7fobiK9,115904,2946,0,0.0,Qwen3-8B,3,social-group,transgender
R_12sTUkpj7fobiK9,115925,2947,0,0.0,Qwen3-8B,3,random,random
R_12sTUkpj7fobiK9,115946,2948,0,0.0,Qwen3-8B,1,random,random
R_12sTUkpj7fobiK9,115967,2949,0,0.0,Qwen3-8B,2,social-group,christian
R_12sTUkpj7fobiK9,115988,2950,0,0.0,Qwen3-8B,2,social-group,jewish
R_12sTUkpj7fobiK9,116009,2951,0,0.0,Qwen3-8B,4,social-group,christian
R_12sTUkpj7fobiK9,116139,2952,0,0.0,Qwen3-8B,3,random,random
R_12sTUkpj7fobiK9,116139,2952,0,0.0,Qwen3-8B,3,moral,care
R_12sTUkpj7fobiK9,116139,2952,0,0.0,Qwen3-8B,3,random,random
R_12sTUkpj7fobiK9,116139,2952,0,0.0,Qwen3-8B,3,moral,care
R_12sTUkpj7fobiK9,116164,2953,0,0.0,Qwen3-8B,2,random,random
R_12sTUkpj7fobiK9,116185,2954,0,0.0,Qwen3-8B,3,social-group,jewish
R_12sTUkpj7fobiK9,116206,2955,0,0.0,Qwen3-8B,1,moral,loyalty
R_12sTUkpj7fobiK9,116227,2956,0,0.0,Qwen3-8B,3,social-group,muslim
R_12sTUkpj7fobiK9,116248,2957,0,0.0,Qwen3-8B,3,social-group,transgender
R_12sTUkpj7fobiK9,116269,2958,0,0.0,Qwen3-8B,2,random,random
R_12sTUkpj7fobiK9,116290,2959,4,1.0,Qwen3-8B,5,social-group,transgender
R_12sTUkpj7fobiK9,116311,2960,3,1.0,Qwen3-8B,4,social-group,transgender
R_12sTUkpj7fobiK9,116332,2961,3,1.0,Qwen3-8B,5,social-group,muslim
R_12sTUkpj7fobiK9,116353,2962,0,0.0,Qwen3-8B,3,social-group,LGB
R_12sTUkpj7fobiK9,116374,2963,0,0.0,Qwen3-8B,4,social-group,LGB
R_12sTUkpj7fobiK9,116395,2964,2,1.0,Qwen3-8B,4,social-group,jewish
R_12sTUkpj7fobiK9,116416,2965,2,1.0,Qwen3-8B,4,moral,care
R_12sTUkpj7fobiK9,116437,2966,2,1.0,Qwen3-8B,5,social-group,muslim
R_12sTUkpj7fobiK9,116458,2967,0,0.0,Qwen3-8B,1,random,random
R_12sTUkpj7fobiK9,116479,2968,1,0.0,Qwen3-8B,4,social-group,transgender
R_12sTUkpj7fobiK9,116500,2969,0,0.0,Qwen3-8B,3,social-group,transgender
R_1EceyvEPVYVUCCd,10062,162,1,0.0,Qwen3-8B,3,random,random
R_1EceyvEPVYVUCCd,16988,267,0,0.0,Qwen3-8B,2,random,random
R_1EceyvEPVYVUCCd,18539,292,4,1.0,Qwen3-8B,5,random,random
R_1EceyvEPVYVUCCd,37085,594,0,0.0,Qwen3-8B,3,random,random
R_1EceyvEPVYVUCCd,51031,811,0,0.0,Qwen3-8B,1,random,random
R_1EceyvEPVYVUCCd,55919,883,0,0.0,Qwen3-8B,1,random,random
R_1EceyvEPVYVUCCd,64956,1028,0,0.0,Qwen3-8B,3,random,random
R_1EceyvEPVYVUCCd,66185,1047,0,0.0,Qwen3-8B,1,random,random
R_1EceyvEPVYVUCCd,69854,1110,1,0.0,Qwen3-8B,3,random,random
R_1EceyvEPVYVUCCd,81185,1509,0,0.0,Qwen3-8B,2,social-group,jewish
R_1EceyvEPVYVUCCd,81206,1510,0,0.0,Qwen3-8B,4,social-group,christian
R_1EceyvEPVYVUCCd,81227,1511,0,0.0,Qwen3-8B,1,random,random
R_1EceyvEPVYVUCCd,81248,1512,0,0.0,Qwen3-8B,4,moral,loyalty
R_1EceyvEPVYVUCCd,81269,1513,0,0.0,Qwen3-8B,5,social-group,muslim
R_1EceyvEPVYVUCCd,81290,1514,1,0.0,Qwen3-8B,4,social-group,christian
R_1EceyvEPVYVUCCd,81311,1515,1,0.0,Qwen3-8B,5,social-group,muslim
R_1EceyvEPVYVUCCd,81332,1516,0,0.0,Qwen3-8B,1,moral,authority
R_1EceyvEPVYVUCCd,81353,1517,0,0.0,Qwen3-8B,2,random,random
R_1EceyvEPVYVUCCd,81395,1518,0,0.0,Qwen3-8B,1,moral,purity
R_1EceyvEPVYVUCCd,81395,1518,0,0.0,Qwen3-8B,1,moral,loyalty
R_1EceyvEPVYVUCCd,81395,1518,0,0.0,Qwen3-8B,1,moral,purity
R_1EceyvEPVYVUCCd,81395,1518,0,0.0,Qwen3-8B,1,moral,loyalty
R_1EceyvEPVYVUCCd,81458,1519,0,0.0,Qwen3-8B,3,moral,authority
R_1EceyvEPVYVUCCd,81479,1520,0,0.0,Qwen3-8B,3,social-group,jewish
R_1EceyvEPVYVUCCd,81500,1521,0,0.0,Qwen3-8B,1,social-group,transgender
R_1EceyvEPVYVUCCd,81521,1522,0,0.0,Qwen3-8B,4,social-group,jewish
R_1EceyvEPVYVUCCd,81542,1523,0,0.0,Qwen3-8B,4,social-group,LGB
R_1EceyvEPVYVUCCd,81563,1524,0,0.0,Qwen3-8B,1,social-group,christian
R_1EceyvEPVYVUCCd,81584,1525,0,0.0,Qwen3-8B,2,random,random
R_1EceyvEPVYVUCCd,81605,1526,0,0.0,Qwen3-8B,2,random,random
R_1EceyvEPVYVUCCd,81626,1527,0,0.0,Qwen3-8B,1,moral,authority
R_1EceyvEPVYVUCCd,81647,1528,1,0.0,Qwen3-8B,3,moral,purity
R_1EceyvEPVYVUCCd,81668,1529,1,0.0,Qwen3-8B,3,social-group,christian
R_1EceyvEPVYVUCCd,81689,1530,0,0.0,Qwen3-8B,5,social-group,jewish
R_1EceyvEPVYVUCCd,81710,1531,0,0.0,Qwen3-8B,1,moral,purity
R_1EceyvEPVYVUCCd,81731,1532,0,0.0,Qwen3-8B,2,random,random
R_1EceyvEPVYVUCCd,81758,1533,0,0.0,Qwen3-8B,3,moral,fairness
R_1EceyvEPVYVUCCd,81798,1534,0,0.0,Qwen3-8B,1,random,random
R_1mC5iGnYtwamXjP,10071,162,2,1.0,Qwen3-8B,3,random,random
R_1mC5iGnYtwamXjP,16997,267,3,1.0,Qwen3-8B,2,random,random
R_1mC5iGnYtwamXjP,18549,292,4,1.0,Qwen3-8B,5,random,random
R_1mC5iGnYtwamXjP,37094,594,4,1.0,Qwen3-8B,3,random,random
R_1mC5iGnYtwamXjP,51038,811,4,1.0,Qwen3-8B,1,random,random
R_1mC5iGnYtwamXjP,55928,883,4,1.0,Qwen3-8B,1,random,random
R_1mC5iGnYtwamXjP,64962,1028,0,0.0,Qwen3-8B,3,random,random
R_1mC5iGnYtwamXjP,66191,1047,0,0.0,Qwen3-8B,1,random,random
R_1mC5iGnYtwamXjP,69859,1110,0,0.0,Qwen3-8B,3,random,random
R_1mC5iGnYtwamXjP,81188,1509,-1,,Qwen3-8B,2,social-group,jewish
R_1mC5iGnYtwamXjP,81209,1510,4,1.0,Qwen3-8B,4,social-group,christian
R_1mC5iGnYtwamXjP,81230,1511,0,0.0,Qwen3-8B,1,random,random
R_1mC5iGnYtwamXjP,81251,1512,0,0.0,Qwen3-8B,4,moral,loyalty
R_1mC5iGnYtwamXjP,81272,1513,0,0.0,Qwen3-8B,5,social-group,muslim
R_1mC5iGnYtwamXjP,81293,1514,4,1.0,Qwen3-8B,4,social-group,christian
R_1mC5iGnYtwamXjP,81314,1515,4,1.0,Qwen3-8B,5,social-group,muslim
R_1mC5iGnYtwamXjP,81335,1516,0,0.0,Qwen3-8B,1,moral,authority
R_1mC5iGnYtwamXjP,81356,1517,1,0.0,Qwen3-8B,2,random,random
R_1mC5iGnYtwamXjP,81401,1518,0,0.0,Qwen3-8B,1,moral,purity
R_1mC5iGnYtwamXjP,81401,1518,0,0.0,Qwen3-8B,1,moral,loyalty
R_1mC5iGnYtwamXjP,81401,1518,0,0.0,Qwen3-8B,1,moral,purity
R_1mC5iGnYtwamXjP,81401,1518,0,0.0,Qwen3-8B,1,moral,loyalty
R_1mC5iGnYtwamXjP,81461,1519,2,1.0,Qwen3-8B,3,moral,authority
R_1mC5iGnYtwamXjP,81482,1520,3,1.0,Qwen3-8B,3,social-group,jewish
R_1mC5iGnYtwamXjP,81503,1521,0,0.0,Qwen3-8B,1,social-group,transgender
R_1mC5iGnYtwamXjP,81524,1522,0,0.0,Qwen3-8B,4,social-group,jewish
R_1mC5iGnYtwamXjP,81545,1523,4,1.0,Qwen3-8B,4,social-group,LGB
R_1mC5iGnYtwamXjP,81566,1524,-1,,Qwen3-8B,1,social-group,christian
R_1mC5iGnYtwamXjP,81587,1525,0,0.0,Qwen3-8B,2,random,random
R_1mC5iGnYtwamXjP,81608,1526,0,0.0,Qwen3-8B,2,random,random
R_1mC5iGnYtwamXjP,81629,1527,2,1.0,Qwen3-8B,1,moral,authority
R_1mC5iGnYtwamXjP,81650,1528,4,1.0,Qwen3-8B,3,moral,purity
R_1mC5iGnYtwamXjP,81671,1529,0,0.0,Qwen3-8B,3,social-group,christian
R_1mC5iGnYtwamXjP,81692,1530,2,1.0,Qwen3-8B,5,social-group,jewish
R_1mC5iGnYtwamXjP,81713,1531,4,1.0,Qwen3-8B,1,moral,purity
R_1mC5iGnYtwamXjP,81734,1532,0,0.0,Qwen3-8B,2,random,random
R_1mC5iGnYtwamXjP,81766,1533,4,1.0,Qwen3-8B,3,moral,fairness
R_1mC5iGnYtwamXjP,81801,1534,1,0.0,Qwen3-8B,1,random,random
R_3hoLD4LRPveoAAg,10072,162,1,0.0,Qwen3-8B,3,random,random
R_3hoLD4LRPveoAAg,16998,267,1,0.0,Qwen3-8B,2,random,random
R_3hoLD4LRPveoAAg,18550,292,2,1.0,Qwen3-8B,5,random,random
R_3hoLD4LRPveoAAg,37095,594,0,0.0,Qwen3-8B,3,random,random
R_3hoLD4LRPveoAAg,51039,811,1,0.0,Qwen3-8B,1,random,random
R_3hoLD4LRPveoAAg,55929,883,1,0.0,Qwen3-8B,1,random,random
R_3hoLD4LRPveoAAg,64963,1028,0,0.0,Qwen3-8B,3,random,random
R_3hoLD4LRPveoAAg,66192,1047,2,1.0,Qwen3-8B,1,random,random
R_3hoLD4LRPveoAAg,69860,1110,1,0.0,Qwen3-8B,3,random,random
R_3hoLD4LRPveoAAg,81189,1509,0,0.0,Qwen3-8B,2,social-group,jewish
R_3hoLD4LRPveoAAg,81210,1510,0,0.0,Qwen3-8B,4,social-group,christian
R_3hoLD4LRPveoAAg,81231,1511,0,0.0,Qwen3-8B,1,random,random
R_3hoLD4LRPveoAAg,81252,1512,0,0.0,Qwen3-8B,4,moral,loyalty
R_3hoLD4LRPveoAAg,81273,1513,1,0.0,Qwen3-8B,5,social-group,muslim
R_3hoLD4LRPveoAAg,81294,1514,1,0.0,Qwen3-8B,4,social-group,christian
R_3hoLD4LRPveoAAg,81315,1515,1,0.0,Qwen3-8B,5,social-group,muslim
R_3hoLD4LRPveoAAg,81336,1516,1,0.0,Qwen3-8B,1,moral,authority
R_3hoLD4LRPveoAAg,81357,1517,2,1.0,Qwen3-8B,2,random,random
R_3hoLD4LRPveoAAg,81403,1518,1,0.0,Qwen3-8B,1,moral,purity
R_3hoLD4LRPveoAAg,81403,1518,1,0.0,Qwen3-8B,1,moral,loyalty
R_3hoLD4LRPveoAAg,81403,1518,1,0.0,Qwen3-8B,1,moral,purity
R_3hoLD4LRPveoAAg,81403,1518,1,0.0,Qwen3-8B,1,moral,loyalty
R_3hoLD4LRPveoAAg,81462,1519,1,0.0,Qwen3-8B,3,moral,authority
R_3hoLD4LRPveoAAg,81483,1520,1,0.0,Qwen3-8B,3,social-group,jewish
R_3hoLD4LRPveoAAg,81504,1521,1,0.0,Qwen3-8B,1,social-group,transgender
R_3hoLD4LRPveoAAg,81525,1522,1,0.0,Qwen3-8B,4,social-group,jewish
R_3hoLD4LRPveoAAg,81546,1523,3,1.0,Qwen3-8B,4,social-group,LGB
R_3hoLD4LRPveoAAg,81567,1524,1,0.0,Qwen3-8B,1,social-group,christian
R_3hoLD4LRPveoAAg,81588,1525,1,0.0,Qwen3-8B,2,random,random
R_3hoLD4LRPveoAAg,81609,1526,0,0.0,Qwen3-8B,2,random,random
R_3hoLD4LRPveoAAg,81630,1527,0,0.0,Qwen3-8B,1,moral,authority
R_3hoLD4LRPveoAAg,81651,1528,1,0.0,Qwen3-8B,3,moral,purity
R_3hoLD4LRPveoAAg,81672,1529,1,0.0,Qwen3-8B,3,social-group,christian
R_3hoLD4LRPveoAAg,81693,1530,1,0.0,Qwen3-8B,5,social-group,jewish
R_3hoLD4LRPveoAAg,81714,1531,1,0.0,Qwen3-8B,1,moral,purity
R_3hoLD4LRPveoAAg,81735,1532,1,0.0,Qwen3-8B,2,random,random
R_3hoLD4LRPveoAAg,81768,1533,1,0.0,Qwen3-8B,3,moral,fairness
R_3hoLD4LRPveoAAg,81802,1534,1,0.0,Qwen3-8B,1,random,random
R_1QbaADt76w1JqnW,10086,162,0,0.0,Qwen3-8B,3,random,random
R_1QbaADt76w1JqnW,17009,267,0,0.0,Qwen3-8B,2,random,random
R_1QbaADt76w1JqnW,18561,292,3,1.0,Qwen3-8B,5,random,random
R_1QbaADt76w1JqnW,37110,594,0,0.0,Qwen3-8B,3,random,random
R_1QbaADt76w1JqnW,51056,811,0,0.0,Qwen3-8B,1,random,random
R_1QbaADt76w1JqnW,55946,883,0,0.0,Qwen3-8B,1,random,random
R_1QbaADt76w1JqnW,64976,1028,0,0.0,Qwen3-8B,3,random,random
R_1QbaADt76w1JqnW,66205,1047,0,0.0,Qwen3-8B,1,random,random
R_1QbaADt76w1JqnW,69870,1110,0,0.0,Qwen3-8B,3,random,random
R_1QbaADt76w1JqnW,81193,1509,0,0.0,Qwen3-8B,2,social-group,jewish
R_1QbaADt76w1JqnW,81214,1510,-1,,Qwen3-8B,4,social-group,christian
R_1QbaADt76w1JqnW,81235,1511,0,0.0,Qwen3-8B,1,random,random
R_1QbaADt76w1JqnW,81256,1512,0,0.0,Qwen3-8B,4,moral,loyalty
R_1QbaADt76w1JqnW,81277,1513,0,0.0,Qwen3-8B,5,social-group,muslim
R_1QbaADt76w1JqnW,81298,1514,0,0.0,Qwen3-8B,4,social-group,christian
R_1QbaADt76w1JqnW,81319,1515,-1,,Qwen3-8B,5,social-group,muslim
R_1QbaADt76w1JqnW,81340,1516,0,0.0,Qwen3-8B,1,moral,authority
R_1QbaADt76w1JqnW,81361,1517,-1,,Qwen3-8B,2,random,random
R_1QbaADt76w1JqnW,81423,1518,0,0.0,Qwen3-8B,1,moral,purity
R_1QbaADt76w1JqnW,81423,1518,0,0.0,Qwen3-8B,1,moral,loyalty
R_1QbaADt76w1JqnW,81423,1518,0,0.0,Qwen3-8B,1,moral,purity
R_1QbaADt76w1JqnW,81423,1518,0,0.0,Qwen3-8B,1,moral,loyalty
R_1QbaADt76w1JqnW,81466,1519,-1,,Qwen3-8B,3,moral,authority
R_1QbaADt76w1JqnW,81487,1520,2,1.0,Qwen3-8B,3,social-group,jewish
R_1QbaADt76w1JqnW,81508,1521,0,0.0,Qwen3-8B,1,social-group,transgender
R_1QbaADt76w1JqnW,81529,1522,-1,,Qwen3-8B,4,social-group,jewish
R_1QbaADt76w1JqnW,81550,1523,0,0.0,Qwen3-8B,4,social-group,LGB
R_1QbaADt76w1JqnW,81571,1524,0,0.0,Qwen3-8B,1,social-group,christian
R_1QbaADt76w1JqnW,81592,1525,0,0.0,Qwen3-8B,2,random,random
R_1QbaADt76w1JqnW,81613,1526,0,0.0,Qwen3-8B,2,random,random
R_1QbaADt76w1JqnW,81634,1527,0,0.0,Qwen3-8B,1,moral,authority
R_1QbaADt76w1JqnW,81655,1528,0,0.0,Qwen3-8B,3,moral,purity
R_1QbaADt76w1JqnW,81676,1529,-1,,Qwen3-8B,3,social-group,christian
R_1QbaADt76w1JqnW,81697,1530,0,0.0,Qwen3-8B,5,social-group,jewish
R_1QbaADt76w1JqnW,81718,1531,0,0.0,Qwen3-8B,1,moral,purity
R_1QbaADt76w1JqnW,81739,1532,0,0.0,Qwen3-8B,2,random,random
R_1QbaADt76w1JqnW,81778,1533,1,0.0,Qwen3-8B,3,moral,fairness
R_1QbaADt76w1JqnW,81806,1534,-1,,Qwen3-8B,1,random,random
R_3hG8j8WZZ2kW34u,10095,162,1,0.0,Qwen3-8B,3,random,random
R_3hG8j8WZZ2kW34u,17020,267,0,0.0,Qwen3-8B,2,random,random
R_3hG8j8WZZ2kW34u,18579,292,3,1.0,Qwen3-8B,5,random,random
R_3hG8j8WZZ2kW34u,37123,594,0,0.0,Qwen3-8B,3,random,random
R_3hG8j8WZZ2kW34u,51064,811,0,0.0,Qwen3-8B,1,random,random
R_3hG8j8WZZ2kW34u,55959,883,0,0.0,Qwen3-8B,1,random,random
R_3hG8j8WZZ2kW34u,64983,1028,0,0.0,Qwen3-8B,3,random,random
R_3hG8j8WZZ2kW34u,66212,1047,0,0.0,Qwen3-8B,1,random,random
R_3hG8j8WZZ2kW34u,69880,1110,0,0.0,Qwen3-8B,3,random,random
R_3hG8j8WZZ2kW34u,81196,1509,0,0.0,Qwen3-8B,2,social-group,jewish
R_3hG8j8WZZ2kW34u,81217,1510,0,0.0,Qwen3-8B,4,social-group,christian
R_3hG8j8WZZ2kW34u,81238,1511,0,0.0,Qwen3-8B,1,random,random
R_3hG8j8WZZ2kW34u,81259,1512,0,0.0,Qwen3-8B,4,moral,loyalty
R_3hG8j8WZZ2kW34u,81280,1513,0,0.0,Qwen3-8B,5,social-group,muslim
R_3hG8j8WZZ2kW34u,81301,1514,0,0.0,Qwen3-8B,4,social-group,christian
R_3hG8j8WZZ2kW34u,81322,1515,0,0.0,Qwen3-8B,5,social-group,muslim
R_3hG8j8WZZ2kW34u,81343,1516,0,0.0,Qwen3-8B,1,moral,authority
R_3hG8j8WZZ2kW34u,81364,1517,0,0.0,Qwen3-8B,2,random,random
R_3hG8j8WZZ2kW34u,81439,1518,0,0.0,Qwen3-8B,1,moral,purity
R_3hG8j8WZZ2kW34u,81439,1518,0,0.0,Qwen3-8B,1,moral,loyalty
R_3hG8j8WZZ2kW34u,81439,1518,0,0.0,Qwen3-8B,1,moral,purity
R_3hG8j8WZZ2kW34u,81439,1518,0,0.0,Qwen3-8B,1,moral,loyalty
R_3hG8j8WZZ2kW34u,81469,1519,0,0.0,Qwen3-8B,3,moral,authority
R_3hG8j8WZZ2kW34u,81490,1520,0,0.0,Qwen3-8B,3,social-group,jewish
R_3hG8j8WZZ2kW34u,81511,1521,0,0.0,Qwen3-8B,1,social-group,transgender
R_3hG8j8WZZ2kW34u,81532,1522,0,0.0,Qwen3-8B,4,social-group,jewish
R_3hG8j8WZZ2kW34u,81553,1523,1,0.0,Qwen3-8B,4,social-group,LGB
R_3hG8j8WZZ2kW34u,81574,1524,0,0.0,Qwen3-8B,1,social-group,christian
R_3hG8j8WZZ2kW34u,81595,1525,0,0.0,Qwen3-8B,2,random,random
R_3hG8j8WZZ2kW34u,81616,1526,0,0.0,Qwen3-8B,2,random,random
R_3hG8j8WZZ2kW34u,81637,1527,0,0.0,Qwen3-8B,1,moral,authority
R_3hG8j8WZZ2kW34u,81658,1528,0,0.0,Qwen3-8B,3,moral,purity
R_3hG8j8WZZ2kW34u,81679,1529,0,0.0,Qwen3-8B,3,social-group,christian
R_3hG8j8WZZ2kW34u,81700,1530,1,0.0,Qwen3-8B,5,social-group,jewish
R_3hG8j8WZZ2kW34u,81721,1531,0,0.0,Qwen3-8B,1,moral,purity
R_3hG8j8WZZ2kW34u,81742,1532,0,0.0,Qwen3-8B,2,random,random
R_3hG8j8WZZ2kW34u,81785,1533,1,0.0,Qwen3-8B,3,moral,fairness
R_3hG8j8WZZ2kW34u,81809,1534,0,0.0,Qwen3-8B,1,random,random
R_24Hi90spaO8HQsu,10097,162,2,1.0,Qwen3-8B,3,random,random
R_24Hi90spaO8HQsu,17022,267,1,0.0,Qwen3-8B,2,random,random
R_24Hi90spaO8HQsu,18581,292,4,1.0,Qwen3-8B,5,random,random
R_24Hi90spaO8HQsu,37125,594,0,0.0,Qwen3-8B,3,random,random
R_24Hi90spaO8HQsu,51066,811,0,0.0,Qwen3-8B,1,random,random
R_24Hi90spaO8HQsu,55961,883,2,1.0,Qwen3-8B,1,random,random
R_24Hi90spaO8HQsu,64985,1028,0,0.0,Qwen3-8B,3,random,random
R_24Hi90spaO8HQsu,66214,1047,0,0.0,Qwen3-8B,1,random,random
R_24Hi90spaO8HQsu,69882,1110,1,0.0,Qwen3-8B,3,random,random
R_24Hi90spaO8HQsu,81198,1509,0,0.0,Qwen3-8B,2,social-group,jewish
R_24Hi90spaO8HQsu,81219,1510,1,0.0,Qwen3-8B,4,social-group,christian
R_24Hi90spaO8HQsu,81240,1511,0,0.0,Qwen3-8B,1,random,random
R_24Hi90spaO8HQsu,81261,1512,0,0.0,Qwen3-8B,4,moral,loyalty
R_24Hi90spaO8HQsu,81282,1513,0,0.0,Qwen3-8B,5,social-group,muslim
R_24Hi90spaO8HQsu,81303,1514,2,1.0,Qwen3-8B,4,social-group,christian
R_24Hi90spaO8HQsu,81324,1515,3,1.0,Qwen3-8B,5,social-group,muslim
R_24Hi90spaO8HQsu,81345,1516,0,0.0,Qwen3-8B,1,moral,authority
R_24Hi90spaO8HQsu,81366,1517,1,0.0,Qwen3-8B,2,random,random
R_24Hi90spaO8HQsu,81445,1518,0,0.0,Qwen3-8B,1,moral,purity
R_24Hi90spaO8HQsu,81445,1518,0,0.0,Qwen3-8B,1,moral,loyalty
R_24Hi90spaO8HQsu,81445,1518,0,0.0,Qwen3-8B,1,moral,purity
R_24Hi90spaO8HQsu,81445,1518,0,0.0,Qwen3-8B,1,moral,loyalty
R_24Hi90spaO8HQsu,81471,1519,0,0.0,Qwen3-8B,3,moral,authority
R_24Hi90spaO8HQsu,81492,1520,0,0.0,Qwen3-8B,3,social-group,jewish
R_24Hi90spaO8HQsu,81513,1521,0,0.0,Qwen3-8B,1,social-group,transgender
R_24Hi90spaO8HQsu,81534,1522,0,0.0,Qwen3-8B,4,social-group,jewish
R_24Hi90spaO8HQsu,81555,1523,0,0.0,Qwen3-8B,4,social-group,LGB
R_24Hi90spaO8HQsu,81576,1524,0,0.0,Qwen3-8B,1,social-group,christian
R_24Hi90spaO8HQsu,81597,1525,0,0.0,Qwen3-8B,2,random,random
R_24Hi90spaO8HQsu,81618,1526,2,1.0,Qwen3-8B,2,random,random
R_24Hi90spaO8HQsu,81639,1527,0,0.0,Qwen3-8B,1,moral,authority
R_24Hi90spaO8HQsu,81660,1528,3,1.0,Qwen3-8B,3,moral,purity
R_24Hi90spaO8HQsu,81681,1529,2,1.0,Qwen3-8B,3,social-group,christian
R_24Hi90spaO8HQsu,81702,1530,2,1.0,Qwen3-8B,5,social-group,jewish
R_24Hi90spaO8HQsu,81723,1531,0,0.0,Qwen3-8B,1,moral,purity
R_24Hi90spaO8HQsu,81744,1532,1,0.0,Qwen3-8B,2,random,random
R_24Hi90spaO8HQsu,81788,1533,2,1.0,Qwen3-8B,3,moral,fairness
R_24Hi90spaO8HQsu,81811,1534,0,0.0,Qwen3-8B,1,random,random
R_2dDSoJ5DExmylZ6,10175,164,0,0.0,Qwen3-8B,3,random,random
R_2dDSoJ5DExmylZ6,22569,353,0,0.0,Qwen3-8B,1,random,random
R_2dDSoJ5DExmylZ6,22693,355,0,0.0,Qwen3-8B,1,random,random
R_2dDSoJ5DExmylZ6,29574,474,0,0.0,Qwen3-8B,1,random,random
R_2dDSoJ5DExmylZ6,31148,497,0,0.0,Qwen3-8B,1,random,random
R_2dDSoJ5DExmylZ6,31210,498,0,0.0,Qwen3-8B,3,random,random
R_2dDSoJ5DExmylZ6,47981,765,1,0.0,Qwen3-8B,3,random,random
R_2dDSoJ5DExmylZ6,49992,794,2,1.0,Qwen3-8B,4,random,random
R_2dDSoJ5DExmylZ6,50676,805,0,0.0,Qwen3-8B,2,random,random
R_2dDSoJ5DExmylZ6,62238,986,0,0.0,Qwen3-8B,1,random,random
R_2dDSoJ5DExmylZ6,142026,4068,3,1.0,Qwen3-8B,2,social-group,jewish
R_2dDSoJ5DExmylZ6,142049,4069,0,0.0,Qwen3-8B,4,social-group,LGB
R_2dDSoJ5DExmylZ6,142072,4070,0,0.0,Qwen3-8B,4,social-group,jewish
R_2dDSoJ5DExmylZ6,142095,4071,0,0.0,Qwen3-8B,4,social-group,jewish
R_2dDSoJ5DExmylZ6,142118,4072,1,0.0,Qwen3-8B,3,social-group,jewish
R_2dDSoJ5DExmylZ6,142141,4073,1,0.0,Qwen3-8B,5,social-group,LGB
R_2dDSoJ5DExmylZ6,142164,4074,0,0.0,Qwen3-8B,1,social-group,christian
R_2dDSoJ5DExmylZ6,142187,4075,0,0.0,Qwen3-8B,3,social-group,jewish
R_2dDSoJ5DExmylZ6,142210,4076,0,0.0,Qwen3-8B,3,social-group,muslim
R_2dDSoJ5DExmylZ6,142233,4077,0,0.0,Qwen3-8B,1,social-group,transgender
R_2dDSoJ5DExmylZ6,142256,4078,0,0.0,Qwen3-8B,2,social-group,LGB
R_2dDSoJ5DExmylZ6,142279,4079,0,0.0,Qwen3-8B,2,social-group,LGB
R_2dDSoJ5DExmylZ6,142302,4080,1,0.0,Qwen3-8B,5,social-group,LGB
R_2dDSoJ5DExmylZ6,142325,4081,0,0.0,Qwen3-8B,1,social-group,LGB
R_2dDSoJ5DExmylZ6,142348,4082,2,1.0,Qwen3-8B,4,social-group,LGB
R_2dDSoJ5DExmylZ6,142371,4083,0,0.0,Qwen3-8B,1,moral,purity
R_2dDSoJ5DExmylZ6,142394,4084,2,1.0,Qwen3-8B,4,social-group,LGB
R_2dDSoJ5DExmylZ6,142417,4085,1,0.0,Qwen3-8B,4,social-group,jewish
R_2dDSoJ5DExmylZ6,142440,4086,0,0.0,Qwen3-8B,2,random,random
R_2dDSoJ5DExmylZ6,142463,4087,0,0.0,Qwen3-8B,2,social-group,christian
R_2dDSoJ5DExmylZ6,142486,4088,3,1.0,Qwen3-8B,5,social-group,transgender
R_2dDSoJ5DExmylZ6,142509,4089,0,0.0,Qwen3-8B,4,social-group,jewish
R_2dDSoJ5DExmylZ6,142532,4090,0,0.0,Qwen3-8B,4,social-group,transgender
R_2dDSoJ5DExmylZ6,142555,4091,0,0.0,Qwen3-8B,1,moral,fairness
R_2dDSoJ5DExmylZ6,142578,4092,3,1.0,Qwen3-8B,5,social-group,jewish
R_1Hc2wph7Jnzy9xu,10194,164,0,0.0,Qwen3-8B,3,random,random
R_1Hc2wph7Jnzy9xu,22584,353,0,0.0,Qwen3-8B,1,random,random
R_1Hc2wph7Jnzy9xu,22704,355,0,0.0,Qwen3-8B,1,random,random
R_1Hc2wph7Jnzy9xu,29594,474,0,0.0,Qwen3-8B,1,random,random
R_1Hc2wph7Jnzy9xu,31165,497,0,0.0,Qwen3-8B,1,random,random
R_1Hc2wph7Jnzy9xu,31227,498,0,0.0,Qwen3-8B,3,random,random
R_1Hc2wph7Jnzy9xu,48001,765,0,0.0,Qwen3-8B,3,random,random
R_1Hc2wph7Jnzy9xu,50005,794,0,0.0,Qwen3-8B,4,random,random
R_1Hc2wph7Jnzy9xu,50689,805,0,0.0,Qwen3-8B,2,random,random
R_1Hc2wph7Jnzy9xu,62258,986,0,0.0,Qwen3-8B,1,random,random
R_1Hc2wph7Jnzy9xu,142032,4068,0,0.0,Qwen3-8B,2,social-group,jewish
R_1Hc2wph7Jnzy9xu,142055,4069,0,0.0,Qwen3-8B,4,social-group,LGB
R_1Hc2wph7Jnzy9xu,142078,4070,0,0.0,Qwen3-8B,4,social-group,jewish
R_1Hc2wph7Jnzy9xu,142101,4071,1,0.0,Qwen3-8B,4,social-group,jewish
R_1Hc2wph7Jnzy9xu,142124,4072,0,0.0,Qwen3-8B,3,social-group,jewish
R_1Hc2wph7Jnzy9xu,142147,4073,0,0.0,Qwen3-8B,5,social-group,LGB
R_1Hc2wph7Jnzy9xu,142170,4074,0,0.0,Qwen3-8B,1,social-group,christian
R_1Hc2wph7Jnzy9xu,142193,4075,0,0.0,Qwen3-8B,3,social-group,jewish
R_1Hc2wph7Jnzy9xu,142216,4076,0,0.0,Qwen3-8B,3,social-group,muslim
R_1Hc2wph7Jnzy9xu,142239,4077,0,0.0,Qwen3-8B,1,social-group,transgender
R_1Hc2wph7Jnzy9xu,142262,4078,0,0.0,Qwen3-8B,2,social-group,LGB
R_1Hc2wph7Jnzy9xu,142285,4079,0,0.0,Qwen3-8B,2,social-group,LGB
R_1Hc2wph7Jnzy9xu,142308,4080,0,0.0,Qwen3-8B,5,social-group,LGB
R_1Hc2wph7Jnzy9xu,142331,4081,0,0.0,Qwen3-8B,1,social-group,LGB
R_1Hc2wph7Jnzy9xu,142354,4082,0,0.0,Qwen3-8B,4,social-group,LGB
R_1Hc2wph7Jnzy9xu,142377,4083,0,0.0,Qwen3-8B,1,moral,purity
R_1Hc2wph7Jnzy9xu,142400,4084,0,0.0,Qwen3-8B,4,social-group,LGB
R_1Hc2wph7Jnzy9xu,142423,4085,0,0.0,Qwen3-8B,4,social-group,jewish
R_1Hc2wph7Jnzy9xu,142446,4086,0,0.0,Qwen3-8B,2,random,random
R_1Hc2wph7Jnzy9xu,142469,4087,0,0.0,Qwen3-8B,2,social-group,christian
R_1Hc2wph7Jnzy9xu,142492,4088,0,0.0,Qwen3-8B,5,social-group,transgender
R_1Hc2wph7Jnzy9xu,142515,4089,0,0.0,Qwen3-8B,4,social-group,jewish
R_1Hc2wph7Jnzy9xu,142538,4090,0,0.0,Qwen3-8B,4,social-group,transgender
R_1Hc2wph7Jnzy9xu,142561,4091,0,0.0,Qwen3-8B,1,moral,fairness
R_1Hc2wph7Jnzy9xu,142584,4092,1,0.0,Qwen3-8B,5,social-group,jewish
R_BP6rFM8nmxNbuil,10211,164,1,0.0,Qwen3-8B,3,random,random
R_BP6rFM8nmxNbuil,22604,353,-1,,Qwen3-8B,1,random,random
R_BP6rFM8nmxNbuil,22726,355,0,0.0,Qwen3-8B,1,random,random
R_BP6rFM8nmxNbuil,29617,474,1,0.0,Qwen3-8B,1,random,random
R_BP6rFM8nmxNbuil,31187,497,0,0.0,Qwen3-8B,1,random,random
R_BP6rFM8nmxNbuil,31249,498,0,0.0,Qwen3-8B,3,random,random
R_BP6rFM8nmxNbuil,48028,765,2,1.0,Qwen3-8B,3,random,random
R_BP6rFM8nmxNbuil,50029,794,2,1.0,Qwen3-8B,4,random,random
R_BP6rFM8nmxNbuil,50713,805,0,0.0,Qwen3-8B,2,random,random
R_BP6rFM8nmxNbuil,62279,986,0,0.0,Qwen3-8B,1,random,random
R_BP6rFM8nmxNbuil,142040,4068,3,1.0,Qwen3-8B,2,social-group,jewish
R_BP6rFM8nmxNbuil,142063,4069,1,0.0,Qwen3-8B,4,social-group,LGB
R_BP6rFM8nmxNbuil,142086,4070,1,0.0,Qwen3-8B,4,social-group,jewish
R_BP6rFM8nmxNbuil,142109,4071,0,0.0,Qwen3-8B,4,social-group,jewish
R_BP6rFM8nmxNbuil,142132,4072,1,0.0,Qwen3-8B,3,social-group,jewish
R_BP6rFM8nmxNbuil,142155,4073,4,1.0,Qwen3-8B,5,social-group,LGB
R_BP6rFM8nmxNbuil,142178,4074,0,0.0,Qwen3-8B,1,social-group,christian
R_BP6rFM8nmxNbuil,142201,4075,0,0.0,Qwen3-8B,3,social-group,jewish
R_BP6rFM8nmxNbuil,142224,4076,0,0.0,Qwen3-8B,3,social-group,muslim
R_BP6rFM8nmxNbuil,142247,4077,0,0.0,Qwen3-8B,1,social-group,transgender
R_BP6rFM8nmxNbuil,142270,4078,0,0.0,Qwen3-8B,2,social-group,LGB
R_BP6rFM8nmxNbuil,142293,4079,0,0.0,Qwen3-8B,2,social-group,LGB
R_BP6rFM8nmxNbuil,142316,4080,4,1.0,Qwen3-8B,5,social-group,LGB
R_BP6rFM8nmxNbuil,142339,4081,-1,,Qwen3-8B,1,social-group,LGB
R_BP6rFM8nmxNbuil,142362,4082,3,1.0,Qwen3-8B,4,social-group,LGB
R_BP6rFM8nmxNbuil,142385,4083,0,0.0,Qwen3-8B,1,moral,purity
R_BP6rFM8nmxNbuil,142408,4084,-1,,Qwen3-8B,4,social-group,LGB
R_BP6rFM8nmxNbuil,142431,4085,1,0.0,Qwen3-8B,4,social-group,jewish
R_BP6rFM8nmxNbuil,142454,4086,0,0.0,Qwen3-8B,2,random,random
R_BP6rFM8nmxNbuil,142477,4087,1,0.0,Qwen3-8B,2,social-group,christian
R_BP6rFM8nmxNbuil,142500,4088,4,1.0,Qwen3-8B,5,social-group,transgender
R_BP6rFM8nmxNbuil,142523,4089,1,0.0,Qwen3-8B,4,social-group,jewish
R_BP6rFM8nmxNbuil,142546,4090,0,0.0,Qwen3-8B,4,social-group,transgender
R_BP6rFM8nmxNbuil,142569,4091,0,0.0,Qwen3-8B,1,moral,fairness
R_BP6rFM8nmxNbuil,142592,4092,0,0.0,Qwen3-8B,5,social-group,jewish
R_54to1WFdOhxyjdL,10407,168,0,0.0,Qwen3-8B,1,random,random
R_54to1WFdOhxyjdL,16682,262,0,0.0,Qwen3-8B,2,random,random
R_54to1WFdOhxyjdL,22268,348,4,1.0,Qwen3-8B,4,random,random
R_54to1WFdOhxyjdL,36611,586,4,1.0,Qwen3-8B,5,random,random
R_54to1WFdOhxyjdL,39996,643,3,1.0,Qwen3-8B,4,random,random
R_54to1WFdOhxyjdL,61366,970,1,0.0,Qwen3-8B,3,random,random
R_54to1WFdOhxyjdL,61475,972,3,1.0,Qwen3-8B,2,random,random
R_54to1WFdOhxyjdL,70726,1126,3,1.0,Qwen3-8B,1,random,random
R_54to1WFdOhxyjdL,87787,1778,1,0.0,Qwen3-8B,1,random,random
R_54to1WFdOhxyjdL,87810,1779,4,1.0,Qwen3-8B,5,social-group,muslim
R_54to1WFdOhxyjdL,87833,1780,0,0.0,Qwen3-8B,4,random,random
R_54to1WFdOhxyjdL,87856,1781,4,1.0,Qwen3-8B,5,social-group,LGB
R_54to1WFdOhxyjdL,87879,1782,0,0.0,Qwen3-8B,3,social-group,LGB
R_54to1WFdOhxyjdL,87902,1783,0,0.0,Qwen3-8B,3,social-group,LGB
R_54to1WFdOhxyjdL,87945,1784,0,0.0,Qwen3-8B,1,moral,loyalty
R_54to1WFdOhxyjdL,87945,1784,0,0.0,Qwen3-8B,1,moral,authority
R_54to1WFdOhxyjdL,87945,1784,0,0.0,Qwen3-8B,1,moral,loyalty
R_54to1WFdOhxyjdL,87945,1784,0,0.0,Qwen3-8B,1,moral,authority
R_54to1WFdOhxyjdL,88021,1785,0,0.0,Qwen3-8B,2,moral,authority
R_54to1WFdOhxyjdL,88060,1786,2,1.0,Qwen3-8B,4,social-group,christian
R_54to1WFdOhxyjdL,88083,1787,0,0.0,Qwen3-8B,2,random,random
R_54to1WFdOhxyjdL,88106,1788,0,0.0,Qwen3-8B,3,social-group,LGB
R_54to1WFdOhxyjdL,88129,1789,1,0.0,Qwen3-8B,2,random,random
R_54to1WFdOhxyjdL,88152,1790,0,0.0,Qwen3-8B,3,social-group,muslim
R_54to1WFdOhxyjdL,88175,1791,4,1.0,Qwen3-8B,3,social-group,jewish
R_54to1WFdOhxyjdL,88198,1792,3,1.0,Qwen3-8B,2,random,random
R_54to1WFdOhxyjdL,88221,1793,4,1.0,Qwen3-8B,3,social-group,christian
R_54to1WFdOhxyjdL,88244,1794,4,1.0,Qwen3-8B,4,social-group,muslim
R_54to1WFdOhxyjdL,88267,1795,3,1.0,Qwen3-8B,4,random,random
R_54to1WFdOhxyjdL,88290,1796,1,0.0,Qwen3-8B,1,social-group,muslim
R_54to1WFdOhxyjdL,88313,1797,4,1.0,Qwen3-8B,2,social-group,christian
R_54to1WFdOhxyjdL,88336,1798,4,1.0,Qwen3-8B,4,random,random
R_54to1WFdOhxyjdL,88359,1799,4,1.0,Qwen3-8B,5,social-group,jewish
R_54to1WFdOhxyjdL,88382,1800,4,1.0,Qwen3-8B,5,social-group,transgender
R_54to1WFdOhxyjdL,88405,1801,0,0.0,Qwen3-8B,4,moral,care
R_54to1WFdOhxyjdL,88428,1802,4,1.0,Qwen3-8B,5,social-group,muslim
R_54to1WFdOhxyjdL,88451,1803,0,0.0,Qwen3-8B,1,moral,fairness
R_54to1WFdOhxyjdL,88474,1804,0,0.0,Qwen3-8B,3,social-group,christian
R_2eQ3HlMHh7F2Snv,10416,168,0,0.0,Qwen3-8B,1,random,random
R_2eQ3HlMHh7F2Snv,16691,262,-1,,Qwen3-8B,2,random,random
R_2eQ3HlMHh7F2Snv,22276,348,1,0.0,Qwen3-8B,4,random,random
R_2eQ3HlMHh7F2Snv,36620,586,4,1.0,Qwen3-8B,5,random,random
R_2eQ3HlMHh7F2Snv,40002,643,2,1.0,Qwen3-8B,4,random,random
R_2eQ3HlMHh7F2Snv,61372,970,0,0.0,Qwen3-8B,3,random,random
R_2eQ3HlMHh7F2Snv,61481,972,1,0.0,Qwen3-8B,2,random,random
R_2eQ3HlMHh7F2Snv,70732,1126,0,0.0,Qwen3-8B,1,random,random
R_2eQ3HlMHh7F2Snv,87790,1778,2,1.0,Qwen3-8B,1,random,random
R_2eQ3HlMHh7F2Snv,87813,1779,4,1.0,Qwen3-8B,5,social-group,muslim
R_2eQ3HlMHh7F2Snv,87836,1780,4,1.0,Qwen3-8B,4,random,random
R_2eQ3HlMHh7F2Snv,87859,1781,2,1.0,Qwen3-8B,5,social-group,LGB
R_2eQ3HlMHh7F2Snv,87882,1782,0,0.0,Qwen3-8B,3,social-group,LGB
R_2eQ3HlMHh7F2Snv,87905,1783,4,1.0,Qwen3-8B,3,social-group,LGB
R_2eQ3HlMHh7F2Snv,87951,1784,0,0.0,Qwen3-8B,1,moral,loyalty
R_2eQ3HlMHh7F2Snv,87951,1784,0,0.0,Qwen3-8B,1,moral,authority
R_2eQ3HlMHh7F2Snv,87951,1784,0,0.0,Qwen3-8B,1,moral,loyalty
R_2eQ3HlMHh7F2Snv,87951,1784,0,0.0,Qwen3-8B,1,moral,authority
R_2eQ3HlMHh7F2Snv,88027,1785,1,0.0,Qwen3-8B,2,moral,authority
R_2eQ3HlMHh7F2Snv,88063,1786,2,1.0,Qwen3-8B,4,social-group,christian
R_2eQ3HlMHh7F2Snv,88086,1787,1,0.0,Qwen3-8B,2,random,random
R_2eQ3HlMHh7F2Snv,88109,1788,0,0.0,Qwen3-8B,3,social-group,LGB
R_2eQ3HlMHh7F2Snv,88132,1789,0,0.0,Qwen3-8B,2,random,random
R_2eQ3HlMHh7F2Snv,88155,1790,1,0.0,Qwen3-8B,3,social-group,muslim
R_2eQ3HlMHh7F2Snv,88178,1791,0,0.0,Qwen3-8B,3,social-group,jewish
R_2eQ3HlMHh7F2Snv,88201,1792,1,0.0,Qwen3-8B,2,random,random
R_2eQ3HlMHh7F2Snv,88224,1793,2,1.0,Qwen3-8B,3,social-group,christian
R_2eQ3HlMHh7F2Snv,88247,1794,2,1.0,Qwen3-8B,4,social-group,muslim
R_2eQ3HlMHh7F2Snv,88270,1795,2,1.0,Qwen3-8B,4,random,random
R_2eQ3HlMHh7F2Snv,88293,1796,1,0.0,Qwen3-8B,1,social-group,muslim
R_2eQ3HlMHh7F2Snv,88316,1797,0,0.0,Qwen3-8B,2,social-group,christian
R_2eQ3HlMHh7F2Snv,88339,1798,1,0.0,Qwen3-8B,4,random,random
R_2eQ3HlMHh7F2Snv,88362,1799,2,1.0,Qwen3-8B,5,social-group,jewish
R_2eQ3HlMHh7F2Snv,88385,1800,4,1.0,Qwen3-8B,5,social-group,transgender
R_2eQ3HlMHh7F2Snv,88408,1801,2,1.0,Qwen3-8B,4,moral,care
R_2eQ3HlMHh7F2Snv,88431,1802,3,1.0,Qwen3-8B,5,social-group,muslim
R_2eQ3HlMHh7F2Snv,88454,1803,1,0.0,Qwen3-8B,1,moral,fairness
R_2eQ3HlMHh7F2Snv,88477,1804,1,0.0,Qwen3-8B,3,social-group,christian
R_1gOoyVrWur3BRuN,10502,169,0,0.0,Qwen3-8B,3,random,random
R_1gOoyVrWur3BRuN,21656,339,0,0.0,Qwen3-8B,2,random,random
R_1gOoyVrWur3BRuN,35654,569,0,0.0,Qwen3-8B,3,random,random
R_1gOoyVrWur3BRuN,36474,583,0,0.0,Qwen3-8B,2,random,random
R_1gOoyVrWur3BRuN,38248,613,0,0.0,Qwen3-8B,3,random,random
R_1gOoyVrWur3BRuN,43849,705,-1,,Qwen3-8B,5,random,random
R_1gOoyVrWur3BRuN,47171,753,0,0.0,Qwen3-8B,3,random,random
R_1gOoyVrWur3BRuN,59039,927,1,0.0,Qwen3-8B,1,random,random
R_1gOoyVrWur3BRuN,66790,1056,0,0.0,Qwen3-8B,2,random,random
R_1gOoyVrWur3BRuN,107370,2584,0,0.0,Qwen3-8B,2,social-group,transgender
R_1gOoyVrWur3BRuN,107392,2585,1,0.0,Qwen3-8B,5,social-group,jewish
R_1gOoyVrWur3BRuN,107414,2586,0,0.0,Qwen3-8B,3,random,random
R_1gOoyVrWur3BRuN,107436,2587,0,0.0,Qwen3-8B,4,social-group,transgender
R_1gOoyVrWur3BRuN,107458,2588,0,0.0,Qwen3-8B,3,social-group,LGB
R_1gOoyVrWur3BRuN,107480,2589,0,0.0,Qwen3-8B,3,social-group,jewish
R_1gOoyVrWur3BRuN,107502,2590,0,0.0,Qwen3-8B,1,moral,authority
R_1gOoyVrWur3BRuN,107524,2591,0,0.0,Qwen3-8B,5,social-group,transgender
R_1gOoyVrWur3BRuN,107546,2592,-1,,Qwen3-8B,1,social-group,christian
R_1gOoyVrWur3BRuN,107568,2593,0,0.0,Qwen3-8B,1,social-group,transgender
R_1gOoyVrWur3BRuN,107590,2594,0,0.0,Qwen3-8B,4,social-group,jewish
R_1gOoyVrWur3BRuN,107612,2595,0,0.0,Qwen3-8B,5,social-group,christian
R_1gOoyVrWur3BRuN,107634,2596,0,0.0,Qwen3-8B,3,social-group,LGB
R_1gOoyVrWur3BRuN,107656,2597,0,0.0,Qwen3-8B,1,social-group,christian
R_1gOoyVrWur3BRuN,107678,2598,1,0.0,Qwen3-8B,4,social-group,christian
R_1gOoyVrWur3BRuN,107700,2599,-1,,Qwen3-8B,1,social-group,LGB
R_1gOoyVrWur3BRuN,107722,2600,0,0.0,Qwen3-8B,5,social-group,muslim
R_1gOoyVrWur3BRuN,107744,2601,1,0.0,Qwen3-8B,5,social-group,LGB
R_1gOoyVrWur3BRuN,107766,2602,1,0.0,Qwen3-8B,1,moral,authority
R_1gOoyVrWur3BRuN,107788,2603,3,1.0,Qwen3-8B,5,social-group,LGB
R_1gOoyVrWur3BRuN,107810,2604,0,0.0,Qwen3-8B,3,social-group,jewish
R_1gOoyVrWur3BRuN,107832,2605,0,0.0,Qwen3-8B,2,random,random
R_1gOoyVrWur3BRuN,107854,2606,1,0.0,Qwen3-8B,3,random,random
R_1gOoyVrWur3BRuN,107876,2607,2,1.0,Qwen3-8B,5,social-group,jewish
R_1gOoyVrWur3BRuN,107898,2608,0,0.0,Qwen3-8B,2,social-group,muslim
R_1gOoyVrWur3BRuN,107920,2609,0,0.0,Qwen3-8B,1,social-group,christian
R_3hrq8c0ejHQUGtl,10872,176,0,0.0,Qwen3-8B,2,random,random
R_3hrq8c0ejHQUGtl,27641,440,4,1.0,Qwen3-8B,2,random,random
R_3hrq8c0ejHQUGtl,27744,442,1,0.0,Qwen3-8B,3,random,random
R_3hrq8c0ejHQUGtl,50055,795,4,1.0,Qwen3-8B,2,random,random
R_3hrq8c0ejHQUGtl,50302,799,4,1.0,Qwen3-8B,4,random,random
R_3hrq8c0ejHQUGtl,51718,820,0,0.0,Qwen3-8B,1,random,random
R_3hrq8c0ejHQUGtl,56062,885,0,0.0,Qwen3-8B,3,random,random
R_3hrq8c0ejHQUGtl,59172,930,-1,,Qwen3-8B,1,random,random
R_3hrq8c0ejHQUGtl,68819,1091,4,1.0,Qwen3-8B,2,random,random
R_3hrq8c0ejHQUGtl,77878,1373,3,1.0,Qwen3-8B,3,social-group,transgender
R_3hrq8c0ejHQUGtl,77901,1374,4,1.0,Qwen3-8B,4,social-group,christian
R_3hrq8c0ejHQUGtl,77924,1375,4,1.0,Qwen3-8B,2,random,random
R_3hrq8c0ejHQUGtl,77947,1376,0,0.0,Qwen3-8B,1,random,random
R_3hrq8c0ejHQUGtl,77970,1377,0,0.0,Qwen3-8B,4,social-group,muslim
R_3hrq8c0ejHQUGtl,77993,1378,4,1.0,Qwen3-8B,1,social-group,LGB
R_3hrq8c0ejHQUGtl,78016,1379,4,1.0,Qwen3-8B,5,social-group,transgender
R_3hrq8c0ejHQUGtl,78039,1380,0,0.0,Qwen3-8B,2,random,random
R_3hrq8c0ejHQUGtl,78062,1381,0,0.0,Qwen3-8B,5,social-group,christian
R_3hrq8c0ejHQUGtl,78085,1382,0,0.0,Qwen3-8B,3,social-group,transgender
R_3hrq8c0ejHQUGtl,78108,1383,0,0.0,Qwen3-8B,3,moral,purity
R_3hrq8c0ejHQUGtl,78131,1384,4,1.0,Qwen3-8B,5,social-group,muslim
R_3hrq8c0ejHQUGtl,78163,1385,4,1.0,Qwen3-8B,3,moral,care
R_3hrq8c0ejHQUGtl,78201,1386,0,0.0,Qwen3-8B,2,random,random
R_3hrq8c0ejHQUGtl,78224,1387,4,1.0,Qwen3-8B,2,social-group,jewish
R_3hrq8c0ejHQUGtl,78247,1388,4,1.0,Qwen3-8B,5,social-group,jewish
R_3hrq8c0ejHQUGtl,78270,1389,0,0.0,Qwen3-8B,5,social-group,christian
R_3hrq8c0ejHQUGtl,78293,1390,0,0.0,Qwen3-8B,3,social-group,transgender
R_3hrq8c0ejHQUGtl,78316,1391,4,1.0,Qwen3-8B,5,social-group,muslim
R_3hrq8c0ejHQUGtl,78339,1392,0,0.0,Qwen3-8B,3,social-group,LGB
R_3hrq8c0ejHQUGtl,78362,1393,4,1.0,Qwen3-8B,4,social-group,muslim
R_3hrq8c0ejHQUGtl,78385,1394,4,1.0,Qwen3-8B,5,social-group,jewish
R_3hrq8c0ejHQUGtl,78408,1395,0,0.0,Qwen3-8B,1,random,random
R_3hrq8c0ejHQUGtl,78431,1396,0,0.0,Qwen3-8B,2,random,random
R_3hrq8c0ejHQUGtl,78454,1397,0,0.0,Qwen3-8B,2,random,random
R_3hrq8c0ejHQUGtl,78477,1398,0,0.0,Qwen3-8B,3,social-group,muslim
R_WDTCtHCHQrv2GfD,11114,180,-1,,Qwen3-8B,1,random,random
R_WDTCtHCHQrv2GfD,11176,181,1,0.0,Qwen3-8B,3,random,random
R_WDTCtHCHQrv2GfD,11223,182,1,0.0,Qwen3-8B,3,random,random
R_WDTCtHCHQrv2GfD,11279,183,3,1.0,Qwen3-8B,3,random,random
R_WDTCtHCHQrv2GfD,11350,184,2,1.0,Qwen3-8B,2,random,random
R_WDTCtHCHQrv2GfD,11421,185,0,0.0,Qwen3-8B,2,random,random
R_WDTCtHCHQrv2GfD,11491,186,2,1.0,Qwen3-8B,5,random,random
R_WDTCtHCHQrv2GfD,11563,187,4,1.0,Qwen3-8B,4,random,random
R_WDTCtHCHQrv2GfD,11634,188,0,0.0,Qwen3-8B,5,random,random
R_WDTCtHCHQrv2GfD,11704,189,0,0.0,Qwen3-8B,3,random,random
R_WDTCtHCHQrv2GfD,11772,190,0,0.0,Qwen3-8B,3,random,random
R_WDTCtHCHQrv2GfD,11841,191,0,0.0,Qwen3-8B,1,random,random
R_WDTCtHCHQrv2GfD,11910,192,4,1.0,Qwen3-8B,4,random,random
R_WDTCtHCHQrv2GfD,11981,193,0,0.0,Qwen3-8B,3,random,random
R_WDTCtHCHQrv2GfD,12052,194,0,0.0,Qwen3-8B,2,random,random
R_WDTCtHCHQrv2GfD,12123,195,0,0.0,Qwen3-8B,1,random,random
R_WDTCtHCHQrv2GfD,12194,196,0,0.0,Qwen3-8B,1,random,random
R_WDTCtHCHQrv2GfD,12266,197,3,1.0,Qwen3-8B,3,random,random
R_WDTCtHCHQrv2GfD,12336,198,0,0.0,Qwen3-8B,1,random,random
R_WDTCtHCHQrv2GfD,12405,199,0,0.0,Qwen3-8B,3,random,random
R_WDTCtHCHQrv2GfD,12475,200,0,0.0,Qwen3-8B,2,random,random
R_WDTCtHCHQrv2GfD,12545,201,0,0.0,Qwen3-8B,3,random,random
R_WDTCtHCHQrv2GfD,12614,202,0,0.0,Qwen3-8B,2,random,random
R_WDTCtHCHQrv2GfD,12685,203,1,0.0,Qwen3-8B,3,random,random
R_WDTCtHCHQrv2GfD,12754,204,0,0.0,Qwen3-8B,4,random,random
R_WDTCtHCHQrv2GfD,12824,205,0,0.0,Qwen3-8B,5,random,random
R_WDTCtHCHQrv2GfD,12895,206,0,0.0,Qwen3-8B,2,random,random
R_WDTCtHCHQrv2GfD,12965,207,0,0.0,Qwen3-8B,2,random,random
R_WDTCtHCHQrv2GfD,13036,208,2,1.0,Qwen3-8B,5,random,random
R_WDTCtHCHQrv2GfD,13104,209,0,0.0,Qwen3-8B,1,random,random
R_WDTCtHCHQrv2GfD,13175,210,1,0.0,Qwen3-8B,2,random,random
R_WDTCtHCHQrv2GfD,13246,211,0,0.0,Qwen3-8B,3,random,random
R_WDTCtHCHQrv2GfD,13315,212,0,0.0,Qwen3-8B,1,random,random
R_WDTCtHCHQrv2GfD,13384,213,0,0.0,Qwen3-8B,3,random,random
R_WDTCtHCHQrv2GfD,13456,214,0,0.0,Qwen3-8B,2,random,random
R_d717tkoecHYdtgR,11283,183,0,0.0,Qwen3-8B,3,random,random
R_d717tkoecHYdtgR,12618,202,0,0.0,Qwen3-8B,2,random,random
R_d717tkoecHYdtgR,20005,314,0,0.0,Qwen3-8B,2,random,random
R_d717tkoecHYdtgR,21052,331,1,0.0,Qwen3-8B,2,random,random
R_d717tkoecHYdtgR,42360,682,0,0.0,Qwen3-8B,3,random,random
R_d717tkoecHYdtgR,46429,743,0,0.0,Qwen3-8B,1,random,random
R_d717tkoecHYdtgR,82613,1566,3,1.0,Qwen3-8B,4,social-group,muslim
R_d717tkoecHYdtgR,82637,1567,3,1.0,Qwen3-8B,2,social-group,LGB
R_d717tkoecHYdtgR,82661,1568,4,1.0,Qwen3-8B,4,social-group,jewish
R_d717tkoecHYdtgR,82685,1569,0,0.0,Qwen3-8B,1,random,random
R_d717tkoecHYdtgR,82709,1570,4,1.0,Qwen3-8B,3,social-group,christian
R_d717tkoecHYdtgR,82733,1571,0,0.0,Qwen3-8B,4,social-group,transgender
R_d717tkoecHYdtgR,82757,1572,3,1.0,Qwen3-8B,3,moral,fairness
R_d717tkoecHYdtgR,82781,1573,0,0.0,Qwen3-8B,1,moral,loyalty
R_d717tkoecHYdtgR,82805,1574,4,1.0,Qwen3-8B,4,social-group,muslim
R_d717tkoecHYdtgR,82829,1575,2,1.0,Qwen3-8B,4,social-group,christian
R_d717tkoecHYdtgR,82853,1576,0,0.0,Qwen3-8B,3,random,random
R_d717tkoecHYdtgR,82877,1577,0,0.0,Qwen3-8B,1,moral,fairness
R_d717tkoecHYdtgR,82901,1578,4,1.0,Qwen3-8B,2,social-group,muslim
R_d717tkoecHYdtgR,82925,1579,4,1.0,Qwen3-8B,5,social-group,jewish
R_d717tkoecHYdtgR,82949,1580,1,0.0,Qwen3-8B,3,social-group,jewish
R_d717tkoecHYdtgR,82973,1581,4,1.0,Qwen3-8B,5,social-group,jewish
R_d717tkoecHYdtgR,82997,1582,1,0.0,Qwen3-8B,5,social-group,jewish
R_d717tkoecHYdtgR,83021,1583,0,0.0,Qwen3-8B,3,social-group,LGB
R_d717tkoecHYdtgR,83045,1584,0,0.0,Qwen3-8B,5,social-group,transgender
R_d717tkoecHYdtgR,83069,1585,0,0.0,Qwen3-8B,3,social-group,christian
R_d717tkoecHYdtgR,83093,1586,0,0.0,Qwen3-8B,5,social-group,jewish
R_d717tkoecHYdtgR,83117,1587,0,0.0,Qwen3-8B,3,social-group,jewish
R_d717tkoecHYdtgR,83141,1588,0,0.0,Qwen3-8B,2,social-group,LGB
R_d717tkoecHYdtgR,83165,1589,0,0.0,Qwen3-8B,3,social-group,transgender
R_d717tkoecHYdtgR,83189,1590,2,1.0,Qwen3-8B,3,social-group,muslim
R_d717tkoecHYdtgR,83213,1591,0,0.0,Qwen3-8B,3,social-group,muslim
R_d717tkoecHYdtgR,83237,1592,1,0.0,Qwen3-8B,5,social-group,LGB
R_d717tkoecHYdtgR,83261,1593,4,1.0,Qwen3-8B,5,social-group,transgender
R_d717tkoecHYdtgR,83285,1594,0,0.0,Qwen3-8B,1,moral,care
R_1lnlbu6oJ51cPWE,11299,183,1,0.0,Qwen3-8B,3,random,random
R_1lnlbu6oJ51cPWE,12634,202,0,0.0,Qwen3-8B,2,random,random
R_1lnlbu6oJ51cPWE,20017,314,1,0.0,Qwen3-8B,2,random,random
R_1lnlbu6oJ51cPWE,21063,331,1,0.0,Qwen3-8B,2,random,random
R_1lnlbu6oJ51cPWE,42378,682,4,1.0,Qwen3-8B,3,random,random
R_1lnlbu6oJ51cPWE,46449,743,0,0.0,Qwen3-8B,1,random,random
R_1lnlbu6oJ51cPWE,82618,1566,2,1.0,Qwen3-8B,4,social-group,muslim
R_1lnlbu6oJ51cPWE,82642,1567,0,0.0,Qwen3-8B,2,social-group,LGB
R_1lnlbu6oJ51cPWE,82666,1568,2,1.0,Qwen3-8B,4,social-group,jewish
R_1lnlbu6oJ51cPWE,82690,1569,1,0.0,Qwen3-8B,1,random,random
R_1lnlbu6oJ51cPWE,82714,1570,1,0.0,Qwen3-8B,3,social-group,christian
R_1lnlbu6oJ51cPWE,82738,1571,1,0.0,Qwen3-8B,4,social-group,transgender
R_1lnlbu6oJ51cPWE,82762,1572,1,0.0,Qwen3-8B,3,moral,fairness
R_1lnlbu6oJ51cPWE,82786,1573,0,0.0,Qwen3-8B,1,moral,loyalty
R_1lnlbu6oJ51cPWE,82810,1574,3,1.0,Qwen3-8B,4,social-group,muslim
R_1lnlbu6oJ51cPWE,82834,1575,1,0.0,Qwen3-8B,4,social-group,christian
R_1lnlbu6oJ51cPWE,82858,1576,2,1.0,Qwen3-8B,3,random,random
R_1lnlbu6oJ51cPWE,82882,1577,1,0.0,Qwen3-8B,1,moral,fairness
R_1lnlbu6oJ51cPWE,82906,1578,1,0.0,Qwen3-8B,2,social-group,muslim
R_1lnlbu6oJ51cPWE,82930,1579,2,1.0,Qwen3-8B,5,social-group,jewish
R_1lnlbu6oJ51cPWE,82954,1580,1,0.0,Qwen3-8B,3,social-group,jewish
R_1lnlbu6oJ51cPWE,82978,1581,1,0.0,Qwen3-8B,5,social-group,jewish
R_1lnlbu6oJ51cPWE,83002,1582,0,0.0,Qwen3-8B,5,social-group,jewish
R_1lnlbu6oJ51cPWE,83026,1583,3,1.0,Qwen3-8B,3,social-group,LGB
R_1lnlbu6oJ51cPWE,83050,1584,2,1.0,Qwen3-8B,5,social-group,transgender
R_1lnlbu6oJ51cPWE,83074,1585,1,0.0,Qwen3-8B,3,social-group,christian
R_1lnlbu6oJ51cPWE,83098,1586,1,0.0,Qwen3-8B,5,social-group,jewish
R_1lnlbu6oJ51cPWE,83122,1587,2,1.0,Qwen3-8B,3,social-group,jewish
R_1lnlbu6oJ51cPWE,83146,1588,1,0.0,Qwen3-8B,2,social-group,LGB
R_1lnlbu6oJ51cPWE,83170,1589,1,0.0,Qwen3-8B,3,social-group,transgender
R_1lnlbu6oJ51cPWE,83194,1590,0,0.0,Qwen3-8B,3,social-group,muslim
R_1lnlbu6oJ51cPWE,83218,1591,1,0.0,Qwen3-8B,3,social-group,muslim
R_1lnlbu6oJ51cPWE,83242,1592,0,0.0,Qwen3-8B,5,social-group,LGB
R_1lnlbu6oJ51cPWE,83266,1593,1,0.0,Qwen3-8B,5,social-group,transgender
R_1lnlbu6oJ51cPWE,83290,1594,0,0.0,Qwen3-8B,1,moral,care
R_uyW0ADGP7SFAkGl,11320,183,3,1.0,Qwen3-8B,3,random,random
R_uyW0ADGP7SFAkGl,12655,202,0,0.0,Qwen3-8B,2,random,random
R_uyW0ADGP7SFAkGl,20040,314,2,1.0,Qwen3-8B,2,random,random
R_uyW0ADGP7SFAkGl,21083,331,3,1.0,Qwen3-8B,2,random,random
R_uyW0ADGP7SFAkGl,42399,682,3,1.0,Qwen3-8B,3,random,random
R_uyW0ADGP7SFAkGl,46467,743,0,0.0,Qwen3-8B,1,random,random
R_uyW0ADGP7SFAkGl,82626,1566,2,1.0,Qwen3-8B,4,social-group,muslim
R_uyW0ADGP7SFAkGl,82650,1567,0,0.0,Qwen3-8B,2,social-group,LGB
R_uyW0ADGP7SFAkGl,82674,1568,-1,,Qwen3-8B,4,social-group,jewish
R_uyW0ADGP7SFAkGl,82698,1569,0,0.0,Qwen3-8B,1,random,random
R_uyW0ADGP7SFAkGl,82722,1570,2,1.0,Qwen3-8B,3,social-group,christian
R_uyW0ADGP7SFAkGl,82746,1571,3,1.0,Qwen3-8B,4,social-group,transgender
R_uyW0ADGP7SFAkGl,82770,1572,2,1.0,Qwen3-8B,3,moral,fairness
R_uyW0ADGP7SFAkGl,82794,1573,0,0.0,Qwen3-8B,1,moral,loyalty
R_uyW0ADGP7SFAkGl,82818,1574,3,1.0,Qwen3-8B,4,social-group,muslim
R_uyW0ADGP7SFAkGl,82842,1575,2,1.0,Qwen3-8B,4,social-group,christian
R_uyW0ADGP7SFAkGl,82866,1576,2,1.0,Qwen3-8B,3,random,random
R_uyW0ADGP7SFAkGl,82890,1577,3,1.0,Qwen3-8B,1,moral,fairness
R_uyW0ADGP7SFAkGl,82914,1578,0,0.0,Qwen3-8B,2,social-group,muslim
R_uyW0ADGP7SFAkGl,82938,1579,0,0.0,Qwen3-8B,5,social-group,jewish
R_uyW0ADGP7SFAkGl,82962,1580,0,0.0,Qwen3-8B,3,social-group,jewish
R_uyW0ADGP7SFAkGl,82986,1581,0,0.0,Qwen3-8B,5,social-group,jewish
R_uyW0ADGP7SFAkGl,83010,1582,2,1.0,Qwen3-8B,5,social-group,jewish
R_uyW0ADGP7SFAkGl,83034,1583,4,1.0,Qwen3-8B,3,social-group,LGB
R_uyW0ADGP7SFAkGl,83058,1584,4,1.0,Qwen3-8B,5,social-group,transgender
R_uyW0ADGP7SFAkGl,83082,1585,0,0.0,Qwen3-8B,3,social-group,christian
R_uyW0ADGP7SFAkGl,83106,1586,3,1.0,Qwen3-8B,5,social-group,jewish
R_uyW0ADGP7SFAkGl,83130,1587,3,1.0,Qwen3-8B,3,social-group,jewish
R_uyW0ADGP7SFAkGl,83154,1588,0,0.0,Qwen3-8B,2,social-group,LGB
R_uyW0ADGP7SFAkGl,83178,1589,0,0.0,Qwen3-8B,3,social-group,transgender
R_uyW0ADGP7SFAkGl,83202,1590,4,1.0,Qwen3-8B,3,social-group,muslim
R_uyW0ADGP7SFAkGl,83226,1591,1,0.0,Qwen3-8B,3,social-group,muslim
R_uyW0ADGP7SFAkGl,83250,1592,3,1.0,Qwen3-8B,5,social-group,LGB
R_uyW0ADGP7SFAkGl,83274,1593,4,1.0,Qwen3-8B,5,social-group,transgender
R_uyW0ADGP7SFAkGl,83298,1594,0,0.0,Qwen3-8B,1,moral,care
R_6Q0OgVZDuonLbTb,11479,186,2,1.0,Qwen3-8B,5,random,random
R_6Q0OgVZDuonLbTb,11898,192,0,0.0,Qwen3-8B,4,random,random
R_6Q0OgVZDuonLbTb,15409,242,1,0.0,Qwen3-8B,4,random,random
R_6Q0OgVZDuonLbTb,23735,373,0,0.0,Qwen3-8B,3,random,random
R_6Q0OgVZDuonLbTb,33467,533,4,1.0,Qwen3-8B,3,random,random
R_6Q0OgVZDuonLbTb,33887,540,0,0.0,Qwen3-8B,2,random,random
R_6Q0OgVZDuonLbTb,38915,625,0,0.0,Qwen3-8B,3,random,random
R_6Q0OgVZDuonLbTb,53644,845,0,0.0,Qwen3-8B,3,random,random
R_6Q0OgVZDuonLbTb,56631,893,0,0.0,Qwen3-8B,1,random,random
R_6Q0OgVZDuonLbTb,61303,969,-1,,Qwen3-8B,3,random,random
R_6Q0OgVZDuonLbTb,62881,995,0,0.0,Qwen3-8B,3,random,random
R_6Q0OgVZDuonLbTb,65906,1043,0,0.0,Qwen3-8B,4,random,random
R_6Q0OgVZDuonLbTb,71896,1149,0,0.0,Qwen3-8B,2,random,random
R_6Q0OgVZDuonLbTb,115255,2920,2,1.0,Qwen3-8B,5,random,random
R_6Q0OgVZDuonLbTb,115280,2921,0,0.0,Qwen3-8B,2,moral,fairness
R_6Q0OgVZDuonLbTb,115305,2922,0,0.0,Qwen3-8B,2,moral,fairness
R_6Q0OgVZDuonLbTb,115330,2923,0,0.0,Qwen3-8B,5,social-group,christian
R_6Q0OgVZDuonLbTb,115355,2924,4,1.0,Qwen3-8B,2,random,random
R_6Q0OgVZDuonLbTb,115380,2925,-1,,Qwen3-8B,1,random,random
R_6Q0OgVZDuonLbTb,115405,2926,4,1.0,Qwen3-8B,3,social-group,christian
R_6Q0OgVZDuonLbTb,115430,2927,0,0.0,Qwen3-8B,5,social-group,jewish
R_6Q0OgVZDuonLbTb,115455,2928,2,1.0,Qwen3-8B,4,social-group,muslim
R_6Q0OgVZDuonLbTb,115480,2929,0,0.0,Qwen3-8B,5,social-group,jewish
R_6Q0OgVZDuonLbTb,115505,2930,0,0.0,Qwen3-8B,4,social-group,muslim
R_6Q0OgVZDuonLbTb,115530,2931,1,0.0,Qwen3-8B,3,social-group,christian
R_6Q0OgVZDuonLbTb,115555,2932,3,1.0,Qwen3-8B,5,random,random
R_6Q0OgVZDuonLbTb,115580,2933,0,0.0,Qwen3-8B,3,social-group,LGB
R_6Q0OgVZDuonLbTb,115605,2934,4,1.0,Qwen3-8B,3,random,random
R_6Q0OgVZDuonLbTb,115630,2935,2,1.0,Qwen3-8B,2,social-group,christian
R_6Q0OgVZDuonLbTb,115655,2936,0,0.0,Qwen3-8B,2,random,random
R_6Q0OgVZDuonLbTb,115680,2937,0,0.0,Qwen3-8B,3,social-group,transgender
R_6Q0OgVZDuonLbTb,115705,2938,0,0.0,Qwen3-8B,5,social-group,transgender
R_6Q0OgVZDuonLbTb,115730,2939,0,0.0,Qwen3-8B,3,social-group,transgender
R_6Q0OgVZDuonLbTb,115755,2940,0,0.0,Qwen3-8B,3,moral,fairness
R_6Q0OgVZDuonLbTb,115780,2941,-1,,Qwen3-8B,5,social-group,muslim
R_3h9NTD6fHFOVRWd,11496,186,0,0.0,Qwen3-8B,5,random,random
R_3h9NTD6fHFOVRWd,11915,192,0,0.0,Qwen3-8B,4,random,random
R_3h9NTD6fHFOVRWd,15427,242,0,0.0,Qwen3-8B,4,random,random
R_3h9NTD6fHFOVRWd,23750,373,0,0.0,Qwen3-8B,3,random,random
R_3h9NTD6fHFOVRWd,33481,533,2,1.0,Qwen3-8B,3,random,random
R_3h9NTD6fHFOVRWd,33901,540,0,0.0,Qwen3-8B,2,random,random
R_3h9NTD6fHFOVRWd,38931,625,1,0.0,Qwen3-8B,3,random,random
R_3h9NTD6fHFOVRWd,53668,845,1,0.0,Qwen3-8B,3,random,random
R_3h9NTD6fHFOVRWd,56650,893,0,0.0,Qwen3-8B,1,random,random
R_3h9NTD6fHFOVRWd,61318,969,0,0.0,Qwen3-8B,3,random,random
R_3h9NTD6fHFOVRWd,62895,995,1,0.0,Qwen3-8B,3,random,random
R_3h9NTD6fHFOVRWd,65926,1043,0,0.0,Qwen3-8B,4,random,random
R_3h9NTD6fHFOVRWd,71910,1149,0,0.0,Qwen3-8B,2,random,random
R_3h9NTD6fHFOVRWd,115262,2920,1,0.0,Qwen3-8B,5,random,random
R_3h9NTD6fHFOVRWd,115287,2921,0,0.0,Qwen3-8B,2,moral,fairness
R_3h9NTD6fHFOVRWd,115312,2922,0,0.0,Qwen3-8B,2,moral,fairness
R_3h9NTD6fHFOVRWd,115337,2923,0,0.0,Qwen3-8B,5,social-group,christian
R_3h9NTD6fHFOVRWd,115362,2924,0,0.0,Qwen3-8B,2,random,random
R_3h9NTD6fHFOVRWd,115387,2925,0,0.0,Qwen3-8B,1,random,random
R_3h9NTD6fHFOVRWd,115412,2926,0,0.0,Qwen3-8B,3,social-group,christian
R_3h9NTD6fHFOVRWd,115437,2927,0,0.0,Qwen3-8B,5,social-group,jewish
R_3h9NTD6fHFOVRWd,115462,2928,0,0.0,Qwen3-8B,4,social-group,muslim
R_3h9NTD6fHFOVRWd,115487,2929,0,0.0,Qwen3-8B,5,social-group,jewish
R_3h9NTD6fHFOVRWd,115512,2930,1,0.0,Qwen3-8B,4,social-group,muslim
R_3h9NTD6fHFOVRWd,115537,2931,1,0.0,Qwen3-8B,3,social-group,christian
R_3h9NTD6fHFOVRWd,115562,2932,-1,,Qwen3-8B,5,random,random
R_3h9NTD6fHFOVRWd,115587,2933,3,1.0,Qwen3-8B,3,social-group,LGB
R_3h9NTD6fHFOVRWd,115612,2934,0,0.0,Qwen3-8B,3,random,random
R_3h9NTD6fHFOVRWd,115637,2935,0,0.0,Qwen3-8B,2,social-group,christian
R_3h9NTD6fHFOVRWd,115662,2936,0,0.0,Qwen3-8B,2,random,random
R_3h9NTD6fHFOVRWd,115687,2937,0,0.0,Qwen3-8B,3,social-group,transgender
R_3h9NTD6fHFOVRWd,115712,2938,0,0.0,Qwen3-8B,5,social-group,transgender
R_3h9NTD6fHFOVRWd,115737,2939,0,0.0,Qwen3-8B,3,social-group,transgender
R_3h9NTD6fHFOVRWd,115762,2940,0,0.0,Qwen3-8B,3,moral,fairness
R_3h9NTD6fHFOVRWd,115787,2941,2,1.0,Qwen3-8B,5,social-group,muslim
R_1pXteFPO6NLadNF,11505,186,0,0.0,Qwen3-8B,5,random,random
R_1pXteFPO6NLadNF,11924,192,2,1.0,Qwen3-8B,4,random,random
R_1pXteFPO6NLadNF,15437,242,0,0.0,Qwen3-8B,4,random,random
R_1pXteFPO6NLadNF,23753,373,0,0.0,Qwen3-8B,3,random,random
R_1pXteFPO6NLadNF,33490,533,3,1.0,Qwen3-8B,3,random,random
R_1pXteFPO6NLadNF,33910,540,2,1.0,Qwen3-8B,2,random,random
R_1pXteFPO6NLadNF,38935,625,2,1.0,Qwen3-8B,3,random,random
R_1pXteFPO6NLadNF,53673,845,2,1.0,Qwen3-8B,3,random,random
R_1pXteFPO6NLadNF,56660,893,0,0.0,Qwen3-8B,1,random,random
R_1pXteFPO6NLadNF,61322,969,1,0.0,Qwen3-8B,3,random,random
R_1pXteFPO6NLadNF,62906,995,1,0.0,Qwen3-8B,3,random,random
R_1pXteFPO6NLadNF,65934,1043,1,0.0,Qwen3-8B,4,random,random
R_1pXteFPO6NLadNF,71915,1149,0,0.0,Qwen3-8B,2,random,random
R_1pXteFPO6NLadNF,115263,2920,4,1.0,Qwen3-8B,5,random,random
R_1pXteFPO6NLadNF,115288,2921,1,0.0,Qwen3-8B,2,moral,fairness
R_1pXteFPO6NLadNF,115313,2922,0,0.0,Qwen3-8B,2,moral,fairness
R_1pXteFPO6NLadNF,115338,2923,0,0.0,Qwen3-8B,5,social-group,christian
R_1pXteFPO6NLadNF,115363,2924,0,0.0,Qwen3-8B,2,random,random
R_1pXteFPO6NLadNF,115388,2925,0,0.0,Qwen3-8B,1,random,random
R_1pXteFPO6NLadNF,115413,2926,0,0.0,Qwen3-8B,3,social-group,christian
R_1pXteFPO6NLadNF,115438,2927,0,0.0,Qwen3-8B,5,social-group,jewish
R_1pXteFPO6NLadNF,115463,2928,1,0.0,Qwen3-8B,4,social-group,muslim
R_1pXteFPO6NLadNF,115488,2929,0,0.0,Qwen3-8B,5,social-group,jewish
R_1pXteFPO6NLadNF,115513,2930,2,1.0,Qwen3-8B,4,social-group,muslim
R_1pXteFPO6NLadNF,115538,2931,2,1.0,Qwen3-8B,3,social-group,christian
R_1pXteFPO6NLadNF,115563,2932,0,0.0,Qwen3-8B,5,random,random
R_1pXteFPO6NLadNF,115588,2933,0,0.0,Qwen3-8B,3,social-group,LGB
R_1pXteFPO6NLadNF,115613,2934,2,1.0,Qwen3-8B,3,random,random
R_1pXteFPO6NLadNF,115638,2935,1,0.0,Qwen3-8B,2,social-group,christian
R_1pXteFPO6NLadNF,115663,2936,-1,,Qwen3-8B,2,random,random
R_1pXteFPO6NLadNF,115688,2937,0,0.0,Qwen3-8B,3,social-group,transgender
R_1pXteFPO6NLadNF,115713,2938,0,0.0,Qwen3-8B,5,social-group,transgender
R_1pXteFPO6NLadNF,115738,2939,0,0.0,Qwen3-8B,3,social-group,transgender
R_1pXteFPO6NLadNF,115763,2940,0,0.0,Qwen3-8B,3,moral,fairness
R_1pXteFPO6NLadNF,115788,2941,4,1.0,Qwen3-8B,5,social-group,muslim
R_3m8BAKhkNMxuLwl,11719,189,0,0.0,Qwen3-8B,3,random,random
R_3m8BAKhkNMxuLwl,13801,219,0,0.0,Qwen3-8B,1,random,random
R_3m8BAKhkNMxuLwl,19615,308,0,0.0,Qwen3-8B,1,random,random
R_3m8BAKhkNMxuLwl,27297,433,0,0.0,Qwen3-8B,2,random,random
R_3m8BAKhkNMxuLwl,53615,844,-1,,Qwen3-8B,2,random,random
R_3m8BAKhkNMxuLwl,55077,869,-1,,Qwen3-8B,3,random,random
R_3m8BAKhkNMxuLwl,58073,911,1,0.0,Qwen3-8B,1,random,random
R_3m8BAKhkNMxuLwl,58908,925,0,0.0,Qwen3-8B,1,random,random
R_3m8BAKhkNMxuLwl,121701,3193,-1,,Qwen3-8B,5,moral,fairness
R_3m8BAKhkNMxuLwl,144974,4193,0,0.0,Qwen3-8B,1,moral,authority
R_3m8BAKhkNMxuLwl,150318,4429,0,0.0,Qwen3-8B,4,random,random
R_3m8BAKhkNMxuLwl,150340,4430,0,0.0,Qwen3-8B,5,social-group,LGB
R_3m8BAKhkNMxuLwl,150362,4431,-1,,Qwen3-8B,2,random,random
R_3m8BAKhkNMxuLwl,150384,4432,0,0.0,Qwen3-8B,1,moral,authority
R_3m8BAKhkNMxuLwl,150406,4433,1,0.0,Qwen3-8B,4,social-group,transgender
R_3m8BAKhkNMxuLwl,150428,4434,0,0.0,Qwen3-8B,1,random,random
R_3m8BAKhkNMxuLwl,150450,4435,0,0.0,Qwen3-8B,4,social-group,muslim
R_3m8BAKhkNMxuLwl,150472,4436,0,0.0,Qwen3-8B,1,social-group,transgender
R_3m8BAKhkNMxuLwl,150494,4437,0,0.0,Qwen3-8B,3,social-group,LGB
R_3m8BAKhkNMxuLwl,150516,4438,0,0.0,Qwen3-8B,3,social-group,muslim
R_3m8BAKhkNMxuLwl,150538,4439,0,0.0,Qwen3-8B,1,moral,loyalty
R_3m8BAKhkNMxuLwl,150560,4440,1,0.0,Qwen3-8B,5,social-group,jewish
R_3m8BAKhkNMxuLwl,150582,4441,0,0.0,Qwen3-8B,4,social-group,transgender
R_3m8BAKhkNMxuLwl,150604,4442,0,0.0,Qwen3-8B,3,random,random
R_3m8BAKhkNMxuLwl,150626,4443,0,0.0,Qwen3-8B,3,moral,authority
R_3m8BAKhkNMxuLwl,150648,4444,0,0.0,Qwen3-8B,5,social-group,christian
R_3m8BAKhkNMxuLwl,150670,4445,0,0.0,Qwen3-8B,5,social-group,LGB
R_3m8BAKhkNMxuLwl,150692,4446,0,0.0,Qwen3-8B,3,random,random
R_3m8BAKhkNMxuLwl,150714,4447,0,0.0,Qwen3-8B,3,social-group,LGB
R_3m8BAKhkNMxuLwl,150736,4448,0,0.0,Qwen3-8B,1,moral,authority
R_3m8BAKhkNMxuLwl,150758,4449,0,0.0,Qwen3-8B,4,social-group,LGB
R_3m8BAKhkNMxuLwl,150780,4450,0,0.0,Qwen3-8B,1,social-group,transgender
R_3m8BAKhkNMxuLwl,150802,4451,0,0.0,Qwen3-8B,2,random,random
R_3m8BAKhkNMxuLwl,150824,4452,0,0.0,Qwen3-8B,2,social-group,LGB
R_3m8BAKhkNMxuLwl,150846,4453,1,0.0,Qwen3-8B,4,moral,care
R_3GvzhuKxLJHQwTk,11720,189,0,0.0,Qwen3-8B,3,random,random
R_3GvzhuKxLJHQwTk,13802,219,0,0.0,Qwen3-8B,1,random,random
R_3GvzhuKxLJHQwTk,19616,308,0,0.0,Qwen3-8B,1,random,random
R_3GvzhuKxLJHQwTk,27298,433,0,0.0,Qwen3-8B,2,random,random
R_3GvzhuKxLJHQwTk,53616,844,0,0.0,Qwen3-8B,2,random,random
R_3GvzhuKxLJHQwTk,55078,869,0,0.0,Qwen3-8B,3,random,random
R_3GvzhuKxLJHQwTk,58074,911,0,0.0,Qwen3-8B,1,random,random
R_3GvzhuKxLJHQwTk,58909,925,0,0.0,Qwen3-8B,1,random,random
R_3GvzhuKxLJHQwTk,121703,3193,0,0.0,Qwen3-8B,5,moral,fairness
R_3GvzhuKxLJHQwTk,144975,4193,0,0.0,Qwen3-8B,1,moral,authority
R_3GvzhuKxLJHQwTk,150319,4429,2,1.0,Qwen3-8B,4,random,random
R_3GvzhuKxLJHQwTk,150341,4430,0,0.0,Qwen3-8B,5,social-group,LGB
R_3GvzhuKxLJHQwTk,150363,4431,0,0.0,Qwen3-8B,2,random,random
R_3GvzhuKxLJHQwTk,150385,4432,0,0.0,Qwen3-8B,1,moral,authority
R_3GvzhuKxLJHQwTk,150407,4433,0,0.0,Qwen3-8B,4,social-group,transgender
R_3GvzhuKxLJHQwTk,150429,4434,1,0.0,Qwen3-8B,1,random,random
R_3GvzhuKxLJHQwTk,150451,4435,3,1.0,Qwen3-8B,4,social-group,muslim
R_3GvzhuKxLJHQwTk,150473,4436,2,1.0,Qwen3-8B,1,social-group,transgender
R_3GvzhuKxLJHQwTk,150495,4437,2,1.0,Qwen3-8B,3,social-group,LGB
R_3GvzhuKxLJHQwTk,150517,4438,0,0.0,Qwen3-8B,3,social-group,muslim
R_3GvzhuKxLJHQwTk,150539,4439,0,0.0,Qwen3-8B,1,moral,loyalty
R_3GvzhuKxLJHQwTk,150561,4440,0,0.0,Qwen3-8B,5,social-group,jewish
R_3GvzhuKxLJHQwTk,150583,4441,0,0.0,Qwen3-8B,4,social-group,transgender
R_3GvzhuKxLJHQwTk,150605,4442,0,0.0,Qwen3-8B,3,random,random
R_3GvzhuKxLJHQwTk,150627,4443,0,0.0,Qwen3-8B,3,moral,authority
R_3GvzhuKxLJHQwTk,150649,4444,0,0.0,Qwen3-8B,5,social-group,christian
R_3GvzhuKxLJHQwTk,150671,4445,0,0.0,Qwen3-8B,5,social-group,LGB
R_3GvzhuKxLJHQwTk,150693,4446,0,0.0,Qwen3-8B,3,random,random
R_3GvzhuKxLJHQwTk,150715,4447,0,0.0,Qwen3-8B,3,social-group,LGB
R_3GvzhuKxLJHQwTk,150737,4448,0,0.0,Qwen3-8B,1,moral,authority
R_3GvzhuKxLJHQwTk,150759,4449,0,0.0,Qwen3-8B,4,social-group,LGB
R_3GvzhuKxLJHQwTk,150781,4450,0,0.0,Qwen3-8B,1,social-group,transgender
R_3GvzhuKxLJHQwTk,150803,4451,0,0.0,Qwen3-8B,2,random,random
R_3GvzhuKxLJHQwTk,150825,4452,0,0.0,Qwen3-8B,2,social-group,LGB
R_3GvzhuKxLJHQwTk,150847,4453,0,0.0,Qwen3-8B,4,moral,care
R_2fxJ0lSl8UMxh8M,11744,189,4,1.0,Qwen3-8B,3,random,random
R_2fxJ0lSl8UMxh8M,13824,219,0,0.0,Qwen3-8B,1,random,random
R_2fxJ0lSl8UMxh8M,19641,308,0,0.0,Qwen3-8B,1,random,random
R_2fxJ0lSl8UMxh8M,27317,433,1,0.0,Qwen3-8B,2,random,random
R_2fxJ0lSl8UMxh8M,53632,844,1,0.0,Qwen3-8B,2,random,random
R_2fxJ0lSl8UMxh8M,55095,869,0,0.0,Qwen3-8B,3,random,random
R_2fxJ0lSl8UMxh8M,58096,911,3,1.0,Qwen3-8B,1,random,random
R_2fxJ0lSl8UMxh8M,58927,925,0,0.0,Qwen3-8B,1,random,random
R_2fxJ0lSl8UMxh8M,121722,3193,-1,,Qwen3-8B,5,moral,fairness
R_2fxJ0lSl8UMxh8M,144992,4193,0,0.0,Qwen3-8B,1,moral,authority
R_2fxJ0lSl8UMxh8M,150327,4429,0,0.0,Qwen3-8B,4,random,random
R_2fxJ0lSl8UMxh8M,150349,4430,0,0.0,Qwen3-8B,5,social-group,LGB
R_2fxJ0lSl8UMxh8M,150371,4431,1,0.0,Qwen3-8B,2,random,random
R_2fxJ0lSl8UMxh8M,150393,4432,0,0.0,Qwen3-8B,1,moral,authority
R_2fxJ0lSl8UMxh8M,150415,4433,4,1.0,Qwen3-8B,4,social-group,transgender
R_2fxJ0lSl8UMxh8M,150437,4434,0,0.0,Qwen3-8B,1,random,random
R_2fxJ0lSl8UMxh8M,150459,4435,0,0.0,Qwen3-8B,4,social-group,muslim
R_2fxJ0lSl8UMxh8M,150481,4436,0,0.0,Qwen3-8B,1,social-group,transgender
R_2fxJ0lSl8UMxh8M,150503,4437,3,1.0,Qwen3-8B,3,social-group,LGB
R_2fxJ0lSl8UMxh8M,150525,4438,0,0.0,Qwen3-8B,3,social-group,muslim
R_2fxJ0lSl8UMxh8M,150547,4439,0,0.0,Qwen3-8B,1,moral,loyalty
R_2fxJ0lSl8UMxh8M,150569,4440,2,1.0,Qwen3-8B,5,social-group,jewish
R_2fxJ0lSl8UMxh8M,150591,4441,2,1.0,Qwen3-8B,4,social-group,transgender
R_2fxJ0lSl8UMxh8M,150613,4442,1,0.0,Qwen3-8B,3,random,random
R_2fxJ0lSl8UMxh8M,150635,4443,0,0.0,Qwen3-8B,3,moral,authority
R_2fxJ0lSl8UMxh8M,150657,4444,1,0.0,Qwen3-8B,5,social-group,christian
R_2fxJ0lSl8UMxh8M,150679,4445,1,0.0,Qwen3-8B,5,social-group,LGB
R_2fxJ0lSl8UMxh8M,150701,4446,-1,,Qwen3-8B,3,random,random
R_2fxJ0lSl8UMxh8M,150723,4447,4,1.0,Qwen3-8B,3,social-group,LGB
R_2fxJ0lSl8UMxh8M,150745,4448,0,0.0,Qwen3-8B,1,moral,authority
R_2fxJ0lSl8UMxh8M,150767,4449,0,0.0,Qwen3-8B,4,social-group,LGB
R_2fxJ0lSl8UMxh8M,150789,4450,0,0.0,Qwen3-8B,1,social-group,transgender
R_2fxJ0lSl8UMxh8M,150811,4451,1,0.0,Qwen3-8B,2,random,random
R_2fxJ0lSl8UMxh8M,150833,4452,0,0.0,Qwen3-8B,2,social-group,LGB
R_2fxJ0lSl8UMxh8M,150855,4453,2,1.0,Qwen3-8B,4,moral,care
R_5mOlyfzhT9w0w7L,12383,199,0,0.0,Qwen3-8B,3,random,random
R_5mOlyfzhT9w0w7L,16177,254,0,0.0,Qwen3-8B,4,random,random
R_5mOlyfzhT9w0w7L,37959,609,0,0.0,Qwen3-8B,1,random,random
R_5mOlyfzhT9w0w7L,43417,699,0,0.0,Qwen3-8B,3,random,random
R_5mOlyfzhT9w0w7L,66415,1051,0,0.0,Qwen3-8B,3,random,random
R_5mOlyfzhT9w0w7L,69182,1098,0,0.0,Qwen3-8B,5,random,random
R_5mOlyfzhT9w0w7L,70221,1117,0,0.0,Qwen3-8B,2,random,random
R_5mOlyfzhT9w0w7L,89427,1840,0,0.0,Qwen3-8B,4,random,random
R_5mOlyfzhT9w0w7L,89427,1840,0,0.0,Qwen3-8B,4,moral,care
R_5mOlyfzhT9w0w7L,89427,1840,0,0.0,Qwen3-8B,4,random,random
R_5mOlyfzhT9w0w7L,89427,1840,0,0.0,Qwen3-8B,4,moral,care
R_5mOlyfzhT9w0w7L,147869,4323,0,0.0,Qwen3-8B,5,social-group,LGB
R_5mOlyfzhT9w0w7L,147890,4324,0,0.0,Qwen3-8B,3,social-group,transgender
R_5mOlyfzhT9w0w7L,147911,4325,-1,,Qwen3-8B,5,social-group,jewish
R_5mOlyfzhT9w0w7L,147932,4326,0,0.0,Qwen3-8B,2,social-group,transgender
R_5mOlyfzhT9w0w7L,147953,4327,0,0.0,Qwen3-8B,3,social-group,LGB
R_5mOlyfzhT9w0w7L,147974,4328,0,0.0,Qwen3-8B,4,social-group,jewish
R_5mOlyfzhT9w0w7L,147995,4329,1,0.0,Qwen3-8B,5,social-group,transgender
R_5mOlyfzhT9w0w7L,148016,4330,0,0.0,Qwen3-8B,2,random,random
R_5mOlyfzhT9w0w7L,148037,4331,0,0.0,Qwen3-8B,2,social-group,christian
R_5mOlyfzhT9w0w7L,148058,4332,0,0.0,Qwen3-8B,1,social-group,transgender
R_5mOlyfzhT9w0w7L,148079,4333,0,0.0,Qwen3-8B,3,social-group,transgender
R_5mOlyfzhT9w0w7L,148100,4334,0,0.0,Qwen3-8B,4,social-group,transgender
R_5mOlyfzhT9w0w7L,148121,4335,0,0.0,Qwen3-8B,1,social-group,transgender
R_5mOlyfzhT9w0w7L,148142,4336,0,0.0,Qwen3-8B,3,social-group,christian
R_5mOlyfzhT9w0w7L,148163,4337,0,0.0,Qwen3-8B,1,moral,loyalty
R_5mOlyfzhT9w0w7L,148184,4338,0,0.0,Qwen3-8B,1,social-group,christian
R_5mOlyfzhT9w0w7L,148205,4339,0,0.0,Qwen3-8B,3,social-group,transgender
R_5mOlyfzhT9w0w7L,148226,4340,-1,,Qwen3-8B,1,random,random
R_5mOlyfzhT9w0w7L,148247,4341,0,0.0,Qwen3-8B,5,social-group,LGB
R_5mOlyfzhT9w0w7L,148268,4342,0,0.0,Qwen3-8B,3,moral,authority
R_5mOlyfzhT9w0w7L,148289,4343,0,0.0,Qwen3-8B,2,random,random
R_5mOlyfzhT9w0w7L,148310,4344,0,0.0,Qwen3-8B,3,social-group,transgender
R_5mOlyfzhT9w0w7L,148331,4345,0,0.0,Qwen3-8B,2,moral,authority
R_5mOlyfzhT9w0w7L,148352,4346,0,0.0,Qwen3-8B,2,random,random
R_5mOlyfzhT9w0w7L,148373,4347,2,1.0,Qwen3-8B,4,social-group,jewish
R_5mOlyfzhT9w0w7L,148394,4348,0,0.0,Qwen3-8B,4,moral,purity
R_5mOlyfzhT9w0w7L,148415,4349,1,0.0,Qwen3-8B,2,social-group,transgender
R_33fIYzDbfVbespI,12394,199,-1,,Qwen3-8B,3,random,random
R_33fIYzDbfVbespI,16184,254,0,0.0,Qwen3-8B,4,random,random
R_33fIYzDbfVbespI,37969,609,-1,,Qwen3-8B,1,random,random
R_33fIYzDbfVbespI,43423,699,0,0.0,Qwen3-8B,3,random,random
R_33fIYzDbfVbespI,66429,1051,0,0.0,Qwen3-8B,3,random,random
R_33fIYzDbfVbespI,69193,1098,0,0.0,Qwen3-8B,5,random,random
R_33fIYzDbfVbespI,70232,1117,0,0.0,Qwen3-8B,2,random,random
R_33fIYzDbfVbespI,89441,1840,1,0.0,Qwen3-8B,4,random,random
R_33fIYzDbfVbespI,89441,1840,1,0.0,Qwen3-8B,4,moral,care
R_33fIYzDbfVbespI,89441,1840,1,0.0,Qwen3-8B,4,random,random
R_33fIYzDbfVbespI,89441,1840,1,0.0,Qwen3-8B,4,moral,care
R_33fIYzDbfVbespI,147872,4323,2,1.0,Qwen3-8B,5,social-group,LGB
R_33fIYzDbfVbespI,147893,4324,2,1.0,Qwen3-8B,3,social-group,transgender
R_33fIYzDbfVbespI,147914,4325,1,0.0,Qwen3-8B,5,social-group,jewish
R_33fIYzDbfVbespI,147935,4326,0,0.0,Qwen3-8B,2,social-group,transgender
R_33fIYzDbfVbespI,147956,4327,2,1.0,Qwen3-8B,3,social-group,LGB
R_33fIYzDbfVbespI,147977,4328,0,0.0,Qwen3-8B,4,social-group,jewish
R_33fIYzDbfVbespI,147998,4329,1,0.0,Qwen3-8B,5,social-group,transgender
R_33fIYzDbfVbespI,148019,4330,0,0.0,Qwen3-8B,2,random,random
R_33fIYzDbfVbespI,148040,4331,0,0.0,Qwen3-8B,2,social-group,christian
R_33fIYzDbfVbespI,148061,4332,1,0.0,Qwen3-8B,1,social-group,transgender
R_33fIYzDbfVbespI,148082,4333,1,0.0,Qwen3-8B,3,social-group,transgender
R_33fIYzDbfVbespI,148103,4334,0,0.0,Qwen3-8B,4,social-group,transgender
R_33fIYzDbfVbespI,148124,4335,1,0.0,Qwen3-8B,1,social-group,transgender
R_33fIYzDbfVbespI,148145,4336,1,0.0,Qwen3-8B,3,social-group,christian
R_33fIYzDbfVbespI,148166,4337,0,0.0,Qwen3-8B,1,moral,loyalty
R_33fIYzDbfVbespI,148187,4338,0,0.0,Qwen3-8B,1,social-group,christian
R_33fIYzDbfVbespI,148208,4339,2,1.0,Qwen3-8B,3,social-group,transgender
R_33fIYzDbfVbespI,148229,4340,0,0.0,Qwen3-8B,1,random,random
R_33fIYzDbfVbespI,148250,4341,1,0.0,Qwen3-8B,5,social-group,LGB
R_33fIYzDbfVbespI,148271,4342,1,0.0,Qwen3-8B,3,moral,authority
R_33fIYzDbfVbespI,148292,4343,0,0.0,Qwen3-8B,2,random,random
R_33fIYzDbfVbespI,148313,4344,1,0.0,Qwen3-8B,3,social-group,transgender
R_33fIYzDbfVbespI,148334,4345,0,0.0,Qwen3-8B,2,moral,authority
R_33fIYzDbfVbespI,148355,4346,0,0.0,Qwen3-8B,2,random,random
R_33fIYzDbfVbespI,148376,4347,1,0.0,Qwen3-8B,4,social-group,jewish
R_33fIYzDbfVbespI,148397,4348,1,0.0,Qwen3-8B,4,moral,purity
R_33fIYzDbfVbespI,148418,4349,0,0.0,Qwen3-8B,2,social-group,transgender
R_qVg820N4v0b9w3v,12419,199,0,0.0,Qwen3-8B,3,random,random
R_qVg820N4v0b9w3v,16210,254,0,0.0,Qwen3-8B,4,random,random
R_qVg820N4v0b9w3v,37988,609,1,0.0,Qwen3-8B,1,random,random
R_qVg820N4v0b9w3v,43444,699,1,0.0,Qwen3-8B,3,random,random
R_qVg820N4v0b9w3v,66456,1051,2,1.0,Qwen3-8B,3,random,random
R_qVg820N4v0b9w3v,69206,1098,1,0.0,Qwen3-8B,5,random,random
R_qVg820N4v0b9w3v,70245,1117,1,0.0,Qwen3-8B,2,random,random
R_qVg820N4v0b9w3v,89469,1840,0,0.0,Qwen3-8B,4,random,random
R_qVg820N4v0b9w3v,89469,1840,0,0.0,Qwen3-8B,4,moral,care
R_qVg820N4v0b9w3v,89469,1840,0,0.0,Qwen3-8B,4,random,random
R_qVg820N4v0b9w3v,89469,1840,0,0.0,Qwen3-8B,4,moral,care
R_qVg820N4v0b9w3v,147879,4323,1,0.0,Qwen3-8B,5,social-group,LGB
R_qVg820N4v0b9w3v,147900,4324,0,0.0,Qwen3-8B,3,social-group,transgender
R_qVg820N4v0b9w3v,147921,4325,1,0.0,Qwen3-8B,5,social-group,jewish
R_qVg820N4v0b9w3v,147942,4326,0,0.0,Qwen3-8B,2,social-group,transgender
R_qVg820N4v0b9w3v,147963,4327,0,0.0,Qwen3-8B,3,social-group,LGB
R_qVg820N4v0b9w3v,147984,4328,2,1.0,Qwen3-8B,4,social-group,jewish
R_qVg820N4v0b9w3v,148005,4329,1,0.0,Qwen3-8B,5,social-group,transgender
R_qVg820N4v0b9w3v,148026,4330,2,1.0,Qwen3-8B,2,random,random
R_qVg820N4v0b9w3v,148047,4331,0,0.0,Qwen3-8B,2,social-group,christian
R_qVg820N4v0b9w3v,148068,4332,0,0.0,Qwen3-8B,1,social-group,transgender
R_qVg820N4v0b9w3v,148089,4333,1,0.0,Qwen3-8B,3,social-group,transgender
R_qVg820N4v0b9w3v,148110,4334,1,0.0,Qwen3-8B,4,social-group,transgender
R_qVg820N4v0b9w3v,148131,4335,0,0.0,Qwen3-8B,1,social-group,transgender
R_qVg820N4v0b9w3v,148152,4336,1,0.0,Qwen3-8B,3,social-group,christian
R_qVg820N4v0b9w3v,148173,4337,0,0.0,Qwen3-8B,1,moral,loyalty
R_qVg820N4v0b9w3v,148194,4338,0,0.0,Qwen3-8B,1,social-group,christian
R_qVg820N4v0b9w3v,148215,4339,0,0.0,Qwen3-8B,3,social-group,transgender
R_qVg820N4v0b9w3v,148236,4340,0,0.0,Qwen3-8B,1,random,random
R_qVg820N4v0b9w3v,148257,4341,2,1.0,Qwen3-8B,5,social-group,LGB
R_qVg820N4v0b9w3v,148278,4342,2,1.0,Qwen3-8B,3,moral,authority
R_qVg820N4v0b9w3v,148299,4343,0,0.0,Qwen3-8B,2,random,random
R_qVg820N4v0b9w3v,148320,4344,0,0.0,Qwen3-8B,3,social-group,transgender
R_qVg820N4v0b9w3v,148341,4345,0,0.0,Qwen3-8B,2,moral,authority
R_qVg820N4v0b9w3v,148362,4346,2,1.0,Qwen3-8B,2,random,random
R_qVg820N4v0b9w3v,148383,4347,2,1.0,Qwen3-8B,4,social-group,jewish
R_qVg820N4v0b9w3v,148404,4348,0,0.0,Qwen3-8B,4,moral,purity
R_qVg820N4v0b9w3v,148425,4349,0,0.0,Qwen3-8B,2,social-group,transgender
R_12u38CP0ANoR9dV,12469,200,1,0.0,Qwen3-8B,2,random,random
R_12u38CP0ANoR9dV,17594,277,0,0.0,Qwen3-8B,2,random,random
R_12u38CP0ANoR9dV,23456,368,0,0.0,Qwen3-8B,3,random,random
R_12u38CP0ANoR9dV,61147,966,2,1.0,Qwen3-8B,3,random,random
R_12u38CP0ANoR9dV,71593,1143,0,0.0,Qwen3-8B,3,random,random
R_12u38CP0ANoR9dV,78499,1399,2,1.0,Qwen3-8B,3,social-group,LGB
R_12u38CP0ANoR9dV,78521,1400,3,1.0,Qwen3-8B,3,random,random
R_12u38CP0ANoR9dV,78543,1401,1,0.0,Qwen3-8B,4,social-group,jewish
R_12u38CP0ANoR9dV,78565,1402,4,1.0,Qwen3-8B,5,social-group,transgender
R_12u38CP0ANoR9dV,78587,1403,2,1.0,Qwen3-8B,5,social-group,jewish
R_12u38CP0ANoR9dV,78609,1404,0,0.0,Qwen3-8B,3,social-group,muslim
R_12u38CP0ANoR9dV,78653,1405,0,0.0,Qwen3-8B,3,moral,fairness
R_12u38CP0ANoR9dV,78653,1405,0,0.0,Qwen3-8B,3,random,random
R_12u38CP0ANoR9dV,78653,1405,0,0.0,Qwen3-8B,3,moral,fairness
R_12u38CP0ANoR9dV,78653,1405,0,0.0,Qwen3-8B,3,random,random
R_12u38CP0ANoR9dV,78723,1406,0,0.0,Qwen3-8B,3,random,random
R_12u38CP0ANoR9dV,78745,1407,1,0.0,Qwen3-8B,5,social-group,jewish
R_12u38CP0ANoR9dV,78767,1408,0,0.0,Qwen3-8B,2,random,random
R_12u38CP0ANoR9dV,78811,1409,0,0.0,Qwen3-8B,3,moral,fairness
R_12u38CP0ANoR9dV,78811,1409,0,0.0,Qwen3-8B,3,random,random
R_12u38CP0ANoR9dV,78811,1409,0,0.0,Qwen3-8B,3,moral,fairness
R_12u38CP0ANoR9dV,78811,1409,0,0.0,Qwen3-8B,3,random,random
R_12u38CP0ANoR9dV,78879,1410,0,0.0,Qwen3-8B,3,social-group,transgender
R_12u38CP0ANoR9dV,78901,1411,1,0.0,Qwen3-8B,2,random,random
R_12u38CP0ANoR9dV,78923,1412,3,1.0,Qwen3-8B,3,social-group,LGB
R_12u38CP0ANoR9dV,78945,1413,0,0.0,Qwen3-8B,3,social-group,transgender
R_12u38CP0ANoR9dV,78967,1414,0,0.0,Qwen3-8B,2,social-group,transgender
R_12u38CP0ANoR9dV,78989,1415,0,0.0,Qwen3-8B,1,moral,care
R_12u38CP0ANoR9dV,79011,1416,2,1.0,Qwen3-8B,3,moral,authority
R_12u38CP0ANoR9dV,79033,1417,4,1.0,Qwen3-8B,4,social-group,LGB
R_12u38CP0ANoR9dV,79055,1418,0,0.0,Qwen3-8B,5,random,random
R_12u38CP0ANoR9dV,79077,1419,4,1.0,Qwen3-8B,5,social-group,transgender
R_12u38CP0ANoR9dV,79099,1420,0,0.0,Qwen3-8B,3,social-group,LGB
R_12u38CP0ANoR9dV,79121,1421,4,1.0,Qwen3-8B,5,social-group,christian
R_12u38CP0ANoR9dV,79143,1422,0,0.0,Qwen3-8B,3,social-group,transgender
R_12u38CP0ANoR9dV,79165,1423,0,0.0,Qwen3-8B,1,random,random
R_12u38CP0ANoR9dV,79187,1424,0,0.0,Qwen3-8B,3,social-group,jewish
R_12u38CP0ANoR9dV,79209,1425,0,0.0,Qwen3-8B,1,moral,fairness
R_12u38CP0ANoR9dV,79231,1426,0,0.0,Qwen3-8B,4,social-group,jewish
R_12u38CP0ANoR9dV,79253,1427,2,1.0,Qwen3-8B,4,random,random
R_12u38CP0ANoR9dV,79275,1428,0,0.0,Qwen3-8B,2,social-group,LGB
R_1ovZCzFrH2e7mVz,12513,200,0,0.0,Qwen3-8B,2,random,random
R_1ovZCzFrH2e7mVz,17629,277,0,0.0,Qwen3-8B,2,random,random
R_1ovZCzFrH2e7mVz,23489,368,0,0.0,Qwen3-8B,3,random,random
R_1ovZCzFrH2e7mVz,61179,966,0,0.0,Qwen3-8B,3,random,random
R_1ovZCzFrH2e7mVz,71624,1143,1,0.0,Qwen3-8B,3,random,random
R_1ovZCzFrH2e7mVz,78513,1399,-1,,Qwen3-8B,3,social-group,LGB
R_1ovZCzFrH2e7mVz,78535,1400,0,0.0,Qwen3-8B,3,random,random
R_1ovZCzFrH2e7mVz,78557,1401,2,1.0,Qwen3-8B,4,social-group,jewish
R_1ovZCzFrH2e7mVz,78579,1402,4,1.0,Qwen3-8B,5,social-group,transgender
R_1ovZCzFrH2e7mVz,78601,1403,-1,,Qwen3-8B,5,social-group,jewish
R_1ovZCzFrH2e7mVz,78623,1404,4,1.0,Qwen3-8B,3,social-group,muslim
R_1ovZCzFrH2e7mVz,78709,1405,1,0.0,Qwen3-8B,3,moral,fairness
R_1ovZCzFrH2e7mVz,78709,1405,1,0.0,Qwen3-8B,3,random,random
R_1ovZCzFrH2e7mVz,78709,1405,1,0.0,Qwen3-8B,3,moral,fairness
R_1ovZCzFrH2e7mVz,78709,1405,1,0.0,Qwen3-8B,3,random,random
R_1ovZCzFrH2e7mVz,78737,1406,0,0.0,Qwen3-8B,3,random,random
R_1ovZCzFrH2e7mVz,78759,1407,4,1.0,Qwen3-8B,5,social-group,jewish
R_1ovZCzFrH2e7mVz,78781,1408,0,0.0,Qwen3-8B,2,random,random
R_1ovZCzFrH2e7mVz,78867,1409,1,0.0,Qwen3-8B,3,moral,fairness
R_1ovZCzFrH2e7mVz,78867,1409,1,0.0,Qwen3-8B,3,random,random
R_1ovZCzFrH2e7mVz,78867,1409,1,0.0,Qwen3-8B,3,moral,fairness
R_1ovZCzFrH2e7mVz,78867,1409,1,0.0,Qwen3-8B,3,random,random
R_1ovZCzFrH2e7mVz,78893,1410,0,0.0,Qwen3-8B,3,social-group,transgender
R_1ovZCzFrH2e7mVz,78915,1411,1,0.0,Qwen3-8B,2,random,random
R_1ovZCzFrH2e7mVz,78937,1412,1,0.0,Qwen3-8B,3,social-group,LGB
R_1ovZCzFrH2e7mVz,78959,1413,4,1.0,Qwen3-8B,3,social-group,transgender
R_1ovZCzFrH2e7mVz,78981,1414,1,0.0,Qwen3-8B,2,social-group,transgender
R_1ovZCzFrH2e7mVz,79003,1415,0,0.0,Qwen3-8B,1,moral,care
R_1ovZCzFrH2e7mVz,79025,1416,0,0.0,Qwen3-8B,3,moral,authority
R_1ovZCzFrH2e7mVz,79047,1417,4,1.0,Qwen3-8B,4,social-group,LGB
R_1ovZCzFrH2e7mVz,79069,1418,0,0.0,Qwen3-8B,5,random,random
R_1ovZCzFrH2e7mVz,79091,1419,4,1.0,Qwen3-8B,5,social-group,transgender
R_1ovZCzFrH2e7mVz,79113,1420,3,1.0,Qwen3-8B,3,social-group,LGB
R_1ovZCzFrH2e7mVz,79135,1421,1,0.0,Qwen3-8B,5,social-group,christian
R_1ovZCzFrH2e7mVz,79157,1422,1,0.0,Qwen3-8B,3,social-group,transgender
R_1ovZCzFrH2e7mVz,79179,1423,0,0.0,Qwen3-8B,1,random,random
R_1ovZCzFrH2e7mVz,79201,1424,1,0.0,Qwen3-8B,3,social-group,jewish
R_1ovZCzFrH2e7mVz,79223,1425,0,0.0,Qwen3-8B,1,moral,fairness
R_1ovZCzFrH2e7mVz,79245,1426,1,0.0,Qwen3-8B,4,social-group,jewish
R_1ovZCzFrH2e7mVz,79267,1427,0,0.0,Qwen3-8B,4,random,random
R_1ovZCzFrH2e7mVz,79289,1428,1,0.0,Qwen3-8B,2,social-group,LGB
R_ekxiIEbuziynrK9,12829,205,1,0.0,Qwen3-8B,5,random,random
R_ekxiIEbuziynrK9,16388,257,2,1.0,Qwen3-8B,4,random,random
R_ekxiIEbuziynrK9,25527,403,3,1.0,Qwen3-8B,2,random,random
R_ekxiIEbuziynrK9,40364,649,2,1.0,Qwen3-8B,4,random,random
R_ekxiIEbuziynrK9,64114,1015,2,1.0,Qwen3-8B,3,random,random
R_ekxiIEbuziynrK9,68477,1085,0,0.0,Qwen3-8B,1,random,random
R_ekxiIEbuziynrK9,85272,1676,0,0.0,Qwen3-8B,2,moral,authority
R_ekxiIEbuziynrK9,85272,1676,0,0.0,Qwen3-8B,2,moral,loyalty
R_ekxiIEbuziynrK9,85272,1676,0,0.0,Qwen3-8B,2,moral,authority
R_ekxiIEbuziynrK9,85272,1676,0,0.0,Qwen3-8B,2,moral,loyalty
R_ekxiIEbuziynrK9,127406,3439,0,0.0,Qwen3-8B,1,moral,authority
R_ekxiIEbuziynrK9,127406,3439,0,0.0,Qwen3-8B,1,random,random
R_ekxiIEbuziynrK9,127406,3439,0,0.0,Qwen3-8B,1,moral,authority
R_ekxiIEbuziynrK9,127406,3439,0,0.0,Qwen3-8B,1,random,random
R_ekxiIEbuziynrK9,145571,4222,2,1.0,Qwen3-8B,4,random,random
R_ekxiIEbuziynrK9,145595,4223,4,1.0,Qwen3-8B,3,social-group,muslim
R_ekxiIEbuziynrK9,145619,4224,0,0.0,Qwen3-8B,3,social-group,LGB
R_ekxiIEbuziynrK9,145643,4225,3,1.0,Qwen3-8B,3,social-group,transgender
R_ekxiIEbuziynrK9,145667,4226,0,0.0,Qwen3-8B,2,moral,loyalty
R_ekxiIEbuziynrK9,145691,4227,0,0.0,Qwen3-8B,2,random,random
R_ekxiIEbuziynrK9,145715,4228,4,1.0,Qwen3-8B,3,social-group,LGB
R_ekxiIEbuziynrK9,145739,4229,0,0.0,Qwen3-8B,2,social-group,christian
R_ekxiIEbuziynrK9,145763,4230,1,0.0,Qwen3-8B,4,social-group,christian
R_ekxiIEbuziynrK9,145787,4231,0,0.0,Qwen3-8B,1,moral,care
R_ekxiIEbuziynrK9,145811,4232,1,0.0,Qwen3-8B,3,social-group,muslim
R_ekxiIEbuziynrK9,145835,4233,0,0.0,Qwen3-8B,2,random,random
R_ekxiIEbuziynrK9,145859,4234,0,0.0,Qwen3-8B,3,social-group,transgender
R_ekxiIEbuziynrK9,145883,4235,1,0.0,Qwen3-8B,3,random,random
R_ekxiIEbuziynrK9,145907,4236,1,0.0,Qwen3-8B,1,social-group,muslim
R_ekxiIEbuziynrK9,145931,4237,0,0.0,Qwen3-8B,4,random,random
R_ekxiIEbuziynrK9,145955,4238,0,0.0,Qwen3-8B,1,moral,fairness
R_ekxiIEbuziynrK9,145979,4239,0,0.0,Qwen3-8B,3,social-group,transgender
R_ekxiIEbuziynrK9,146003,4240,1,0.0,Qwen3-8B,3,random,random
R_ekxiIEbuziynrK9,146027,4241,0,0.0,Qwen3-8B,2,social-group,transgender
R_ekxiIEbuziynrK9,146051,4242,2,1.0,Qwen3-8B,4,social-group,christian
R_ekxiIEbuziynrK9,146075,4243,2,1.0,Qwen3-8B,3,social-group,christian
R_ekxiIEbuziynrK9,146099,4244,0,0.0,Qwen3-8B,3,social-group,muslim
R_ekxiIEbuziynrK9,146123,4245,0,0.0,Qwen3-8B,1,moral,purity
R_ekxiIEbuziynrK9,146147,4246,2,1.0,Qwen3-8B,4,random,random
R_ekxiIEbuziynrK9,146171,4247,0,0.0,Qwen3-8B,1,social-group,christian
R_ekxiIEbuziynrK9,146195,4248,0,0.0,Qwen3-8B,1,social-group,LGB
R_1oBvMG27C7E9Cyk,12840,205,4,1.0,Qwen3-8B,5,random,random
R_1oBvMG27C7E9Cyk,16395,257,3,1.0,Qwen3-8B,4,random,random
R_1oBvMG27C7E9Cyk,25539,403,2,1.0,Qwen3-8B,2,random,random
R_1oBvMG27C7E9Cyk,40375,649,3,1.0,Qwen3-8B,4,random,random
R_1oBvMG27C7E9Cyk,64127,1015,2,1.0,Qwen3-8B,3,random,random
R_1oBvMG27C7E9Cyk,68484,1085,0,0.0,Qwen3-8B,1,random,random
R_1oBvMG27C7E9Cyk,85286,1676,0,0.0,Qwen3-8B,2,moral,authority
R_1oBvMG27C7E9Cyk,85286,1676,0,0.0,Qwen3-8B,2,moral,loyalty
R_1oBvMG27C7E9Cyk,85286,1676,0,0.0,Qwen3-8B,2,moral,authority
R_1oBvMG27C7E9Cyk,85286,1676,0,0.0,Qwen3-8B,2,moral,loyalty
R_1oBvMG27C7E9Cyk,127418,3439,4,1.0,Qwen3-8B,1,moral,authority
R_1oBvMG27C7E9Cyk,127418,3439,4,1.0,Qwen3-8B,1,random,random
R_1oBvMG27C7E9Cyk,127418,3439,4,1.0,Qwen3-8B,1,moral,authority
R_1oBvMG27C7E9Cyk,127418,3439,4,1.0,Qwen3-8B,1,random,random
R_1oBvMG27C7E9Cyk,145574,4222,4,1.0,Qwen3-8B,4,random,random
R_1oBvMG27C7E9Cyk,145598,4223,4,1.0,Qwen3-8B,3,social-group,muslim
R_1oBvMG27C7E9Cyk,145622,4224,3,1.0,Qwen3-8B,3,social-group,LGB
R_1oBvMG27C7E9Cyk,145646,4225,1,0.0,Qwen3-8B,3,social-group,transgender
R_1oBvMG27C7E9Cyk,145670,4226,0,0.0,Qwen3-8B,2,moral,loyalty
R_1oBvMG27C7E9Cyk,145694,4227,1,0.0,Qwen3-8B,2,random,random
R_1oBvMG27C7E9Cyk,145718,4228,4,1.0,Qwen3-8B,3,social-group,LGB
R_1oBvMG27C7E9Cyk,145742,4229,0,0.0,Qwen3-8B,2,social-group,christian
R_1oBvMG27C7E9Cyk,145766,4230,4,1.0,Qwen3-8B,4,social-group,christian
R_1oBvMG27C7E9Cyk,145790,4231,0,0.0,Qwen3-8B,1,moral,care
R_1oBvMG27C7E9Cyk,145814,4232,4,1.0,Qwen3-8B,3,social-group,muslim
R_1oBvMG27C7E9Cyk,145838,4233,1,0.0,Qwen3-8B,2,random,random
R_1oBvMG27C7E9Cyk,145862,4234,2,1.0,Qwen3-8B,3,social-group,transgender
R_1oBvMG27C7E9Cyk,145886,4235,2,1.0,Qwen3-8B,3,random,random
R_1oBvMG27C7E9Cyk,145910,4236,1,0.0,Qwen3-8B,1,social-group,muslim
R_1oBvMG27C7E9Cyk,145934,4237,0,0.0,Qwen3-8B,4,random,random
R_1oBvMG27C7E9Cyk,145958,4238,0,0.0,Qwen3-8B,1,moral,fairness
R_1oBvMG27C7E9Cyk,145982,4239,4,1.0,Qwen3-8B,3,social-group,transgender
R_1oBvMG27C7E9Cyk,146006,4240,3,1.0,Qwen3-8B,3,random,random
R_1oBvMG27C7E9Cyk,146030,4241,1,0.0,Qwen3-8B,2,social-group,transgender
R_1oBvMG27C7E9Cyk,146054,4242,1,0.0,Qwen3-8B,4,social-group,christian
R_1oBvMG27C7E9Cyk,146078,4243,1,0.0,Qwen3-8B,3,social-group,christian
R_1oBvMG27C7E9Cyk,146102,4244,0,0.0,Qwen3-8B,3,social-group,muslim
R_1oBvMG27C7E9Cyk,146126,4245,0,0.0,Qwen3-8B,1,moral,purity
R_1oBvMG27C7E9Cyk,146150,4246,3,1.0,Qwen3-8B,4,random,random
R_1oBvMG27C7E9Cyk,146174,4247,0,0.0,Qwen3-8B,1,social-group,christian
R_1oBvMG27C7E9Cyk,146198,4248,0,0.0,Qwen3-8B,1,social-group,LGB
R_ZvChPdpDXCZUQ4F,12865,205,2,1.0,Qwen3-8B,5,random,random
R_ZvChPdpDXCZUQ4F,16415,257,1,0.0,Qwen3-8B,4,random,random
R_ZvChPdpDXCZUQ4F,25565,403,1,0.0,Qwen3-8B,2,random,random
R_ZvChPdpDXCZUQ4F,40398,649,2,1.0,Qwen3-8B,4,random,random
R_ZvChPdpDXCZUQ4F,64149,1015,1,0.0,Qwen3-8B,3,random,random
R_ZvChPdpDXCZUQ4F,68505,1085,0,0.0,Qwen3-8B,1,random,random
R_ZvChPdpDXCZUQ4F,85322,1676,1,0.0,Qwen3-8B,2,moral,authority
R_ZvChPdpDXCZUQ4F,85322,1676,1,0.0,Qwen3-8B,2,moral,loyalty
R_ZvChPdpDXCZUQ4F,85322,1676,1,0.0,Qwen3-8B,2,moral,authority
R_ZvChPdpDXCZUQ4F,85322,1676,1,0.0,Qwen3-8B,2,moral,loyalty
R_ZvChPdpDXCZUQ4F,127452,3439,1,0.0,Qwen3-8B,1,moral,authority
R_ZvChPdpDXCZUQ4F,127452,3439,1,0.0,Qwen3-8B,1,random,random
R_ZvChPdpDXCZUQ4F,127452,3439,1,0.0,Qwen3-8B,1,moral,authority
R_ZvChPdpDXCZUQ4F,127452,3439,1,0.0,Qwen3-8B,1,random,random
R_ZvChPdpDXCZUQ4F,145583,4222,1,0.0,Qwen3-8B,4,random,random
R_ZvChPdpDXCZUQ4F,145607,4223,2,1.0,Qwen3-8B,3,social-group,muslim
R_ZvChPdpDXCZUQ4F,145631,4224,1,0.0,Qwen3-8B,3,social-group,LGB
R_ZvChPdpDXCZUQ4F,145655,4225,2,1.0,Qwen3-8B,3,social-group,transgender
R_ZvChPdpDXCZUQ4F,145679,4226,1,0.0,Qwen3-8B,2,moral,loyalty
R_ZvChPdpDXCZUQ4F,145703,4227,0,0.0,Qwen3-8B,2,random,random
R_ZvChPdpDXCZUQ4F,145727,4228,2,1.0,Qwen3-8B,3,social-group,LGB
R_ZvChPdpDXCZUQ4F,145751,4229,0,0.0,Qwen3-8B,2,social-group,christian
R_ZvChPdpDXCZUQ4F,145775,4230,2,1.0,Qwen3-8B,4,social-group,christian
R_ZvChPdpDXCZUQ4F,145799,4231,0,0.0,Qwen3-8B,1,moral,care
R_ZvChPdpDXCZUQ4F,145823,4232,2,1.0,Qwen3-8B,3,social-group,muslim
R_ZvChPdpDXCZUQ4F,145847,4233,1,0.0,Qwen3-8B,2,random,random
R_ZvChPdpDXCZUQ4F,145871,4234,0,0.0,Qwen3-8B,3,social-group,transgender
R_ZvChPdpDXCZUQ4F,145895,4235,0,0.0,Qwen3-8B,3,random,random
R_ZvChPdpDXCZUQ4F,145919,4236,-1,,Qwen3-8B,1,social-group,muslim
R_ZvChPdpDXCZUQ4F,145943,4237,2,1.0,Qwen3-8B,4,random,random
R_ZvChPdpDXCZUQ4F,145967,4238,0,0.0,Qwen3-8B,1,moral,fairness
R_ZvChPdpDXCZUQ4F,145991,4239,2,1.0,Qwen3-8B,3,social-group,transgender
R_ZvChPdpDXCZUQ4F,146015,4240,2,1.0,Qwen3-8B,3,random,random
R_ZvChPdpDXCZUQ4F,146039,4241,2,1.0,Qwen3-8B,2,social-group,transgender
R_ZvChPdpDXCZUQ4F,146063,4242,1,0.0,Qwen3-8B,4,social-group,christian
R_ZvChPdpDXCZUQ4F,146087,4243,2,1.0,Qwen3-8B,3,social-group,christian
R_ZvChPdpDXCZUQ4F,146111,4244,1,0.0,Qwen3-8B,3,social-group,muslim
R_ZvChPdpDXCZUQ4F,146135,4245,2,1.0,Qwen3-8B,1,moral,purity
R_ZvChPdpDXCZUQ4F,146159,4246,1,0.0,Qwen3-8B,4,random,random
R_ZvChPdpDXCZUQ4F,146183,4247,0,0.0,Qwen3-8B,1,social-group,christian
R_ZvChPdpDXCZUQ4F,146207,4248,1,0.0,Qwen3-8B,1,social-group,LGB
R_3kyRH46nZq1EWTo,13517,215,-1,,Qwen3-8B,2,random,random
R_3kyRH46nZq1EWTo,13583,216,0,0.0,Qwen3-8B,2,random,random
R_3kyRH46nZq1EWTo,13650,217,-1,,Qwen3-8B,2,random,random
R_3kyRH46nZq1EWTo,13715,218,2,1.0,Qwen3-8B,3,random,random
R_3kyRH46nZq1EWTo,13780,219,1,0.0,Qwen3-8B,1,random,random
R_3kyRH46nZq1EWTo,13845,220,2,1.0,Qwen3-8B,3,random,random
R_3kyRH46nZq1EWTo,13911,221,0,0.0,Qwen3-8B,1,random,random
R_3kyRH46nZq1EWTo,13977,222,3,1.0,Qwen3-8B,5,random,random
R_3kyRH46nZq1EWTo,14043,223,2,1.0,Qwen3-8B,3,random,random
R_3kyRH46nZq1EWTo,14108,224,1,0.0,Qwen3-8B,5,random,random
R_3kyRH46nZq1EWTo,14174,225,1,0.0,Qwen3-8B,2,random,random
R_3kyRH46nZq1EWTo,14241,226,0,0.0,Qwen3-8B,1,random,random
R_3kyRH46nZq1EWTo,14308,227,1,0.0,Qwen3-8B,1,random,random
R_3kyRH46nZq1EWTo,14375,228,1,0.0,Qwen3-8B,2,random,random
R_3kyRH46nZq1EWTo,14442,229,1,0.0,Qwen3-8B,3,random,random
R_3kyRH46nZq1EWTo,14507,230,1,0.0,Qwen3-8B,1,random,random
R_3kyRH46nZq1EWTo,14574,231,1,0.0,Qwen3-8B,2,random,random
R_3kyRH46nZq1EWTo,14641,232,1,0.0,Qwen3-8B,2,random,random
R_3kyRH46nZq1EWTo,14708,233,1,0.0,Qwen3-8B,1,random,random
R_3kyRH46nZq1EWTo,14774,234,1,0.0,Qwen3-8B,3,random,random
R_3kyRH46nZq1EWTo,14881,235,1,0.0,Qwen3-8B,3,random,random
R_3kyRH46nZq1EWTo,14881,235,1,0.0,Qwen3-8B,3,moral,loyalty
R_3kyRH46nZq1EWTo,14881,235,1,0.0,Qwen3-8B,3,random,random
R_3kyRH46nZq1EWTo,14881,235,1,0.0,Qwen3-8B,3,moral,loyalty
R_3kyRH46nZq1EWTo,15018,236,1,0.0,Qwen3-8B,2,random,random
R_3kyRH46nZq1EWTo,15084,237,0,0.0,Qwen3-8B,3,random,random
R_3kyRH46nZq1EWTo,15152,238,1,0.0,Qwen3-8B,3,random,random
R_3kyRH46nZq1EWTo,15217,239,1,0.0,Qwen3-8B,3,random,random
R_3kyRH46nZq1EWTo,15284,240,1,0.0,Qwen3-8B,3,random,random
R_3kyRH46nZq1EWTo,15352,241,1,0.0,Qwen3-8B,2,random,random
R_3kyRH46nZq1EWTo,15417,242,1,0.0,Qwen3-8B,4,random,random
R_3kyRH46nZq1EWTo,15485,243,1,0.0,Qwen3-8B,5,random,random
R_3kyRH46nZq1EWTo,15552,244,1,0.0,Qwen3-8B,2,random,random
R_3kyRH46nZq1EWTo,15618,245,1,0.0,Qwen3-8B,1,random,random
R_3kyRH46nZq1EWTo,15684,246,1,0.0,Qwen3-8B,1,random,random
R_3kyRH46nZq1EWTo,15750,247,1,0.0,Qwen3-8B,3,random,random
R_3kyRH46nZq1EWTo,15818,248,1,0.0,Qwen3-8B,3,random,random
R_3kyRH46nZq1EWTo,15884,249,2,1.0,Qwen3-8B,3,random,random
R_3QJZWEHc3gkExOh,13518,215,-1,,Qwen3-8B,2,random,random
R_3QJZWEHc3gkExOh,13584,216,3,1.0,Qwen3-8B,2,random,random
R_3QJZWEHc3gkExOh,13651,217,2,1.0,Qwen3-8B,2,random,random
R_3QJZWEHc3gkExOh,13716,218,3,1.0,Qwen3-8B,3,random,random
R_3QJZWEHc3gkExOh,13781,219,1,0.0,Qwen3-8B,1,random,random
R_3QJZWEHc3gkExOh,13846,220,1,0.0,Qwen3-8B,3,random,random
R_3QJZWEHc3gkExOh,13912,221,1,0.0,Qwen3-8B,1,random,random
R_3QJZWEHc3gkExOh,13978,222,4,1.0,Qwen3-8B,5,random,random
R_3QJZWEHc3gkExOh,14044,223,-1,,Qwen3-8B,3,random,random
R_3QJZWEHc3gkExOh,14109,224,0,0.0,Qwen3-8B,5,random,random
R_3QJZWEHc3gkExOh,14175,225,4,1.0,Qwen3-8B,2,random,random
R_3QJZWEHc3gkExOh,14242,226,2,1.0,Qwen3-8B,1,random,random
R_3QJZWEHc3gkExOh,14309,227,0,0.0,Qwen3-8B,1,random,random
R_3QJZWEHc3gkExOh,14376,228,0,0.0,Qwen3-8B,2,random,random
R_3QJZWEHc3gkExOh,14443,229,1,0.0,Qwen3-8B,3,random,random
R_3QJZWEHc3gkExOh,14508,230,0,0.0,Qwen3-8B,1,random,random
R_3QJZWEHc3gkExOh,14575,231,2,1.0,Qwen3-8B,2,random,random
R_3QJZWEHc3gkExOh,14642,232,0,0.0,Qwen3-8B,2,random,random
R_3QJZWEHc3gkExOh,14709,233,-1,,Qwen3-8B,1,random,random
R_3QJZWEHc3gkExOh,14775,234,1,0.0,Qwen3-8B,3,random,random
R_3QJZWEHc3gkExOh,14883,235,4,1.0,Qwen3-8B,3,random,random
R_3QJZWEHc3gkExOh,14883,235,4,1.0,Qwen3-8B,3,moral,loyalty
R_3QJZWEHc3gkExOh,14883,235,4,1.0,Qwen3-8B,3,random,random
R_3QJZWEHc3gkExOh,14883,235,4,1.0,Qwen3-8B,3,moral,loyalty
R_3QJZWEHc3gkExOh,15019,236,2,1.0,Qwen3-8B,2,random,random
R_3QJZWEHc3gkExOh,15085,237,-1,,Qwen3-8B,3,random,random
R_3QJZWEHc3gkExOh,15153,238,1,0.0,Qwen3-8B,3,random,random
R_3QJZWEHc3gkExOh,15218,239,3,1.0,Qwen3-8B,3,random,random
R_3QJZWEHc3gkExOh,15285,240,4,1.0,Qwen3-8B,3,random,random
R_3QJZWEHc3gkExOh,15353,241,-1,,Qwen3-8B,2,random,random
R_3QJZWEHc3gkExOh,15418,242,1,0.0,Qwen3-8B,4,random,random
R_3QJZWEHc3gkExOh,15486,243,3,1.0,Qwen3-8B,5,random,random
R_3QJZWEHc3gkExOh,15553,244,1,0.0,Qwen3-8B,2,random,random
R_3QJZWEHc3gkExOh,15619,245,0,0.0,Qwen3-8B,1,random,random
R_3QJZWEHc3gkExOh,15685,246,2,1.0,Qwen3-8B,1,random,random
R_3QJZWEHc3gkExOh,15751,247,1,0.0,Qwen3-8B,3,random,random
R_3QJZWEHc3gkExOh,15819,248,-1,,Qwen3-8B,3,random,random
R_3QJZWEHc3gkExOh,15885,249,1,0.0,Qwen3-8B,3,random,random
R_1k02u2AGxp8275Y,13523,215,0,0.0,Qwen3-8B,2,random,random
R_1k02u2AGxp8275Y,13589,216,0,0.0,Qwen3-8B,2,random,random
R_1k02u2AGxp8275Y,13656,217,0,0.0,Qwen3-8B,2,random,random
R_1k02u2AGxp8275Y,13721,218,1,0.0,Qwen3-8B,3,random,random
R_1k02u2AGxp8275Y,13786,219,0,0.0,Qwen3-8B,1,random,random
R_1k02u2AGxp8275Y,13851,220,2,1.0,Qwen3-8B,3,random,random
R_1k02u2AGxp8275Y,13917,221,1,0.0,Qwen3-8B,1,random,random
R_1k02u2AGxp8275Y,13983,222,4,1.0,Qwen3-8B,5,random,random
R_1k02u2AGxp8275Y,14049,223,0,0.0,Qwen3-8B,3,random,random
R_1k02u2AGxp8275Y,14114,224,0,0.0,Qwen3-8B,5,random,random
R_1k02u2AGxp8275Y,14180,225,0,0.0,Qwen3-8B,2,random,random
R_1k02u2AGxp8275Y,14247,226,0,0.0,Qwen3-8B,1,random,random
R_1k02u2AGxp8275Y,14314,227,0,0.0,Qwen3-8B,1,random,random
R_1k02u2AGxp8275Y,14381,228,0,0.0,Qwen3-8B,2,random,random
R_1k02u2AGxp8275Y,14448,229,0,0.0,Qwen3-8B,3,random,random
R_1k02u2AGxp8275Y,14513,230,0,0.0,Qwen3-8B,1,random,random
R_1k02u2AGxp8275Y,14580,231,0,0.0,Qwen3-8B,2,random,random
R_1k02u2AGxp8275Y,14647,232,0,0.0,Qwen3-8B,2,random,random
R_1k02u2AGxp8275Y,14714,233,0,0.0,Qwen3-8B,1,random,random
R_1k02u2AGxp8275Y,14780,234,0,0.0,Qwen3-8B,3,random,random
R_1k02u2AGxp8275Y,14893,235,0,0.0,Qwen3-8B,3,random,random
R_1k02u2AGxp8275Y,14893,235,0,0.0,Qwen3-8B,3,moral,loyalty
R_1k02u2AGxp8275Y,14893,235,0,0.0,Qwen3-8B,3,random,random
R_1k02u2AGxp8275Y,14893,235,0,0.0,Qwen3-8B,3,moral,loyalty
R_1k02u2AGxp8275Y,15024,236,1,0.0,Qwen3-8B,2,random,random
R_1k02u2AGxp8275Y,15090,237,1,0.0,Qwen3-8B,3,random,random
R_1k02u2AGxp8275Y,15158,238,0,0.0,Qwen3-8B,3,random,random
R_1k02u2AGxp8275Y,15223,239,0,0.0,Qwen3-8B,3,random,random
R_1k02u2AGxp8275Y,15290,240,0,0.0,Qwen3-8B,3,random,random
R_1k02u2AGxp8275Y,15358,241,0,0.0,Qwen3-8B,2,random,random
R_1k02u2AGxp8275Y,15423,242,0,0.0,Qwen3-8B,4,random,random
R_1k02u2AGxp8275Y,15491,243,0,0.0,Qwen3-8B,5,random,random
R_1k02u2AGxp8275Y,15558,244,0,0.0,Qwen3-8B,2,random,random
R_1k02u2AGxp8275Y,15624,245,0,0.0,Qwen3-8B,1,random,random
R_1k02u2AGxp8275Y,15690,246,0,0.0,Qwen3-8B,1,random,random
R_1k02u2AGxp8275Y,15756,247,0,0.0,Qwen3-8B,3,random,random
R_1k02u2AGxp8275Y,15824,248,0,0.0,Qwen3-8B,3,random,random
R_1k02u2AGxp8275Y,15890,249,0,0.0,Qwen3-8B,3,random,random
R_3JDCWD3vUb0DYOq,13533,215,0,0.0,Qwen3-8B,2,random,random
R_3JDCWD3vUb0DYOq,13599,216,0,0.0,Qwen3-8B,2,random,random
R_3JDCWD3vUb0DYOq,13666,217,0,0.0,Qwen3-8B,2,random,random
R_3JDCWD3vUb0DYOq,13731,218,0,0.0,Qwen3-8B,3,random,random
R_3JDCWD3vUb0DYOq,13796,219,0,0.0,Qwen3-8B,1,random,random
R_3JDCWD3vUb0DYOq,13861,220,0,0.0,Qwen3-8B,3,random,random
R_3JDCWD3vUb0DYOq,13927,221,0,0.0,Qwen3-8B,1,random,random
R_3JDCWD3vUb0DYOq,13993,222,0,0.0,Qwen3-8B,5,random,random
R_3JDCWD3vUb0DYOq,14059,223,0,0.0,Qwen3-8B,3,random,random
R_3JDCWD3vUb0DYOq,14124,224,0,0.0,Qwen3-8B,5,random,random
R_3JDCWD3vUb0DYOq,14190,225,0,0.0,Qwen3-8B,2,random,random
R_3JDCWD3vUb0DYOq,14257,226,0,0.0,Qwen3-8B,1,random,random
R_3JDCWD3vUb0DYOq,14324,227,0,0.0,Qwen3-8B,1,random,random
R_3JDCWD3vUb0DYOq,14391,228,0,0.0,Qwen3-8B,2,random,random
R_3JDCWD3vUb0DYOq,14457,229,0,0.0,Qwen3-8B,3,random,random
R_3JDCWD3vUb0DYOq,14523,230,0,0.0,Qwen3-8B,1,random,random
R_3JDCWD3vUb0DYOq,14590,231,0,0.0,Qwen3-8B,2,random,random
R_3JDCWD3vUb0DYOq,14657,232,0,0.0,Qwen3-8B,2,random,random
R_3JDCWD3vUb0DYOq,14724,233,0,0.0,Qwen3-8B,1,random,random
R_3JDCWD3vUb0DYOq,14790,234,0,0.0,Qwen3-8B,3,random,random
R_3JDCWD3vUb0DYOq,14919,235,0,0.0,Qwen3-8B,3,random,random
R_3JDCWD3vUb0DYOq,14919,235,0,0.0,Qwen3-8B,3,moral,loyalty
R_3JDCWD3vUb0DYOq,14919,235,0,0.0,Qwen3-8B,3,random,random
R_3JDCWD3vUb0DYOq,14919,235,0,0.0,Qwen3-8B,3,moral,loyalty
R_3JDCWD3vUb0DYOq,15034,236,0,0.0,Qwen3-8B,2,random,random
R_3JDCWD3vUb0DYOq,15100,237,0,0.0,Qwen3-8B,3,random,random
R_3JDCWD3vUb0DYOq,15168,238,0,0.0,Qwen3-8B,3,random,random
R_3JDCWD3vUb0DYOq,15233,239,0,0.0,Qwen3-8B,3,random,random
R_3JDCWD3vUb0DYOq,15300,240,0,0.0,Qwen3-8B,3,random,random
R_3JDCWD3vUb0DYOq,15368,241,0,0.0,Qwen3-8B,2,random,random
R_3JDCWD3vUb0DYOq,15433,242,0,0.0,Qwen3-8B,4,random,random
R_3JDCWD3vUb0DYOq,15501,243,0,0.0,Qwen3-8B,5,random,random
R_3JDCWD3vUb0DYOq,15568,244,0,0.0,Qwen3-8B,2,random,random
R_3JDCWD3vUb0DYOq,15634,245,0,0.0,Qwen3-8B,1,random,random
R_3JDCWD3vUb0DYOq,15700,246,0,0.0,Qwen3-8B,1,random,random
R_3JDCWD3vUb0DYOq,15766,247,0,0.0,Qwen3-8B,3,random,random
R_3JDCWD3vUb0DYOq,15834,248,0,0.0,Qwen3-8B,3,random,random
R_3JDCWD3vUb0DYOq,15900,249,0,0.0,Qwen3-8B,3,random,random
R_1FnvRcDX014DWI1,13724,218,0,0.0,Qwen3-8B,3,random,random
R_1FnvRcDX014DWI1,19738,310,3,1.0,Qwen3-8B,3,random,random
R_1FnvRcDX014DWI1,20750,326,0,0.0,Qwen3-8B,2,random,random
R_1FnvRcDX014DWI1,24778,391,4,1.0,Qwen3-8B,4,random,random
R_1FnvRcDX014DWI1,29650,475,2,1.0,Qwen3-8B,4,random,random
R_1FnvRcDX014DWI1,42613,686,0,0.0,Qwen3-8B,3,random,random
R_1FnvRcDX014DWI1,43685,703,3,1.0,Qwen3-8B,1,random,random
R_1FnvRcDX014DWI1,45707,732,1,0.0,Qwen3-8B,2,random,random
R_1FnvRcDX014DWI1,47707,761,1,0.0,Qwen3-8B,3,random,random
R_1FnvRcDX014DWI1,103233,2409,4,1.0,Qwen3-8B,4,social-group,christian
R_1FnvRcDX014DWI1,103255,2410,3,1.0,Qwen3-8B,3,social-group,LGB
R_1FnvRcDX014DWI1,103277,2411,2,1.0,Qwen3-8B,4,moral,purity
R_1FnvRcDX014DWI1,103299,2412,0,0.0,Qwen3-8B,1,moral,care
R_1FnvRcDX014DWI1,103321,2413,3,1.0,Qwen3-8B,4,social-group,christian
R_1FnvRcDX014DWI1,103343,2414,0,0.0,Qwen3-8B,1,moral,purity
R_1FnvRcDX014DWI1,103365,2415,4,1.0,Qwen3-8B,4,social-group,muslim
R_1FnvRcDX014DWI1,103387,2416,3,1.0,Qwen3-8B,3,social-group,christian
R_1FnvRcDX014DWI1,103409,2417,0,0.0,Qwen3-8B,1,moral,purity
R_1FnvRcDX014DWI1,103431,2418,0,0.0,Qwen3-8B,3,social-group,transgender
R_1FnvRcDX014DWI1,103453,2419,0,0.0,Qwen3-8B,3,random,random
R_1FnvRcDX014DWI1,103475,2420,1,0.0,Qwen3-8B,3,social-group,transgender
R_1FnvRcDX014DWI1,103497,2421,0,0.0,Qwen3-8B,2,random,random
R_1FnvRcDX014DWI1,103519,2422,1,0.0,Qwen3-8B,2,random,random
R_1FnvRcDX014DWI1,103541,2423,0,0.0,Qwen3-8B,3,moral,care
R_1FnvRcDX014DWI1,103563,2424,2,1.0,Qwen3-8B,2,random,random
R_1FnvRcDX014DWI1,103585,2425,0,0.0,Qwen3-8B,1,moral,fairness
R_1FnvRcDX014DWI1,103607,2426,1,0.0,Qwen3-8B,3,social-group,muslim
R_1FnvRcDX014DWI1,103629,2427,0,0.0,Qwen3-8B,4,social-group,muslim
R_1FnvRcDX014DWI1,103651,2428,3,1.0,Qwen3-8B,3,social-group,LGB
R_1FnvRcDX014DWI1,103673,2429,0,0.0,Qwen3-8B,2,social-group,LGB
R_1FnvRcDX014DWI1,103695,2430,0,0.0,Qwen3-8B,1,random,random
R_1FnvRcDX014DWI1,103717,2431,1,0.0,Qwen3-8B,1,social-group,LGB
R_1FnvRcDX014DWI1,103739,2432,1,0.0,Qwen3-8B,3,random,random
R_1FnvRcDX014DWI1,103761,2433,0,0.0,Qwen3-8B,1,moral,care
R_1FnvRcDX014DWI1,103783,2434,0,0.0,Qwen3-8B,1,moral,authority
R_1FtQwPDIYGN19et,14100,224,0,0.0,Qwen3-8B,5,random,random
R_1FtQwPDIYGN19et,19057,300,0,0.0,Qwen3-8B,2,random,random
R_1FtQwPDIYGN19et,20186,317,0,0.0,Qwen3-8B,3,random,random
R_1FtQwPDIYGN19et,21434,336,1,0.0,Qwen3-8B,3,random,random
R_1FtQwPDIYGN19et,23391,367,1,0.0,Qwen3-8B,2,random,random
R_1FtQwPDIYGN19et,27225,432,2,1.0,Qwen3-8B,2,random,random
R_1FtQwPDIYGN19et,27788,443,4,1.0,Qwen3-8B,3,random,random
R_1FtQwPDIYGN19et,32981,525,0,0.0,Qwen3-8B,3,random,random
R_1FtQwPDIYGN19et,36722,588,3,1.0,Qwen3-8B,1,random,random
R_1FtQwPDIYGN19et,42918,691,2,1.0,Qwen3-8B,3,random,random
R_1FtQwPDIYGN19et,44108,710,0,0.0,Qwen3-8B,3,random,random
R_1FtQwPDIYGN19et,57660,907,0,0.0,Qwen3-8B,1,random,random
R_1FtQwPDIYGN19et,57660,907,0,0.0,Qwen3-8B,1,moral,care
R_1FtQwPDIYGN19et,57660,907,0,0.0,Qwen3-8B,1,random,random
R_1FtQwPDIYGN19et,57660,907,0,0.0,Qwen3-8B,1,moral,care
R_1FtQwPDIYGN19et,59958,944,0,0.0,Qwen3-8B,1,random,random
R_1FtQwPDIYGN19et,61737,977,2,1.0,Qwen3-8B,2,random,random
R_1FtQwPDIYGN19et,62635,991,3,1.0,Qwen3-8B,4,random,random
R_1FtQwPDIYGN19et,65266,1033,0,0.0,Qwen3-8B,3,random,random
R_1FtQwPDIYGN19et,134748,3749,0,0.0,Qwen3-8B,2,social-group,muslim
R_1FtQwPDIYGN19et,134769,3750,0,0.0,Qwen3-8B,2,random,random
R_1FtQwPDIYGN19et,134790,3751,3,1.0,Qwen3-8B,5,social-group,transgender
R_1FtQwPDIYGN19et,134811,3752,3,1.0,Qwen3-8B,4,random,random
R_1FtQwPDIYGN19et,134832,3753,0,0.0,Qwen3-8B,5,social-group,jewish
R_1FtQwPDIYGN19et,134853,3754,1,0.0,Qwen3-8B,3,random,random
R_1FtQwPDIYGN19et,134874,3755,1,0.0,Qwen3-8B,5,social-group,LGB
R_1FtQwPDIYGN19et,134895,3756,0,0.0,Qwen3-8B,1,social-group,jewish
R_1FtQwPDIYGN19et,134916,3757,0,0.0,Qwen3-8B,2,random,random
R_1FtQwPDIYGN19et,134937,3758,2,1.0,Qwen3-8B,2,random,random
R_1FtQwPDIYGN19et,134958,3759,3,1.0,Qwen3-8B,4,social-group,LGB
R_1FtQwPDIYGN19et,134979,3760,0,0.0,Qwen3-8B,3,social-group,transgender
R_1FtQwPDIYGN19et,135000,3761,3,1.0,Qwen3-8B,4,social-group,transgender
R_1FtQwPDIYGN19et,135021,3762,2,1.0,Qwen3-8B,2,random,random
R_1FtQwPDIYGN19et,135042,3763,0,0.0,Qwen3-8B,1,social-group,jewish
R_1FtQwPDIYGN19et,135063,3764,1,0.0,Qwen3-8B,2,social-group,jewish
R_1FtQwPDIYGN19et,135084,3765,0,0.0,Qwen3-8B,3,moral,loyalty
R_1FtQwPDIYGN19et,135105,3766,2,1.0,Qwen3-8B,3,social-group,jewish
R_1FtQwPDIYGN19et,135126,3767,2,1.0,Qwen3-8B,1,moral,care
R_1mfPB5U3BFxkzXM,14129,224,1,0.0,Qwen3-8B,5,random,random
R_1mfPB5U3BFxkzXM,19082,300,1,0.0,Qwen3-8B,2,random,random
R_1mfPB5U3BFxkzXM,20211,317,2,1.0,Qwen3-8B,3,random,random
R_1mfPB5U3BFxkzXM,21457,336,1,0.0,Qwen3-8B,3,random,random
R_1mfPB5U3BFxkzXM,23411,367,2,1.0,Qwen3-8B,2,random,random
R_1mfPB5U3BFxkzXM,27246,432,1,0.0,Qwen3-8B,2,random,random
R_1mfPB5U3BFxkzXM,27809,443,2,1.0,Qwen3-8B,3,random,random
R_1mfPB5U3BFxkzXM,33007,525,3,1.0,Qwen3-8B,3,random,random
R_1mfPB5U3BFxkzXM,36746,588,0,0.0,Qwen3-8B,1,random,random
R_1mfPB5U3BFxkzXM,42941,691,0,0.0,Qwen3-8B,3,random,random
R_1mfPB5U3BFxkzXM,44137,710,0,0.0,Qwen3-8B,3,random,random
R_1mfPB5U3BFxkzXM,57744,907,0,0.0,Qwen3-8B,1,random,random
R_1mfPB5U3BFxkzXM,57744,907,0,0.0,Qwen3-8B,1,moral,care
R_1mfPB5U3BFxkzXM,57744,907,0,0.0,Qwen3-8B,1,random,random
R_1mfPB5U3BFxkzXM,57744,907,0,0.0,Qwen3-8B,1,moral,care
R_1mfPB5U3BFxkzXM,59979,944,1,0.0,Qwen3-8B,1,random,random
R_1mfPB5U3BFxkzXM,61757,977,1,0.0,Qwen3-8B,2,random,random
R_1mfPB5U3BFxkzXM,62661,991,1,0.0,Qwen3-8B,4,random,random
R_1mfPB5U3BFxkzXM,65295,1033,1,0.0,Qwen3-8B,3,random,random
R_1mfPB5U3BFxkzXM,134757,3749,2,1.0,Qwen3-8B,2,social-group,muslim
R_1mfPB5U3BFxkzXM,134778,3750,-1,,Qwen3-8B,2,random,random
R_1mfPB5U3BFxkzXM,134799,3751,4,1.0,Qwen3-8B,5,social-group,transgender
R_1mfPB5U3BFxkzXM,134820,3752,2,1.0,Qwen3-8B,4,random,random
R_1mfPB5U3BFxkzXM,134841,3753,4,1.0,Qwen3-8B,5,social-group,jewish
R_1mfPB5U3BFxkzXM,134862,3754,3,1.0,Qwen3-8B,3,random,random
R_1mfPB5U3BFxkzXM,134883,3755,2,1.0,Qwen3-8B,5,social-group,LGB
R_1mfPB5U3BFxkzXM,134904,3756,3,1.0,Qwen3-8B,1,social-group,jewish
R_1mfPB5U3BFxkzXM,134925,3757,1,0.0,Qwen3-8B,2,random,random
R_1mfPB5U3BFxkzXM,134946,3758,2,1.0,Qwen3-8B,2,random,random
R_1mfPB5U3BFxkzXM,134967,3759,3,1.0,Qwen3-8B,4,social-group,LGB
R_1mfPB5U3BFxkzXM,134988,3760,2,1.0,Qwen3-8B,3,social-group,transgender
R_1mfPB5U3BFxkzXM,135009,3761,1,0.0,Qwen3-8B,4,social-group,transgender
R_1mfPB5U3BFxkzXM,135030,3762,3,1.0,Qwen3-8B,2,random,random
R_1mfPB5U3BFxkzXM,135051,3763,3,1.0,Qwen3-8B,1,social-group,jewish
R_1mfPB5U3BFxkzXM,135072,3764,1,0.0,Qwen3-8B,2,social-group,jewish
R_1mfPB5U3BFxkzXM,135093,3765,1,0.0,Qwen3-8B,3,moral,loyalty
R_1mfPB5U3BFxkzXM,135114,3766,1,0.0,Qwen3-8B,3,social-group,jewish
R_1mfPB5U3BFxkzXM,135135,3767,1,0.0,Qwen3-8B,1,moral,care
R_3Kq0ahdZlSJEYmB,14772,234,0,0.0,Qwen3-8B,3,random,random
R_3Kq0ahdZlSJEYmB,16012,251,1,0.0,Qwen3-8B,2,random,random
R_3Kq0ahdZlSJEYmB,25083,396,0,0.0,Qwen3-8B,5,random,random
R_3Kq0ahdZlSJEYmB,34304,547,2,1.0,Qwen3-8B,2,random,random
R_3Kq0ahdZlSJEYmB,39816,640,0,0.0,Qwen3-8B,2,random,random
R_3Kq0ahdZlSJEYmB,43175,695,2,1.0,Qwen3-8B,1,random,random
R_3Kq0ahdZlSJEYmB,50801,807,0,0.0,Qwen3-8B,2,random,random
R_3Kq0ahdZlSJEYmB,55469,876,1,0.0,Qwen3-8B,5,random,random
R_3Kq0ahdZlSJEYmB,57430,904,0,0.0,Qwen3-8B,2,random,random
R_3Kq0ahdZlSJEYmB,63617,1007,0,0.0,Qwen3-8B,1,random,random
R_3Kq0ahdZlSJEYmB,133528,3698,0,0.0,Qwen3-8B,1,moral,purity
R_3Kq0ahdZlSJEYmB,133552,3699,2,1.0,Qwen3-8B,3,social-group,LGB
R_3Kq0ahdZlSJEYmB,133576,3700,0,0.0,Qwen3-8B,2,social-group,transgender
R_3Kq0ahdZlSJEYmB,133600,3701,1,0.0,Qwen3-8B,3,social-group,christian
R_3Kq0ahdZlSJEYmB,133624,3702,0,0.0,Qwen3-8B,1,social-group,jewish
R_3Kq0ahdZlSJEYmB,133648,3703,0,0.0,Qwen3-8B,3,random,random
R_3Kq0ahdZlSJEYmB,133672,3704,1,0.0,Qwen3-8B,2,social-group,christian
R_3Kq0ahdZlSJEYmB,133696,3705,0,0.0,Qwen3-8B,2,random,random
R_3Kq0ahdZlSJEYmB,133720,3706,1,0.0,Qwen3-8B,3,social-group,LGB
R_3Kq0ahdZlSJEYmB,133744,3707,0,0.0,Qwen3-8B,3,random,random
R_3Kq0ahdZlSJEYmB,133768,3708,0,0.0,Qwen3-8B,1,social-group,jewish
R_3Kq0ahdZlSJEYmB,133792,3709,0,0.0,Qwen3-8B,1,random,random
R_3Kq0ahdZlSJEYmB,133816,3710,3,1.0,Qwen3-8B,2,social-group,transgender
R_3Kq0ahdZlSJEYmB,133840,3711,0,0.0,Qwen3-8B,3,social-group,transgender
R_3Kq0ahdZlSJEYmB,133864,3712,0,0.0,Qwen3-8B,2,moral,care
R_3Kq0ahdZlSJEYmB,133888,3713,1,0.0,Qwen3-8B,3,random,random
R_3Kq0ahdZlSJEYmB,133912,3714,0,0.0,Qwen3-8B,2,social-group,LGB
R_3Kq0ahdZlSJEYmB,133936,3715,0,0.0,Qwen3-8B,2,random,random
R_3Kq0ahdZlSJEYmB,133960,3716,0,0.0,Qwen3-8B,2,random,random
R_3Kq0ahdZlSJEYmB,133984,3717,4,1.0,Qwen3-8B,5,social-group,jewish
R_3Kq0ahdZlSJEYmB,134008,3718,0,0.0,Qwen3-8B,2,social-group,LGB
R_3Kq0ahdZlSJEYmB,134032,3719,0,0.0,Qwen3-8B,1,social-group,transgender
R_3Kq0ahdZlSJEYmB,134056,3720,3,1.0,Qwen3-8B,5,social-group,transgender
R_3Kq0ahdZlSJEYmB,134080,3721,0,0.0,Qwen3-8B,3,random,random
R_3Kq0ahdZlSJEYmB,134104,3722,0,0.0,Qwen3-8B,2,random,random
R_6XAQv39x3se3ao1,14784,234,1,0.0,Qwen3-8B,3,random,random
R_6XAQv39x3se3ao1,16022,251,-1,,Qwen3-8B,2,random,random
R_6XAQv39x3se3ao1,25091,396,0,0.0,Qwen3-8B,5,random,random
R_6XAQv39x3se3ao1,34313,547,1,0.0,Qwen3-8B,2,random,random
R_6XAQv39x3se3ao1,39823,640,-1,,Qwen3-8B,2,random,random
R_6XAQv39x3se3ao1,43182,695,-1,,Qwen3-8B,1,random,random
R_6XAQv39x3se3ao1,50808,807,0,0.0,Qwen3-8B,2,random,random
R_6XAQv39x3se3ao1,55477,876,2,1.0,Qwen3-8B,5,random,random
R_6XAQv39x3se3ao1,57440,904,-1,,Qwen3-8B,2,random,random
R_6XAQv39x3se3ao1,63625,1007,-1,,Qwen3-8B,1,random,random
R_6XAQv39x3se3ao1,133532,3698,0,0.0,Qwen3-8B,1,moral,purity
R_6XAQv39x3se3ao1,133556,3699,3,1.0,Qwen3-8B,3,social-group,LGB
R_6XAQv39x3se3ao1,133580,3700,0,0.0,Qwen3-8B,2,social-group,transgender
R_6XAQv39x3se3ao1,133604,3701,0,0.0,Qwen3-8B,3,social-group,christian
R_6XAQv39x3se3ao1,133628,3702,0,0.0,Qwen3-8B,1,social-group,jewish
R_6XAQv39x3se3ao1,133652,3703,4,1.0,Qwen3-8B,3,random,random
R_6XAQv39x3se3ao1,133676,3704,0,0.0,Qwen3-8B,2,social-group,christian
R_6XAQv39x3se3ao1,133700,3705,0,0.0,Qwen3-8B,2,random,random
R_6XAQv39x3se3ao1,133724,3706,1,0.0,Qwen3-8B,3,social-group,LGB
R_6XAQv39x3se3ao1,133748,3707,1,0.0,Qwen3-8B,3,random,random
R_6XAQv39x3se3ao1,133772,3708,-1,,Qwen3-8B,1,social-group,jewish
R_6XAQv39x3se3ao1,133796,3709,0,0.0,Qwen3-8B,1,random,random
R_6XAQv39x3se3ao1,133820,3710,3,1.0,Qwen3-8B,2,social-group,transgender
R_6XAQv39x3se3ao1,133844,3711,3,1.0,Qwen3-8B,3,social-group,transgender
R_6XAQv39x3se3ao1,133868,3712,1,0.0,Qwen3-8B,2,moral,care
R_6XAQv39x3se3ao1,133892,3713,3,1.0,Qwen3-8B,3,random,random
R_6XAQv39x3se3ao1,133916,3714,0,0.0,Qwen3-8B,2,social-group,LGB
R_6XAQv39x3se3ao1,133940,3715,2,1.0,Qwen3-8B,2,random,random
R_6XAQv39x3se3ao1,133964,3716,1,0.0,Qwen3-8B,2,random,random
R_6XAQv39x3se3ao1,133988,3717,4,1.0,Qwen3-8B,5,social-group,jewish
R_6XAQv39x3se3ao1,134012,3718,-1,,Qwen3-8B,2,social-group,LGB
R_6XAQv39x3se3ao1,134036,3719,0,0.0,Qwen3-8B,1,social-group,transgender
R_6XAQv39x3se3ao1,134060,3720,2,1.0,Qwen3-8B,5,social-group,transgender
R_6XAQv39x3se3ao1,134084,3721,0,0.0,Qwen3-8B,3,random,random
R_6XAQv39x3se3ao1,134108,3722,-1,,Qwen3-8B,2,random,random
R_3FKvUZe9BH89xrC,14794,234,0,0.0,Qwen3-8B,3,random,random
R_3FKvUZe9BH89xrC,16027,251,-1,,Qwen3-8B,2,random,random
R_3FKvUZe9BH89xrC,25100,396,0,0.0,Qwen3-8B,5,random,random
R_3FKvUZe9BH89xrC,34322,547,0,0.0,Qwen3-8B,2,random,random
R_3FKvUZe9BH89xrC,39832,640,-1,,Qwen3-8B,2,random,random
R_3FKvUZe9BH89xrC,43191,695,0,0.0,Qwen3-8B,1,random,random
R_3FKvUZe9BH89xrC,50813,807,2,1.0,Qwen3-8B,2,random,random
R_3FKvUZe9BH89xrC,55482,876,0,0.0,Qwen3-8B,5,random,random
R_3FKvUZe9BH89xrC,57450,904,-1,,Qwen3-8B,2,random,random
R_3FKvUZe9BH89xrC,63636,1007,-1,,Qwen3-8B,1,random,random
R_3FKvUZe9BH89xrC,133533,3698,0,0.0,Qwen3-8B,1,moral,purity
R_3FKvUZe9BH89xrC,133557,3699,0,0.0,Qwen3-8B,3,social-group,LGB
R_3FKvUZe9BH89xrC,133581,3700,0,0.0,Qwen3-8B,2,social-group,transgender
R_3FKvUZe9BH89xrC,133605,3701,0,0.0,Qwen3-8B,3,social-group,christian
R_3FKvUZe9BH89xrC,133629,3702,0,0.0,Qwen3-8B,1,social-group,jewish
R_3FKvUZe9BH89xrC,133653,3703,0,0.0,Qwen3-8B,3,random,random
R_3FKvUZe9BH89xrC,133677,3704,0,0.0,Qwen3-8B,2,social-group,christian
R_3FKvUZe9BH89xrC,133701,3705,0,0.0,Qwen3-8B,2,random,random
R_3FKvUZe9BH89xrC,133725,3706,0,0.0,Qwen3-8B,3,social-group,LGB
R_3FKvUZe9BH89xrC,133749,3707,0,0.0,Qwen3-8B,3,random,random
R_3FKvUZe9BH89xrC,133773,3708,0,0.0,Qwen3-8B,1,social-group,jewish
R_3FKvUZe9BH89xrC,133797,3709,0,0.0,Qwen3-8B,1,random,random
R_3FKvUZe9BH89xrC,133821,3710,0,0.0,Qwen3-8B,2,social-group,transgender
R_3FKvUZe9BH89xrC,133845,3711,0,0.0,Qwen3-8B,3,social-group,transgender
R_3FKvUZe9BH89xrC,133869,3712,0,0.0,Qwen3-8B,2,moral,care
R_3FKvUZe9BH89xrC,133893,3713,0,0.0,Qwen3-8B,3,random,random
R_3FKvUZe9BH89xrC,133917,3714,0,0.0,Qwen3-8B,2,social-group,LGB
R_3FKvUZe9BH89xrC,133941,3715,0,0.0,Qwen3-8B,2,random,random
R_3FKvUZe9BH89xrC,133965,3716,0,0.0,Qwen3-8B,2,random,random
R_3FKvUZe9BH89xrC,133989,3717,-1,,Qwen3-8B,5,social-group,jewish
R_3FKvUZe9BH89xrC,134013,3718,0,0.0,Qwen3-8B,2,social-group,LGB
R_3FKvUZe9BH89xrC,134037,3719,2,1.0,Qwen3-8B,1,social-group,transgender
R_3FKvUZe9BH89xrC,134061,3720,0,0.0,Qwen3-8B,5,social-group,transgender
R_3FKvUZe9BH89xrC,134085,3721,0,0.0,Qwen3-8B,3,random,random
R_3FKvUZe9BH89xrC,134109,3722,0,0.0,Qwen3-8B,2,random,random
R_2dLXjP4sYgAZx1O,14802,234,2,1.0,Qwen3-8B,3,random,random
R_2dLXjP4sYgAZx1O,16035,251,0,0.0,Qwen3-8B,2,random,random
R_2dLXjP4sYgAZx1O,25108,396,1,0.0,Qwen3-8B,5,random,random
R_2dLXjP4sYgAZx1O,34330,547,0,0.0,Qwen3-8B,2,random,random
R_2dLXjP4sYgAZx1O,39841,640,-1,,Qwen3-8B,2,random,random
R_2dLXjP4sYgAZx1O,43201,695,1,0.0,Qwen3-8B,1,random,random
R_2dLXjP4sYgAZx1O,50826,807,2,1.0,Qwen3-8B,2,random,random
R_2dLXjP4sYgAZx1O,55490,876,4,1.0,Qwen3-8B,5,random,random
R_2dLXjP4sYgAZx1O,57459,904,1,0.0,Qwen3-8B,2,random,random
R_2dLXjP4sYgAZx1O,63645,1007,-1,,Qwen3-8B,1,random,random
R_2dLXjP4sYgAZx1O,133538,3698,1,0.0,Qwen3-8B,1,moral,purity
R_2dLXjP4sYgAZx1O,133562,3699,4,1.0,Qwen3-8B,3,social-group,LGB
R_2dLXjP4sYgAZx1O,133586,3700,2,1.0,Qwen3-8B,2,social-group,transgender
R_2dLXjP4sYgAZx1O,133610,3701,0,0.0,Qwen3-8B,3,social-group,christian
R_2dLXjP4sYgAZx1O,133634,3702,1,0.0,Qwen3-8B,1,social-group,jewish
R_2dLXjP4sYgAZx1O,133658,3703,4,1.0,Qwen3-8B,3,random,random
R_2dLXjP4sYgAZx1O,133682,3704,0,0.0,Qwen3-8B,2,social-group,christian
R_2dLXjP4sYgAZx1O,133706,3705,0,0.0,Qwen3-8B,2,random,random
R_2dLXjP4sYgAZx1O,133730,3706,3,1.0,Qwen3-8B,3,social-group,LGB
R_2dLXjP4sYgAZx1O,133754,3707,0,0.0,Qwen3-8B,3,random,random
R_2dLXjP4sYgAZx1O,133778,3708,4,1.0,Qwen3-8B,1,social-group,jewish
R_2dLXjP4sYgAZx1O,133802,3709,0,0.0,Qwen3-8B,1,random,random
R_2dLXjP4sYgAZx1O,133826,3710,4,1.0,Qwen3-8B,2,social-group,transgender
R_2dLXjP4sYgAZx1O,133850,3711,1,0.0,Qwen3-8B,3,social-group,transgender
R_2dLXjP4sYgAZx1O,133874,3712,3,1.0,Qwen3-8B,2,moral,care
R_2dLXjP4sYgAZx1O,133898,3713,3,1.0,Qwen3-8B,3,random,random
R_2dLXjP4sYgAZx1O,133922,3714,0,0.0,Qwen3-8B,2,social-group,LGB
R_2dLXjP4sYgAZx1O,133946,3715,4,1.0,Qwen3-8B,2,random,random
R_2dLXjP4sYgAZx1O,133970,3716,1,0.0,Qwen3-8B,2,random,random
R_2dLXjP4sYgAZx1O,133994,3717,4,1.0,Qwen3-8B,5,social-group,jewish
R_2dLXjP4sYgAZx1O,134018,3718,2,1.0,Qwen3-8B,2,social-group,LGB
R_2dLXjP4sYgAZx1O,134042,3719,0,0.0,Qwen3-8B,1,social-group,transgender
R_2dLXjP4sYgAZx1O,134066,3720,0,0.0,Qwen3-8B,5,social-group,transgender
R_2dLXjP4sYgAZx1O,134090,3721,3,1.0,Qwen3-8B,3,random,random
R_2dLXjP4sYgAZx1O,134114,3722,1,0.0,Qwen3-8B,2,random,random
R_3NIfXT757JWgYpm,15043,236,1,0.0,Qwen3-8B,2,random,random
R_3NIfXT757JWgYpm,22107,345,0,0.0,Qwen3-8B,1,random,random
R_3NIfXT757JWgYpm,30479,486,1,0.0,Qwen3-8B,3,random,random
R_3NIfXT757JWgYpm,52000,824,1,0.0,Qwen3-8B,5,random,random
R_3NIfXT757JWgYpm,55371,874,0,0.0,Qwen3-8B,2,random,random
R_3NIfXT757JWgYpm,57097,899,1,0.0,Qwen3-8B,4,random,random
R_3NIfXT757JWgYpm,67775,1073,0,0.0,Qwen3-8B,3,random,random
R_3NIfXT757JWgYpm,69053,1095,0,0.0,Qwen3-8B,1,random,random
R_3NIfXT757JWgYpm,69815,1109,0,0.0,Qwen3-8B,3,random,random
R_3NIfXT757JWgYpm,72230,1155,0,0.0,Qwen3-8B,2,random,random
R_3NIfXT757JWgYpm,84205,1632,2,1.0,Qwen3-8B,4,moral,authority
R_3NIfXT757JWgYpm,136882,3844,0,0.0,Qwen3-8B,1,moral,care
R_3NIfXT757JWgYpm,136905,3845,1,0.0,Qwen3-8B,4,social-group,muslim
R_3NIfXT757JWgYpm,136928,3846,1,0.0,Qwen3-8B,1,social-group,jewish
R_3NIfXT757JWgYpm,136951,3847,1,0.0,Qwen3-8B,2,social-group,LGB
R_3NIfXT757JWgYpm,136974,3848,1,0.0,Qwen3-8B,3,social-group,christian
R_3NIfXT757JWgYpm,136997,3849,2,1.0,Qwen3-8B,3,social-group,transgender
R_3NIfXT757JWgYpm,137020,3850,1,0.0,Qwen3-8B,2,social-group,christian
R_3NIfXT757JWgYpm,137043,3851,0,0.0,Qwen3-8B,1,moral,loyalty
R_3NIfXT757JWgYpm,137066,3852,0,0.0,Qwen3-8B,5,social-group,transgender
R_3NIfXT757JWgYpm,137089,3853,1,0.0,Qwen3-8B,3,social-group,transgender
R_3NIfXT757JWgYpm,137112,3854,1,0.0,Qwen3-8B,5,social-group,jewish
R_3NIfXT757JWgYpm,137135,3855,1,0.0,Qwen3-8B,5,social-group,muslim
R_3NIfXT757JWgYpm,137158,3856,0,0.0,Qwen3-8B,1,moral,fairness
R_3NIfXT757JWgYpm,137181,3857,1,0.0,Qwen3-8B,3,social-group,muslim
R_3NIfXT757JWgYpm,137204,3858,1,0.0,Qwen3-8B,2,social-group,LGB
R_3NIfXT757JWgYpm,137227,3859,1,0.0,Qwen3-8B,5,social-group,LGB
R_3NIfXT757JWgYpm,137250,3860,1,0.0,Qwen3-8B,3,social-group,muslim
R_3NIfXT757JWgYpm,137273,3861,3,1.0,Qwen3-8B,2,random,random
R_3NIfXT757JWgYpm,137296,3862,1,0.0,Qwen3-8B,3,social-group,christian
R_3NIfXT757JWgYpm,137319,3863,1,0.0,Qwen3-8B,2,random,random
R_3NIfXT757JWgYpm,137342,3864,1,0.0,Qwen3-8B,2,moral,loyalty
R_3NIfXT757JWgYpm,137365,3865,1,0.0,Qwen3-8B,4,social-group,muslim
R_3NIfXT757JWgYpm,137388,3866,0,0.0,Qwen3-8B,2,moral,purity
R_3NIfXT757JWgYpm,137411,3867,1,0.0,Qwen3-8B,5,social-group,transgender
R_1IB33xjOsLIcGjq,15061,236,4,1.0,Qwen3-8B,2,random,random
R_1IB33xjOsLIcGjq,22126,345,0,0.0,Qwen3-8B,1,random,random
R_1IB33xjOsLIcGjq,30496,486,4,1.0,Qwen3-8B,3,random,random
R_1IB33xjOsLIcGjq,52013,824,-1,,Qwen3-8B,5,random,random
R_1IB33xjOsLIcGjq,55383,874,0,0.0,Qwen3-8B,2,random,random
R_1IB33xjOsLIcGjq,57113,899,1,0.0,Qwen3-8B,4,random,random
R_1IB33xjOsLIcGjq,67789,1073,3,1.0,Qwen3-8B,3,random,random
R_1IB33xjOsLIcGjq,69066,1095,-1,,Qwen3-8B,1,random,random
R_1IB33xjOsLIcGjq,69828,1109,3,1.0,Qwen3-8B,3,random,random
R_1IB33xjOsLIcGjq,72243,1155,0,0.0,Qwen3-8B,2,random,random
R_1IB33xjOsLIcGjq,84228,1632,1,0.0,Qwen3-8B,4,moral,authority
R_1IB33xjOsLIcGjq,136888,3844,3,1.0,Qwen3-8B,1,moral,care
R_1IB33xjOsLIcGjq,136911,3845,4,1.0,Qwen3-8B,4,social-group,muslim
R_1IB33xjOsLIcGjq,136934,3846,4,1.0,Qwen3-8B,1,social-group,jewish
R_1IB33xjOsLIcGjq,136957,3847,4,1.0,Qwen3-8B,2,social-group,LGB
R_1IB33xjOsLIcGjq,136980,3848,3,1.0,Qwen3-8B,3,social-group,christian
R_1IB33xjOsLIcGjq,137003,3849,3,1.0,Qwen3-8B,3,social-group,transgender
R_1IB33xjOsLIcGjq,137026,3850,3,1.0,Qwen3-8B,2,social-group,christian
R_1IB33xjOsLIcGjq,137049,3851,0,0.0,Qwen3-8B,1,moral,loyalty
R_1IB33xjOsLIcGjq,137072,3852,4,1.0,Qwen3-8B,5,social-group,transgender
R_1IB33xjOsLIcGjq,137095,3853,3,1.0,Qwen3-8B,3,social-group,transgender
R_1IB33xjOsLIcGjq,137118,3854,3,1.0,Qwen3-8B,5,social-group,jewish
R_1IB33xjOsLIcGjq,137141,3855,4,1.0,Qwen3-8B,5,social-group,muslim
R_1IB33xjOsLIcGjq,137164,3856,4,1.0,Qwen3-8B,1,moral,fairness
R_1IB33xjOsLIcGjq,137187,3857,4,1.0,Qwen3-8B,3,social-group,muslim
R_1IB33xjOsLIcGjq,137210,3858,4,1.0,Qwen3-8B,2,social-group,LGB
R_1IB33xjOsLIcGjq,137233,3859,4,1.0,Qwen3-8B,5,social-group,LGB
R_1IB33xjOsLIcGjq,137256,3860,4,1.0,Qwen3-8B,3,social-group,muslim
R_1IB33xjOsLIcGjq,137279,3861,0,0.0,Qwen3-8B,2,random,random
R_1IB33xjOsLIcGjq,137302,3862,2,1.0,Qwen3-8B,3,social-group,christian
R_1IB33xjOsLIcGjq,137325,3863,2,1.0,Qwen3-8B,2,random,random
R_1IB33xjOsLIcGjq,137348,3864,1,0.0,Qwen3-8B,2,moral,loyalty
R_1IB33xjOsLIcGjq,137371,3865,3,1.0,Qwen3-8B,4,social-group,muslim
R_1IB33xjOsLIcGjq,137394,3866,1,0.0,Qwen3-8B,2,moral,purity
R_1IB33xjOsLIcGjq,137417,3867,0,0.0,Qwen3-8B,5,social-group,transgender
R_1obZhPXVyaOZRhV,15282,240,1,0.0,Qwen3-8B,3,random,random
R_1obZhPXVyaOZRhV,22148,346,1,0.0,Qwen3-8B,1,random,random
R_1obZhPXVyaOZRhV,23106,362,1,0.0,Qwen3-8B,3,random,random
R_1obZhPXVyaOZRhV,44791,719,1,0.0,Qwen3-8B,3,random,random
R_1obZhPXVyaOZRhV,58553,919,1,0.0,Qwen3-8B,2,random,random
R_1obZhPXVyaOZRhV,81760,1533,4,1.0,Qwen3-8B,3,moral,fairness
R_1obZhPXVyaOZRhV,105479,2507,2,1.0,Qwen3-8B,3,social-group,transgender
R_1obZhPXVyaOZRhV,105504,2508,4,1.0,Qwen3-8B,5,social-group,jewish
R_1obZhPXVyaOZRhV,105529,2509,2,1.0,Qwen3-8B,3,social-group,transgender
R_1obZhPXVyaOZRhV,105554,2510,0,0.0,Qwen3-8B,1,moral,care
R_1obZhPXVyaOZRhV,105579,2511,1,0.0,Qwen3-8B,4,social-group,christian
R_1obZhPXVyaOZRhV,105604,2512,2,1.0,Qwen3-8B,4,social-group,jewish
R_1obZhPXVyaOZRhV,105629,2513,0,0.0,Qwen3-8B,1,social-group,LGB
R_1obZhPXVyaOZRhV,105654,2514,0,0.0,Qwen3-8B,1,social-group,christian
R_1obZhPXVyaOZRhV,105679,2515,0,0.0,Qwen3-8B,2,social-group,LGB
R_1obZhPXVyaOZRhV,105704,2516,0,0.0,Qwen3-8B,3,social-group,muslim
R_1obZhPXVyaOZRhV,105729,2517,0,0.0,Qwen3-8B,1,moral,loyalty
R_1obZhPXVyaOZRhV,105754,2518,1,0.0,Qwen3-8B,3,social-group,christian
R_1obZhPXVyaOZRhV,105779,2519,0,0.0,Qwen3-8B,4,social-group,LGB
R_1obZhPXVyaOZRhV,105804,2520,0,0.0,Qwen3-8B,4,social-group,transgender
R_1obZhPXVyaOZRhV,105829,2521,1,0.0,Qwen3-8B,2,random,random
R_1obZhPXVyaOZRhV,105854,2522,1,0.0,Qwen3-8B,2,moral,care
R_1obZhPXVyaOZRhV,105879,2523,0,0.0,Qwen3-8B,5,social-group,jewish
R_1obZhPXVyaOZRhV,105904,2524,0,0.0,Qwen3-8B,5,social-group,LGB
R_1obZhPXVyaOZRhV,105929,2525,0,0.0,Qwen3-8B,3,social-group,jewish
R_1obZhPXVyaOZRhV,105954,2526,0,0.0,Qwen3-8B,5,social-group,jewish
R_1obZhPXVyaOZRhV,105979,2527,1,0.0,Qwen3-8B,3,social-group,transgender
R_1obZhPXVyaOZRhV,106004,2528,0,0.0,Qwen3-8B,2,social-group,christian
R_1obZhPXVyaOZRhV,106029,2529,0,0.0,Qwen3-8B,1,moral,purity
R_1obZhPXVyaOZRhV,106054,2530,0,0.0,Qwen3-8B,5,social-group,jewish
R_1obZhPXVyaOZRhV,106079,2531,1,0.0,Qwen3-8B,1,social-group,transgender
R_1obZhPXVyaOZRhV,106104,2532,2,1.0,Qwen3-8B,5,social-group,muslim
R_1obZhPXVyaOZRhV,106129,2533,2,1.0,Qwen3-8B,3,social-group,christian
R_1obZhPXVyaOZRhV,106154,2534,0,0.0,Qwen3-8B,5,social-group,jewish
R_1obZhPXVyaOZRhV,106179,2535,0,0.0,Qwen3-8B,5,social-group,transgender
R_2D0n4xBV0muRiIX,15318,240,1,0.0,Qwen3-8B,3,random,random
R_2D0n4xBV0muRiIX,22179,346,4,1.0,Qwen3-8B,1,random,random
R_2D0n4xBV0muRiIX,23134,362,2,1.0,Qwen3-8B,3,random,random
R_2D0n4xBV0muRiIX,44824,719,3,1.0,Qwen3-8B,3,random,random
R_2D0n4xBV0muRiIX,58581,919,4,1.0,Qwen3-8B,2,random,random
R_2D0n4xBV0muRiIX,81781,1533,0,0.0,Qwen3-8B,3,moral,fairness
R_2D0n4xBV0muRiIX,105491,2507,4,1.0,Qwen3-8B,3,social-group,transgender
R_2D0n4xBV0muRiIX,105516,2508,3,1.0,Qwen3-8B,5,social-group,jewish
R_2D0n4xBV0muRiIX,105541,2509,0,0.0,Qwen3-8B,3,social-group,transgender
R_2D0n4xBV0muRiIX,105566,2510,0,0.0,Qwen3-8B,1,moral,care
R_2D0n4xBV0muRiIX,105591,2511,4,1.0,Qwen3-8B,4,social-group,christian
R_2D0n4xBV0muRiIX,105616,2512,4,1.0,Qwen3-8B,4,social-group,jewish
R_2D0n4xBV0muRiIX,105641,2513,0,0.0,Qwen3-8B,1,social-group,LGB
R_2D0n4xBV0muRiIX,105666,2514,0,0.0,Qwen3-8B,1,social-group,christian
R_2D0n4xBV0muRiIX,105691,2515,0,0.0,Qwen3-8B,2,social-group,LGB
R_2D0n4xBV0muRiIX,105716,2516,4,1.0,Qwen3-8B,3,social-group,muslim
R_2D0n4xBV0muRiIX,105741,2517,2,1.0,Qwen3-8B,1,moral,loyalty
R_2D0n4xBV0muRiIX,105766,2518,0,0.0,Qwen3-8B,3,social-group,christian
R_2D0n4xBV0muRiIX,105791,2519,4,1.0,Qwen3-8B,4,social-group,LGB
R_2D0n4xBV0muRiIX,105816,2520,0,0.0,Qwen3-8B,4,social-group,transgender
R_2D0n4xBV0muRiIX,105841,2521,0,0.0,Qwen3-8B,2,random,random
R_2D0n4xBV0muRiIX,105866,2522,1,0.0,Qwen3-8B,2,moral,care
R_2D0n4xBV0muRiIX,105891,2523,0,0.0,Qwen3-8B,5,social-group,jewish
R_2D0n4xBV0muRiIX,105916,2524,2,1.0,Qwen3-8B,5,social-group,LGB
R_2D0n4xBV0muRiIX,105941,2525,4,1.0,Qwen3-8B,3,social-group,jewish
R_2D0n4xBV0muRiIX,105966,2526,2,1.0,Qwen3-8B,5,social-group,jewish
R_2D0n4xBV0muRiIX,105991,2527,1,0.0,Qwen3-8B,3,social-group,transgender
R_2D0n4xBV0muRiIX,106016,2528,3,1.0,Qwen3-8B,2,social-group,christian
R_2D0n4xBV0muRiIX,106041,2529,0,0.0,Qwen3-8B,1,moral,purity
R_2D0n4xBV0muRiIX,106066,2530,4,1.0,Qwen3-8B,5,social-group,jewish
R_2D0n4xBV0muRiIX,106091,2531,0,0.0,Qwen3-8B,1,social-group,transgender
R_2D0n4xBV0muRiIX,106116,2532,0,0.0,Qwen3-8B,5,social-group,muslim
R_2D0n4xBV0muRiIX,106141,2533,2,1.0,Qwen3-8B,3,social-group,christian
R_2D0n4xBV0muRiIX,106166,2534,1,0.0,Qwen3-8B,5,social-group,jewish
R_2D0n4xBV0muRiIX,106191,2535,1,0.0,Qwen3-8B,5,social-group,transgender
R_3Hhum45X0zeuMfZ,15335,241,-1,,Qwen3-8B,2,random,random
R_3Hhum45X0zeuMfZ,17881,282,0,0.0,Qwen3-8B,1,random,random
R_3Hhum45X0zeuMfZ,21274,335,0,0.0,Qwen3-8B,4,random,random
R_3Hhum45X0zeuMfZ,21274,335,0,0.0,Qwen3-8B,4,moral,authority
R_3Hhum45X0zeuMfZ,21274,335,0,0.0,Qwen3-8B,4,random,random
R_3Hhum45X0zeuMfZ,21274,335,0,0.0,Qwen3-8B,4,moral,authority
R_3Hhum45X0zeuMfZ,21544,338,0,0.0,Qwen3-8B,2,random,random
R_3Hhum45X0zeuMfZ,27321,434,0,0.0,Qwen3-8B,3,random,random
R_3Hhum45X0zeuMfZ,43978,708,0,0.0,Qwen3-8B,1,random,random
R_3Hhum45X0zeuMfZ,88010,1785,0,0.0,Qwen3-8B,2,moral,authority
R_3Hhum45X0zeuMfZ,91717,1933,3,1.0,Qwen3-8B,2,social-group,jewish
R_3Hhum45X0zeuMfZ,91739,1934,0,0.0,Qwen3-8B,2,moral,care
R_3Hhum45X0zeuMfZ,91761,1935,-1,,Qwen3-8B,3,random,random
R_3Hhum45X0zeuMfZ,91783,1936,3,1.0,Qwen3-8B,4,social-group,LGB
R_3Hhum45X0zeuMfZ,91805,1937,3,1.0,Qwen3-8B,4,social-group,jewish
R_3Hhum45X0zeuMfZ,91827,1938,3,1.0,Qwen3-8B,3,random,random
R_3Hhum45X0zeuMfZ,91849,1939,3,1.0,Qwen3-8B,2,random,random
R_3Hhum45X0zeuMfZ,91871,1940,3,1.0,Qwen3-8B,2,social-group,LGB
R_3Hhum45X0zeuMfZ,91893,1941,2,1.0,Qwen3-8B,3,social-group,jewish
R_3Hhum45X0zeuMfZ,91915,1942,2,1.0,Qwen3-8B,5,social-group,LGB
R_3Hhum45X0zeuMfZ,91937,1943,3,1.0,Qwen3-8B,3,social-group,transgender
R_3Hhum45X0zeuMfZ,91959,1944,4,1.0,Qwen3-8B,3,social-group,muslim
R_3Hhum45X0zeuMfZ,91981,1945,4,1.0,Qwen3-8B,5,social-group,transgender
R_3Hhum45X0zeuMfZ,92003,1946,4,1.0,Qwen3-8B,3,social-group,LGB
R_3Hhum45X0zeuMfZ,92025,1947,3,1.0,Qwen3-8B,2,social-group,transgender
R_3Hhum45X0zeuMfZ,92047,1948,4,1.0,Qwen3-8B,3,social-group,muslim
R_3Hhum45X0zeuMfZ,92069,1949,3,1.0,Qwen3-8B,2,social-group,LGB
R_3Hhum45X0zeuMfZ,92091,1950,4,1.0,Qwen3-8B,5,social-group,transgender
R_3Hhum45X0zeuMfZ,92113,1951,0,0.0,Qwen3-8B,3,moral,care
R_3Hhum45X0zeuMfZ,92135,1952,4,1.0,Qwen3-8B,5,social-group,muslim
R_3Hhum45X0zeuMfZ,92157,1953,3,1.0,Qwen3-8B,4,social-group,transgender
R_3Hhum45X0zeuMfZ,92179,1954,1,0.0,Qwen3-8B,4,social-group,christian
R_3Hhum45X0zeuMfZ,92201,1955,2,1.0,Qwen3-8B,1,random,random
R_3Hhum45X0zeuMfZ,92223,1956,0,0.0,Qwen3-8B,2,social-group,muslim
R_3Hhum45X0zeuMfZ,92245,1957,0,0.0,Qwen3-8B,4,random,random
R_3Hhum45X0zeuMfZ,92267,1958,0,0.0,Qwen3-8B,5,social-group,jewish
R_3Hhum45X0zeuMfZ,92289,1959,4,1.0,Qwen3-8B,4,social-group,transgender
R_3Hhum45X0zeuMfZ,92311,1960,0,0.0,Qwen3-8B,1,moral,care
R_2Vq09chm748Yl6M,15345,241,2,1.0,Qwen3-8B,2,random,random
R_2Vq09chm748Yl6M,17890,282,1,0.0,Qwen3-8B,1,random,random
R_2Vq09chm748Yl6M,21298,335,2,1.0,Qwen3-8B,4,random,random
R_2Vq09chm748Yl6M,21298,335,2,1.0,Qwen3-8B,4,moral,authority
R_2Vq09chm748Yl6M,21298,335,2,1.0,Qwen3-8B,4,random,random
R_2Vq09chm748Yl6M,21298,335,2,1.0,Qwen3-8B,4,moral,authority
R_2Vq09chm748Yl6M,21553,338,2,1.0,Qwen3-8B,2,random,random
R_2Vq09chm748Yl6M,27329,434,0,0.0,Qwen3-8B,3,random,random
R_2Vq09chm748Yl6M,43987,708,2,1.0,Qwen3-8B,1,random,random
R_2Vq09chm748Yl6M,88019,1785,1,0.0,Qwen3-8B,2,moral,authority
R_2Vq09chm748Yl6M,91722,1933,2,1.0,Qwen3-8B,2,social-group,jewish
R_2Vq09chm748Yl6M,91744,1934,1,0.0,Qwen3-8B,2,moral,care
R_2Vq09chm748Yl6M,91766,1935,3,1.0,Qwen3-8B,3,random,random
R_2Vq09chm748Yl6M,91788,1936,4,1.0,Qwen3-8B,4,social-group,LGB
R_2Vq09chm748Yl6M,91810,1937,-1,,Qwen3-8B,4,social-group,jewish
R_2Vq09chm748Yl6M,91832,1938,3,1.0,Qwen3-8B,3,random,random
R_2Vq09chm748Yl6M,91854,1939,0,0.0,Qwen3-8B,2,random,random
R_2Vq09chm748Yl6M,91876,1940,4,1.0,Qwen3-8B,2,social-group,LGB
R_2Vq09chm748Yl6M,91898,1941,3,1.0,Qwen3-8B,3,social-group,jewish
R_2Vq09chm748Yl6M,91920,1942,4,1.0,Qwen3-8B,5,social-group,LGB
R_2Vq09chm748Yl6M,91942,1943,4,1.0,Qwen3-8B,3,social-group,transgender
R_2Vq09chm748Yl6M,91964,1944,4,1.0,Qwen3-8B,3,social-group,muslim
R_2Vq09chm748Yl6M,91986,1945,3,1.0,Qwen3-8B,5,social-group,transgender
R_2Vq09chm748Yl6M,92008,1946,3,1.0,Qwen3-8B,3,social-group,LGB
R_2Vq09chm748Yl6M,92030,1947,4,1.0,Qwen3-8B,2,social-group,transgender
R_2Vq09chm748Yl6M,92052,1948,4,1.0,Qwen3-8B,3,social-group,muslim
R_2Vq09chm748Yl6M,92074,1949,3,1.0,Qwen3-8B,2,social-group,LGB
R_2Vq09chm748Yl6M,92096,1950,-1,,Qwen3-8B,5,social-group,transgender
R_2Vq09chm748Yl6M,92118,1951,1,0.0,Qwen3-8B,3,moral,care
R_2Vq09chm748Yl6M,92140,1952,4,1.0,Qwen3-8B,5,social-group,muslim
R_2Vq09chm748Yl6M,92162,1953,3,1.0,Qwen3-8B,4,social-group,transgender
R_2Vq09chm748Yl6M,92184,1954,3,1.0,Qwen3-8B,4,social-group,christian
R_2Vq09chm748Yl6M,92206,1955,2,1.0,Qwen3-8B,1,random,random
R_2Vq09chm748Yl6M,92228,1956,0,0.0,Qwen3-8B,2,social-group,muslim
R_2Vq09chm748Yl6M,92250,1957,2,1.0,Qwen3-8B,4,random,random
R_2Vq09chm748Yl6M,92272,1958,3,1.0,Qwen3-8B,5,social-group,jewish
R_2Vq09chm748Yl6M,92294,1959,3,1.0,Qwen3-8B,4,social-group,transgender
R_2Vq09chm748Yl6M,92316,1960,0,0.0,Qwen3-8B,1,moral,care
R_3Po5P0FSeRpg0Vm,15771,247,1,0.0,Qwen3-8B,3,random,random
R_3Po5P0FSeRpg0Vm,38047,610,0,0.0,Qwen3-8B,2,random,random
R_3Po5P0FSeRpg0Vm,41401,666,0,0.0,Qwen3-8B,1,random,random
R_3Po5P0FSeRpg0Vm,43758,704,1,0.0,Qwen3-8B,3,random,random
R_3Po5P0FSeRpg0Vm,46365,742,1,0.0,Qwen3-8B,1,random,random
R_3Po5P0FSeRpg0Vm,56154,886,1,0.0,Qwen3-8B,2,random,random
R_3Po5P0FSeRpg0Vm,65626,1038,0,0.0,Qwen3-8B,1,random,random
R_3Po5P0FSeRpg0Vm,71656,1144,0,0.0,Qwen3-8B,2,random,random
R_3Po5P0FSeRpg0Vm,83988,1624,0,0.0,Qwen3-8B,1,moral,authority
R_3Po5P0FSeRpg0Vm,96994,2145,3,1.0,Qwen3-8B,3,social-group,muslim
R_3Po5P0FSeRpg0Vm,97018,2146,1,0.0,Qwen3-8B,5,social-group,muslim
R_3Po5P0FSeRpg0Vm,97042,2147,0,0.0,Qwen3-8B,3,social-group,muslim
R_3Po5P0FSeRpg0Vm,97066,2148,0,0.0,Qwen3-8B,3,social-group,LGB
R_3Po5P0FSeRpg0Vm,97090,2149,0,0.0,Qwen3-8B,2,social-group,LGB
R_3Po5P0FSeRpg0Vm,97114,2150,2,1.0,Qwen3-8B,4,social-group,christian
R_3Po5P0FSeRpg0Vm,97138,2151,1,0.0,Qwen3-8B,2,random,random
R_3Po5P0FSeRpg0Vm,97162,2152,4,1.0,Qwen3-8B,4,social-group,christian
R_3Po5P0FSeRpg0Vm,97186,2153,1,0.0,Qwen3-8B,3,random,random
R_3Po5P0FSeRpg0Vm,97210,2154,1,0.0,Qwen3-8B,3,social-group,christian
R_3Po5P0FSeRpg0Vm,97234,2155,0,0.0,Qwen3-8B,2,social-group,transgender
R_3Po5P0FSeRpg0Vm,97258,2156,1,0.0,Qwen3-8B,1,random,random
R_3Po5P0FSeRpg0Vm,97282,2157,1,0.0,Qwen3-8B,2,moral,authority
R_3Po5P0FSeRpg0Vm,97306,2158,1,0.0,Qwen3-8B,4,social-group,LGB
R_3Po5P0FSeRpg0Vm,97330,2159,4,1.0,Qwen3-8B,4,social-group,transgender
R_3Po5P0FSeRpg0Vm,97354,2160,3,1.0,Qwen3-8B,5,social-group,transgender
R_3Po5P0FSeRpg0Vm,97378,2161,3,1.0,Qwen3-8B,3,moral,care
R_3Po5P0FSeRpg0Vm,97402,2162,1,0.0,Qwen3-8B,3,random,random
R_3Po5P0FSeRpg0Vm,97426,2163,0,0.0,Qwen3-8B,2,random,random
R_3Po5P0FSeRpg0Vm,97450,2164,1,0.0,Qwen3-8B,3,social-group,transgender
R_3Po5P0FSeRpg0Vm,97474,2165,1,0.0,Qwen3-8B,2,social-group,muslim
R_3Po5P0FSeRpg0Vm,97498,2166,0,0.0,Qwen3-8B,5,social-group,muslim
R_3Po5P0FSeRpg0Vm,97522,2167,4,1.0,Qwen3-8B,4,social-group,christian
R_3Po5P0FSeRpg0Vm,97546,2168,1,0.0,Qwen3-8B,3,random,random
R_3Po5P0FSeRpg0Vm,97570,2169,1,0.0,Qwen3-8B,1,random,random
R_3Po5P0FSeRpg0Vm,97594,2170,2,1.0,Qwen3-8B,3,random,random
R_1Eg578NrInE736G,15772,247,3,1.0,Qwen3-8B,3,random,random
R_1Eg578NrInE736G,38048,610,0,0.0,Qwen3-8B,2,random,random
R_1Eg578NrInE736G,41402,666,2,1.0,Qwen3-8B,1,random,random
R_1Eg578NrInE736G,43759,704,3,1.0,Qwen3-8B,3,random,random
R_1Eg578NrInE736G,46366,742,-1,,Qwen3-8B,1,random,random
R_1Eg578NrInE736G,56155,886,4,1.0,Qwen3-8B,2,random,random
R_1Eg578NrInE736G,65627,1038,2,1.0,Qwen3-8B,1,random,random
R_1Eg578NrInE736G,71657,1144,2,1.0,Qwen3-8B,2,random,random
R_1Eg578NrInE736G,83989,1624,0,0.0,Qwen3-8B,1,moral,authority
R_1Eg578NrInE736G,96995,2145,2,1.0,Qwen3-8B,3,social-group,muslim
R_1Eg578NrInE736G,97019,2146,3,1.0,Qwen3-8B,5,social-group,muslim
R_1Eg578NrInE736G,97043,2147,2,1.0,Qwen3-8B,3,social-group,muslim
R_1Eg578NrInE736G,97067,2148,0,0.0,Qwen3-8B,3,social-group,LGB
R_1Eg578NrInE736G,97091,2149,4,1.0,Qwen3-8B,2,social-group,LGB
R_1Eg578NrInE736G,97115,2150,1,0.0,Qwen3-8B,4,social-group,christian
R_1Eg578NrInE736G,97139,2151,1,0.0,Qwen3-8B,2,random,random
R_1Eg578NrInE736G,97163,2152,4,1.0,Qwen3-8B,4,social-group,christian
R_1Eg578NrInE736G,97187,2153,2,1.0,Qwen3-8B,3,random,random
R_1Eg578NrInE736G,97211,2154,2,1.0,Qwen3-8B,3,social-group,christian
R_1Eg578NrInE736G,97235,2155,0,0.0,Qwen3-8B,2,social-group,transgender
R_1Eg578NrInE736G,97259,2156,0,0.0,Qwen3-8B,1,random,random
R_1Eg578NrInE736G,97283,2157,2,1.0,Qwen3-8B,2,moral,authority
R_1Eg578NrInE736G,97307,2158,1,0.0,Qwen3-8B,4,social-group,LGB
R_1Eg578NrInE736G,97331,2159,3,1.0,Qwen3-8B,4,social-group,transgender
R_1Eg578NrInE736G,97355,2160,4,1.0,Qwen3-8B,5,social-group,transgender
R_1Eg578NrInE736G,97379,2161,3,1.0,Qwen3-8B,3,moral,care
R_1Eg578NrInE736G,97403,2162,3,1.0,Qwen3-8B,3,random,random
R_1Eg578NrInE736G,97427,2163,1,0.0,Qwen3-8B,2,random,random
R_1Eg578NrInE736G,97451,2164,3,1.0,Qwen3-8B,3,social-group,transgender
R_1Eg578NrInE736G,97475,2165,4,1.0,Qwen3-8B,2,social-group,muslim
R_1Eg578NrInE736G,97499,2166,4,1.0,Qwen3-8B,5,social-group,muslim
R_1Eg578NrInE736G,97523,2167,4,1.0,Qwen3-8B,4,social-group,christian
R_1Eg578NrInE736G,97547,2168,0,0.0,Qwen3-8B,3,random,random
R_1Eg578NrInE736G,97571,2169,1,0.0,Qwen3-8B,1,random,random
R_1Eg578NrInE736G,97595,2170,0,0.0,Qwen3-8B,3,random,random
R_3KqrCXXimgv6XS0,15775,247,1,0.0,Qwen3-8B,3,random,random
R_3KqrCXXimgv6XS0,38055,610,0,0.0,Qwen3-8B,2,random,random
R_3KqrCXXimgv6XS0,41407,666,1,0.0,Qwen3-8B,1,random,random
R_3KqrCXXimgv6XS0,43765,704,1,0.0,Qwen3-8B,3,random,random
R_3KqrCXXimgv6XS0,46376,742,1,0.0,Qwen3-8B,1,random,random
R_3KqrCXXimgv6XS0,56160,886,1,0.0,Qwen3-8B,2,random,random
R_3KqrCXXimgv6XS0,65630,1038,1,0.0,Qwen3-8B,1,random,random
R_3KqrCXXimgv6XS0,71661,1144,2,1.0,Qwen3-8B,2,random,random
R_3KqrCXXimgv6XS0,83990,1624,0,0.0,Qwen3-8B,1,moral,authority
R_3KqrCXXimgv6XS0,96996,2145,1,0.0,Qwen3-8B,3,social-group,muslim
R_3KqrCXXimgv6XS0,97020,2146,2,1.0,Qwen3-8B,5,social-group,muslim
R_3KqrCXXimgv6XS0,97044,2147,3,1.0,Qwen3-8B,3,social-group,muslim
R_3KqrCXXimgv6XS0,97068,2148,-1,,Qwen3-8B,3,social-group,LGB
R_3KqrCXXimgv6XS0,97092,2149,2,1.0,Qwen3-8B,2,social-group,LGB
R_3KqrCXXimgv6XS0,97116,2150,3,1.0,Qwen3-8B,4,social-group,christian
R_3KqrCXXimgv6XS0,97140,2151,2,1.0,Qwen3-8B,2,random,random
R_3KqrCXXimgv6XS0,97164,2152,1,0.0,Qwen3-8B,4,social-group,christian
R_3KqrCXXimgv6XS0,97188,2153,1,0.0,Qwen3-8B,3,random,random
R_3KqrCXXimgv6XS0,97212,2154,3,1.0,Qwen3-8B,3,social-group,christian
R_3KqrCXXimgv6XS0,97236,2155,1,0.0,Qwen3-8B,2,social-group,transgender
R_3KqrCXXimgv6XS0,97260,2156,2,1.0,Qwen3-8B,1,random,random
R_3KqrCXXimgv6XS0,97284,2157,0,0.0,Qwen3-8B,2,moral,authority
R_3KqrCXXimgv6XS0,97308,2158,1,0.0,Qwen3-8B,4,social-group,LGB
R_3KqrCXXimgv6XS0,97332,2159,1,0.0,Qwen3-8B,4,social-group,transgender
R_3KqrCXXimgv6XS0,97356,2160,3,1.0,Qwen3-8B,5,social-group,transgender
R_3KqrCXXimgv6XS0,97380,2161,1,0.0,Qwen3-8B,3,moral,care
R_3KqrCXXimgv6XS0,97404,2162,1,0.0,Qwen3-8B,3,random,random
R_3KqrCXXimgv6XS0,97428,2163,1,0.0,Qwen3-8B,2,random,random
R_3KqrCXXimgv6XS0,97452,2164,1,0.0,Qwen3-8B,3,social-group,transgender
R_3KqrCXXimgv6XS0,97476,2165,4,1.0,Qwen3-8B,2,social-group,muslim
R_3KqrCXXimgv6XS0,97500,2166,2,1.0,Qwen3-8B,5,social-group,muslim
R_3KqrCXXimgv6XS0,97524,2167,2,1.0,Qwen3-8B,4,social-group,christian
R_3KqrCXXimgv6XS0,97548,2168,1,0.0,Qwen3-8B,3,random,random
R_3KqrCXXimgv6XS0,97572,2169,1,0.0,Qwen3-8B,1,random,random
R_3KqrCXXimgv6XS0,97596,2170,0,0.0,Qwen3-8B,3,random,random
R_1OUFxEjQL14EnIf,15928,250,0,0.0,Qwen3-8B,2,random,random
R_1OUFxEjQL14EnIf,15989,251,2,1.0,Qwen3-8B,2,random,random
R_1OUFxEjQL14EnIf,16051,252,4,1.0,Qwen3-8B,2,random,random
R_1OUFxEjQL14EnIf,16113,253,3,1.0,Qwen3-8B,2,random,random
R_1OUFxEjQL14EnIf,16173,254,1,0.0,Qwen3-8B,4,random,random
R_1OUFxEjQL14EnIf,16232,255,3,1.0,Qwen3-8B,4,random,random
R_1OUFxEjQL14EnIf,16293,256,2,1.0,Qwen3-8B,4,random,random
R_1OUFxEjQL14EnIf,16354,257,4,1.0,Qwen3-8B,4,random,random
R_1OUFxEjQL14EnIf,16416,258,0,0.0,Qwen3-8B,1,random,random
R_1OUFxEjQL14EnIf,16476,259,3,1.0,Qwen3-8B,4,random,random
R_1OUFxEjQL14EnIf,16535,260,4,1.0,Qwen3-8B,3,random,random
R_1OUFxEjQL14EnIf,16597,261,3,1.0,Qwen3-8B,2,random,random
R_1OUFxEjQL14EnIf,16659,262,2,1.0,Qwen3-8B,2,random,random
R_1OUFxEjQL14EnIf,16720,263,0,0.0,Qwen3-8B,1,random,random
R_1OUFxEjQL14EnIf,16781,264,2,1.0,Qwen3-8B,1,random,random
R_1OUFxEjQL14EnIf,16843,265,2,1.0,Qwen3-8B,2,random,random
R_1OUFxEjQL14EnIf,16905,266,1,0.0,Qwen3-8B,1,random,random
R_1OUFxEjQL14EnIf,16964,267,2,1.0,Qwen3-8B,2,random,random
R_1OUFxEjQL14EnIf,17023,268,1,0.0,Qwen3-8B,5,random,random
R_1OUFxEjQL14EnIf,17085,269,4,1.0,Qwen3-8B,2,random,random
R_1OUFxEjQL14EnIf,17147,270,0,0.0,Qwen3-8B,2,random,random
R_1OUFxEjQL14EnIf,17206,271,1,0.0,Qwen3-8B,3,random,random
R_1OUFxEjQL14EnIf,17267,272,2,1.0,Qwen3-8B,2,random,random
R_1OUFxEjQL14EnIf,17327,273,0,0.0,Qwen3-8B,1,random,random
R_1OUFxEjQL14EnIf,17385,274,4,1.0,Qwen3-8B,4,random,random
R_1OUFxEjQL14EnIf,17447,275,-1,,Qwen3-8B,1,random,random
R_1OUFxEjQL14EnIf,17509,276,3,1.0,Qwen3-8B,2,random,random
R_1OUFxEjQL14EnIf,17571,277,3,1.0,Qwen3-8B,2,random,random
R_1OUFxEjQL14EnIf,17631,278,4,1.0,Qwen3-8B,2,random,random
R_1OUFxEjQL14EnIf,17692,279,1,0.0,Qwen3-8B,5,random,random
R_1OUFxEjQL14EnIf,17754,280,0,0.0,Qwen3-8B,3,random,random
R_1OUFxEjQL14EnIf,17815,281,3,1.0,Qwen3-8B,2,random,random
R_1OUFxEjQL14EnIf,17877,282,0,0.0,Qwen3-8B,1,random,random
R_1OUFxEjQL14EnIf,17937,283,4,1.0,Qwen3-8B,2,random,random
R_1OUFxEjQL14EnIf,17998,284,3,1.0,Qwen3-8B,4,random,random
R_z3bDoxc17yZ7Y3L,15949,250,0,0.0,Qwen3-8B,2,random,random
R_z3bDoxc17yZ7Y3L,16008,251,2,1.0,Qwen3-8B,2,random,random
R_z3bDoxc17yZ7Y3L,16071,252,1,0.0,Qwen3-8B,2,random,random
R_z3bDoxc17yZ7Y3L,16133,253,3,1.0,Qwen3-8B,2,random,random
R_z3bDoxc17yZ7Y3L,16191,254,3,1.0,Qwen3-8B,4,random,random
R_z3bDoxc17yZ7Y3L,16252,255,2,1.0,Qwen3-8B,4,random,random
R_z3bDoxc17yZ7Y3L,16313,256,4,1.0,Qwen3-8B,4,random,random
R_z3bDoxc17yZ7Y3L,16374,257,3,1.0,Qwen3-8B,4,random,random
R_z3bDoxc17yZ7Y3L,16436,258,1,0.0,Qwen3-8B,1,random,random
R_z3bDoxc17yZ7Y3L,16496,259,2,1.0,Qwen3-8B,4,random,random
R_z3bDoxc17yZ7Y3L,16555,260,1,0.0,Qwen3-8B,3,random,random
R_z3bDoxc17yZ7Y3L,16617,261,0,0.0,Qwen3-8B,2,random,random
R_z3bDoxc17yZ7Y3L,16679,262,3,1.0,Qwen3-8B,2,random,random
R_z3bDoxc17yZ7Y3L,16740,263,0,0.0,Qwen3-8B,1,random,random
R_z3bDoxc17yZ7Y3L,16801,264,2,1.0,Qwen3-8B,1,random,random
R_z3bDoxc17yZ7Y3L,16864,265,2,1.0,Qwen3-8B,2,random,random
R_z3bDoxc17yZ7Y3L,16924,266,1,0.0,Qwen3-8B,1,random,random
R_z3bDoxc17yZ7Y3L,16984,267,3,1.0,Qwen3-8B,2,random,random
R_z3bDoxc17yZ7Y3L,17043,268,4,1.0,Qwen3-8B,5,random,random
R_z3bDoxc17yZ7Y3L,17105,269,2,1.0,Qwen3-8B,2,random,random
R_z3bDoxc17yZ7Y3L,17165,270,2,1.0,Qwen3-8B,2,random,random
R_z3bDoxc17yZ7Y3L,17226,271,1,0.0,Qwen3-8B,3,random,random
R_z3bDoxc17yZ7Y3L,17287,272,2,1.0,Qwen3-8B,2,random,random
R_z3bDoxc17yZ7Y3L,17344,273,0,0.0,Qwen3-8B,1,random,random
R_z3bDoxc17yZ7Y3L,17404,274,3,1.0,Qwen3-8B,4,random,random
R_z3bDoxc17yZ7Y3L,17467,275,2,1.0,Qwen3-8B,1,random,random
R_z3bDoxc17yZ7Y3L,17529,276,1,0.0,Qwen3-8B,2,random,random
R_z3bDoxc17yZ7Y3L,17591,277,0,0.0,Qwen3-8B,2,random,random
R_z3bDoxc17yZ7Y3L,17651,278,1,0.0,Qwen3-8B,2,random,random
R_z3bDoxc17yZ7Y3L,17712,279,3,1.0,Qwen3-8B,5,random,random
R_z3bDoxc17yZ7Y3L,17774,280,3,1.0,Qwen3-8B,3,random,random
R_z3bDoxc17yZ7Y3L,17836,281,1,0.0,Qwen3-8B,2,random,random
R_z3bDoxc17yZ7Y3L,17897,282,0,0.0,Qwen3-8B,1,random,random
R_z3bDoxc17yZ7Y3L,17957,283,1,0.0,Qwen3-8B,2,random,random
R_z3bDoxc17yZ7Y3L,18018,284,2,1.0,Qwen3-8B,4,random,random
R_u2HVVPzPpLAc66B,15957,250,0,0.0,Qwen3-8B,2,random,random
R_u2HVVPzPpLAc66B,16015,251,0,0.0,Qwen3-8B,2,random,random
R_u2HVVPzPpLAc66B,16078,252,0,0.0,Qwen3-8B,2,random,random
R_u2HVVPzPpLAc66B,16140,253,0,0.0,Qwen3-8B,2,random,random
R_u2HVVPzPpLAc66B,16198,254,0,0.0,Qwen3-8B,4,random,random
R_u2HVVPzPpLAc66B,16259,255,0,0.0,Qwen3-8B,4,random,random
R_u2HVVPzPpLAc66B,16320,256,0,0.0,Qwen3-8B,4,random,random
R_u2HVVPzPpLAc66B,16381,257,0,0.0,Qwen3-8B,4,random,random
R_u2HVVPzPpLAc66B,16442,258,0,0.0,Qwen3-8B,1,random,random
R_u2HVVPzPpLAc66B,16503,259,4,1.0,Qwen3-8B,4,random,random
R_u2HVVPzPpLAc66B,16561,260,0,0.0,Qwen3-8B,3,random,random
R_u2HVVPzPpLAc66B,16624,261,0,0.0,Qwen3-8B,2,random,random
R_u2HVVPzPpLAc66B,16686,262,0,0.0,Qwen3-8B,2,random,random
R_u2HVVPzPpLAc66B,16747,263,0,0.0,Qwen3-8B,1,random,random
R_u2HVVPzPpLAc66B,16808,264,2,1.0,Qwen3-8B,1,random,random
R_u2HVVPzPpLAc66B,16870,265,0,0.0,Qwen3-8B,2,random,random
R_u2HVVPzPpLAc66B,16931,266,0,0.0,Qwen3-8B,1,random,random
R_u2HVVPzPpLAc66B,16991,267,0,0.0,Qwen3-8B,2,random,random
R_u2HVVPzPpLAc66B,17050,268,0,0.0,Qwen3-8B,5,random,random
R_u2HVVPzPpLAc66B,17112,269,0,0.0,Qwen3-8B,2,random,random
R_u2HVVPzPpLAc66B,17172,270,0,0.0,Qwen3-8B,2,random,random
R_u2HVVPzPpLAc66B,17233,271,0,0.0,Qwen3-8B,3,random,random
R_u2HVVPzPpLAc66B,17294,272,0,0.0,Qwen3-8B,2,random,random
R_u2HVVPzPpLAc66B,17351,273,0,0.0,Qwen3-8B,1,random,random
R_u2HVVPzPpLAc66B,17412,274,0,0.0,Qwen3-8B,4,random,random
R_u2HVVPzPpLAc66B,17474,275,0,0.0,Qwen3-8B,1,random,random
R_u2HVVPzPpLAc66B,17536,276,0,0.0,Qwen3-8B,2,random,random
R_u2HVVPzPpLAc66B,17598,277,0,0.0,Qwen3-8B,2,random,random
R_u2HVVPzPpLAc66B,17658,278,0,0.0,Qwen3-8B,2,random,random
R_u2HVVPzPpLAc66B,17719,279,0,0.0,Qwen3-8B,5,random,random
R_u2HVVPzPpLAc66B,17780,280,0,0.0,Qwen3-8B,3,random,random
R_u2HVVPzPpLAc66B,17843,281,0,0.0,Qwen3-8B,2,random,random
R_u2HVVPzPpLAc66B,17904,282,0,0.0,Qwen3-8B,1,random,random
R_u2HVVPzPpLAc66B,17964,283,0,0.0,Qwen3-8B,2,random,random
R_u2HVVPzPpLAc66B,18025,284,0,0.0,Qwen3-8B,4,random,random
R_3NPU9uve11MpqcA,15958,250,1,0.0,Qwen3-8B,2,random,random
R_3NPU9uve11MpqcA,16016,251,0,0.0,Qwen3-8B,2,random,random
R_3NPU9uve11MpqcA,16079,252,0,0.0,Qwen3-8B,2,random,random
R_3NPU9uve11MpqcA,16141,253,1,0.0,Qwen3-8B,2,random,random
R_3NPU9uve11MpqcA,16199,254,1,0.0,Qwen3-8B,4,random,random
R_3NPU9uve11MpqcA,16260,255,2,1.0,Qwen3-8B,4,random,random
R_3NPU9uve11MpqcA,16321,256,2,1.0,Qwen3-8B,4,random,random
R_3NPU9uve11MpqcA,16382,257,1,0.0,Qwen3-8B,4,random,random
R_3NPU9uve11MpqcA,16443,258,0,0.0,Qwen3-8B,1,random,random
R_3NPU9uve11MpqcA,16504,259,0,0.0,Qwen3-8B,4,random,random
R_3NPU9uve11MpqcA,16562,260,0,0.0,Qwen3-8B,3,random,random
R_3NPU9uve11MpqcA,16625,261,0,0.0,Qwen3-8B,2,random,random
R_3NPU9uve11MpqcA,16687,262,1,0.0,Qwen3-8B,2,random,random
R_3NPU9uve11MpqcA,16748,263,2,1.0,Qwen3-8B,1,random,random
R_3NPU9uve11MpqcA,16809,264,0,0.0,Qwen3-8B,1,random,random
R_3NPU9uve11MpqcA,16871,265,1,0.0,Qwen3-8B,2,random,random
R_3NPU9uve11MpqcA,16932,266,0,0.0,Qwen3-8B,1,random,random
R_3NPU9uve11MpqcA,16992,267,0,0.0,Qwen3-8B,2,random,random
R_3NPU9uve11MpqcA,17051,268,1,0.0,Qwen3-8B,5,random,random
R_3NPU9uve11MpqcA,17113,269,0,0.0,Qwen3-8B,2,random,random
R_3NPU9uve11MpqcA,17173,270,1,0.0,Qwen3-8B,2,random,random
R_3NPU9uve11MpqcA,17234,271,0,0.0,Qwen3-8B,3,random,random
R_3NPU9uve11MpqcA,17295,272,0,0.0,Qwen3-8B,2,random,random
R_3NPU9uve11MpqcA,17352,273,1,0.0,Qwen3-8B,1,random,random
R_3NPU9uve11MpqcA,17413,274,0,0.0,Qwen3-8B,4,random,random
R_3NPU9uve11MpqcA,17475,275,0,0.0,Qwen3-8B,1,random,random
R_3NPU9uve11MpqcA,17537,276,1,0.0,Qwen3-8B,2,random,random
R_3NPU9uve11MpqcA,17599,277,1,0.0,Qwen3-8B,2,random,random
R_3NPU9uve11MpqcA,17659,278,0,0.0,Qwen3-8B,2,random,random
R_3NPU9uve11MpqcA,17720,279,1,0.0,Qwen3-8B,5,random,random
R_3NPU9uve11MpqcA,17781,280,0,0.0,Qwen3-8B,3,random,random
R_3NPU9uve11MpqcA,17844,281,0,0.0,Qwen3-8B,2,random,random
R_3NPU9uve11MpqcA,17905,282,0,0.0,Qwen3-8B,1,random,random
R_3NPU9uve11MpqcA,17965,283,0,0.0,Qwen3-8B,2,random,random
R_3NPU9uve11MpqcA,18026,284,1,0.0,Qwen3-8B,4,random,random
R_3R43qng8qth5duN,15966,250,0,0.0,Qwen3-8B,2,random,random
R_3R43qng8qth5duN,16024,251,0,0.0,Qwen3-8B,2,random,random
R_3R43qng8qth5duN,16087,252,0,0.0,Qwen3-8B,2,random,random
R_3R43qng8qth5duN,16149,253,0,0.0,Qwen3-8B,2,random,random
R_3R43qng8qth5duN,16207,254,0,0.0,Qwen3-8B,4,random,random
R_3R43qng8qth5duN,16268,255,0,0.0,Qwen3-8B,4,random,random
R_3R43qng8qth5duN,16329,256,0,0.0,Qwen3-8B,4,random,random
R_3R43qng8qth5duN,16390,257,0,0.0,Qwen3-8B,4,random,random
R_3R43qng8qth5duN,16451,258,0,0.0,Qwen3-8B,1,random,random
R_3R43qng8qth5duN,16512,259,0,0.0,Qwen3-8B,4,random,random
R_3R43qng8qth5duN,16570,260,0,0.0,Qwen3-8B,3,random,random
R_3R43qng8qth5duN,16633,261,0,0.0,Qwen3-8B,2,random,random
R_3R43qng8qth5duN,16695,262,0,0.0,Qwen3-8B,2,random,random
R_3R43qng8qth5duN,16756,263,0,0.0,Qwen3-8B,1,random,random
R_3R43qng8qth5duN,16817,264,0,0.0,Qwen3-8B,1,random,random
R_3R43qng8qth5duN,16879,265,0,0.0,Qwen3-8B,2,random,random
R_3R43qng8qth5duN,16940,266,0,0.0,Qwen3-8B,1,random,random
R_3R43qng8qth5duN,17000,267,0,0.0,Qwen3-8B,2,random,random
R_3R43qng8qth5duN,17059,268,0,0.0,Qwen3-8B,5,random,random
R_3R43qng8qth5duN,17121,269,0,0.0,Qwen3-8B,2,random,random
R_3R43qng8qth5duN,17181,270,0,0.0,Qwen3-8B,2,random,random
R_3R43qng8qth5duN,17242,271,0,0.0,Qwen3-8B,3,random,random
R_3R43qng8qth5duN,17303,272,0,0.0,Qwen3-8B,2,random,random
R_3R43qng8qth5duN,17360,273,0,0.0,Qwen3-8B,1,random,random
R_3R43qng8qth5duN,17421,274,0,0.0,Qwen3-8B,4,random,random
R_3R43qng8qth5duN,17483,275,0,0.0,Qwen3-8B,1,random,random
R_3R43qng8qth5duN,17545,276,0,0.0,Qwen3-8B,2,random,random
R_3R43qng8qth5duN,17606,277,0,0.0,Qwen3-8B,2,random,random
R_3R43qng8qth5duN,17667,278,0,0.0,Qwen3-8B,2,random,random
R_3R43qng8qth5duN,17728,279,0,0.0,Qwen3-8B,5,random,random
R_3R43qng8qth5duN,17789,280,0,0.0,Qwen3-8B,3,random,random
R_3R43qng8qth5duN,17852,281,0,0.0,Qwen3-8B,2,random,random
R_3R43qng8qth5duN,17913,282,0,0.0,Qwen3-8B,1,random,random
R_3R43qng8qth5duN,17973,283,0,0.0,Qwen3-8B,2,random,random
R_3R43qng8qth5duN,18034,284,0,0.0,Qwen3-8B,4,random,random
R_2XdRvlIDHV3rpjR,15970,250,1,0.0,Qwen3-8B,2,random,random
R_2XdRvlIDHV3rpjR,16030,251,1,0.0,Qwen3-8B,2,random,random
R_2XdRvlIDHV3rpjR,16094,252,1,0.0,Qwen3-8B,2,random,random
R_2XdRvlIDHV3rpjR,16154,253,0,0.0,Qwen3-8B,2,random,random
R_2XdRvlIDHV3rpjR,16213,254,2,1.0,Qwen3-8B,4,random,random
R_2XdRvlIDHV3rpjR,16274,255,1,0.0,Qwen3-8B,4,random,random
R_2XdRvlIDHV3rpjR,16335,256,0,0.0,Qwen3-8B,4,random,random
R_2XdRvlIDHV3rpjR,16397,257,1,0.0,Qwen3-8B,4,random,random
R_2XdRvlIDHV3rpjR,16458,258,0,0.0,Qwen3-8B,1,random,random
R_2XdRvlIDHV3rpjR,16517,259,0,0.0,Qwen3-8B,4,random,random
R_2XdRvlIDHV3rpjR,16577,260,-1,,Qwen3-8B,3,random,random
R_2XdRvlIDHV3rpjR,16640,261,1,0.0,Qwen3-8B,2,random,random
R_2XdRvlIDHV3rpjR,16701,262,0,0.0,Qwen3-8B,2,random,random
R_2XdRvlIDHV3rpjR,16762,263,0,0.0,Qwen3-8B,1,random,random
R_2XdRvlIDHV3rpjR,16823,264,0,0.0,Qwen3-8B,1,random,random
R_2XdRvlIDHV3rpjR,16885,265,0,0.0,Qwen3-8B,2,random,random
R_2XdRvlIDHV3rpjR,16946,266,-1,,Qwen3-8B,1,random,random
R_2XdRvlIDHV3rpjR,17005,267,-1,,Qwen3-8B,2,random,random
R_2XdRvlIDHV3rpjR,17066,268,-1,,Qwen3-8B,5,random,random
R_2XdRvlIDHV3rpjR,17128,269,0,0.0,Qwen3-8B,2,random,random
R_2XdRvlIDHV3rpjR,17187,270,-1,,Qwen3-8B,2,random,random
R_2XdRvlIDHV3rpjR,17249,271,0,0.0,Qwen3-8B,3,random,random
R_2XdRvlIDHV3rpjR,17308,272,-1,,Qwen3-8B,2,random,random
R_2XdRvlIDHV3rpjR,17366,273,0,0.0,Qwen3-8B,1,random,random
R_2XdRvlIDHV3rpjR,17428,274,3,1.0,Qwen3-8B,4,random,random
R_2XdRvlIDHV3rpjR,17490,275,1,0.0,Qwen3-8B,1,random,random
R_2XdRvlIDHV3rpjR,17552,276,1,0.0,Qwen3-8B,2,random,random
R_2XdRvlIDHV3rpjR,17612,277,1,0.0,Qwen3-8B,2,random,random
R_2XdRvlIDHV3rpjR,17674,278,1,0.0,Qwen3-8B,2,random,random
R_2XdRvlIDHV3rpjR,17734,279,2,1.0,Qwen3-8B,5,random,random
R_2XdRvlIDHV3rpjR,17796,280,0,0.0,Qwen3-8B,3,random,random
R_2XdRvlIDHV3rpjR,17858,281,0,0.0,Qwen3-8B,2,random,random
R_2XdRvlIDHV3rpjR,17919,282,0,0.0,Qwen3-8B,1,random,random
R_2XdRvlIDHV3rpjR,17980,283,0,0.0,Qwen3-8B,2,random,random
R_2XdRvlIDHV3rpjR,18041,284,0,0.0,Qwen3-8B,4,random,random
R_x5YzJ7I3gqRLyIV,16085,252,2,1.0,Qwen3-8B,2,random,random
R_x5YzJ7I3gqRLyIV,17119,269,0,0.0,Qwen3-8B,2,random,random
R_x5YzJ7I3gqRLyIV,26566,420,0,0.0,Qwen3-8B,2,random,random
R_x5YzJ7I3gqRLyIV,33421,532,2,1.0,Qwen3-8B,2,random,random
R_x5YzJ7I3gqRLyIV,33841,539,0,0.0,Qwen3-8B,1,random,random
R_x5YzJ7I3gqRLyIV,47495,758,2,1.0,Qwen3-8B,3,random,random
R_x5YzJ7I3gqRLyIV,64829,1026,2,1.0,Qwen3-8B,4,random,random
R_x5YzJ7I3gqRLyIV,72116,1153,2,1.0,Qwen3-8B,1,random,random
R_x5YzJ7I3gqRLyIV,95739,2100,0,0.0,Qwen3-8B,1,moral,purity
R_x5YzJ7I3gqRLyIV,95739,2100,0,0.0,Qwen3-8B,1,moral,care
R_x5YzJ7I3gqRLyIV,95739,2100,0,0.0,Qwen3-8B,1,moral,loyalty
R_x5YzJ7I3gqRLyIV,95739,2100,0,0.0,Qwen3-8B,1,moral,purity
R_x5YzJ7I3gqRLyIV,95739,2100,0,0.0,Qwen3-8B,1,moral,care
R_x5YzJ7I3gqRLyIV,95739,2100,0,0.0,Qwen3-8B,1,moral,loyalty
R_x5YzJ7I3gqRLyIV,95739,2100,0,0.0,Qwen3-8B,1,moral,purity
R_x5YzJ7I3gqRLyIV,95739,2100,0,0.0,Qwen3-8B,1,moral,care
R_x5YzJ7I3gqRLyIV,95739,2100,0,0.0,Qwen3-8B,1,moral,loyalty
R_x5YzJ7I3gqRLyIV,98884,2225,1,0.0,Qwen3-8B,3,social-group,christian
R_x5YzJ7I3gqRLyIV,98908,2226,0,0.0,Qwen3-8B,1,social-group,LGB
R_x5YzJ7I3gqRLyIV,98932,2227,2,1.0,Qwen3-8B,4,social-group,transgender
R_x5YzJ7I3gqRLyIV,98956,2228,1,0.0,Qwen3-8B,3,social-group,christian
R_x5YzJ7I3gqRLyIV,98980,2229,3,1.0,Qwen3-8B,4,social-group,muslim
R_x5YzJ7I3gqRLyIV,99004,2230,3,1.0,Qwen3-8B,4,social-group,jewish
R_x5YzJ7I3gqRLyIV,99028,2231,1,0.0,Qwen3-8B,5,social-group,jewish
R_x5YzJ7I3gqRLyIV,99052,2232,0,0.0,Qwen3-8B,1,moral,loyalty
R_x5YzJ7I3gqRLyIV,99076,2233,1,0.0,Qwen3-8B,4,social-group,muslim
R_x5YzJ7I3gqRLyIV,99100,2234,0,0.0,Qwen3-8B,3,random,random
R_x5YzJ7I3gqRLyIV,99124,2235,1,0.0,Qwen3-8B,2,social-group,muslim
R_x5YzJ7I3gqRLyIV,99148,2236,0,0.0,Qwen3-8B,1,random,random
R_x5YzJ7I3gqRLyIV,99172,2237,2,1.0,Qwen3-8B,3,social-group,jewish
R_x5YzJ7I3gqRLyIV,99196,2238,0,0.0,Qwen3-8B,1,moral,loyalty
R_x5YzJ7I3gqRLyIV,99220,2239,0,0.0,Qwen3-8B,1,random,random
R_x5YzJ7I3gqRLyIV,99244,2240,2,1.0,Qwen3-8B,1,social-group,LGB
R_x5YzJ7I3gqRLyIV,99268,2241,2,1.0,Qwen3-8B,4,social-group,LGB
R_x5YzJ7I3gqRLyIV,99292,2242,3,1.0,Qwen3-8B,5,random,random
R_x5YzJ7I3gqRLyIV,99316,2243,1,0.0,Qwen3-8B,3,social-group,LGB
R_x5YzJ7I3gqRLyIV,99340,2244,0,0.0,Qwen3-8B,1,social-group,transgender
R_x5YzJ7I3gqRLyIV,99364,2245,0,0.0,Qwen3-8B,1,moral,authority
R_x5YzJ7I3gqRLyIV,99388,2246,1,0.0,Qwen3-8B,4,social-group,transgender
R_x5YzJ7I3gqRLyIV,99412,2247,1,0.0,Qwen3-8B,3,social-group,christian
R_x5YzJ7I3gqRLyIV,99436,2248,3,1.0,Qwen3-8B,5,social-group,jewish
R_x5YzJ7I3gqRLyIV,99460,2249,3,1.0,Qwen3-8B,3,moral,fairness
R_x5YzJ7I3gqRLyIV,99484,2250,2,1.0,Qwen3-8B,1,social-group,transgender
R_ysS7toXvtjTFe37,16090,252,0,0.0,Qwen3-8B,2,random,random
R_ysS7toXvtjTFe37,17124,269,0,0.0,Qwen3-8B,2,random,random
R_ysS7toXvtjTFe37,26576,420,0,0.0,Qwen3-8B,2,random,random
R_ysS7toXvtjTFe37,33430,532,0,0.0,Qwen3-8B,2,random,random
R_ysS7toXvtjTFe37,33850,539,0,0.0,Qwen3-8B,1,random,random
R_ysS7toXvtjTFe37,47502,758,0,0.0,Qwen3-8B,3,random,random
R_ysS7toXvtjTFe37,64837,1026,2,1.0,Qwen3-8B,4,random,random
R_ysS7toXvtjTFe37,72121,1153,0,0.0,Qwen3-8B,1,random,random
R_ysS7toXvtjTFe37,95763,2100,0,0.0,Qwen3-8B,1,moral,purity
R_ysS7toXvtjTFe37,95763,2100,0,0.0,Qwen3-8B,1,moral,care
R_ysS7toXvtjTFe37,95763,2100,0,0.0,Qwen3-8B,1,moral,loyalty
R_ysS7toXvtjTFe37,95763,2100,0,0.0,Qwen3-8B,1,moral,purity
R_ysS7toXvtjTFe37,95763,2100,0,0.0,Qwen3-8B,1,moral,care
R_ysS7toXvtjTFe37,95763,2100,0,0.0,Qwen3-8B,1,moral,loyalty
R_ysS7toXvtjTFe37,95763,2100,0,0.0,Qwen3-8B,1,moral,purity
R_ysS7toXvtjTFe37,95763,2100,0,0.0,Qwen3-8B,1,moral,care
R_ysS7toXvtjTFe37,95763,2100,0,0.0,Qwen3-8B,1,moral,loyalty
R_ysS7toXvtjTFe37,98885,2225,2,1.0,Qwen3-8B,3,social-group,christian
R_ysS7toXvtjTFe37,98909,2226,0,0.0,Qwen3-8B,1,social-group,LGB
R_ysS7toXvtjTFe37,98933,2227,3,1.0,Qwen3-8B,4,social-group,transgender
R_ysS7toXvtjTFe37,98957,2228,0,0.0,Qwen3-8B,3,social-group,christian
R_ysS7toXvtjTFe37,98981,2229,1,0.0,Qwen3-8B,4,social-group,muslim
R_ysS7toXvtjTFe37,99005,2230,1,0.0,Qwen3-8B,4,social-group,jewish
R_ysS7toXvtjTFe37,99029,2231,1,0.0,Qwen3-8B,5,social-group,jewish
R_ysS7toXvtjTFe37,99053,2232,0,0.0,Qwen3-8B,1,moral,loyalty
R_ysS7toXvtjTFe37,99077,2233,0,0.0,Qwen3-8B,4,social-group,muslim
R_ysS7toXvtjTFe37,99101,2234,0,0.0,Qwen3-8B,3,random,random
R_ysS7toXvtjTFe37,99125,2235,1,0.0,Qwen3-8B,2,social-group,muslim
R_ysS7toXvtjTFe37,99149,2236,0,0.0,Qwen3-8B,1,random,random
R_ysS7toXvtjTFe37,99173,2237,1,0.0,Qwen3-8B,3,social-group,jewish
R_ysS7toXvtjTFe37,99197,2238,0,0.0,Qwen3-8B,1,moral,loyalty
R_ysS7toXvtjTFe37,99221,2239,0,0.0,Qwen3-8B,1,random,random
R_ysS7toXvtjTFe37,99245,2240,0,0.0,Qwen3-8B,1,social-group,LGB
R_ysS7toXvtjTFe37,99269,2241,0,0.0,Qwen3-8B,4,social-group,LGB
R_ysS7toXvtjTFe37,99293,2242,2,1.0,Qwen3-8B,5,random,random
R_ysS7toXvtjTFe37,99317,2243,-1,,Qwen3-8B,3,social-group,LGB
R_ysS7toXvtjTFe37,99341,2244,0,0.0,Qwen3-8B,1,social-group,transgender
R_ysS7toXvtjTFe37,99365,2245,0,0.0,Qwen3-8B,1,moral,authority
R_ysS7toXvtjTFe37,99389,2246,0,0.0,Qwen3-8B,4,social-group,transgender
R_ysS7toXvtjTFe37,99413,2247,2,1.0,Qwen3-8B,3,social-group,christian
R_ysS7toXvtjTFe37,99437,2248,1,0.0,Qwen3-8B,5,social-group,jewish
R_ysS7toXvtjTFe37,99461,2249,2,1.0,Qwen3-8B,3,moral,fairness
R_ysS7toXvtjTFe37,99485,2250,1,0.0,Qwen3-8B,1,social-group,transgender
R_2usLm1brXel20lj,16091,252,0,0.0,Qwen3-8B,2,random,random
R_2usLm1brXel20lj,17125,269,0,0.0,Qwen3-8B,2,random,random
R_2usLm1brXel20lj,26577,420,0,0.0,Qwen3-8B,2,random,random
R_2usLm1brXel20lj,33431,532,0,0.0,Qwen3-8B,2,random,random
R_2usLm1brXel20lj,33851,539,0,0.0,Qwen3-8B,1,random,random
R_2usLm1brXel20lj,47503,758,0,0.0,Qwen3-8B,3,random,random
R_2usLm1brXel20lj,64838,1026,0,0.0,Qwen3-8B,4,random,random
R_2usLm1brXel20lj,72122,1153,0,0.0,Qwen3-8B,1,random,random
R_2usLm1brXel20lj,95769,2100,0,0.0,Qwen3-8B,1,moral,purity
R_2usLm1brXel20lj,95769,2100,0,0.0,Qwen3-8B,1,moral,care
R_2usLm1brXel20lj,95769,2100,0,0.0,Qwen3-8B,1,moral,loyalty
R_2usLm1brXel20lj,95769,2100,0,0.0,Qwen3-8B,1,moral,purity
R_2usLm1brXel20lj,95769,2100,0,0.0,Qwen3-8B,1,moral,care
R_2usLm1brXel20lj,95769,2100,0,0.0,Qwen3-8B,1,moral,loyalty
R_2usLm1brXel20lj,95769,2100,0,0.0,Qwen3-8B,1,moral,purity
R_2usLm1brXel20lj,95769,2100,0,0.0,Qwen3-8B,1,moral,care
R_2usLm1brXel20lj,95769,2100,0,0.0,Qwen3-8B,1,moral,loyalty
R_2usLm1brXel20lj,98886,2225,0,0.0,Qwen3-8B,3,social-group,christian
R_2usLm1brXel20lj,98910,2226,0,0.0,Qwen3-8B,1,social-group,LGB
R_2usLm1brXel20lj,98934,2227,0,0.0,Qwen3-8B,4,social-group,transgender
R_2usLm1brXel20lj,98958,2228,0,0.0,Qwen3-8B,3,social-group,christian
R_2usLm1brXel20lj,98982,2229,0,0.0,Qwen3-8B,4,social-group,muslim
R_2usLm1brXel20lj,99006,2230,0,0.0,Qwen3-8B,4,social-group,jewish
R_2usLm1brXel20lj,99030,2231,0,0.0,Qwen3-8B,5,social-group,jewish
R_2usLm1brXel20lj,99054,2232,0,0.0,Qwen3-8B,1,moral,loyalty
R_2usLm1brXel20lj,99078,2233,0,0.0,Qwen3-8B,4,social-group,muslim
R_2usLm1brXel20lj,99102,2234,0,0.0,Qwen3-8B,3,random,random
R_2usLm1brXel20lj,99126,2235,0,0.0,Qwen3-8B,2,social-group,muslim
R_2usLm1brXel20lj,99150,2236,0,0.0,Qwen3-8B,1,random,random
R_2usLm1brXel20lj,99174,2237,1,0.0,Qwen3-8B,3,social-group,jewish
R_2usLm1brXel20lj,99198,2238,2,1.0,Qwen3-8B,1,moral,loyalty
R_2usLm1brXel20lj,99222,2239,0,0.0,Qwen3-8B,1,random,random
R_2usLm1brXel20lj,99246,2240,0,0.0,Qwen3-8B,1,social-group,LGB
R_2usLm1brXel20lj,99270,2241,0,0.0,Qwen3-8B,4,social-group,LGB
R_2usLm1brXel20lj,99294,2242,0,0.0,Qwen3-8B,5,random,random
R_2usLm1brXel20lj,99318,2243,0,0.0,Qwen3-8B,3,social-group,LGB
R_2usLm1brXel20lj,99342,2244,0,0.0,Qwen3-8B,1,social-group,transgender
R_2usLm1brXel20lj,99366,2245,0,0.0,Qwen3-8B,1,moral,authority
R_2usLm1brXel20lj,99390,2246,0,0.0,Qwen3-8B,4,social-group,transgender
R_2usLm1brXel20lj,99414,2247,4,1.0,Qwen3-8B,3,social-group,christian
R_2usLm1brXel20lj,99438,2248,-1,,Qwen3-8B,5,social-group,jewish
R_2usLm1brXel20lj,99462,2249,4,1.0,Qwen3-8B,3,moral,fairness
R_2usLm1brXel20lj,99486,2250,0,0.0,Qwen3-8B,1,social-group,transgender
R_1DAQm16vftXLTlL,16917,266,0,0.0,Qwen3-8B,1,random,random
R_1DAQm16vftXLTlL,25640,405,3,1.0,Qwen3-8B,2,random,random
R_1DAQm16vftXLTlL,36961,592,4,1.0,Qwen3-8B,3,random,random
R_1DAQm16vftXLTlL,52292,828,0,0.0,Qwen3-8B,1,random,random
R_1DAQm16vftXLTlL,52292,828,0,0.0,Qwen3-8B,1,moral,loyalty
R_1DAQm16vftXLTlL,52292,828,0,0.0,Qwen3-8B,1,random,random
R_1DAQm16vftXLTlL,52292,828,0,0.0,Qwen3-8B,1,moral,loyalty
R_1DAQm16vftXLTlL,62497,990,0,0.0,Qwen3-8B,1,random,random
R_1DAQm16vftXLTlL,62497,990,0,0.0,Qwen3-8B,1,moral,fairness
R_1DAQm16vftXLTlL,62497,990,0,0.0,Qwen3-8B,1,random,random
R_1DAQm16vftXLTlL,62497,990,0,0.0,Qwen3-8B,1,moral,fairness
R_1DAQm16vftXLTlL,62944,996,3,1.0,Qwen3-8B,4,random,random
R_1DAQm16vftXLTlL,120873,3163,4,1.0,Qwen3-8B,4,social-group,christian
R_1DAQm16vftXLTlL,120894,3164,4,1.0,Qwen3-8B,1,social-group,christian
R_1DAQm16vftXLTlL,120915,3165,4,1.0,Qwen3-8B,4,social-group,christian
R_1DAQm16vftXLTlL,120965,3166,0,0.0,Qwen3-8B,1,moral,care
R_1DAQm16vftXLTlL,120965,3166,0,0.0,Qwen3-8B,1,moral,loyalty
R_1DAQm16vftXLTlL,120965,3166,0,0.0,Qwen3-8B,1,moral,purity
R_1DAQm16vftXLTlL,120965,3166,0,0.0,Qwen3-8B,1,moral,care
R_1DAQm16vftXLTlL,120965,3166,0,0.0,Qwen3-8B,1,moral,loyalty
R_1DAQm16vftXLTlL,120965,3166,0,0.0,Qwen3-8B,1,moral,purity
R_1DAQm16vftXLTlL,120965,3166,0,0.0,Qwen3-8B,1,moral,care
R_1DAQm16vftXLTlL,120965,3166,0,0.0,Qwen3-8B,1,moral,loyalty
R_1DAQm16vftXLTlL,120965,3166,0,0.0,Qwen3-8B,1,moral,purity
R_1DAQm16vftXLTlL,121134,3167,4,1.0,Qwen3-8B,3,social-group,transgender
R_1DAQm16vftXLTlL,121155,3168,4,1.0,Qwen3-8B,4,social-group,transgender
R_1DAQm16vftXLTlL,121176,3169,4,1.0,Qwen3-8B,3,random,random
R_1DAQm16vftXLTlL,121197,3170,3,1.0,Qwen3-8B,4,social-group,jewish
R_1DAQm16vftXLTlL,121218,3171,1,0.0,Qwen3-8B,1,moral,authority
R_1DAQm16vftXLTlL,121239,3172,2,1.0,Qwen3-8B,3,social-group,LGB
R_1DAQm16vftXLTlL,121260,3173,0,0.0,Qwen3-8B,4,social-group,transgender
R_1DAQm16vftXLTlL,121281,3174,2,1.0,Qwen3-8B,4,random,random
R_1DAQm16vftXLTlL,121302,3175,0,0.0,Qwen3-8B,2,random,random
R_1DAQm16vftXLTlL,121323,3176,0,0.0,Qwen3-8B,2,moral,authority
R_1DAQm16vftXLTlL,121344,3177,4,1.0,Qwen3-8B,4,social-group,jewish
R_1DAQm16vftXLTlL,121365,3178,3,1.0,Qwen3-8B,2,social-group,LGB
R_1DAQm16vftXLTlL,121386,3179,4,1.0,Qwen3-8B,4,social-group,transgender
R_1DAQm16vftXLTlL,121407,3180,1,0.0,Qwen3-8B,3,social-group,christian
R_1DAQm16vftXLTlL,121428,3181,3,1.0,Qwen3-8B,3,social-group,LGB
R_1DAQm16vftXLTlL,121449,3182,2,1.0,Qwen3-8B,4,social-group,LGB
R_1DAQm16vftXLTlL,121470,3183,0,0.0,Qwen3-8B,1,social-group,christian
R_1DAQm16vftXLTlL,121491,3184,3,1.0,Qwen3-8B,1,moral,purity
R_1DAQm16vftXLTlL,121512,3185,1,0.0,Qwen3-8B,3,social-group,jewish
R_1DAQm16vftXLTlL,121533,3186,2,1.0,Qwen3-8B,5,social-group,muslim
R_1DAQm16vftXLTlL,121554,3187,0,0.0,Qwen3-8B,5,social-group,transgender
R_1DAQm16vftXLTlL,121575,3188,2,1.0,Qwen3-8B,2,social-group,muslim
R_1DAQm16vftXLTlL,121596,3189,4,1.0,Qwen3-8B,4,social-group,jewish
R_1DAQm16vftXLTlL,121617,3190,2,1.0,Qwen3-8B,2,random,random
R_1DAQm16vftXLTlL,121638,3191,2,1.0,Qwen3-8B,2,social-group,muslim
R_Wd0OaqlAkdk2peF,16928,266,0,0.0,Qwen3-8B,1,random,random
R_Wd0OaqlAkdk2peF,25645,405,0,0.0,Qwen3-8B,2,random,random
R_Wd0OaqlAkdk2peF,36967,592,0,0.0,Qwen3-8B,3,random,random
R_Wd0OaqlAkdk2peF,52340,828,0,0.0,Qwen3-8B,1,random,random
R_Wd0OaqlAkdk2peF,52340,828,0,0.0,Qwen3-8B,1,moral,loyalty
R_Wd0OaqlAkdk2peF,52340,828,0,0.0,Qwen3-8B,1,random,random
R_Wd0OaqlAkdk2peF,52340,828,0,0.0,Qwen3-8B,1,moral,loyalty
R_Wd0OaqlAkdk2peF,62517,990,0,0.0,Qwen3-8B,1,random,random
R_Wd0OaqlAkdk2peF,62517,990,0,0.0,Qwen3-8B,1,moral,fairness
R_Wd0OaqlAkdk2peF,62517,990,0,0.0,Qwen3-8B,1,random,random
R_Wd0OaqlAkdk2peF,62517,990,0,0.0,Qwen3-8B,1,moral,fairness
R_Wd0OaqlAkdk2peF,62949,996,0,0.0,Qwen3-8B,4,random,random
R_Wd0OaqlAkdk2peF,120875,3163,1,0.0,Qwen3-8B,4,social-group,christian
R_Wd0OaqlAkdk2peF,120896,3164,0,0.0,Qwen3-8B,1,social-group,christian
R_Wd0OaqlAkdk2peF,120917,3165,0,0.0,Qwen3-8B,4,social-group,christian
R_Wd0OaqlAkdk2peF,121001,3166,0,0.0,Qwen3-8B,1,moral,care
R_Wd0OaqlAkdk2peF,121001,3166,0,0.0,Qwen3-8B,1,moral,loyalty
R_Wd0OaqlAkdk2peF,121001,3166,0,0.0,Qwen3-8B,1,moral,purity
R_Wd0OaqlAkdk2peF,121001,3166,0,0.0,Qwen3-8B,1,moral,care
R_Wd0OaqlAkdk2peF,121001,3166,0,0.0,Qwen3-8B,1,moral,loyalty
R_Wd0OaqlAkdk2peF,121001,3166,0,0.0,Qwen3-8B,1,moral,purity
R_Wd0OaqlAkdk2peF,121001,3166,0,0.0,Qwen3-8B,1,moral,care
R_Wd0OaqlAkdk2peF,121001,3166,0,0.0,Qwen3-8B,1,moral,loyalty
R_Wd0OaqlAkdk2peF,121001,3166,0,0.0,Qwen3-8B,1,moral,purity
R_Wd0OaqlAkdk2peF,121136,3167,0,0.0,Qwen3-8B,3,social-group,transgender
R_Wd0OaqlAkdk2peF,121157,3168,0,0.0,Qwen3-8B,4,social-group,transgender
R_Wd0OaqlAkdk2peF,121178,3169,0,0.0,Qwen3-8B,3,random,random
R_Wd0OaqlAkdk2peF,121199,3170,0,0.0,Qwen3-8B,4,social-group,jewish
R_Wd0OaqlAkdk2peF,121220,3171,0,0.0,Qwen3-8B,1,moral,authority
R_Wd0OaqlAkdk2peF,121241,3172,0,0.0,Qwen3-8B,3,social-group,LGB
R_Wd0OaqlAkdk2peF,121262,3173,0,0.0,Qwen3-8B,4,social-group,transgender
R_Wd0OaqlAkdk2peF,121283,3174,0,0.0,Qwen3-8B,4,random,random
R_Wd0OaqlAkdk2peF,121304,3175,0,0.0,Qwen3-8B,2,random,random
R_Wd0OaqlAkdk2peF,121325,3176,0,0.0,Qwen3-8B,2,moral,authority
R_Wd0OaqlAkdk2peF,121346,3177,1,0.0,Qwen3-8B,4,social-group,jewish
R_Wd0OaqlAkdk2peF,121367,3178,0,0.0,Qwen3-8B,2,social-group,LGB
R_Wd0OaqlAkdk2peF,121388,3179,0,0.0,Qwen3-8B,4,social-group,transgender
R_Wd0OaqlAkdk2peF,121409,3180,0,0.0,Qwen3-8B,3,social-group,christian
R_Wd0OaqlAkdk2peF,121430,3181,0,0.0,Qwen3-8B,3,social-group,LGB
R_Wd0OaqlAkdk2peF,121451,3182,0,0.0,Qwen3-8B,4,social-group,LGB
R_Wd0OaqlAkdk2peF,121472,3183,0,0.0,Qwen3-8B,1,social-group,christian
R_Wd0OaqlAkdk2peF,121493,3184,0,0.0,Qwen3-8B,1,moral,purity
R_Wd0OaqlAkdk2peF,121514,3185,0,0.0,Qwen3-8B,3,social-group,jewish
R_Wd0OaqlAkdk2peF,121535,3186,-1,,Qwen3-8B,5,social-group,muslim
R_Wd0OaqlAkdk2peF,121556,3187,0,0.0,Qwen3-8B,5,social-group,transgender
R_Wd0OaqlAkdk2peF,121577,3188,0,0.0,Qwen3-8B,2,social-group,muslim
R_Wd0OaqlAkdk2peF,121598,3189,0,0.0,Qwen3-8B,4,social-group,jewish
R_Wd0OaqlAkdk2peF,121619,3190,0,0.0,Qwen3-8B,2,random,random
R_Wd0OaqlAkdk2peF,121640,3191,0,0.0,Qwen3-8B,2,social-group,muslim
R_3HOoD4G1YkCX5UZ,17481,275,0,0.0,Qwen3-8B,1,random,random
R_3HOoD4G1YkCX5UZ,34672,553,0,0.0,Qwen3-8B,1,random,random
R_3HOoD4G1YkCX5UZ,38517,618,0,0.0,Qwen3-8B,3,random,random
R_3HOoD4G1YkCX5UZ,42741,688,0,0.0,Qwen3-8B,1,random,random
R_3HOoD4G1YkCX5UZ,46573,745,0,0.0,Qwen3-8B,2,random,random
R_3HOoD4G1YkCX5UZ,48883,776,1,0.0,Qwen3-8B,1,random,random
R_3HOoD4G1YkCX5UZ,50432,801,0,0.0,Qwen3-8B,3,random,random
R_3HOoD4G1YkCX5UZ,67353,1066,1,0.0,Qwen3-8B,4,random,random
R_3HOoD4G1YkCX5UZ,88813,1816,0,0.0,Qwen3-8B,1,moral,authority
R_3HOoD4G1YkCX5UZ,131278,3603,0,0.0,Qwen3-8B,2,social-group,jewish
R_3HOoD4G1YkCX5UZ,131302,3604,0,0.0,Qwen3-8B,1,social-group,transgender
R_3HOoD4G1YkCX5UZ,131326,3605,1,0.0,Qwen3-8B,4,social-group,jewish
R_3HOoD4G1YkCX5UZ,131350,3606,1,0.0,Qwen3-8B,2,social-group,transgender
R_3HOoD4G1YkCX5UZ,131374,3607,0,0.0,Qwen3-8B,3,social-group,muslim
R_3HOoD4G1YkCX5UZ,131398,3608,0,0.0,Qwen3-8B,1,social-group,christian
R_3HOoD4G1YkCX5UZ,131422,3609,2,1.0,Qwen3-8B,2,random,random
R_3HOoD4G1YkCX5UZ,131446,3610,0,0.0,Qwen3-8B,5,social-group,jewish
R_3HOoD4G1YkCX5UZ,131470,3611,0,0.0,Qwen3-8B,5,social-group,muslim
R_3HOoD4G1YkCX5UZ,131494,3612,0,0.0,Qwen3-8B,3,social-group,christian
R_3HOoD4G1YkCX5UZ,131518,3613,0,0.0,Qwen3-8B,1,social-group,LGB
R_3HOoD4G1YkCX5UZ,131542,3614,0,0.0,Qwen3-8B,3,random,random
R_3HOoD4G1YkCX5UZ,131566,3615,0,0.0,Qwen3-8B,2,random,random
R_3HOoD4G1YkCX5UZ,131590,3616,0,0.0,Qwen3-8B,3,social-group,christian
R_3HOoD4G1YkCX5UZ,131614,3617,1,0.0,Qwen3-8B,5,social-group,jewish
R_3HOoD4G1YkCX5UZ,131638,3618,0,0.0,Qwen3-8B,3,social-group,muslim
R_3HOoD4G1YkCX5UZ,131662,3619,0,0.0,Qwen3-8B,2,random,random
R_3HOoD4G1YkCX5UZ,131686,3620,0,0.0,Qwen3-8B,4,social-group,transgender
R_3HOoD4G1YkCX5UZ,131710,3621,0,0.0,Qwen3-8B,3,social-group,transgender
R_3HOoD4G1YkCX5UZ,131734,3622,0,0.0,Qwen3-8B,1,moral,loyalty
R_3HOoD4G1YkCX5UZ,131758,3623,0,0.0,Qwen3-8B,4,social-group,muslim
R_3HOoD4G1YkCX5UZ,131782,3624,1,0.0,Qwen3-8B,4,social-group,transgender
R_3HOoD4G1YkCX5UZ,131806,3625,0,0.0,Qwen3-8B,4,random,random
R_3HOoD4G1YkCX5UZ,131830,3626,0,0.0,Qwen3-8B,3,social-group,christian
R_3HOoD4G1YkCX5UZ,131854,3627,0,0.0,Qwen3-8B,4,random,random
R_3HOoD4G1YkCX5UZ,131878,3628,0,0.0,Qwen3-8B,3,social-group,muslim
R_3fZ8JOK4Hep0YIf,17508,275,-1,,Qwen3-8B,1,random,random
R_3fZ8JOK4Hep0YIf,34701,553,-1,,Qwen3-8B,1,random,random
R_3fZ8JOK4Hep0YIf,38546,618,1,0.0,Qwen3-8B,3,random,random
R_3fZ8JOK4Hep0YIf,42779,688,0,0.0,Qwen3-8B,1,random,random
R_3fZ8JOK4Hep0YIf,46610,745,-1,,Qwen3-8B,2,random,random
R_3fZ8JOK4Hep0YIf,48915,776,-1,,Qwen3-8B,1,random,random
R_3fZ8JOK4Hep0YIf,50464,801,0,0.0,Qwen3-8B,3,random,random
R_3fZ8JOK4Hep0YIf,67381,1066,3,1.0,Qwen3-8B,4,random,random
R_3fZ8JOK4Hep0YIf,88866,1816,0,0.0,Qwen3-8B,1,moral,authority
R_3fZ8JOK4Hep0YIf,131290,3603,0,0.0,Qwen3-8B,2,social-group,jewish
R_3fZ8JOK4Hep0YIf,131314,3604,2,1.0,Qwen3-8B,1,social-group,transgender
R_3fZ8JOK4Hep0YIf,131338,3605,4,1.0,Qwen3-8B,4,social-group,jewish
R_3fZ8JOK4Hep0YIf,131362,3606,0,0.0,Qwen3-8B,2,social-group,transgender
R_3fZ8JOK4Hep0YIf,131386,3607,4,1.0,Qwen3-8B,3,social-group,muslim
R_3fZ8JOK4Hep0YIf,131410,3608,2,1.0,Qwen3-8B,1,social-group,christian
R_3fZ8JOK4Hep0YIf,131434,3609,3,1.0,Qwen3-8B,2,random,random
R_3fZ8JOK4Hep0YIf,131458,3610,4,1.0,Qwen3-8B,5,social-group,jewish
R_3fZ8JOK4Hep0YIf,131482,3611,4,1.0,Qwen3-8B,5,social-group,muslim
R_3fZ8JOK4Hep0YIf,131506,3612,2,1.0,Qwen3-8B,3,social-group,christian
R_3fZ8JOK4Hep0YIf,131530,3613,0,0.0,Qwen3-8B,1,social-group,LGB
R_3fZ8JOK4Hep0YIf,131554,3614,-1,,Qwen3-8B,3,random,random
R_3fZ8JOK4Hep0YIf,131578,3615,1,0.0,Qwen3-8B,2,random,random
R_3fZ8JOK4Hep0YIf,131602,3616,0,0.0,Qwen3-8B,3,social-group,christian
R_3fZ8JOK4Hep0YIf,131626,3617,4,1.0,Qwen3-8B,5,social-group,jewish
R_3fZ8JOK4Hep0YIf,131650,3618,2,1.0,Qwen3-8B,3,social-group,muslim
R_3fZ8JOK4Hep0YIf,131674,3619,3,1.0,Qwen3-8B,2,random,random
R_3fZ8JOK4Hep0YIf,131698,3620,1,0.0,Qwen3-8B,4,social-group,transgender
R_3fZ8JOK4Hep0YIf,131722,3621,1,0.0,Qwen3-8B,3,social-group,transgender
R_3fZ8JOK4Hep0YIf,131746,3622,1,0.0,Qwen3-8B,1,moral,loyalty
R_3fZ8JOK4Hep0YIf,131770,3623,4,1.0,Qwen3-8B,4,social-group,muslim
R_3fZ8JOK4Hep0YIf,131794,3624,0,0.0,Qwen3-8B,4,social-group,transgender
R_3fZ8JOK4Hep0YIf,131818,3625,1,0.0,Qwen3-8B,4,random,random
R_3fZ8JOK4Hep0YIf,131842,3626,0,0.0,Qwen3-8B,3,social-group,christian
R_3fZ8JOK4Hep0YIf,131866,3627,2,1.0,Qwen3-8B,4,random,random
R_3fZ8JOK4Hep0YIf,131890,3628,3,1.0,Qwen3-8B,3,social-group,muslim
R_usmlPCj3qX0zpDj,18100,285,0,0.0,Qwen3-8B,2,random,random
R_usmlPCj3qX0zpDj,18167,286,0,0.0,Qwen3-8B,4,random,random
R_usmlPCj3qX0zpDj,18233,287,0,0.0,Qwen3-8B,5,random,random
R_usmlPCj3qX0zpDj,18299,288,0,0.0,Qwen3-8B,2,random,random
R_usmlPCj3qX0zpDj,18367,289,0,0.0,Qwen3-8B,2,random,random
R_usmlPCj3qX0zpDj,18428,290,0,0.0,Qwen3-8B,4,random,random
R_usmlPCj3qX0zpDj,18495,291,0,0.0,Qwen3-8B,1,random,random
R_usmlPCj3qX0zpDj,18557,292,1,0.0,Qwen3-8B,5,random,random
R_usmlPCj3qX0zpDj,18623,293,0,0.0,Qwen3-8B,2,random,random
R_usmlPCj3qX0zpDj,18689,294,0,0.0,Qwen3-8B,2,random,random
R_usmlPCj3qX0zpDj,18753,295,0,0.0,Qwen3-8B,3,random,random
R_usmlPCj3qX0zpDj,18819,296,0,0.0,Qwen3-8B,3,random,random
R_usmlPCj3qX0zpDj,18887,297,0,0.0,Qwen3-8B,1,random,random
R_usmlPCj3qX0zpDj,18952,298,0,0.0,Qwen3-8B,1,random,random
R_usmlPCj3qX0zpDj,19019,299,0,0.0,Qwen3-8B,2,random,random
R_usmlPCj3qX0zpDj,19083,300,0,0.0,Qwen3-8B,2,random,random
R_usmlPCj3qX0zpDj,19149,301,0,0.0,Qwen3-8B,2,random,random
R_usmlPCj3qX0zpDj,19216,302,0,0.0,Qwen3-8B,2,random,random
R_usmlPCj3qX0zpDj,19284,303,0,0.0,Qwen3-8B,1,random,random
R_usmlPCj3qX0zpDj,19351,304,0,0.0,Qwen3-8B,3,random,random
R_usmlPCj3qX0zpDj,19418,305,0,0.0,Qwen3-8B,3,random,random
R_usmlPCj3qX0zpDj,19485,306,0,0.0,Qwen3-8B,1,random,random
R_usmlPCj3qX0zpDj,19551,307,0,0.0,Qwen3-8B,2,random,random
R_usmlPCj3qX0zpDj,19617,308,0,0.0,Qwen3-8B,1,random,random
R_usmlPCj3qX0zpDj,19683,309,0,0.0,Qwen3-8B,1,random,random
R_usmlPCj3qX0zpDj,19747,310,0,0.0,Qwen3-8B,3,random,random
R_usmlPCj3qX0zpDj,19813,311,0,0.0,Qwen3-8B,3,random,random
R_usmlPCj3qX0zpDj,19879,312,0,0.0,Qwen3-8B,2,random,random
R_usmlPCj3qX0zpDj,19947,313,0,0.0,Qwen3-8B,3,random,random
R_usmlPCj3qX0zpDj,20015,314,0,0.0,Qwen3-8B,2,random,random
R_usmlPCj3qX0zpDj,20082,315,0,0.0,Qwen3-8B,4,random,random
R_usmlPCj3qX0zpDj,20148,316,0,0.0,Qwen3-8B,3,random,random
R_usmlPCj3qX0zpDj,20212,317,0,0.0,Qwen3-8B,3,random,random
R_usmlPCj3qX0zpDj,20277,318,0,0.0,Qwen3-8B,1,random,random
R_usmlPCj3qX0zpDj,20343,319,0,0.0,Qwen3-8B,2,random,random
R_3p2Xf2B5GCH8Gew,18101,285,0,0.0,Qwen3-8B,2,random,random
R_3p2Xf2B5GCH8Gew,18168,286,1,0.0,Qwen3-8B,4,random,random
R_3p2Xf2B5GCH8Gew,18234,287,-1,,Qwen3-8B,5,random,random
R_3p2Xf2B5GCH8Gew,18300,288,1,0.0,Qwen3-8B,2,random,random
R_3p2Xf2B5GCH8Gew,18368,289,1,0.0,Qwen3-8B,2,random,random
R_3p2Xf2B5GCH8Gew,18429,290,1,0.0,Qwen3-8B,4,random,random
R_3p2Xf2B5GCH8Gew,18496,291,0,0.0,Qwen3-8B,1,random,random
R_3p2Xf2B5GCH8Gew,18558,292,4,1.0,Qwen3-8B,5,random,random
R_3p2Xf2B5GCH8Gew,18624,293,1,0.0,Qwen3-8B,2,random,random
R_3p2Xf2B5GCH8Gew,18690,294,0,0.0,Qwen3-8B,2,random,random
R_3p2Xf2B5GCH8Gew,18754,295,1,0.0,Qwen3-8B,3,random,random
R_3p2Xf2B5GCH8Gew,18820,296,1,0.0,Qwen3-8B,3,random,random
R_3p2Xf2B5GCH8Gew,18888,297,0,0.0,Qwen3-8B,1,random,random
R_3p2Xf2B5GCH8Gew,18953,298,1,0.0,Qwen3-8B,1,random,random
R_3p2Xf2B5GCH8Gew,19020,299,1,0.0,Qwen3-8B,2,random,random
R_3p2Xf2B5GCH8Gew,19084,300,0,0.0,Qwen3-8B,2,random,random
R_3p2Xf2B5GCH8Gew,19150,301,0,0.0,Qwen3-8B,2,random,random
R_3p2Xf2B5GCH8Gew,19217,302,1,0.0,Qwen3-8B,2,random,random
R_3p2Xf2B5GCH8Gew,19285,303,0,0.0,Qwen3-8B,1,random,random
R_3p2Xf2B5GCH8Gew,19352,304,0,0.0,Qwen3-8B,3,random,random
R_3p2Xf2B5GCH8Gew,19419,305,0,0.0,Qwen3-8B,3,random,random
R_3p2Xf2B5GCH8Gew,19486,306,0,0.0,Qwen3-8B,1,random,random
R_3p2Xf2B5GCH8Gew,19552,307,0,0.0,Qwen3-8B,2,random,random
R_3p2Xf2B5GCH8Gew,19618,308,1,0.0,Qwen3-8B,1,random,random
R_3p2Xf2B5GCH8Gew,19684,309,0,0.0,Qwen3-8B,1,random,random
R_3p2Xf2B5GCH8Gew,19748,310,1,0.0,Qwen3-8B,3,random,random
R_3p2Xf2B5GCH8Gew,19814,311,0,0.0,Qwen3-8B,3,random,random
R_3p2Xf2B5GCH8Gew,19880,312,1,0.0,Qwen3-8B,2,random,random
R_3p2Xf2B5GCH8Gew,19948,313,0,0.0,Qwen3-8B,3,random,random
R_3p2Xf2B5GCH8Gew,20016,314,0,0.0,Qwen3-8B,2,random,random
R_3p2Xf2B5GCH8Gew,20083,315,2,1.0,Qwen3-8B,4,random,random
R_3p2Xf2B5GCH8Gew,20149,316,1,0.0,Qwen3-8B,3,random,random
R_3p2Xf2B5GCH8Gew,20213,317,1,0.0,Qwen3-8B,3,random,random
R_3p2Xf2B5GCH8Gew,20278,318,0,0.0,Qwen3-8B,1,random,random
R_3p2Xf2B5GCH8Gew,20344,319,1,0.0,Qwen3-8B,2,random,random
R_SVoaafplI6dTKg1,18121,285,0,0.0,Qwen3-8B,2,random,random
R_SVoaafplI6dTKg1,18187,286,3,1.0,Qwen3-8B,4,random,random
R_SVoaafplI6dTKg1,18252,287,-1,,Qwen3-8B,5,random,random
R_SVoaafplI6dTKg1,18319,288,0,0.0,Qwen3-8B,2,random,random
R_SVoaafplI6dTKg1,18384,289,0,0.0,Qwen3-8B,2,random,random
R_SVoaafplI6dTKg1,18448,290,2,1.0,Qwen3-8B,4,random,random
R_SVoaafplI6dTKg1,18512,291,0,0.0,Qwen3-8B,1,random,random
R_SVoaafplI6dTKg1,18576,292,3,1.0,Qwen3-8B,5,random,random
R_SVoaafplI6dTKg1,18643,293,0,0.0,Qwen3-8B,2,random,random
R_SVoaafplI6dTKg1,18709,294,0,0.0,Qwen3-8B,2,random,random
R_SVoaafplI6dTKg1,18773,295,0,0.0,Qwen3-8B,3,random,random
R_SVoaafplI6dTKg1,18840,296,2,1.0,Qwen3-8B,3,random,random
R_SVoaafplI6dTKg1,18907,297,0,0.0,Qwen3-8B,1,random,random
R_SVoaafplI6dTKg1,18973,298,0,0.0,Qwen3-8B,1,random,random
R_SVoaafplI6dTKg1,19039,299,0,0.0,Qwen3-8B,2,random,random
R_SVoaafplI6dTKg1,19103,300,0,0.0,Qwen3-8B,2,random,random
R_SVoaafplI6dTKg1,19169,301,0,0.0,Qwen3-8B,2,random,random
R_SVoaafplI6dTKg1,19236,302,1,0.0,Qwen3-8B,2,random,random
R_SVoaafplI6dTKg1,19304,303,0,0.0,Qwen3-8B,1,random,random
R_SVoaafplI6dTKg1,19371,304,0,0.0,Qwen3-8B,3,random,random
R_SVoaafplI6dTKg1,19438,305,0,0.0,Qwen3-8B,3,random,random
R_SVoaafplI6dTKg1,19505,306,0,0.0,Qwen3-8B,1,random,random
R_SVoaafplI6dTKg1,19571,307,0,0.0,Qwen3-8B,2,random,random
R_SVoaafplI6dTKg1,19636,308,0,0.0,Qwen3-8B,1,random,random
R_SVoaafplI6dTKg1,19702,309,0,0.0,Qwen3-8B,1,random,random
R_SVoaafplI6dTKg1,19767,310,0,0.0,Qwen3-8B,3,random,random
R_SVoaafplI6dTKg1,19833,311,2,1.0,Qwen3-8B,3,random,random
R_SVoaafplI6dTKg1,19900,312,0,0.0,Qwen3-8B,2,random,random
R_SVoaafplI6dTKg1,19968,313,1,0.0,Qwen3-8B,3,random,random
R_SVoaafplI6dTKg1,20035,314,0,0.0,Qwen3-8B,2,random,random
R_SVoaafplI6dTKg1,20102,315,0,0.0,Qwen3-8B,4,random,random
R_SVoaafplI6dTKg1,20168,316,0,0.0,Qwen3-8B,3,random,random
R_SVoaafplI6dTKg1,20232,317,0,0.0,Qwen3-8B,3,random,random
R_SVoaafplI6dTKg1,20297,318,0,0.0,Qwen3-8B,1,random,random
R_SVoaafplI6dTKg1,20363,319,0,0.0,Qwen3-8B,2,random,random
R_UW9HBBs409jmzPX,18687,294,0,0.0,Qwen3-8B,2,random,random
R_UW9HBBs409jmzPX,43570,701,0,0.0,Qwen3-8B,1,random,random
R_UW9HBBs409jmzPX,43633,702,0,0.0,Qwen3-8B,3,random,random
R_UW9HBBs409jmzPX,56299,888,0,0.0,Qwen3-8B,3,random,random
R_UW9HBBs409jmzPX,60884,961,1,0.0,Qwen3-8B,3,random,random
R_UW9HBBs409jmzPX,63028,997,1,0.0,Qwen3-8B,3,random,random
R_UW9HBBs409jmzPX,67887,1075,0,0.0,Qwen3-8B,1,random,random
R_UW9HBBs409jmzPX,88815,1816,0,0.0,Qwen3-8B,1,moral,authority
R_UW9HBBs409jmzPX,135157,3768,-1,,Qwen3-8B,4,social-group,christian
R_UW9HBBs409jmzPX,135180,3769,0,0.0,Qwen3-8B,3,social-group,LGB
R_UW9HBBs409jmzPX,135203,3770,0,0.0,Qwen3-8B,2,social-group,transgender
R_UW9HBBs409jmzPX,135226,3771,3,1.0,Qwen3-8B,3,social-group,christian
R_UW9HBBs409jmzPX,135249,3772,2,1.0,Qwen3-8B,4,social-group,muslim
R_UW9HBBs409jmzPX,135272,3773,0,0.0,Qwen3-8B,1,moral,loyalty
R_UW9HBBs409jmzPX,135295,3774,1,0.0,Qwen3-8B,1,social-group,LGB
R_UW9HBBs409jmzPX,135318,3775,4,1.0,Qwen3-8B,5,social-group,jewish
R_UW9HBBs409jmzPX,135341,3776,0,0.0,Qwen3-8B,3,random,random
R_UW9HBBs409jmzPX,135364,3777,1,0.0,Qwen3-8B,4,social-group,transgender
R_UW9HBBs409jmzPX,135387,3778,1,0.0,Qwen3-8B,3,random,random
R_UW9HBBs409jmzPX,135410,3779,1,0.0,Qwen3-8B,3,social-group,christian
R_UW9HBBs409jmzPX,135433,3780,1,0.0,Qwen3-8B,5,social-group,transgender
R_UW9HBBs409jmzPX,135456,3781,0,0.0,Qwen3-8B,1,random,random
R_UW9HBBs409jmzPX,135479,3782,1,0.0,Qwen3-8B,1,social-group,muslim
R_UW9HBBs409jmzPX,135502,3783,0,0.0,Qwen3-8B,4,social-group,jewish
R_UW9HBBs409jmzPX,135525,3784,0,0.0,Qwen3-8B,1,social-group,transgender
R_UW9HBBs409jmzPX,135548,3785,0,0.0,Qwen3-8B,3,random,random
R_UW9HBBs409jmzPX,135571,3786,1,0.0,Qwen3-8B,3,social-group,christian
R_UW9HBBs409jmzPX,135594,3787,1,0.0,Qwen3-8B,3,social-group,christian
R_UW9HBBs409jmzPX,135617,3788,0,0.0,Qwen3-8B,3,random,random
R_UW9HBBs409jmzPX,135640,3789,2,1.0,Qwen3-8B,3,social-group,LGB
R_UW9HBBs409jmzPX,135663,3790,0,0.0,Qwen3-8B,1,random,random
R_UW9HBBs409jmzPX,135686,3791,1,0.0,Qwen3-8B,4,random,random
R_UW9HBBs409jmzPX,135709,3792,0,0.0,Qwen3-8B,3,social-group,jewish
R_UW9HBBs409jmzPX,135732,3793,1,0.0,Qwen3-8B,3,random,random
R_UW9HBBs409jmzPX,135755,3794,4,1.0,Qwen3-8B,5,social-group,transgender
R_3k7K1C7OArwMpqB,18746,295,3,1.0,Qwen3-8B,3,random,random
R_3k7K1C7OArwMpqB,25941,410,1,0.0,Qwen3-8B,2,random,random
R_3k7K1C7OArwMpqB,27906,445,1,0.0,Qwen3-8B,3,random,random
R_3k7K1C7OArwMpqB,28273,452,0,0.0,Qwen3-8B,2,random,random
R_3k7K1C7OArwMpqB,41758,672,3,1.0,Qwen3-8B,1,random,random
R_3k7K1C7OArwMpqB,41881,674,1,0.0,Qwen3-8B,2,random,random
R_3k7K1C7OArwMpqB,55650,879,3,1.0,Qwen3-8B,3,random,random
R_3k7K1C7OArwMpqB,64175,1016,0,0.0,Qwen3-8B,3,random,random
R_3k7K1C7OArwMpqB,64764,1025,2,1.0,Qwen3-8B,4,random,random
R_3k7K1C7OArwMpqB,67470,1068,-1,,Qwen3-8B,3,random,random
R_3k7K1C7OArwMpqB,152136,4509,1,0.0,Qwen3-8B,4,social-group,christian
R_3k7K1C7OArwMpqB,152157,4510,4,1.0,Qwen3-8B,4,random,random
R_3k7K1C7OArwMpqB,152178,4511,2,1.0,Qwen3-8B,5,social-group,jewish
R_3k7K1C7OArwMpqB,152199,4512,0,0.0,Qwen3-8B,2,social-group,transgender
R_3k7K1C7OArwMpqB,152220,4513,0,0.0,Qwen3-8B,1,moral,purity
R_3k7K1C7OArwMpqB,152241,4514,4,1.0,Qwen3-8B,5,random,random
R_3k7K1C7OArwMpqB,152262,4515,3,1.0,Qwen3-8B,2,social-group,muslim
R_3k7K1C7OArwMpqB,152283,4516,-1,,Qwen3-8B,1,social-group,LGB
R_3k7K1C7OArwMpqB,152304,4517,4,1.0,Qwen3-8B,5,social-group,jewish
R_3k7K1C7OArwMpqB,152325,4518,1,0.0,Qwen3-8B,3,social-group,jewish
R_3k7K1C7OArwMpqB,152346,4519,2,1.0,Qwen3-8B,3,social-group,christian
R_3k7K1C7OArwMpqB,152367,4520,0,0.0,Qwen3-8B,4,social-group,muslim
R_3k7K1C7OArwMpqB,152388,4521,0,0.0,Qwen3-8B,4,social-group,muslim
R_3k7K1C7OArwMpqB,152409,4522,0,0.0,Qwen3-8B,3,random,random
R_3k7K1C7OArwMpqB,152430,4523,0,0.0,Qwen3-8B,3,social-group,LGB
R_3k7K1C7OArwMpqB,152451,4524,0,0.0,Qwen3-8B,2,random,random
R_3k7K1C7OArwMpqB,152472,4525,3,1.0,Qwen3-8B,3,social-group,christian
R_3k7K1C7OArwMpqB,152493,4526,0,0.0,Qwen3-8B,1,moral,loyalty
R_3k7K1C7OArwMpqB,152514,4527,0,0.0,Qwen3-8B,3,social-group,christian
R_3k7K1C7OArwMpqB,152535,4528,1,0.0,Qwen3-8B,4,social-group,christian
R_3k7K1C7OArwMpqB,152556,4529,1,0.0,Qwen3-8B,3,social-group,muslim
R_3k7K1C7OArwMpqB,152577,4530,2,1.0,Qwen3-8B,4,social-group,transgender
R_3k7K1C7OArwMpqB,152598,4531,3,1.0,Qwen3-8B,1,social-group,LGB
R_3k7K1C7OArwMpqB,152619,4532,0,0.0,Qwen3-8B,5,social-group,jewish
R_3k7K1C7OArwMpqB,152640,4533,2,1.0,Qwen3-8B,1,moral,authority
R_1HBKiTC7s7MmHwB,18951,298,0,0.0,Qwen3-8B,1,random,random
R_1HBKiTC7s7MmHwB,23353,366,0,0.0,Qwen3-8B,2,random,random
R_1HBKiTC7s7MmHwB,26139,413,2,1.0,Qwen3-8B,3,random,random
R_1HBKiTC7s7MmHwB,26825,424,0,0.0,Qwen3-8B,3,random,random
R_1HBKiTC7s7MmHwB,30790,491,0,0.0,Qwen3-8B,1,random,random
R_1HBKiTC7s7MmHwB,42815,689,0,0.0,Qwen3-8B,3,random,random
R_1HBKiTC7s7MmHwB,59243,931,0,0.0,Qwen3-8B,1,random,random
R_1HBKiTC7s7MmHwB,61213,967,1,0.0,Qwen3-8B,3,random,random
R_1HBKiTC7s7MmHwB,82137,1547,0,0.0,Qwen3-8B,1,moral,authority
R_1HBKiTC7s7MmHwB,85280,1676,0,0.0,Qwen3-8B,2,moral,authority
R_1HBKiTC7s7MmHwB,85280,1676,0,0.0,Qwen3-8B,2,moral,loyalty
R_1HBKiTC7s7MmHwB,85280,1676,0,0.0,Qwen3-8B,2,moral,authority
R_1HBKiTC7s7MmHwB,85280,1676,0,0.0,Qwen3-8B,2,moral,loyalty
R_1HBKiTC7s7MmHwB,85339,1677,1,0.0,Qwen3-8B,3,social-group,christian
R_1HBKiTC7s7MmHwB,85363,1678,0,0.0,Qwen3-8B,1,random,random
R_1HBKiTC7s7MmHwB,85387,1679,0,0.0,Qwen3-8B,3,social-group,LGB
R_1HBKiTC7s7MmHwB,85411,1680,0,0.0,Qwen3-8B,2,random,random
R_1HBKiTC7s7MmHwB,85435,1681,1,0.0,Qwen3-8B,3,social-group,christian
R_1HBKiTC7s7MmHwB,85459,1682,0,0.0,Qwen3-8B,3,social-group,LGB
R_1HBKiTC7s7MmHwB,85483,1683,1,0.0,Qwen3-8B,4,random,random
R_1HBKiTC7s7MmHwB,85507,1684,0,0.0,Qwen3-8B,1,social-group,transgender
R_1HBKiTC7s7MmHwB,85531,1685,1,0.0,Qwen3-8B,4,social-group,christian
R_1HBKiTC7s7MmHwB,85555,1686,0,0.0,Qwen3-8B,2,random,random
R_1HBKiTC7s7MmHwB,85579,1687,1,0.0,Qwen3-8B,4,social-group,jewish
R_1HBKiTC7s7MmHwB,85603,1688,1,0.0,Qwen3-8B,1,random,random
R_1HBKiTC7s7MmHwB,85627,1689,1,0.0,Qwen3-8B,2,random,random
R_1HBKiTC7s7MmHwB,85651,1690,1,0.0,Qwen3-8B,4,social-group,muslim
R_1HBKiTC7s7MmHwB,85675,1691,0,0.0,Qwen3-8B,2,random,random
R_1HBKiTC7s7MmHwB,85699,1692,3,1.0,Qwen3-8B,5,social-group,muslim
R_1HBKiTC7s7MmHwB,85723,1693,1,0.0,Qwen3-8B,1,social-group,muslim
R_1HBKiTC7s7MmHwB,85747,1694,4,1.0,Qwen3-8B,5,social-group,muslim
R_1HBKiTC7s7MmHwB,85771,1695,0,0.0,Qwen3-8B,1,social-group,christian
R_1HBKiTC7s7MmHwB,85795,1696,-1,,Qwen3-8B,3,social-group,christian
R_1HBKiTC7s7MmHwB,85819,1697,0,0.0,Qwen3-8B,1,social-group,transgender
R_1HBKiTC7s7MmHwB,85843,1698,1,0.0,Qwen3-8B,5,social-group,jewish
R_1HBKiTC7s7MmHwB,85867,1699,1,0.0,Qwen3-8B,4,social-group,transgender
R_1HBKiTC7s7MmHwB,85891,1700,1,0.0,Qwen3-8B,5,social-group,jewish
R_1HBKiTC7s7MmHwB,85915,1701,1,0.0,Qwen3-8B,4,social-group,muslim
R_1Hk7Qegnm2fDsVT,18978,298,0,0.0,Qwen3-8B,1,random,random
R_1Hk7Qegnm2fDsVT,23377,366,2,1.0,Qwen3-8B,2,random,random
R_1Hk7Qegnm2fDsVT,26166,413,1,0.0,Qwen3-8B,3,random,random
R_1Hk7Qegnm2fDsVT,26852,424,-1,,Qwen3-8B,3,random,random
R_1Hk7Qegnm2fDsVT,30815,491,0,0.0,Qwen3-8B,1,random,random
R_1Hk7Qegnm2fDsVT,42843,689,4,1.0,Qwen3-8B,3,random,random
R_1Hk7Qegnm2fDsVT,59264,931,1,0.0,Qwen3-8B,1,random,random
R_1Hk7Qegnm2fDsVT,61235,967,2,1.0,Qwen3-8B,3,random,random
R_1Hk7Qegnm2fDsVT,82170,1547,2,1.0,Qwen3-8B,1,moral,authority
R_1Hk7Qegnm2fDsVT,85324,1676,-1,,Qwen3-8B,2,moral,authority
R_1Hk7Qegnm2fDsVT,85324,1676,-1,,Qwen3-8B,2,moral,loyalty
R_1Hk7Qegnm2fDsVT,85324,1676,-1,,Qwen3-8B,2,moral,authority
R_1Hk7Qegnm2fDsVT,85324,1676,-1,,Qwen3-8B,2,moral,loyalty
R_1Hk7Qegnm2fDsVT,85349,1677,4,1.0,Qwen3-8B,3,social-group,christian
R_1Hk7Qegnm2fDsVT,85373,1678,2,1.0,Qwen3-8B,1,random,random
R_1Hk7Qegnm2fDsVT,85397,1679,2,1.0,Qwen3-8B,3,social-group,LGB
R_1Hk7Qegnm2fDsVT,85421,1680,0,0.0,Qwen3-8B,2,random,random
R_1Hk7Qegnm2fDsVT,85445,1681,2,1.0,Qwen3-8B,3,social-group,christian
R_1Hk7Qegnm2fDsVT,85469,1682,4,1.0,Qwen3-8B,3,social-group,LGB
R_1Hk7Qegnm2fDsVT,85493,1683,4,1.0,Qwen3-8B,4,random,random
R_1Hk7Qegnm2fDsVT,85517,1684,0,0.0,Qwen3-8B,1,social-group,transgender
R_1Hk7Qegnm2fDsVT,85541,1685,0,0.0,Qwen3-8B,4,social-group,christian
R_1Hk7Qegnm2fDsVT,85565,1686,3,1.0,Qwen3-8B,2,random,random
R_1Hk7Qegnm2fDsVT,85589,1687,3,1.0,Qwen3-8B,4,social-group,jewish
R_1Hk7Qegnm2fDsVT,85613,1688,0,0.0,Qwen3-8B,1,random,random
R_1Hk7Qegnm2fDsVT,85637,1689,1,0.0,Qwen3-8B,2,random,random
R_1Hk7Qegnm2fDsVT,85661,1690,4,1.0,Qwen3-8B,4,social-group,muslim
R_1Hk7Qegnm2fDsVT,85685,1691,1,0.0,Qwen3-8B,2,random,random
R_1Hk7Qegnm2fDsVT,85709,1692,4,1.0,Qwen3-8B,5,social-group,muslim
R_1Hk7Qegnm2fDsVT,85733,1693,2,1.0,Qwen3-8B,1,social-group,muslim
R_1Hk7Qegnm2fDsVT,85757,1694,4,1.0,Qwen3-8B,5,social-group,muslim
R_1Hk7Qegnm2fDsVT,85781,1695,3,1.0,Qwen3-8B,1,social-group,christian
R_1Hk7Qegnm2fDsVT,85805,1696,1,0.0,Qwen3-8B,3,social-group,christian
R_1Hk7Qegnm2fDsVT,85829,1697,1,0.0,Qwen3-8B,1,social-group,transgender
R_1Hk7Qegnm2fDsVT,85853,1698,4,1.0,Qwen3-8B,5,social-group,jewish
R_1Hk7Qegnm2fDsVT,85877,1699,4,1.0,Qwen3-8B,4,social-group,transgender
R_1Hk7Qegnm2fDsVT,85901,1700,0,0.0,Qwen3-8B,5,social-group,jewish
R_1Hk7Qegnm2fDsVT,85925,1701,4,1.0,Qwen3-8B,4,social-group,muslim
R_s5ociIzXsoVKPkZ,19172,301,0,0.0,Qwen3-8B,2,random,random
R_s5ociIzXsoVKPkZ,32535,517,0,0.0,Qwen3-8B,2,random,random
R_s5ociIzXsoVKPkZ,46751,747,0,0.0,Qwen3-8B,3,random,random
R_s5ociIzXsoVKPkZ,47601,759,0,0.0,Qwen3-8B,1,random,random
R_s5ociIzXsoVKPkZ,74631,1243,0,0.0,Qwen3-8B,1,moral,purity
R_s5ociIzXsoVKPkZ,74631,1243,0,0.0,Qwen3-8B,1,moral,loyalty
R_s5ociIzXsoVKPkZ,74631,1243,0,0.0,Qwen3-8B,1,moral,purity
R_s5ociIzXsoVKPkZ,74631,1243,0,0.0,Qwen3-8B,1,moral,loyalty
R_s5ociIzXsoVKPkZ,89919,1857,0,0.0,Qwen3-8B,3,social-group,LGB
R_s5ociIzXsoVKPkZ,89942,1858,0,0.0,Qwen3-8B,3,moral,loyalty
R_s5ociIzXsoVKPkZ,89965,1859,0,0.0,Qwen3-8B,2,moral,purity
R_s5ociIzXsoVKPkZ,89988,1860,0,0.0,Qwen3-8B,2,moral,loyalty
R_s5ociIzXsoVKPkZ,90011,1861,0,0.0,Qwen3-8B,1,moral,care
R_s5ociIzXsoVKPkZ,90034,1862,0,0.0,Qwen3-8B,3,social-group,muslim
R_s5ociIzXsoVKPkZ,90057,1863,0,0.0,Qwen3-8B,1,social-group,christian
R_s5ociIzXsoVKPkZ,90080,1864,0,0.0,Qwen3-8B,1,moral,care
R_s5ociIzXsoVKPkZ,90103,1865,1,0.0,Qwen3-8B,5,social-group,transgender
R_s5ociIzXsoVKPkZ,90126,1866,0,0.0,Qwen3-8B,3,social-group,LGB
R_s5ociIzXsoVKPkZ,90149,1867,0,0.0,Qwen3-8B,2,moral,loyalty
R_s5ociIzXsoVKPkZ,90172,1868,0,0.0,Qwen3-8B,3,social-group,LGB
R_s5ociIzXsoVKPkZ,90195,1869,0,0.0,Qwen3-8B,4,social-group,christian
R_s5ociIzXsoVKPkZ,90218,1870,0,0.0,Qwen3-8B,4,social-group,LGB
R_s5ociIzXsoVKPkZ,90241,1871,-1,,Qwen3-8B,4,social-group,transgender
R_s5ociIzXsoVKPkZ,90264,1872,0,0.0,Qwen3-8B,4,social-group,muslim
R_s5ociIzXsoVKPkZ,90287,1873,0,0.0,Qwen3-8B,4,social-group,LGB
R_s5ociIzXsoVKPkZ,90310,1874,-1,,Qwen3-8B,1,social-group,christian
R_s5ociIzXsoVKPkZ,90333,1875,1,0.0,Qwen3-8B,5,random,random
R_s5ociIzXsoVKPkZ,90356,1876,0,0.0,Qwen3-8B,1,random,random
R_s5ociIzXsoVKPkZ,90379,1877,0,0.0,Qwen3-8B,3,social-group,muslim
R_s5ociIzXsoVKPkZ,90402,1878,0,0.0,Qwen3-8B,3,social-group,christian
R_s5ociIzXsoVKPkZ,90425,1879,0,0.0,Qwen3-8B,4,social-group,LGB
R_s5ociIzXsoVKPkZ,90448,1880,-1,,Qwen3-8B,4,social-group,muslim
R_s5ociIzXsoVKPkZ,90471,1881,1,0.0,Qwen3-8B,3,social-group,muslim
R_s5ociIzXsoVKPkZ,90494,1882,1,0.0,Qwen3-8B,4,social-group,LGB
R_s5ociIzXsoVKPkZ,90517,1883,-1,,Qwen3-8B,3,social-group,transgender
R_s5ociIzXsoVKPkZ,90540,1884,0,0.0,Qwen3-8B,2,moral,care
R_s5ociIzXsoVKPkZ,90584,1885,0,0.0,Qwen3-8B,2,moral,care
R_s5ociIzXsoVKPkZ,90610,1886,0,0.0,Qwen3-8B,4,social-group,LGB
R_2WCssYyxIkIdFiG,19409,305,2,1.0,Qwen3-8B,3,random,random
R_2WCssYyxIkIdFiG,26378,417,0,0.0,Qwen3-8B,1,random,random
R_2WCssYyxIkIdFiG,35916,574,1,0.0,Qwen3-8B,3,random,random
R_2WCssYyxIkIdFiG,38577,619,2,1.0,Qwen3-8B,4,random,random
R_2WCssYyxIkIdFiG,59747,940,1,0.0,Qwen3-8B,5,random,random
R_2WCssYyxIkIdFiG,61263,968,0,0.0,Qwen3-8B,1,random,random
R_2WCssYyxIkIdFiG,64565,1022,0,0.0,Qwen3-8B,2,random,random
R_2WCssYyxIkIdFiG,65859,1042,0,0.0,Qwen3-8B,4,random,random
R_2WCssYyxIkIdFiG,79920,1455,3,1.0,Qwen3-8B,4,social-group,christian
R_2WCssYyxIkIdFiG,79944,1456,0,0.0,Qwen3-8B,1,random,random
R_2WCssYyxIkIdFiG,79968,1457,4,1.0,Qwen3-8B,3,social-group,christian
R_2WCssYyxIkIdFiG,79992,1458,0,0.0,Qwen3-8B,3,social-group,christian
R_2WCssYyxIkIdFiG,80016,1459,0,0.0,Qwen3-8B,4,social-group,muslim
R_2WCssYyxIkIdFiG,80040,1460,2,1.0,Qwen3-8B,4,social-group,jewish
R_2WCssYyxIkIdFiG,80064,1461,2,1.0,Qwen3-8B,3,social-group,christian
R_2WCssYyxIkIdFiG,80088,1462,1,0.0,Qwen3-8B,2,social-group,transgender
R_2WCssYyxIkIdFiG,80112,1463,2,1.0,Qwen3-8B,3,social-group,LGB
R_2WCssYyxIkIdFiG,80136,1464,0,0.0,Qwen3-8B,3,social-group,jewish
R_2WCssYyxIkIdFiG,80160,1465,0,0.0,Qwen3-8B,2,social-group,christian
R_2WCssYyxIkIdFiG,80184,1466,3,1.0,Qwen3-8B,5,social-group,LGB
R_2WCssYyxIkIdFiG,80208,1467,1,0.0,Qwen3-8B,1,social-group,christian
R_2WCssYyxIkIdFiG,80232,1468,0,0.0,Qwen3-8B,3,random,random
R_2WCssYyxIkIdFiG,80256,1469,3,1.0,Qwen3-8B,3,random,random
R_2WCssYyxIkIdFiG,80280,1470,0,0.0,Qwen3-8B,2,moral,purity
R_2WCssYyxIkIdFiG,80304,1471,4,1.0,Qwen3-8B,5,social-group,muslim
R_2WCssYyxIkIdFiG,80328,1472,0,0.0,Qwen3-8B,3,social-group,christian
R_2WCssYyxIkIdFiG,80352,1473,2,1.0,Qwen3-8B,5,social-group,muslim
R_2WCssYyxIkIdFiG,80376,1474,0,0.0,Qwen3-8B,4,social-group,transgender
R_2WCssYyxIkIdFiG,80400,1475,0,0.0,Qwen3-8B,3,random,random
R_2WCssYyxIkIdFiG,80424,1476,1,0.0,Qwen3-8B,1,moral,purity
R_2WCssYyxIkIdFiG,80448,1477,0,0.0,Qwen3-8B,3,social-group,transgender
R_2WCssYyxIkIdFiG,80472,1478,0,0.0,Qwen3-8B,1,random,random
R_2WCssYyxIkIdFiG,80496,1479,0,0.0,Qwen3-8B,1,social-group,LGB
R_2WCssYyxIkIdFiG,80520,1480,0,0.0,Qwen3-8B,3,social-group,muslim
R_2WCssYyxIkIdFiG,80544,1481,0,0.0,Qwen3-8B,1,random,random
R_CmBLYLlfthxfqg1,19415,305,0,0.0,Qwen3-8B,3,random,random
R_CmBLYLlfthxfqg1,26387,417,0,0.0,Qwen3-8B,1,random,random
R_CmBLYLlfthxfqg1,35922,574,0,0.0,Qwen3-8B,3,random,random
R_CmBLYLlfthxfqg1,38581,619,0,0.0,Qwen3-8B,4,random,random
R_CmBLYLlfthxfqg1,59753,940,0,0.0,Qwen3-8B,5,random,random
R_CmBLYLlfthxfqg1,61267,968,0,0.0,Qwen3-8B,1,random,random
R_CmBLYLlfthxfqg1,64573,1022,0,0.0,Qwen3-8B,2,random,random
R_CmBLYLlfthxfqg1,65867,1042,0,0.0,Qwen3-8B,4,random,random
R_CmBLYLlfthxfqg1,79921,1455,0,0.0,Qwen3-8B,4,social-group,christian
R_CmBLYLlfthxfqg1,79945,1456,-1,,Qwen3-8B,1,random,random
R_CmBLYLlfthxfqg1,79969,1457,0,0.0,Qwen3-8B,3,social-group,christian
R_CmBLYLlfthxfqg1,79993,1458,0,0.0,Qwen3-8B,3,social-group,christian
R_CmBLYLlfthxfqg1,80017,1459,0,0.0,Qwen3-8B,4,social-group,muslim
R_CmBLYLlfthxfqg1,80041,1460,0,0.0,Qwen3-8B,4,social-group,jewish
R_CmBLYLlfthxfqg1,80065,1461,0,0.0,Qwen3-8B,3,social-group,christian
R_CmBLYLlfthxfqg1,80089,1462,2,1.0,Qwen3-8B,2,social-group,transgender
R_CmBLYLlfthxfqg1,80113,1463,2,1.0,Qwen3-8B,3,social-group,LGB
R_CmBLYLlfthxfqg1,80137,1464,0,0.0,Qwen3-8B,3,social-group,jewish
R_CmBLYLlfthxfqg1,80161,1465,0,0.0,Qwen3-8B,2,social-group,christian
R_CmBLYLlfthxfqg1,80185,1466,4,1.0,Qwen3-8B,5,social-group,LGB
R_CmBLYLlfthxfqg1,80209,1467,0,0.0,Qwen3-8B,1,social-group,christian
R_CmBLYLlfthxfqg1,80233,1468,4,1.0,Qwen3-8B,3,random,random
R_CmBLYLlfthxfqg1,80257,1469,0,0.0,Qwen3-8B,3,random,random
R_CmBLYLlfthxfqg1,80281,1470,0,0.0,Qwen3-8B,2,moral,purity
R_CmBLYLlfthxfqg1,80305,1471,2,1.0,Qwen3-8B,5,social-group,muslim
R_CmBLYLlfthxfqg1,80329,1472,0,0.0,Qwen3-8B,3,social-group,christian
R_CmBLYLlfthxfqg1,80353,1473,4,1.0,Qwen3-8B,5,social-group,muslim
R_CmBLYLlfthxfqg1,80377,1474,4,1.0,Qwen3-8B,4,social-group,transgender
R_CmBLYLlfthxfqg1,80401,1475,4,1.0,Qwen3-8B,3,random,random
R_CmBLYLlfthxfqg1,80425,1476,0,0.0,Qwen3-8B,1,moral,purity
R_CmBLYLlfthxfqg1,80449,1477,4,1.0,Qwen3-8B,3,social-group,transgender
R_CmBLYLlfthxfqg1,80473,1478,0,0.0,Qwen3-8B,1,random,random
R_CmBLYLlfthxfqg1,80497,1479,0,0.0,Qwen3-8B,1,social-group,LGB
R_CmBLYLlfthxfqg1,80521,1480,4,1.0,Qwen3-8B,3,social-group,muslim
R_CmBLYLlfthxfqg1,80545,1481,0,0.0,Qwen3-8B,1,random,random
R_2dhCcnn2gnqq5Fs,19442,305,-1,,Qwen3-8B,3,random,random
R_2dhCcnn2gnqq5Fs,26414,417,1,0.0,Qwen3-8B,1,random,random
R_2dhCcnn2gnqq5Fs,35948,574,0,0.0,Qwen3-8B,3,random,random
R_2dhCcnn2gnqq5Fs,38605,619,0,0.0,Qwen3-8B,4,random,random
R_2dhCcnn2gnqq5Fs,59774,940,2,1.0,Qwen3-8B,5,random,random
R_2dhCcnn2gnqq5Fs,61289,968,2,1.0,Qwen3-8B,1,random,random
R_2dhCcnn2gnqq5Fs,64590,1022,0,0.0,Qwen3-8B,2,random,random
R_2dhCcnn2gnqq5Fs,65884,1042,0,0.0,Qwen3-8B,4,random,random
R_2dhCcnn2gnqq5Fs,79931,1455,3,1.0,Qwen3-8B,4,social-group,christian
R_2dhCcnn2gnqq5Fs,79955,1456,1,0.0,Qwen3-8B,1,random,random
R_2dhCcnn2gnqq5Fs,79979,1457,1,0.0,Qwen3-8B,3,social-group,christian
R_2dhCcnn2gnqq5Fs,80003,1458,0,0.0,Qwen3-8B,3,social-group,christian
R_2dhCcnn2gnqq5Fs,80027,1459,3,1.0,Qwen3-8B,4,social-group,muslim
R_2dhCcnn2gnqq5Fs,80051,1460,1,0.0,Qwen3-8B,4,social-group,jewish
R_2dhCcnn2gnqq5Fs,80075,1461,1,0.0,Qwen3-8B,3,social-group,christian
R_2dhCcnn2gnqq5Fs,80099,1462,4,1.0,Qwen3-8B,2,social-group,transgender
R_2dhCcnn2gnqq5Fs,80123,1463,0,0.0,Qwen3-8B,3,social-group,LGB
R_2dhCcnn2gnqq5Fs,80147,1464,0,0.0,Qwen3-8B,3,social-group,jewish
R_2dhCcnn2gnqq5Fs,80171,1465,0,0.0,Qwen3-8B,2,social-group,christian
R_2dhCcnn2gnqq5Fs,80195,1466,4,1.0,Qwen3-8B,5,social-group,LGB
R_2dhCcnn2gnqq5Fs,80219,1467,0,0.0,Qwen3-8B,1,social-group,christian
R_2dhCcnn2gnqq5Fs,80243,1468,0,0.0,Qwen3-8B,3,random,random
R_2dhCcnn2gnqq5Fs,80267,1469,1,0.0,Qwen3-8B,3,random,random
R_2dhCcnn2gnqq5Fs,80291,1470,2,1.0,Qwen3-8B,2,moral,purity
R_2dhCcnn2gnqq5Fs,80315,1471,4,1.0,Qwen3-8B,5,social-group,muslim
R_2dhCcnn2gnqq5Fs,80339,1472,0,0.0,Qwen3-8B,3,social-group,christian
R_2dhCcnn2gnqq5Fs,80363,1473,4,1.0,Qwen3-8B,5,social-group,muslim
R_2dhCcnn2gnqq5Fs,80387,1474,2,1.0,Qwen3-8B,4,social-group,transgender
R_2dhCcnn2gnqq5Fs,80411,1475,2,1.0,Qwen3-8B,3,random,random
R_2dhCcnn2gnqq5Fs,80435,1476,0,0.0,Qwen3-8B,1,moral,purity
R_2dhCcnn2gnqq5Fs,80459,1477,2,1.0,Qwen3-8B,3,social-group,transgender
R_2dhCcnn2gnqq5Fs,80483,1478,1,0.0,Qwen3-8B,1,random,random
R_2dhCcnn2gnqq5Fs,80507,1479,2,1.0,Qwen3-8B,1,social-group,LGB
R_2dhCcnn2gnqq5Fs,80531,1480,4,1.0,Qwen3-8B,3,social-group,muslim
R_2dhCcnn2gnqq5Fs,80555,1481,3,1.0,Qwen3-8B,1,random,random
R_Weqgy8hFao0AtWx,20072,315,1,0.0,Qwen3-8B,4,random,random
R_Weqgy8hFao0AtWx,64295,1018,3,1.0,Qwen3-8B,2,random,random
R_Weqgy8hFao0AtWx,65417,1035,0,0.0,Qwen3-8B,2,random,random
R_Weqgy8hFao0AtWx,70835,1128,1,0.0,Qwen3-8B,2,random,random
R_Weqgy8hFao0AtWx,118824,3074,0,0.0,Qwen3-8B,1,moral,loyalty
R_Weqgy8hFao0AtWx,150866,4454,1,0.0,Qwen3-8B,3,random,random
R_Weqgy8hFao0AtWx,150890,4455,-1,,Qwen3-8B,1,moral,authority
R_Weqgy8hFao0AtWx,150914,4456,0,0.0,Qwen3-8B,5,social-group,LGB
R_Weqgy8hFao0AtWx,150938,4457,2,1.0,Qwen3-8B,5,social-group,muslim
R_Weqgy8hFao0AtWx,150962,4458,2,1.0,Qwen3-8B,5,social-group,transgender
R_Weqgy8hFao0AtWx,150986,4459,2,1.0,Qwen3-8B,3,social-group,christian
R_Weqgy8hFao0AtWx,151010,4460,0,0.0,Qwen3-8B,3,social-group,muslim
R_Weqgy8hFao0AtWx,151034,4461,4,1.0,Qwen3-8B,4,social-group,transgender
R_Weqgy8hFao0AtWx,151058,4462,0,0.0,Qwen3-8B,1,moral,care
R_Weqgy8hFao0AtWx,151082,4463,2,1.0,Qwen3-8B,4,social-group,jewish
R_Weqgy8hFao0AtWx,151106,4464,2,1.0,Qwen3-8B,4,social-group,jewish
R_Weqgy8hFao0AtWx,151130,4465,0,0.0,Qwen3-8B,1,moral,loyalty
R_Weqgy8hFao0AtWx,151154,4466,2,1.0,Qwen3-8B,2,random,random
R_Weqgy8hFao0AtWx,151178,4467,1,0.0,Qwen3-8B,2,random,random
R_Weqgy8hFao0AtWx,151202,4468,1,0.0,Qwen3-8B,5,social-group,muslim
R_Weqgy8hFao0AtWx,151226,4469,0,0.0,Qwen3-8B,1,random,random
R_Weqgy8hFao0AtWx,151250,4470,0,0.0,Qwen3-8B,4,social-group,christian
R_Weqgy8hFao0AtWx,151274,4471,0,0.0,Qwen3-8B,2,social-group,christian
R_Weqgy8hFao0AtWx,151298,4472,1,0.0,Qwen3-8B,2,social-group,jewish
R_Weqgy8hFao0AtWx,151322,4473,4,1.0,Qwen3-8B,5,social-group,transgender
R_Weqgy8hFao0AtWx,151346,4474,0,0.0,Qwen3-8B,3,random,random
R_Weqgy8hFao0AtWx,151370,4475,0,0.0,Qwen3-8B,1,random,random
R_Weqgy8hFao0AtWx,151394,4476,2,1.0,Qwen3-8B,2,random,random
R_Weqgy8hFao0AtWx,151418,4477,0,0.0,Qwen3-8B,3,social-group,muslim
R_Weqgy8hFao0AtWx,151442,4478,4,1.0,Qwen3-8B,3,social-group,LGB
R_Weqgy8hFao0AtWx,151466,4479,0,0.0,Qwen3-8B,2,social-group,christian
R_Weqgy8hFao0AtWx,151490,4480,1,0.0,Qwen3-8B,3,social-group,christian
R_Weqgy8hFao0AtWx,151514,4481,1,0.0,Qwen3-8B,3,social-group,LGB
R_Weqgy8hFao0AtWx,151538,4482,0,0.0,Qwen3-8B,3,social-group,muslim
R_Weqgy8hFao0AtWx,151562,4483,0,0.0,Qwen3-8B,1,moral,purity
R_2c5iDC14Lw9GzBo,20105,315,2,1.0,Qwen3-8B,4,random,random
R_2c5iDC14Lw9GzBo,64329,1018,1,0.0,Qwen3-8B,2,random,random
R_2c5iDC14Lw9GzBo,65442,1035,2,1.0,Qwen3-8B,2,random,random
R_2c5iDC14Lw9GzBo,70860,1128,1,0.0,Qwen3-8B,2,random,random
R_2c5iDC14Lw9GzBo,118849,3074,0,0.0,Qwen3-8B,1,moral,loyalty
R_2c5iDC14Lw9GzBo,150877,4454,2,1.0,Qwen3-8B,3,random,random
R_2c5iDC14Lw9GzBo,150901,4455,0,0.0,Qwen3-8B,1,moral,authority
R_2c5iDC14Lw9GzBo,150925,4456,2,1.0,Qwen3-8B,5,social-group,LGB
R_2c5iDC14Lw9GzBo,150949,4457,4,1.0,Qwen3-8B,5,social-group,muslim
R_2c5iDC14Lw9GzBo,150973,4458,3,1.0,Qwen3-8B,5,social-group,transgender
R_2c5iDC14Lw9GzBo,150997,4459,2,1.0,Qwen3-8B,3,social-group,christian
R_2c5iDC14Lw9GzBo,151021,4460,0,0.0,Qwen3-8B,3,social-group,muslim
R_2c5iDC14Lw9GzBo,151045,4461,2,1.0,Qwen3-8B,4,social-group,transgender
R_2c5iDC14Lw9GzBo,151069,4462,0,0.0,Qwen3-8B,1,moral,care
R_2c5iDC14Lw9GzBo,151093,4463,3,1.0,Qwen3-8B,4,social-group,jewish
R_2c5iDC14Lw9GzBo,151117,4464,3,1.0,Qwen3-8B,4,social-group,jewish
R_2c5iDC14Lw9GzBo,151141,4465,0,0.0,Qwen3-8B,1,moral,loyalty
R_2c5iDC14Lw9GzBo,151165,4466,1,0.0,Qwen3-8B,2,random,random
R_2c5iDC14Lw9GzBo,151189,4467,0,0.0,Qwen3-8B,2,random,random
R_2c5iDC14Lw9GzBo,151213,4468,2,1.0,Qwen3-8B,5,social-group,muslim
R_2c5iDC14Lw9GzBo,151237,4469,0,0.0,Qwen3-8B,1,random,random
R_2c5iDC14Lw9GzBo,151261,4470,3,1.0,Qwen3-8B,4,social-group,christian
R_2c5iDC14Lw9GzBo,151285,4471,0,0.0,Qwen3-8B,2,social-group,christian
R_2c5iDC14Lw9GzBo,151309,4472,1,0.0,Qwen3-8B,2,social-group,jewish
R_2c5iDC14Lw9GzBo,151333,4473,2,1.0,Qwen3-8B,5,social-group,transgender
R_2c5iDC14Lw9GzBo,151357,4474,0,0.0,Qwen3-8B,3,random,random
R_2c5iDC14Lw9GzBo,151381,4475,1,0.0,Qwen3-8B,1,random,random
R_2c5iDC14Lw9GzBo,151405,4476,2,1.0,Qwen3-8B,2,random,random
R_2c5iDC14Lw9GzBo,151429,4477,2,1.0,Qwen3-8B,3,social-group,muslim
R_2c5iDC14Lw9GzBo,151453,4478,1,0.0,Qwen3-8B,3,social-group,LGB
R_2c5iDC14Lw9GzBo,151477,4479,1,0.0,Qwen3-8B,2,social-group,christian
R_2c5iDC14Lw9GzBo,151501,4480,2,1.0,Qwen3-8B,3,social-group,christian
R_2c5iDC14Lw9GzBo,151525,4481,2,1.0,Qwen3-8B,3,social-group,LGB
R_2c5iDC14Lw9GzBo,151549,4482,2,1.0,Qwen3-8B,3,social-group,muslim
R_2c5iDC14Lw9GzBo,151573,4483,0,0.0,Qwen3-8B,1,moral,purity
R_12nYGmp62U5itNW,20107,315,1,0.0,Qwen3-8B,4,random,random
R_12nYGmp62U5itNW,64331,1018,0,0.0,Qwen3-8B,2,random,random
R_12nYGmp62U5itNW,65444,1035,0,0.0,Qwen3-8B,2,random,random
R_12nYGmp62U5itNW,70862,1128,0,0.0,Qwen3-8B,2,random,random
R_12nYGmp62U5itNW,118851,3074,-1,,Qwen3-8B,1,moral,loyalty
R_12nYGmp62U5itNW,150879,4454,-1,,Qwen3-8B,3,random,random
R_12nYGmp62U5itNW,150903,4455,0,0.0,Qwen3-8B,1,moral,authority
R_12nYGmp62U5itNW,150927,4456,0,0.0,Qwen3-8B,5,social-group,LGB
R_12nYGmp62U5itNW,150951,4457,3,1.0,Qwen3-8B,5,social-group,muslim
R_12nYGmp62U5itNW,150975,4458,0,0.0,Qwen3-8B,5,social-group,transgender
R_12nYGmp62U5itNW,150999,4459,1,0.0,Qwen3-8B,3,social-group,christian
R_12nYGmp62U5itNW,151023,4460,1,0.0,Qwen3-8B,3,social-group,muslim
R_12nYGmp62U5itNW,151047,4461,0,0.0,Qwen3-8B,4,social-group,transgender
R_12nYGmp62U5itNW,151071,4462,-1,,Qwen3-8B,1,moral,care
R_12nYGmp62U5itNW,151095,4463,0,0.0,Qwen3-8B,4,social-group,jewish
R_12nYGmp62U5itNW,151119,4464,3,1.0,Qwen3-8B,4,social-group,jewish
R_12nYGmp62U5itNW,151143,4465,0,0.0,Qwen3-8B,1,moral,loyalty
R_12nYGmp62U5itNW,151167,4466,0,0.0,Qwen3-8B,2,random,random
R_12nYGmp62U5itNW,151191,4467,-1,,Qwen3-8B,2,random,random
R_12nYGmp62U5itNW,151215,4468,2,1.0,Qwen3-8B,5,social-group,muslim
R_12nYGmp62U5itNW,151239,4469,0,0.0,Qwen3-8B,1,random,random
R_12nYGmp62U5itNW,151263,4470,0,0.0,Qwen3-8B,4,social-group,christian
R_12nYGmp62U5itNW,151287,4471,0,0.0,Qwen3-8B,2,social-group,christian
R_12nYGmp62U5itNW,151311,4472,-1,,Qwen3-8B,2,social-group,jewish
R_12nYGmp62U5itNW,151335,4473,1,0.0,Qwen3-8B,5,social-group,transgender
R_12nYGmp62U5itNW,151359,4474,0,0.0,Qwen3-8B,3,random,random
R_12nYGmp62U5itNW,151383,4475,0,0.0,Qwen3-8B,1,random,random
R_12nYGmp62U5itNW,151407,4476,0,0.0,Qwen3-8B,2,random,random
R_12nYGmp62U5itNW,151431,4477,0,0.0,Qwen3-8B,3,social-group,muslim
R_12nYGmp62U5itNW,151455,4478,0,0.0,Qwen3-8B,3,social-group,LGB
R_12nYGmp62U5itNW,151479,4479,-1,,Qwen3-8B,2,social-group,christian
R_12nYGmp62U5itNW,151503,4480,0,0.0,Qwen3-8B,3,social-group,christian
R_12nYGmp62U5itNW,151527,4481,0,0.0,Qwen3-8B,3,social-group,LGB
R_12nYGmp62U5itNW,151551,4482,3,1.0,Qwen3-8B,3,social-group,muslim
R_12nYGmp62U5itNW,151575,4483,-1,,Qwen3-8B,1,moral,purity
R_2uEb8U1szbNf5qB,20245,318,0,0.0,Qwen3-8B,1,random,random
R_2uEb8U1szbNf5qB,24178,381,2,1.0,Qwen3-8B,2,random,random
R_2uEb8U1szbNf5qB,30567,488,3,1.0,Qwen3-8B,3,random,random
R_2uEb8U1szbNf5qB,41493,668,0,0.0,Qwen3-8B,1,random,random
R_2uEb8U1szbNf5qB,53067,836,0,0.0,Qwen3-8B,2,random,random
R_2uEb8U1szbNf5qB,56904,897,0,0.0,Qwen3-8B,2,random,random
R_2uEb8U1szbNf5qB,67035,1061,0,0.0,Qwen3-8B,3,random,random
R_2uEb8U1szbNf5qB,72405,1159,1,0.0,Qwen3-8B,1,random,random
R_2uEb8U1szbNf5qB,136296,3818,4,1.0,Qwen3-8B,3,social-group,LGB
R_2uEb8U1szbNf5qB,136318,3819,0,0.0,Qwen3-8B,2,social-group,christian
R_2uEb8U1szbNf5qB,136340,3820,1,0.0,Qwen3-8B,4,social-group,jewish
R_2uEb8U1szbNf5qB,136362,3821,0,0.0,Qwen3-8B,5,social-group,jewish
R_2uEb8U1szbNf5qB,136384,3822,2,1.0,Qwen3-8B,3,social-group,muslim
R_2uEb8U1szbNf5qB,136406,3823,0,0.0,Qwen3-8B,1,random,random
R_2uEb8U1szbNf5qB,136428,3824,2,1.0,Qwen3-8B,3,random,random
R_2uEb8U1szbNf5qB,136450,3825,0,0.0,Qwen3-8B,3,social-group,LGB
R_2uEb8U1szbNf5qB,136472,3826,3,1.0,Qwen3-8B,5,social-group,christian
R_2uEb8U1szbNf5qB,136494,3827,1,0.0,Qwen3-8B,3,random,random
R_2uEb8U1szbNf5qB,136516,3828,2,1.0,Qwen3-8B,4,social-group,transgender
R_2uEb8U1szbNf5qB,136538,3829,0,0.0,Qwen3-8B,4,social-group,jewish
R_2uEb8U1szbNf5qB,136560,3830,2,1.0,Qwen3-8B,5,social-group,jewish
R_2uEb8U1szbNf5qB,136582,3831,0,0.0,Qwen3-8B,3,random,random
R_2uEb8U1szbNf5qB,136604,3832,3,1.0,Qwen3-8B,5,social-group,jewish
R_2uEb8U1szbNf5qB,136626,3833,1,0.0,Qwen3-8B,3,social-group,christian
R_2uEb8U1szbNf5qB,136648,3834,1,0.0,Qwen3-8B,4,random,random
R_2uEb8U1szbNf5qB,136670,3835,2,1.0,Qwen3-8B,1,social-group,jewish
R_2uEb8U1szbNf5qB,136692,3836,4,1.0,Qwen3-8B,3,social-group,christian
R_2uEb8U1szbNf5qB,136714,3837,0,0.0,Qwen3-8B,1,moral,authority
R_2uEb8U1szbNf5qB,136736,3838,3,1.0,Qwen3-8B,4,social-group,muslim
R_2uEb8U1szbNf5qB,136758,3839,0,0.0,Qwen3-8B,1,random,random
R_2uEb8U1szbNf5qB,136780,3840,4,1.0,Qwen3-8B,3,social-group,christian
R_2uEb8U1szbNf5qB,136802,3841,3,1.0,Qwen3-8B,3,social-group,LGB
R_2uEb8U1szbNf5qB,136824,3842,2,1.0,Qwen3-8B,4,social-group,transgender
R_2uEb8U1szbNf5qB,136846,3843,0,0.0,Qwen3-8B,3,social-group,christian
R_2zd4QNZyJSiT2Jf,20267,318,0,0.0,Qwen3-8B,1,random,random
R_2zd4QNZyJSiT2Jf,24199,381,0,0.0,Qwen3-8B,2,random,random
R_2zd4QNZyJSiT2Jf,30592,488,0,0.0,Qwen3-8B,3,random,random
R_2zd4QNZyJSiT2Jf,41510,668,0,0.0,Qwen3-8B,1,random,random
R_2zd4QNZyJSiT2Jf,53089,836,0,0.0,Qwen3-8B,2,random,random
R_2zd4QNZyJSiT2Jf,56933,897,0,0.0,Qwen3-8B,2,random,random
R_2zd4QNZyJSiT2Jf,67057,1061,0,0.0,Qwen3-8B,3,random,random
R_2zd4QNZyJSiT2Jf,72422,1159,0,0.0,Qwen3-8B,1,random,random
R_2zd4QNZyJSiT2Jf,136303,3818,4,1.0,Qwen3-8B,3,social-group,LGB
R_2zd4QNZyJSiT2Jf,136325,3819,0,0.0,Qwen3-8B,2,social-group,christian
R_2zd4QNZyJSiT2Jf,136347,3820,0,0.0,Qwen3-8B,4,social-group,jewish
R_2zd4QNZyJSiT2Jf,136369,3821,0,0.0,Qwen3-8B,5,social-group,jewish
R_2zd4QNZyJSiT2Jf,136391,3822,1,0.0,Qwen3-8B,3,social-group,muslim
R_2zd4QNZyJSiT2Jf,136413,3823,0,0.0,Qwen3-8B,1,random,random
R_2zd4QNZyJSiT2Jf,136435,3824,0,0.0,Qwen3-8B,3,random,random
R_2zd4QNZyJSiT2Jf,136457,3825,0,0.0,Qwen3-8B,3,social-group,LGB
R_2zd4QNZyJSiT2Jf,136479,3826,0,0.0,Qwen3-8B,5,social-group,christian
R_2zd4QNZyJSiT2Jf,136501,3827,0,0.0,Qwen3-8B,3,random,random
R_2zd4QNZyJSiT2Jf,136523,3828,0,0.0,Qwen3-8B,4,social-group,transgender
R_2zd4QNZyJSiT2Jf,136545,3829,0,0.0,Qwen3-8B,4,social-group,jewish
R_2zd4QNZyJSiT2Jf,136567,3830,0,0.0,Qwen3-8B,5,social-group,jewish
R_2zd4QNZyJSiT2Jf,136589,3831,-1,,Qwen3-8B,3,random,random
R_2zd4QNZyJSiT2Jf,136611,3832,-1,,Qwen3-8B,5,social-group,jewish
R_2zd4QNZyJSiT2Jf,136633,3833,0,0.0,Qwen3-8B,3,social-group,christian
R_2zd4QNZyJSiT2Jf,136655,3834,3,1.0,Qwen3-8B,4,random,random
R_2zd4QNZyJSiT2Jf,136677,3835,1,0.0,Qwen3-8B,1,social-group,jewish
R_2zd4QNZyJSiT2Jf,136699,3836,1,0.0,Qwen3-8B,3,social-group,christian
R_2zd4QNZyJSiT2Jf,136721,3837,0,0.0,Qwen3-8B,1,moral,authority
R_2zd4QNZyJSiT2Jf,136743,3838,1,0.0,Qwen3-8B,4,social-group,muslim
R_2zd4QNZyJSiT2Jf,136765,3839,0,0.0,Qwen3-8B,1,random,random
R_2zd4QNZyJSiT2Jf,136787,3840,0,0.0,Qwen3-8B,3,social-group,christian
R_2zd4QNZyJSiT2Jf,136809,3841,-1,,Qwen3-8B,3,social-group,LGB
R_2zd4QNZyJSiT2Jf,136831,3842,-1,,Qwen3-8B,4,social-group,transgender
R_2zd4QNZyJSiT2Jf,136853,3843,0,0.0,Qwen3-8B,3,social-group,christian
R_TdRDxCImxUwHKIV,20279,318,0,0.0,Qwen3-8B,1,random,random
R_TdRDxCImxUwHKIV,24214,381,0,0.0,Qwen3-8B,2,random,random
R_TdRDxCImxUwHKIV,30606,488,0,0.0,Qwen3-8B,3,random,random
R_TdRDxCImxUwHKIV,41527,668,0,0.0,Qwen3-8B,1,random,random
R_TdRDxCImxUwHKIV,53107,836,0,0.0,Qwen3-8B,2,random,random
R_TdRDxCImxUwHKIV,56951,897,1,0.0,Qwen3-8B,2,random,random
R_TdRDxCImxUwHKIV,67070,1061,0,0.0,Qwen3-8B,3,random,random
R_TdRDxCImxUwHKIV,72434,1159,0,0.0,Qwen3-8B,1,random,random
R_TdRDxCImxUwHKIV,136308,3818,0,0.0,Qwen3-8B,3,social-group,LGB
R_TdRDxCImxUwHKIV,136330,3819,0,0.0,Qwen3-8B,2,social-group,christian
R_TdRDxCImxUwHKIV,136352,3820,1,0.0,Qwen3-8B,4,social-group,jewish
R_TdRDxCImxUwHKIV,136374,3821,2,1.0,Qwen3-8B,5,social-group,jewish
R_TdRDxCImxUwHKIV,136396,3822,1,0.0,Qwen3-8B,3,social-group,muslim
R_TdRDxCImxUwHKIV,136418,3823,0,0.0,Qwen3-8B,1,random,random
R_TdRDxCImxUwHKIV,136440,3824,1,0.0,Qwen3-8B,3,random,random
R_TdRDxCImxUwHKIV,136462,3825,1,0.0,Qwen3-8B,3,social-group,LGB
R_TdRDxCImxUwHKIV,136484,3826,1,0.0,Qwen3-8B,5,social-group,christian
R_TdRDxCImxUwHKIV,136506,3827,0,0.0,Qwen3-8B,3,random,random
R_TdRDxCImxUwHKIV,136528,3828,1,0.0,Qwen3-8B,4,social-group,transgender
R_TdRDxCImxUwHKIV,136550,3829,1,0.0,Qwen3-8B,4,social-group,jewish
R_TdRDxCImxUwHKIV,136572,3830,2,1.0,Qwen3-8B,5,social-group,jewish
R_TdRDxCImxUwHKIV,136594,3831,1,0.0,Qwen3-8B,3,random,random
R_TdRDxCImxUwHKIV,136616,3832,0,0.0,Qwen3-8B,5,social-group,jewish
R_TdRDxCImxUwHKIV,136638,3833,1,0.0,Qwen3-8B,3,social-group,christian
R_TdRDxCImxUwHKIV,136660,3834,1,0.0,Qwen3-8B,4,random,random
R_TdRDxCImxUwHKIV,136682,3835,1,0.0,Qwen3-8B,1,social-group,jewish
R_TdRDxCImxUwHKIV,136704,3836,1,0.0,Qwen3-8B,3,social-group,christian
R_TdRDxCImxUwHKIV,136726,3837,0,0.0,Qwen3-8B,1,moral,authority
R_TdRDxCImxUwHKIV,136748,3838,1,0.0,Qwen3-8B,4,social-group,muslim
R_TdRDxCImxUwHKIV,136770,3839,1,0.0,Qwen3-8B,1,random,random
R_TdRDxCImxUwHKIV,136792,3840,1,0.0,Qwen3-8B,3,social-group,christian
R_TdRDxCImxUwHKIV,136814,3841,2,1.0,Qwen3-8B,3,social-group,LGB
R_TdRDxCImxUwHKIV,136836,3842,1,0.0,Qwen3-8B,4,social-group,transgender
R_TdRDxCImxUwHKIV,136858,3843,0,0.0,Qwen3-8B,3,social-group,christian
R_DIBqIBA3mN2FQJ3,20371,320,1,0.0,Qwen3-8B,1,random,random
R_DIBqIBA3mN2FQJ3,20431,321,1,0.0,Qwen3-8B,2,random,random
R_DIBqIBA3mN2FQJ3,20485,322,1,0.0,Qwen3-8B,1,random,random
R_DIBqIBA3mN2FQJ3,20546,323,2,1.0,Qwen3-8B,3,random,random
R_DIBqIBA3mN2FQJ3,20607,324,0,0.0,Qwen3-8B,1,random,random
R_DIBqIBA3mN2FQJ3,20668,325,0,0.0,Qwen3-8B,1,random,random
R_DIBqIBA3mN2FQJ3,20725,326,0,0.0,Qwen3-8B,2,random,random
R_DIBqIBA3mN2FQJ3,20784,327,1,0.0,Qwen3-8B,3,random,random
R_DIBqIBA3mN2FQJ3,20845,328,0,0.0,Qwen3-8B,3,random,random
R_DIBqIBA3mN2FQJ3,20906,329,0,0.0,Qwen3-8B,3,random,random
R_DIBqIBA3mN2FQJ3,20966,330,0,0.0,Qwen3-8B,2,random,random
R_DIBqIBA3mN2FQJ3,21026,331,0,0.0,Qwen3-8B,2,random,random
R_DIBqIBA3mN2FQJ3,21087,332,0,0.0,Qwen3-8B,2,random,random
R_DIBqIBA3mN2FQJ3,21148,333,0,0.0,Qwen3-8B,2,random,random
R_DIBqIBA3mN2FQJ3,21208,334,0,0.0,Qwen3-8B,1,random,random
R_DIBqIBA3mN2FQJ3,21270,335,0,0.0,Qwen3-8B,4,random,random
R_DIBqIBA3mN2FQJ3,21270,335,0,0.0,Qwen3-8B,4,moral,authority
R_DIBqIBA3mN2FQJ3,21270,335,0,0.0,Qwen3-8B,4,random,random
R_DIBqIBA3mN2FQJ3,21270,335,0,0.0,Qwen3-8B,4,moral,authority
R_DIBqIBA3mN2FQJ3,21426,336,0,0.0,Qwen3-8B,3,random,random
R_DIBqIBA3mN2FQJ3,21484,337,0,0.0,Qwen3-8B,4,random,random
R_DIBqIBA3mN2FQJ3,21542,338,0,0.0,Qwen3-8B,2,random,random
R_DIBqIBA3mN2FQJ3,21601,339,0,0.0,Qwen3-8B,2,random,random
R_DIBqIBA3mN2FQJ3,21660,340,0,0.0,Qwen3-8B,2,random,random
R_DIBqIBA3mN2FQJ3,21721,341,0,0.0,Qwen3-8B,2,random,random
R_DIBqIBA3mN2FQJ3,21782,342,0,0.0,Qwen3-8B,2,random,random
R_DIBqIBA3mN2FQJ3,21843,343,0,0.0,Qwen3-8B,1,random,random
R_DIBqIBA3mN2FQJ3,21906,344,1,0.0,Qwen3-8B,4,random,random
R_DIBqIBA3mN2FQJ3,21906,344,1,0.0,Qwen3-8B,4,moral,fairness
R_DIBqIBA3mN2FQJ3,21906,344,1,0.0,Qwen3-8B,4,random,random
R_DIBqIBA3mN2FQJ3,21906,344,1,0.0,Qwen3-8B,4,moral,fairness
R_DIBqIBA3mN2FQJ3,22070,345,0,0.0,Qwen3-8B,1,random,random
R_DIBqIBA3mN2FQJ3,22130,346,1,0.0,Qwen3-8B,1,random,random
R_DIBqIBA3mN2FQJ3,22192,347,0,0.0,Qwen3-8B,1,random,random
R_DIBqIBA3mN2FQJ3,22251,348,0,0.0,Qwen3-8B,4,random,random
R_DIBqIBA3mN2FQJ3,22311,349,0,0.0,Qwen3-8B,3,random,random
R_DIBqIBA3mN2FQJ3,22372,350,0,0.0,Qwen3-8B,1,random,random
R_DIBqIBA3mN2FQJ3,22431,351,1,0.0,Qwen3-8B,5,random,random
R_DIBqIBA3mN2FQJ3,22492,352,0,0.0,Qwen3-8B,3,random,random
R_DIBqIBA3mN2FQJ3,22552,353,0,0.0,Qwen3-8B,1,random,random
R_DIBqIBA3mN2FQJ3,22612,354,0,0.0,Qwen3-8B,1,random,random
R_9ZVkHkqCCeVF7hL,20386,320,0,0.0,Qwen3-8B,1,random,random
R_9ZVkHkqCCeVF7hL,20443,321,0,0.0,Qwen3-8B,2,random,random
R_9ZVkHkqCCeVF7hL,20500,322,0,0.0,Qwen3-8B,1,random,random
R_9ZVkHkqCCeVF7hL,20561,323,1,0.0,Qwen3-8B,3,random,random
R_9ZVkHkqCCeVF7hL,20622,324,0,0.0,Qwen3-8B,1,random,random
R_9ZVkHkqCCeVF7hL,20680,325,1,0.0,Qwen3-8B,1,random,random
R_9ZVkHkqCCeVF7hL,20739,326,1,0.0,Qwen3-8B,2,random,random
R_9ZVkHkqCCeVF7hL,20799,327,2,1.0,Qwen3-8B,3,random,random
R_9ZVkHkqCCeVF7hL,20860,328,1,0.0,Qwen3-8B,3,random,random
R_9ZVkHkqCCeVF7hL,20921,329,2,1.0,Qwen3-8B,3,random,random
R_9ZVkHkqCCeVF7hL,20981,330,3,1.0,Qwen3-8B,2,random,random
R_9ZVkHkqCCeVF7hL,21041,331,2,1.0,Qwen3-8B,2,random,random
R_9ZVkHkqCCeVF7hL,21102,332,1,0.0,Qwen3-8B,2,random,random
R_9ZVkHkqCCeVF7hL,21162,333,1,0.0,Qwen3-8B,2,random,random
R_9ZVkHkqCCeVF7hL,21222,334,2,1.0,Qwen3-8B,1,random,random
R_9ZVkHkqCCeVF7hL,21306,335,1,0.0,Qwen3-8B,4,random,random
R_9ZVkHkqCCeVF7hL,21306,335,1,0.0,Qwen3-8B,4,moral,authority
R_9ZVkHkqCCeVF7hL,21306,335,1,0.0,Qwen3-8B,4,random,random
R_9ZVkHkqCCeVF7hL,21306,335,1,0.0,Qwen3-8B,4,moral,authority
R_9ZVkHkqCCeVF7hL,21440,336,2,1.0,Qwen3-8B,3,random,random
R_9ZVkHkqCCeVF7hL,21498,337,0,0.0,Qwen3-8B,4,random,random
R_9ZVkHkqCCeVF7hL,21557,338,1,0.0,Qwen3-8B,2,random,random
R_9ZVkHkqCCeVF7hL,21616,339,1,0.0,Qwen3-8B,2,random,random
R_9ZVkHkqCCeVF7hL,21675,340,0,0.0,Qwen3-8B,2,random,random
R_9ZVkHkqCCeVF7hL,21736,341,1,0.0,Qwen3-8B,2,random,random
R_9ZVkHkqCCeVF7hL,21797,342,1,0.0,Qwen3-8B,2,random,random
R_9ZVkHkqCCeVF7hL,21858,343,0,0.0,Qwen3-8B,1,random,random
R_9ZVkHkqCCeVF7hL,21950,344,2,1.0,Qwen3-8B,4,random,random
R_9ZVkHkqCCeVF7hL,21950,344,2,1.0,Qwen3-8B,4,moral,fairness
R_9ZVkHkqCCeVF7hL,21950,344,2,1.0,Qwen3-8B,4,random,random
R_9ZVkHkqCCeVF7hL,21950,344,2,1.0,Qwen3-8B,4,moral,fairness
R_9ZVkHkqCCeVF7hL,22085,345,0,0.0,Qwen3-8B,1,random,random
R_9ZVkHkqCCeVF7hL,22145,346,1,0.0,Qwen3-8B,1,random,random
R_9ZVkHkqCCeVF7hL,22206,347,1,0.0,Qwen3-8B,1,random,random
R_9ZVkHkqCCeVF7hL,22266,348,4,1.0,Qwen3-8B,4,random,random
R_9ZVkHkqCCeVF7hL,22326,349,0,0.0,Qwen3-8B,3,random,random
R_9ZVkHkqCCeVF7hL,22387,350,1,0.0,Qwen3-8B,1,random,random
R_9ZVkHkqCCeVF7hL,22446,351,0,0.0,Qwen3-8B,5,random,random
R_9ZVkHkqCCeVF7hL,22507,352,1,0.0,Qwen3-8B,3,random,random
R_9ZVkHkqCCeVF7hL,22567,353,1,0.0,Qwen3-8B,1,random,random
R_9ZVkHkqCCeVF7hL,22626,354,0,0.0,Qwen3-8B,1,random,random
R_1hyzwqXj8qH23UT,20393,320,0,0.0,Qwen3-8B,1,random,random
R_1hyzwqXj8qH23UT,20449,321,3,1.0,Qwen3-8B,2,random,random
R_1hyzwqXj8qH23UT,20507,322,0,0.0,Qwen3-8B,1,random,random
R_1hyzwqXj8qH23UT,20568,323,4,1.0,Qwen3-8B,3,random,random
R_1hyzwqXj8qH23UT,20629,324,0,0.0,Qwen3-8B,1,random,random
R_1hyzwqXj8qH23UT,20687,325,3,1.0,Qwen3-8B,1,random,random
R_1hyzwqXj8qH23UT,20746,326,0,0.0,Qwen3-8B,2,random,random
R_1hyzwqXj8qH23UT,20806,327,3,1.0,Qwen3-8B,3,random,random
R_1hyzwqXj8qH23UT,20867,328,3,1.0,Qwen3-8B,3,random,random
R_1hyzwqXj8qH23UT,20928,329,3,1.0,Qwen3-8B,3,random,random
R_1hyzwqXj8qH23UT,20988,330,0,0.0,Qwen3-8B,2,random,random
R_1hyzwqXj8qH23UT,21048,331,-1,,Qwen3-8B,2,random,random
R_1hyzwqXj8qH23UT,21109,332,3,1.0,Qwen3-8B,2,random,random
R_1hyzwqXj8qH23UT,21169,333,2,1.0,Qwen3-8B,2,random,random
R_1hyzwqXj8qH23UT,21229,334,0,0.0,Qwen3-8B,1,random,random
R_1hyzwqXj8qH23UT,21326,335,2,1.0,Qwen3-8B,4,random,random
R_1hyzwqXj8qH23UT,21326,335,2,1.0,Qwen3-8B,4,moral,authority
R_1hyzwqXj8qH23UT,21326,335,2,1.0,Qwen3-8B,4,random,random
R_1hyzwqXj8qH23UT,21326,335,2,1.0,Qwen3-8B,4,moral,authority
R_1hyzwqXj8qH23UT,21446,336,0,0.0,Qwen3-8B,3,random,random
R_1hyzwqXj8qH23UT,21505,337,0,0.0,Qwen3-8B,4,random,random
R_1hyzwqXj8qH23UT,21564,338,0,0.0,Qwen3-8B,2,random,random
R_1hyzwqXj8qH23UT,21623,339,0,0.0,Qwen3-8B,2,random,random
R_1hyzwqXj8qH23UT,21682,340,0,0.0,Qwen3-8B,2,random,random
R_1hyzwqXj8qH23UT,21743,341,0,0.0,Qwen3-8B,2,random,random
R_1hyzwqXj8qH23UT,21804,342,0,0.0,Qwen3-8B,2,random,random
R_1hyzwqXj8qH23UT,21865,343,0,0.0,Qwen3-8B,1,random,random
R_1hyzwqXj8qH23UT,21972,344,0,0.0,Qwen3-8B,4,random,random
R_1hyzwqXj8qH23UT,21972,344,0,0.0,Qwen3-8B,4,moral,fairness
R_1hyzwqXj8qH23UT,21972,344,0,0.0,Qwen3-8B,4,random,random
R_1hyzwqXj8qH23UT,21972,344,0,0.0,Qwen3-8B,4,moral,fairness
R_1hyzwqXj8qH23UT,22092,345,0,0.0,Qwen3-8B,1,random,random
R_1hyzwqXj8qH23UT,22152,346,3,1.0,Qwen3-8B,1,random,random
R_1hyzwqXj8qH23UT,22213,347,0,0.0,Qwen3-8B,1,random,random
R_1hyzwqXj8qH23UT,22273,348,1,0.0,Qwen3-8B,4,random,random
R_1hyzwqXj8qH23UT,22333,349,0,0.0,Qwen3-8B,3,random,random
R_1hyzwqXj8qH23UT,22394,350,0,0.0,Qwen3-8B,1,random,random
R_1hyzwqXj8qH23UT,22453,351,0,0.0,Qwen3-8B,5,random,random
R_1hyzwqXj8qH23UT,22514,352,0,0.0,Qwen3-8B,3,random,random
R_1hyzwqXj8qH23UT,22574,353,0,0.0,Qwen3-8B,1,random,random
R_1hyzwqXj8qH23UT,22633,354,-1,,Qwen3-8B,1,random,random
R_3a7LoIgGuR3iEud,20394,320,0,0.0,Qwen3-8B,1,random,random
R_3a7LoIgGuR3iEud,20450,321,0,0.0,Qwen3-8B,2,random,random
R_3a7LoIgGuR3iEud,20508,322,0,0.0,Qwen3-8B,1,random,random
R_3a7LoIgGuR3iEud,20569,323,0,0.0,Qwen3-8B,3,random,random
R_3a7LoIgGuR3iEud,20630,324,0,0.0,Qwen3-8B,1,random,random
R_3a7LoIgGuR3iEud,20688,325,-1,,Qwen3-8B,1,random,random
R_3a7LoIgGuR3iEud,20747,326,0,0.0,Qwen3-8B,2,random,random
R_3a7LoIgGuR3iEud,20807,327,0,0.0,Qwen3-8B,3,random,random
R_3a7LoIgGuR3iEud,20868,328,-1,,Qwen3-8B,3,random,random
R_3a7LoIgGuR3iEud,20929,329,0,0.0,Qwen3-8B,3,random,random
R_3a7LoIgGuR3iEud,20989,330,0,0.0,Qwen3-8B,2,random,random
R_3a7LoIgGuR3iEud,21049,331,1,0.0,Qwen3-8B,2,random,random
R_3a7LoIgGuR3iEud,21110,332,4,1.0,Qwen3-8B,2,random,random
R_3a7LoIgGuR3iEud,21170,333,0,0.0,Qwen3-8B,2,random,random
R_3a7LoIgGuR3iEud,21230,334,0,0.0,Qwen3-8B,1,random,random
R_3a7LoIgGuR3iEud,21328,335,1,0.0,Qwen3-8B,4,random,random
R_3a7LoIgGuR3iEud,21328,335,1,0.0,Qwen3-8B,4,moral,authority
R_3a7LoIgGuR3iEud,21328,335,1,0.0,Qwen3-8B,4,random,random
R_3a7LoIgGuR3iEud,21328,335,1,0.0,Qwen3-8B,4,moral,authority
R_3a7LoIgGuR3iEud,21447,336,0,0.0,Qwen3-8B,3,random,random
R_3a7LoIgGuR3iEud,21506,337,0,0.0,Qwen3-8B,4,random,random
R_3a7LoIgGuR3iEud,21565,338,0,0.0,Qwen3-8B,2,random,random
R_3a7LoIgGuR3iEud,21624,339,0,0.0,Qwen3-8B,2,random,random
R_3a7LoIgGuR3iEud,21683,340,0,0.0,Qwen3-8B,2,random,random
R_3a7LoIgGuR3iEud,21744,341,0,0.0,Qwen3-8B,2,random,random
R_3a7LoIgGuR3iEud,21805,342,0,0.0,Qwen3-8B,2,random,random
R_3a7LoIgGuR3iEud,21866,343,0,0.0,Qwen3-8B,1,random,random
R_3a7LoIgGuR3iEud,21974,344,0,0.0,Qwen3-8B,4,random,random
R_3a7LoIgGuR3iEud,21974,344,0,0.0,Qwen3-8B,4,moral,fairness
R_3a7LoIgGuR3iEud,21974,344,0,0.0,Qwen3-8B,4,random,random
R_3a7LoIgGuR3iEud,21974,344,0,0.0,Qwen3-8B,4,moral,fairness
R_3a7LoIgGuR3iEud,22093,345,0,0.0,Qwen3-8B,1,random,random
R_3a7LoIgGuR3iEud,22153,346,1,0.0,Qwen3-8B,1,random,random
R_3a7LoIgGuR3iEud,22214,347,0,0.0,Qwen3-8B,1,random,random
R_3a7LoIgGuR3iEud,22274,348,2,1.0,Qwen3-8B,4,random,random
R_3a7LoIgGuR3iEud,22334,349,2,1.0,Qwen3-8B,3,random,random
R_3a7LoIgGuR3iEud,22395,350,0,0.0,Qwen3-8B,1,random,random
R_3a7LoIgGuR3iEud,22454,351,-1,,Qwen3-8B,5,random,random
R_3a7LoIgGuR3iEud,22515,352,1,0.0,Qwen3-8B,3,random,random
R_3a7LoIgGuR3iEud,22575,353,0,0.0,Qwen3-8B,1,random,random
R_3a7LoIgGuR3iEud,22634,354,0,0.0,Qwen3-8B,1,random,random
R_DJ3w2CsUEeFkVuF,20409,320,0,0.0,Qwen3-8B,1,random,random
R_DJ3w2CsUEeFkVuF,20463,321,0,0.0,Qwen3-8B,2,random,random
R_DJ3w2CsUEeFkVuF,20525,322,0,0.0,Qwen3-8B,1,random,random
R_DJ3w2CsUEeFkVuF,20584,323,-1,,Qwen3-8B,3,random,random
R_DJ3w2CsUEeFkVuF,20646,324,0,0.0,Qwen3-8B,1,random,random
R_DJ3w2CsUEeFkVuF,20702,325,0,0.0,Qwen3-8B,1,random,random
R_DJ3w2CsUEeFkVuF,20764,326,0,0.0,Qwen3-8B,2,random,random
R_DJ3w2CsUEeFkVuF,20824,327,0,0.0,Qwen3-8B,3,random,random
R_DJ3w2CsUEeFkVuF,20884,328,0,0.0,Qwen3-8B,3,random,random
R_DJ3w2CsUEeFkVuF,20945,329,0,0.0,Qwen3-8B,3,random,random
R_DJ3w2CsUEeFkVuF,21005,330,0,0.0,Qwen3-8B,2,random,random
R_DJ3w2CsUEeFkVuF,21065,331,0,0.0,Qwen3-8B,2,random,random
R_DJ3w2CsUEeFkVuF,21127,332,0,0.0,Qwen3-8B,2,random,random
R_DJ3w2CsUEeFkVuF,21186,333,0,0.0,Qwen3-8B,2,random,random
R_DJ3w2CsUEeFkVuF,21245,334,0,0.0,Qwen3-8B,1,random,random
R_DJ3w2CsUEeFkVuF,21372,335,0,0.0,Qwen3-8B,4,random,random
R_DJ3w2CsUEeFkVuF,21372,335,0,0.0,Qwen3-8B,4,moral,authority
R_DJ3w2CsUEeFkVuF,21372,335,0,0.0,Qwen3-8B,4,random,random
R_DJ3w2CsUEeFkVuF,21372,335,0,0.0,Qwen3-8B,4,moral,authority
R_DJ3w2CsUEeFkVuF,21461,336,0,0.0,Qwen3-8B,3,random,random
R_DJ3w2CsUEeFkVuF,21521,337,0,0.0,Qwen3-8B,4,random,random
R_DJ3w2CsUEeFkVuF,21581,338,0,0.0,Qwen3-8B,2,random,random
R_DJ3w2CsUEeFkVuF,21638,339,0,0.0,Qwen3-8B,2,random,random
R_DJ3w2CsUEeFkVuF,21698,340,0,0.0,Qwen3-8B,2,random,random
R_DJ3w2CsUEeFkVuF,21758,341,0,0.0,Qwen3-8B,2,random,random
R_DJ3w2CsUEeFkVuF,21820,342,0,0.0,Qwen3-8B,2,random,random
R_DJ3w2CsUEeFkVuF,21882,343,0,0.0,Qwen3-8B,1,random,random
R_DJ3w2CsUEeFkVuF,22018,344,0,0.0,Qwen3-8B,4,random,random
R_DJ3w2CsUEeFkVuF,22018,344,0,0.0,Qwen3-8B,4,moral,fairness
R_DJ3w2CsUEeFkVuF,22018,344,0,0.0,Qwen3-8B,4,random,random
R_DJ3w2CsUEeFkVuF,22018,344,0,0.0,Qwen3-8B,4,moral,fairness
R_DJ3w2CsUEeFkVuF,22109,345,0,0.0,Qwen3-8B,1,random,random
R_DJ3w2CsUEeFkVuF,22170,346,0,0.0,Qwen3-8B,1,random,random
R_DJ3w2CsUEeFkVuF,22229,347,0,0.0,Qwen3-8B,1,random,random
R_DJ3w2CsUEeFkVuF,22290,348,0,0.0,Qwen3-8B,4,random,random
R_DJ3w2CsUEeFkVuF,22349,349,0,0.0,Qwen3-8B,3,random,random
R_DJ3w2CsUEeFkVuF,22411,350,0,0.0,Qwen3-8B,1,random,random
R_DJ3w2CsUEeFkVuF,22471,351,0,0.0,Qwen3-8B,5,random,random
R_DJ3w2CsUEeFkVuF,22529,352,-1,,Qwen3-8B,3,random,random
R_DJ3w2CsUEeFkVuF,22590,353,0,0.0,Qwen3-8B,1,random,random
R_DJ3w2CsUEeFkVuF,22652,354,0,0.0,Qwen3-8B,1,random,random
R_25zlYBciXqhZ5R4,22365,349,1,0.0,Qwen3-8B,3,random,random
R_25zlYBciXqhZ5R4,22962,359,0,0.0,Qwen3-8B,2,random,random
R_25zlYBciXqhZ5R4,24401,384,0,0.0,Qwen3-8B,2,random,random
R_25zlYBciXqhZ5R4,31313,499,1,0.0,Qwen3-8B,5,random,random
R_25zlYBciXqhZ5R4,37776,605,0,0.0,Qwen3-8B,2,random,random
R_25zlYBciXqhZ5R4,39138,628,0,0.0,Qwen3-8B,2,random,random
R_25zlYBciXqhZ5R4,40580,652,0,0.0,Qwen3-8B,3,random,random
R_25zlYBciXqhZ5R4,48359,768,0,0.0,Qwen3-8B,1,random,random
R_25zlYBciXqhZ5R4,48359,768,0,0.0,Qwen3-8B,1,moral,loyalty
R_25zlYBciXqhZ5R4,48359,768,0,0.0,Qwen3-8B,1,random,random
R_25zlYBciXqhZ5R4,48359,768,0,0.0,Qwen3-8B,1,moral,loyalty
R_25zlYBciXqhZ5R4,56033,884,0,0.0,Qwen3-8B,1,random,random
R_25zlYBciXqhZ5R4,100167,2278,0,0.0,Qwen3-8B,3,social-group,christian
R_25zlYBciXqhZ5R4,100191,2279,0,0.0,Qwen3-8B,3,moral,fairness
R_25zlYBciXqhZ5R4,100215,2280,2,1.0,Qwen3-8B,5,social-group,muslim
R_25zlYBciXqhZ5R4,100239,2281,0,0.0,Qwen3-8B,2,moral,fairness
R_25zlYBciXqhZ5R4,100263,2282,2,1.0,Qwen3-8B,3,social-group,LGB
R_25zlYBciXqhZ5R4,100287,2283,4,1.0,Qwen3-8B,2,social-group,transgender
R_25zlYBciXqhZ5R4,100311,2284,0,0.0,Qwen3-8B,1,moral,loyalty
R_25zlYBciXqhZ5R4,100335,2285,3,1.0,Qwen3-8B,5,social-group,christian
R_25zlYBciXqhZ5R4,100359,2286,0,0.0,Qwen3-8B,2,moral,fairness
R_25zlYBciXqhZ5R4,100383,2287,0,0.0,Qwen3-8B,3,social-group,christian
R_25zlYBciXqhZ5R4,100407,2288,0,0.0,Qwen3-8B,3,social-group,muslim
R_25zlYBciXqhZ5R4,100431,2289,2,1.0,Qwen3-8B,5,social-group,christian
R_25zlYBciXqhZ5R4,100477,2290,0,0.0,Qwen3-8B,3,moral,purity
R_25zlYBciXqhZ5R4,100502,2291,0,0.0,Qwen3-8B,3,social-group,transgender
R_25zlYBciXqhZ5R4,100526,2292,0,0.0,Qwen3-8B,2,random,random
R_25zlYBciXqhZ5R4,100550,2293,0,0.0,Qwen3-8B,2,random,random
R_25zlYBciXqhZ5R4,100574,2294,0,0.0,Qwen3-8B,3,social-group,christian
R_25zlYBciXqhZ5R4,100598,2295,0,0.0,Qwen3-8B,3,social-group,transgender
R_25zlYBciXqhZ5R4,100622,2296,0,0.0,Qwen3-8B,1,moral,care
R_25zlYBciXqhZ5R4,100646,2297,0,0.0,Qwen3-8B,2,random,random
R_25zlYBciXqhZ5R4,100670,2298,0,0.0,Qwen3-8B,3,moral,care
R_25zlYBciXqhZ5R4,100694,2299,0,0.0,Qwen3-8B,1,moral,care
R_25zlYBciXqhZ5R4,100718,2300,1,0.0,Qwen3-8B,5,social-group,LGB
R_25zlYBciXqhZ5R4,100742,2301,0,0.0,Qwen3-8B,2,social-group,christian
R_25zlYBciXqhZ5R4,100766,2302,0,0.0,Qwen3-8B,1,social-group,jewish
R_25zlYBciXqhZ5R4,100790,2303,0,0.0,Qwen3-8B,1,social-group,LGB
R_WoJJbGOLJqbNPW1,22517,352,0,0.0,Qwen3-8B,3,random,random
R_WoJJbGOLJqbNPW1,23635,371,0,0.0,Qwen3-8B,4,random,random
R_WoJJbGOLJqbNPW1,29779,477,0,0.0,Qwen3-8B,1,random,random
R_WoJJbGOLJqbNPW1,32007,509,0,0.0,Qwen3-8B,1,random,random
R_WoJJbGOLJqbNPW1,39288,631,0,0.0,Qwen3-8B,2,random,random
R_WoJJbGOLJqbNPW1,46500,744,0,0.0,Qwen3-8B,1,random,random
R_WoJJbGOLJqbNPW1,53726,846,0,0.0,Qwen3-8B,3,random,random
R_WoJJbGOLJqbNPW1,68177,1080,0,0.0,Qwen3-8B,4,random,random
R_WoJJbGOLJqbNPW1,70352,1119,0,0.0,Qwen3-8B,4,random,random
R_WoJJbGOLJqbNPW1,112185,2790,0,0.0,Qwen3-8B,5,social-group,jewish
R_WoJJbGOLJqbNPW1,112208,2791,0,0.0,Qwen3-8B,5,social-group,transgender
R_WoJJbGOLJqbNPW1,112231,2792,0,0.0,Qwen3-8B,4,social-group,LGB
R_WoJJbGOLJqbNPW1,112254,2793,0,0.0,Qwen3-8B,3,random,random
R_WoJJbGOLJqbNPW1,112277,2794,0,0.0,Qwen3-8B,5,social-group,jewish
R_WoJJbGOLJqbNPW1,112300,2795,0,0.0,Qwen3-8B,5,social-group,transgender
R_WoJJbGOLJqbNPW1,112323,2796,0,0.0,Qwen3-8B,5,social-group,christian
R_WoJJbGOLJqbNPW1,112346,2797,0,0.0,Qwen3-8B,4,social-group,jewish
R_WoJJbGOLJqbNPW1,112369,2798,0,0.0,Qwen3-8B,3,social-group,muslim
R_WoJJbGOLJqbNPW1,112421,2799,0,0.0,Qwen3-8B,1,moral,loyalty
R_WoJJbGOLJqbNPW1,112421,2799,0,0.0,Qwen3-8B,1,moral,care
R_WoJJbGOLJqbNPW1,112421,2799,0,0.0,Qwen3-8B,1,moral,loyalty
R_WoJJbGOLJqbNPW1,112421,2799,0,0.0,Qwen3-8B,1,moral,care
R_WoJJbGOLJqbNPW1,112482,2800,0,0.0,Qwen3-8B,3,social-group,transgender
R_WoJJbGOLJqbNPW1,112505,2801,0,0.0,Qwen3-8B,2,social-group,LGB
R_WoJJbGOLJqbNPW1,112537,2802,0,0.0,Qwen3-8B,1,moral,care
R_WoJJbGOLJqbNPW1,112575,2803,0,0.0,Qwen3-8B,5,social-group,transgender
R_WoJJbGOLJqbNPW1,112598,2804,0,0.0,Qwen3-8B,3,social-group,jewish
R_WoJJbGOLJqbNPW1,112621,2805,0,0.0,Qwen3-8B,5,social-group,muslim
R_WoJJbGOLJqbNPW1,112644,2806,0,0.0,Qwen3-8B,3,social-group,muslim
R_WoJJbGOLJqbNPW1,112667,2807,0,0.0,Qwen3-8B,1,social-group,muslim
R_WoJJbGOLJqbNPW1,112690,2808,0,0.0,Qwen3-8B,3,social-group,transgender
R_WoJJbGOLJqbNPW1,112713,2809,0,0.0,Qwen3-8B,1,moral,loyalty
R_WoJJbGOLJqbNPW1,112736,2810,0,0.0,Qwen3-8B,4,social-group,LGB
R_WoJJbGOLJqbNPW1,112759,2811,0,0.0,Qwen3-8B,4,social-group,muslim
R_WoJJbGOLJqbNPW1,112782,2812,0,0.0,Qwen3-8B,1,moral,care
R_WoJJbGOLJqbNPW1,112805,2813,0,0.0,Qwen3-8B,2,social-group,transgender
R_WoJJbGOLJqbNPW1,112828,2814,0,0.0,Qwen3-8B,3,social-group,transgender
R_WoJJbGOLJqbNPW1,112851,2815,0,0.0,Qwen3-8B,1,random,random
R_1jGKPSVWqay5Kpk,22703,355,0,0.0,Qwen3-8B,1,random,random
R_1jGKPSVWqay5Kpk,22761,356,0,0.0,Qwen3-8B,3,random,random
R_1jGKPSVWqay5Kpk,22821,357,0,0.0,Qwen3-8B,3,random,random
R_1jGKPSVWqay5Kpk,22878,358,0,0.0,Qwen3-8B,2,random,random
R_1jGKPSVWqay5Kpk,22937,359,2,1.0,Qwen3-8B,2,random,random
R_1jGKPSVWqay5Kpk,22995,360,2,1.0,Qwen3-8B,3,random,random
R_1jGKPSVWqay5Kpk,23056,361,3,1.0,Qwen3-8B,1,random,random
R_1jGKPSVWqay5Kpk,23115,362,4,1.0,Qwen3-8B,3,random,random
R_1jGKPSVWqay5Kpk,23175,363,0,0.0,Qwen3-8B,2,random,random
R_1jGKPSVWqay5Kpk,23233,364,2,1.0,Qwen3-8B,1,random,random
R_1jGKPSVWqay5Kpk,23292,365,3,1.0,Qwen3-8B,2,random,random
R_1jGKPSVWqay5Kpk,23351,366,0,0.0,Qwen3-8B,2,random,random
R_1jGKPSVWqay5Kpk,23408,367,0,0.0,Qwen3-8B,2,random,random
R_1jGKPSVWqay5Kpk,23465,368,2,1.0,Qwen3-8B,3,random,random
R_1jGKPSVWqay5Kpk,23521,369,2,1.0,Qwen3-8B,2,random,random
R_1jGKPSVWqay5Kpk,23580,370,0,0.0,Qwen3-8B,1,random,random
R_1jGKPSVWqay5Kpk,23639,371,1,0.0,Qwen3-8B,4,random,random
R_1jGKPSVWqay5Kpk,23694,372,3,1.0,Qwen3-8B,3,random,random
R_1jGKPSVWqay5Kpk,23752,373,0,0.0,Qwen3-8B,3,random,random
R_1jGKPSVWqay5Kpk,23812,374,0,0.0,Qwen3-8B,4,random,random
R_1jGKPSVWqay5Kpk,23871,375,0,0.0,Qwen3-8B,1,random,random
R_1jGKPSVWqay5Kpk,23929,376,0,0.0,Qwen3-8B,1,random,random
R_1jGKPSVWqay5Kpk,23982,377,0,0.0,Qwen3-8B,3,random,random
R_1jGKPSVWqay5Kpk,24036,378,0,0.0,Qwen3-8B,4,random,random
R_1jGKPSVWqay5Kpk,24088,379,0,0.0,Qwen3-8B,1,random,random
R_1jGKPSVWqay5Kpk,24145,380,0,0.0,Qwen3-8B,3,random,random
R_1jGKPSVWqay5Kpk,24202,381,1,0.0,Qwen3-8B,2,random,random
R_1jGKPSVWqay5Kpk,24260,382,0,0.0,Qwen3-8B,2,random,random
R_1jGKPSVWqay5Kpk,24317,383,0,0.0,Qwen3-8B,4,random,random
R_1jGKPSVWqay5Kpk,24376,384,2,1.0,Qwen3-8B,2,random,random
R_1jGKPSVWqay5Kpk,24435,385,2,1.0,Qwen3-8B,2,random,random
R_1jGKPSVWqay5Kpk,24492,386,1,0.0,Qwen3-8B,4,random,random
R_1jGKPSVWqay5Kpk,24551,387,0,0.0,Qwen3-8B,2,random,random
R_1jGKPSVWqay5Kpk,24610,388,1,0.0,Qwen3-8B,2,random,random
R_1jGKPSVWqay5Kpk,24667,389,0,0.0,Qwen3-8B,3,random,random
R_25ZrmWtP4GwAQpg,22708,355,1,0.0,Qwen3-8B,1,random,random
R_25ZrmWtP4GwAQpg,22767,356,3,1.0,Qwen3-8B,3,random,random
R_25ZrmWtP4GwAQpg,22827,357,1,0.0,Qwen3-8B,3,random,random
R_25ZrmWtP4GwAQpg,22884,358,2,1.0,Qwen3-8B,2,random,random
R_25ZrmWtP4GwAQpg,22943,359,3,1.0,Qwen3-8B,2,random,random
R_25ZrmWtP4GwAQpg,23001,360,1,0.0,Qwen3-8B,3,random,random
R_25ZrmWtP4GwAQpg,23062,361,1,0.0,Qwen3-8B,1,random,random
R_25ZrmWtP4GwAQpg,23121,362,2,1.0,Qwen3-8B,3,random,random
R_25ZrmWtP4GwAQpg,23181,363,0,0.0,Qwen3-8B,2,random,random
R_25ZrmWtP4GwAQpg,23239,364,1,0.0,Qwen3-8B,1,random,random
R_25ZrmWtP4GwAQpg,23298,365,0,0.0,Qwen3-8B,2,random,random
R_25ZrmWtP4GwAQpg,23356,366,0,0.0,Qwen3-8B,2,random,random
R_25ZrmWtP4GwAQpg,23413,367,1,0.0,Qwen3-8B,2,random,random
R_25ZrmWtP4GwAQpg,23470,368,0,0.0,Qwen3-8B,3,random,random
R_25ZrmWtP4GwAQpg,23527,369,0,0.0,Qwen3-8B,2,random,random
R_25ZrmWtP4GwAQpg,23586,370,0,0.0,Qwen3-8B,1,random,random
R_25ZrmWtP4GwAQpg,23644,371,2,1.0,Qwen3-8B,4,random,random
R_25ZrmWtP4GwAQpg,23699,372,1,0.0,Qwen3-8B,3,random,random
R_25ZrmWtP4GwAQpg,23758,373,2,1.0,Qwen3-8B,3,random,random
R_25ZrmWtP4GwAQpg,23818,374,3,1.0,Qwen3-8B,4,random,random
R_25ZrmWtP4GwAQpg,23876,375,1,0.0,Qwen3-8B,1,random,random
R_25ZrmWtP4GwAQpg,23934,376,0,0.0,Qwen3-8B,1,random,random
R_25ZrmWtP4GwAQpg,23987,377,0,0.0,Qwen3-8B,3,random,random
R_25ZrmWtP4GwAQpg,24041,378,0,0.0,Qwen3-8B,4,random,random
R_25ZrmWtP4GwAQpg,24093,379,0,0.0,Qwen3-8B,1,random,random
R_25ZrmWtP4GwAQpg,24151,380,1,0.0,Qwen3-8B,3,random,random
R_25ZrmWtP4GwAQpg,24208,381,1,0.0,Qwen3-8B,2,random,random
R_25ZrmWtP4GwAQpg,24264,382,1,0.0,Qwen3-8B,2,random,random
R_25ZrmWtP4GwAQpg,24323,383,2,1.0,Qwen3-8B,4,random,random
R_25ZrmWtP4GwAQpg,24382,384,0,0.0,Qwen3-8B,2,random,random
R_25ZrmWtP4GwAQpg,24439,385,1,0.0,Qwen3-8B,2,random,random
R_25ZrmWtP4GwAQpg,24498,386,1,0.0,Qwen3-8B,4,random,random
R_25ZrmWtP4GwAQpg,24556,387,0,0.0,Qwen3-8B,2,random,random
R_25ZrmWtP4GwAQpg,24615,388,0,0.0,Qwen3-8B,2,random,random
R_25ZrmWtP4GwAQpg,24672,389,0,0.0,Qwen3-8B,3,random,random
R_3HiaUdcEIEwWp2U,22723,355,0,0.0,Qwen3-8B,1,random,random
R_3HiaUdcEIEwWp2U,22782,356,0,0.0,Qwen3-8B,3,random,random
R_3HiaUdcEIEwWp2U,22842,357,1,0.0,Qwen3-8B,3,random,random
R_3HiaUdcEIEwWp2U,22899,358,0,0.0,Qwen3-8B,2,random,random
R_3HiaUdcEIEwWp2U,22958,359,0,0.0,Qwen3-8B,2,random,random
R_3HiaUdcEIEwWp2U,23017,360,0,0.0,Qwen3-8B,3,random,random
R_3HiaUdcEIEwWp2U,23077,361,0,0.0,Qwen3-8B,1,random,random
R_3HiaUdcEIEwWp2U,23137,362,0,0.0,Qwen3-8B,3,random,random
R_3HiaUdcEIEwWp2U,23195,363,0,0.0,Qwen3-8B,2,random,random
R_3HiaUdcEIEwWp2U,23254,364,0,0.0,Qwen3-8B,1,random,random
R_3HiaUdcEIEwWp2U,23313,365,-1,,Qwen3-8B,2,random,random
R_3HiaUdcEIEwWp2U,23372,366,0,0.0,Qwen3-8B,2,random,random
R_3HiaUdcEIEwWp2U,23428,367,0,0.0,Qwen3-8B,2,random,random
R_3HiaUdcEIEwWp2U,23485,368,0,0.0,Qwen3-8B,3,random,random
R_3HiaUdcEIEwWp2U,23542,369,0,0.0,Qwen3-8B,2,random,random
R_3HiaUdcEIEwWp2U,23601,370,0,0.0,Qwen3-8B,1,random,random
R_3HiaUdcEIEwWp2U,23659,371,0,0.0,Qwen3-8B,4,random,random
R_3HiaUdcEIEwWp2U,23714,372,0,0.0,Qwen3-8B,3,random,random
R_3HiaUdcEIEwWp2U,23773,373,0,0.0,Qwen3-8B,3,random,random
R_3HiaUdcEIEwWp2U,23833,374,0,0.0,Qwen3-8B,4,random,random
R_3HiaUdcEIEwWp2U,23891,375,-1,,Qwen3-8B,1,random,random
R_3HiaUdcEIEwWp2U,23948,376,0,0.0,Qwen3-8B,1,random,random
R_3HiaUdcEIEwWp2U,24003,377,0,0.0,Qwen3-8B,3,random,random
R_3HiaUdcEIEwWp2U,24055,378,0,0.0,Qwen3-8B,4,random,random
R_3HiaUdcEIEwWp2U,24107,379,0,0.0,Qwen3-8B,1,random,random
R_3HiaUdcEIEwWp2U,24166,380,0,0.0,Qwen3-8B,3,random,random
R_3HiaUdcEIEwWp2U,24223,381,0,0.0,Qwen3-8B,2,random,random
R_3HiaUdcEIEwWp2U,24279,382,0,0.0,Qwen3-8B,2,random,random
R_3HiaUdcEIEwWp2U,24338,383,0,0.0,Qwen3-8B,4,random,random
R_3HiaUdcEIEwWp2U,24397,384,0,0.0,Qwen3-8B,2,random,random
R_3HiaUdcEIEwWp2U,24453,385,0,0.0,Qwen3-8B,2,random,random
R_3HiaUdcEIEwWp2U,24513,386,0,0.0,Qwen3-8B,4,random,random
R_3HiaUdcEIEwWp2U,24571,387,0,0.0,Qwen3-8B,2,random,random
R_3HiaUdcEIEwWp2U,24630,388,0,0.0,Qwen3-8B,2,random,random
R_3HiaUdcEIEwWp2U,24688,389,0,0.0,Qwen3-8B,3,random,random
R_qV22PP9oPQKOO4N,23178,363,0,0.0,Qwen3-8B,2,random,random
R_qV22PP9oPQKOO4N,40254,647,0,0.0,Qwen3-8B,3,random,random
R_qV22PP9oPQKOO4N,46223,740,-1,,Qwen3-8B,3,random,random
R_qV22PP9oPQKOO4N,47787,762,0,0.0,Qwen3-8B,2,random,random
R_qV22PP9oPQKOO4N,51866,822,-1,,Qwen3-8B,2,random,random
R_qV22PP9oPQKOO4N,57598,906,0,0.0,Qwen3-8B,1,random,random
R_qV22PP9oPQKOO4N,67184,1063,0,0.0,Qwen3-8B,3,random,random
R_qV22PP9oPQKOO4N,69154,1097,0,0.0,Qwen3-8B,2,random,random
R_qV22PP9oPQKOO4N,78835,1409,-1,,Qwen3-8B,3,moral,fairness
R_qV22PP9oPQKOO4N,78835,1409,-1,,Qwen3-8B,3,random,random
R_qV22PP9oPQKOO4N,78835,1409,-1,,Qwen3-8B,3,moral,fairness
R_qV22PP9oPQKOO4N,78835,1409,-1,,Qwen3-8B,3,random,random
R_qV22PP9oPQKOO4N,83312,1595,-1,,Qwen3-8B,2,random,random
R_qV22PP9oPQKOO4N,83335,1596,0,0.0,Qwen3-8B,3,social-group,christian
R_qV22PP9oPQKOO4N,83358,1597,-1,,Qwen3-8B,5,social-group,jewish
R_qV22PP9oPQKOO4N,83381,1598,-1,,Qwen3-8B,5,social-group,jewish
R_qV22PP9oPQKOO4N,83404,1599,4,1.0,Qwen3-8B,2,social-group,transgender
R_qV22PP9oPQKOO4N,83427,1600,-1,,Qwen3-8B,3,social-group,jewish
R_qV22PP9oPQKOO4N,83450,1601,4,1.0,Qwen3-8B,3,social-group,transgender
R_qV22PP9oPQKOO4N,83473,1602,0,0.0,Qwen3-8B,4,random,random
R_qV22PP9oPQKOO4N,83496,1603,4,1.0,Qwen3-8B,4,social-group,christian
R_qV22PP9oPQKOO4N,83519,1604,-1,,Qwen3-8B,3,social-group,transgender
R_qV22PP9oPQKOO4N,83542,1605,4,1.0,Qwen3-8B,3,social-group,LGB
R_qV22PP9oPQKOO4N,83565,1606,0,0.0,Qwen3-8B,1,random,random
R_qV22PP9oPQKOO4N,83588,1607,0,0.0,Qwen3-8B,3,social-group,muslim
R_qV22PP9oPQKOO4N,83611,1608,-1,,Qwen3-8B,3,social-group,jewish
R_qV22PP9oPQKOO4N,83634,1609,4,1.0,Qwen3-8B,2,social-group,LGB
R_qV22PP9oPQKOO4N,83657,1610,-1,,Qwen3-8B,1,social-group,jewish
R_qV22PP9oPQKOO4N,83680,1611,0,0.0,Qwen3-8B,2,social-group,christian
R_qV22PP9oPQKOO4N,83703,1612,0,0.0,Qwen3-8B,3,random,random
R_qV22PP9oPQKOO4N,83726,1613,-1,,Qwen3-8B,4,social-group,muslim
R_qV22PP9oPQKOO4N,83749,1614,-1,,Qwen3-8B,3,social-group,christian
R_qV22PP9oPQKOO4N,83772,1615,-1,,Qwen3-8B,5,social-group,LGB
R_qV22PP9oPQKOO4N,83795,1616,0,0.0,Qwen3-8B,1,social-group,transgender
R_qV22PP9oPQKOO4N,83818,1617,4,1.0,Qwen3-8B,5,social-group,LGB
R_qV22PP9oPQKOO4N,83841,1618,0,0.0,Qwen3-8B,1,moral,care
R_qV22PP9oPQKOO4N,83864,1619,-1,,Qwen3-8B,3,moral,authority
R_qV22PP9oPQKOO4N,83887,1620,4,1.0,Qwen3-8B,3,social-group,transgender
R_1gAszkwYkOavmlQ,23194,363,2,1.0,Qwen3-8B,2,random,random
R_1gAszkwYkOavmlQ,40268,647,0,0.0,Qwen3-8B,3,random,random
R_1gAszkwYkOavmlQ,46245,740,0,0.0,Qwen3-8B,3,random,random
R_1gAszkwYkOavmlQ,47809,762,3,1.0,Qwen3-8B,2,random,random
R_1gAszkwYkOavmlQ,51878,822,2,1.0,Qwen3-8B,2,random,random
R_1gAszkwYkOavmlQ,57611,906,0,0.0,Qwen3-8B,1,random,random
R_1gAszkwYkOavmlQ,67198,1063,4,1.0,Qwen3-8B,3,random,random
R_1gAszkwYkOavmlQ,69168,1097,1,0.0,Qwen3-8B,2,random,random
R_1gAszkwYkOavmlQ,78857,1409,0,0.0,Qwen3-8B,3,moral,fairness
R_1gAszkwYkOavmlQ,78857,1409,0,0.0,Qwen3-8B,3,random,random
R_1gAszkwYkOavmlQ,78857,1409,0,0.0,Qwen3-8B,3,moral,fairness
R_1gAszkwYkOavmlQ,78857,1409,0,0.0,Qwen3-8B,3,random,random
R_1gAszkwYkOavmlQ,83318,1595,0,0.0,Qwen3-8B,2,random,random
R_1gAszkwYkOavmlQ,83341,1596,1,0.0,Qwen3-8B,3,social-group,christian
R_1gAszkwYkOavmlQ,83364,1597,2,1.0,Qwen3-8B,5,social-group,jewish
R_1gAszkwYkOavmlQ,83387,1598,2,1.0,Qwen3-8B,5,social-group,jewish
R_1gAszkwYkOavmlQ,83410,1599,1,0.0,Qwen3-8B,2,social-group,transgender
R_1gAszkwYkOavmlQ,83433,1600,4,1.0,Qwen3-8B,3,social-group,jewish
R_1gAszkwYkOavmlQ,83456,1601,4,1.0,Qwen3-8B,3,social-group,transgender
R_1gAszkwYkOavmlQ,83479,1602,4,1.0,Qwen3-8B,4,random,random
R_1gAszkwYkOavmlQ,83502,1603,4,1.0,Qwen3-8B,4,social-group,christian
R_1gAszkwYkOavmlQ,83525,1604,2,1.0,Qwen3-8B,3,social-group,transgender
R_1gAszkwYkOavmlQ,83548,1605,3,1.0,Qwen3-8B,3,social-group,LGB
R_1gAszkwYkOavmlQ,83571,1606,1,0.0,Qwen3-8B,1,random,random
R_1gAszkwYkOavmlQ,83594,1607,4,1.0,Qwen3-8B,3,social-group,muslim
R_1gAszkwYkOavmlQ,83617,1608,3,1.0,Qwen3-8B,3,social-group,jewish
R_1gAszkwYkOavmlQ,83640,1609,2,1.0,Qwen3-8B,2,social-group,LGB
R_1gAszkwYkOavmlQ,83663,1610,2,1.0,Qwen3-8B,1,social-group,jewish
R_1gAszkwYkOavmlQ,83686,1611,3,1.0,Qwen3-8B,2,social-group,christian
R_1gAszkwYkOavmlQ,83709,1612,3,1.0,Qwen3-8B,3,random,random
R_1gAszkwYkOavmlQ,83732,1613,4,1.0,Qwen3-8B,4,social-group,muslim
R_1gAszkwYkOavmlQ,83755,1614,4,1.0,Qwen3-8B,3,social-group,christian
R_1gAszkwYkOavmlQ,83778,1615,3,1.0,Qwen3-8B,5,social-group,LGB
R_1gAszkwYkOavmlQ,83801,1616,0,0.0,Qwen3-8B,1,social-group,transgender
R_1gAszkwYkOavmlQ,83824,1617,0,0.0,Qwen3-8B,5,social-group,LGB
R_1gAszkwYkOavmlQ,83847,1618,0,0.0,Qwen3-8B,1,moral,care
R_1gAszkwYkOavmlQ,83870,1619,4,1.0,Qwen3-8B,3,moral,authority
R_1gAszkwYkOavmlQ,83893,1620,3,1.0,Qwen3-8B,3,social-group,transgender
R_2ON1acCzns8Epko,23199,363,1,0.0,Qwen3-8B,2,random,random
R_2ON1acCzns8Epko,40276,647,0,0.0,Qwen3-8B,3,random,random
R_2ON1acCzns8Epko,46250,740,-1,,Qwen3-8B,3,random,random
R_2ON1acCzns8Epko,47814,762,1,0.0,Qwen3-8B,2,random,random
R_2ON1acCzns8Epko,51882,822,2,1.0,Qwen3-8B,2,random,random
R_2ON1acCzns8Epko,57620,906,-1,,Qwen3-8B,1,random,random
R_2ON1acCzns8Epko,67204,1063,0,0.0,Qwen3-8B,3,random,random
R_2ON1acCzns8Epko,69174,1097,3,1.0,Qwen3-8B,2,random,random
R_2ON1acCzns8Epko,78865,1409,2,1.0,Qwen3-8B,3,moral,fairness
R_2ON1acCzns8Epko,78865,1409,2,1.0,Qwen3-8B,3,random,random
R_2ON1acCzns8Epko,78865,1409,2,1.0,Qwen3-8B,3,moral,fairness
R_2ON1acCzns8Epko,78865,1409,2,1.0,Qwen3-8B,3,random,random
R_2ON1acCzns8Epko,83320,1595,-1,,Qwen3-8B,2,random,random
R_2ON1acCzns8Epko,83343,1596,0,0.0,Qwen3-8B,3,social-group,christian
R_2ON1acCzns8Epko,83366,1597,0,0.0,Qwen3-8B,5,social-group,jewish
R_2ON1acCzns8Epko,83389,1598,2,1.0,Qwen3-8B,5,social-group,jewish
R_2ON1acCzns8Epko,83412,1599,0,0.0,Qwen3-8B,2,social-group,transgender
R_2ON1acCzns8Epko,83435,1600,0,0.0,Qwen3-8B,3,social-group,jewish
R_2ON1acCzns8Epko,83458,1601,3,1.0,Qwen3-8B,3,social-group,transgender
R_2ON1acCzns8Epko,83481,1602,1,0.0,Qwen3-8B,4,random,random
R_2ON1acCzns8Epko,83504,1603,4,1.0,Qwen3-8B,4,social-group,christian
R_2ON1acCzns8Epko,83527,1604,4,1.0,Qwen3-8B,3,social-group,transgender
R_2ON1acCzns8Epko,83550,1605,4,1.0,Qwen3-8B,3,social-group,LGB
R_2ON1acCzns8Epko,83573,1606,1,0.0,Qwen3-8B,1,random,random
R_2ON1acCzns8Epko,83596,1607,0,0.0,Qwen3-8B,3,social-group,muslim
R_2ON1acCzns8Epko,83619,1608,1,0.0,Qwen3-8B,3,social-group,jewish
R_2ON1acCzns8Epko,83642,1609,3,1.0,Qwen3-8B,2,social-group,LGB
R_2ON1acCzns8Epko,83665,1610,0,0.0,Qwen3-8B,1,social-group,jewish
R_2ON1acCzns8Epko,83688,1611,0,0.0,Qwen3-8B,2,social-group,christian
R_2ON1acCzns8Epko,83711,1612,1,0.0,Qwen3-8B,3,random,random
R_2ON1acCzns8Epko,83734,1613,4,1.0,Qwen3-8B,4,social-group,muslim
R_2ON1acCzns8Epko,83757,1614,3,1.0,Qwen3-8B,3,social-group,christian
R_2ON1acCzns8Epko,83780,1615,3,1.0,Qwen3-8B,5,social-group,LGB
R_2ON1acCzns8Epko,83803,1616,1,0.0,Qwen3-8B,1,social-group,transgender
R_2ON1acCzns8Epko,83826,1617,4,1.0,Qwen3-8B,5,social-group,LGB
R_2ON1acCzns8Epko,83849,1618,0,0.0,Qwen3-8B,1,moral,care
R_2ON1acCzns8Epko,83872,1619,-1,,Qwen3-8B,3,moral,authority
R_2ON1acCzns8Epko,83895,1620,4,1.0,Qwen3-8B,3,social-group,transgender
R_3qsW7j9NfmBYVK5,24309,383,2,1.0,Qwen3-8B,4,random,random
R_3qsW7j9NfmBYVK5,29447,472,0,0.0,Qwen3-8B,3,random,random
R_3qsW7j9NfmBYVK5,35495,567,0,0.0,Qwen3-8B,1,random,random
R_3qsW7j9NfmBYVK5,37143,595,-1,,Qwen3-8B,3,random,random
R_3qsW7j9NfmBYVK5,45193,724,1,0.0,Qwen3-8B,3,random,random
R_3qsW7j9NfmBYVK5,47911,764,1,0.0,Qwen3-8B,1,random,random
R_3qsW7j9NfmBYVK5,59853,942,2,1.0,Qwen3-8B,3,random,random
R_3qsW7j9NfmBYVK5,61094,965,0,0.0,Qwen3-8B,1,random,random
R_3qsW7j9NfmBYVK5,72058,1152,1,0.0,Qwen3-8B,4,random,random
R_3qsW7j9NfmBYVK5,144382,4169,0,0.0,Qwen3-8B,3,social-group,LGB
R_3qsW7j9NfmBYVK5,144406,4170,1,0.0,Qwen3-8B,3,social-group,jewish
R_3qsW7j9NfmBYVK5,144430,4171,3,1.0,Qwen3-8B,5,social-group,muslim
R_3qsW7j9NfmBYVK5,144454,4172,3,1.0,Qwen3-8B,4,social-group,jewish
R_3qsW7j9NfmBYVK5,144478,4173,1,0.0,Qwen3-8B,3,random,random
R_3qsW7j9NfmBYVK5,144502,4174,2,1.0,Qwen3-8B,5,social-group,transgender
R_3qsW7j9NfmBYVK5,144526,4175,0,0.0,Qwen3-8B,2,moral,purity
R_3qsW7j9NfmBYVK5,144550,4176,3,1.0,Qwen3-8B,5,social-group,jewish
R_3qsW7j9NfmBYVK5,144574,4177,0,0.0,Qwen3-8B,1,moral,care
R_3qsW7j9NfmBYVK5,144598,4178,3,1.0,Qwen3-8B,4,social-group,christian
R_3qsW7j9NfmBYVK5,144622,4179,0,0.0,Qwen3-8B,1,random,random
R_3qsW7j9NfmBYVK5,144646,4180,4,1.0,Qwen3-8B,3,social-group,LGB
R_3qsW7j9NfmBYVK5,144670,4181,3,1.0,Qwen3-8B,5,social-group,LGB
R_3qsW7j9NfmBYVK5,144694,4182,0,0.0,Qwen3-8B,3,random,random
R_3qsW7j9NfmBYVK5,144718,4183,1,0.0,Qwen3-8B,1,social-group,LGB
R_3qsW7j9NfmBYVK5,144742,4184,2,1.0,Qwen3-8B,3,random,random
R_3qsW7j9NfmBYVK5,144766,4185,3,1.0,Qwen3-8B,3,social-group,christian
R_3qsW7j9NfmBYVK5,144790,4186,1,0.0,Qwen3-8B,5,moral,fairness
R_3qsW7j9NfmBYVK5,144814,4187,0,0.0,Qwen3-8B,1,moral,fairness
R_3qsW7j9NfmBYVK5,144838,4188,0,0.0,Qwen3-8B,2,random,random
R_3qsW7j9NfmBYVK5,144862,4189,0,0.0,Qwen3-8B,2,social-group,LGB
R_3qsW7j9NfmBYVK5,144886,4190,2,1.0,Qwen3-8B,4,random,random
R_3qsW7j9NfmBYVK5,144910,4191,1,0.0,Qwen3-8B,2,random,random
R_3qsW7j9NfmBYVK5,144934,4192,3,1.0,Qwen3-8B,4,social-group,muslim
R_3qsW7j9NfmBYVK5,144965,4193,4,1.0,Qwen3-8B,1,moral,authority
R_3qsW7j9NfmBYVK5,145004,4194,0,0.0,Qwen3-8B,1,moral,loyalty
R_ai2VcgsDvc09aN3,24329,383,3,1.0,Qwen3-8B,4,random,random
R_ai2VcgsDvc09aN3,29472,472,0,0.0,Qwen3-8B,3,random,random
R_ai2VcgsDvc09aN3,35519,567,0,0.0,Qwen3-8B,1,random,random
R_ai2VcgsDvc09aN3,37167,595,0,0.0,Qwen3-8B,3,random,random
R_ai2VcgsDvc09aN3,45218,724,0,0.0,Qwen3-8B,3,random,random
R_ai2VcgsDvc09aN3,47941,764,0,0.0,Qwen3-8B,1,random,random
R_ai2VcgsDvc09aN3,59873,942,0,0.0,Qwen3-8B,3,random,random
R_ai2VcgsDvc09aN3,61112,965,0,0.0,Qwen3-8B,1,random,random
R_ai2VcgsDvc09aN3,72075,1152,3,1.0,Qwen3-8B,4,random,random
R_ai2VcgsDvc09aN3,144389,4169,0,0.0,Qwen3-8B,3,social-group,LGB
R_ai2VcgsDvc09aN3,144413,4170,0,0.0,Qwen3-8B,3,social-group,jewish
R_ai2VcgsDvc09aN3,144437,4171,0,0.0,Qwen3-8B,5,social-group,muslim
R_ai2VcgsDvc09aN3,144461,4172,2,1.0,Qwen3-8B,4,social-group,jewish
R_ai2VcgsDvc09aN3,144485,4173,0,0.0,Qwen3-8B,3,random,random
R_ai2VcgsDvc09aN3,144509,4174,3,1.0,Qwen3-8B,5,social-group,transgender
R_ai2VcgsDvc09aN3,144533,4175,0,0.0,Qwen3-8B,2,moral,purity
R_ai2VcgsDvc09aN3,144557,4176,0,0.0,Qwen3-8B,5,social-group,jewish
R_ai2VcgsDvc09aN3,144581,4177,0,0.0,Qwen3-8B,1,moral,care
R_ai2VcgsDvc09aN3,144605,4178,0,0.0,Qwen3-8B,4,social-group,christian
R_ai2VcgsDvc09aN3,144629,4179,0,0.0,Qwen3-8B,1,random,random
R_ai2VcgsDvc09aN3,144653,4180,1,0.0,Qwen3-8B,3,social-group,LGB
R_ai2VcgsDvc09aN3,144677,4181,1,0.0,Qwen3-8B,5,social-group,LGB
R_ai2VcgsDvc09aN3,144701,4182,1,0.0,Qwen3-8B,3,random,random
R_ai2VcgsDvc09aN3,144725,4183,0,0.0,Qwen3-8B,1,social-group,LGB
R_ai2VcgsDvc09aN3,144749,4184,1,0.0,Qwen3-8B,3,random,random
R_ai2VcgsDvc09aN3,144773,4185,0,0.0,Qwen3-8B,3,social-group,christian
R_ai2VcgsDvc09aN3,144797,4186,0,0.0,Qwen3-8B,5,moral,fairness
R_ai2VcgsDvc09aN3,144821,4187,0,0.0,Qwen3-8B,1,moral,fairness
R_ai2VcgsDvc09aN3,144845,4188,0,0.0,Qwen3-8B,2,random,random
R_ai2VcgsDvc09aN3,144869,4189,0,0.0,Qwen3-8B,2,social-group,LGB
R_ai2VcgsDvc09aN3,144893,4190,1,0.0,Qwen3-8B,4,random,random
R_ai2VcgsDvc09aN3,144917,4191,0,0.0,Qwen3-8B,2,random,random
R_ai2VcgsDvc09aN3,144941,4192,0,0.0,Qwen3-8B,4,social-group,muslim
R_ai2VcgsDvc09aN3,144980,4193,0,0.0,Qwen3-8B,1,moral,authority
R_ai2VcgsDvc09aN3,145011,4194,0,0.0,Qwen3-8B,1,moral,loyalty
R_3NCBSpYNotlSTBj,24330,383,2,1.0,Qwen3-8B,4,random,random
R_3NCBSpYNotlSTBj,29473,472,0,0.0,Qwen3-8B,3,random,random
R_3NCBSpYNotlSTBj,35520,567,3,1.0,Qwen3-8B,1,random,random
R_3NCBSpYNotlSTBj,37168,595,3,1.0,Qwen3-8B,3,random,random
R_3NCBSpYNotlSTBj,45219,724,2,1.0,Qwen3-8B,3,random,random
R_3NCBSpYNotlSTBj,47942,764,0,0.0,Qwen3-8B,1,random,random
R_3NCBSpYNotlSTBj,59874,942,1,0.0,Qwen3-8B,3,random,random
R_3NCBSpYNotlSTBj,61113,965,0,0.0,Qwen3-8B,1,random,random
R_3NCBSpYNotlSTBj,72076,1152,3,1.0,Qwen3-8B,4,random,random
R_3NCBSpYNotlSTBj,144390,4169,2,1.0,Qwen3-8B,3,social-group,LGB
R_3NCBSpYNotlSTBj,144414,4170,0,0.0,Qwen3-8B,3,social-group,jewish
R_3NCBSpYNotlSTBj,144438,4171,2,1.0,Qwen3-8B,5,social-group,muslim
R_3NCBSpYNotlSTBj,144462,4172,0,0.0,Qwen3-8B,4,social-group,jewish
R_3NCBSpYNotlSTBj,144486,4173,1,0.0,Qwen3-8B,3,random,random
R_3NCBSpYNotlSTBj,144510,4174,3,1.0,Qwen3-8B,5,social-group,transgender
R_3NCBSpYNotlSTBj,144534,4175,3,1.0,Qwen3-8B,2,moral,purity
R_3NCBSpYNotlSTBj,144558,4176,4,1.0,Qwen3-8B,5,social-group,jewish
R_3NCBSpYNotlSTBj,144582,4177,0,0.0,Qwen3-8B,1,moral,care
R_3NCBSpYNotlSTBj,144606,4178,4,1.0,Qwen3-8B,4,social-group,christian
R_3NCBSpYNotlSTBj,144630,4179,2,1.0,Qwen3-8B,1,random,random
R_3NCBSpYNotlSTBj,144654,4180,3,1.0,Qwen3-8B,3,social-group,LGB
R_3NCBSpYNotlSTBj,144678,4181,4,1.0,Qwen3-8B,5,social-group,LGB
R_3NCBSpYNotlSTBj,144702,4182,3,1.0,Qwen3-8B,3,random,random
R_3NCBSpYNotlSTBj,144726,4183,3,1.0,Qwen3-8B,1,social-group,LGB
R_3NCBSpYNotlSTBj,144750,4184,1,0.0,Qwen3-8B,3,random,random
R_3NCBSpYNotlSTBj,144774,4185,4,1.0,Qwen3-8B,3,social-group,christian
R_3NCBSpYNotlSTBj,144798,4186,4,1.0,Qwen3-8B,5,moral,fairness
R_3NCBSpYNotlSTBj,144822,4187,0,0.0,Qwen3-8B,1,moral,fairness
R_3NCBSpYNotlSTBj,144846,4188,2,1.0,Qwen3-8B,2,random,random
R_3NCBSpYNotlSTBj,144870,4189,4,1.0,Qwen3-8B,2,social-group,LGB
R_3NCBSpYNotlSTBj,144894,4190,4,1.0,Qwen3-8B,4,random,random
R_3NCBSpYNotlSTBj,144918,4191,2,1.0,Qwen3-8B,2,random,random
R_3NCBSpYNotlSTBj,144942,4192,3,1.0,Qwen3-8B,4,social-group,muslim
R_3NCBSpYNotlSTBj,144982,4193,2,1.0,Qwen3-8B,1,moral,authority
R_3NCBSpYNotlSTBj,145012,4194,3,1.0,Qwen3-8B,1,moral,loyalty
R_3m4eSuZsCDFQyiu,24722,390,2,1.0,Qwen3-8B,1,random,random
R_3m4eSuZsCDFQyiu,24783,391,4,1.0,Qwen3-8B,4,random,random
R_3m4eSuZsCDFQyiu,24845,392,0,0.0,Qwen3-8B,1,random,random
R_3m4eSuZsCDFQyiu,24907,393,2,1.0,Qwen3-8B,2,random,random
R_3m4eSuZsCDFQyiu,24969,394,2,1.0,Qwen3-8B,3,random,random
R_3m4eSuZsCDFQyiu,25032,395,2,1.0,Qwen3-8B,1,random,random
R_3m4eSuZsCDFQyiu,25093,396,1,0.0,Qwen3-8B,5,random,random
R_3m4eSuZsCDFQyiu,25158,397,0,0.0,Qwen3-8B,2,random,random
R_3m4eSuZsCDFQyiu,25220,398,-1,,Qwen3-8B,1,random,random
R_3m4eSuZsCDFQyiu,25281,399,0,0.0,Qwen3-8B,2,random,random
R_3m4eSuZsCDFQyiu,25343,400,1,0.0,Qwen3-8B,3,random,random
R_3m4eSuZsCDFQyiu,25405,401,1,0.0,Qwen3-8B,2,random,random
R_3m4eSuZsCDFQyiu,25469,402,1,0.0,Qwen3-8B,1,random,random
R_3m4eSuZsCDFQyiu,25530,403,2,1.0,Qwen3-8B,2,random,random
R_3m4eSuZsCDFQyiu,25593,404,1,0.0,Qwen3-8B,1,random,random
R_3m4eSuZsCDFQyiu,25655,405,2,1.0,Qwen3-8B,2,random,random
R_3m4eSuZsCDFQyiu,25716,406,-1,,Qwen3-8B,2,random,random
R_3m4eSuZsCDFQyiu,25780,407,2,1.0,Qwen3-8B,2,random,random
R_3m4eSuZsCDFQyiu,25843,408,3,1.0,Qwen3-8B,2,random,random
R_3m4eSuZsCDFQyiu,25894,409,2,1.0,Qwen3-8B,3,random,random
R_3m4eSuZsCDFQyiu,25944,410,-1,,Qwen3-8B,2,random,random
R_3m4eSuZsCDFQyiu,26005,411,-1,,Qwen3-8B,1,random,random
R_3m4eSuZsCDFQyiu,26067,412,2,1.0,Qwen3-8B,2,random,random
R_3m4eSuZsCDFQyiu,26131,413,2,1.0,Qwen3-8B,3,random,random
R_3m4eSuZsCDFQyiu,26193,414,0,0.0,Qwen3-8B,1,random,random
R_3m4eSuZsCDFQyiu,26255,415,0,0.0,Qwen3-8B,1,random,random
R_3m4eSuZsCDFQyiu,26317,416,2,1.0,Qwen3-8B,4,random,random
R_3m4eSuZsCDFQyiu,26380,417,0,0.0,Qwen3-8B,1,random,random
R_3m4eSuZsCDFQyiu,26443,418,1,0.0,Qwen3-8B,3,random,random
R_3m4eSuZsCDFQyiu,26506,419,1,0.0,Qwen3-8B,2,random,random
R_3m4eSuZsCDFQyiu,26569,420,-1,,Qwen3-8B,2,random,random
R_3m4eSuZsCDFQyiu,26631,421,1,0.0,Qwen3-8B,2,random,random
R_3m4eSuZsCDFQyiu,26694,422,-1,,Qwen3-8B,4,random,random
R_3m4eSuZsCDFQyiu,26755,423,1,0.0,Qwen3-8B,4,random,random
R_3m4eSuZsCDFQyiu,26817,424,-1,,Qwen3-8B,3,random,random
R_vIzF3yN5wEunxpT,24739,390,0,0.0,Qwen3-8B,1,random,random
R_vIzF3yN5wEunxpT,24801,391,4,1.0,Qwen3-8B,4,random,random
R_vIzF3yN5wEunxpT,24862,392,2,1.0,Qwen3-8B,1,random,random
R_vIzF3yN5wEunxpT,24924,393,3,1.0,Qwen3-8B,2,random,random
R_vIzF3yN5wEunxpT,24987,394,4,1.0,Qwen3-8B,3,random,random
R_vIzF3yN5wEunxpT,25049,395,2,1.0,Qwen3-8B,1,random,random
R_vIzF3yN5wEunxpT,25112,396,3,1.0,Qwen3-8B,5,random,random
R_vIzF3yN5wEunxpT,25175,397,4,1.0,Qwen3-8B,2,random,random
R_vIzF3yN5wEunxpT,25236,398,4,1.0,Qwen3-8B,1,random,random
R_vIzF3yN5wEunxpT,25300,399,3,1.0,Qwen3-8B,2,random,random
R_vIzF3yN5wEunxpT,25361,400,3,1.0,Qwen3-8B,3,random,random
R_vIzF3yN5wEunxpT,25423,401,-1,,Qwen3-8B,2,random,random
R_vIzF3yN5wEunxpT,25485,402,3,1.0,Qwen3-8B,1,random,random
R_vIzF3yN5wEunxpT,25548,403,4,1.0,Qwen3-8B,2,random,random
R_vIzF3yN5wEunxpT,25611,404,1,0.0,Qwen3-8B,1,random,random
R_vIzF3yN5wEunxpT,25672,405,1,0.0,Qwen3-8B,2,random,random
R_vIzF3yN5wEunxpT,25734,406,4,1.0,Qwen3-8B,2,random,random
R_vIzF3yN5wEunxpT,25798,407,-1,,Qwen3-8B,2,random,random
R_vIzF3yN5wEunxpT,25861,408,0,0.0,Qwen3-8B,2,random,random
R_vIzF3yN5wEunxpT,25906,409,0,0.0,Qwen3-8B,3,random,random
R_vIzF3yN5wEunxpT,25960,410,0,0.0,Qwen3-8B,2,random,random
R_vIzF3yN5wEunxpT,26023,411,2,1.0,Qwen3-8B,1,random,random
R_vIzF3yN5wEunxpT,26086,412,3,1.0,Qwen3-8B,2,random,random
R_vIzF3yN5wEunxpT,26149,413,4,1.0,Qwen3-8B,3,random,random
R_vIzF3yN5wEunxpT,26210,414,4,1.0,Qwen3-8B,1,random,random
R_vIzF3yN5wEunxpT,26273,415,-1,,Qwen3-8B,1,random,random
R_vIzF3yN5wEunxpT,26335,416,4,1.0,Qwen3-8B,4,random,random
R_vIzF3yN5wEunxpT,26398,417,0,0.0,Qwen3-8B,1,random,random
R_vIzF3yN5wEunxpT,26461,418,-1,,Qwen3-8B,3,random,random
R_vIzF3yN5wEunxpT,26525,419,3,1.0,Qwen3-8B,2,random,random
R_vIzF3yN5wEunxpT,26587,420,-1,,Qwen3-8B,2,random,random
R_vIzF3yN5wEunxpT,26649,421,0,0.0,Qwen3-8B,2,random,random
R_vIzF3yN5wEunxpT,26710,422,1,0.0,Qwen3-8B,4,random,random
R_vIzF3yN5wEunxpT,26772,423,-1,,Qwen3-8B,4,random,random
R_vIzF3yN5wEunxpT,26835,424,0,0.0,Qwen3-8B,3,random,random
R_2OISbOiJCZoc4z4,24743,390,0,0.0,Qwen3-8B,1,random,random
R_2OISbOiJCZoc4z4,24805,391,4,1.0,Qwen3-8B,4,random,random
R_2OISbOiJCZoc4z4,24866,392,0,0.0,Qwen3-8B,1,random,random
R_2OISbOiJCZoc4z4,24928,393,1,0.0,Qwen3-8B,2,random,random
R_2OISbOiJCZoc4z4,24991,394,0,0.0,Qwen3-8B,3,random,random
R_2OISbOiJCZoc4z4,25053,395,1,0.0,Qwen3-8B,1,random,random
R_2OISbOiJCZoc4z4,25116,396,2,1.0,Qwen3-8B,5,random,random
R_2OISbOiJCZoc4z4,25179,397,2,1.0,Qwen3-8B,2,random,random
R_2OISbOiJCZoc4z4,25240,398,4,1.0,Qwen3-8B,1,random,random
R_2OISbOiJCZoc4z4,25304,399,1,0.0,Qwen3-8B,2,random,random
R_2OISbOiJCZoc4z4,25365,400,1,0.0,Qwen3-8B,3,random,random
R_2OISbOiJCZoc4z4,25427,401,3,1.0,Qwen3-8B,2,random,random
R_2OISbOiJCZoc4z4,25489,402,1,0.0,Qwen3-8B,1,random,random
R_2OISbOiJCZoc4z4,25552,403,4,1.0,Qwen3-8B,2,random,random
R_2OISbOiJCZoc4z4,25615,404,4,1.0,Qwen3-8B,1,random,random
R_2OISbOiJCZoc4z4,25676,405,1,0.0,Qwen3-8B,2,random,random
R_2OISbOiJCZoc4z4,25738,406,0,0.0,Qwen3-8B,2,random,random
R_2OISbOiJCZoc4z4,25802,407,0,0.0,Qwen3-8B,2,random,random
R_2OISbOiJCZoc4z4,25865,408,4,1.0,Qwen3-8B,2,random,random
R_2OISbOiJCZoc4z4,25910,409,4,1.0,Qwen3-8B,3,random,random
R_2OISbOiJCZoc4z4,25964,410,0,0.0,Qwen3-8B,2,random,random
R_2OISbOiJCZoc4z4,26027,411,1,0.0,Qwen3-8B,1,random,random
R_2OISbOiJCZoc4z4,26090,412,3,1.0,Qwen3-8B,2,random,random
R_2OISbOiJCZoc4z4,26153,413,0,0.0,Qwen3-8B,3,random,random
R_2OISbOiJCZoc4z4,26214,414,0,0.0,Qwen3-8B,1,random,random
R_2OISbOiJCZoc4z4,26277,415,3,1.0,Qwen3-8B,1,random,random
R_2OISbOiJCZoc4z4,26339,416,2,1.0,Qwen3-8B,4,random,random
R_2OISbOiJCZoc4z4,26402,417,1,0.0,Qwen3-8B,1,random,random
R_2OISbOiJCZoc4z4,26465,418,3,1.0,Qwen3-8B,3,random,random
R_2OISbOiJCZoc4z4,26529,419,4,1.0,Qwen3-8B,2,random,random
R_2OISbOiJCZoc4z4,26591,420,2,1.0,Qwen3-8B,2,random,random
R_2OISbOiJCZoc4z4,26653,421,0,0.0,Qwen3-8B,2,random,random
R_2OISbOiJCZoc4z4,26714,422,1,0.0,Qwen3-8B,4,random,random
R_2OISbOiJCZoc4z4,26776,423,0,0.0,Qwen3-8B,4,random,random
R_2OISbOiJCZoc4z4,26839,424,0,0.0,Qwen3-8B,3,random,random
R_We7NwNWCFW87ikp,26437,418,4,1.0,Qwen3-8B,3,random,random
R_We7NwNWCFW87ikp,41207,663,0,0.0,Qwen3-8B,1,random,random
R_We7NwNWCFW87ikp,47348,756,0,0.0,Qwen3-8B,1,random,random
R_We7NwNWCFW87ikp,64430,1020,0,0.0,Qwen3-8B,1,random,random
R_We7NwNWCFW87ikp,81821,1535,-1,,Qwen3-8B,2,random,random
R_We7NwNWCFW87ikp,81845,1536,0,0.0,Qwen3-8B,3,social-group,LGB
R_We7NwNWCFW87ikp,81869,1537,0,0.0,Qwen3-8B,2,random,random
R_We7NwNWCFW87ikp,81893,1538,0,0.0,Qwen3-8B,2,social-group,muslim
R_We7NwNWCFW87ikp,81917,1539,0,0.0,Qwen3-8B,3,social-group,LGB
R_We7NwNWCFW87ikp,81941,1540,0,0.0,Qwen3-8B,4,social-group,jewish
R_We7NwNWCFW87ikp,81965,1541,0,0.0,Qwen3-8B,3,social-group,transgender
R_We7NwNWCFW87ikp,81989,1542,-1,,Qwen3-8B,4,social-group,LGB
R_We7NwNWCFW87ikp,82013,1543,0,0.0,Qwen3-8B,2,social-group,LGB
R_We7NwNWCFW87ikp,82037,1544,0,0.0,Qwen3-8B,4,social-group,christian
R_We7NwNWCFW87ikp,82061,1545,0,0.0,Qwen3-8B,4,social-group,LGB
R_We7NwNWCFW87ikp,82085,1546,0,0.0,Qwen3-8B,3,random,random
R_We7NwNWCFW87ikp,82128,1547,0,0.0,Qwen3-8B,1,moral,authority
R_We7NwNWCFW87ikp,82180,1548,0,0.0,Qwen3-8B,3,social-group,jewish
R_We7NwNWCFW87ikp,82204,1549,0,0.0,Qwen3-8B,5,social-group,jewish
R_We7NwNWCFW87ikp,82228,1550,0,0.0,Qwen3-8B,1,random,random
R_We7NwNWCFW87ikp,82252,1551,0,0.0,Qwen3-8B,1,moral,care
R_We7NwNWCFW87ikp,82276,1552,0,0.0,Qwen3-8B,2,social-group,christian
R_We7NwNWCFW87ikp,82300,1553,0,0.0,Qwen3-8B,3,social-group,christian
R_We7NwNWCFW87ikp,82324,1554,0,0.0,Qwen3-8B,4,social-group,christian
R_We7NwNWCFW87ikp,82348,1555,0,0.0,Qwen3-8B,3,social-group,jewish
R_We7NwNWCFW87ikp,82372,1556,0,0.0,Qwen3-8B,3,random,random
R_We7NwNWCFW87ikp,82396,1557,0,0.0,Qwen3-8B,2,social-group,LGB
R_We7NwNWCFW87ikp,82420,1558,0,0.0,Qwen3-8B,4,social-group,transgender
R_We7NwNWCFW87ikp,82444,1559,0,0.0,Qwen3-8B,1,moral,loyalty
R_We7NwNWCFW87ikp,82468,1560,0,0.0,Qwen3-8B,1,social-group,LGB
R_We7NwNWCFW87ikp,82492,1561,0,0.0,Qwen3-8B,3,social-group,christian
R_We7NwNWCFW87ikp,82516,1562,0,0.0,Qwen3-8B,3,social-group,LGB
R_We7NwNWCFW87ikp,82540,1563,0,0.0,Qwen3-8B,4,social-group,christian
R_We7NwNWCFW87ikp,82564,1564,0,0.0,Qwen3-8B,1,random,random
R_We7NwNWCFW87ikp,82588,1565,0,0.0,Qwen3-8B,2,moral,loyalty
R_2fKkG3wOgy9LLci,26438,418,1,0.0,Qwen3-8B,3,random,random
R_2fKkG3wOgy9LLci,41208,663,1,0.0,Qwen3-8B,1,random,random
R_2fKkG3wOgy9LLci,47349,756,0,0.0,Qwen3-8B,1,random,random
R_2fKkG3wOgy9LLci,64431,1020,0,0.0,Qwen3-8B,1,random,random
R_2fKkG3wOgy9LLci,81822,1535,0,0.0,Qwen3-8B,2,random,random
R_2fKkG3wOgy9LLci,81846,1536,1,0.0,Qwen3-8B,3,social-group,LGB
R_2fKkG3wOgy9LLci,81870,1537,1,0.0,Qwen3-8B,2,random,random
R_2fKkG3wOgy9LLci,81894,1538,1,0.0,Qwen3-8B,2,social-group,muslim
R_2fKkG3wOgy9LLci,81918,1539,1,0.0,Qwen3-8B,3,social-group,LGB
R_2fKkG3wOgy9LLci,81942,1540,1,0.0,Qwen3-8B,4,social-group,jewish
R_2fKkG3wOgy9LLci,81966,1541,0,0.0,Qwen3-8B,3,social-group,transgender
R_2fKkG3wOgy9LLci,81990,1542,0,0.0,Qwen3-8B,4,social-group,LGB
R_2fKkG3wOgy9LLci,82014,1543,0,0.0,Qwen3-8B,2,social-group,LGB
R_2fKkG3wOgy9LLci,82038,1544,0,0.0,Qwen3-8B,4,social-group,christian
R_2fKkG3wOgy9LLci,82062,1545,0,0.0,Qwen3-8B,4,social-group,LGB
R_2fKkG3wOgy9LLci,82086,1546,0,0.0,Qwen3-8B,3,random,random
R_2fKkG3wOgy9LLci,82131,1547,0,0.0,Qwen3-8B,1,moral,authority
R_2fKkG3wOgy9LLci,82181,1548,0,0.0,Qwen3-8B,3,social-group,jewish
R_2fKkG3wOgy9LLci,82205,1549,0,0.0,Qwen3-8B,5,social-group,jewish
R_2fKkG3wOgy9LLci,82229,1550,0,0.0,Qwen3-8B,1,random,random
R_2fKkG3wOgy9LLci,82253,1551,0,0.0,Qwen3-8B,1,moral,care
R_2fKkG3wOgy9LLci,82277,1552,0,0.0,Qwen3-8B,2,social-group,christian
R_2fKkG3wOgy9LLci,82301,1553,0,0.0,Qwen3-8B,3,social-group,christian
R_2fKkG3wOgy9LLci,82325,1554,0,0.0,Qwen3-8B,4,social-group,christian
R_2fKkG3wOgy9LLci,82349,1555,1,0.0,Qwen3-8B,3,social-group,jewish
R_2fKkG3wOgy9LLci,82373,1556,0,0.0,Qwen3-8B,3,random,random
R_2fKkG3wOgy9LLci,82397,1557,1,0.0,Qwen3-8B,2,social-group,LGB
R_2fKkG3wOgy9LLci,82421,1558,0,0.0,Qwen3-8B,4,social-group,transgender
R_2fKkG3wOgy9LLci,82445,1559,0,0.0,Qwen3-8B,1,moral,loyalty
R_2fKkG3wOgy9LLci,82469,1560,0,0.0,Qwen3-8B,1,social-group,LGB
R_2fKkG3wOgy9LLci,82493,1561,0,0.0,Qwen3-8B,3,social-group,christian
R_2fKkG3wOgy9LLci,82517,1562,0,0.0,Qwen3-8B,3,social-group,LGB
R_2fKkG3wOgy9LLci,82541,1563,1,0.0,Qwen3-8B,4,social-group,christian
R_2fKkG3wOgy9LLci,82565,1564,0,0.0,Qwen3-8B,1,random,random
R_2fKkG3wOgy9LLci,82589,1565,1,0.0,Qwen3-8B,2,moral,loyalty
R_2ToYfryjBpaC9q2,26441,418,0,0.0,Qwen3-8B,3,random,random
R_2ToYfryjBpaC9q2,41209,663,0,0.0,Qwen3-8B,1,random,random
R_2ToYfryjBpaC9q2,47350,756,0,0.0,Qwen3-8B,1,random,random
R_2ToYfryjBpaC9q2,64432,1020,0,0.0,Qwen3-8B,1,random,random
R_2ToYfryjBpaC9q2,81823,1535,0,0.0,Qwen3-8B,2,random,random
R_2ToYfryjBpaC9q2,81847,1536,0,0.0,Qwen3-8B,3,social-group,LGB
R_2ToYfryjBpaC9q2,81871,1537,0,0.0,Qwen3-8B,2,random,random
R_2ToYfryjBpaC9q2,81895,1538,0,0.0,Qwen3-8B,2,social-group,muslim
R_2ToYfryjBpaC9q2,81919,1539,0,0.0,Qwen3-8B,3,social-group,LGB
R_2ToYfryjBpaC9q2,81943,1540,3,1.0,Qwen3-8B,4,social-group,jewish
R_2ToYfryjBpaC9q2,81967,1541,0,0.0,Qwen3-8B,3,social-group,transgender
R_2ToYfryjBpaC9q2,81991,1542,0,0.0,Qwen3-8B,4,social-group,LGB
R_2ToYfryjBpaC9q2,82015,1543,0,0.0,Qwen3-8B,2,social-group,LGB
R_2ToYfryjBpaC9q2,82039,1544,4,1.0,Qwen3-8B,4,social-group,christian
R_2ToYfryjBpaC9q2,82063,1545,0,0.0,Qwen3-8B,4,social-group,LGB
R_2ToYfryjBpaC9q2,82087,1546,0,0.0,Qwen3-8B,3,random,random
R_2ToYfryjBpaC9q2,82135,1547,0,0.0,Qwen3-8B,1,moral,authority
R_2ToYfryjBpaC9q2,82182,1548,0,0.0,Qwen3-8B,3,social-group,jewish
R_2ToYfryjBpaC9q2,82206,1549,3,1.0,Qwen3-8B,5,social-group,jewish
R_2ToYfryjBpaC9q2,82230,1550,2,1.0,Qwen3-8B,1,random,random
R_2ToYfryjBpaC9q2,82254,1551,0,0.0,Qwen3-8B,1,moral,care
R_2ToYfryjBpaC9q2,82278,1552,2,1.0,Qwen3-8B,2,social-group,christian
R_2ToYfryjBpaC9q2,82302,1553,0,0.0,Qwen3-8B,3,social-group,christian
R_2ToYfryjBpaC9q2,82326,1554,4,1.0,Qwen3-8B,4,social-group,christian
R_2ToYfryjBpaC9q2,82350,1555,0,0.0,Qwen3-8B,3,social-group,jewish
R_2ToYfryjBpaC9q2,82374,1556,0,0.0,Qwen3-8B,3,random,random
R_2ToYfryjBpaC9q2,82398,1557,0,0.0,Qwen3-8B,2,social-group,LGB
R_2ToYfryjBpaC9q2,82422,1558,0,0.0,Qwen3-8B,4,social-group,transgender
R_2ToYfryjBpaC9q2,82446,1559,0,0.0,Qwen3-8B,1,moral,loyalty
R_2ToYfryjBpaC9q2,82470,1560,0,0.0,Qwen3-8B,1,social-group,LGB
R_2ToYfryjBpaC9q2,82494,1561,0,0.0,Qwen3-8B,3,social-group,christian
R_2ToYfryjBpaC9q2,82518,1562,2,1.0,Qwen3-8B,3,social-group,LGB
R_2ToYfryjBpaC9q2,82542,1563,0,0.0,Qwen3-8B,4,social-group,christian
R_2ToYfryjBpaC9q2,82566,1564,0,0.0,Qwen3-8B,1,random,random
R_2ToYfryjBpaC9q2,82590,1565,0,0.0,Qwen3-8B,2,moral,loyalty
R_2vcxoA8PEaMZSF5,26450,418,2,1.0,Qwen3-8B,3,random,random
R_2vcxoA8PEaMZSF5,41218,663,2,1.0,Qwen3-8B,1,random,random
R_2vcxoA8PEaMZSF5,47357,756,0,0.0,Qwen3-8B,1,random,random
R_2vcxoA8PEaMZSF5,64440,1020,-1,,Qwen3-8B,1,random,random
R_2vcxoA8PEaMZSF5,81824,1535,0,0.0,Qwen3-8B,2,random,random
R_2vcxoA8PEaMZSF5,81848,1536,4,1.0,Qwen3-8B,3,social-group,LGB
R_2vcxoA8PEaMZSF5,81872,1537,0,0.0,Qwen3-8B,2,random,random
R_2vcxoA8PEaMZSF5,81896,1538,0,0.0,Qwen3-8B,2,social-group,muslim
R_2vcxoA8PEaMZSF5,81920,1539,2,1.0,Qwen3-8B,3,social-group,LGB
R_2vcxoA8PEaMZSF5,81944,1540,2,1.0,Qwen3-8B,4,social-group,jewish
R_2vcxoA8PEaMZSF5,81968,1541,2,1.0,Qwen3-8B,3,social-group,transgender
R_2vcxoA8PEaMZSF5,81992,1542,4,1.0,Qwen3-8B,4,social-group,LGB
R_2vcxoA8PEaMZSF5,82016,1543,2,1.0,Qwen3-8B,2,social-group,LGB
R_2vcxoA8PEaMZSF5,82040,1544,2,1.0,Qwen3-8B,4,social-group,christian
R_2vcxoA8PEaMZSF5,82064,1545,3,1.0,Qwen3-8B,4,social-group,LGB
R_2vcxoA8PEaMZSF5,82088,1546,0,0.0,Qwen3-8B,3,random,random
R_2vcxoA8PEaMZSF5,82139,1547,-1,,Qwen3-8B,1,moral,authority
R_2vcxoA8PEaMZSF5,82183,1548,0,0.0,Qwen3-8B,3,social-group,jewish
R_2vcxoA8PEaMZSF5,82207,1549,2,1.0,Qwen3-8B,5,social-group,jewish
R_2vcxoA8PEaMZSF5,82231,1550,1,0.0,Qwen3-8B,1,random,random
R_2vcxoA8PEaMZSF5,82255,1551,0,0.0,Qwen3-8B,1,moral,care
R_2vcxoA8PEaMZSF5,82279,1552,2,1.0,Qwen3-8B,2,social-group,christian
R_2vcxoA8PEaMZSF5,82303,1553,0,0.0,Qwen3-8B,3,social-group,christian
R_2vcxoA8PEaMZSF5,82327,1554,0,0.0,Qwen3-8B,4,social-group,christian
R_2vcxoA8PEaMZSF5,82351,1555,2,1.0,Qwen3-8B,3,social-group,jewish
R_2vcxoA8PEaMZSF5,82375,1556,0,0.0,Qwen3-8B,3,random,random
R_2vcxoA8PEaMZSF5,82399,1557,2,1.0,Qwen3-8B,2,social-group,LGB
R_2vcxoA8PEaMZSF5,82423,1558,0,0.0,Qwen3-8B,4,social-group,transgender
R_2vcxoA8PEaMZSF5,82447,1559,-1,,Qwen3-8B,1,moral,loyalty
R_2vcxoA8PEaMZSF5,82471,1560,4,1.0,Qwen3-8B,1,social-group,LGB
R_2vcxoA8PEaMZSF5,82495,1561,0,0.0,Qwen3-8B,3,social-group,christian
R_2vcxoA8PEaMZSF5,82519,1562,0,0.0,Qwen3-8B,3,social-group,LGB
R_2vcxoA8PEaMZSF5,82543,1563,4,1.0,Qwen3-8B,4,social-group,christian
R_2vcxoA8PEaMZSF5,82567,1564,0,0.0,Qwen3-8B,1,random,random
R_2vcxoA8PEaMZSF5,82591,1565,-1,,Qwen3-8B,2,moral,loyalty
R_2rMYzrGVZYFMAyY,26455,418,1,0.0,Qwen3-8B,3,random,random
R_2rMYzrGVZYFMAyY,41224,663,0,0.0,Qwen3-8B,1,random,random
R_2rMYzrGVZYFMAyY,47368,756,1,0.0,Qwen3-8B,1,random,random
R_2rMYzrGVZYFMAyY,64444,1020,1,0.0,Qwen3-8B,1,random,random
R_2rMYzrGVZYFMAyY,81826,1535,0,0.0,Qwen3-8B,2,random,random
R_2rMYzrGVZYFMAyY,81850,1536,1,0.0,Qwen3-8B,3,social-group,LGB
R_2rMYzrGVZYFMAyY,81874,1537,1,0.0,Qwen3-8B,2,random,random
R_2rMYzrGVZYFMAyY,81898,1538,1,0.0,Qwen3-8B,2,social-group,muslim
R_2rMYzrGVZYFMAyY,81922,1539,1,0.0,Qwen3-8B,3,social-group,LGB
R_2rMYzrGVZYFMAyY,81946,1540,2,1.0,Qwen3-8B,4,social-group,jewish
R_2rMYzrGVZYFMAyY,81970,1541,0,0.0,Qwen3-8B,3,social-group,transgender
R_2rMYzrGVZYFMAyY,81994,1542,0,0.0,Qwen3-8B,4,social-group,LGB
R_2rMYzrGVZYFMAyY,82018,1543,1,0.0,Qwen3-8B,2,social-group,LGB
R_2rMYzrGVZYFMAyY,82042,1544,1,0.0,Qwen3-8B,4,social-group,christian
R_2rMYzrGVZYFMAyY,82066,1545,1,0.0,Qwen3-8B,4,social-group,LGB
R_2rMYzrGVZYFMAyY,82090,1546,0,0.0,Qwen3-8B,3,random,random
R_2rMYzrGVZYFMAyY,82144,1547,0,0.0,Qwen3-8B,1,moral,authority
R_2rMYzrGVZYFMAyY,82185,1548,1,0.0,Qwen3-8B,3,social-group,jewish
R_2rMYzrGVZYFMAyY,82209,1549,1,0.0,Qwen3-8B,5,social-group,jewish
R_2rMYzrGVZYFMAyY,82233,1550,1,0.0,Qwen3-8B,1,random,random
R_2rMYzrGVZYFMAyY,82257,1551,1,0.0,Qwen3-8B,1,moral,care
R_2rMYzrGVZYFMAyY,82281,1552,1,0.0,Qwen3-8B,2,social-group,christian
R_2rMYzrGVZYFMAyY,82305,1553,1,0.0,Qwen3-8B,3,social-group,christian
R_2rMYzrGVZYFMAyY,82329,1554,2,1.0,Qwen3-8B,4,social-group,christian
R_2rMYzrGVZYFMAyY,82353,1555,2,1.0,Qwen3-8B,3,social-group,jewish
R_2rMYzrGVZYFMAyY,82377,1556,2,1.0,Qwen3-8B,3,random,random
R_2rMYzrGVZYFMAyY,82401,1557,1,0.0,Qwen3-8B,2,social-group,LGB
R_2rMYzrGVZYFMAyY,82425,1558,1,0.0,Qwen3-8B,4,social-group,transgender
R_2rMYzrGVZYFMAyY,82449,1559,0,0.0,Qwen3-8B,1,moral,loyalty
R_2rMYzrGVZYFMAyY,82473,1560,2,1.0,Qwen3-8B,1,social-group,LGB
R_2rMYzrGVZYFMAyY,82497,1561,1,0.0,Qwen3-8B,3,social-group,christian
R_2rMYzrGVZYFMAyY,82521,1562,2,1.0,Qwen3-8B,3,social-group,LGB
R_2rMYzrGVZYFMAyY,82545,1563,2,1.0,Qwen3-8B,4,social-group,christian
R_2rMYzrGVZYFMAyY,82569,1564,0,0.0,Qwen3-8B,1,random,random
R_2rMYzrGVZYFMAyY,82593,1565,0,0.0,Qwen3-8B,2,moral,loyalty
R_30bOBNfpjQcZygD,26457,418,2,1.0,Qwen3-8B,3,random,random
R_30bOBNfpjQcZygD,41226,663,0,0.0,Qwen3-8B,1,random,random
R_30bOBNfpjQcZygD,47370,756,1,0.0,Qwen3-8B,1,random,random
R_30bOBNfpjQcZygD,64446,1020,1,0.0,Qwen3-8B,1,random,random
R_30bOBNfpjQcZygD,81828,1535,1,0.0,Qwen3-8B,2,random,random
R_30bOBNfpjQcZygD,81852,1536,2,1.0,Qwen3-8B,3,social-group,LGB
R_30bOBNfpjQcZygD,81876,1537,1,0.0,Qwen3-8B,2,random,random
R_30bOBNfpjQcZygD,81900,1538,1,0.0,Qwen3-8B,2,social-group,muslim
R_30bOBNfpjQcZygD,81924,1539,1,0.0,Qwen3-8B,3,social-group,LGB
R_30bOBNfpjQcZygD,81948,1540,3,1.0,Qwen3-8B,4,social-group,jewish
R_30bOBNfpjQcZygD,81972,1541,0,0.0,Qwen3-8B,3,social-group,transgender
R_30bOBNfpjQcZygD,81996,1542,2,1.0,Qwen3-8B,4,social-group,LGB
R_30bOBNfpjQcZygD,82020,1543,1,0.0,Qwen3-8B,2,social-group,LGB
R_30bOBNfpjQcZygD,82044,1544,1,0.0,Qwen3-8B,4,social-group,christian
R_30bOBNfpjQcZygD,82068,1545,1,0.0,Qwen3-8B,4,social-group,LGB
R_30bOBNfpjQcZygD,82092,1546,0,0.0,Qwen3-8B,3,random,random
R_30bOBNfpjQcZygD,82148,1547,0,0.0,Qwen3-8B,1,moral,authority
R_30bOBNfpjQcZygD,82187,1548,2,1.0,Qwen3-8B,3,social-group,jewish
R_30bOBNfpjQcZygD,82211,1549,2,1.0,Qwen3-8B,5,social-group,jewish
R_30bOBNfpjQcZygD,82235,1550,2,1.0,Qwen3-8B,1,random,random
R_30bOBNfpjQcZygD,82259,1551,1,0.0,Qwen3-8B,1,moral,care
R_30bOBNfpjQcZygD,82283,1552,1,0.0,Qwen3-8B,2,social-group,christian
R_30bOBNfpjQcZygD,82307,1553,2,1.0,Qwen3-8B,3,social-group,christian
R_30bOBNfpjQcZygD,82331,1554,2,1.0,Qwen3-8B,4,social-group,christian
R_30bOBNfpjQcZygD,82355,1555,2,1.0,Qwen3-8B,3,social-group,jewish
R_30bOBNfpjQcZygD,82379,1556,2,1.0,Qwen3-8B,3,random,random
R_30bOBNfpjQcZygD,82403,1557,1,0.0,Qwen3-8B,2,social-group,LGB
R_30bOBNfpjQcZygD,82427,1558,3,1.0,Qwen3-8B,4,social-group,transgender
R_30bOBNfpjQcZygD,82451,1559,1,0.0,Qwen3-8B,1,moral,loyalty
R_30bOBNfpjQcZygD,82475,1560,2,1.0,Qwen3-8B,1,social-group,LGB
R_30bOBNfpjQcZygD,82499,1561,1,0.0,Qwen3-8B,3,social-group,christian
R_30bOBNfpjQcZygD,82523,1562,2,1.0,Qwen3-8B,3,social-group,LGB
R_30bOBNfpjQcZygD,82547,1563,4,1.0,Qwen3-8B,4,social-group,christian
R_30bOBNfpjQcZygD,82571,1564,0,0.0,Qwen3-8B,1,random,random
R_30bOBNfpjQcZygD,82595,1565,1,0.0,Qwen3-8B,2,moral,loyalty
R_2Qxl4JMHO2OFS8l,26477,418,2,1.0,Qwen3-8B,3,random,random
R_2Qxl4JMHO2OFS8l,41242,663,0,0.0,Qwen3-8B,1,random,random
R_2Qxl4JMHO2OFS8l,47386,756,0,0.0,Qwen3-8B,1,random,random
R_2Qxl4JMHO2OFS8l,64456,1020,0,0.0,Qwen3-8B,1,random,random
R_2Qxl4JMHO2OFS8l,81834,1535,2,1.0,Qwen3-8B,2,random,random
R_2Qxl4JMHO2OFS8l,81858,1536,0,0.0,Qwen3-8B,3,social-group,LGB
R_2Qxl4JMHO2OFS8l,81882,1537,0,0.0,Qwen3-8B,2,random,random
R_2Qxl4JMHO2OFS8l,81906,1538,0,0.0,Qwen3-8B,2,social-group,muslim
R_2Qxl4JMHO2OFS8l,81930,1539,0,0.0,Qwen3-8B,3,social-group,LGB
R_2Qxl4JMHO2OFS8l,81954,1540,3,1.0,Qwen3-8B,4,social-group,jewish
R_2Qxl4JMHO2OFS8l,81978,1541,0,0.0,Qwen3-8B,3,social-group,transgender
R_2Qxl4JMHO2OFS8l,82002,1542,0,0.0,Qwen3-8B,4,social-group,LGB
R_2Qxl4JMHO2OFS8l,82026,1543,0,0.0,Qwen3-8B,2,social-group,LGB
R_2Qxl4JMHO2OFS8l,82050,1544,0,0.0,Qwen3-8B,4,social-group,christian
R_2Qxl4JMHO2OFS8l,82074,1545,0,0.0,Qwen3-8B,4,social-group,LGB
R_2Qxl4JMHO2OFS8l,82098,1546,0,0.0,Qwen3-8B,3,random,random
R_2Qxl4JMHO2OFS8l,82165,1547,0,0.0,Qwen3-8B,1,moral,authority
R_2Qxl4JMHO2OFS8l,82193,1548,1,0.0,Qwen3-8B,3,social-group,jewish
R_2Qxl4JMHO2OFS8l,82217,1549,0,0.0,Qwen3-8B,5,social-group,jewish
R_2Qxl4JMHO2OFS8l,82241,1550,1,0.0,Qwen3-8B,1,random,random
R_2Qxl4JMHO2OFS8l,82265,1551,0,0.0,Qwen3-8B,1,moral,care
R_2Qxl4JMHO2OFS8l,82289,1552,0,0.0,Qwen3-8B,2,social-group,christian
R_2Qxl4JMHO2OFS8l,82313,1553,0,0.0,Qwen3-8B,3,social-group,christian
R_2Qxl4JMHO2OFS8l,82337,1554,0,0.0,Qwen3-8B,4,social-group,christian
R_2Qxl4JMHO2OFS8l,82361,1555,0,0.0,Qwen3-8B,3,social-group,jewish
R_2Qxl4JMHO2OFS8l,82385,1556,0,0.0,Qwen3-8B,3,random,random
R_2Qxl4JMHO2OFS8l,82409,1557,0,0.0,Qwen3-8B,2,social-group,LGB
R_2Qxl4JMHO2OFS8l,82433,1558,0,0.0,Qwen3-8B,4,social-group,transgender
R_2Qxl4JMHO2OFS8l,82457,1559,0,0.0,Qwen3-8B,1,moral,loyalty
R_2Qxl4JMHO2OFS8l,82481,1560,0,0.0,Qwen3-8B,1,social-group,LGB
R_2Qxl4JMHO2OFS8l,82505,1561,0,0.0,Qwen3-8B,3,social-group,christian
R_2Qxl4JMHO2OFS8l,82529,1562,1,0.0,Qwen3-8B,3,social-group,LGB
R_2Qxl4JMHO2OFS8l,82553,1563,0,0.0,Qwen3-8B,4,social-group,christian
R_2Qxl4JMHO2OFS8l,82577,1564,0,0.0,Qwen3-8B,1,random,random
R_2Qxl4JMHO2OFS8l,82601,1565,0,0.0,Qwen3-8B,2,moral,loyalty
R_11Z4xZP2BXmjh55,26478,418,2,1.0,Qwen3-8B,3,random,random
R_11Z4xZP2BXmjh55,41243,663,0,0.0,Qwen3-8B,1,random,random
R_11Z4xZP2BXmjh55,47387,756,0,0.0,Qwen3-8B,1,random,random
R_11Z4xZP2BXmjh55,64458,1020,0,0.0,Qwen3-8B,1,random,random
R_11Z4xZP2BXmjh55,81835,1535,0,0.0,Qwen3-8B,2,random,random
R_11Z4xZP2BXmjh55,81859,1536,1,0.0,Qwen3-8B,3,social-group,LGB
R_11Z4xZP2BXmjh55,81883,1537,0,0.0,Qwen3-8B,2,random,random
R_11Z4xZP2BXmjh55,81907,1538,2,1.0,Qwen3-8B,2,social-group,muslim
R_11Z4xZP2BXmjh55,81931,1539,1,0.0,Qwen3-8B,3,social-group,LGB
R_11Z4xZP2BXmjh55,81955,1540,4,1.0,Qwen3-8B,4,social-group,jewish
R_11Z4xZP2BXmjh55,81979,1541,0,0.0,Qwen3-8B,3,social-group,transgender
R_11Z4xZP2BXmjh55,82003,1542,4,1.0,Qwen3-8B,4,social-group,LGB
R_11Z4xZP2BXmjh55,82027,1543,1,0.0,Qwen3-8B,2,social-group,LGB
R_11Z4xZP2BXmjh55,82051,1544,0,0.0,Qwen3-8B,4,social-group,christian
R_11Z4xZP2BXmjh55,82075,1545,0,0.0,Qwen3-8B,4,social-group,LGB
R_11Z4xZP2BXmjh55,82099,1546,0,0.0,Qwen3-8B,3,random,random
R_11Z4xZP2BXmjh55,82168,1547,1,0.0,Qwen3-8B,1,moral,authority
R_11Z4xZP2BXmjh55,82194,1548,1,0.0,Qwen3-8B,3,social-group,jewish
R_11Z4xZP2BXmjh55,82218,1549,3,1.0,Qwen3-8B,5,social-group,jewish
R_11Z4xZP2BXmjh55,82242,1550,0,0.0,Qwen3-8B,1,random,random
R_11Z4xZP2BXmjh55,82266,1551,-1,,Qwen3-8B,1,moral,care
R_11Z4xZP2BXmjh55,82290,1552,1,0.0,Qwen3-8B,2,social-group,christian
R_11Z4xZP2BXmjh55,82314,1553,0,0.0,Qwen3-8B,3,social-group,christian
R_11Z4xZP2BXmjh55,82338,1554,3,1.0,Qwen3-8B,4,social-group,christian
R_11Z4xZP2BXmjh55,82362,1555,1,0.0,Qwen3-8B,3,social-group,jewish
R_11Z4xZP2BXmjh55,82386,1556,2,1.0,Qwen3-8B,3,random,random
R_11Z4xZP2BXmjh55,82410,1557,1,0.0,Qwen3-8B,2,social-group,LGB
R_11Z4xZP2BXmjh55,82434,1558,0,0.0,Qwen3-8B,4,social-group,transgender
R_11Z4xZP2BXmjh55,82458,1559,1,0.0,Qwen3-8B,1,moral,loyalty
R_11Z4xZP2BXmjh55,82482,1560,4,1.0,Qwen3-8B,1,social-group,LGB
R_11Z4xZP2BXmjh55,82506,1561,1,0.0,Qwen3-8B,3,social-group,christian
R_11Z4xZP2BXmjh55,82530,1562,0,0.0,Qwen3-8B,3,social-group,LGB
R_11Z4xZP2BXmjh55,82554,1563,3,1.0,Qwen3-8B,4,social-group,christian
R_11Z4xZP2BXmjh55,82578,1564,0,0.0,Qwen3-8B,1,random,random
R_11Z4xZP2BXmjh55,82602,1565,-1,,Qwen3-8B,2,moral,loyalty
R_1DClFtvZSKHlmJR,26868,425,0,0.0,Qwen3-8B,1,random,random
R_1DClFtvZSKHlmJR,26921,426,1,0.0,Qwen3-8B,1,random,random
R_1DClFtvZSKHlmJR,26971,427,0,0.0,Qwen3-8B,1,random,random
R_1DClFtvZSKHlmJR,27023,428,1,0.0,Qwen3-8B,3,random,random
R_1DClFtvZSKHlmJR,27076,429,0,0.0,Qwen3-8B,1,random,random
R_1DClFtvZSKHlmJR,27129,430,1,0.0,Qwen3-8B,1,random,random
R_1DClFtvZSKHlmJR,27182,431,1,0.0,Qwen3-8B,3,random,random
R_1DClFtvZSKHlmJR,27233,432,0,0.0,Qwen3-8B,2,random,random
R_1DClFtvZSKHlmJR,27284,433,0,0.0,Qwen3-8B,2,random,random
R_1DClFtvZSKHlmJR,27336,434,0,0.0,Qwen3-8B,3,random,random
R_1DClFtvZSKHlmJR,27386,435,0,0.0,Qwen3-8B,1,random,random
R_1DClFtvZSKHlmJR,27437,436,0,0.0,Qwen3-8B,1,random,random
R_1DClFtvZSKHlmJR,27491,437,0,0.0,Qwen3-8B,3,random,random
R_1DClFtvZSKHlmJR,27540,438,1,0.0,Qwen3-8B,3,random,random
R_1DClFtvZSKHlmJR,27590,439,1,0.0,Qwen3-8B,2,random,random
R_1DClFtvZSKHlmJR,27642,440,0,0.0,Qwen3-8B,2,random,random
R_1DClFtvZSKHlmJR,27694,441,1,0.0,Qwen3-8B,3,random,random
R_1DClFtvZSKHlmJR,27745,442,1,0.0,Qwen3-8B,3,random,random
R_1DClFtvZSKHlmJR,27796,443,1,0.0,Qwen3-8B,3,random,random
R_1DClFtvZSKHlmJR,27847,444,1,0.0,Qwen3-8B,3,random,random
R_1DClFtvZSKHlmJR,27899,445,0,0.0,Qwen3-8B,3,random,random
R_1DClFtvZSKHlmJR,27950,446,0,0.0,Qwen3-8B,2,random,random
R_1DClFtvZSKHlmJR,28003,447,0,0.0,Qwen3-8B,1,random,random
R_1DClFtvZSKHlmJR,28055,448,1,0.0,Qwen3-8B,1,random,random
R_1DClFtvZSKHlmJR,28109,449,0,0.0,Qwen3-8B,1,random,random
R_1DClFtvZSKHlmJR,28163,450,0,0.0,Qwen3-8B,3,random,random
R_1DClFtvZSKHlmJR,28214,451,0,0.0,Qwen3-8B,1,random,random
R_1DClFtvZSKHlmJR,28266,452,0,0.0,Qwen3-8B,2,random,random
R_1DClFtvZSKHlmJR,28318,453,0,0.0,Qwen3-8B,3,random,random
R_1DClFtvZSKHlmJR,28367,454,0,0.0,Qwen3-8B,2,random,random
R_1DClFtvZSKHlmJR,28418,455,0,0.0,Qwen3-8B,3,random,random
R_1DClFtvZSKHlmJR,28471,456,0,0.0,Qwen3-8B,1,random,random
R_1DClFtvZSKHlmJR,28525,457,0,0.0,Qwen3-8B,3,random,random
R_1DClFtvZSKHlmJR,28578,458,0,0.0,Qwen3-8B,2,random,random
R_1DClFtvZSKHlmJR,28629,459,2,1.0,Qwen3-8B,1,random,random
R_1ruyFQY47tXuMzc,26877,425,0,0.0,Qwen3-8B,1,random,random
R_1ruyFQY47tXuMzc,26929,426,0,0.0,Qwen3-8B,1,random,random
R_1ruyFQY47tXuMzc,26980,427,0,0.0,Qwen3-8B,1,random,random
R_1ruyFQY47tXuMzc,27032,428,1,0.0,Qwen3-8B,3,random,random
R_1ruyFQY47tXuMzc,27085,429,0,0.0,Qwen3-8B,1,random,random
R_1ruyFQY47tXuMzc,27138,430,2,1.0,Qwen3-8B,1,random,random
R_1ruyFQY47tXuMzc,27191,431,1,0.0,Qwen3-8B,3,random,random
R_1ruyFQY47tXuMzc,27242,432,1,0.0,Qwen3-8B,2,random,random
R_1ruyFQY47tXuMzc,27293,433,1,0.0,Qwen3-8B,2,random,random
R_1ruyFQY47tXuMzc,27345,434,1,0.0,Qwen3-8B,3,random,random
R_1ruyFQY47tXuMzc,27395,435,1,0.0,Qwen3-8B,1,random,random
R_1ruyFQY47tXuMzc,27446,436,0,0.0,Qwen3-8B,1,random,random
R_1ruyFQY47tXuMzc,27500,437,1,0.0,Qwen3-8B,3,random,random
R_1ruyFQY47tXuMzc,27548,438,1,0.0,Qwen3-8B,3,random,random
R_1ruyFQY47tXuMzc,27599,439,2,1.0,Qwen3-8B,2,random,random
R_1ruyFQY47tXuMzc,27651,440,0,0.0,Qwen3-8B,2,random,random
R_1ruyFQY47tXuMzc,27703,441,1,0.0,Qwen3-8B,3,random,random
R_1ruyFQY47tXuMzc,27754,442,0,0.0,Qwen3-8B,3,random,random
R_1ruyFQY47tXuMzc,27805,443,1,0.0,Qwen3-8B,3,random,random
R_1ruyFQY47tXuMzc,27856,444,1,0.0,Qwen3-8B,3,random,random
R_1ruyFQY47tXuMzc,27908,445,0,0.0,Qwen3-8B,3,random,random
R_1ruyFQY47tXuMzc,27959,446,1,0.0,Qwen3-8B,2,random,random
R_1ruyFQY47tXuMzc,28012,447,2,1.0,Qwen3-8B,1,random,random
R_1ruyFQY47tXuMzc,28064,448,1,0.0,Qwen3-8B,1,random,random
R_1ruyFQY47tXuMzc,28118,449,1,0.0,Qwen3-8B,1,random,random
R_1ruyFQY47tXuMzc,28172,450,1,0.0,Qwen3-8B,3,random,random
R_1ruyFQY47tXuMzc,28223,451,2,1.0,Qwen3-8B,1,random,random
R_1ruyFQY47tXuMzc,28275,452,1,0.0,Qwen3-8B,2,random,random
R_1ruyFQY47tXuMzc,28327,453,1,0.0,Qwen3-8B,3,random,random
R_1ruyFQY47tXuMzc,28376,454,1,0.0,Qwen3-8B,2,random,random
R_1ruyFQY47tXuMzc,28427,455,1,0.0,Qwen3-8B,3,random,random
R_1ruyFQY47tXuMzc,28480,456,1,0.0,Qwen3-8B,1,random,random
R_1ruyFQY47tXuMzc,28534,457,1,0.0,Qwen3-8B,3,random,random
R_1ruyFQY47tXuMzc,28587,458,1,0.0,Qwen3-8B,2,random,random
R_1ruyFQY47tXuMzc,28638,459,0,0.0,Qwen3-8B,1,random,random
R_d6W7VTDtgnLNsB3,28680,460,3,1.0,Qwen3-8B,3,random,random
R_d6W7VTDtgnLNsB3,28743,461,0,0.0,Qwen3-8B,1,random,random
R_d6W7VTDtgnLNsB3,28803,462,1,0.0,Qwen3-8B,3,random,random
R_d6W7VTDtgnLNsB3,28869,463,0,0.0,Qwen3-8B,1,random,random
R_d6W7VTDtgnLNsB3,28931,464,0,0.0,Qwen3-8B,3,random,random
R_d6W7VTDtgnLNsB3,28994,465,0,0.0,Qwen3-8B,1,random,random
R_d6W7VTDtgnLNsB3,29058,466,2,1.0,Qwen3-8B,3,random,random
R_d6W7VTDtgnLNsB3,29120,467,0,0.0,Qwen3-8B,2,random,random
R_d6W7VTDtgnLNsB3,29184,468,1,0.0,Qwen3-8B,4,random,random
R_d6W7VTDtgnLNsB3,29249,469,0,0.0,Qwen3-8B,4,random,random
R_d6W7VTDtgnLNsB3,29313,470,0,0.0,Qwen3-8B,3,random,random
R_d6W7VTDtgnLNsB3,29377,471,0,0.0,Qwen3-8B,3,random,random
R_d6W7VTDtgnLNsB3,29442,472,0,0.0,Qwen3-8B,3,random,random
R_d6W7VTDtgnLNsB3,29507,473,0,0.0,Qwen3-8B,1,random,random
R_d6W7VTDtgnLNsB3,29571,474,0,0.0,Qwen3-8B,1,random,random
R_d6W7VTDtgnLNsB3,29634,475,0,0.0,Qwen3-8B,4,random,random
R_d6W7VTDtgnLNsB3,29699,476,0,0.0,Qwen3-8B,2,random,random
R_d6W7VTDtgnLNsB3,29764,477,0,0.0,Qwen3-8B,1,random,random
R_d6W7VTDtgnLNsB3,29828,478,1,0.0,Qwen3-8B,2,random,random
R_d6W7VTDtgnLNsB3,29892,479,0,0.0,Qwen3-8B,3,random,random
R_d6W7VTDtgnLNsB3,29958,480,1,0.0,Qwen3-8B,1,random,random
R_d6W7VTDtgnLNsB3,30022,481,0,0.0,Qwen3-8B,1,random,random
R_d6W7VTDtgnLNsB3,30113,482,0,0.0,Qwen3-8B,4,random,random
R_d6W7VTDtgnLNsB3,30113,482,0,0.0,Qwen3-8B,4,moral,care
R_d6W7VTDtgnLNsB3,30113,482,0,0.0,Qwen3-8B,4,random,random
R_d6W7VTDtgnLNsB3,30113,482,0,0.0,Qwen3-8B,4,moral,care
R_d6W7VTDtgnLNsB3,30258,483,0,0.0,Qwen3-8B,1,random,random
R_d6W7VTDtgnLNsB3,30322,484,0,0.0,Qwen3-8B,2,random,random
R_d6W7VTDtgnLNsB3,30384,485,1,0.0,Qwen3-8B,3,random,random
R_d6W7VTDtgnLNsB3,30449,486,1,0.0,Qwen3-8B,3,random,random
R_d6W7VTDtgnLNsB3,30512,487,1,0.0,Qwen3-8B,4,random,random
R_d6W7VTDtgnLNsB3,30577,488,0,0.0,Qwen3-8B,3,random,random
R_d6W7VTDtgnLNsB3,30641,489,0,0.0,Qwen3-8B,2,random,random
R_d6W7VTDtgnLNsB3,30703,490,0,0.0,Qwen3-8B,1,random,random
R_d6W7VTDtgnLNsB3,30766,491,0,0.0,Qwen3-8B,1,random,random
R_d6W7VTDtgnLNsB3,30827,492,0,0.0,Qwen3-8B,3,random,random
R_d6W7VTDtgnLNsB3,30892,493,0,0.0,Qwen3-8B,2,random,random
R_d6W7VTDtgnLNsB3,30956,494,4,1.0,Qwen3-8B,3,random,random
R_30czBJEqO3O1fmZ,28681,460,0,0.0,Qwen3-8B,3,random,random
R_30czBJEqO3O1fmZ,28744,461,0,0.0,Qwen3-8B,1,random,random
R_30czBJEqO3O1fmZ,28804,462,0,0.0,Qwen3-8B,3,random,random
R_30czBJEqO3O1fmZ,28870,463,1,0.0,Qwen3-8B,1,random,random
R_30czBJEqO3O1fmZ,28932,464,1,0.0,Qwen3-8B,3,random,random
R_30czBJEqO3O1fmZ,28995,465,0,0.0,Qwen3-8B,1,random,random
R_30czBJEqO3O1fmZ,29059,466,2,1.0,Qwen3-8B,3,random,random
R_30czBJEqO3O1fmZ,29121,467,1,0.0,Qwen3-8B,2,random,random
R_30czBJEqO3O1fmZ,29185,468,4,1.0,Qwen3-8B,4,random,random
R_30czBJEqO3O1fmZ,29250,469,3,1.0,Qwen3-8B,4,random,random
R_30czBJEqO3O1fmZ,29314,470,4,1.0,Qwen3-8B,3,random,random
R_30czBJEqO3O1fmZ,29378,471,3,1.0,Qwen3-8B,3,random,random
R_30czBJEqO3O1fmZ,29443,472,2,1.0,Qwen3-8B,3,random,random
R_30czBJEqO3O1fmZ,29508,473,2,1.0,Qwen3-8B,1,random,random
R_30czBJEqO3O1fmZ,29572,474,3,1.0,Qwen3-8B,1,random,random
R_30czBJEqO3O1fmZ,29635,475,1,0.0,Qwen3-8B,4,random,random
R_30czBJEqO3O1fmZ,29700,476,2,1.0,Qwen3-8B,2,random,random
R_30czBJEqO3O1fmZ,29765,477,1,0.0,Qwen3-8B,1,random,random
R_30czBJEqO3O1fmZ,29829,478,1,0.0,Qwen3-8B,2,random,random
R_30czBJEqO3O1fmZ,29893,479,0,0.0,Qwen3-8B,3,random,random
R_30czBJEqO3O1fmZ,29959,480,4,1.0,Qwen3-8B,1,random,random
R_30czBJEqO3O1fmZ,30023,481,0,0.0,Qwen3-8B,1,random,random
R_30czBJEqO3O1fmZ,30115,482,1,0.0,Qwen3-8B,4,random,random
R_30czBJEqO3O1fmZ,30115,482,1,0.0,Qwen3-8B,4,moral,care
R_30czBJEqO3O1fmZ,30115,482,1,0.0,Qwen3-8B,4,random,random
R_30czBJEqO3O1fmZ,30115,482,1,0.0,Qwen3-8B,4,moral,care
R_30czBJEqO3O1fmZ,30259,483,0,0.0,Qwen3-8B,1,random,random
R_30czBJEqO3O1fmZ,30323,484,0,0.0,Qwen3-8B,2,random,random
R_30czBJEqO3O1fmZ,30385,485,0,0.0,Qwen3-8B,3,random,random
R_30czBJEqO3O1fmZ,30450,486,4,1.0,Qwen3-8B,3,random,random
R_30czBJEqO3O1fmZ,30513,487,0,0.0,Qwen3-8B,4,random,random
R_30czBJEqO3O1fmZ,30578,488,0,0.0,Qwen3-8B,3,random,random
R_30czBJEqO3O1fmZ,30642,489,3,1.0,Qwen3-8B,2,random,random
R_30czBJEqO3O1fmZ,30704,490,0,0.0,Qwen3-8B,1,random,random
R_30czBJEqO3O1fmZ,30767,491,2,1.0,Qwen3-8B,1,random,random
R_30czBJEqO3O1fmZ,30828,492,2,1.0,Qwen3-8B,3,random,random
R_30czBJEqO3O1fmZ,30893,493,2,1.0,Qwen3-8B,2,random,random
R_30czBJEqO3O1fmZ,30957,494,0,0.0,Qwen3-8B,3,random,random
R_2bVHE8X947ysH8T,28719,460,1,0.0,Qwen3-8B,3,random,random
R_2bVHE8X947ysH8T,28783,461,0,0.0,Qwen3-8B,1,random,random
R_2bVHE8X947ysH8T,28844,462,0,0.0,Qwen3-8B,3,random,random
R_2bVHE8X947ysH8T,28907,463,0,0.0,Qwen3-8B,1,random,random
R_2bVHE8X947ysH8T,28971,464,0,0.0,Qwen3-8B,3,random,random
R_2bVHE8X947ysH8T,29034,465,0,0.0,Qwen3-8B,1,random,random
R_2bVHE8X947ysH8T,29099,466,3,1.0,Qwen3-8B,3,random,random
R_2bVHE8X947ysH8T,29160,467,2,1.0,Qwen3-8B,2,random,random
R_2bVHE8X947ysH8T,29225,468,3,1.0,Qwen3-8B,4,random,random
R_2bVHE8X947ysH8T,29288,469,1,0.0,Qwen3-8B,4,random,random
R_2bVHE8X947ysH8T,29354,470,0,0.0,Qwen3-8B,3,random,random
R_2bVHE8X947ysH8T,29418,471,3,1.0,Qwen3-8B,3,random,random
R_2bVHE8X947ysH8T,29483,472,1,0.0,Qwen3-8B,3,random,random
R_2bVHE8X947ysH8T,29547,473,0,0.0,Qwen3-8B,1,random,random
R_2bVHE8X947ysH8T,29611,474,0,0.0,Qwen3-8B,1,random,random
R_2bVHE8X947ysH8T,29674,475,2,1.0,Qwen3-8B,4,random,random
R_2bVHE8X947ysH8T,29740,476,0,0.0,Qwen3-8B,2,random,random
R_2bVHE8X947ysH8T,29804,477,0,0.0,Qwen3-8B,1,random,random
R_2bVHE8X947ysH8T,29869,478,0,0.0,Qwen3-8B,2,random,random
R_2bVHE8X947ysH8T,29934,479,0,0.0,Qwen3-8B,3,random,random
R_2bVHE8X947ysH8T,29998,480,0,0.0,Qwen3-8B,1,random,random
R_2bVHE8X947ysH8T,30062,481,1,0.0,Qwen3-8B,1,random,random
R_2bVHE8X947ysH8T,30221,482,2,1.0,Qwen3-8B,4,random,random
R_2bVHE8X947ysH8T,30221,482,2,1.0,Qwen3-8B,4,moral,care
R_2bVHE8X947ysH8T,30221,482,2,1.0,Qwen3-8B,4,random,random
R_2bVHE8X947ysH8T,30221,482,2,1.0,Qwen3-8B,4,moral,care
R_2bVHE8X947ysH8T,30298,483,0,0.0,Qwen3-8B,1,random,random
R_2bVHE8X947ysH8T,30362,484,0,0.0,Qwen3-8B,2,random,random
R_2bVHE8X947ysH8T,30425,485,2,1.0,Qwen3-8B,3,random,random
R_2bVHE8X947ysH8T,30489,486,1,0.0,Qwen3-8B,3,random,random
R_2bVHE8X947ysH8T,30554,487,0,0.0,Qwen3-8B,4,random,random
R_2bVHE8X947ysH8T,30617,488,1,0.0,Qwen3-8B,3,random,random
R_2bVHE8X947ysH8T,30679,489,1,0.0,Qwen3-8B,2,random,random
R_2bVHE8X947ysH8T,30743,490,2,1.0,Qwen3-8B,1,random,random
R_2bVHE8X947ysH8T,30807,491,1,0.0,Qwen3-8B,1,random,random
R_2bVHE8X947ysH8T,30868,492,1,0.0,Qwen3-8B,3,random,random
R_2bVHE8X947ysH8T,30932,493,1,0.0,Qwen3-8B,2,random,random
R_2bVHE8X947ysH8T,30996,494,1,0.0,Qwen3-8B,3,random,random
R_2flzj1KDx4IUznI,29237,469,2,1.0,Qwen3-8B,4,random,random
R_2flzj1KDx4IUznI,35306,564,1,0.0,Qwen3-8B,2,random,random
R_2flzj1KDx4IUznI,39025,627,3,1.0,Qwen3-8B,2,random,random
R_2flzj1KDx4IUznI,39565,636,3,1.0,Qwen3-8B,5,random,random
R_2flzj1KDx4IUznI,44170,711,0,0.0,Qwen3-8B,1,random,random
R_2flzj1KDx4IUznI,44170,711,0,0.0,Qwen3-8B,1,moral,fairness
R_2flzj1KDx4IUznI,44170,711,0,0.0,Qwen3-8B,1,random,random
R_2flzj1KDx4IUznI,44170,711,0,0.0,Qwen3-8B,1,moral,fairness
R_2flzj1KDx4IUznI,45013,723,1,0.0,Qwen3-8B,2,random,random
R_2flzj1KDx4IUznI,45013,723,1,0.0,Qwen3-8B,2,moral,fairness
R_2flzj1KDx4IUznI,45013,723,1,0.0,Qwen3-8B,2,random,random
R_2flzj1KDx4IUznI,45013,723,1,0.0,Qwen3-8B,2,moral,fairness
R_2flzj1KDx4IUznI,49668,789,0,0.0,Qwen3-8B,2,random,random
R_2flzj1KDx4IUznI,55098,870,0,0.0,Qwen3-8B,3,random,random
R_2flzj1KDx4IUznI,55506,877,0,0.0,Qwen3-8B,1,random,random
R_2flzj1KDx4IUznI,55563,878,2,1.0,Qwen3-8B,4,random,random
R_2flzj1KDx4IUznI,66612,1054,2,1.0,Qwen3-8B,3,random,random
R_2flzj1KDx4IUznI,140168,3993,0,0.0,Qwen3-8B,1,moral,loyalty
R_2flzj1KDx4IUznI,140168,3993,0,0.0,Qwen3-8B,1,moral,purity
R_2flzj1KDx4IUznI,140168,3993,0,0.0,Qwen3-8B,1,moral,loyalty
R_2flzj1KDx4IUznI,140168,3993,0,0.0,Qwen3-8B,1,moral,purity
R_2flzj1KDx4IUznI,146691,4272,2,1.0,Qwen3-8B,4,random,random
R_2flzj1KDx4IUznI,146713,4273,3,1.0,Qwen3-8B,4,social-group,LGB
R_2flzj1KDx4IUznI,146735,4274,4,1.0,Qwen3-8B,5,social-group,transgender
R_2flzj1KDx4IUznI,146757,4275,2,1.0,Qwen3-8B,4,moral,loyalty
R_2flzj1KDx4IUznI,146779,4276,4,1.0,Qwen3-8B,3,social-group,LGB
R_2flzj1KDx4IUznI,146801,4277,0,0.0,Qwen3-8B,3,social-group,LGB
R_2flzj1KDx4IUznI,146823,4278,1,0.0,Qwen3-8B,3,moral,authority
R_2flzj1KDx4IUznI,146845,4279,0,0.0,Qwen3-8B,1,moral,care
R_2flzj1KDx4IUznI,146867,4280,2,1.0,Qwen3-8B,2,random,random
R_2flzj1KDx4IUznI,146889,4281,1,0.0,Qwen3-8B,1,random,random
R_2flzj1KDx4IUznI,146911,4282,2,1.0,Qwen3-8B,3,social-group,LGB
R_2flzj1KDx4IUznI,146933,4283,0,0.0,Qwen3-8B,3,social-group,christian
R_2flzj1KDx4IUznI,146955,4284,1,0.0,Qwen3-8B,4,social-group,jewish
R_2flzj1KDx4IUznI,146977,4285,2,1.0,Qwen3-8B,1,moral,authority
R_2flzj1KDx4IUznI,146999,4286,3,1.0,Qwen3-8B,3,moral,authority
R_2flzj1KDx4IUznI,147021,4287,3,1.0,Qwen3-8B,4,moral,fairness
R_2flzj1KDx4IUznI,147043,4288,4,1.0,Qwen3-8B,4,social-group,transgender
R_2flzj1KDx4IUznI,147065,4289,1,0.0,Qwen3-8B,3,social-group,LGB
R_2flzj1KDx4IUznI,147087,4290,4,1.0,Qwen3-8B,5,social-group,christian
R_2flzj1KDx4IUznI,147109,4291,3,1.0,Qwen3-8B,4,social-group,jewish
R_2flzj1KDx4IUznI,147131,4292,0,0.0,Qwen3-8B,1,social-group,transgender
R_2flzj1KDx4IUznI,147153,4293,4,1.0,Qwen3-8B,5,social-group,LGB
R_2flzj1KDx4IUznI,147175,4294,0,0.0,Qwen3-8B,4,social-group,muslim
R_1pyhvn9utQ1zW8a,29272,469,0,0.0,Qwen3-8B,4,random,random
R_1pyhvn9utQ1zW8a,35339,564,0,0.0,Qwen3-8B,2,random,random
R_1pyhvn9utQ1zW8a,39056,627,0,0.0,Qwen3-8B,2,random,random
R_1pyhvn9utQ1zW8a,39595,636,0,0.0,Qwen3-8B,5,random,random
R_1pyhvn9utQ1zW8a,44260,711,1,0.0,Qwen3-8B,1,random,random
R_1pyhvn9utQ1zW8a,44260,711,1,0.0,Qwen3-8B,1,moral,fairness
R_1pyhvn9utQ1zW8a,44260,711,1,0.0,Qwen3-8B,1,random,random
R_1pyhvn9utQ1zW8a,44260,711,1,0.0,Qwen3-8B,1,moral,fairness
R_1pyhvn9utQ1zW8a,45105,723,0,0.0,Qwen3-8B,2,random,random
R_1pyhvn9utQ1zW8a,45105,723,0,0.0,Qwen3-8B,2,moral,fairness
R_1pyhvn9utQ1zW8a,45105,723,0,0.0,Qwen3-8B,2,random,random
R_1pyhvn9utQ1zW8a,45105,723,0,0.0,Qwen3-8B,2,moral,fairness
R_1pyhvn9utQ1zW8a,49699,789,0,0.0,Qwen3-8B,2,random,random
R_1pyhvn9utQ1zW8a,55134,870,0,0.0,Qwen3-8B,3,random,random
R_1pyhvn9utQ1zW8a,55542,877,2,1.0,Qwen3-8B,1,random,random
R_1pyhvn9utQ1zW8a,55599,878,1,0.0,Qwen3-8B,4,random,random
R_1pyhvn9utQ1zW8a,66655,1054,0,0.0,Qwen3-8B,3,random,random
R_1pyhvn9utQ1zW8a,140212,3993,0,0.0,Qwen3-8B,1,moral,loyalty
R_1pyhvn9utQ1zW8a,140212,3993,0,0.0,Qwen3-8B,1,moral,purity
R_1pyhvn9utQ1zW8a,140212,3993,0,0.0,Qwen3-8B,1,moral,loyalty
R_1pyhvn9utQ1zW8a,140212,3993,0,0.0,Qwen3-8B,1,moral,purity
R_1pyhvn9utQ1zW8a,146703,4272,0,0.0,Qwen3-8B,4,random,random
R_1pyhvn9utQ1zW8a,146725,4273,0,0.0,Qwen3-8B,4,social-group,LGB
R_1pyhvn9utQ1zW8a,146747,4274,3,1.0,Qwen3-8B,5,social-group,transgender
R_1pyhvn9utQ1zW8a,146769,4275,1,0.0,Qwen3-8B,4,moral,loyalty
R_1pyhvn9utQ1zW8a,146791,4276,0,0.0,Qwen3-8B,3,social-group,LGB
R_1pyhvn9utQ1zW8a,146813,4277,4,1.0,Qwen3-8B,3,social-group,LGB
R_1pyhvn9utQ1zW8a,146835,4278,0,0.0,Qwen3-8B,3,moral,authority
R_1pyhvn9utQ1zW8a,146857,4279,0,0.0,Qwen3-8B,1,moral,care
R_1pyhvn9utQ1zW8a,146879,4280,2,1.0,Qwen3-8B,2,random,random
R_1pyhvn9utQ1zW8a,146901,4281,0,0.0,Qwen3-8B,1,random,random
R_1pyhvn9utQ1zW8a,146923,4282,2,1.0,Qwen3-8B,3,social-group,LGB
R_1pyhvn9utQ1zW8a,146945,4283,0,0.0,Qwen3-8B,3,social-group,christian
R_1pyhvn9utQ1zW8a,146967,4284,2,1.0,Qwen3-8B,4,social-group,jewish
R_1pyhvn9utQ1zW8a,146989,4285,0,0.0,Qwen3-8B,1,moral,authority
R_1pyhvn9utQ1zW8a,147011,4286,0,0.0,Qwen3-8B,3,moral,authority
R_1pyhvn9utQ1zW8a,147033,4287,0,0.0,Qwen3-8B,4,moral,fairness
R_1pyhvn9utQ1zW8a,147055,4288,0,0.0,Qwen3-8B,4,social-group,transgender
R_1pyhvn9utQ1zW8a,147077,4289,0,0.0,Qwen3-8B,3,social-group,LGB
R_1pyhvn9utQ1zW8a,147099,4290,0,0.0,Qwen3-8B,5,social-group,christian
R_1pyhvn9utQ1zW8a,147121,4291,1,0.0,Qwen3-8B,4,social-group,jewish
R_1pyhvn9utQ1zW8a,147143,4292,0,0.0,Qwen3-8B,1,social-group,transgender
R_1pyhvn9utQ1zW8a,147165,4293,4,1.0,Qwen3-8B,5,social-group,LGB
R_1pyhvn9utQ1zW8a,147187,4294,1,0.0,Qwen3-8B,4,social-group,muslim
R_1IYrISkbiKZxVRv,30273,483,0,0.0,Qwen3-8B,1,random,random
R_1IYrISkbiKZxVRv,30971,494,0,0.0,Qwen3-8B,3,random,random
R_1IYrISkbiKZxVRv,37327,598,0,0.0,Qwen3-8B,2,random,random
R_1IYrISkbiKZxVRv,38277,614,0,0.0,Qwen3-8B,5,random,random
R_1IYrISkbiKZxVRv,61698,976,0,0.0,Qwen3-8B,3,random,random
R_1IYrISkbiKZxVRv,65350,1034,0,0.0,Qwen3-8B,2,random,random
R_1IYrISkbiKZxVRv,66579,1053,0,0.0,Qwen3-8B,3,random,random
R_1IYrISkbiKZxVRv,82127,1547,0,0.0,Qwen3-8B,1,moral,authority
R_1IYrISkbiKZxVRv,141484,4045,0,0.0,Qwen3-8B,1,moral,care
R_1IYrISkbiKZxVRv,141484,4045,0,0.0,Qwen3-8B,1,moral,purity
R_1IYrISkbiKZxVRv,141484,4045,0,0.0,Qwen3-8B,1,moral,care
R_1IYrISkbiKZxVRv,141484,4045,0,0.0,Qwen3-8B,1,moral,purity
R_1IYrISkbiKZxVRv,149117,4378,0,0.0,Qwen3-8B,2,social-group,jewish
R_1IYrISkbiKZxVRv,149140,4379,0,0.0,Qwen3-8B,3,social-group,LGB
R_1IYrISkbiKZxVRv,149163,4380,0,0.0,Qwen3-8B,5,social-group,jewish
R_1IYrISkbiKZxVRv,149186,4381,0,0.0,Qwen3-8B,5,social-group,jewish
R_1IYrISkbiKZxVRv,149209,4382,0,0.0,Qwen3-8B,5,social-group,jewish
R_1IYrISkbiKZxVRv,149232,4383,0,0.0,Qwen3-8B,3,social-group,LGB
R_1IYrISkbiKZxVRv,149255,4384,0,0.0,Qwen3-8B,5,social-group,jewish
R_1IYrISkbiKZxVRv,149278,4385,0,0.0,Qwen3-8B,3,social-group,muslim
R_1IYrISkbiKZxVRv,149301,4386,0,0.0,Qwen3-8B,4,social-group,jewish
R_1IYrISkbiKZxVRv,149324,4387,0,0.0,Qwen3-8B,2,social-group,LGB
R_1IYrISkbiKZxVRv,149347,4388,0,0.0,Qwen3-8B,2,random,random
R_1IYrISkbiKZxVRv,149370,4389,0,0.0,Qwen3-8B,3,random,random
R_1IYrISkbiKZxVRv,149393,4390,0,0.0,Qwen3-8B,1,social-group,christian
R_1IYrISkbiKZxVRv,149416,4391,0,0.0,Qwen3-8B,3,social-group,christian
R_1IYrISkbiKZxVRv,149439,4392,0,0.0,Qwen3-8B,1,social-group,LGB
R_1IYrISkbiKZxVRv,149462,4393,0,0.0,Qwen3-8B,5,social-group,jewish
R_1IYrISkbiKZxVRv,149485,4394,0,0.0,Qwen3-8B,2,random,random
R_1IYrISkbiKZxVRv,149508,4395,1,0.0,Qwen3-8B,5,social-group,transgender
R_1IYrISkbiKZxVRv,149531,4396,0,0.0,Qwen3-8B,1,random,random
R_1IYrISkbiKZxVRv,149554,4397,0,0.0,Qwen3-8B,2,random,random
R_1IYrISkbiKZxVRv,149577,4398,0,0.0,Qwen3-8B,1,moral,purity
R_1IYrISkbiKZxVRv,149600,4399,0,0.0,Qwen3-8B,5,moral,loyalty
R_1IYrISkbiKZxVRv,149623,4400,0,0.0,Qwen3-8B,2,social-group,muslim
R_1IYrISkbiKZxVRv,149646,4401,0,0.0,Qwen3-8B,3,random,random
R_1IYrISkbiKZxVRv,149669,4402,0,0.0,Qwen3-8B,5,social-group,jewish
R_1IYrISkbiKZxVRv,149692,4403,0,0.0,Qwen3-8B,3,random,random
R_3noWBmO4eqfEOcM,30281,483,0,0.0,Qwen3-8B,1,random,random
R_3noWBmO4eqfEOcM,30979,494,4,1.0,Qwen3-8B,3,random,random
R_3noWBmO4eqfEOcM,37335,598,1,0.0,Qwen3-8B,2,random,random
R_3noWBmO4eqfEOcM,38283,614,1,0.0,Qwen3-8B,5,random,random
R_3noWBmO4eqfEOcM,61704,976,0,0.0,Qwen3-8B,3,random,random
R_3noWBmO4eqfEOcM,65360,1034,0,0.0,Qwen3-8B,2,random,random
R_3noWBmO4eqfEOcM,66589,1053,0,0.0,Qwen3-8B,3,random,random
R_3noWBmO4eqfEOcM,82138,1547,0,0.0,Qwen3-8B,1,moral,authority
R_3noWBmO4eqfEOcM,141500,4045,0,0.0,Qwen3-8B,1,moral,care
R_3noWBmO4eqfEOcM,141500,4045,0,0.0,Qwen3-8B,1,moral,purity
R_3noWBmO4eqfEOcM,141500,4045,0,0.0,Qwen3-8B,1,moral,care
R_3noWBmO4eqfEOcM,141500,4045,0,0.0,Qwen3-8B,1,moral,purity
R_3noWBmO4eqfEOcM,149120,4378,2,1.0,Qwen3-8B,2,social-group,jewish
R_3noWBmO4eqfEOcM,149143,4379,2,1.0,Qwen3-8B,3,social-group,LGB
R_3noWBmO4eqfEOcM,149166,4380,-1,,Qwen3-8B,5,social-group,jewish
R_3noWBmO4eqfEOcM,149189,4381,1,0.0,Qwen3-8B,5,social-group,jewish
R_3noWBmO4eqfEOcM,149212,4382,4,1.0,Qwen3-8B,5,social-group,jewish
R_3noWBmO4eqfEOcM,149235,4383,0,0.0,Qwen3-8B,3,social-group,LGB
R_3noWBmO4eqfEOcM,149258,4384,3,1.0,Qwen3-8B,5,social-group,jewish
R_3noWBmO4eqfEOcM,149281,4385,0,0.0,Qwen3-8B,3,social-group,muslim
R_3noWBmO4eqfEOcM,149304,4386,0,0.0,Qwen3-8B,4,social-group,jewish
R_3noWBmO4eqfEOcM,149327,4387,4,1.0,Qwen3-8B,2,social-group,LGB
R_3noWBmO4eqfEOcM,149350,4388,0,0.0,Qwen3-8B,2,random,random
R_3noWBmO4eqfEOcM,149373,4389,-1,,Qwen3-8B,3,random,random
R_3noWBmO4eqfEOcM,149396,4390,0,0.0,Qwen3-8B,1,social-group,christian
R_3noWBmO4eqfEOcM,149419,4391,4,1.0,Qwen3-8B,3,social-group,christian
R_3noWBmO4eqfEOcM,149442,4392,0,0.0,Qwen3-8B,1,social-group,LGB
R_3noWBmO4eqfEOcM,149465,4393,0,0.0,Qwen3-8B,5,social-group,jewish
R_3noWBmO4eqfEOcM,149488,4394,0,0.0,Qwen3-8B,2,random,random
R_3noWBmO4eqfEOcM,149511,4395,4,1.0,Qwen3-8B,5,social-group,transgender
R_3noWBmO4eqfEOcM,149534,4396,0,0.0,Qwen3-8B,1,random,random
R_3noWBmO4eqfEOcM,149557,4397,0,0.0,Qwen3-8B,2,random,random
R_3noWBmO4eqfEOcM,149580,4398,1,0.0,Qwen3-8B,1,moral,purity
R_3noWBmO4eqfEOcM,149603,4399,2,1.0,Qwen3-8B,5,moral,loyalty
R_3noWBmO4eqfEOcM,149626,4400,0,0.0,Qwen3-8B,2,social-group,muslim
R_3noWBmO4eqfEOcM,149649,4401,0,0.0,Qwen3-8B,3,random,random
R_3noWBmO4eqfEOcM,149672,4402,1,0.0,Qwen3-8B,5,social-group,jewish
R_3noWBmO4eqfEOcM,149695,4403,-1,,Qwen3-8B,3,random,random
R_puY4gP6DDwwhLBn,30306,483,2,1.0,Qwen3-8B,1,random,random
R_puY4gP6DDwwhLBn,31004,494,1,0.0,Qwen3-8B,3,random,random
R_puY4gP6DDwwhLBn,37361,598,0,0.0,Qwen3-8B,2,random,random
R_puY4gP6DDwwhLBn,38307,614,1,0.0,Qwen3-8B,5,random,random
R_puY4gP6DDwwhLBn,61726,976,0,0.0,Qwen3-8B,3,random,random
R_puY4gP6DDwwhLBn,65377,1034,0,0.0,Qwen3-8B,2,random,random
R_puY4gP6DDwwhLBn,66606,1053,0,0.0,Qwen3-8B,3,random,random
R_puY4gP6DDwwhLBn,82169,1547,0,0.0,Qwen3-8B,1,moral,authority
R_puY4gP6DDwwhLBn,141532,4045,0,0.0,Qwen3-8B,1,moral,care
R_puY4gP6DDwwhLBn,141532,4045,0,0.0,Qwen3-8B,1,moral,purity
R_puY4gP6DDwwhLBn,141532,4045,0,0.0,Qwen3-8B,1,moral,care
R_puY4gP6DDwwhLBn,141532,4045,0,0.0,Qwen3-8B,1,moral,purity
R_puY4gP6DDwwhLBn,149130,4378,0,0.0,Qwen3-8B,2,social-group,jewish
R_puY4gP6DDwwhLBn,149153,4379,3,1.0,Qwen3-8B,3,social-group,LGB
R_puY4gP6DDwwhLBn,149176,4380,4,1.0,Qwen3-8B,5,social-group,jewish
R_puY4gP6DDwwhLBn,149199,4381,1,0.0,Qwen3-8B,5,social-group,jewish
R_puY4gP6DDwwhLBn,149222,4382,2,1.0,Qwen3-8B,5,social-group,jewish
R_puY4gP6DDwwhLBn,149245,4383,3,1.0,Qwen3-8B,3,social-group,LGB
R_puY4gP6DDwwhLBn,149268,4384,4,1.0,Qwen3-8B,5,social-group,jewish
R_puY4gP6DDwwhLBn,149291,4385,4,1.0,Qwen3-8B,3,social-group,muslim
R_puY4gP6DDwwhLBn,149314,4386,4,1.0,Qwen3-8B,4,social-group,jewish
R_puY4gP6DDwwhLBn,149337,4387,0,0.0,Qwen3-8B,2,social-group,LGB
R_puY4gP6DDwwhLBn,149360,4388,0,0.0,Qwen3-8B,2,random,random
R_puY4gP6DDwwhLBn,149383,4389,0,0.0,Qwen3-8B,3,random,random
R_puY4gP6DDwwhLBn,149406,4390,-1,,Qwen3-8B,1,social-group,christian
R_puY4gP6DDwwhLBn,149429,4391,0,0.0,Qwen3-8B,3,social-group,christian
R_puY4gP6DDwwhLBn,149452,4392,0,0.0,Qwen3-8B,1,social-group,LGB
R_puY4gP6DDwwhLBn,149475,4393,0,0.0,Qwen3-8B,5,social-group,jewish
R_puY4gP6DDwwhLBn,149498,4394,3,1.0,Qwen3-8B,2,random,random
R_puY4gP6DDwwhLBn,149521,4395,2,1.0,Qwen3-8B,5,social-group,transgender
R_puY4gP6DDwwhLBn,149544,4396,0,0.0,Qwen3-8B,1,random,random
R_puY4gP6DDwwhLBn,149567,4397,0,0.0,Qwen3-8B,2,random,random
R_puY4gP6DDwwhLBn,149590,4398,0,0.0,Qwen3-8B,1,moral,purity
R_puY4gP6DDwwhLBn,149613,4399,0,0.0,Qwen3-8B,5,moral,loyalty
R_puY4gP6DDwwhLBn,149636,4400,0,0.0,Qwen3-8B,2,social-group,muslim
R_puY4gP6DDwwhLBn,149659,4401,0,0.0,Qwen3-8B,3,random,random
R_puY4gP6DDwwhLBn,149682,4402,0,0.0,Qwen3-8B,5,social-group,jewish
R_puY4gP6DDwwhLBn,149705,4403,0,0.0,Qwen3-8B,3,random,random
R_2xQPt2FDxSu6vE8,31023,495,0,0.0,Qwen3-8B,2,random,random
R_2xQPt2FDxSu6vE8,31086,496,1,0.0,Qwen3-8B,1,random,random
R_2xQPt2FDxSu6vE8,31146,497,0,0.0,Qwen3-8B,1,random,random
R_2xQPt2FDxSu6vE8,31208,498,1,0.0,Qwen3-8B,3,random,random
R_2xQPt2FDxSu6vE8,31270,499,0,0.0,Qwen3-8B,5,random,random
R_2xQPt2FDxSu6vE8,31334,500,3,1.0,Qwen3-8B,4,random,random
R_2xQPt2FDxSu6vE8,31396,501,1,0.0,Qwen3-8B,1,random,random
R_2xQPt2FDxSu6vE8,31458,502,2,1.0,Qwen3-8B,3,random,random
R_2xQPt2FDxSu6vE8,31520,503,3,1.0,Qwen3-8B,1,random,random
R_2xQPt2FDxSu6vE8,31603,504,1,0.0,Qwen3-8B,1,random,random
R_2xQPt2FDxSu6vE8,31603,504,1,0.0,Qwen3-8B,1,moral,purity
R_2xQPt2FDxSu6vE8,31603,504,1,0.0,Qwen3-8B,1,random,random
R_2xQPt2FDxSu6vE8,31603,504,1,0.0,Qwen3-8B,1,moral,purity
R_2xQPt2FDxSu6vE8,31748,505,0,0.0,Qwen3-8B,1,random,random
R_2xQPt2FDxSu6vE8,31810,506,1,0.0,Qwen3-8B,2,random,random
R_2xQPt2FDxSu6vE8,31872,507,1,0.0,Qwen3-8B,2,random,random
R_2xQPt2FDxSu6vE8,31935,508,3,1.0,Qwen3-8B,3,random,random
R_2xQPt2FDxSu6vE8,31998,509,2,1.0,Qwen3-8B,1,random,random
R_2xQPt2FDxSu6vE8,32059,510,2,1.0,Qwen3-8B,3,random,random
R_2xQPt2FDxSu6vE8,32124,511,3,1.0,Qwen3-8B,2,random,random
R_2xQPt2FDxSu6vE8,32186,512,2,1.0,Qwen3-8B,2,random,random
R_2xQPt2FDxSu6vE8,32247,513,1,0.0,Qwen3-8B,2,random,random
R_2xQPt2FDxSu6vE8,32308,514,2,1.0,Qwen3-8B,2,random,random
R_2xQPt2FDxSu6vE8,32372,515,2,1.0,Qwen3-8B,2,random,random
R_2xQPt2FDxSu6vE8,32432,516,2,1.0,Qwen3-8B,4,random,random
R_2xQPt2FDxSu6vE8,32493,517,3,1.0,Qwen3-8B,2,random,random
R_2xQPt2FDxSu6vE8,32557,518,2,1.0,Qwen3-8B,3,random,random
R_2xQPt2FDxSu6vE8,32619,519,3,1.0,Qwen3-8B,3,random,random
R_2xQPt2FDxSu6vE8,32682,520,3,1.0,Qwen3-8B,2,random,random
R_2xQPt2FDxSu6vE8,32744,521,2,1.0,Qwen3-8B,2,random,random
R_2xQPt2FDxSu6vE8,32806,522,2,1.0,Qwen3-8B,4,random,random
R_2xQPt2FDxSu6vE8,32866,523,2,1.0,Qwen3-8B,2,random,random
R_2xQPt2FDxSu6vE8,32927,524,3,1.0,Qwen3-8B,4,random,random
R_2xQPt2FDxSu6vE8,32988,525,1,0.0,Qwen3-8B,3,random,random
R_2xQPt2FDxSu6vE8,33049,526,2,1.0,Qwen3-8B,3,random,random
R_2xQPt2FDxSu6vE8,33112,527,0,0.0,Qwen3-8B,1,random,random
R_2xQPt2FDxSu6vE8,33175,528,2,1.0,Qwen3-8B,3,random,random
R_2xQPt2FDxSu6vE8,33234,529,2,1.0,Qwen3-8B,3,random,random
R_3Lkh4oxYOLU95YK,31029,495,-1,,Qwen3-8B,2,random,random
R_3Lkh4oxYOLU95YK,31092,496,-1,,Qwen3-8B,1,random,random
R_3Lkh4oxYOLU95YK,31152,497,0,0.0,Qwen3-8B,1,random,random
R_3Lkh4oxYOLU95YK,31214,498,1,0.0,Qwen3-8B,3,random,random
R_3Lkh4oxYOLU95YK,31276,499,4,1.0,Qwen3-8B,5,random,random
R_3Lkh4oxYOLU95YK,31340,500,-1,,Qwen3-8B,4,random,random
R_3Lkh4oxYOLU95YK,31402,501,-1,,Qwen3-8B,1,random,random
R_3Lkh4oxYOLU95YK,31464,502,-1,,Qwen3-8B,3,random,random
R_3Lkh4oxYOLU95YK,31526,503,-1,,Qwen3-8B,1,random,random
R_3Lkh4oxYOLU95YK,31621,504,-1,,Qwen3-8B,1,random,random
R_3Lkh4oxYOLU95YK,31621,504,-1,,Qwen3-8B,1,moral,purity
R_3Lkh4oxYOLU95YK,31621,504,-1,,Qwen3-8B,1,random,random
R_3Lkh4oxYOLU95YK,31621,504,-1,,Qwen3-8B,1,moral,purity
R_3Lkh4oxYOLU95YK,31754,505,-1,,Qwen3-8B,1,random,random
R_3Lkh4oxYOLU95YK,31817,506,-1,,Qwen3-8B,2,random,random
R_3Lkh4oxYOLU95YK,31878,507,-1,,Qwen3-8B,2,random,random
R_3Lkh4oxYOLU95YK,31941,508,-1,,Qwen3-8B,3,random,random
R_3Lkh4oxYOLU95YK,32004,509,0,0.0,Qwen3-8B,1,random,random
R_3Lkh4oxYOLU95YK,32065,510,-1,,Qwen3-8B,3,random,random
R_3Lkh4oxYOLU95YK,32129,511,-1,,Qwen3-8B,2,random,random
R_3Lkh4oxYOLU95YK,32192,512,-1,,Qwen3-8B,2,random,random
R_3Lkh4oxYOLU95YK,32253,513,0,0.0,Qwen3-8B,2,random,random
R_3Lkh4oxYOLU95YK,32314,514,-1,,Qwen3-8B,2,random,random
R_3Lkh4oxYOLU95YK,32379,515,-1,,Qwen3-8B,2,random,random
R_3Lkh4oxYOLU95YK,32438,516,-1,,Qwen3-8B,4,random,random
R_3Lkh4oxYOLU95YK,32499,517,0,0.0,Qwen3-8B,2,random,random
R_3Lkh4oxYOLU95YK,32564,518,-1,,Qwen3-8B,3,random,random
R_3Lkh4oxYOLU95YK,32625,519,-1,,Qwen3-8B,3,random,random
R_3Lkh4oxYOLU95YK,32688,520,-1,,Qwen3-8B,2,random,random
R_3Lkh4oxYOLU95YK,32750,521,0,0.0,Qwen3-8B,2,random,random
R_3Lkh4oxYOLU95YK,32812,522,-1,,Qwen3-8B,4,random,random
R_3Lkh4oxYOLU95YK,32872,523,-1,,Qwen3-8B,2,random,random
R_3Lkh4oxYOLU95YK,32933,524,-1,,Qwen3-8B,4,random,random
R_3Lkh4oxYOLU95YK,32993,525,-1,,Qwen3-8B,3,random,random
R_3Lkh4oxYOLU95YK,33055,526,-1,,Qwen3-8B,3,random,random
R_3Lkh4oxYOLU95YK,33118,527,0,0.0,Qwen3-8B,1,random,random
R_3Lkh4oxYOLU95YK,33181,528,-1,,Qwen3-8B,3,random,random
R_3Lkh4oxYOLU95YK,33239,529,4,1.0,Qwen3-8B,3,random,random
R_erH57eKfbbFH4KB,31036,495,0,0.0,Qwen3-8B,2,random,random
R_erH57eKfbbFH4KB,31099,496,0,0.0,Qwen3-8B,1,random,random
R_erH57eKfbbFH4KB,31159,497,0,0.0,Qwen3-8B,1,random,random
R_erH57eKfbbFH4KB,31221,498,0,0.0,Qwen3-8B,3,random,random
R_erH57eKfbbFH4KB,31283,499,1,0.0,Qwen3-8B,5,random,random
R_erH57eKfbbFH4KB,31347,500,2,1.0,Qwen3-8B,4,random,random
R_erH57eKfbbFH4KB,31409,501,0,0.0,Qwen3-8B,1,random,random
R_erH57eKfbbFH4KB,31471,502,0,0.0,Qwen3-8B,3,random,random
R_erH57eKfbbFH4KB,31533,503,0,0.0,Qwen3-8B,1,random,random
R_erH57eKfbbFH4KB,31641,504,0,0.0,Qwen3-8B,1,random,random
R_erH57eKfbbFH4KB,31641,504,0,0.0,Qwen3-8B,1,moral,purity
R_erH57eKfbbFH4KB,31641,504,0,0.0,Qwen3-8B,1,random,random
R_erH57eKfbbFH4KB,31641,504,0,0.0,Qwen3-8B,1,moral,purity
R_erH57eKfbbFH4KB,31761,505,0,0.0,Qwen3-8B,1,random,random
R_erH57eKfbbFH4KB,31824,506,0,0.0,Qwen3-8B,2,random,random
R_erH57eKfbbFH4KB,31885,507,0,0.0,Qwen3-8B,2,random,random
R_erH57eKfbbFH4KB,31948,508,0,0.0,Qwen3-8B,3,random,random
R_erH57eKfbbFH4KB,32011,509,0,0.0,Qwen3-8B,1,random,random
R_erH57eKfbbFH4KB,32072,510,0,0.0,Qwen3-8B,3,random,random
R_erH57eKfbbFH4KB,32136,511,0,0.0,Qwen3-8B,2,random,random
R_erH57eKfbbFH4KB,32199,512,0,0.0,Qwen3-8B,2,random,random
R_erH57eKfbbFH4KB,32260,513,0,0.0,Qwen3-8B,2,random,random
R_erH57eKfbbFH4KB,32321,514,0,0.0,Qwen3-8B,2,random,random
R_erH57eKfbbFH4KB,32386,515,0,0.0,Qwen3-8B,2,random,random
R_erH57eKfbbFH4KB,32445,516,1,0.0,Qwen3-8B,4,random,random
R_erH57eKfbbFH4KB,32506,517,0,0.0,Qwen3-8B,2,random,random
R_erH57eKfbbFH4KB,32571,518,0,0.0,Qwen3-8B,3,random,random
R_erH57eKfbbFH4KB,32632,519,0,0.0,Qwen3-8B,3,random,random
R_erH57eKfbbFH4KB,32695,520,0,0.0,Qwen3-8B,2,random,random
R_erH57eKfbbFH4KB,32757,521,0,0.0,Qwen3-8B,2,random,random
R_erH57eKfbbFH4KB,32819,522,0,0.0,Qwen3-8B,4,random,random
R_erH57eKfbbFH4KB,32879,523,1,0.0,Qwen3-8B,2,random,random
R_erH57eKfbbFH4KB,32940,524,0,0.0,Qwen3-8B,4,random,random
R_erH57eKfbbFH4KB,33000,525,0,0.0,Qwen3-8B,3,random,random
R_erH57eKfbbFH4KB,33062,526,2,1.0,Qwen3-8B,3,random,random
R_erH57eKfbbFH4KB,33125,527,0,0.0,Qwen3-8B,1,random,random
R_erH57eKfbbFH4KB,33188,528,0,0.0,Qwen3-8B,3,random,random
R_erH57eKfbbFH4KB,33245,529,1,0.0,Qwen3-8B,3,random,random
R_2bZBwDqHO9ZjFCu,31038,495,0,0.0,Qwen3-8B,2,random,random
R_2bZBwDqHO9ZjFCu,31101,496,-1,,Qwen3-8B,1,random,random
R_2bZBwDqHO9ZjFCu,31161,497,0,0.0,Qwen3-8B,1,random,random
R_2bZBwDqHO9ZjFCu,31223,498,2,1.0,Qwen3-8B,3,random,random
R_2bZBwDqHO9ZjFCu,31285,499,4,1.0,Qwen3-8B,5,random,random
R_2bZBwDqHO9ZjFCu,31349,500,4,1.0,Qwen3-8B,4,random,random
R_2bZBwDqHO9ZjFCu,31411,501,0,0.0,Qwen3-8B,1,random,random
R_2bZBwDqHO9ZjFCu,31473,502,0,0.0,Qwen3-8B,3,random,random
R_2bZBwDqHO9ZjFCu,31535,503,0,0.0,Qwen3-8B,1,random,random
R_2bZBwDqHO9ZjFCu,31645,504,-1,,Qwen3-8B,1,random,random
R_2bZBwDqHO9ZjFCu,31645,504,-1,,Qwen3-8B,1,moral,purity
R_2bZBwDqHO9ZjFCu,31645,504,-1,,Qwen3-8B,1,random,random
R_2bZBwDqHO9ZjFCu,31645,504,-1,,Qwen3-8B,1,moral,purity
R_2bZBwDqHO9ZjFCu,31763,505,0,0.0,Qwen3-8B,1,random,random
R_2bZBwDqHO9ZjFCu,31826,506,0,0.0,Qwen3-8B,2,random,random
R_2bZBwDqHO9ZjFCu,31887,507,0,0.0,Qwen3-8B,2,random,random
R_2bZBwDqHO9ZjFCu,31950,508,1,0.0,Qwen3-8B,3,random,random
R_2bZBwDqHO9ZjFCu,32013,509,0,0.0,Qwen3-8B,1,random,random
R_2bZBwDqHO9ZjFCu,32074,510,0,0.0,Qwen3-8B,3,random,random
R_2bZBwDqHO9ZjFCu,32138,511,1,0.0,Qwen3-8B,2,random,random
R_2bZBwDqHO9ZjFCu,32201,512,1,0.0,Qwen3-8B,2,random,random
R_2bZBwDqHO9ZjFCu,32262,513,0,0.0,Qwen3-8B,2,random,random
R_2bZBwDqHO9ZjFCu,32323,514,0,0.0,Qwen3-8B,2,random,random
R_2bZBwDqHO9ZjFCu,32388,515,0,0.0,Qwen3-8B,2,random,random
R_2bZBwDqHO9ZjFCu,32447,516,1,0.0,Qwen3-8B,4,random,random
R_2bZBwDqHO9ZjFCu,32508,517,2,1.0,Qwen3-8B,2,random,random
R_2bZBwDqHO9ZjFCu,32573,518,0,0.0,Qwen3-8B,3,random,random
R_2bZBwDqHO9ZjFCu,32634,519,1,0.0,Qwen3-8B,3,random,random
R_2bZBwDqHO9ZjFCu,32697,520,0,0.0,Qwen3-8B,2,random,random
R_2bZBwDqHO9ZjFCu,32759,521,0,0.0,Qwen3-8B,2,random,random
R_2bZBwDqHO9ZjFCu,32821,522,1,0.0,Qwen3-8B,4,random,random
R_2bZBwDqHO9ZjFCu,32881,523,0,0.0,Qwen3-8B,2,random,random
R_2bZBwDqHO9ZjFCu,32942,524,0,0.0,Qwen3-8B,4,random,random
R_2bZBwDqHO9ZjFCu,33002,525,0,0.0,Qwen3-8B,3,random,random
R_2bZBwDqHO9ZjFCu,33064,526,0,0.0,Qwen3-8B,3,random,random
R_2bZBwDqHO9ZjFCu,33127,527,0,0.0,Qwen3-8B,1,random,random
R_2bZBwDqHO9ZjFCu,33190,528,2,1.0,Qwen3-8B,3,random,random
R_2bZBwDqHO9ZjFCu,33247,529,4,1.0,Qwen3-8B,3,random,random
R_23ZWr24aWnSiDXr,31048,495,2,1.0,Qwen3-8B,2,random,random
R_23ZWr24aWnSiDXr,31109,496,1,0.0,Qwen3-8B,1,random,random
R_23ZWr24aWnSiDXr,31170,497,0,0.0,Qwen3-8B,1,random,random
R_23ZWr24aWnSiDXr,31232,498,0,0.0,Qwen3-8B,3,random,random
R_23ZWr24aWnSiDXr,31295,499,3,1.0,Qwen3-8B,5,random,random
R_23ZWr24aWnSiDXr,31359,500,4,1.0,Qwen3-8B,4,random,random
R_23ZWr24aWnSiDXr,31421,501,0,0.0,Qwen3-8B,1,random,random
R_23ZWr24aWnSiDXr,31483,502,0,0.0,Qwen3-8B,3,random,random
R_23ZWr24aWnSiDXr,31545,503,0,0.0,Qwen3-8B,1,random,random
R_23ZWr24aWnSiDXr,31669,504,0,0.0,Qwen3-8B,1,random,random
R_23ZWr24aWnSiDXr,31669,504,0,0.0,Qwen3-8B,1,moral,purity
R_23ZWr24aWnSiDXr,31669,504,0,0.0,Qwen3-8B,1,random,random
R_23ZWr24aWnSiDXr,31669,504,0,0.0,Qwen3-8B,1,moral,purity
R_23ZWr24aWnSiDXr,31771,505,0,0.0,Qwen3-8B,1,random,random
R_23ZWr24aWnSiDXr,31835,506,1,0.0,Qwen3-8B,2,random,random
R_23ZWr24aWnSiDXr,31897,507,0,0.0,Qwen3-8B,2,random,random
R_23ZWr24aWnSiDXr,31960,508,0,0.0,Qwen3-8B,3,random,random
R_23ZWr24aWnSiDXr,32022,509,0,0.0,Qwen3-8B,1,random,random
R_23ZWr24aWnSiDXr,32084,510,0,0.0,Qwen3-8B,3,random,random
R_23ZWr24aWnSiDXr,32147,511,1,0.0,Qwen3-8B,2,random,random
R_23ZWr24aWnSiDXr,32211,512,0,0.0,Qwen3-8B,2,random,random
R_23ZWr24aWnSiDXr,32272,513,1,0.0,Qwen3-8B,2,random,random
R_23ZWr24aWnSiDXr,32333,514,0,0.0,Qwen3-8B,2,random,random
R_23ZWr24aWnSiDXr,32395,515,0,0.0,Qwen3-8B,2,random,random
R_23ZWr24aWnSiDXr,32457,516,2,1.0,Qwen3-8B,4,random,random
R_23ZWr24aWnSiDXr,32518,517,0,0.0,Qwen3-8B,2,random,random
R_23ZWr24aWnSiDXr,32582,518,0,0.0,Qwen3-8B,3,random,random
R_23ZWr24aWnSiDXr,32644,519,2,1.0,Qwen3-8B,3,random,random
R_23ZWr24aWnSiDXr,32706,520,0,0.0,Qwen3-8B,2,random,random
R_23ZWr24aWnSiDXr,32769,521,0,0.0,Qwen3-8B,2,random,random
R_23ZWr24aWnSiDXr,32829,522,0,0.0,Qwen3-8B,4,random,random
R_23ZWr24aWnSiDXr,32890,523,0,0.0,Qwen3-8B,2,random,random
R_23ZWr24aWnSiDXr,32951,524,0,0.0,Qwen3-8B,4,random,random
R_23ZWr24aWnSiDXr,33011,525,0,0.0,Qwen3-8B,3,random,random
R_23ZWr24aWnSiDXr,33074,526,1,0.0,Qwen3-8B,3,random,random
R_23ZWr24aWnSiDXr,33137,527,0,0.0,Qwen3-8B,1,random,random
R_23ZWr24aWnSiDXr,33199,528,0,0.0,Qwen3-8B,3,random,random
R_23ZWr24aWnSiDXr,33256,529,1,0.0,Qwen3-8B,3,random,random
R_3MKmQKuwrjuKTN0,31061,495,0,0.0,Qwen3-8B,2,random,random
R_3MKmQKuwrjuKTN0,31121,496,0,0.0,Qwen3-8B,1,random,random
R_3MKmQKuwrjuKTN0,31183,497,0,0.0,Qwen3-8B,1,random,random
R_3MKmQKuwrjuKTN0,31245,498,0,0.0,Qwen3-8B,3,random,random
R_3MKmQKuwrjuKTN0,31308,499,1,0.0,Qwen3-8B,5,random,random
R_3MKmQKuwrjuKTN0,31371,500,1,0.0,Qwen3-8B,4,random,random
R_3MKmQKuwrjuKTN0,31433,501,0,0.0,Qwen3-8B,1,random,random
R_3MKmQKuwrjuKTN0,31496,502,1,0.0,Qwen3-8B,3,random,random
R_3MKmQKuwrjuKTN0,31556,503,0,0.0,Qwen3-8B,1,random,random
R_3MKmQKuwrjuKTN0,31711,504,0,0.0,Qwen3-8B,1,random,random
R_3MKmQKuwrjuKTN0,31711,504,0,0.0,Qwen3-8B,1,moral,purity
R_3MKmQKuwrjuKTN0,31711,504,0,0.0,Qwen3-8B,1,random,random
R_3MKmQKuwrjuKTN0,31711,504,0,0.0,Qwen3-8B,1,moral,purity
R_3MKmQKuwrjuKTN0,31784,505,0,0.0,Qwen3-8B,1,random,random
R_3MKmQKuwrjuKTN0,31847,506,0,0.0,Qwen3-8B,2,random,random
R_3MKmQKuwrjuKTN0,31910,507,0,0.0,Qwen3-8B,2,random,random
R_3MKmQKuwrjuKTN0,31973,508,0,0.0,Qwen3-8B,3,random,random
R_3MKmQKuwrjuKTN0,32035,509,0,0.0,Qwen3-8B,1,random,random
R_3MKmQKuwrjuKTN0,32098,510,0,0.0,Qwen3-8B,3,random,random
R_3MKmQKuwrjuKTN0,32160,511,0,0.0,Qwen3-8B,2,random,random
R_3MKmQKuwrjuKTN0,32223,512,0,0.0,Qwen3-8B,2,random,random
R_3MKmQKuwrjuKTN0,32284,513,0,0.0,Qwen3-8B,2,random,random
R_3MKmQKuwrjuKTN0,32346,514,0,0.0,Qwen3-8B,2,random,random
R_3MKmQKuwrjuKTN0,32408,515,0,0.0,Qwen3-8B,2,random,random
R_3MKmQKuwrjuKTN0,32469,516,1,0.0,Qwen3-8B,4,random,random
R_3MKmQKuwrjuKTN0,32531,517,0,0.0,Qwen3-8B,2,random,random
R_3MKmQKuwrjuKTN0,32594,518,0,0.0,Qwen3-8B,3,random,random
R_3MKmQKuwrjuKTN0,32657,519,0,0.0,Qwen3-8B,3,random,random
R_3MKmQKuwrjuKTN0,32719,520,0,0.0,Qwen3-8B,2,random,random
R_3MKmQKuwrjuKTN0,32781,521,0,0.0,Qwen3-8B,2,random,random
R_3MKmQKuwrjuKTN0,32841,522,0,0.0,Qwen3-8B,4,random,random
R_3MKmQKuwrjuKTN0,32902,523,0,0.0,Qwen3-8B,2,random,random
R_3MKmQKuwrjuKTN0,32964,524,1,0.0,Qwen3-8B,4,random,random
R_3MKmQKuwrjuKTN0,33024,525,0,0.0,Qwen3-8B,3,random,random
R_3MKmQKuwrjuKTN0,33087,526,0,0.0,Qwen3-8B,3,random,random
R_3MKmQKuwrjuKTN0,33150,527,0,0.0,Qwen3-8B,1,random,random
R_3MKmQKuwrjuKTN0,33212,528,0,0.0,Qwen3-8B,3,random,random
R_3MKmQKuwrjuKTN0,33268,529,0,0.0,Qwen3-8B,3,random,random
R_1QGchO6VYtOv93f,31062,495,0,0.0,Qwen3-8B,2,random,random
R_1QGchO6VYtOv93f,31122,496,0,0.0,Qwen3-8B,1,random,random
R_1QGchO6VYtOv93f,31184,497,0,0.0,Qwen3-8B,1,random,random
R_1QGchO6VYtOv93f,31246,498,0,0.0,Qwen3-8B,3,random,random
R_1QGchO6VYtOv93f,31309,499,2,1.0,Qwen3-8B,5,random,random
R_1QGchO6VYtOv93f,31372,500,3,1.0,Qwen3-8B,4,random,random
R_1QGchO6VYtOv93f,31434,501,0,0.0,Qwen3-8B,1,random,random
R_1QGchO6VYtOv93f,31497,502,1,0.0,Qwen3-8B,3,random,random
R_1QGchO6VYtOv93f,31557,503,1,0.0,Qwen3-8B,1,random,random
R_1QGchO6VYtOv93f,31713,504,0,0.0,Qwen3-8B,1,random,random
R_1QGchO6VYtOv93f,31713,504,0,0.0,Qwen3-8B,1,moral,purity
R_1QGchO6VYtOv93f,31713,504,0,0.0,Qwen3-8B,1,random,random
R_1QGchO6VYtOv93f,31713,504,0,0.0,Qwen3-8B,1,moral,purity
R_1QGchO6VYtOv93f,31785,505,1,0.0,Qwen3-8B,1,random,random
R_1QGchO6VYtOv93f,31848,506,1,0.0,Qwen3-8B,2,random,random
R_1QGchO6VYtOv93f,31911,507,0,0.0,Qwen3-8B,2,random,random
R_1QGchO6VYtOv93f,31974,508,0,0.0,Qwen3-8B,3,random,random
R_1QGchO6VYtOv93f,32036,509,0,0.0,Qwen3-8B,1,random,random
R_1QGchO6VYtOv93f,32099,510,2,1.0,Qwen3-8B,3,random,random
R_1QGchO6VYtOv93f,32161,511,1,0.0,Qwen3-8B,2,random,random
R_1QGchO6VYtOv93f,32224,512,2,1.0,Qwen3-8B,2,random,random
R_1QGchO6VYtOv93f,32285,513,2,1.0,Qwen3-8B,2,random,random
R_1QGchO6VYtOv93f,32347,514,1,0.0,Qwen3-8B,2,random,random
R_1QGchO6VYtOv93f,32409,515,1,0.0,Qwen3-8B,2,random,random
R_1QGchO6VYtOv93f,32470,516,3,1.0,Qwen3-8B,4,random,random
R_1QGchO6VYtOv93f,32532,517,1,0.0,Qwen3-8B,2,random,random
R_1QGchO6VYtOv93f,32595,518,0,0.0,Qwen3-8B,3,random,random
R_1QGchO6VYtOv93f,32658,519,0,0.0,Qwen3-8B,3,random,random
R_1QGchO6VYtOv93f,32720,520,0,0.0,Qwen3-8B,2,random,random
R_1QGchO6VYtOv93f,32782,521,1,0.0,Qwen3-8B,2,random,random
R_1QGchO6VYtOv93f,32842,522,1,0.0,Qwen3-8B,4,random,random
R_1QGchO6VYtOv93f,32903,523,1,0.0,Qwen3-8B,2,random,random
R_1QGchO6VYtOv93f,32965,524,4,1.0,Qwen3-8B,4,random,random
R_1QGchO6VYtOv93f,33025,525,0,0.0,Qwen3-8B,3,random,random
R_1QGchO6VYtOv93f,33088,526,-1,,Qwen3-8B,3,random,random
R_1QGchO6VYtOv93f,33151,527,0,0.0,Qwen3-8B,1,random,random
R_1QGchO6VYtOv93f,33213,528,1,0.0,Qwen3-8B,3,random,random
R_1QGchO6VYtOv93f,33269,529,-1,,Qwen3-8B,3,random,random
R_2whKsZLJze6rsyo,31063,495,0,0.0,Qwen3-8B,2,random,random
R_2whKsZLJze6rsyo,31123,496,0,0.0,Qwen3-8B,1,random,random
R_2whKsZLJze6rsyo,31185,497,0,0.0,Qwen3-8B,1,random,random
R_2whKsZLJze6rsyo,31247,498,0,0.0,Qwen3-8B,3,random,random
R_2whKsZLJze6rsyo,31310,499,0,0.0,Qwen3-8B,5,random,random
R_2whKsZLJze6rsyo,31373,500,3,1.0,Qwen3-8B,4,random,random
R_2whKsZLJze6rsyo,31435,501,0,0.0,Qwen3-8B,1,random,random
R_2whKsZLJze6rsyo,31498,502,0,0.0,Qwen3-8B,3,random,random
R_2whKsZLJze6rsyo,31558,503,0,0.0,Qwen3-8B,1,random,random
R_2whKsZLJze6rsyo,31715,504,0,0.0,Qwen3-8B,1,random,random
R_2whKsZLJze6rsyo,31715,504,0,0.0,Qwen3-8B,1,moral,purity
R_2whKsZLJze6rsyo,31715,504,0,0.0,Qwen3-8B,1,random,random
R_2whKsZLJze6rsyo,31715,504,0,0.0,Qwen3-8B,1,moral,purity
R_2whKsZLJze6rsyo,31786,505,0,0.0,Qwen3-8B,1,random,random
R_2whKsZLJze6rsyo,31849,506,4,1.0,Qwen3-8B,2,random,random
R_2whKsZLJze6rsyo,31912,507,4,1.0,Qwen3-8B,2,random,random
R_2whKsZLJze6rsyo,31975,508,0,0.0,Qwen3-8B,3,random,random
R_2whKsZLJze6rsyo,32037,509,0,0.0,Qwen3-8B,1,random,random
R_2whKsZLJze6rsyo,32100,510,0,0.0,Qwen3-8B,3,random,random
R_2whKsZLJze6rsyo,32162,511,0,0.0,Qwen3-8B,2,random,random
R_2whKsZLJze6rsyo,32225,512,0,0.0,Qwen3-8B,2,random,random
R_2whKsZLJze6rsyo,32286,513,4,1.0,Qwen3-8B,2,random,random
R_2whKsZLJze6rsyo,32348,514,0,0.0,Qwen3-8B,2,random,random
R_2whKsZLJze6rsyo,32410,515,0,0.0,Qwen3-8B,2,random,random
R_2whKsZLJze6rsyo,32471,516,0,0.0,Qwen3-8B,4,random,random
R_2whKsZLJze6rsyo,32533,517,0,0.0,Qwen3-8B,2,random,random
R_2whKsZLJze6rsyo,32596,518,0,0.0,Qwen3-8B,3,random,random
R_2whKsZLJze6rsyo,32659,519,0,0.0,Qwen3-8B,3,random,random
R_2whKsZLJze6rsyo,32721,520,4,1.0,Qwen3-8B,2,random,random
R_2whKsZLJze6rsyo,32783,521,4,1.0,Qwen3-8B,2,random,random
R_2whKsZLJze6rsyo,32843,522,0,0.0,Qwen3-8B,4,random,random
R_2whKsZLJze6rsyo,32904,523,0,0.0,Qwen3-8B,2,random,random
R_2whKsZLJze6rsyo,32966,524,4,1.0,Qwen3-8B,4,random,random
R_2whKsZLJze6rsyo,33026,525,0,0.0,Qwen3-8B,3,random,random
R_2whKsZLJze6rsyo,33089,526,0,0.0,Qwen3-8B,3,random,random
R_2whKsZLJze6rsyo,33152,527,0,0.0,Qwen3-8B,1,random,random
R_2whKsZLJze6rsyo,33214,528,0,0.0,Qwen3-8B,3,random,random
R_2whKsZLJze6rsyo,33270,529,0,0.0,Qwen3-8B,3,random,random
R_2OTQ5bGdXgOeEBk,33302,530,0,0.0,Qwen3-8B,2,random,random
R_2OTQ5bGdXgOeEBk,33359,531,0,0.0,Qwen3-8B,3,random,random
R_2OTQ5bGdXgOeEBk,33418,532,0,0.0,Qwen3-8B,2,random,random
R_2OTQ5bGdXgOeEBk,33478,533,0,0.0,Qwen3-8B,3,random,random
R_2OTQ5bGdXgOeEBk,33539,534,0,0.0,Qwen3-8B,2,random,random
R_2OTQ5bGdXgOeEBk,33599,535,0,0.0,Qwen3-8B,2,random,random
R_2OTQ5bGdXgOeEBk,33661,536,0,0.0,Qwen3-8B,2,random,random
R_2OTQ5bGdXgOeEBk,33718,537,0,0.0,Qwen3-8B,1,random,random
R_2OTQ5bGdXgOeEBk,33778,538,0,0.0,Qwen3-8B,2,random,random
R_2OTQ5bGdXgOeEBk,33838,539,0,0.0,Qwen3-8B,1,random,random
R_2OTQ5bGdXgOeEBk,33898,540,0,0.0,Qwen3-8B,2,random,random
R_2OTQ5bGdXgOeEBk,33959,541,0,0.0,Qwen3-8B,5,random,random
R_2OTQ5bGdXgOeEBk,34017,542,0,0.0,Qwen3-8B,3,random,random
R_2OTQ5bGdXgOeEBk,34078,543,0,0.0,Qwen3-8B,1,random,random
R_2OTQ5bGdXgOeEBk,34135,544,0,0.0,Qwen3-8B,2,random,random
R_2OTQ5bGdXgOeEBk,34194,545,0,0.0,Qwen3-8B,3,random,random
R_2OTQ5bGdXgOeEBk,34252,546,0,0.0,Qwen3-8B,2,random,random
R_2OTQ5bGdXgOeEBk,34310,547,0,0.0,Qwen3-8B,2,random,random
R_2OTQ5bGdXgOeEBk,34371,548,0,0.0,Qwen3-8B,3,random,random
R_2OTQ5bGdXgOeEBk,34431,549,0,0.0,Qwen3-8B,2,random,random
R_2OTQ5bGdXgOeEBk,34491,550,0,0.0,Qwen3-8B,3,random,random
R_2OTQ5bGdXgOeEBk,34552,551,0,0.0,Qwen3-8B,2,random,random
R_2OTQ5bGdXgOeEBk,34610,552,0,0.0,Qwen3-8B,2,random,random
R_2OTQ5bGdXgOeEBk,34669,553,0,0.0,Qwen3-8B,1,random,random
R_2OTQ5bGdXgOeEBk,34729,554,0,0.0,Qwen3-8B,3,random,random
R_2OTQ5bGdXgOeEBk,34789,555,0,0.0,Qwen3-8B,3,random,random
R_2OTQ5bGdXgOeEBk,34850,556,0,0.0,Qwen3-8B,1,random,random
R_2OTQ5bGdXgOeEBk,34908,557,0,0.0,Qwen3-8B,2,random,random
R_2OTQ5bGdXgOeEBk,34968,558,0,0.0,Qwen3-8B,2,random,random
R_2OTQ5bGdXgOeEBk,35028,559,0,0.0,Qwen3-8B,3,random,random
R_2OTQ5bGdXgOeEBk,35088,560,0,0.0,Qwen3-8B,3,random,random
R_2OTQ5bGdXgOeEBk,35150,561,0,0.0,Qwen3-8B,5,random,random
R_2OTQ5bGdXgOeEBk,35207,562,0,0.0,Qwen3-8B,2,random,random
R_2OTQ5bGdXgOeEBk,35267,563,0,0.0,Qwen3-8B,2,random,random
R_2OTQ5bGdXgOeEBk,35327,564,0,0.0,Qwen3-8B,2,random,random
R_1lnMJH8sCKrEMyQ,33308,530,0,0.0,Qwen3-8B,2,random,random
R_1lnMJH8sCKrEMyQ,33366,531,0,0.0,Qwen3-8B,3,random,random
R_1lnMJH8sCKrEMyQ,33425,532,0,0.0,Qwen3-8B,2,random,random
R_1lnMJH8sCKrEMyQ,33485,533,0,0.0,Qwen3-8B,3,random,random
R_1lnMJH8sCKrEMyQ,33546,534,0,0.0,Qwen3-8B,2,random,random
R_1lnMJH8sCKrEMyQ,33606,535,0,0.0,Qwen3-8B,2,random,random
R_1lnMJH8sCKrEMyQ,33668,536,0,0.0,Qwen3-8B,2,random,random
R_1lnMJH8sCKrEMyQ,33725,537,0,0.0,Qwen3-8B,1,random,random
R_1lnMJH8sCKrEMyQ,33785,538,0,0.0,Qwen3-8B,2,random,random
R_1lnMJH8sCKrEMyQ,33845,539,0,0.0,Qwen3-8B,1,random,random
R_1lnMJH8sCKrEMyQ,33905,540,0,0.0,Qwen3-8B,2,random,random
R_1lnMJH8sCKrEMyQ,33966,541,0,0.0,Qwen3-8B,5,random,random
R_1lnMJH8sCKrEMyQ,34024,542,0,0.0,Qwen3-8B,3,random,random
R_1lnMJH8sCKrEMyQ,34085,543,0,0.0,Qwen3-8B,1,random,random
R_1lnMJH8sCKrEMyQ,34142,544,0,0.0,Qwen3-8B,2,random,random
R_1lnMJH8sCKrEMyQ,34201,545,0,0.0,Qwen3-8B,3,random,random
R_1lnMJH8sCKrEMyQ,34259,546,0,0.0,Qwen3-8B,2,random,random
R_1lnMJH8sCKrEMyQ,34317,547,0,0.0,Qwen3-8B,2,random,random
R_1lnMJH8sCKrEMyQ,34378,548,0,0.0,Qwen3-8B,3,random,random
R_1lnMJH8sCKrEMyQ,34438,549,0,0.0,Qwen3-8B,2,random,random
R_1lnMJH8sCKrEMyQ,34498,550,0,0.0,Qwen3-8B,3,random,random
R_1lnMJH8sCKrEMyQ,34559,551,0,0.0,Qwen3-8B,2,random,random
R_1lnMJH8sCKrEMyQ,34617,552,0,0.0,Qwen3-8B,2,random,random
R_1lnMJH8sCKrEMyQ,34676,553,0,0.0,Qwen3-8B,1,random,random
R_1lnMJH8sCKrEMyQ,34736,554,0,0.0,Qwen3-8B,3,random,random
R_1lnMJH8sCKrEMyQ,34796,555,0,0.0,Qwen3-8B,3,random,random
R_1lnMJH8sCKrEMyQ,34857,556,0,0.0,Qwen3-8B,1,random,random
R_1lnMJH8sCKrEMyQ,34915,557,0,0.0,Qwen3-8B,2,random,random
R_1lnMJH8sCKrEMyQ,34975,558,0,0.0,Qwen3-8B,2,random,random
R_1lnMJH8sCKrEMyQ,35035,559,0,0.0,Qwen3-8B,3,random,random
R_1lnMJH8sCKrEMyQ,35095,560,0,0.0,Qwen3-8B,3,random,random
R_1lnMJH8sCKrEMyQ,35157,561,0,0.0,Qwen3-8B,5,random,random
R_1lnMJH8sCKrEMyQ,35214,562,0,0.0,Qwen3-8B,2,random,random
R_1lnMJH8sCKrEMyQ,35274,563,0,0.0,Qwen3-8B,2,random,random
R_1lnMJH8sCKrEMyQ,35333,564,0,0.0,Qwen3-8B,2,random,random
R_110AKOjI84xnrkQ,33314,530,0,0.0,Qwen3-8B,2,random,random
R_110AKOjI84xnrkQ,33373,531,1,0.0,Qwen3-8B,3,random,random
R_110AKOjI84xnrkQ,33433,532,3,1.0,Qwen3-8B,2,random,random
R_110AKOjI84xnrkQ,33493,533,1,0.0,Qwen3-8B,3,random,random
R_110AKOjI84xnrkQ,33554,534,1,0.0,Qwen3-8B,2,random,random
R_110AKOjI84xnrkQ,33614,535,1,0.0,Qwen3-8B,2,random,random
R_110AKOjI84xnrkQ,33673,536,0,0.0,Qwen3-8B,2,random,random
R_110AKOjI84xnrkQ,33733,537,0,0.0,Qwen3-8B,1,random,random
R_110AKOjI84xnrkQ,33792,538,1,0.0,Qwen3-8B,2,random,random
R_110AKOjI84xnrkQ,33853,539,-1,,Qwen3-8B,1,random,random
R_110AKOjI84xnrkQ,33913,540,1,0.0,Qwen3-8B,2,random,random
R_110AKOjI84xnrkQ,33973,541,4,1.0,Qwen3-8B,5,random,random
R_110AKOjI84xnrkQ,34032,542,1,0.0,Qwen3-8B,3,random,random
R_110AKOjI84xnrkQ,34091,543,0,0.0,Qwen3-8B,1,random,random
R_110AKOjI84xnrkQ,34150,544,1,0.0,Qwen3-8B,2,random,random
R_110AKOjI84xnrkQ,34209,545,0,0.0,Qwen3-8B,3,random,random
R_110AKOjI84xnrkQ,34266,546,1,0.0,Qwen3-8B,2,random,random
R_110AKOjI84xnrkQ,34324,547,2,1.0,Qwen3-8B,2,random,random
R_110AKOjI84xnrkQ,34386,548,0,0.0,Qwen3-8B,3,random,random
R_110AKOjI84xnrkQ,34445,549,0,0.0,Qwen3-8B,2,random,random
R_110AKOjI84xnrkQ,34506,550,1,0.0,Qwen3-8B,3,random,random
R_110AKOjI84xnrkQ,34565,551,2,1.0,Qwen3-8B,2,random,random
R_110AKOjI84xnrkQ,34624,552,2,1.0,Qwen3-8B,2,random,random
R_110AKOjI84xnrkQ,34684,553,1,0.0,Qwen3-8B,1,random,random
R_110AKOjI84xnrkQ,34744,554,3,1.0,Qwen3-8B,3,random,random
R_110AKOjI84xnrkQ,34804,555,3,1.0,Qwen3-8B,3,random,random
R_110AKOjI84xnrkQ,34864,556,1,0.0,Qwen3-8B,1,random,random
R_110AKOjI84xnrkQ,34923,557,1,0.0,Qwen3-8B,2,random,random
R_110AKOjI84xnrkQ,34982,558,1,0.0,Qwen3-8B,2,random,random
R_110AKOjI84xnrkQ,35043,559,2,1.0,Qwen3-8B,3,random,random
R_110AKOjI84xnrkQ,35103,560,1,0.0,Qwen3-8B,3,random,random
R_110AKOjI84xnrkQ,35164,561,-1,,Qwen3-8B,5,random,random
R_110AKOjI84xnrkQ,35222,562,1,0.0,Qwen3-8B,2,random,random
R_110AKOjI84xnrkQ,35281,563,1,0.0,Qwen3-8B,2,random,random
R_110AKOjI84xnrkQ,35341,564,2,1.0,Qwen3-8B,2,random,random
R_1NkU9R6VlCULghb,33315,530,4,1.0,Qwen3-8B,2,random,random
R_1NkU9R6VlCULghb,33374,531,-1,,Qwen3-8B,3,random,random
R_1NkU9R6VlCULghb,33434,532,0,0.0,Qwen3-8B,2,random,random
R_1NkU9R6VlCULghb,33494,533,2,1.0,Qwen3-8B,3,random,random
R_1NkU9R6VlCULghb,33555,534,4,1.0,Qwen3-8B,2,random,random
R_1NkU9R6VlCULghb,33615,535,4,1.0,Qwen3-8B,2,random,random
R_1NkU9R6VlCULghb,33674,536,-1,,Qwen3-8B,2,random,random
R_1NkU9R6VlCULghb,33734,537,0,0.0,Qwen3-8B,1,random,random
R_1NkU9R6VlCULghb,33793,538,0,0.0,Qwen3-8B,2,random,random
R_1NkU9R6VlCULghb,33854,539,0,0.0,Qwen3-8B,1,random,random
R_1NkU9R6VlCULghb,33914,540,-1,,Qwen3-8B,2,random,random
R_1NkU9R6VlCULghb,33974,541,0,0.0,Qwen3-8B,5,random,random
R_1NkU9R6VlCULghb,34033,542,0,0.0,Qwen3-8B,3,random,random
R_1NkU9R6VlCULghb,34092,543,-1,,Qwen3-8B,1,random,random
R_1NkU9R6VlCULghb,34151,544,0,0.0,Qwen3-8B,2,random,random
R_1NkU9R6VlCULghb,34210,545,-1,,Qwen3-8B,3,random,random
R_1NkU9R6VlCULghb,34267,546,0,0.0,Qwen3-8B,2,random,random
R_1NkU9R6VlCULghb,34325,547,0,0.0,Qwen3-8B,2,random,random
R_1NkU9R6VlCULghb,34387,548,4,1.0,Qwen3-8B,3,random,random
R_1NkU9R6VlCULghb,34446,549,0,0.0,Qwen3-8B,2,random,random
R_1NkU9R6VlCULghb,34507,550,-1,,Qwen3-8B,3,random,random
R_1NkU9R6VlCULghb,34566,551,3,1.0,Qwen3-8B,2,random,random
R_1NkU9R6VlCULghb,34625,552,2,1.0,Qwen3-8B,2,random,random
R_1NkU9R6VlCULghb,34685,553,0,0.0,Qwen3-8B,1,random,random
R_1NkU9R6VlCULghb,34745,554,2,1.0,Qwen3-8B,3,random,random
R_1NkU9R6VlCULghb,34805,555,2,1.0,Qwen3-8B,3,random,random
R_1NkU9R6VlCULghb,34865,556,0,0.0,Qwen3-8B,1,random,random
R_1NkU9R6VlCULghb,34924,557,0,0.0,Qwen3-8B,2,random,random
R_1NkU9R6VlCULghb,34983,558,0,0.0,Qwen3-8B,2,random,random
R_1NkU9R6VlCULghb,35044,559,3,1.0,Qwen3-8B,3,random,random
R_1NkU9R6VlCULghb,35104,560,0,0.0,Qwen3-8B,3,random,random
R_1NkU9R6VlCULghb,35165,561,4,1.0,Qwen3-8B,5,random,random
R_1NkU9R6VlCULghb,35223,562,0,0.0,Qwen3-8B,2,random,random
R_1NkU9R6VlCULghb,35282,563,0,0.0,Qwen3-8B,2,random,random
R_1NkU9R6VlCULghb,35342,564,3,1.0,Qwen3-8B,2,random,random
R_2uweozLUFSzS79v,33316,530,2,1.0,Qwen3-8B,2,random,random
R_2uweozLUFSzS79v,33375,531,1,0.0,Qwen3-8B,3,random,random
R_2uweozLUFSzS79v,33435,532,0,0.0,Qwen3-8B,2,random,random
R_2uweozLUFSzS79v,33495,533,3,1.0,Qwen3-8B,3,random,random
R_2uweozLUFSzS79v,33556,534,0,0.0,Qwen3-8B,2,random,random
R_2uweozLUFSzS79v,33616,535,1,0.0,Qwen3-8B,2,random,random
R_2uweozLUFSzS79v,33675,536,1,0.0,Qwen3-8B,2,random,random
R_2uweozLUFSzS79v,33735,537,0,0.0,Qwen3-8B,1,random,random
R_2uweozLUFSzS79v,33794,538,1,0.0,Qwen3-8B,2,random,random
R_2uweozLUFSzS79v,33855,539,0,0.0,Qwen3-8B,1,random,random
R_2uweozLUFSzS79v,33915,540,0,0.0,Qwen3-8B,2,random,random
R_2uweozLUFSzS79v,33975,541,1,0.0,Qwen3-8B,5,random,random
R_2uweozLUFSzS79v,34034,542,0,0.0,Qwen3-8B,3,random,random
R_2uweozLUFSzS79v,34093,543,0,0.0,Qwen3-8B,1,random,random
R_2uweozLUFSzS79v,34152,544,0,0.0,Qwen3-8B,2,random,random
R_2uweozLUFSzS79v,34211,545,0,0.0,Qwen3-8B,3,random,random
R_2uweozLUFSzS79v,34268,546,0,0.0,Qwen3-8B,2,random,random
R_2uweozLUFSzS79v,34326,547,1,0.0,Qwen3-8B,2,random,random
R_2uweozLUFSzS79v,34388,548,0,0.0,Qwen3-8B,3,random,random
R_2uweozLUFSzS79v,34447,549,1,0.0,Qwen3-8B,2,random,random
R_2uweozLUFSzS79v,34508,550,1,0.0,Qwen3-8B,3,random,random
R_2uweozLUFSzS79v,34567,551,0,0.0,Qwen3-8B,2,random,random
R_2uweozLUFSzS79v,34626,552,0,0.0,Qwen3-8B,2,random,random
R_2uweozLUFSzS79v,34686,553,0,0.0,Qwen3-8B,1,random,random
R_2uweozLUFSzS79v,34746,554,1,0.0,Qwen3-8B,3,random,random
R_2uweozLUFSzS79v,34806,555,1,0.0,Qwen3-8B,3,random,random
R_2uweozLUFSzS79v,34866,556,0,0.0,Qwen3-8B,1,random,random
R_2uweozLUFSzS79v,34925,557,0,0.0,Qwen3-8B,2,random,random
R_2uweozLUFSzS79v,34984,558,0,0.0,Qwen3-8B,2,random,random
R_2uweozLUFSzS79v,35045,559,0,0.0,Qwen3-8B,3,random,random
R_2uweozLUFSzS79v,35105,560,0,0.0,Qwen3-8B,3,random,random
R_2uweozLUFSzS79v,35166,561,0,0.0,Qwen3-8B,5,random,random
R_2uweozLUFSzS79v,35224,562,0,0.0,Qwen3-8B,2,random,random
R_2uweozLUFSzS79v,35283,563,1,0.0,Qwen3-8B,2,random,random
R_2uweozLUFSzS79v,35343,564,3,1.0,Qwen3-8B,2,random,random
R_2TuEONm2abaLyAm,33779,538,0,0.0,Qwen3-8B,2,random,random
R_2TuEONm2abaLyAm,57005,898,0,0.0,Qwen3-8B,3,random,random
R_2TuEONm2abaLyAm,71547,1142,0,0.0,Qwen3-8B,2,random,random
R_2TuEONm2abaLyAm,88801,1816,0,0.0,Qwen3-8B,1,moral,authority
R_2TuEONm2abaLyAm,116808,2982,0,0.0,Qwen3-8B,1,moral,purity
R_2TuEONm2abaLyAm,124510,3315,0,0.0,Qwen3-8B,3,social-group,transgender
R_2TuEONm2abaLyAm,124534,3316,0,0.0,Qwen3-8B,3,social-group,LGB
R_2TuEONm2abaLyAm,124558,3317,0,0.0,Qwen3-8B,3,moral,care
R_2TuEONm2abaLyAm,124582,3318,4,1.0,Qwen3-8B,4,random,random
R_2TuEONm2abaLyAm,124606,3319,0,0.0,Qwen3-8B,2,social-group,jewish
R_2TuEONm2abaLyAm,124630,3320,0,0.0,Qwen3-8B,3,social-group,muslim
R_2TuEONm2abaLyAm,124654,3321,0,0.0,Qwen3-8B,5,social-group,christian
R_2TuEONm2abaLyAm,124678,3322,0,0.0,Qwen3-8B,4,social-group,christian
R_2TuEONm2abaLyAm,124702,3323,0,0.0,Qwen3-8B,2,social-group,christian
R_2TuEONm2abaLyAm,124726,3324,4,1.0,Qwen3-8B,5,social-group,jewish
R_2TuEONm2abaLyAm,124750,3325,0,0.0,Qwen3-8B,4,social-group,christian
R_2TuEONm2abaLyAm,124774,3326,0,0.0,Qwen3-8B,4,social-group,jewish
R_2TuEONm2abaLyAm,124798,3327,2,1.0,Qwen3-8B,3,social-group,LGB
R_2TuEONm2abaLyAm,124822,3328,3,1.0,Qwen3-8B,5,social-group,LGB
R_2TuEONm2abaLyAm,124846,3329,0,0.0,Qwen3-8B,1,social-group,muslim
R_2TuEONm2abaLyAm,124870,3330,0,0.0,Qwen3-8B,3,social-group,LGB
R_2TuEONm2abaLyAm,124894,3331,4,1.0,Qwen3-8B,5,social-group,muslim
R_2TuEONm2abaLyAm,124918,3332,0,0.0,Qwen3-8B,2,moral,loyalty
R_2TuEONm2abaLyAm,124942,3333,0,0.0,Qwen3-8B,3,social-group,jewish
R_2TuEONm2abaLyAm,124966,3334,0,0.0,Qwen3-8B,3,social-group,muslim
R_2TuEONm2abaLyAm,124990,3335,2,1.0,Qwen3-8B,5,social-group,muslim
R_2TuEONm2abaLyAm,125014,3336,0,0.0,Qwen3-8B,3,social-group,muslim
R_2TuEONm2abaLyAm,125038,3337,0,0.0,Qwen3-8B,5,social-group,jewish
R_2TuEONm2abaLyAm,125062,3338,0,0.0,Qwen3-8B,2,moral,fairness
R_2TuEONm2abaLyAm,125086,3339,0,0.0,Qwen3-8B,1,random,random
R_2TuEONm2abaLyAm,125110,3340,0,0.0,Qwen3-8B,5,social-group,christian
R_2TuEONm2abaLyAm,125134,3341,0,0.0,Qwen3-8B,5,social-group,jewish
R_2TuEONm2abaLyAm,125158,3342,3,1.0,Qwen3-8B,5,social-group,christian
R_2TuEONm2abaLyAm,125182,3343,0,0.0,Qwen3-8B,2,social-group,transgender
R_2TuEONm2abaLyAm,125206,3344,0,0.0,Qwen3-8B,4,social-group,transgender
R_3ErQC5BX3q8tPDQ,33790,538,0,0.0,Qwen3-8B,2,random,random
R_3ErQC5BX3q8tPDQ,57017,898,1,0.0,Qwen3-8B,3,random,random
R_3ErQC5BX3q8tPDQ,71554,1142,0,0.0,Qwen3-8B,2,random,random
R_3ErQC5BX3q8tPDQ,88821,1816,0,0.0,Qwen3-8B,1,moral,authority
R_3ErQC5BX3q8tPDQ,116814,2982,0,0.0,Qwen3-8B,1,moral,purity
R_3ErQC5BX3q8tPDQ,124513,3315,4,1.0,Qwen3-8B,3,social-group,transgender
R_3ErQC5BX3q8tPDQ,124537,3316,2,1.0,Qwen3-8B,3,social-group,LGB
R_3ErQC5BX3q8tPDQ,124561,3317,1,0.0,Qwen3-8B,3,moral,care
R_3ErQC5BX3q8tPDQ,124585,3318,0,0.0,Qwen3-8B,4,random,random
R_3ErQC5BX3q8tPDQ,124609,3319,2,1.0,Qwen3-8B,2,social-group,jewish
R_3ErQC5BX3q8tPDQ,124633,3320,1,0.0,Qwen3-8B,3,social-group,muslim
R_3ErQC5BX3q8tPDQ,124657,3321,2,1.0,Qwen3-8B,5,social-group,christian
R_3ErQC5BX3q8tPDQ,124681,3322,1,0.0,Qwen3-8B,4,social-group,christian
R_3ErQC5BX3q8tPDQ,124705,3323,0,0.0,Qwen3-8B,2,social-group,christian
R_3ErQC5BX3q8tPDQ,124729,3324,3,1.0,Qwen3-8B,5,social-group,jewish
R_3ErQC5BX3q8tPDQ,124753,3325,1,0.0,Qwen3-8B,4,social-group,christian
R_3ErQC5BX3q8tPDQ,124777,3326,1,0.0,Qwen3-8B,4,social-group,jewish
R_3ErQC5BX3q8tPDQ,124801,3327,0,0.0,Qwen3-8B,3,social-group,LGB
R_3ErQC5BX3q8tPDQ,124825,3328,0,0.0,Qwen3-8B,5,social-group,LGB
R_3ErQC5BX3q8tPDQ,124849,3329,0,0.0,Qwen3-8B,1,social-group,muslim
R_3ErQC5BX3q8tPDQ,124873,3330,1,0.0,Qwen3-8B,3,social-group,LGB
R_3ErQC5BX3q8tPDQ,124897,3331,3,1.0,Qwen3-8B,5,social-group,muslim
R_3ErQC5BX3q8tPDQ,124921,3332,2,1.0,Qwen3-8B,2,moral,loyalty
R_3ErQC5BX3q8tPDQ,124945,3333,1,0.0,Qwen3-8B,3,social-group,jewish
R_3ErQC5BX3q8tPDQ,124969,3334,1,0.0,Qwen3-8B,3,social-group,muslim
R_3ErQC5BX3q8tPDQ,124993,3335,2,1.0,Qwen3-8B,5,social-group,muslim
R_3ErQC5BX3q8tPDQ,125017,3336,2,1.0,Qwen3-8B,3,social-group,muslim
R_3ErQC5BX3q8tPDQ,125041,3337,0,0.0,Qwen3-8B,5,social-group,jewish
R_3ErQC5BX3q8tPDQ,125065,3338,0,0.0,Qwen3-8B,2,moral,fairness
R_3ErQC5BX3q8tPDQ,125089,3339,2,1.0,Qwen3-8B,1,random,random
R_3ErQC5BX3q8tPDQ,125113,3340,2,1.0,Qwen3-8B,5,social-group,christian
R_3ErQC5BX3q8tPDQ,125137,3341,1,0.0,Qwen3-8B,5,social-group,jewish
R_3ErQC5BX3q8tPDQ,125161,3342,4,1.0,Qwen3-8B,5,social-group,christian
R_3ErQC5BX3q8tPDQ,125185,3343,1,0.0,Qwen3-8B,2,social-group,transgender
R_3ErQC5BX3q8tPDQ,125209,3344,-1,,Qwen3-8B,4,social-group,transgender
R_3G2tqzW5PhqWeaf,33795,538,0,0.0,Qwen3-8B,2,random,random
R_3G2tqzW5PhqWeaf,57023,898,0,0.0,Qwen3-8B,3,random,random
R_3G2tqzW5PhqWeaf,71559,1142,0,0.0,Qwen3-8B,2,random,random
R_3G2tqzW5PhqWeaf,88827,1816,0,0.0,Qwen3-8B,1,moral,authority
R_3G2tqzW5PhqWeaf,116819,2982,0,0.0,Qwen3-8B,1,moral,purity
R_3G2tqzW5PhqWeaf,124515,3315,1,0.0,Qwen3-8B,3,social-group,transgender
R_3G2tqzW5PhqWeaf,124539,3316,0,0.0,Qwen3-8B,3,social-group,LGB
R_3G2tqzW5PhqWeaf,124563,3317,0,0.0,Qwen3-8B,3,moral,care
R_3G2tqzW5PhqWeaf,124587,3318,0,0.0,Qwen3-8B,4,random,random
R_3G2tqzW5PhqWeaf,124611,3319,0,0.0,Qwen3-8B,2,social-group,jewish
R_3G2tqzW5PhqWeaf,124635,3320,0,0.0,Qwen3-8B,3,social-group,muslim
R_3G2tqzW5PhqWeaf,124659,3321,0,0.0,Qwen3-8B,5,social-group,christian
R_3G2tqzW5PhqWeaf,124683,3322,0,0.0,Qwen3-8B,4,social-group,christian
R_3G2tqzW5PhqWeaf,124707,3323,0,0.0,Qwen3-8B,2,social-group,christian
R_3G2tqzW5PhqWeaf,124731,3324,3,1.0,Qwen3-8B,5,social-group,jewish
R_3G2tqzW5PhqWeaf,124755,3325,0,0.0,Qwen3-8B,4,social-group,christian
R_3G2tqzW5PhqWeaf,124779,3326,0,0.0,Qwen3-8B,4,social-group,jewish
R_3G2tqzW5PhqWeaf,124803,3327,0,0.0,Qwen3-8B,3,social-group,LGB
R_3G2tqzW5PhqWeaf,124827,3328,0,0.0,Qwen3-8B,5,social-group,LGB
R_3G2tqzW5PhqWeaf,124851,3329,0,0.0,Qwen3-8B,1,social-group,muslim
R_3G2tqzW5PhqWeaf,124875,3330,0,0.0,Qwen3-8B,3,social-group,LGB
R_3G2tqzW5PhqWeaf,124899,3331,2,1.0,Qwen3-8B,5,social-group,muslim
R_3G2tqzW5PhqWeaf,124923,3332,0,0.0,Qwen3-8B,2,moral,loyalty
R_3G2tqzW5PhqWeaf,124947,3333,0,0.0,Qwen3-8B,3,social-group,jewish
R_3G2tqzW5PhqWeaf,124971,3334,0,0.0,Qwen3-8B,3,social-group,muslim
R_3G2tqzW5PhqWeaf,124995,3335,0,0.0,Qwen3-8B,5,social-group,muslim
R_3G2tqzW5PhqWeaf,125019,3336,0,0.0,Qwen3-8B,3,social-group,muslim
R_3G2tqzW5PhqWeaf,125043,3337,0,0.0,Qwen3-8B,5,social-group,jewish
R_3G2tqzW5PhqWeaf,125067,3338,0,0.0,Qwen3-8B,2,moral,fairness
R_3G2tqzW5PhqWeaf,125091,3339,0,0.0,Qwen3-8B,1,random,random
R_3G2tqzW5PhqWeaf,125115,3340,0,0.0,Qwen3-8B,5,social-group,christian
R_3G2tqzW5PhqWeaf,125139,3341,0,0.0,Qwen3-8B,5,social-group,jewish
R_3G2tqzW5PhqWeaf,125163,3342,1,0.0,Qwen3-8B,5,social-group,christian
R_3G2tqzW5PhqWeaf,125187,3343,0,0.0,Qwen3-8B,2,social-group,transgender
R_3G2tqzW5PhqWeaf,125211,3344,2,1.0,Qwen3-8B,4,social-group,transgender
R_vxdpoNdZaJXtmNj,35380,565,1,0.0,Qwen3-8B,3,random,random
R_vxdpoNdZaJXtmNj,35439,566,0,0.0,Qwen3-8B,3,random,random
R_vxdpoNdZaJXtmNj,35499,567,0,0.0,Qwen3-8B,1,random,random
R_vxdpoNdZaJXtmNj,35559,568,0,0.0,Qwen3-8B,4,random,random
R_vxdpoNdZaJXtmNj,35618,569,1,0.0,Qwen3-8B,3,random,random
R_vxdpoNdZaJXtmNj,35676,570,3,1.0,Qwen3-8B,5,random,random
R_vxdpoNdZaJXtmNj,35734,571,0,0.0,Qwen3-8B,2,random,random
R_vxdpoNdZaJXtmNj,35792,572,0,0.0,Qwen3-8B,1,random,random
R_vxdpoNdZaJXtmNj,35852,573,0,0.0,Qwen3-8B,1,random,random
R_vxdpoNdZaJXtmNj,35911,574,0,0.0,Qwen3-8B,3,random,random
R_vxdpoNdZaJXtmNj,35971,575,0,0.0,Qwen3-8B,4,random,random
R_vxdpoNdZaJXtmNj,36030,576,0,0.0,Qwen3-8B,1,random,random
R_vxdpoNdZaJXtmNj,36090,577,0,0.0,Qwen3-8B,2,random,random
R_vxdpoNdZaJXtmNj,36149,578,0,0.0,Qwen3-8B,5,random,random
R_vxdpoNdZaJXtmNj,36205,579,0,0.0,Qwen3-8B,2,random,random
R_vxdpoNdZaJXtmNj,36262,580,0,0.0,Qwen3-8B,2,random,random
R_vxdpoNdZaJXtmNj,36321,581,0,0.0,Qwen3-8B,2,random,random
R_vxdpoNdZaJXtmNj,36379,582,0,0.0,Qwen3-8B,1,random,random
R_vxdpoNdZaJXtmNj,36438,583,0,0.0,Qwen3-8B,2,random,random
R_vxdpoNdZaJXtmNj,36497,584,0,0.0,Qwen3-8B,3,random,random
R_vxdpoNdZaJXtmNj,36557,585,0,0.0,Qwen3-8B,1,random,random
R_vxdpoNdZaJXtmNj,36617,586,1,0.0,Qwen3-8B,5,random,random
R_vxdpoNdZaJXtmNj,36678,587,0,0.0,Qwen3-8B,2,random,random
R_vxdpoNdZaJXtmNj,36734,588,0,0.0,Qwen3-8B,1,random,random
R_vxdpoNdZaJXtmNj,36792,589,0,0.0,Qwen3-8B,2,random,random
R_vxdpoNdZaJXtmNj,36854,590,0,0.0,Qwen3-8B,4,random,random
R_vxdpoNdZaJXtmNj,36916,591,0,0.0,Qwen3-8B,3,random,random
R_vxdpoNdZaJXtmNj,36972,592,0,0.0,Qwen3-8B,3,random,random
R_vxdpoNdZaJXtmNj,37029,593,0,0.0,Qwen3-8B,3,random,random
R_vxdpoNdZaJXtmNj,37090,594,0,0.0,Qwen3-8B,3,random,random
R_vxdpoNdZaJXtmNj,37147,595,0,0.0,Qwen3-8B,3,random,random
R_vxdpoNdZaJXtmNj,37207,596,0,0.0,Qwen3-8B,4,random,random
R_vxdpoNdZaJXtmNj,37266,597,0,0.0,Qwen3-8B,1,random,random
R_vxdpoNdZaJXtmNj,37324,598,0,0.0,Qwen3-8B,2,random,random
R_vxdpoNdZaJXtmNj,37382,599,0,0.0,Qwen3-8B,3,random,random
R_1DGBxG19IrLNHDK,35381,565,4,1.0,Qwen3-8B,3,random,random
R_1DGBxG19IrLNHDK,35440,566,-1,,Qwen3-8B,3,random,random
R_1DGBxG19IrLNHDK,35500,567,0,0.0,Qwen3-8B,1,random,random
R_1DGBxG19IrLNHDK,35560,568,2,1.0,Qwen3-8B,4,random,random
R_1DGBxG19IrLNHDK,35619,569,1,0.0,Qwen3-8B,3,random,random
R_1DGBxG19IrLNHDK,35677,570,3,1.0,Qwen3-8B,5,random,random
R_1DGBxG19IrLNHDK,35735,571,-1,,Qwen3-8B,2,random,random
R_1DGBxG19IrLNHDK,35793,572,0,0.0,Qwen3-8B,1,random,random
R_1DGBxG19IrLNHDK,35853,573,-1,,Qwen3-8B,1,random,random
R_1DGBxG19IrLNHDK,35912,574,0,0.0,Qwen3-8B,3,random,random
R_1DGBxG19IrLNHDK,35972,575,1,0.0,Qwen3-8B,4,random,random
R_1DGBxG19IrLNHDK,36031,576,1,0.0,Qwen3-8B,1,random,random
R_1DGBxG19IrLNHDK,36091,577,1,0.0,Qwen3-8B,2,random,random
R_1DGBxG19IrLNHDK,36150,578,1,0.0,Qwen3-8B,5,random,random
R_1DGBxG19IrLNHDK,36206,579,1,0.0,Qwen3-8B,2,random,random
R_1DGBxG19IrLNHDK,36263,580,1,0.0,Qwen3-8B,2,random,random
R_1DGBxG19IrLNHDK,36322,581,3,1.0,Qwen3-8B,2,random,random
R_1DGBxG19IrLNHDK,36380,582,0,0.0,Qwen3-8B,1,random,random
R_1DGBxG19IrLNHDK,36439,583,1,0.0,Qwen3-8B,2,random,random
R_1DGBxG19IrLNHDK,36498,584,1,0.0,Qwen3-8B,3,random,random
R_1DGBxG19IrLNHDK,36558,585,-1,,Qwen3-8B,1,random,random
R_1DGBxG19IrLNHDK,36618,586,2,1.0,Qwen3-8B,5,random,random
R_1DGBxG19IrLNHDK,36679,587,1,0.0,Qwen3-8B,2,random,random
R_1DGBxG19IrLNHDK,36735,588,-1,,Qwen3-8B,1,random,random
R_1DGBxG19IrLNHDK,36793,589,0,0.0,Qwen3-8B,2,random,random
R_1DGBxG19IrLNHDK,36855,590,1,0.0,Qwen3-8B,4,random,random
R_1DGBxG19IrLNHDK,36917,591,1,0.0,Qwen3-8B,3,random,random
R_1DGBxG19IrLNHDK,36973,592,1,0.0,Qwen3-8B,3,random,random
R_1DGBxG19IrLNHDK,37030,593,2,1.0,Qwen3-8B,3,random,random
R_1DGBxG19IrLNHDK,37091,594,0,0.0,Qwen3-8B,3,random,random
R_1DGBxG19IrLNHDK,37148,595,1,0.0,Qwen3-8B,3,random,random
R_1DGBxG19IrLNHDK,37208,596,0,0.0,Qwen3-8B,4,random,random
R_1DGBxG19IrLNHDK,37267,597,-1,,Qwen3-8B,1,random,random
R_1DGBxG19IrLNHDK,37325,598,0,0.0,Qwen3-8B,2,random,random
R_1DGBxG19IrLNHDK,37383,599,0,0.0,Qwen3-8B,3,random,random
R_3ktX7XOpV8OD8Ju,35382,565,4,1.0,Qwen3-8B,3,random,random
R_3ktX7XOpV8OD8Ju,35441,566,1,0.0,Qwen3-8B,3,random,random
R_3ktX7XOpV8OD8Ju,35501,567,2,1.0,Qwen3-8B,1,random,random
R_3ktX7XOpV8OD8Ju,35561,568,1,0.0,Qwen3-8B,4,random,random
R_3ktX7XOpV8OD8Ju,35620,569,0,0.0,Qwen3-8B,3,random,random
R_3ktX7XOpV8OD8Ju,35678,570,1,0.0,Qwen3-8B,5,random,random
R_3ktX7XOpV8OD8Ju,35736,571,0,0.0,Qwen3-8B,2,random,random
R_3ktX7XOpV8OD8Ju,35794,572,0,0.0,Qwen3-8B,1,random,random
R_3ktX7XOpV8OD8Ju,35854,573,0,0.0,Qwen3-8B,1,random,random
R_3ktX7XOpV8OD8Ju,35913,574,0,0.0,Qwen3-8B,3,random,random
R_3ktX7XOpV8OD8Ju,35973,575,0,0.0,Qwen3-8B,4,random,random
R_3ktX7XOpV8OD8Ju,36032,576,0,0.0,Qwen3-8B,1,random,random
R_3ktX7XOpV8OD8Ju,36092,577,0,0.0,Qwen3-8B,2,random,random
R_3ktX7XOpV8OD8Ju,36151,578,0,0.0,Qwen3-8B,5,random,random
R_3ktX7XOpV8OD8Ju,36207,579,0,0.0,Qwen3-8B,2,random,random
R_3ktX7XOpV8OD8Ju,36264,580,0,0.0,Qwen3-8B,2,random,random
R_3ktX7XOpV8OD8Ju,36323,581,0,0.0,Qwen3-8B,2,random,random
R_3ktX7XOpV8OD8Ju,36381,582,0,0.0,Qwen3-8B,1,random,random
R_3ktX7XOpV8OD8Ju,36440,583,0,0.0,Qwen3-8B,2,random,random
R_3ktX7XOpV8OD8Ju,36499,584,0,0.0,Qwen3-8B,3,random,random
R_3ktX7XOpV8OD8Ju,36559,585,0,0.0,Qwen3-8B,1,random,random
R_3ktX7XOpV8OD8Ju,36619,586,2,1.0,Qwen3-8B,5,random,random
R_3ktX7XOpV8OD8Ju,36680,587,0,0.0,Qwen3-8B,2,random,random
R_3ktX7XOpV8OD8Ju,36736,588,0,0.0,Qwen3-8B,1,random,random
R_3ktX7XOpV8OD8Ju,36794,589,0,0.0,Qwen3-8B,2,random,random
R_3ktX7XOpV8OD8Ju,36856,590,0,0.0,Qwen3-8B,4,random,random
R_3ktX7XOpV8OD8Ju,36918,591,0,0.0,Qwen3-8B,3,random,random
R_3ktX7XOpV8OD8Ju,36974,592,0,0.0,Qwen3-8B,3,random,random
R_3ktX7XOpV8OD8Ju,37031,593,0,0.0,Qwen3-8B,3,random,random
R_3ktX7XOpV8OD8Ju,37092,594,0,0.0,Qwen3-8B,3,random,random
R_3ktX7XOpV8OD8Ju,37149,595,0,0.0,Qwen3-8B,3,random,random
R_3ktX7XOpV8OD8Ju,37209,596,0,0.0,Qwen3-8B,4,random,random
R_3ktX7XOpV8OD8Ju,37268,597,0,0.0,Qwen3-8B,1,random,random
R_3ktX7XOpV8OD8Ju,37326,598,0,0.0,Qwen3-8B,2,random,random
R_3ktX7XOpV8OD8Ju,37384,599,4,1.0,Qwen3-8B,3,random,random
R_2zhJsXKIthQfAoo,37433,600,0,0.0,Qwen3-8B,1,random,random
R_2zhJsXKIthQfAoo,37493,601,0,0.0,Qwen3-8B,1,random,random
R_2zhJsXKIthQfAoo,37552,602,0,0.0,Qwen3-8B,1,random,random
R_2zhJsXKIthQfAoo,37612,603,0,0.0,Qwen3-8B,3,random,random
R_2zhJsXKIthQfAoo,37670,604,0,0.0,Qwen3-8B,4,random,random
R_2zhJsXKIthQfAoo,37730,605,0,0.0,Qwen3-8B,2,random,random
R_2zhJsXKIthQfAoo,37790,606,0,0.0,Qwen3-8B,3,random,random
R_2zhJsXKIthQfAoo,37850,607,0,0.0,Qwen3-8B,3,random,random
R_2zhJsXKIthQfAoo,37910,608,0,0.0,Qwen3-8B,4,random,random
R_2zhJsXKIthQfAoo,37966,609,0,0.0,Qwen3-8B,1,random,random
R_2zhJsXKIthQfAoo,38025,610,0,0.0,Qwen3-8B,2,random,random
R_2zhJsXKIthQfAoo,38085,611,1,0.0,Qwen3-8B,2,random,random
R_2zhJsXKIthQfAoo,38143,612,0,0.0,Qwen3-8B,3,random,random
R_2zhJsXKIthQfAoo,38203,613,0,0.0,Qwen3-8B,3,random,random
R_2zhJsXKIthQfAoo,38261,614,0,0.0,Qwen3-8B,5,random,random
R_2zhJsXKIthQfAoo,38320,615,0,0.0,Qwen3-8B,4,random,random
R_2zhJsXKIthQfAoo,38380,616,0,0.0,Qwen3-8B,2,random,random
R_2zhJsXKIthQfAoo,38439,617,0,0.0,Qwen3-8B,2,random,random
R_2zhJsXKIthQfAoo,38499,618,0,0.0,Qwen3-8B,3,random,random
R_2zhJsXKIthQfAoo,38559,619,0,0.0,Qwen3-8B,4,random,random
R_2zhJsXKIthQfAoo,38619,620,0,0.0,Qwen3-8B,3,random,random
R_2zhJsXKIthQfAoo,38678,621,0,0.0,Qwen3-8B,1,random,random
R_2zhJsXKIthQfAoo,38734,622,0,0.0,Qwen3-8B,1,random,random
R_2zhJsXKIthQfAoo,38794,623,0,0.0,Qwen3-8B,3,random,random
R_2zhJsXKIthQfAoo,38853,624,0,0.0,Qwen3-8B,3,random,random
R_2zhJsXKIthQfAoo,38913,625,0,0.0,Qwen3-8B,3,random,random
R_2zhJsXKIthQfAoo,38974,626,0,0.0,Qwen3-8B,2,random,random
R_2zhJsXKIthQfAoo,39034,627,0,0.0,Qwen3-8B,2,random,random
R_2zhJsXKIthQfAoo,39092,628,0,0.0,Qwen3-8B,2,random,random
R_2zhJsXKIthQfAoo,39152,629,0,0.0,Qwen3-8B,1,random,random
R_2zhJsXKIthQfAoo,39212,630,0,0.0,Qwen3-8B,4,random,random
R_2zhJsXKIthQfAoo,39272,631,0,0.0,Qwen3-8B,2,random,random
R_2zhJsXKIthQfAoo,39331,632,0,0.0,Qwen3-8B,2,random,random
R_2zhJsXKIthQfAoo,39390,633,0,0.0,Qwen3-8B,2,random,random
R_2zhJsXKIthQfAoo,39450,634,0,0.0,Qwen3-8B,2,random,random
R_3P25tYkf4z3d7Tr,37453,600,-1,,Qwen3-8B,1,random,random
R_3P25tYkf4z3d7Tr,37514,601,0,0.0,Qwen3-8B,1,random,random
R_3P25tYkf4z3d7Tr,37573,602,0,0.0,Qwen3-8B,1,random,random
R_3P25tYkf4z3d7Tr,37634,603,0,0.0,Qwen3-8B,3,random,random
R_3P25tYkf4z3d7Tr,37691,604,2,1.0,Qwen3-8B,4,random,random
R_3P25tYkf4z3d7Tr,37751,605,-1,,Qwen3-8B,2,random,random
R_3P25tYkf4z3d7Tr,37811,606,-1,,Qwen3-8B,3,random,random
R_3P25tYkf4z3d7Tr,37871,607,0,0.0,Qwen3-8B,3,random,random
R_3P25tYkf4z3d7Tr,37932,608,0,0.0,Qwen3-8B,4,random,random
R_3P25tYkf4z3d7Tr,37987,609,0,0.0,Qwen3-8B,1,random,random
R_3P25tYkf4z3d7Tr,38045,610,0,0.0,Qwen3-8B,2,random,random
R_3P25tYkf4z3d7Tr,38107,611,0,0.0,Qwen3-8B,2,random,random
R_3P25tYkf4z3d7Tr,38165,612,0,0.0,Qwen3-8B,3,random,random
R_3P25tYkf4z3d7Tr,38224,613,0,0.0,Qwen3-8B,3,random,random
R_3P25tYkf4z3d7Tr,38282,614,2,1.0,Qwen3-8B,5,random,random
R_3P25tYkf4z3d7Tr,38343,615,2,1.0,Qwen3-8B,4,random,random
R_3P25tYkf4z3d7Tr,38401,616,2,1.0,Qwen3-8B,2,random,random
R_3P25tYkf4z3d7Tr,38460,617,1,0.0,Qwen3-8B,2,random,random
R_3P25tYkf4z3d7Tr,38520,618,3,1.0,Qwen3-8B,3,random,random
R_3P25tYkf4z3d7Tr,38580,619,0,0.0,Qwen3-8B,4,random,random
R_3P25tYkf4z3d7Tr,38640,620,0,0.0,Qwen3-8B,3,random,random
R_3P25tYkf4z3d7Tr,38696,621,0,0.0,Qwen3-8B,1,random,random
R_3P25tYkf4z3d7Tr,38755,622,0,0.0,Qwen3-8B,1,random,random
R_3P25tYkf4z3d7Tr,38815,623,0,0.0,Qwen3-8B,3,random,random
R_3P25tYkf4z3d7Tr,38874,624,0,0.0,Qwen3-8B,3,random,random
R_3P25tYkf4z3d7Tr,38934,625,0,0.0,Qwen3-8B,3,random,random
R_3P25tYkf4z3d7Tr,38995,626,1,0.0,Qwen3-8B,2,random,random
R_3P25tYkf4z3d7Tr,39054,627,0,0.0,Qwen3-8B,2,random,random
R_3P25tYkf4z3d7Tr,39113,628,0,0.0,Qwen3-8B,2,random,random
R_3P25tYkf4z3d7Tr,39174,629,0,0.0,Qwen3-8B,1,random,random
R_3P25tYkf4z3d7Tr,39232,630,1,0.0,Qwen3-8B,4,random,random
R_3P25tYkf4z3d7Tr,39293,631,-1,,Qwen3-8B,2,random,random
R_3P25tYkf4z3d7Tr,39352,632,0,0.0,Qwen3-8B,2,random,random
R_3P25tYkf4z3d7Tr,39411,633,0,0.0,Qwen3-8B,2,random,random
R_3P25tYkf4z3d7Tr,39472,634,0,0.0,Qwen3-8B,2,random,random
R_11aLFiujI3I0oGd,39514,635,-1,,Qwen3-8B,3,random,random
R_11aLFiujI3I0oGd,39574,636,1,0.0,Qwen3-8B,5,random,random
R_11aLFiujI3I0oGd,39633,637,1,0.0,Qwen3-8B,3,random,random
R_11aLFiujI3I0oGd,39692,638,0,0.0,Qwen3-8B,1,random,random
R_11aLFiujI3I0oGd,39752,639,0,0.0,Qwen3-8B,1,random,random
R_11aLFiujI3I0oGd,39811,640,0,0.0,Qwen3-8B,2,random,random
R_11aLFiujI3I0oGd,39874,641,0,0.0,Qwen3-8B,3,random,random
R_11aLFiujI3I0oGd,39932,642,2,1.0,Qwen3-8B,4,random,random
R_11aLFiujI3I0oGd,39992,643,2,1.0,Qwen3-8B,4,random,random
R_11aLFiujI3I0oGd,40051,644,1,0.0,Qwen3-8B,2,random,random
R_11aLFiujI3I0oGd,40112,645,0,0.0,Qwen3-8B,5,random,random
R_11aLFiujI3I0oGd,40173,646,0,0.0,Qwen3-8B,1,random,random
R_11aLFiujI3I0oGd,40232,647,0,0.0,Qwen3-8B,3,random,random
R_11aLFiujI3I0oGd,40292,648,0,0.0,Qwen3-8B,2,random,random
R_11aLFiujI3I0oGd,40352,649,2,1.0,Qwen3-8B,4,random,random
R_11aLFiujI3I0oGd,40413,650,0,0.0,Qwen3-8B,1,random,random
R_11aLFiujI3I0oGd,40474,651,0,0.0,Qwen3-8B,2,random,random
R_11aLFiujI3I0oGd,40535,652,1,0.0,Qwen3-8B,3,random,random
R_11aLFiujI3I0oGd,40595,653,0,0.0,Qwen3-8B,3,random,random
R_11aLFiujI3I0oGd,40656,654,0,0.0,Qwen3-8B,1,random,random
R_11aLFiujI3I0oGd,40716,655,0,0.0,Qwen3-8B,1,random,random
R_11aLFiujI3I0oGd,40775,656,0,0.0,Qwen3-8B,2,random,random
R_11aLFiujI3I0oGd,40836,657,0,0.0,Qwen3-8B,2,random,random
R_11aLFiujI3I0oGd,40896,658,0,0.0,Qwen3-8B,3,random,random
R_11aLFiujI3I0oGd,40955,659,0,0.0,Qwen3-8B,4,random,random
R_11aLFiujI3I0oGd,41017,660,0,0.0,Qwen3-8B,2,random,random
R_11aLFiujI3I0oGd,41076,661,0,0.0,Qwen3-8B,3,random,random
R_11aLFiujI3I0oGd,41137,662,0,0.0,Qwen3-8B,1,random,random
R_11aLFiujI3I0oGd,41197,663,0,0.0,Qwen3-8B,1,random,random
R_11aLFiujI3I0oGd,41258,664,0,0.0,Qwen3-8B,1,random,random
R_11aLFiujI3I0oGd,41319,665,0,0.0,Qwen3-8B,1,random,random
R_11aLFiujI3I0oGd,41379,666,0,0.0,Qwen3-8B,1,random,random
R_11aLFiujI3I0oGd,41441,667,0,0.0,Qwen3-8B,2,random,random
R_11aLFiujI3I0oGd,41500,668,0,0.0,Qwen3-8B,1,random,random
R_11aLFiujI3I0oGd,41560,669,0,0.0,Qwen3-8B,3,random,random
R_1JEDu5mFkBdKRbm,39528,635,-1,,Qwen3-8B,3,random,random
R_1JEDu5mFkBdKRbm,39587,636,0,0.0,Qwen3-8B,5,random,random
R_1JEDu5mFkBdKRbm,39647,637,0,0.0,Qwen3-8B,3,random,random
R_1JEDu5mFkBdKRbm,39706,638,0,0.0,Qwen3-8B,1,random,random
R_1JEDu5mFkBdKRbm,39766,639,0,0.0,Qwen3-8B,1,random,random
R_1JEDu5mFkBdKRbm,39825,640,0,0.0,Qwen3-8B,2,random,random
R_1JEDu5mFkBdKRbm,39888,641,0,0.0,Qwen3-8B,3,random,random
R_1JEDu5mFkBdKRbm,39946,642,2,1.0,Qwen3-8B,4,random,random
R_1JEDu5mFkBdKRbm,40006,643,1,0.0,Qwen3-8B,4,random,random
R_1JEDu5mFkBdKRbm,40065,644,0,0.0,Qwen3-8B,2,random,random
R_1JEDu5mFkBdKRbm,40126,645,0,0.0,Qwen3-8B,5,random,random
R_1JEDu5mFkBdKRbm,40187,646,0,0.0,Qwen3-8B,1,random,random
R_1JEDu5mFkBdKRbm,40246,647,0,0.0,Qwen3-8B,3,random,random
R_1JEDu5mFkBdKRbm,40305,648,0,0.0,Qwen3-8B,2,random,random
R_1JEDu5mFkBdKRbm,40366,649,0,0.0,Qwen3-8B,4,random,random
R_1JEDu5mFkBdKRbm,40427,650,0,0.0,Qwen3-8B,1,random,random
R_1JEDu5mFkBdKRbm,40488,651,0,0.0,Qwen3-8B,2,random,random
R_1JEDu5mFkBdKRbm,40549,652,0,0.0,Qwen3-8B,3,random,random
R_1JEDu5mFkBdKRbm,40609,653,0,0.0,Qwen3-8B,3,random,random
R_1JEDu5mFkBdKRbm,40669,654,0,0.0,Qwen3-8B,1,random,random
R_1JEDu5mFkBdKRbm,40730,655,0,0.0,Qwen3-8B,1,random,random
R_1JEDu5mFkBdKRbm,40789,656,0,0.0,Qwen3-8B,2,random,random
R_1JEDu5mFkBdKRbm,40850,657,1,0.0,Qwen3-8B,2,random,random
R_1JEDu5mFkBdKRbm,40909,658,0,0.0,Qwen3-8B,3,random,random
R_1JEDu5mFkBdKRbm,40969,659,4,1.0,Qwen3-8B,4,random,random
R_1JEDu5mFkBdKRbm,41031,660,0,0.0,Qwen3-8B,2,random,random
R_1JEDu5mFkBdKRbm,41090,661,0,0.0,Qwen3-8B,3,random,random
R_1JEDu5mFkBdKRbm,41151,662,0,0.0,Qwen3-8B,1,random,random
R_1JEDu5mFkBdKRbm,41211,663,0,0.0,Qwen3-8B,1,random,random
R_1JEDu5mFkBdKRbm,41272,664,-1,,Qwen3-8B,1,random,random
R_1JEDu5mFkBdKRbm,41333,665,0,0.0,Qwen3-8B,1,random,random
R_1JEDu5mFkBdKRbm,41393,666,0,0.0,Qwen3-8B,1,random,random
R_1JEDu5mFkBdKRbm,41454,667,0,0.0,Qwen3-8B,2,random,random
R_1JEDu5mFkBdKRbm,41513,668,0,0.0,Qwen3-8B,1,random,random
R_1JEDu5mFkBdKRbm,41574,669,0,0.0,Qwen3-8B,3,random,random
R_23TCBdPKtXkH4wj,39538,635,2,1.0,Qwen3-8B,3,random,random
R_23TCBdPKtXkH4wj,39598,636,4,1.0,Qwen3-8B,5,random,random
R_23TCBdPKtXkH4wj,39656,637,0,0.0,Qwen3-8B,3,random,random
R_23TCBdPKtXkH4wj,39716,638,0,0.0,Qwen3-8B,1,random,random
R_23TCBdPKtXkH4wj,39777,639,0,0.0,Qwen3-8B,1,random,random
R_23TCBdPKtXkH4wj,39835,640,0,0.0,Qwen3-8B,2,random,random
R_23TCBdPKtXkH4wj,39896,641,4,1.0,Qwen3-8B,3,random,random
R_23TCBdPKtXkH4wj,39957,642,2,1.0,Qwen3-8B,4,random,random
R_23TCBdPKtXkH4wj,40016,643,4,1.0,Qwen3-8B,4,random,random
R_23TCBdPKtXkH4wj,40076,644,1,0.0,Qwen3-8B,2,random,random
R_23TCBdPKtXkH4wj,40137,645,3,1.0,Qwen3-8B,5,random,random
R_23TCBdPKtXkH4wj,40196,646,0,0.0,Qwen3-8B,1,random,random
R_23TCBdPKtXkH4wj,40257,647,3,1.0,Qwen3-8B,3,random,random
R_23TCBdPKtXkH4wj,40316,648,4,1.0,Qwen3-8B,2,random,random
R_23TCBdPKtXkH4wj,40377,649,4,1.0,Qwen3-8B,4,random,random
R_23TCBdPKtXkH4wj,40437,650,3,1.0,Qwen3-8B,1,random,random
R_23TCBdPKtXkH4wj,40498,651,0,0.0,Qwen3-8B,2,random,random
R_23TCBdPKtXkH4wj,40560,652,4,1.0,Qwen3-8B,3,random,random
R_23TCBdPKtXkH4wj,40620,653,3,1.0,Qwen3-8B,3,random,random
R_23TCBdPKtXkH4wj,40680,654,3,1.0,Qwen3-8B,1,random,random
R_23TCBdPKtXkH4wj,40739,655,0,0.0,Qwen3-8B,1,random,random
R_23TCBdPKtXkH4wj,40800,656,3,1.0,Qwen3-8B,2,random,random
R_23TCBdPKtXkH4wj,40861,657,1,0.0,Qwen3-8B,2,random,random
R_23TCBdPKtXkH4wj,40920,658,0,0.0,Qwen3-8B,3,random,random
R_23TCBdPKtXkH4wj,40980,659,4,1.0,Qwen3-8B,4,random,random
R_23TCBdPKtXkH4wj,41040,660,3,1.0,Qwen3-8B,2,random,random
R_23TCBdPKtXkH4wj,41100,661,3,1.0,Qwen3-8B,3,random,random
R_23TCBdPKtXkH4wj,41162,662,0,0.0,Qwen3-8B,1,random,random
R_23TCBdPKtXkH4wj,41221,663,1,0.0,Qwen3-8B,1,random,random
R_23TCBdPKtXkH4wj,41283,664,0,0.0,Qwen3-8B,1,random,random
R_23TCBdPKtXkH4wj,41344,665,1,0.0,Qwen3-8B,1,random,random
R_23TCBdPKtXkH4wj,41404,666,1,0.0,Qwen3-8B,1,random,random
R_23TCBdPKtXkH4wj,41465,667,4,1.0,Qwen3-8B,2,random,random
R_23TCBdPKtXkH4wj,41524,668,0,0.0,Qwen3-8B,1,random,random
R_23TCBdPKtXkH4wj,41585,669,1,0.0,Qwen3-8B,3,random,random
R_bkptbFkRsjZoVqh,39539,635,3,1.0,Qwen3-8B,3,random,random
R_bkptbFkRsjZoVqh,39599,636,4,1.0,Qwen3-8B,5,random,random
R_bkptbFkRsjZoVqh,39657,637,2,1.0,Qwen3-8B,3,random,random
R_bkptbFkRsjZoVqh,39717,638,1,0.0,Qwen3-8B,1,random,random
R_bkptbFkRsjZoVqh,39778,639,1,0.0,Qwen3-8B,1,random,random
R_bkptbFkRsjZoVqh,39836,640,0,0.0,Qwen3-8B,2,random,random
R_bkptbFkRsjZoVqh,39897,641,0,0.0,Qwen3-8B,3,random,random
R_bkptbFkRsjZoVqh,39958,642,2,1.0,Qwen3-8B,4,random,random
R_bkptbFkRsjZoVqh,40017,643,4,1.0,Qwen3-8B,4,random,random
R_bkptbFkRsjZoVqh,40077,644,0,0.0,Qwen3-8B,2,random,random
R_bkptbFkRsjZoVqh,40138,645,0,0.0,Qwen3-8B,5,random,random
R_bkptbFkRsjZoVqh,40197,646,0,0.0,Qwen3-8B,1,random,random
R_bkptbFkRsjZoVqh,40258,647,0,0.0,Qwen3-8B,3,random,random
R_bkptbFkRsjZoVqh,40317,648,0,0.0,Qwen3-8B,2,random,random
R_bkptbFkRsjZoVqh,40378,649,1,0.0,Qwen3-8B,4,random,random
R_bkptbFkRsjZoVqh,40438,650,0,0.0,Qwen3-8B,1,random,random
R_bkptbFkRsjZoVqh,40499,651,1,0.0,Qwen3-8B,2,random,random
R_bkptbFkRsjZoVqh,40561,652,0,0.0,Qwen3-8B,3,random,random
R_bkptbFkRsjZoVqh,40621,653,0,0.0,Qwen3-8B,3,random,random
R_bkptbFkRsjZoVqh,40681,654,0,0.0,Qwen3-8B,1,random,random
R_bkptbFkRsjZoVqh,40740,655,0,0.0,Qwen3-8B,1,random,random
R_bkptbFkRsjZoVqh,40801,656,1,0.0,Qwen3-8B,2,random,random
R_bkptbFkRsjZoVqh,40862,657,0,0.0,Qwen3-8B,2,random,random
R_bkptbFkRsjZoVqh,40921,658,1,0.0,Qwen3-8B,3,random,random
R_bkptbFkRsjZoVqh,40981,659,0,0.0,Qwen3-8B,4,random,random
R_bkptbFkRsjZoVqh,41041,660,0,0.0,Qwen3-8B,2,random,random
R_bkptbFkRsjZoVqh,41101,661,0,0.0,Qwen3-8B,3,random,random
R_bkptbFkRsjZoVqh,41163,662,0,0.0,Qwen3-8B,1,random,random
R_bkptbFkRsjZoVqh,41222,663,0,0.0,Qwen3-8B,1,random,random
R_bkptbFkRsjZoVqh,41284,664,-1,,Qwen3-8B,1,random,random
R_bkptbFkRsjZoVqh,41345,665,0,0.0,Qwen3-8B,1,random,random
R_bkptbFkRsjZoVqh,41405,666,0,0.0,Qwen3-8B,1,random,random
R_bkptbFkRsjZoVqh,41466,667,0,0.0,Qwen3-8B,2,random,random
R_bkptbFkRsjZoVqh,41525,668,0,0.0,Qwen3-8B,1,random,random
R_bkptbFkRsjZoVqh,41586,669,3,1.0,Qwen3-8B,3,random,random
R_1j8Itci3lzqzcCJ,39545,635,0,0.0,Qwen3-8B,3,random,random
R_1j8Itci3lzqzcCJ,39605,636,1,0.0,Qwen3-8B,5,random,random
R_1j8Itci3lzqzcCJ,39663,637,0,0.0,Qwen3-8B,3,random,random
R_1j8Itci3lzqzcCJ,39724,638,3,1.0,Qwen3-8B,1,random,random
R_1j8Itci3lzqzcCJ,39783,639,3,1.0,Qwen3-8B,1,random,random
R_1j8Itci3lzqzcCJ,39844,640,1,0.0,Qwen3-8B,2,random,random
R_1j8Itci3lzqzcCJ,39903,641,0,0.0,Qwen3-8B,3,random,random
R_1j8Itci3lzqzcCJ,39964,642,1,0.0,Qwen3-8B,4,random,random
R_1j8Itci3lzqzcCJ,40023,643,2,1.0,Qwen3-8B,4,random,random
R_1j8Itci3lzqzcCJ,40084,644,0,0.0,Qwen3-8B,2,random,random
R_1j8Itci3lzqzcCJ,40144,645,0,0.0,Qwen3-8B,5,random,random
R_1j8Itci3lzqzcCJ,40204,646,0,0.0,Qwen3-8B,1,random,random
R_1j8Itci3lzqzcCJ,40264,647,0,0.0,Qwen3-8B,3,random,random
R_1j8Itci3lzqzcCJ,40323,648,2,1.0,Qwen3-8B,2,random,random
R_1j8Itci3lzqzcCJ,40384,649,0,0.0,Qwen3-8B,4,random,random
R_1j8Itci3lzqzcCJ,40445,650,0,0.0,Qwen3-8B,1,random,random
R_1j8Itci3lzqzcCJ,40506,651,1,0.0,Qwen3-8B,2,random,random
R_1j8Itci3lzqzcCJ,40567,652,2,1.0,Qwen3-8B,3,random,random
R_1j8Itci3lzqzcCJ,40627,653,3,1.0,Qwen3-8B,3,random,random
R_1j8Itci3lzqzcCJ,40688,654,1,0.0,Qwen3-8B,1,random,random
R_1j8Itci3lzqzcCJ,40746,655,3,1.0,Qwen3-8B,1,random,random
R_1j8Itci3lzqzcCJ,40808,656,2,1.0,Qwen3-8B,2,random,random
R_1j8Itci3lzqzcCJ,40868,657,0,0.0,Qwen3-8B,2,random,random
R_1j8Itci3lzqzcCJ,40927,658,0,0.0,Qwen3-8B,3,random,random
R_1j8Itci3lzqzcCJ,40988,659,3,1.0,Qwen3-8B,4,random,random
R_1j8Itci3lzqzcCJ,41048,660,2,1.0,Qwen3-8B,2,random,random
R_1j8Itci3lzqzcCJ,41108,661,1,0.0,Qwen3-8B,3,random,random
R_1j8Itci3lzqzcCJ,41168,662,3,1.0,Qwen3-8B,1,random,random
R_1j8Itci3lzqzcCJ,41229,663,1,0.0,Qwen3-8B,1,random,random
R_1j8Itci3lzqzcCJ,41290,664,0,0.0,Qwen3-8B,1,random,random
R_1j8Itci3lzqzcCJ,41351,665,2,1.0,Qwen3-8B,1,random,random
R_1j8Itci3lzqzcCJ,41412,666,3,1.0,Qwen3-8B,1,random,random
R_1j8Itci3lzqzcCJ,41472,667,0,0.0,Qwen3-8B,2,random,random
R_1j8Itci3lzqzcCJ,41531,668,0,0.0,Qwen3-8B,1,random,random
R_1j8Itci3lzqzcCJ,41592,669,0,0.0,Qwen3-8B,3,random,random
R_3nrtcl1Z6ggc9TF,41616,670,3,1.0,Qwen3-8B,3,random,random
R_3nrtcl1Z6ggc9TF,41679,671,0,0.0,Qwen3-8B,3,random,random
R_3nrtcl1Z6ggc9TF,41743,672,4,1.0,Qwen3-8B,1,random,random
R_3nrtcl1Z6ggc9TF,41804,673,4,1.0,Qwen3-8B,3,random,random
R_3nrtcl1Z6ggc9TF,41866,674,-1,,Qwen3-8B,2,random,random
R_3nrtcl1Z6ggc9TF,41927,675,4,1.0,Qwen3-8B,4,random,random
R_3nrtcl1Z6ggc9TF,41991,676,4,1.0,Qwen3-8B,3,random,random
R_3nrtcl1Z6ggc9TF,42054,677,3,1.0,Qwen3-8B,3,random,random
R_3nrtcl1Z6ggc9TF,42117,678,-1,,Qwen3-8B,2,random,random
R_3nrtcl1Z6ggc9TF,42180,679,4,1.0,Qwen3-8B,4,random,random
R_3nrtcl1Z6ggc9TF,42241,680,0,0.0,Qwen3-8B,2,random,random
R_3nrtcl1Z6ggc9TF,42302,681,-1,,Qwen3-8B,1,random,random
R_3nrtcl1Z6ggc9TF,42345,682,3,1.0,Qwen3-8B,3,random,random
R_3nrtcl1Z6ggc9TF,42409,683,4,1.0,Qwen3-8B,3,random,random
R_3nrtcl1Z6ggc9TF,42471,684,3,1.0,Qwen3-8B,3,random,random
R_3nrtcl1Z6ggc9TF,42535,685,-1,,Qwen3-8B,1,random,random
R_3nrtcl1Z6ggc9TF,42598,686,3,1.0,Qwen3-8B,3,random,random
R_3nrtcl1Z6ggc9TF,42661,687,-1,,Qwen3-8B,3,random,random
R_3nrtcl1Z6ggc9TF,42725,688,2,1.0,Qwen3-8B,1,random,random
R_3nrtcl1Z6ggc9TF,42789,689,4,1.0,Qwen3-8B,3,random,random
R_3nrtcl1Z6ggc9TF,42853,690,2,1.0,Qwen3-8B,2,random,random
R_3nrtcl1Z6ggc9TF,42916,691,-1,,Qwen3-8B,3,random,random
R_3nrtcl1Z6ggc9TF,42977,692,2,1.0,Qwen3-8B,2,random,random
R_3nrtcl1Z6ggc9TF,43040,693,2,1.0,Qwen3-8B,1,random,random
R_3nrtcl1Z6ggc9TF,43103,694,4,1.0,Qwen3-8B,5,random,random
R_3nrtcl1Z6ggc9TF,43166,695,3,1.0,Qwen3-8B,1,random,random
R_3nrtcl1Z6ggc9TF,43230,696,3,1.0,Qwen3-8B,3,random,random
R_3nrtcl1Z6ggc9TF,43294,697,4,1.0,Qwen3-8B,2,random,random
R_3nrtcl1Z6ggc9TF,43357,698,4,1.0,Qwen3-8B,4,random,random
R_3nrtcl1Z6ggc9TF,43419,699,4,1.0,Qwen3-8B,3,random,random
R_3nrtcl1Z6ggc9TF,43482,700,4,1.0,Qwen3-8B,2,random,random
R_3nrtcl1Z6ggc9TF,43545,701,-1,,Qwen3-8B,1,random,random
R_3nrtcl1Z6ggc9TF,43608,702,3,1.0,Qwen3-8B,3,random,random
R_3nrtcl1Z6ggc9TF,43670,703,3,1.0,Qwen3-8B,1,random,random
R_3nrtcl1Z6ggc9TF,43733,704,3,1.0,Qwen3-8B,3,random,random
R_2tsdaBijdfTc0Ia,41638,670,2,1.0,Qwen3-8B,3,random,random
R_2tsdaBijdfTc0Ia,41702,671,0,0.0,Qwen3-8B,3,random,random
R_2tsdaBijdfTc0Ia,41764,672,3,1.0,Qwen3-8B,1,random,random
R_2tsdaBijdfTc0Ia,41825,673,3,1.0,Qwen3-8B,3,random,random
R_2tsdaBijdfTc0Ia,41887,674,0,0.0,Qwen3-8B,2,random,random
R_2tsdaBijdfTc0Ia,41949,675,3,1.0,Qwen3-8B,4,random,random
R_2tsdaBijdfTc0Ia,42013,676,3,1.0,Qwen3-8B,3,random,random
R_2tsdaBijdfTc0Ia,42076,677,3,1.0,Qwen3-8B,3,random,random
R_2tsdaBijdfTc0Ia,42139,678,1,0.0,Qwen3-8B,2,random,random
R_2tsdaBijdfTc0Ia,42199,679,4,1.0,Qwen3-8B,4,random,random
R_2tsdaBijdfTc0Ia,42263,680,0,0.0,Qwen3-8B,2,random,random
R_2tsdaBijdfTc0Ia,42315,681,1,0.0,Qwen3-8B,1,random,random
R_2tsdaBijdfTc0Ia,42367,682,2,1.0,Qwen3-8B,3,random,random
R_2tsdaBijdfTc0Ia,42431,683,0,0.0,Qwen3-8B,3,random,random
R_2tsdaBijdfTc0Ia,42493,684,2,1.0,Qwen3-8B,3,random,random
R_2tsdaBijdfTc0Ia,42556,685,3,1.0,Qwen3-8B,1,random,random
R_2tsdaBijdfTc0Ia,42620,686,1,0.0,Qwen3-8B,3,random,random
R_2tsdaBijdfTc0Ia,42683,687,1,0.0,Qwen3-8B,3,random,random
R_2tsdaBijdfTc0Ia,42747,688,1,0.0,Qwen3-8B,1,random,random
R_2tsdaBijdfTc0Ia,42811,689,0,0.0,Qwen3-8B,3,random,random
R_2tsdaBijdfTc0Ia,42875,690,1,0.0,Qwen3-8B,2,random,random
R_2tsdaBijdfTc0Ia,42937,691,0,0.0,Qwen3-8B,3,random,random
R_2tsdaBijdfTc0Ia,42999,692,2,1.0,Qwen3-8B,2,random,random
R_2tsdaBijdfTc0Ia,43062,693,0,0.0,Qwen3-8B,1,random,random
R_2tsdaBijdfTc0Ia,43127,694,3,1.0,Qwen3-8B,5,random,random
R_2tsdaBijdfTc0Ia,43188,695,1,0.0,Qwen3-8B,1,random,random
R_2tsdaBijdfTc0Ia,43252,696,0,0.0,Qwen3-8B,3,random,random
R_2tsdaBijdfTc0Ia,43316,697,1,0.0,Qwen3-8B,2,random,random
R_2tsdaBijdfTc0Ia,43379,698,3,1.0,Qwen3-8B,4,random,random
R_2tsdaBijdfTc0Ia,43441,699,0,0.0,Qwen3-8B,3,random,random
R_2tsdaBijdfTc0Ia,43504,700,1,0.0,Qwen3-8B,2,random,random
R_2tsdaBijdfTc0Ia,43567,701,0,0.0,Qwen3-8B,1,random,random
R_2tsdaBijdfTc0Ia,43630,702,1,0.0,Qwen3-8B,3,random,random
R_2tsdaBijdfTc0Ia,43692,703,3,1.0,Qwen3-8B,1,random,random
R_2tsdaBijdfTc0Ia,43754,704,3,1.0,Qwen3-8B,3,random,random
R_2rVdIFEpk250Y3u,41647,670,0,0.0,Qwen3-8B,3,random,random
R_2rVdIFEpk250Y3u,41710,671,2,1.0,Qwen3-8B,3,random,random
R_2rVdIFEpk250Y3u,41771,672,0,0.0,Qwen3-8B,1,random,random
R_2rVdIFEpk250Y3u,41834,673,0,0.0,Qwen3-8B,3,random,random
R_2rVdIFEpk250Y3u,41894,674,1,0.0,Qwen3-8B,2,random,random
R_2rVdIFEpk250Y3u,41958,675,3,1.0,Qwen3-8B,4,random,random
R_2rVdIFEpk250Y3u,42021,676,3,1.0,Qwen3-8B,3,random,random
R_2rVdIFEpk250Y3u,42085,677,3,1.0,Qwen3-8B,3,random,random
R_2rVdIFEpk250Y3u,42148,678,0,0.0,Qwen3-8B,2,random,random
R_2rVdIFEpk250Y3u,42207,679,1,0.0,Qwen3-8B,4,random,random
R_2rVdIFEpk250Y3u,42272,680,-1,,Qwen3-8B,2,random,random
R_2rVdIFEpk250Y3u,42321,681,2,1.0,Qwen3-8B,1,random,random
R_2rVdIFEpk250Y3u,42376,682,4,1.0,Qwen3-8B,3,random,random
R_2rVdIFEpk250Y3u,42439,683,0,0.0,Qwen3-8B,3,random,random
R_2rVdIFEpk250Y3u,42502,684,1,0.0,Qwen3-8B,3,random,random
R_2rVdIFEpk250Y3u,42565,685,2,1.0,Qwen3-8B,1,random,random
R_2rVdIFEpk250Y3u,42628,686,0,0.0,Qwen3-8B,3,random,random
R_2rVdIFEpk250Y3u,42692,687,0,0.0,Qwen3-8B,3,random,random
R_2rVdIFEpk250Y3u,42756,688,0,0.0,Qwen3-8B,1,random,random
R_2rVdIFEpk250Y3u,42819,689,0,0.0,Qwen3-8B,3,random,random
R_2rVdIFEpk250Y3u,42884,690,0,0.0,Qwen3-8B,2,random,random
R_2rVdIFEpk250Y3u,42945,691,2,1.0,Qwen3-8B,3,random,random
R_2rVdIFEpk250Y3u,43008,692,-1,,Qwen3-8B,2,random,random
R_2rVdIFEpk250Y3u,43071,693,2,1.0,Qwen3-8B,1,random,random
R_2rVdIFEpk250Y3u,43135,694,1,0.0,Qwen3-8B,5,random,random
R_2rVdIFEpk250Y3u,43196,695,0,0.0,Qwen3-8B,1,random,random
R_2rVdIFEpk250Y3u,43261,696,1,0.0,Qwen3-8B,3,random,random
R_2rVdIFEpk250Y3u,43323,697,2,1.0,Qwen3-8B,2,random,random
R_2rVdIFEpk250Y3u,43388,698,3,1.0,Qwen3-8B,4,random,random
R_2rVdIFEpk250Y3u,43449,699,3,1.0,Qwen3-8B,3,random,random
R_2rVdIFEpk250Y3u,43513,700,-1,,Qwen3-8B,2,random,random
R_2rVdIFEpk250Y3u,43575,701,0,0.0,Qwen3-8B,1,random,random
R_2rVdIFEpk250Y3u,43638,702,0,0.0,Qwen3-8B,3,random,random
R_2rVdIFEpk250Y3u,43700,703,0,0.0,Qwen3-8B,1,random,random
R_2rVdIFEpk250Y3u,43763,704,-1,,Qwen3-8B,3,random,random
R_28UnC65PbUbwggz,41666,670,0,0.0,Qwen3-8B,3,random,random
R_28UnC65PbUbwggz,41730,671,0,0.0,Qwen3-8B,3,random,random
R_28UnC65PbUbwggz,41791,672,1,0.0,Qwen3-8B,1,random,random
R_28UnC65PbUbwggz,41853,673,0,0.0,Qwen3-8B,3,random,random
R_28UnC65PbUbwggz,41914,674,0,0.0,Qwen3-8B,2,random,random
R_28UnC65PbUbwggz,41978,675,0,0.0,Qwen3-8B,4,random,random
R_28UnC65PbUbwggz,42041,676,0,0.0,Qwen3-8B,3,random,random
R_28UnC65PbUbwggz,42105,677,0,0.0,Qwen3-8B,3,random,random
R_28UnC65PbUbwggz,42168,678,0,0.0,Qwen3-8B,2,random,random
R_28UnC65PbUbwggz,42228,679,0,0.0,Qwen3-8B,4,random,random
R_28UnC65PbUbwggz,42292,680,0,0.0,Qwen3-8B,2,random,random
R_28UnC65PbUbwggz,42335,681,0,0.0,Qwen3-8B,1,random,random
R_28UnC65PbUbwggz,42396,682,0,0.0,Qwen3-8B,3,random,random
R_28UnC65PbUbwggz,42459,683,0,0.0,Qwen3-8B,3,random,random
R_28UnC65PbUbwggz,42522,684,0,0.0,Qwen3-8B,3,random,random
R_28UnC65PbUbwggz,42586,685,0,0.0,Qwen3-8B,1,random,random
R_28UnC65PbUbwggz,42648,686,0,0.0,Qwen3-8B,3,random,random
R_28UnC65PbUbwggz,42712,687,0,0.0,Qwen3-8B,3,random,random
R_28UnC65PbUbwggz,42776,688,0,0.0,Qwen3-8B,1,random,random
R_28UnC65PbUbwggz,42840,689,0,0.0,Qwen3-8B,3,random,random
R_28UnC65PbUbwggz,42904,690,0,0.0,Qwen3-8B,2,random,random
R_28UnC65PbUbwggz,42965,691,0,0.0,Qwen3-8B,3,random,random
R_28UnC65PbUbwggz,43027,692,0,0.0,Qwen3-8B,2,random,random
R_28UnC65PbUbwggz,43090,693,0,0.0,Qwen3-8B,1,random,random
R_28UnC65PbUbwggz,43154,694,2,1.0,Qwen3-8B,5,random,random
R_28UnC65PbUbwggz,43218,695,0,0.0,Qwen3-8B,1,random,random
R_28UnC65PbUbwggz,43281,696,0,0.0,Qwen3-8B,3,random,random
R_28UnC65PbUbwggz,43344,697,0,0.0,Qwen3-8B,2,random,random
R_28UnC65PbUbwggz,43408,698,1,0.0,Qwen3-8B,4,random,random
R_28UnC65PbUbwggz,43469,699,0,0.0,Qwen3-8B,3,random,random
R_28UnC65PbUbwggz,43532,700,0,0.0,Qwen3-8B,2,random,random
R_28UnC65PbUbwggz,43595,701,0,0.0,Qwen3-8B,1,random,random
R_28UnC65PbUbwggz,43658,702,0,0.0,Qwen3-8B,3,random,random
R_28UnC65PbUbwggz,43720,703,0,0.0,Qwen3-8B,1,random,random
R_28UnC65PbUbwggz,43784,704,0,0.0,Qwen3-8B,3,random,random
R_0OsPhC57tiO8gsp,42468,684,0,0.0,Qwen3-8B,3,random,random
R_0OsPhC57tiO8gsp,48437,770,3,1.0,Qwen3-8B,2,random,random
R_0OsPhC57tiO8gsp,51509,817,3,1.0,Qwen3-8B,3,random,random
R_0OsPhC57tiO8gsp,62749,993,0,0.0,Qwen3-8B,3,random,random
R_0OsPhC57tiO8gsp,66796,1057,3,1.0,Qwen3-8B,3,random,random
R_0OsPhC57tiO8gsp,71786,1147,0,0.0,Qwen3-8B,2,random,random
R_0OsPhC57tiO8gsp,97606,2171,1,0.0,Qwen3-8B,5,social-group,jewish
R_0OsPhC57tiO8gsp,97629,2172,0,0.0,Qwen3-8B,1,random,random
R_0OsPhC57tiO8gsp,97652,2173,0,0.0,Qwen3-8B,1,random,random
R_0OsPhC57tiO8gsp,97675,2174,0,0.0,Qwen3-8B,3,social-group,jewish
R_0OsPhC57tiO8gsp,97698,2175,0,0.0,Qwen3-8B,3,social-group,christian
R_0OsPhC57tiO8gsp,97721,2176,0,0.0,Qwen3-8B,3,social-group,LGB
R_0OsPhC57tiO8gsp,97744,2177,0,0.0,Qwen3-8B,2,social-group,transgender
R_0OsPhC57tiO8gsp,97767,2178,0,0.0,Qwen3-8B,4,social-group,christian
R_0OsPhC57tiO8gsp,97790,2179,0,0.0,Qwen3-8B,3,social-group,christian
R_0OsPhC57tiO8gsp,97813,2180,1,0.0,Qwen3-8B,5,social-group,LGB
R_0OsPhC57tiO8gsp,97836,2181,0,0.0,Qwen3-8B,2,social-group,LGB
R_0OsPhC57tiO8gsp,97859,2182,4,1.0,Qwen3-8B,5,social-group,transgender
R_0OsPhC57tiO8gsp,97882,2183,1,0.0,Qwen3-8B,3,social-group,muslim
R_0OsPhC57tiO8gsp,97905,2184,0,0.0,Qwen3-8B,2,moral,authority
R_0OsPhC57tiO8gsp,97928,2185,0,0.0,Qwen3-8B,2,random,random
R_0OsPhC57tiO8gsp,97951,2186,0,0.0,Qwen3-8B,3,social-group,muslim
R_0OsPhC57tiO8gsp,97974,2187,1,0.0,Qwen3-8B,3,social-group,christian
R_0OsPhC57tiO8gsp,97997,2188,0,0.0,Qwen3-8B,3,social-group,transgender
R_0OsPhC57tiO8gsp,98020,2189,0,0.0,Qwen3-8B,1,moral,authority
R_0OsPhC57tiO8gsp,98043,2190,3,1.0,Qwen3-8B,5,social-group,jewish
R_0OsPhC57tiO8gsp,98066,2191,4,1.0,Qwen3-8B,1,random,random
R_0OsPhC57tiO8gsp,98089,2192,4,1.0,Qwen3-8B,5,social-group,jewish
R_0OsPhC57tiO8gsp,98112,2193,0,0.0,Qwen3-8B,1,moral,loyalty
R_0OsPhC57tiO8gsp,98135,2194,0,0.0,Qwen3-8B,2,moral,authority
R_0OsPhC57tiO8gsp,98158,2195,0,0.0,Qwen3-8B,2,social-group,transgender
R_0OsPhC57tiO8gsp,98181,2196,3,1.0,Qwen3-8B,4,random,random
R_0OsPhC57tiO8gsp,98204,2197,1,0.0,Qwen3-8B,3,moral,fairness
R_0OsPhC57tiO8gsp,98227,2198,4,1.0,Qwen3-8B,4,random,random
R_0OsPhC57tiO8gsp,98250,2199,3,1.0,Qwen3-8B,3,social-group,christian
R_2bIhkVRmnDUbZEb,42479,684,0,0.0,Qwen3-8B,3,random,random
R_2bIhkVRmnDUbZEb,48456,770,0,0.0,Qwen3-8B,2,random,random
R_2bIhkVRmnDUbZEb,51525,817,0,0.0,Qwen3-8B,3,random,random
R_2bIhkVRmnDUbZEb,62761,993,0,0.0,Qwen3-8B,3,random,random
R_2bIhkVRmnDUbZEb,66812,1057,0,0.0,Qwen3-8B,3,random,random
R_2bIhkVRmnDUbZEb,71798,1147,0,0.0,Qwen3-8B,2,random,random
R_2bIhkVRmnDUbZEb,97611,2171,1,0.0,Qwen3-8B,5,social-group,jewish
R_2bIhkVRmnDUbZEb,97634,2172,0,0.0,Qwen3-8B,1,random,random
R_2bIhkVRmnDUbZEb,97657,2173,0,0.0,Qwen3-8B,1,random,random
R_2bIhkVRmnDUbZEb,97680,2174,1,0.0,Qwen3-8B,3,social-group,jewish
R_2bIhkVRmnDUbZEb,97703,2175,2,1.0,Qwen3-8B,3,social-group,christian
R_2bIhkVRmnDUbZEb,97726,2176,1,0.0,Qwen3-8B,3,social-group,LGB
R_2bIhkVRmnDUbZEb,97749,2177,0,0.0,Qwen3-8B,2,social-group,transgender
R_2bIhkVRmnDUbZEb,97772,2178,1,0.0,Qwen3-8B,4,social-group,christian
R_2bIhkVRmnDUbZEb,97795,2179,0,0.0,Qwen3-8B,3,social-group,christian
R_2bIhkVRmnDUbZEb,97818,2180,1,0.0,Qwen3-8B,5,social-group,LGB
R_2bIhkVRmnDUbZEb,97841,2181,1,0.0,Qwen3-8B,2,social-group,LGB
R_2bIhkVRmnDUbZEb,97864,2182,2,1.0,Qwen3-8B,5,social-group,transgender
R_2bIhkVRmnDUbZEb,97887,2183,3,1.0,Qwen3-8B,3,social-group,muslim
R_2bIhkVRmnDUbZEb,97910,2184,0,0.0,Qwen3-8B,2,moral,authority
R_2bIhkVRmnDUbZEb,97933,2185,0,0.0,Qwen3-8B,2,random,random
R_2bIhkVRmnDUbZEb,97956,2186,1,0.0,Qwen3-8B,3,social-group,muslim
R_2bIhkVRmnDUbZEb,97979,2187,1,0.0,Qwen3-8B,3,social-group,christian
R_2bIhkVRmnDUbZEb,98002,2188,1,0.0,Qwen3-8B,3,social-group,transgender
R_2bIhkVRmnDUbZEb,98025,2189,0,0.0,Qwen3-8B,1,moral,authority
R_2bIhkVRmnDUbZEb,98048,2190,1,0.0,Qwen3-8B,5,social-group,jewish
R_2bIhkVRmnDUbZEb,98071,2191,2,1.0,Qwen3-8B,1,random,random
R_2bIhkVRmnDUbZEb,98094,2192,4,1.0,Qwen3-8B,5,social-group,jewish
R_2bIhkVRmnDUbZEb,98117,2193,0,0.0,Qwen3-8B,1,moral,loyalty
R_2bIhkVRmnDUbZEb,98140,2194,0,0.0,Qwen3-8B,2,moral,authority
R_2bIhkVRmnDUbZEb,98163,2195,0,0.0,Qwen3-8B,2,social-group,transgender
R_2bIhkVRmnDUbZEb,98186,2196,0,0.0,Qwen3-8B,4,random,random
R_2bIhkVRmnDUbZEb,98209,2197,0,0.0,Qwen3-8B,3,moral,fairness
R_2bIhkVRmnDUbZEb,98232,2198,0,0.0,Qwen3-8B,4,random,random
R_2bIhkVRmnDUbZEb,98255,2199,0,0.0,Qwen3-8B,3,social-group,christian
R_2AYmw7Kk5zllfSt,42497,684,1,0.0,Qwen3-8B,3,random,random
R_2AYmw7Kk5zllfSt,48477,770,2,1.0,Qwen3-8B,2,random,random
R_2AYmw7Kk5zllfSt,51546,817,1,0.0,Qwen3-8B,3,random,random
R_2AYmw7Kk5zllfSt,62782,993,2,1.0,Qwen3-8B,3,random,random
R_2AYmw7Kk5zllfSt,66827,1057,4,1.0,Qwen3-8B,3,random,random
R_2AYmw7Kk5zllfSt,71812,1147,2,1.0,Qwen3-8B,2,random,random
R_2AYmw7Kk5zllfSt,97618,2171,2,1.0,Qwen3-8B,5,social-group,jewish
R_2AYmw7Kk5zllfSt,97641,2172,2,1.0,Qwen3-8B,1,random,random
R_2AYmw7Kk5zllfSt,97664,2173,0,0.0,Qwen3-8B,1,random,random
R_2AYmw7Kk5zllfSt,97687,2174,3,1.0,Qwen3-8B,3,social-group,jewish
R_2AYmw7Kk5zllfSt,97710,2175,3,1.0,Qwen3-8B,3,social-group,christian
R_2AYmw7Kk5zllfSt,97733,2176,3,1.0,Qwen3-8B,3,social-group,LGB
R_2AYmw7Kk5zllfSt,97756,2177,2,1.0,Qwen3-8B,2,social-group,transgender
R_2AYmw7Kk5zllfSt,97779,2178,4,1.0,Qwen3-8B,4,social-group,christian
R_2AYmw7Kk5zllfSt,97802,2179,2,1.0,Qwen3-8B,3,social-group,christian
R_2AYmw7Kk5zllfSt,97825,2180,3,1.0,Qwen3-8B,5,social-group,LGB
R_2AYmw7Kk5zllfSt,97848,2181,2,1.0,Qwen3-8B,2,social-group,LGB
R_2AYmw7Kk5zllfSt,97871,2182,4,1.0,Qwen3-8B,5,social-group,transgender
R_2AYmw7Kk5zllfSt,97894,2183,3,1.0,Qwen3-8B,3,social-group,muslim
R_2AYmw7Kk5zllfSt,97917,2184,0,0.0,Qwen3-8B,2,moral,authority
R_2AYmw7Kk5zllfSt,97940,2185,0,0.0,Qwen3-8B,2,random,random
R_2AYmw7Kk5zllfSt,97963,2186,4,1.0,Qwen3-8B,3,social-group,muslim
R_2AYmw7Kk5zllfSt,97986,2187,3,1.0,Qwen3-8B,3,social-group,christian
R_2AYmw7Kk5zllfSt,98009,2188,0,0.0,Qwen3-8B,3,social-group,transgender
R_2AYmw7Kk5zllfSt,98032,2189,3,1.0,Qwen3-8B,1,moral,authority
R_2AYmw7Kk5zllfSt,98055,2190,3,1.0,Qwen3-8B,5,social-group,jewish
R_2AYmw7Kk5zllfSt,98078,2191,3,1.0,Qwen3-8B,1,random,random
R_2AYmw7Kk5zllfSt,98101,2192,4,1.0,Qwen3-8B,5,social-group,jewish
R_2AYmw7Kk5zllfSt,98124,2193,0,0.0,Qwen3-8B,1,moral,loyalty
R_2AYmw7Kk5zllfSt,98147,2194,0,0.0,Qwen3-8B,2,moral,authority
R_2AYmw7Kk5zllfSt,98170,2195,-1,,Qwen3-8B,2,social-group,transgender
R_2AYmw7Kk5zllfSt,98193,2196,2,1.0,Qwen3-8B,4,random,random
R_2AYmw7Kk5zllfSt,98216,2197,3,1.0,Qwen3-8B,3,moral,fairness
R_2AYmw7Kk5zllfSt,98239,2198,-1,,Qwen3-8B,4,random,random
R_2AYmw7Kk5zllfSt,98262,2199,1,0.0,Qwen3-8B,3,social-group,christian
R_3HzZQsVX7mhh9R3,43823,705,1,0.0,Qwen3-8B,5,random,random
R_3HzZQsVX7mhh9R3,43885,706,-1,,Qwen3-8B,3,random,random
R_3HzZQsVX7mhh9R3,43948,707,-1,,Qwen3-8B,2,random,random
R_3HzZQsVX7mhh9R3,44010,708,-1,,Qwen3-8B,1,random,random
R_3HzZQsVX7mhh9R3,44073,709,0,0.0,Qwen3-8B,2,random,random
R_3HzZQsVX7mhh9R3,44132,710,0,0.0,Qwen3-8B,3,random,random
R_3HzZQsVX7mhh9R3,44250,711,0,0.0,Qwen3-8B,1,random,random
R_3HzZQsVX7mhh9R3,44250,711,0,0.0,Qwen3-8B,1,moral,fairness
R_3HzZQsVX7mhh9R3,44250,711,0,0.0,Qwen3-8B,1,random,random
R_3HzZQsVX7mhh9R3,44250,711,0,0.0,Qwen3-8B,1,moral,fairness
R_3HzZQsVX7mhh9R3,44365,712,1,0.0,Qwen3-8B,3,random,random
R_3HzZQsVX7mhh9R3,44426,713,-1,,Qwen3-8B,3,random,random
R_3HzZQsVX7mhh9R3,44490,714,3,1.0,Qwen3-8B,4,random,random
R_3HzZQsVX7mhh9R3,44554,715,4,1.0,Qwen3-8B,3,random,random
R_3HzZQsVX7mhh9R3,44618,716,1,0.0,Qwen3-8B,2,random,random
R_3HzZQsVX7mhh9R3,44678,717,3,1.0,Qwen3-8B,4,random,random
R_3HzZQsVX7mhh9R3,44743,718,2,1.0,Qwen3-8B,3,random,random
R_3HzZQsVX7mhh9R3,44807,719,2,1.0,Qwen3-8B,3,random,random
R_3HzZQsVX7mhh9R3,44860,720,2,1.0,Qwen3-8B,3,random,random
R_3HzZQsVX7mhh9R3,44912,721,0,0.0,Qwen3-8B,3,random,random
R_3HzZQsVX7mhh9R3,44976,722,0,0.0,Qwen3-8B,2,random,random
R_3HzZQsVX7mhh9R3,45095,723,0,0.0,Qwen3-8B,2,random,random
R_3HzZQsVX7mhh9R3,45095,723,0,0.0,Qwen3-8B,2,moral,fairness
R_3HzZQsVX7mhh9R3,45095,723,0,0.0,Qwen3-8B,2,random,random
R_3HzZQsVX7mhh9R3,45095,723,0,0.0,Qwen3-8B,2,moral,fairness
R_3HzZQsVX7mhh9R3,45208,724,0,0.0,Qwen3-8B,3,random,random
R_3HzZQsVX7mhh9R3,45273,725,0,0.0,Qwen3-8B,2,random,random
R_3HzZQsVX7mhh9R3,45335,726,0,0.0,Qwen3-8B,1,random,random
R_3HzZQsVX7mhh9R3,45398,727,0,0.0,Qwen3-8B,2,random,random
R_3HzZQsVX7mhh9R3,45461,728,0,0.0,Qwen3-8B,2,random,random
R_3HzZQsVX7mhh9R3,45523,729,3,1.0,Qwen3-8B,2,random,random
R_3HzZQsVX7mhh9R3,45587,730,1,0.0,Qwen3-8B,3,random,random
R_3HzZQsVX7mhh9R3,45650,731,0,0.0,Qwen3-8B,1,random,random
R_3HzZQsVX7mhh9R3,45713,732,0,0.0,Qwen3-8B,2,random,random
R_3HzZQsVX7mhh9R3,45776,733,1,0.0,Qwen3-8B,3,random,random
R_3HzZQsVX7mhh9R3,45839,734,1,0.0,Qwen3-8B,2,random,random
R_3HzZQsVX7mhh9R3,45903,735,0,0.0,Qwen3-8B,2,random,random
R_3HzZQsVX7mhh9R3,45965,736,0,0.0,Qwen3-8B,2,random,random
R_3HzZQsVX7mhh9R3,46028,737,0,0.0,Qwen3-8B,3,random,random
R_3HzZQsVX7mhh9R3,46092,738,0,0.0,Qwen3-8B,4,random,random
R_3HzZQsVX7mhh9R3,46153,739,1,0.0,Qwen3-8B,3,random,random
R_11j4G6A82vjqZMU,43831,705,3,1.0,Qwen3-8B,5,random,random
R_11j4G6A82vjqZMU,43893,706,1,0.0,Qwen3-8B,3,random,random
R_11j4G6A82vjqZMU,43955,707,0,0.0,Qwen3-8B,2,random,random
R_11j4G6A82vjqZMU,44018,708,2,1.0,Qwen3-8B,1,random,random
R_11j4G6A82vjqZMU,44079,709,0,0.0,Qwen3-8B,2,random,random
R_11j4G6A82vjqZMU,44140,710,1,0.0,Qwen3-8B,3,random,random
R_11j4G6A82vjqZMU,44274,711,1,0.0,Qwen3-8B,1,random,random
R_11j4G6A82vjqZMU,44274,711,1,0.0,Qwen3-8B,1,moral,fairness
R_11j4G6A82vjqZMU,44274,711,1,0.0,Qwen3-8B,1,random,random
R_11j4G6A82vjqZMU,44274,711,1,0.0,Qwen3-8B,1,moral,fairness
R_11j4G6A82vjqZMU,44374,712,0,0.0,Qwen3-8B,3,random,random
R_11j4G6A82vjqZMU,44435,713,0,0.0,Qwen3-8B,3,random,random
R_11j4G6A82vjqZMU,44498,714,0,0.0,Qwen3-8B,4,random,random
R_11j4G6A82vjqZMU,44563,715,0,0.0,Qwen3-8B,3,random,random
R_11j4G6A82vjqZMU,44627,716,2,1.0,Qwen3-8B,2,random,random
R_11j4G6A82vjqZMU,44687,717,0,0.0,Qwen3-8B,4,random,random
R_11j4G6A82vjqZMU,44751,718,3,1.0,Qwen3-8B,3,random,random
R_11j4G6A82vjqZMU,44816,719,1,0.0,Qwen3-8B,3,random,random
R_11j4G6A82vjqZMU,44866,720,0,0.0,Qwen3-8B,3,random,random
R_11j4G6A82vjqZMU,44921,721,1,0.0,Qwen3-8B,3,random,random
R_11j4G6A82vjqZMU,44983,722,0,0.0,Qwen3-8B,2,random,random
R_11j4G6A82vjqZMU,45117,723,0,0.0,Qwen3-8B,2,random,random
R_11j4G6A82vjqZMU,45117,723,0,0.0,Qwen3-8B,2,moral,fairness
R_11j4G6A82vjqZMU,45117,723,0,0.0,Qwen3-8B,2,random,random
R_11j4G6A82vjqZMU,45117,723,0,0.0,Qwen3-8B,2,moral,fairness
R_11j4G6A82vjqZMU,45217,724,0,0.0,Qwen3-8B,3,random,random
R_11j4G6A82vjqZMU,45280,725,0,0.0,Qwen3-8B,2,random,random
R_11j4G6A82vjqZMU,45343,726,0,0.0,Qwen3-8B,1,random,random
R_11j4G6A82vjqZMU,45406,727,0,0.0,Qwen3-8B,2,random,random
R_11j4G6A82vjqZMU,45470,728,0,0.0,Qwen3-8B,2,random,random
R_11j4G6A82vjqZMU,45532,729,2,1.0,Qwen3-8B,2,random,random
R_11j4G6A82vjqZMU,45596,730,1,0.0,Qwen3-8B,3,random,random
R_11j4G6A82vjqZMU,45659,731,1,0.0,Qwen3-8B,1,random,random
R_11j4G6A82vjqZMU,45721,732,1,0.0,Qwen3-8B,2,random,random
R_11j4G6A82vjqZMU,45785,733,0,0.0,Qwen3-8B,3,random,random
R_11j4G6A82vjqZMU,45848,734,0,0.0,Qwen3-8B,2,random,random
R_11j4G6A82vjqZMU,45910,735,0,0.0,Qwen3-8B,2,random,random
R_11j4G6A82vjqZMU,45973,736,0,0.0,Qwen3-8B,2,random,random
R_11j4G6A82vjqZMU,46037,737,3,1.0,Qwen3-8B,3,random,random
R_11j4G6A82vjqZMU,46101,738,2,1.0,Qwen3-8B,4,random,random
R_11j4G6A82vjqZMU,46162,739,2,1.0,Qwen3-8B,3,random,random
R_2QMbp4kV5nS4DLG,46227,740,1,0.0,Qwen3-8B,3,random,random
R_2QMbp4kV5nS4DLG,46298,741,0,0.0,Qwen3-8B,1,random,random
R_2QMbp4kV5nS4DLG,46369,742,0,0.0,Qwen3-8B,1,random,random
R_2QMbp4kV5nS4DLG,46442,743,0,0.0,Qwen3-8B,1,random,random
R_2QMbp4kV5nS4DLG,46513,744,0,0.0,Qwen3-8B,1,random,random
R_2QMbp4kV5nS4DLG,46585,745,0,0.0,Qwen3-8B,2,random,random
R_2QMbp4kV5nS4DLG,46656,746,0,0.0,Qwen3-8B,2,random,random
R_2QMbp4kV5nS4DLG,46728,747,0,0.0,Qwen3-8B,3,random,random
R_2QMbp4kV5nS4DLG,46799,748,0,0.0,Qwen3-8B,2,random,random
R_2QMbp4kV5nS4DLG,46866,749,0,0.0,Qwen3-8B,3,random,random
R_2QMbp4kV5nS4DLG,46937,750,0,0.0,Qwen3-8B,3,random,random
R_2QMbp4kV5nS4DLG,47005,751,0,0.0,Qwen3-8B,3,random,random
R_2QMbp4kV5nS4DLG,47076,752,-1,,Qwen3-8B,3,random,random
R_2QMbp4kV5nS4DLG,47147,753,1,0.0,Qwen3-8B,3,random,random
R_2QMbp4kV5nS4DLG,47217,754,0,0.0,Qwen3-8B,3,random,random
R_2QMbp4kV5nS4DLG,47290,755,2,1.0,Qwen3-8B,3,random,random
R_2QMbp4kV5nS4DLG,47361,756,0,0.0,Qwen3-8B,1,random,random
R_2QMbp4kV5nS4DLG,47434,757,1,0.0,Qwen3-8B,3,random,random
R_2QMbp4kV5nS4DLG,47507,758,1,0.0,Qwen3-8B,3,random,random
R_2QMbp4kV5nS4DLG,47578,759,4,1.0,Qwen3-8B,1,random,random
R_2QMbp4kV5nS4DLG,47649,760,1,0.0,Qwen3-8B,1,random,random
R_2QMbp4kV5nS4DLG,47719,761,0,0.0,Qwen3-8B,3,random,random
R_2QMbp4kV5nS4DLG,47791,762,0,0.0,Qwen3-8B,2,random,random
R_2QMbp4kV5nS4DLG,47861,763,0,0.0,Qwen3-8B,3,random,random
R_2QMbp4kV5nS4DLG,47934,764,0,0.0,Qwen3-8B,1,random,random
R_2QMbp4kV5nS4DLG,48005,765,4,1.0,Qwen3-8B,3,random,random
R_2QMbp4kV5nS4DLG,48076,766,2,1.0,Qwen3-8B,3,random,random
R_2QMbp4kV5nS4DLG,48147,767,0,0.0,Qwen3-8B,3,random,random
R_2QMbp4kV5nS4DLG,48293,768,3,1.0,Qwen3-8B,1,random,random
R_2QMbp4kV5nS4DLG,48293,768,3,1.0,Qwen3-8B,1,moral,loyalty
R_2QMbp4kV5nS4DLG,48293,768,3,1.0,Qwen3-8B,1,random,random
R_2QMbp4kV5nS4DLG,48293,768,3,1.0,Qwen3-8B,1,moral,loyalty
R_2QMbp4kV5nS4DLG,48409,769,0,0.0,Qwen3-8B,2,random,random
R_2QMbp4kV5nS4DLG,48481,770,-1,,Qwen3-8B,2,random,random
R_2QMbp4kV5nS4DLG,48553,771,0,0.0,Qwen3-8B,2,random,random
R_2QMbp4kV5nS4DLG,48624,772,3,1.0,Qwen3-8B,4,random,random
R_2QMbp4kV5nS4DLG,48693,773,0,0.0,Qwen3-8B,3,random,random
R_2QMbp4kV5nS4DLG,48764,774,0,0.0,Qwen3-8B,3,random,random
R_29nQrzpzx3Db3Do,46232,740,-1,,Qwen3-8B,3,random,random
R_29nQrzpzx3Db3Do,46303,741,0,0.0,Qwen3-8B,1,random,random
R_29nQrzpzx3Db3Do,46374,742,0,0.0,Qwen3-8B,1,random,random
R_29nQrzpzx3Db3Do,46447,743,0,0.0,Qwen3-8B,1,random,random
R_29nQrzpzx3Db3Do,46518,744,-1,,Qwen3-8B,1,random,random
R_29nQrzpzx3Db3Do,46590,745,0,0.0,Qwen3-8B,2,random,random
R_29nQrzpzx3Db3Do,46661,746,0,0.0,Qwen3-8B,2,random,random
R_29nQrzpzx3Db3Do,46733,747,-1,,Qwen3-8B,3,random,random
R_29nQrzpzx3Db3Do,46804,748,1,0.0,Qwen3-8B,2,random,random
R_29nQrzpzx3Db3Do,46871,749,0,0.0,Qwen3-8B,3,random,random
R_29nQrzpzx3Db3Do,46942,750,0,0.0,Qwen3-8B,3,random,random
R_29nQrzpzx3Db3Do,47010,751,1,0.0,Qwen3-8B,3,random,random
R_29nQrzpzx3Db3Do,47081,752,0,0.0,Qwen3-8B,3,random,random
R_29nQrzpzx3Db3Do,47152,753,0,0.0,Qwen3-8B,3,random,random
R_29nQrzpzx3Db3Do,47222,754,-1,,Qwen3-8B,3,random,random
R_29nQrzpzx3Db3Do,47295,755,1,0.0,Qwen3-8B,3,random,random
R_29nQrzpzx3Db3Do,47366,756,0,0.0,Qwen3-8B,1,random,random
R_29nQrzpzx3Db3Do,47439,757,2,1.0,Qwen3-8B,3,random,random
R_29nQrzpzx3Db3Do,47512,758,2,1.0,Qwen3-8B,3,random,random
R_29nQrzpzx3Db3Do,47583,759,2,1.0,Qwen3-8B,1,random,random
R_29nQrzpzx3Db3Do,47654,760,1,0.0,Qwen3-8B,1,random,random
R_29nQrzpzx3Db3Do,47724,761,0,0.0,Qwen3-8B,3,random,random
R_29nQrzpzx3Db3Do,47796,762,0,0.0,Qwen3-8B,2,random,random
R_29nQrzpzx3Db3Do,47866,763,0,0.0,Qwen3-8B,3,random,random
R_29nQrzpzx3Db3Do,47939,764,-1,,Qwen3-8B,1,random,random
R_29nQrzpzx3Db3Do,48010,765,0,0.0,Qwen3-8B,3,random,random
R_29nQrzpzx3Db3Do,48081,766,0,0.0,Qwen3-8B,3,random,random
R_29nQrzpzx3Db3Do,48152,767,2,1.0,Qwen3-8B,3,random,random
R_29nQrzpzx3Db3Do,48303,768,3,1.0,Qwen3-8B,1,random,random
R_29nQrzpzx3Db3Do,48303,768,3,1.0,Qwen3-8B,1,moral,loyalty
R_29nQrzpzx3Db3Do,48303,768,3,1.0,Qwen3-8B,1,random,random
R_29nQrzpzx3Db3Do,48303,768,3,1.0,Qwen3-8B,1,moral,loyalty
R_29nQrzpzx3Db3Do,48414,769,0,0.0,Qwen3-8B,2,random,random
R_29nQrzpzx3Db3Do,48486,770,-1,,Qwen3-8B,2,random,random
R_29nQrzpzx3Db3Do,48558,771,1,0.0,Qwen3-8B,2,random,random
R_29nQrzpzx3Db3Do,48629,772,-1,,Qwen3-8B,4,random,random
R_29nQrzpzx3Db3Do,48698,773,0,0.0,Qwen3-8B,3,random,random
R_29nQrzpzx3Db3Do,48769,774,0,0.0,Qwen3-8B,3,random,random
R_1o5aULEwmxo297d,48833,775,1,0.0,Qwen3-8B,2,random,random
R_1o5aULEwmxo297d,48897,776,0,0.0,Qwen3-8B,1,random,random
R_1o5aULEwmxo297d,48960,777,0,0.0,Qwen3-8B,4,random,random
R_1o5aULEwmxo297d,49023,778,0,0.0,Qwen3-8B,1,random,random
R_1o5aULEwmxo297d,49085,779,1,0.0,Qwen3-8B,3,random,random
R_1o5aULEwmxo297d,49147,780,0,0.0,Qwen3-8B,2,random,random
R_1o5aULEwmxo297d,49209,781,1,0.0,Qwen3-8B,2,random,random
R_1o5aULEwmxo297d,49271,782,2,1.0,Qwen3-8B,3,random,random
R_1o5aULEwmxo297d,49333,783,0,0.0,Qwen3-8B,3,random,random
R_1o5aULEwmxo297d,49396,784,0,0.0,Qwen3-8B,5,random,random
R_1o5aULEwmxo297d,49458,785,0,0.0,Qwen3-8B,2,random,random
R_1o5aULEwmxo297d,49520,786,0,0.0,Qwen3-8B,3,random,random
R_1o5aULEwmxo297d,49583,787,0,0.0,Qwen3-8B,4,random,random
R_1o5aULEwmxo297d,49644,788,1,0.0,Qwen3-8B,2,random,random
R_1o5aULEwmxo297d,49707,789,0,0.0,Qwen3-8B,2,random,random
R_1o5aULEwmxo297d,49766,790,0,0.0,Qwen3-8B,4,random,random
R_1o5aULEwmxo297d,49828,791,2,1.0,Qwen3-8B,2,random,random
R_1o5aULEwmxo297d,49891,792,1,0.0,Qwen3-8B,1,random,random
R_1o5aULEwmxo297d,49951,793,2,1.0,Qwen3-8B,1,random,random
R_1o5aULEwmxo297d,50013,794,3,1.0,Qwen3-8B,4,random,random
R_1o5aULEwmxo297d,50074,795,3,1.0,Qwen3-8B,2,random,random
R_1o5aULEwmxo297d,50135,796,2,1.0,Qwen3-8B,4,random,random
R_1o5aULEwmxo297d,50198,797,2,1.0,Qwen3-8B,4,random,random
R_1o5aULEwmxo297d,50260,798,0,0.0,Qwen3-8B,2,random,random
R_1o5aULEwmxo297d,50321,799,4,1.0,Qwen3-8B,4,random,random
R_1o5aULEwmxo297d,50383,800,0,0.0,Qwen3-8B,3,random,random
R_1o5aULEwmxo297d,50446,801,2,1.0,Qwen3-8B,3,random,random
R_1o5aULEwmxo297d,50508,802,0,0.0,Qwen3-8B,2,random,random
R_1o5aULEwmxo297d,50571,803,1,0.0,Qwen3-8B,2,random,random
R_1o5aULEwmxo297d,50635,804,0,0.0,Qwen3-8B,3,random,random
R_1o5aULEwmxo297d,50697,805,0,0.0,Qwen3-8B,2,random,random
R_1o5aULEwmxo297d,50760,806,2,1.0,Qwen3-8B,5,random,random
R_1o5aULEwmxo297d,50821,807,0,0.0,Qwen3-8B,2,random,random
R_1o5aULEwmxo297d,50871,808,1,0.0,Qwen3-8B,5,random,random
R_1o5aULEwmxo297d,50923,809,0,0.0,Qwen3-8B,3,random,random
R_1irEmD4K8CeF0Mi,48834,775,3,1.0,Qwen3-8B,2,random,random
R_1irEmD4K8CeF0Mi,48898,776,4,1.0,Qwen3-8B,1,random,random
R_1irEmD4K8CeF0Mi,48961,777,1,0.0,Qwen3-8B,4,random,random
R_1irEmD4K8CeF0Mi,49024,778,0,0.0,Qwen3-8B,1,random,random
R_1irEmD4K8CeF0Mi,49086,779,4,1.0,Qwen3-8B,3,random,random
R_1irEmD4K8CeF0Mi,49148,780,4,1.0,Qwen3-8B,2,random,random
R_1irEmD4K8CeF0Mi,49210,781,0,0.0,Qwen3-8B,2,random,random
R_1irEmD4K8CeF0Mi,49272,782,0,0.0,Qwen3-8B,3,random,random
R_1irEmD4K8CeF0Mi,49334,783,0,0.0,Qwen3-8B,3,random,random
R_1irEmD4K8CeF0Mi,49397,784,0,0.0,Qwen3-8B,5,random,random
R_1irEmD4K8CeF0Mi,49459,785,0,0.0,Qwen3-8B,2,random,random
R_1irEmD4K8CeF0Mi,49521,786,4,1.0,Qwen3-8B,3,random,random
R_1irEmD4K8CeF0Mi,49584,787,4,1.0,Qwen3-8B,4,random,random
R_1irEmD4K8CeF0Mi,49645,788,0,0.0,Qwen3-8B,2,random,random
R_1irEmD4K8CeF0Mi,49708,789,2,1.0,Qwen3-8B,2,random,random
R_1irEmD4K8CeF0Mi,49767,790,0,0.0,Qwen3-8B,4,random,random
R_1irEmD4K8CeF0Mi,49829,791,0,0.0,Qwen3-8B,2,random,random
R_1irEmD4K8CeF0Mi,49892,792,0,0.0,Qwen3-8B,1,random,random
R_1irEmD4K8CeF0Mi,49952,793,0,0.0,Qwen3-8B,1,random,random
R_1irEmD4K8CeF0Mi,50014,794,0,0.0,Qwen3-8B,4,random,random
R_1irEmD4K8CeF0Mi,50075,795,0,0.0,Qwen3-8B,2,random,random
R_1irEmD4K8CeF0Mi,50136,796,0,0.0,Qwen3-8B,4,random,random
R_1irEmD4K8CeF0Mi,50199,797,0,0.0,Qwen3-8B,4,random,random
R_1irEmD4K8CeF0Mi,50261,798,0,0.0,Qwen3-8B,2,random,random
R_1irEmD4K8CeF0Mi,50322,799,0,0.0,Qwen3-8B,4,random,random
R_1irEmD4K8CeF0Mi,50384,800,4,1.0,Qwen3-8B,3,random,random
R_1irEmD4K8CeF0Mi,50447,801,3,1.0,Qwen3-8B,3,random,random
R_1irEmD4K8CeF0Mi,50509,802,0,0.0,Qwen3-8B,2,random,random
R_1irEmD4K8CeF0Mi,50572,803,0,0.0,Qwen3-8B,2,random,random
R_1irEmD4K8CeF0Mi,50636,804,2,1.0,Qwen3-8B,3,random,random
R_1irEmD4K8CeF0Mi,50698,805,0,0.0,Qwen3-8B,2,random,random
R_1irEmD4K8CeF0Mi,50761,806,2,1.0,Qwen3-8B,5,random,random
R_1irEmD4K8CeF0Mi,50822,807,0,0.0,Qwen3-8B,2,random,random
R_1irEmD4K8CeF0Mi,50872,808,0,0.0,Qwen3-8B,5,random,random
R_1irEmD4K8CeF0Mi,50924,809,0,0.0,Qwen3-8B,3,random,random
R_28RKAjh2Z5UFFcS,48845,775,1,0.0,Qwen3-8B,2,random,random
R_28RKAjh2Z5UFFcS,48908,776,0,0.0,Qwen3-8B,1,random,random
R_28RKAjh2Z5UFFcS,48971,777,0,0.0,Qwen3-8B,4,random,random
R_28RKAjh2Z5UFFcS,49033,778,0,0.0,Qwen3-8B,1,random,random
R_28RKAjh2Z5UFFcS,49096,779,1,0.0,Qwen3-8B,3,random,random
R_28RKAjh2Z5UFFcS,49158,780,1,0.0,Qwen3-8B,2,random,random
R_28RKAjh2Z5UFFcS,49220,781,0,0.0,Qwen3-8B,2,random,random
R_28RKAjh2Z5UFFcS,49281,782,0,0.0,Qwen3-8B,3,random,random
R_28RKAjh2Z5UFFcS,49344,783,1,0.0,Qwen3-8B,3,random,random
R_28RKAjh2Z5UFFcS,49407,784,1,0.0,Qwen3-8B,5,random,random
R_28RKAjh2Z5UFFcS,49469,785,0,0.0,Qwen3-8B,2,random,random
R_28RKAjh2Z5UFFcS,49532,786,3,1.0,Qwen3-8B,3,random,random
R_28RKAjh2Z5UFFcS,49594,787,1,0.0,Qwen3-8B,4,random,random
R_28RKAjh2Z5UFFcS,49656,788,0,0.0,Qwen3-8B,2,random,random
R_28RKAjh2Z5UFFcS,49717,789,0,0.0,Qwen3-8B,2,random,random
R_28RKAjh2Z5UFFcS,49777,790,4,1.0,Qwen3-8B,4,random,random
R_28RKAjh2Z5UFFcS,49839,791,1,0.0,Qwen3-8B,2,random,random
R_28RKAjh2Z5UFFcS,49902,792,2,1.0,Qwen3-8B,1,random,random
R_28RKAjh2Z5UFFcS,49962,793,-1,,Qwen3-8B,1,random,random
R_28RKAjh2Z5UFFcS,50024,794,0,0.0,Qwen3-8B,4,random,random
R_28RKAjh2Z5UFFcS,50086,795,0,0.0,Qwen3-8B,2,random,random
R_28RKAjh2Z5UFFcS,50146,796,2,1.0,Qwen3-8B,4,random,random
R_28RKAjh2Z5UFFcS,50209,797,3,1.0,Qwen3-8B,4,random,random
R_28RKAjh2Z5UFFcS,50271,798,4,1.0,Qwen3-8B,2,random,random
R_28RKAjh2Z5UFFcS,50333,799,4,1.0,Qwen3-8B,4,random,random
R_28RKAjh2Z5UFFcS,50394,800,0,0.0,Qwen3-8B,3,random,random
R_28RKAjh2Z5UFFcS,50457,801,1,0.0,Qwen3-8B,3,random,random
R_28RKAjh2Z5UFFcS,50519,802,0,0.0,Qwen3-8B,2,random,random
R_28RKAjh2Z5UFFcS,50582,803,1,0.0,Qwen3-8B,2,random,random
R_28RKAjh2Z5UFFcS,50646,804,4,1.0,Qwen3-8B,3,random,random
R_28RKAjh2Z5UFFcS,50708,805,4,1.0,Qwen3-8B,2,random,random
R_28RKAjh2Z5UFFcS,50771,806,3,1.0,Qwen3-8B,5,random,random
R_28RKAjh2Z5UFFcS,50834,807,2,1.0,Qwen3-8B,2,random,random
R_28RKAjh2Z5UFFcS,50876,808,1,0.0,Qwen3-8B,5,random,random
R_28RKAjh2Z5UFFcS,50934,809,1,0.0,Qwen3-8B,3,random,random
R_1n7ULwxFfx8VIg1,50968,810,-1,,Qwen3-8B,3,random,random
R_1n7ULwxFfx8VIg1,51033,811,-1,,Qwen3-8B,1,random,random
R_1n7ULwxFfx8VIg1,51139,812,-1,,Qwen3-8B,4,random,random
R_1n7ULwxFfx8VIg1,51139,812,-1,,Qwen3-8B,4,moral,purity
R_1n7ULwxFfx8VIg1,51139,812,-1,,Qwen3-8B,4,random,random
R_1n7ULwxFfx8VIg1,51139,812,-1,,Qwen3-8B,4,moral,purity
R_1n7ULwxFfx8VIg1,51271,813,0,0.0,Qwen3-8B,3,random,random
R_1n7ULwxFfx8VIg1,51336,814,-1,,Qwen3-8B,3,random,random
R_1n7ULwxFfx8VIg1,51400,815,0,0.0,Qwen3-8B,2,random,random
R_1n7ULwxFfx8VIg1,51464,816,-1,,Qwen3-8B,1,random,random
R_1n7ULwxFfx8VIg1,51528,817,-1,,Qwen3-8B,3,random,random
R_1n7ULwxFfx8VIg1,51593,818,3,1.0,Qwen3-8B,3,random,random
R_1n7ULwxFfx8VIg1,51657,819,-1,,Qwen3-8B,3,random,random
R_1n7ULwxFfx8VIg1,51719,820,-1,,Qwen3-8B,1,random,random
R_1n7ULwxFfx8VIg1,51784,821,-1,,Qwen3-8B,2,random,random
R_1n7ULwxFfx8VIg1,51848,822,-1,,Qwen3-8B,2,random,random
R_1n7ULwxFfx8VIg1,51912,823,-1,,Qwen3-8B,5,random,random
R_1n7ULwxFfx8VIg1,51977,824,-1,,Qwen3-8B,5,random,random
R_1n7ULwxFfx8VIg1,52041,825,2,1.0,Qwen3-8B,4,random,random
R_1n7ULwxFfx8VIg1,52105,826,-1,,Qwen3-8B,3,random,random
R_1n7ULwxFfx8VIg1,52169,827,-1,,Qwen3-8B,2,random,random
R_1n7ULwxFfx8VIg1,52360,828,0,0.0,Qwen3-8B,1,random,random
R_1n7ULwxFfx8VIg1,52360,828,0,0.0,Qwen3-8B,1,moral,loyalty
R_1n7ULwxFfx8VIg1,52360,828,0,0.0,Qwen3-8B,1,random,random
R_1n7ULwxFfx8VIg1,52360,828,0,0.0,Qwen3-8B,1,moral,loyalty
R_1n7ULwxFfx8VIg1,52638,829,-1,,Qwen3-8B,3,random,random
R_1n7ULwxFfx8VIg1,52703,830,-1,,Qwen3-8B,2,random,random
R_1n7ULwxFfx8VIg1,52770,831,-1,,Qwen3-8B,4,random,random
R_1n7ULwxFfx8VIg1,52833,832,-1,,Qwen3-8B,2,random,random
R_1n7ULwxFfx8VIg1,52895,833,-1,,Qwen3-8B,3,random,random
R_1n7ULwxFfx8VIg1,52959,834,-1,,Qwen3-8B,3,random,random
R_1n7ULwxFfx8VIg1,53022,835,-1,,Qwen3-8B,2,random,random
R_1n7ULwxFfx8VIg1,53084,836,0,0.0,Qwen3-8B,2,random,random
R_1n7ULwxFfx8VIg1,53149,837,0,0.0,Qwen3-8B,1,random,random
R_1n7ULwxFfx8VIg1,53214,838,-1,,Qwen3-8B,5,random,random
R_1n7ULwxFfx8VIg1,53276,839,-1,,Qwen3-8B,3,random,random
R_1n7ULwxFfx8VIg1,53341,840,-1,,Qwen3-8B,3,random,random
R_1n7ULwxFfx8VIg1,53404,841,-1,,Qwen3-8B,2,random,random
R_1n7ULwxFfx8VIg1,53470,842,0,0.0,Qwen3-8B,1,random,random
R_1n7ULwxFfx8VIg1,53534,843,-1,,Qwen3-8B,2,random,random
R_1n7ULwxFfx8VIg1,53597,844,-1,,Qwen3-8B,2,random,random
R_3j3xyQUf5zVcyyt,50981,810,0,0.0,Qwen3-8B,3,random,random
R_3j3xyQUf5zVcyyt,51046,811,0,0.0,Qwen3-8B,1,random,random
R_3j3xyQUf5zVcyyt,51171,812,0,0.0,Qwen3-8B,4,random,random
R_3j3xyQUf5zVcyyt,51171,812,0,0.0,Qwen3-8B,4,moral,purity
R_3j3xyQUf5zVcyyt,51171,812,0,0.0,Qwen3-8B,4,random,random
R_3j3xyQUf5zVcyyt,51171,812,0,0.0,Qwen3-8B,4,moral,purity
R_3j3xyQUf5zVcyyt,51284,813,0,0.0,Qwen3-8B,3,random,random
R_3j3xyQUf5zVcyyt,51349,814,-1,,Qwen3-8B,3,random,random
R_3j3xyQUf5zVcyyt,51413,815,0,0.0,Qwen3-8B,2,random,random
R_3j3xyQUf5zVcyyt,51477,816,0,0.0,Qwen3-8B,1,random,random
R_3j3xyQUf5zVcyyt,51541,817,0,0.0,Qwen3-8B,3,random,random
R_3j3xyQUf5zVcyyt,51606,818,0,0.0,Qwen3-8B,3,random,random
R_3j3xyQUf5zVcyyt,51670,819,0,0.0,Qwen3-8B,3,random,random
R_3j3xyQUf5zVcyyt,51732,820,0,0.0,Qwen3-8B,1,random,random
R_3j3xyQUf5zVcyyt,51797,821,0,0.0,Qwen3-8B,2,random,random
R_3j3xyQUf5zVcyyt,51861,822,0,0.0,Qwen3-8B,2,random,random
R_3j3xyQUf5zVcyyt,51925,823,1,0.0,Qwen3-8B,5,random,random
R_3j3xyQUf5zVcyyt,51990,824,0,0.0,Qwen3-8B,5,random,random
R_3j3xyQUf5zVcyyt,52054,825,0,0.0,Qwen3-8B,4,random,random
R_3j3xyQUf5zVcyyt,52118,826,0,0.0,Qwen3-8B,3,random,random
R_3j3xyQUf5zVcyyt,52182,827,-1,,Qwen3-8B,2,random,random
R_3j3xyQUf5zVcyyt,52422,828,0,0.0,Qwen3-8B,1,random,random
R_3j3xyQUf5zVcyyt,52422,828,0,0.0,Qwen3-8B,1,moral,loyalty
R_3j3xyQUf5zVcyyt,52422,828,0,0.0,Qwen3-8B,1,random,random
R_3j3xyQUf5zVcyyt,52422,828,0,0.0,Qwen3-8B,1,moral,loyalty
R_3j3xyQUf5zVcyyt,52651,829,0,0.0,Qwen3-8B,3,random,random
R_3j3xyQUf5zVcyyt,52716,830,0,0.0,Qwen3-8B,2,random,random
R_3j3xyQUf5zVcyyt,52783,831,0,0.0,Qwen3-8B,4,random,random
R_3j3xyQUf5zVcyyt,52846,832,0,0.0,Qwen3-8B,2,random,random
R_3j3xyQUf5zVcyyt,52908,833,0,0.0,Qwen3-8B,3,random,random
R_3j3xyQUf5zVcyyt,52972,834,0,0.0,Qwen3-8B,3,random,random
R_3j3xyQUf5zVcyyt,53035,835,-1,,Qwen3-8B,2,random,random
R_3j3xyQUf5zVcyyt,53097,836,-1,,Qwen3-8B,2,random,random
R_3j3xyQUf5zVcyyt,53162,837,0,0.0,Qwen3-8B,1,random,random
R_3j3xyQUf5zVcyyt,53227,838,0,0.0,Qwen3-8B,5,random,random
R_3j3xyQUf5zVcyyt,53289,839,0,0.0,Qwen3-8B,3,random,random
R_3j3xyQUf5zVcyyt,53354,840,0,0.0,Qwen3-8B,3,random,random
R_3j3xyQUf5zVcyyt,53417,841,0,0.0,Qwen3-8B,2,random,random
R_3j3xyQUf5zVcyyt,53483,842,0,0.0,Qwen3-8B,1,random,random
R_3j3xyQUf5zVcyyt,53547,843,0,0.0,Qwen3-8B,2,random,random
R_3j3xyQUf5zVcyyt,53610,844,1,0.0,Qwen3-8B,2,random,random
R_2TLDa7LA59xbper,53652,845,1,0.0,Qwen3-8B,3,random,random
R_2TLDa7LA59xbper,53712,846,2,1.0,Qwen3-8B,3,random,random
R_2TLDa7LA59xbper,53770,847,0,0.0,Qwen3-8B,1,random,random
R_2TLDa7LA59xbper,53828,848,3,1.0,Qwen3-8B,2,random,random
R_2TLDa7LA59xbper,53886,849,3,1.0,Qwen3-8B,4,random,random
R_2TLDa7LA59xbper,53945,850,0,0.0,Qwen3-8B,2,random,random
R_2TLDa7LA59xbper,54004,851,0,0.0,Qwen3-8B,1,random,random
R_2TLDa7LA59xbper,54062,852,0,0.0,Qwen3-8B,1,random,random
R_2TLDa7LA59xbper,54121,853,0,0.0,Qwen3-8B,1,random,random
R_2TLDa7LA59xbper,54181,854,0,0.0,Qwen3-8B,3,random,random
R_2TLDa7LA59xbper,54239,855,0,0.0,Qwen3-8B,1,random,random
R_2TLDa7LA59xbper,54297,856,0,0.0,Qwen3-8B,1,random,random
R_2TLDa7LA59xbper,54353,857,0,0.0,Qwen3-8B,2,random,random
R_2TLDa7LA59xbper,54410,858,1,0.0,Qwen3-8B,1,random,random
R_2TLDa7LA59xbper,54470,859,0,0.0,Qwen3-8B,3,random,random
R_2TLDa7LA59xbper,54528,860,0,0.0,Qwen3-8B,1,random,random
R_2TLDa7LA59xbper,54586,861,1,0.0,Qwen3-8B,2,random,random
R_2TLDa7LA59xbper,54645,862,0,0.0,Qwen3-8B,3,random,random
R_2TLDa7LA59xbper,54704,863,0,0.0,Qwen3-8B,5,random,random
R_2TLDa7LA59xbper,54763,864,0,0.0,Qwen3-8B,3,random,random
R_2TLDa7LA59xbper,54821,865,0,0.0,Qwen3-8B,3,random,random
R_2TLDa7LA59xbper,54881,866,0,0.0,Qwen3-8B,2,random,random
R_2TLDa7LA59xbper,54940,867,0,0.0,Qwen3-8B,3,random,random
R_2TLDa7LA59xbper,54998,868,1,0.0,Qwen3-8B,4,random,random
R_2TLDa7LA59xbper,55055,869,0,0.0,Qwen3-8B,3,random,random
R_2TLDa7LA59xbper,55113,870,0,0.0,Qwen3-8B,3,random,random
R_2TLDa7LA59xbper,55170,871,1,0.0,Qwen3-8B,3,random,random
R_2TLDa7LA59xbper,55229,872,0,0.0,Qwen3-8B,3,random,random
R_2TLDa7LA59xbper,55285,873,1,0.0,Qwen3-8B,5,random,random
R_2TLDa7LA59xbper,55344,874,1,0.0,Qwen3-8B,2,random,random
R_2TLDa7LA59xbper,55403,875,0,0.0,Qwen3-8B,2,random,random
R_2TLDa7LA59xbper,55461,876,4,1.0,Qwen3-8B,5,random,random
R_2TLDa7LA59xbper,55521,877,0,0.0,Qwen3-8B,1,random,random
R_2TLDa7LA59xbper,55578,878,0,0.0,Qwen3-8B,4,random,random
R_2TLDa7LA59xbper,55635,879,1,0.0,Qwen3-8B,3,random,random
R_1Gy59n13mfunTEp,53654,845,0,0.0,Qwen3-8B,3,random,random
R_1Gy59n13mfunTEp,53714,846,1,0.0,Qwen3-8B,3,random,random
R_1Gy59n13mfunTEp,53772,847,0,0.0,Qwen3-8B,1,random,random
R_1Gy59n13mfunTEp,53830,848,2,1.0,Qwen3-8B,2,random,random
R_1Gy59n13mfunTEp,53888,849,3,1.0,Qwen3-8B,4,random,random
R_1Gy59n13mfunTEp,53947,850,0,0.0,Qwen3-8B,2,random,random
R_1Gy59n13mfunTEp,54006,851,0,0.0,Qwen3-8B,1,random,random
R_1Gy59n13mfunTEp,54064,852,1,0.0,Qwen3-8B,1,random,random
R_1Gy59n13mfunTEp,54123,853,0,0.0,Qwen3-8B,1,random,random
R_1Gy59n13mfunTEp,54183,854,0,0.0,Qwen3-8B,3,random,random
R_1Gy59n13mfunTEp,54241,855,0,0.0,Qwen3-8B,1,random,random
R_1Gy59n13mfunTEp,54299,856,0,0.0,Qwen3-8B,1,random,random
R_1Gy59n13mfunTEp,54355,857,0,0.0,Qwen3-8B,2,random,random
R_1Gy59n13mfunTEp,54412,858,0,0.0,Qwen3-8B,1,random,random
R_1Gy59n13mfunTEp,54472,859,0,0.0,Qwen3-8B,3,random,random
R_1Gy59n13mfunTEp,54530,860,0,0.0,Qwen3-8B,1,random,random
R_1Gy59n13mfunTEp,54588,861,1,0.0,Qwen3-8B,2,random,random
R_1Gy59n13mfunTEp,54647,862,0,0.0,Qwen3-8B,3,random,random
R_1Gy59n13mfunTEp,54706,863,0,0.0,Qwen3-8B,5,random,random
R_1Gy59n13mfunTEp,54765,864,1,0.0,Qwen3-8B,3,random,random
R_1Gy59n13mfunTEp,54823,865,0,0.0,Qwen3-8B,3,random,random
R_1Gy59n13mfunTEp,54883,866,0,0.0,Qwen3-8B,2,random,random
R_1Gy59n13mfunTEp,54942,867,0,0.0,Qwen3-8B,3,random,random
R_1Gy59n13mfunTEp,55000,868,0,0.0,Qwen3-8B,4,random,random
R_1Gy59n13mfunTEp,55057,869,0,0.0,Qwen3-8B,3,random,random
R_1Gy59n13mfunTEp,55115,870,0,0.0,Qwen3-8B,3,random,random
R_1Gy59n13mfunTEp,55172,871,0,0.0,Qwen3-8B,3,random,random
R_1Gy59n13mfunTEp,55231,872,0,0.0,Qwen3-8B,3,random,random
R_1Gy59n13mfunTEp,55287,873,0,0.0,Qwen3-8B,5,random,random
R_1Gy59n13mfunTEp,55346,874,0,0.0,Qwen3-8B,2,random,random
R_1Gy59n13mfunTEp,55405,875,0,0.0,Qwen3-8B,2,random,random
R_1Gy59n13mfunTEp,55463,876,2,1.0,Qwen3-8B,5,random,random
R_1Gy59n13mfunTEp,55523,877,0,0.0,Qwen3-8B,1,random,random
R_1Gy59n13mfunTEp,55580,878,2,1.0,Qwen3-8B,4,random,random
R_1Gy59n13mfunTEp,55637,879,0,0.0,Qwen3-8B,3,random,random
R_1gFJtHhkZAiPZ7U,53662,845,1,0.0,Qwen3-8B,3,random,random
R_1gFJtHhkZAiPZ7U,53722,846,1,0.0,Qwen3-8B,3,random,random
R_1gFJtHhkZAiPZ7U,53780,847,0,0.0,Qwen3-8B,1,random,random
R_1gFJtHhkZAiPZ7U,53838,848,0,0.0,Qwen3-8B,2,random,random
R_1gFJtHhkZAiPZ7U,53896,849,2,1.0,Qwen3-8B,4,random,random
R_1gFJtHhkZAiPZ7U,53955,850,0,0.0,Qwen3-8B,2,random,random
R_1gFJtHhkZAiPZ7U,54014,851,0,0.0,Qwen3-8B,1,random,random
R_1gFJtHhkZAiPZ7U,54072,852,1,0.0,Qwen3-8B,1,random,random
R_1gFJtHhkZAiPZ7U,54131,853,0,0.0,Qwen3-8B,1,random,random
R_1gFJtHhkZAiPZ7U,54191,854,1,0.0,Qwen3-8B,3,random,random
R_1gFJtHhkZAiPZ7U,54249,855,0,0.0,Qwen3-8B,1,random,random
R_1gFJtHhkZAiPZ7U,54307,856,0,0.0,Qwen3-8B,1,random,random
R_1gFJtHhkZAiPZ7U,54363,857,0,0.0,Qwen3-8B,2,random,random
R_1gFJtHhkZAiPZ7U,54420,858,0,0.0,Qwen3-8B,1,random,random
R_1gFJtHhkZAiPZ7U,54479,859,0,0.0,Qwen3-8B,3,random,random
R_1gFJtHhkZAiPZ7U,54538,860,0,0.0,Qwen3-8B,1,random,random
R_1gFJtHhkZAiPZ7U,54596,861,0,0.0,Qwen3-8B,2,random,random
R_1gFJtHhkZAiPZ7U,54655,862,0,0.0,Qwen3-8B,3,random,random
R_1gFJtHhkZAiPZ7U,54714,863,0,0.0,Qwen3-8B,5,random,random
R_1gFJtHhkZAiPZ7U,54773,864,1,0.0,Qwen3-8B,3,random,random
R_1gFJtHhkZAiPZ7U,54831,865,0,0.0,Qwen3-8B,3,random,random
R_1gFJtHhkZAiPZ7U,54891,866,0,0.0,Qwen3-8B,2,random,random
R_1gFJtHhkZAiPZ7U,54950,867,0,0.0,Qwen3-8B,3,random,random
R_1gFJtHhkZAiPZ7U,55008,868,1,0.0,Qwen3-8B,4,random,random
R_1gFJtHhkZAiPZ7U,55065,869,0,0.0,Qwen3-8B,3,random,random
R_1gFJtHhkZAiPZ7U,55123,870,0,0.0,Qwen3-8B,3,random,random
R_1gFJtHhkZAiPZ7U,55180,871,1,0.0,Qwen3-8B,3,random,random
R_1gFJtHhkZAiPZ7U,55239,872,0,0.0,Qwen3-8B,3,random,random
R_1gFJtHhkZAiPZ7U,55295,873,1,0.0,Qwen3-8B,5,random,random
R_1gFJtHhkZAiPZ7U,55354,874,0,0.0,Qwen3-8B,2,random,random
R_1gFJtHhkZAiPZ7U,55413,875,0,0.0,Qwen3-8B,2,random,random
R_1gFJtHhkZAiPZ7U,55471,876,2,1.0,Qwen3-8B,5,random,random
R_1gFJtHhkZAiPZ7U,55531,877,0,0.0,Qwen3-8B,1,random,random
R_1gFJtHhkZAiPZ7U,55588,878,1,0.0,Qwen3-8B,4,random,random
R_1gFJtHhkZAiPZ7U,55644,879,2,1.0,Qwen3-8B,3,random,random
R_czEx5NsBUJ3hzm9,53670,845,0,0.0,Qwen3-8B,3,random,random
R_czEx5NsBUJ3hzm9,53730,846,0,0.0,Qwen3-8B,3,random,random
R_czEx5NsBUJ3hzm9,53788,847,0,0.0,Qwen3-8B,1,random,random
R_czEx5NsBUJ3hzm9,53846,848,0,0.0,Qwen3-8B,2,random,random
R_czEx5NsBUJ3hzm9,53904,849,0,0.0,Qwen3-8B,4,random,random
R_czEx5NsBUJ3hzm9,53963,850,0,0.0,Qwen3-8B,2,random,random
R_czEx5NsBUJ3hzm9,54022,851,0,0.0,Qwen3-8B,1,random,random
R_czEx5NsBUJ3hzm9,54080,852,0,0.0,Qwen3-8B,1,random,random
R_czEx5NsBUJ3hzm9,54139,853,0,0.0,Qwen3-8B,1,random,random
R_czEx5NsBUJ3hzm9,54199,854,0,0.0,Qwen3-8B,3,random,random
R_czEx5NsBUJ3hzm9,54257,855,0,0.0,Qwen3-8B,1,random,random
R_czEx5NsBUJ3hzm9,54315,856,0,0.0,Qwen3-8B,1,random,random
R_czEx5NsBUJ3hzm9,54371,857,0,0.0,Qwen3-8B,2,random,random
R_czEx5NsBUJ3hzm9,54428,858,0,0.0,Qwen3-8B,1,random,random
R_czEx5NsBUJ3hzm9,54487,859,0,0.0,Qwen3-8B,3,random,random
R_czEx5NsBUJ3hzm9,54546,860,0,0.0,Qwen3-8B,1,random,random
R_czEx5NsBUJ3hzm9,54604,861,0,0.0,Qwen3-8B,2,random,random
R_czEx5NsBUJ3hzm9,54663,862,0,0.0,Qwen3-8B,3,random,random
R_czEx5NsBUJ3hzm9,54722,863,0,0.0,Qwen3-8B,5,random,random
R_czEx5NsBUJ3hzm9,54781,864,0,0.0,Qwen3-8B,3,random,random
R_czEx5NsBUJ3hzm9,54839,865,0,0.0,Qwen3-8B,3,random,random
R_czEx5NsBUJ3hzm9,54899,866,0,0.0,Qwen3-8B,2,random,random
R_czEx5NsBUJ3hzm9,54958,867,0,0.0,Qwen3-8B,3,random,random
R_czEx5NsBUJ3hzm9,55016,868,0,0.0,Qwen3-8B,4,random,random
R_czEx5NsBUJ3hzm9,55073,869,0,0.0,Qwen3-8B,3,random,random
R_czEx5NsBUJ3hzm9,55130,870,0,0.0,Qwen3-8B,3,random,random
R_czEx5NsBUJ3hzm9,55188,871,0,0.0,Qwen3-8B,3,random,random
R_czEx5NsBUJ3hzm9,55247,872,0,0.0,Qwen3-8B,3,random,random
R_czEx5NsBUJ3hzm9,55303,873,0,0.0,Qwen3-8B,5,random,random
R_czEx5NsBUJ3hzm9,55362,874,0,0.0,Qwen3-8B,2,random,random
R_czEx5NsBUJ3hzm9,55421,875,0,0.0,Qwen3-8B,2,random,random
R_czEx5NsBUJ3hzm9,55479,876,0,0.0,Qwen3-8B,5,random,random
R_czEx5NsBUJ3hzm9,55538,877,0,0.0,Qwen3-8B,1,random,random
R_czEx5NsBUJ3hzm9,55595,878,0,0.0,Qwen3-8B,4,random,random
R_czEx5NsBUJ3hzm9,55652,879,0,0.0,Qwen3-8B,3,random,random
R_xirYgVe4hr0mlEZ,53684,845,0,0.0,Qwen3-8B,3,random,random
R_xirYgVe4hr0mlEZ,53743,846,0,0.0,Qwen3-8B,3,random,random
R_xirYgVe4hr0mlEZ,53801,847,0,0.0,Qwen3-8B,1,random,random
R_xirYgVe4hr0mlEZ,53860,848,0,0.0,Qwen3-8B,2,random,random
R_xirYgVe4hr0mlEZ,53918,849,0,0.0,Qwen3-8B,4,random,random
R_xirYgVe4hr0mlEZ,53977,850,0,0.0,Qwen3-8B,2,random,random
R_xirYgVe4hr0mlEZ,54035,851,0,0.0,Qwen3-8B,1,random,random
R_xirYgVe4hr0mlEZ,54094,852,0,0.0,Qwen3-8B,1,random,random
R_xirYgVe4hr0mlEZ,54153,853,0,0.0,Qwen3-8B,1,random,random
R_xirYgVe4hr0mlEZ,54213,854,0,0.0,Qwen3-8B,3,random,random
R_xirYgVe4hr0mlEZ,54269,855,0,0.0,Qwen3-8B,1,random,random
R_xirYgVe4hr0mlEZ,54326,856,0,0.0,Qwen3-8B,1,random,random
R_xirYgVe4hr0mlEZ,54383,857,0,0.0,Qwen3-8B,2,random,random
R_xirYgVe4hr0mlEZ,54442,858,0,0.0,Qwen3-8B,1,random,random
R_xirYgVe4hr0mlEZ,54500,859,0,0.0,Qwen3-8B,3,random,random
R_xirYgVe4hr0mlEZ,54559,860,0,0.0,Qwen3-8B,1,random,random
R_xirYgVe4hr0mlEZ,54618,861,0,0.0,Qwen3-8B,2,random,random
R_xirYgVe4hr0mlEZ,54676,862,0,0.0,Qwen3-8B,3,random,random
R_xirYgVe4hr0mlEZ,54736,863,0,0.0,Qwen3-8B,5,random,random
R_xirYgVe4hr0mlEZ,54795,864,0,0.0,Qwen3-8B,3,random,random
R_xirYgVe4hr0mlEZ,54854,865,0,0.0,Qwen3-8B,3,random,random
R_xirYgVe4hr0mlEZ,54913,866,0,0.0,Qwen3-8B,2,random,random
R_xirYgVe4hr0mlEZ,54971,867,0,0.0,Qwen3-8B,3,random,random
R_xirYgVe4hr0mlEZ,55029,868,0,0.0,Qwen3-8B,4,random,random
R_xirYgVe4hr0mlEZ,55086,869,0,0.0,Qwen3-8B,3,random,random
R_xirYgVe4hr0mlEZ,55144,870,0,0.0,Qwen3-8B,3,random,random
R_xirYgVe4hr0mlEZ,55202,871,0,0.0,Qwen3-8B,3,random,random
R_xirYgVe4hr0mlEZ,55258,872,0,0.0,Qwen3-8B,3,random,random
R_xirYgVe4hr0mlEZ,55317,873,0,0.0,Qwen3-8B,5,random,random
R_xirYgVe4hr0mlEZ,55375,874,0,0.0,Qwen3-8B,2,random,random
R_xirYgVe4hr0mlEZ,55435,875,0,0.0,Qwen3-8B,2,random,random
R_xirYgVe4hr0mlEZ,55494,876,0,0.0,Qwen3-8B,5,random,random
R_xirYgVe4hr0mlEZ,55552,877,0,0.0,Qwen3-8B,1,random,random
R_xirYgVe4hr0mlEZ,55609,878,0,0.0,Qwen3-8B,4,random,random
R_xirYgVe4hr0mlEZ,55664,879,0,0.0,Qwen3-8B,3,random,random
R_1NFxsU7RHpXmU71,55698,880,3,1.0,Qwen3-8B,4,random,random
R_1NFxsU7RHpXmU71,55770,881,0,0.0,Qwen3-8B,2,random,random
R_1NFxsU7RHpXmU71,55843,882,1,0.0,Qwen3-8B,3,random,random
R_1NFxsU7RHpXmU71,55916,883,0,0.0,Qwen3-8B,1,random,random
R_1NFxsU7RHpXmU71,55986,884,0,0.0,Qwen3-8B,1,random,random
R_1NFxsU7RHpXmU71,56058,885,2,1.0,Qwen3-8B,3,random,random
R_1NFxsU7RHpXmU71,56130,886,0,0.0,Qwen3-8B,2,random,random
R_1NFxsU7RHpXmU71,56204,887,2,1.0,Qwen3-8B,2,random,random
R_1NFxsU7RHpXmU71,56276,888,0,0.0,Qwen3-8B,3,random,random
R_1NFxsU7RHpXmU71,56349,889,0,0.0,Qwen3-8B,1,random,random
R_1NFxsU7RHpXmU71,56420,890,0,0.0,Qwen3-8B,1,random,random
R_1NFxsU7RHpXmU71,56492,891,0,0.0,Qwen3-8B,3,random,random
R_1NFxsU7RHpXmU71,56565,892,0,0.0,Qwen3-8B,1,random,random
R_1NFxsU7RHpXmU71,56637,893,0,0.0,Qwen3-8B,1,random,random
R_1NFxsU7RHpXmU71,56710,894,0,0.0,Qwen3-8B,1,random,random
R_1NFxsU7RHpXmU71,56782,895,0,0.0,Qwen3-8B,3,random,random
R_1NFxsU7RHpXmU71,56851,896,1,0.0,Qwen3-8B,3,random,random
R_1NFxsU7RHpXmU71,56922,897,0,0.0,Qwen3-8B,2,random,random
R_1NFxsU7RHpXmU71,56994,898,3,1.0,Qwen3-8B,3,random,random
R_1NFxsU7RHpXmU71,57067,899,4,1.0,Qwen3-8B,4,random,random
R_1NFxsU7RHpXmU71,57140,900,2,1.0,Qwen3-8B,3,random,random
R_1NFxsU7RHpXmU71,57211,901,0,0.0,Qwen3-8B,3,random,random
R_1NFxsU7RHpXmU71,57284,902,0,0.0,Qwen3-8B,3,random,random
R_1NFxsU7RHpXmU71,57356,903,0,0.0,Qwen3-8B,1,random,random
R_1NFxsU7RHpXmU71,57427,904,1,0.0,Qwen3-8B,2,random,random
R_1NFxsU7RHpXmU71,57501,905,1,0.0,Qwen3-8B,3,random,random
R_1NFxsU7RHpXmU71,57574,906,0,0.0,Qwen3-8B,1,random,random
R_1NFxsU7RHpXmU71,57680,907,0,0.0,Qwen3-8B,1,random,random
R_1NFxsU7RHpXmU71,57680,907,0,0.0,Qwen3-8B,1,moral,care
R_1NFxsU7RHpXmU71,57680,907,0,0.0,Qwen3-8B,1,random,random
R_1NFxsU7RHpXmU71,57680,907,0,0.0,Qwen3-8B,1,moral,care
R_1NFxsU7RHpXmU71,57835,908,1,0.0,Qwen3-8B,3,random,random
R_1NFxsU7RHpXmU71,57906,909,1,0.0,Qwen3-8B,3,random,random
R_1NFxsU7RHpXmU71,57977,910,0,0.0,Qwen3-8B,3,random,random
R_1NFxsU7RHpXmU71,58049,911,0,0.0,Qwen3-8B,1,random,random
R_1NFxsU7RHpXmU71,58121,912,0,0.0,Qwen3-8B,1,random,random
R_1NFxsU7RHpXmU71,58189,913,4,1.0,Qwen3-8B,2,random,random
R_1NFxsU7RHpXmU71,58262,914,3,1.0,Qwen3-8B,3,random,random
R_2U5zJmP6MXBO2Bb,55712,880,0,0.0,Qwen3-8B,4,random,random
R_2U5zJmP6MXBO2Bb,55784,881,1,0.0,Qwen3-8B,2,random,random
R_2U5zJmP6MXBO2Bb,55857,882,1,0.0,Qwen3-8B,3,random,random
R_2U5zJmP6MXBO2Bb,55930,883,0,0.0,Qwen3-8B,1,random,random
R_2U5zJmP6MXBO2Bb,56000,884,0,0.0,Qwen3-8B,1,random,random
R_2U5zJmP6MXBO2Bb,56072,885,0,0.0,Qwen3-8B,3,random,random
R_2U5zJmP6MXBO2Bb,56144,886,0,0.0,Qwen3-8B,2,random,random
R_2U5zJmP6MXBO2Bb,56218,887,0,0.0,Qwen3-8B,2,random,random
R_2U5zJmP6MXBO2Bb,56290,888,0,0.0,Qwen3-8B,3,random,random
R_2U5zJmP6MXBO2Bb,56364,889,0,0.0,Qwen3-8B,1,random,random
R_2U5zJmP6MXBO2Bb,56434,890,0,0.0,Qwen3-8B,1,random,random
R_2U5zJmP6MXBO2Bb,56506,891,0,0.0,Qwen3-8B,3,random,random
R_2U5zJmP6MXBO2Bb,56579,892,0,0.0,Qwen3-8B,1,random,random
R_2U5zJmP6MXBO2Bb,56651,893,0,0.0,Qwen3-8B,1,random,random
R_2U5zJmP6MXBO2Bb,56724,894,0,0.0,Qwen3-8B,1,random,random
R_2U5zJmP6MXBO2Bb,56796,895,-1,,Qwen3-8B,3,random,random
R_2U5zJmP6MXBO2Bb,56865,896,0,0.0,Qwen3-8B,3,random,random
R_2U5zJmP6MXBO2Bb,56935,897,0,0.0,Qwen3-8B,2,random,random
R_2U5zJmP6MXBO2Bb,57008,898,0,0.0,Qwen3-8B,3,random,random
R_2U5zJmP6MXBO2Bb,57081,899,2,1.0,Qwen3-8B,4,random,random
R_2U5zJmP6MXBO2Bb,57154,900,-1,,Qwen3-8B,3,random,random
R_2U5zJmP6MXBO2Bb,57225,901,0,0.0,Qwen3-8B,3,random,random
R_2U5zJmP6MXBO2Bb,57299,902,0,0.0,Qwen3-8B,3,random,random
R_2U5zJmP6MXBO2Bb,57371,903,0,0.0,Qwen3-8B,1,random,random
R_2U5zJmP6MXBO2Bb,57441,904,0,0.0,Qwen3-8B,2,random,random
R_2U5zJmP6MXBO2Bb,57514,905,0,0.0,Qwen3-8B,3,random,random
R_2U5zJmP6MXBO2Bb,57588,906,0,0.0,Qwen3-8B,1,random,random
R_2U5zJmP6MXBO2Bb,57718,907,0,0.0,Qwen3-8B,1,random,random
R_2U5zJmP6MXBO2Bb,57718,907,0,0.0,Qwen3-8B,1,moral,care
R_2U5zJmP6MXBO2Bb,57718,907,0,0.0,Qwen3-8B,1,random,random
R_2U5zJmP6MXBO2Bb,57718,907,0,0.0,Qwen3-8B,1,moral,care
R_2U5zJmP6MXBO2Bb,57848,908,0,0.0,Qwen3-8B,3,random,random
R_2U5zJmP6MXBO2Bb,57920,909,0,0.0,Qwen3-8B,3,random,random
R_2U5zJmP6MXBO2Bb,57991,910,0,0.0,Qwen3-8B,3,random,random
R_2U5zJmP6MXBO2Bb,58063,911,0,0.0,Qwen3-8B,1,random,random
R_2U5zJmP6MXBO2Bb,58135,912,0,0.0,Qwen3-8B,1,random,random
R_2U5zJmP6MXBO2Bb,58203,913,1,0.0,Qwen3-8B,2,random,random
R_2U5zJmP6MXBO2Bb,58276,914,1,0.0,Qwen3-8B,3,random,random
R_3h0yhNQqbGdjS4e,55720,880,0,0.0,Qwen3-8B,4,random,random
R_3h0yhNQqbGdjS4e,55792,881,0,0.0,Qwen3-8B,2,random,random
R_3h0yhNQqbGdjS4e,55865,882,0,0.0,Qwen3-8B,3,random,random
R_3h0yhNQqbGdjS4e,55938,883,0,0.0,Qwen3-8B,1,random,random
R_3h0yhNQqbGdjS4e,56008,884,0,0.0,Qwen3-8B,1,random,random
R_3h0yhNQqbGdjS4e,56080,885,1,0.0,Qwen3-8B,3,random,random
R_3h0yhNQqbGdjS4e,56152,886,1,0.0,Qwen3-8B,2,random,random
R_3h0yhNQqbGdjS4e,56226,887,0,0.0,Qwen3-8B,2,random,random
R_3h0yhNQqbGdjS4e,56298,888,0,0.0,Qwen3-8B,3,random,random
R_3h0yhNQqbGdjS4e,56372,889,0,0.0,Qwen3-8B,1,random,random
R_3h0yhNQqbGdjS4e,56442,890,0,0.0,Qwen3-8B,1,random,random
R_3h0yhNQqbGdjS4e,56514,891,0,0.0,Qwen3-8B,3,random,random
R_3h0yhNQqbGdjS4e,56587,892,0,0.0,Qwen3-8B,1,random,random
R_3h0yhNQqbGdjS4e,56659,893,0,0.0,Qwen3-8B,1,random,random
R_3h0yhNQqbGdjS4e,56732,894,0,0.0,Qwen3-8B,1,random,random
R_3h0yhNQqbGdjS4e,56804,895,0,0.0,Qwen3-8B,3,random,random
R_3h0yhNQqbGdjS4e,56873,896,0,0.0,Qwen3-8B,3,random,random
R_3h0yhNQqbGdjS4e,56943,897,0,0.0,Qwen3-8B,2,random,random
R_3h0yhNQqbGdjS4e,57016,898,1,0.0,Qwen3-8B,3,random,random
R_3h0yhNQqbGdjS4e,57089,899,1,0.0,Qwen3-8B,4,random,random
R_3h0yhNQqbGdjS4e,57162,900,0,0.0,Qwen3-8B,3,random,random
R_3h0yhNQqbGdjS4e,57233,901,0,0.0,Qwen3-8B,3,random,random
R_3h0yhNQqbGdjS4e,57307,902,0,0.0,Qwen3-8B,3,random,random
R_3h0yhNQqbGdjS4e,57379,903,0,0.0,Qwen3-8B,1,random,random
R_3h0yhNQqbGdjS4e,57449,904,0,0.0,Qwen3-8B,2,random,random
R_3h0yhNQqbGdjS4e,57522,905,0,0.0,Qwen3-8B,3,random,random
R_3h0yhNQqbGdjS4e,57596,906,0,0.0,Qwen3-8B,1,random,random
R_3h0yhNQqbGdjS4e,57734,907,0,0.0,Qwen3-8B,1,random,random
R_3h0yhNQqbGdjS4e,57734,907,0,0.0,Qwen3-8B,1,moral,care
R_3h0yhNQqbGdjS4e,57734,907,0,0.0,Qwen3-8B,1,random,random
R_3h0yhNQqbGdjS4e,57734,907,0,0.0,Qwen3-8B,1,moral,care
R_3h0yhNQqbGdjS4e,57856,908,1,0.0,Qwen3-8B,3,random,random
R_3h0yhNQqbGdjS4e,57928,909,0,0.0,Qwen3-8B,3,random,random
R_3h0yhNQqbGdjS4e,57999,910,0,0.0,Qwen3-8B,3,random,random
R_3h0yhNQqbGdjS4e,58071,911,1,0.0,Qwen3-8B,1,random,random
R_3h0yhNQqbGdjS4e,58143,912,0,0.0,Qwen3-8B,1,random,random
R_3h0yhNQqbGdjS4e,58211,913,0,0.0,Qwen3-8B,2,random,random
R_3h0yhNQqbGdjS4e,58284,914,0,0.0,Qwen3-8B,3,random,random
R_2WBWCwsKqjFRoKL,55737,880,2,1.0,Qwen3-8B,4,random,random
R_2WBWCwsKqjFRoKL,55809,881,0,0.0,Qwen3-8B,2,random,random
R_2WBWCwsKqjFRoKL,55882,882,0,0.0,Qwen3-8B,3,random,random
R_2WBWCwsKqjFRoKL,55952,883,0,0.0,Qwen3-8B,1,random,random
R_2WBWCwsKqjFRoKL,56025,884,0,0.0,Qwen3-8B,1,random,random
R_2WBWCwsKqjFRoKL,56097,885,1,0.0,Qwen3-8B,3,random,random
R_2WBWCwsKqjFRoKL,56170,886,0,0.0,Qwen3-8B,2,random,random
R_2WBWCwsKqjFRoKL,56243,887,0,0.0,Qwen3-8B,2,random,random
R_2WBWCwsKqjFRoKL,56314,888,0,0.0,Qwen3-8B,3,random,random
R_2WBWCwsKqjFRoKL,56386,889,0,0.0,Qwen3-8B,1,random,random
R_2WBWCwsKqjFRoKL,56459,890,0,0.0,Qwen3-8B,1,random,random
R_2WBWCwsKqjFRoKL,56531,891,0,0.0,Qwen3-8B,3,random,random
R_2WBWCwsKqjFRoKL,56603,892,0,0.0,Qwen3-8B,1,random,random
R_2WBWCwsKqjFRoKL,56676,893,0,0.0,Qwen3-8B,1,random,random
R_2WBWCwsKqjFRoKL,56748,894,0,0.0,Qwen3-8B,1,random,random
R_2WBWCwsKqjFRoKL,56820,895,0,0.0,Qwen3-8B,3,random,random
R_2WBWCwsKqjFRoKL,56889,896,1,0.0,Qwen3-8B,3,random,random
R_2WBWCwsKqjFRoKL,56960,897,0,0.0,Qwen3-8B,2,random,random
R_2WBWCwsKqjFRoKL,57033,898,0,0.0,Qwen3-8B,3,random,random
R_2WBWCwsKqjFRoKL,57105,899,1,0.0,Qwen3-8B,4,random,random
R_2WBWCwsKqjFRoKL,57177,900,0,0.0,Qwen3-8B,3,random,random
R_2WBWCwsKqjFRoKL,57249,901,0,0.0,Qwen3-8B,3,random,random
R_2WBWCwsKqjFRoKL,57321,902,1,0.0,Qwen3-8B,3,random,random
R_2WBWCwsKqjFRoKL,57394,903,0,0.0,Qwen3-8B,1,random,random
R_2WBWCwsKqjFRoKL,57467,904,0,0.0,Qwen3-8B,2,random,random
R_2WBWCwsKqjFRoKL,57540,905,0,0.0,Qwen3-8B,3,random,random
R_2WBWCwsKqjFRoKL,57612,906,0,0.0,Qwen3-8B,1,random,random
R_2WBWCwsKqjFRoKL,57784,907,0,0.0,Qwen3-8B,1,random,random
R_2WBWCwsKqjFRoKL,57784,907,0,0.0,Qwen3-8B,1,moral,care
R_2WBWCwsKqjFRoKL,57784,907,0,0.0,Qwen3-8B,1,random,random
R_2WBWCwsKqjFRoKL,57784,907,0,0.0,Qwen3-8B,1,moral,care
R_2WBWCwsKqjFRoKL,57872,908,1,0.0,Qwen3-8B,3,random,random
R_2WBWCwsKqjFRoKL,57943,909,0,0.0,Qwen3-8B,3,random,random
R_2WBWCwsKqjFRoKL,58016,910,0,0.0,Qwen3-8B,3,random,random
R_2WBWCwsKqjFRoKL,58087,911,1,0.0,Qwen3-8B,1,random,random
R_2WBWCwsKqjFRoKL,58160,912,0,0.0,Qwen3-8B,1,random,random
R_2WBWCwsKqjFRoKL,58228,913,0,0.0,Qwen3-8B,2,random,random
R_2WBWCwsKqjFRoKL,58300,914,1,0.0,Qwen3-8B,3,random,random
R_2z6Zo37KK0kWIMg,55739,880,0,0.0,Qwen3-8B,4,random,random
R_2z6Zo37KK0kWIMg,55811,881,0,0.0,Qwen3-8B,2,random,random
R_2z6Zo37KK0kWIMg,55884,882,3,1.0,Qwen3-8B,3,random,random
R_2z6Zo37KK0kWIMg,55954,883,0,0.0,Qwen3-8B,1,random,random
R_2z6Zo37KK0kWIMg,56027,884,0,0.0,Qwen3-8B,1,random,random
R_2z6Zo37KK0kWIMg,56099,885,1,0.0,Qwen3-8B,3,random,random
R_2z6Zo37KK0kWIMg,56172,886,4,1.0,Qwen3-8B,2,random,random
R_2z6Zo37KK0kWIMg,56245,887,2,1.0,Qwen3-8B,2,random,random
R_2z6Zo37KK0kWIMg,56316,888,0,0.0,Qwen3-8B,3,random,random
R_2z6Zo37KK0kWIMg,56388,889,0,0.0,Qwen3-8B,1,random,random
R_2z6Zo37KK0kWIMg,56461,890,1,0.0,Qwen3-8B,1,random,random
R_2z6Zo37KK0kWIMg,56533,891,0,0.0,Qwen3-8B,3,random,random
R_2z6Zo37KK0kWIMg,56605,892,0,0.0,Qwen3-8B,1,random,random
R_2z6Zo37KK0kWIMg,56678,893,0,0.0,Qwen3-8B,1,random,random
R_2z6Zo37KK0kWIMg,56750,894,0,0.0,Qwen3-8B,1,random,random
R_2z6Zo37KK0kWIMg,56822,895,1,0.0,Qwen3-8B,3,random,random
R_2z6Zo37KK0kWIMg,56891,896,0,0.0,Qwen3-8B,3,random,random
R_2z6Zo37KK0kWIMg,56962,897,0,0.0,Qwen3-8B,2,random,random
R_2z6Zo37KK0kWIMg,57035,898,3,1.0,Qwen3-8B,3,random,random
R_2z6Zo37KK0kWIMg,57107,899,1,0.0,Qwen3-8B,4,random,random
R_2z6Zo37KK0kWIMg,57179,900,2,1.0,Qwen3-8B,3,random,random
R_2z6Zo37KK0kWIMg,57251,901,0,0.0,Qwen3-8B,3,random,random
R_2z6Zo37KK0kWIMg,57323,902,2,1.0,Qwen3-8B,3,random,random
R_2z6Zo37KK0kWIMg,57396,903,0,0.0,Qwen3-8B,1,random,random
R_2z6Zo37KK0kWIMg,57469,904,0,0.0,Qwen3-8B,2,random,random
R_2z6Zo37KK0kWIMg,57542,905,3,1.0,Qwen3-8B,3,random,random
R_2z6Zo37KK0kWIMg,57614,906,0,0.0,Qwen3-8B,1,random,random
R_2z6Zo37KK0kWIMg,57788,907,0,0.0,Qwen3-8B,1,random,random
R_2z6Zo37KK0kWIMg,57788,907,0,0.0,Qwen3-8B,1,moral,care
R_2z6Zo37KK0kWIMg,57788,907,0,0.0,Qwen3-8B,1,random,random
R_2z6Zo37KK0kWIMg,57788,907,0,0.0,Qwen3-8B,1,moral,care
R_2z6Zo37KK0kWIMg,57874,908,3,1.0,Qwen3-8B,3,random,random
R_2z6Zo37KK0kWIMg,57945,909,2,1.0,Qwen3-8B,3,random,random
R_2z6Zo37KK0kWIMg,58018,910,0,0.0,Qwen3-8B,3,random,random
R_2z6Zo37KK0kWIMg,58089,911,1,0.0,Qwen3-8B,1,random,random
R_2z6Zo37KK0kWIMg,58162,912,0,0.0,Qwen3-8B,1,random,random
R_2z6Zo37KK0kWIMg,58230,913,2,1.0,Qwen3-8B,2,random,random
R_2z6Zo37KK0kWIMg,58302,914,3,1.0,Qwen3-8B,3,random,random
R_1kI8Upuv7EwmXjp,55740,880,2,1.0,Qwen3-8B,4,random,random
R_1kI8Upuv7EwmXjp,55812,881,1,0.0,Qwen3-8B,2,random,random
R_1kI8Upuv7EwmXjp,55885,882,0,0.0,Qwen3-8B,3,random,random
R_1kI8Upuv7EwmXjp,55955,883,1,0.0,Qwen3-8B,1,random,random
R_1kI8Upuv7EwmXjp,56028,884,1,0.0,Qwen3-8B,1,random,random
R_1kI8Upuv7EwmXjp,56100,885,2,1.0,Qwen3-8B,3,random,random
R_1kI8Upuv7EwmXjp,56173,886,0,0.0,Qwen3-8B,2,random,random
R_1kI8Upuv7EwmXjp,56246,887,2,1.0,Qwen3-8B,2,random,random
R_1kI8Upuv7EwmXjp,56317,888,1,0.0,Qwen3-8B,3,random,random
R_1kI8Upuv7EwmXjp,56389,889,0,0.0,Qwen3-8B,1,random,random
R_1kI8Upuv7EwmXjp,56462,890,0,0.0,Qwen3-8B,1,random,random
R_1kI8Upuv7EwmXjp,56534,891,0,0.0,Qwen3-8B,3,random,random
R_1kI8Upuv7EwmXjp,56606,892,0,0.0,Qwen3-8B,1,random,random
R_1kI8Upuv7EwmXjp,56679,893,0,0.0,Qwen3-8B,1,random,random
R_1kI8Upuv7EwmXjp,56751,894,0,0.0,Qwen3-8B,1,random,random
R_1kI8Upuv7EwmXjp,56823,895,0,0.0,Qwen3-8B,3,random,random
R_1kI8Upuv7EwmXjp,56892,896,0,0.0,Qwen3-8B,3,random,random
R_1kI8Upuv7EwmXjp,56963,897,1,0.0,Qwen3-8B,2,random,random
R_1kI8Upuv7EwmXjp,57036,898,1,0.0,Qwen3-8B,3,random,random
R_1kI8Upuv7EwmXjp,57108,899,3,1.0,Qwen3-8B,4,random,random
R_1kI8Upuv7EwmXjp,57180,900,1,0.0,Qwen3-8B,3,random,random
R_1kI8Upuv7EwmXjp,57252,901,0,0.0,Qwen3-8B,3,random,random
R_1kI8Upuv7EwmXjp,57324,902,0,0.0,Qwen3-8B,3,random,random
R_1kI8Upuv7EwmXjp,57397,903,0,0.0,Qwen3-8B,1,random,random
R_1kI8Upuv7EwmXjp,57470,904,-1,,Qwen3-8B,2,random,random
R_1kI8Upuv7EwmXjp,57543,905,1,0.0,Qwen3-8B,3,random,random
R_1kI8Upuv7EwmXjp,57615,906,-1,,Qwen3-8B,1,random,random
R_1kI8Upuv7EwmXjp,57790,907,0,0.0,Qwen3-8B,1,random,random
R_1kI8Upuv7EwmXjp,57790,907,0,0.0,Qwen3-8B,1,moral,care
R_1kI8Upuv7EwmXjp,57790,907,0,0.0,Qwen3-8B,1,random,random
R_1kI8Upuv7EwmXjp,57790,907,0,0.0,Qwen3-8B,1,moral,care
R_1kI8Upuv7EwmXjp,57875,908,0,0.0,Qwen3-8B,3,random,random
R_1kI8Upuv7EwmXjp,57946,909,0,0.0,Qwen3-8B,3,random,random
R_1kI8Upuv7EwmXjp,58019,910,-1,,Qwen3-8B,3,random,random
R_1kI8Upuv7EwmXjp,58090,911,1,0.0,Qwen3-8B,1,random,random
R_1kI8Upuv7EwmXjp,58163,912,0,0.0,Qwen3-8B,1,random,random
R_1kI8Upuv7EwmXjp,58231,913,1,0.0,Qwen3-8B,2,random,random
R_1kI8Upuv7EwmXjp,58303,914,2,1.0,Qwen3-8B,3,random,random
R_Wkaieu2q0rssuPv,55742,880,2,1.0,Qwen3-8B,4,random,random
R_Wkaieu2q0rssuPv,55814,881,1,0.0,Qwen3-8B,2,random,random
R_Wkaieu2q0rssuPv,55887,882,1,0.0,Qwen3-8B,3,random,random
R_Wkaieu2q0rssuPv,55957,883,0,0.0,Qwen3-8B,1,random,random
R_Wkaieu2q0rssuPv,56030,884,0,0.0,Qwen3-8B,1,random,random
R_Wkaieu2q0rssuPv,56102,885,2,1.0,Qwen3-8B,3,random,random
R_Wkaieu2q0rssuPv,56175,886,0,0.0,Qwen3-8B,2,random,random
R_Wkaieu2q0rssuPv,56248,887,1,0.0,Qwen3-8B,2,random,random
R_Wkaieu2q0rssuPv,56319,888,0,0.0,Qwen3-8B,3,random,random
R_Wkaieu2q0rssuPv,56391,889,0,0.0,Qwen3-8B,1,random,random
R_Wkaieu2q0rssuPv,56464,890,0,0.0,Qwen3-8B,1,random,random
R_Wkaieu2q0rssuPv,56536,891,0,0.0,Qwen3-8B,3,random,random
R_Wkaieu2q0rssuPv,56608,892,0,0.0,Qwen3-8B,1,random,random
R_Wkaieu2q0rssuPv,56681,893,0,0.0,Qwen3-8B,1,random,random
R_Wkaieu2q0rssuPv,56753,894,0,0.0,Qwen3-8B,1,random,random
R_Wkaieu2q0rssuPv,56825,895,0,0.0,Qwen3-8B,3,random,random
R_Wkaieu2q0rssuPv,56894,896,0,0.0,Qwen3-8B,3,random,random
R_Wkaieu2q0rssuPv,56965,897,0,0.0,Qwen3-8B,2,random,random
R_Wkaieu2q0rssuPv,57038,898,-1,,Qwen3-8B,3,random,random
R_Wkaieu2q0rssuPv,57110,899,1,0.0,Qwen3-8B,4,random,random
R_Wkaieu2q0rssuPv,57182,900,0,0.0,Qwen3-8B,3,random,random
R_Wkaieu2q0rssuPv,57254,901,0,0.0,Qwen3-8B,3,random,random
R_Wkaieu2q0rssuPv,57326,902,0,0.0,Qwen3-8B,3,random,random
R_Wkaieu2q0rssuPv,57399,903,0,0.0,Qwen3-8B,1,random,random
R_Wkaieu2q0rssuPv,57472,904,-1,,Qwen3-8B,2,random,random
R_Wkaieu2q0rssuPv,57545,905,1,0.0,Qwen3-8B,3,random,random
R_Wkaieu2q0rssuPv,57617,906,-1,,Qwen3-8B,1,random,random
R_Wkaieu2q0rssuPv,57794,907,0,0.0,Qwen3-8B,1,random,random
R_Wkaieu2q0rssuPv,57794,907,0,0.0,Qwen3-8B,1,moral,care
R_Wkaieu2q0rssuPv,57794,907,0,0.0,Qwen3-8B,1,random,random
R_Wkaieu2q0rssuPv,57794,907,0,0.0,Qwen3-8B,1,moral,care
R_Wkaieu2q0rssuPv,57877,908,0,0.0,Qwen3-8B,3,random,random
R_Wkaieu2q0rssuPv,57948,909,0,0.0,Qwen3-8B,3,random,random
R_Wkaieu2q0rssuPv,58021,910,0,0.0,Qwen3-8B,3,random,random
R_Wkaieu2q0rssuPv,58092,911,0,0.0,Qwen3-8B,1,random,random
R_Wkaieu2q0rssuPv,58165,912,0,0.0,Qwen3-8B,1,random,random
R_Wkaieu2q0rssuPv,58233,913,0,0.0,Qwen3-8B,2,random,random
R_Wkaieu2q0rssuPv,58305,914,3,1.0,Qwen3-8B,3,random,random
R_2zdRDDm649MLlOW,58314,915,-1,,Qwen3-8B,1,random,random
R_2zdRDDm649MLlOW,58370,916,2,1.0,Qwen3-8B,3,random,random
R_2zdRDDm649MLlOW,58426,917,-1,,Qwen3-8B,4,random,random
R_2zdRDDm649MLlOW,58481,918,0,0.0,Qwen3-8B,3,random,random
R_2zdRDDm649MLlOW,58538,919,-1,,Qwen3-8B,2,random,random
R_2zdRDDm649MLlOW,58596,920,0,0.0,Qwen3-8B,3,random,random
R_2zdRDDm649MLlOW,58653,921,0,0.0,Qwen3-8B,2,random,random
R_2zdRDDm649MLlOW,58709,922,1,0.0,Qwen3-8B,1,random,random
R_2zdRDDm649MLlOW,58766,923,0,0.0,Qwen3-8B,3,random,random
R_2zdRDDm649MLlOW,58822,924,-1,,Qwen3-8B,4,random,random
R_2zdRDDm649MLlOW,58879,925,1,0.0,Qwen3-8B,1,random,random
R_2zdRDDm649MLlOW,58934,926,1,0.0,Qwen3-8B,3,random,random
R_2zdRDDm649MLlOW,58990,927,2,1.0,Qwen3-8B,1,random,random
R_2zdRDDm649MLlOW,59045,928,1,0.0,Qwen3-8B,5,random,random
R_2zdRDDm649MLlOW,59101,929,0,0.0,Qwen3-8B,4,random,random
R_2zdRDDm649MLlOW,59157,930,0,0.0,Qwen3-8B,1,random,random
R_2zdRDDm649MLlOW,59213,931,1,0.0,Qwen3-8B,1,random,random
R_2zdRDDm649MLlOW,59270,932,0,0.0,Qwen3-8B,2,random,random
R_2zdRDDm649MLlOW,59326,933,1,0.0,Qwen3-8B,3,random,random
R_2zdRDDm649MLlOW,59382,934,-1,,Qwen3-8B,3,random,random
R_2zdRDDm649MLlOW,59440,935,1,0.0,Qwen3-8B,2,random,random
R_2zdRDDm649MLlOW,59497,936,1,0.0,Qwen3-8B,2,random,random
R_2zdRDDm649MLlOW,59554,937,2,1.0,Qwen3-8B,3,random,random
R_2zdRDDm649MLlOW,59611,938,1,0.0,Qwen3-8B,3,random,random
R_2zdRDDm649MLlOW,59667,939,0,0.0,Qwen3-8B,2,random,random
R_2zdRDDm649MLlOW,59724,940,0,0.0,Qwen3-8B,5,random,random
R_2zdRDDm649MLlOW,59781,941,1,0.0,Qwen3-8B,3,random,random
R_2zdRDDm649MLlOW,59837,942,1,0.0,Qwen3-8B,3,random,random
R_2zdRDDm649MLlOW,59894,943,0,0.0,Qwen3-8B,1,random,random
R_2zdRDDm649MLlOW,59951,944,1,0.0,Qwen3-8B,1,random,random
R_2zdRDDm649MLlOW,60005,945,1,0.0,Qwen3-8B,3,random,random
R_2zdRDDm649MLlOW,60060,946,1,0.0,Qwen3-8B,3,random,random
R_2zdRDDm649MLlOW,60117,947,0,0.0,Qwen3-8B,2,random,random
R_2zdRDDm649MLlOW,60174,948,-1,,Qwen3-8B,1,random,random
R_2zdRDDm649MLlOW,60230,949,-1,,Qwen3-8B,3,random,random
R_3fK915CmnLJVdoW,58319,915,-1,,Qwen3-8B,1,random,random
R_3fK915CmnLJVdoW,58375,916,0,0.0,Qwen3-8B,3,random,random
R_3fK915CmnLJVdoW,58430,917,0,0.0,Qwen3-8B,4,random,random
R_3fK915CmnLJVdoW,58486,918,0,0.0,Qwen3-8B,3,random,random
R_3fK915CmnLJVdoW,58543,919,0,0.0,Qwen3-8B,2,random,random
R_3fK915CmnLJVdoW,58601,920,0,0.0,Qwen3-8B,3,random,random
R_3fK915CmnLJVdoW,58658,921,0,0.0,Qwen3-8B,2,random,random
R_3fK915CmnLJVdoW,58714,922,0,0.0,Qwen3-8B,1,random,random
R_3fK915CmnLJVdoW,58771,923,0,0.0,Qwen3-8B,3,random,random
R_3fK915CmnLJVdoW,58827,924,0,0.0,Qwen3-8B,4,random,random
R_3fK915CmnLJVdoW,58883,925,0,0.0,Qwen3-8B,1,random,random
R_3fK915CmnLJVdoW,58939,926,0,0.0,Qwen3-8B,3,random,random
R_3fK915CmnLJVdoW,58995,927,0,0.0,Qwen3-8B,1,random,random
R_3fK915CmnLJVdoW,59049,928,0,0.0,Qwen3-8B,5,random,random
R_3fK915CmnLJVdoW,59106,929,0,0.0,Qwen3-8B,4,random,random
R_3fK915CmnLJVdoW,59162,930,0,0.0,Qwen3-8B,1,random,random
R_3fK915CmnLJVdoW,59218,931,1,0.0,Qwen3-8B,1,random,random
R_3fK915CmnLJVdoW,59275,932,0,0.0,Qwen3-8B,2,random,random
R_3fK915CmnLJVdoW,59330,933,0,0.0,Qwen3-8B,3,random,random
R_3fK915CmnLJVdoW,59387,934,0,0.0,Qwen3-8B,3,random,random
R_3fK915CmnLJVdoW,59445,935,-1,,Qwen3-8B,2,random,random
R_3fK915CmnLJVdoW,59503,936,0,0.0,Qwen3-8B,2,random,random
R_3fK915CmnLJVdoW,59559,937,0,0.0,Qwen3-8B,3,random,random
R_3fK915CmnLJVdoW,59616,938,0,0.0,Qwen3-8B,3,random,random
R_3fK915CmnLJVdoW,59672,939,0,0.0,Qwen3-8B,2,random,random
R_3fK915CmnLJVdoW,59729,940,0,0.0,Qwen3-8B,5,random,random
R_3fK915CmnLJVdoW,59785,941,0,0.0,Qwen3-8B,3,random,random
R_3fK915CmnLJVdoW,59842,942,-1,,Qwen3-8B,3,random,random
R_3fK915CmnLJVdoW,59899,943,0,0.0,Qwen3-8B,1,random,random
R_3fK915CmnLJVdoW,59955,944,0,0.0,Qwen3-8B,1,random,random
R_3fK915CmnLJVdoW,60009,945,0,0.0,Qwen3-8B,3,random,random
R_3fK915CmnLJVdoW,60065,946,0,0.0,Qwen3-8B,3,random,random
R_3fK915CmnLJVdoW,60122,947,0,0.0,Qwen3-8B,2,random,random
R_3fK915CmnLJVdoW,60179,948,-1,,Qwen3-8B,1,random,random
R_3fK915CmnLJVdoW,60235,949,0,0.0,Qwen3-8B,3,random,random
R_1db4FbRj6d2GTRr,58340,915,0,0.0,Qwen3-8B,1,random,random
R_1db4FbRj6d2GTRr,58397,916,1,0.0,Qwen3-8B,3,random,random
R_1db4FbRj6d2GTRr,58452,917,-1,,Qwen3-8B,4,random,random
R_1db4FbRj6d2GTRr,58508,918,0,0.0,Qwen3-8B,3,random,random
R_1db4FbRj6d2GTRr,58565,919,0,0.0,Qwen3-8B,2,random,random
R_1db4FbRj6d2GTRr,58623,920,2,1.0,Qwen3-8B,3,random,random
R_1db4FbRj6d2GTRr,58680,921,0,0.0,Qwen3-8B,2,random,random
R_1db4FbRj6d2GTRr,58736,922,0,0.0,Qwen3-8B,1,random,random
R_1db4FbRj6d2GTRr,58792,923,0,0.0,Qwen3-8B,3,random,random
R_1db4FbRj6d2GTRr,58849,924,2,1.0,Qwen3-8B,4,random,random
R_1db4FbRj6d2GTRr,58905,925,1,0.0,Qwen3-8B,1,random,random
R_1db4FbRj6d2GTRr,58961,926,1,0.0,Qwen3-8B,3,random,random
R_1db4FbRj6d2GTRr,59017,927,2,1.0,Qwen3-8B,1,random,random
R_1db4FbRj6d2GTRr,59071,928,3,1.0,Qwen3-8B,5,random,random
R_1db4FbRj6d2GTRr,59128,929,0,0.0,Qwen3-8B,4,random,random
R_1db4FbRj6d2GTRr,59183,930,0,0.0,Qwen3-8B,1,random,random
R_1db4FbRj6d2GTRr,59240,931,1,0.0,Qwen3-8B,1,random,random
R_1db4FbRj6d2GTRr,59297,932,0,0.0,Qwen3-8B,2,random,random
R_1db4FbRj6d2GTRr,59352,933,1,0.0,Qwen3-8B,3,random,random
R_1db4FbRj6d2GTRr,59410,934,0,0.0,Qwen3-8B,3,random,random
R_1db4FbRj6d2GTRr,59467,935,0,0.0,Qwen3-8B,2,random,random
R_1db4FbRj6d2GTRr,59525,936,2,1.0,Qwen3-8B,2,random,random
R_1db4FbRj6d2GTRr,59581,937,1,0.0,Qwen3-8B,3,random,random
R_1db4FbRj6d2GTRr,59638,938,0,0.0,Qwen3-8B,3,random,random
R_1db4FbRj6d2GTRr,59694,939,0,0.0,Qwen3-8B,2,random,random
R_1db4FbRj6d2GTRr,59751,940,2,1.0,Qwen3-8B,5,random,random
R_1db4FbRj6d2GTRr,59807,941,2,1.0,Qwen3-8B,3,random,random
R_1db4FbRj6d2GTRr,59864,942,1,0.0,Qwen3-8B,3,random,random
R_1db4FbRj6d2GTRr,59921,943,0,0.0,Qwen3-8B,1,random,random
R_1db4FbRj6d2GTRr,59976,944,1,0.0,Qwen3-8B,1,random,random
R_1db4FbRj6d2GTRr,60031,945,0,0.0,Qwen3-8B,3,random,random
R_1db4FbRj6d2GTRr,60086,946,0,0.0,Qwen3-8B,3,random,random
R_1db4FbRj6d2GTRr,60144,947,0,0.0,Qwen3-8B,2,random,random
R_1db4FbRj6d2GTRr,60201,948,0,0.0,Qwen3-8B,1,random,random
R_1db4FbRj6d2GTRr,60256,949,0,0.0,Qwen3-8B,3,random,random
R_1QLpcYPsdocjouv,58341,915,0,0.0,Qwen3-8B,1,random,random
R_1QLpcYPsdocjouv,58398,916,0,0.0,Qwen3-8B,3,random,random
R_1QLpcYPsdocjouv,58453,917,0,0.0,Qwen3-8B,4,random,random
R_1QLpcYPsdocjouv,58509,918,0,0.0,Qwen3-8B,3,random,random
R_1QLpcYPsdocjouv,58566,919,0,0.0,Qwen3-8B,2,random,random
R_1QLpcYPsdocjouv,58624,920,0,0.0,Qwen3-8B,3,random,random
R_1QLpcYPsdocjouv,58681,921,0,0.0,Qwen3-8B,2,random,random
R_1QLpcYPsdocjouv,58737,922,0,0.0,Qwen3-8B,1,random,random
R_1QLpcYPsdocjouv,58793,923,0,0.0,Qwen3-8B,3,random,random
R_1QLpcYPsdocjouv,58850,924,0,0.0,Qwen3-8B,4,random,random
R_1QLpcYPsdocjouv,58906,925,0,0.0,Qwen3-8B,1,random,random
R_1QLpcYPsdocjouv,58962,926,0,0.0,Qwen3-8B,3,random,random
R_1QLpcYPsdocjouv,59018,927,0,0.0,Qwen3-8B,1,random,random
R_1QLpcYPsdocjouv,59072,928,0,0.0,Qwen3-8B,5,random,random
R_1QLpcYPsdocjouv,59129,929,0,0.0,Qwen3-8B,4,random,random
R_1QLpcYPsdocjouv,59184,930,0,0.0,Qwen3-8B,1,random,random
R_1QLpcYPsdocjouv,59241,931,0,0.0,Qwen3-8B,1,random,random
R_1QLpcYPsdocjouv,59298,932,0,0.0,Qwen3-8B,2,random,random
R_1QLpcYPsdocjouv,59353,933,0,0.0,Qwen3-8B,3,random,random
R_1QLpcYPsdocjouv,59411,934,0,0.0,Qwen3-8B,3,random,random
R_1QLpcYPsdocjouv,59468,935,0,0.0,Qwen3-8B,2,random,random
R_1QLpcYPsdocjouv,59526,936,0,0.0,Qwen3-8B,2,random,random
R_1QLpcYPsdocjouv,59582,937,0,0.0,Qwen3-8B,3,random,random
R_1QLpcYPsdocjouv,59639,938,0,0.0,Qwen3-8B,3,random,random
R_1QLpcYPsdocjouv,59695,939,0,0.0,Qwen3-8B,2,random,random
R_1QLpcYPsdocjouv,59752,940,0,0.0,Qwen3-8B,5,random,random
R_1QLpcYPsdocjouv,59808,941,0,0.0,Qwen3-8B,3,random,random
R_1QLpcYPsdocjouv,59865,942,0,0.0,Qwen3-8B,3,random,random
R_1QLpcYPsdocjouv,59922,943,0,0.0,Qwen3-8B,1,random,random
R_1QLpcYPsdocjouv,59977,944,0,0.0,Qwen3-8B,1,random,random
R_1QLpcYPsdocjouv,60032,945,0,0.0,Qwen3-8B,3,random,random
R_1QLpcYPsdocjouv,60087,946,0,0.0,Qwen3-8B,3,random,random
R_1QLpcYPsdocjouv,60145,947,0,0.0,Qwen3-8B,2,random,random
R_1QLpcYPsdocjouv,60202,948,0,0.0,Qwen3-8B,1,random,random
R_1QLpcYPsdocjouv,60257,949,0,0.0,Qwen3-8B,3,random,random
R_3fwSDALMLEqazzp,58348,915,0,0.0,Qwen3-8B,1,random,random
R_3fwSDALMLEqazzp,58404,916,0,0.0,Qwen3-8B,3,random,random
R_3fwSDALMLEqazzp,58459,917,2,1.0,Qwen3-8B,4,random,random
R_3fwSDALMLEqazzp,58516,918,3,1.0,Qwen3-8B,3,random,random
R_3fwSDALMLEqazzp,58573,919,4,1.0,Qwen3-8B,2,random,random
R_3fwSDALMLEqazzp,58631,920,0,0.0,Qwen3-8B,3,random,random
R_3fwSDALMLEqazzp,58687,921,0,0.0,Qwen3-8B,2,random,random
R_3fwSDALMLEqazzp,58744,922,1,0.0,Qwen3-8B,1,random,random
R_3fwSDALMLEqazzp,58799,923,0,0.0,Qwen3-8B,3,random,random
R_3fwSDALMLEqazzp,58857,924,3,1.0,Qwen3-8B,4,random,random
R_3fwSDALMLEqazzp,58913,925,4,1.0,Qwen3-8B,1,random,random
R_3fwSDALMLEqazzp,58969,926,4,1.0,Qwen3-8B,3,random,random
R_3fwSDALMLEqazzp,59024,927,4,1.0,Qwen3-8B,1,random,random
R_3fwSDALMLEqazzp,59079,928,4,1.0,Qwen3-8B,5,random,random
R_3fwSDALMLEqazzp,59134,929,4,1.0,Qwen3-8B,4,random,random
R_3fwSDALMLEqazzp,59190,930,0,0.0,Qwen3-8B,1,random,random
R_3fwSDALMLEqazzp,59247,931,0,0.0,Qwen3-8B,1,random,random
R_3fwSDALMLEqazzp,59304,932,0,0.0,Qwen3-8B,2,random,random
R_3fwSDALMLEqazzp,59360,933,3,1.0,Qwen3-8B,3,random,random
R_3fwSDALMLEqazzp,59418,934,2,1.0,Qwen3-8B,3,random,random
R_3fwSDALMLEqazzp,59474,935,4,1.0,Qwen3-8B,2,random,random
R_3fwSDALMLEqazzp,59532,936,4,1.0,Qwen3-8B,2,random,random
R_3fwSDALMLEqazzp,59589,937,0,0.0,Qwen3-8B,3,random,random
R_3fwSDALMLEqazzp,59645,938,3,1.0,Qwen3-8B,3,random,random
R_3fwSDALMLEqazzp,59702,939,0,0.0,Qwen3-8B,2,random,random
R_3fwSDALMLEqazzp,59759,940,0,0.0,Qwen3-8B,5,random,random
R_3fwSDALMLEqazzp,59815,941,2,1.0,Qwen3-8B,3,random,random
R_3fwSDALMLEqazzp,59872,942,4,1.0,Qwen3-8B,3,random,random
R_3fwSDALMLEqazzp,59928,943,0,0.0,Qwen3-8B,1,random,random
R_3fwSDALMLEqazzp,59983,944,3,1.0,Qwen3-8B,1,random,random
R_3fwSDALMLEqazzp,60039,945,4,1.0,Qwen3-8B,3,random,random
R_3fwSDALMLEqazzp,60094,946,4,1.0,Qwen3-8B,3,random,random
R_3fwSDALMLEqazzp,60152,947,0,0.0,Qwen3-8B,2,random,random
R_3fwSDALMLEqazzp,60208,948,0,0.0,Qwen3-8B,1,random,random
R_3fwSDALMLEqazzp,60264,949,3,1.0,Qwen3-8B,3,random,random
R_31BecV3vyQtvKjh,64408,1020,0,0.0,Qwen3-8B,1,random,random
R_31BecV3vyQtvKjh,64475,1021,0,0.0,Qwen3-8B,1,random,random
R_31BecV3vyQtvKjh,64541,1022,0,0.0,Qwen3-8B,2,random,random
R_31BecV3vyQtvKjh,64608,1023,0,0.0,Qwen3-8B,2,random,random
R_31BecV3vyQtvKjh,64675,1024,0,0.0,Qwen3-8B,2,random,random
R_31BecV3vyQtvKjh,64741,1025,0,0.0,Qwen3-8B,4,random,random
R_31BecV3vyQtvKjh,64805,1026,0,0.0,Qwen3-8B,4,random,random
R_31BecV3vyQtvKjh,64872,1027,0,0.0,Qwen3-8B,2,random,random
R_31BecV3vyQtvKjh,64939,1028,0,0.0,Qwen3-8B,3,random,random
R_31BecV3vyQtvKjh,65003,1029,0,0.0,Qwen3-8B,4,random,random
R_31BecV3vyQtvKjh,65067,1030,0,0.0,Qwen3-8B,1,random,random
R_31BecV3vyQtvKjh,65133,1031,0,0.0,Qwen3-8B,1,random,random
R_31BecV3vyQtvKjh,65199,1032,0,0.0,Qwen3-8B,1,random,random
R_31BecV3vyQtvKjh,65263,1033,0,0.0,Qwen3-8B,3,random,random
R_31BecV3vyQtvKjh,65328,1034,0,0.0,Qwen3-8B,2,random,random
R_31BecV3vyQtvKjh,65394,1035,0,0.0,Qwen3-8B,2,random,random
R_31BecV3vyQtvKjh,65461,1036,0,0.0,Qwen3-8B,3,random,random
R_31BecV3vyQtvKjh,65528,1037,0,0.0,Qwen3-8B,1,random,random
R_31BecV3vyQtvKjh,65594,1038,0,0.0,Qwen3-8B,1,random,random
R_31BecV3vyQtvKjh,65661,1039,0,0.0,Qwen3-8B,1,random,random
R_31BecV3vyQtvKjh,65726,1040,0,0.0,Qwen3-8B,2,random,random
R_31BecV3vyQtvKjh,65789,1041,0,0.0,Qwen3-8B,5,random,random
R_31BecV3vyQtvKjh,65835,1042,0,0.0,Qwen3-8B,4,random,random
R_31BecV3vyQtvKjh,65902,1043,0,0.0,Qwen3-8B,4,random,random
R_31BecV3vyQtvKjh,65970,1044,0,0.0,Qwen3-8B,2,random,random
R_31BecV3vyQtvKjh,66037,1045,0,0.0,Qwen3-8B,3,random,random
R_31BecV3vyQtvKjh,66103,1046,0,0.0,Qwen3-8B,3,random,random
R_31BecV3vyQtvKjh,66168,1047,0,0.0,Qwen3-8B,1,random,random
R_31BecV3vyQtvKjh,66232,1048,0,0.0,Qwen3-8B,2,random,random
R_31BecV3vyQtvKjh,66299,1049,0,0.0,Qwen3-8B,1,random,random
R_31BecV3vyQtvKjh,66365,1050,0,0.0,Qwen3-8B,3,random,random
R_31BecV3vyQtvKjh,66424,1051,0,0.0,Qwen3-8B,3,random,random
R_31BecV3vyQtvKjh,66490,1052,0,0.0,Qwen3-8B,3,random,random
R_31BecV3vyQtvKjh,66557,1053,0,0.0,Qwen3-8B,3,random,random
R_31BecV3vyQtvKjh,66623,1054,0,0.0,Qwen3-8B,3,random,random
R_em5F15fOQxDllip,64416,1020,0,0.0,Qwen3-8B,1,random,random
R_em5F15fOQxDllip,64483,1021,3,1.0,Qwen3-8B,1,random,random
R_em5F15fOQxDllip,64549,1022,0,0.0,Qwen3-8B,2,random,random
R_em5F15fOQxDllip,64617,1023,0,0.0,Qwen3-8B,2,random,random
R_em5F15fOQxDllip,64683,1024,4,1.0,Qwen3-8B,2,random,random
R_em5F15fOQxDllip,64749,1025,4,1.0,Qwen3-8B,4,random,random
R_em5F15fOQxDllip,64813,1026,4,1.0,Qwen3-8B,4,random,random
R_em5F15fOQxDllip,64880,1027,4,1.0,Qwen3-8B,2,random,random
R_em5F15fOQxDllip,64947,1028,0,0.0,Qwen3-8B,3,random,random
R_em5F15fOQxDllip,65011,1029,1,0.0,Qwen3-8B,4,random,random
R_em5F15fOQxDllip,65075,1030,0,0.0,Qwen3-8B,1,random,random
R_em5F15fOQxDllip,65141,1031,1,0.0,Qwen3-8B,1,random,random
R_em5F15fOQxDllip,65208,1032,3,1.0,Qwen3-8B,1,random,random
R_em5F15fOQxDllip,65271,1033,1,0.0,Qwen3-8B,3,random,random
R_em5F15fOQxDllip,65336,1034,0,0.0,Qwen3-8B,2,random,random
R_em5F15fOQxDllip,65402,1035,3,1.0,Qwen3-8B,2,random,random
R_em5F15fOQxDllip,65469,1036,3,1.0,Qwen3-8B,3,random,random
R_em5F15fOQxDllip,65536,1037,2,1.0,Qwen3-8B,1,random,random
R_em5F15fOQxDllip,65601,1038,4,1.0,Qwen3-8B,1,random,random
R_em5F15fOQxDllip,65669,1039,3,1.0,Qwen3-8B,1,random,random
R_em5F15fOQxDllip,65734,1040,3,1.0,Qwen3-8B,2,random,random
R_em5F15fOQxDllip,65794,1041,4,1.0,Qwen3-8B,5,random,random
R_em5F15fOQxDllip,65843,1042,4,1.0,Qwen3-8B,4,random,random
R_em5F15fOQxDllip,65910,1043,4,1.0,Qwen3-8B,4,random,random
R_em5F15fOQxDllip,65978,1044,1,0.0,Qwen3-8B,2,random,random
R_em5F15fOQxDllip,66045,1045,4,1.0,Qwen3-8B,3,random,random
R_em5F15fOQxDllip,66111,1046,4,1.0,Qwen3-8B,3,random,random
R_em5F15fOQxDllip,66176,1047,3,1.0,Qwen3-8B,1,random,random
R_em5F15fOQxDllip,66240,1048,0,0.0,Qwen3-8B,2,random,random
R_em5F15fOQxDllip,66306,1049,4,1.0,Qwen3-8B,1,random,random
R_em5F15fOQxDllip,66371,1050,3,1.0,Qwen3-8B,3,random,random
R_em5F15fOQxDllip,66432,1051,3,1.0,Qwen3-8B,3,random,random
R_em5F15fOQxDllip,66498,1052,4,1.0,Qwen3-8B,3,random,random
R_em5F15fOQxDllip,66565,1053,0,0.0,Qwen3-8B,3,random,random
R_em5F15fOQxDllip,66631,1054,2,1.0,Qwen3-8B,3,random,random
R_3QFr7vuekjWfELH,64418,1020,4,1.0,Qwen3-8B,1,random,random
R_3QFr7vuekjWfELH,64485,1021,2,1.0,Qwen3-8B,1,random,random
R_3QFr7vuekjWfELH,64551,1022,0,0.0,Qwen3-8B,2,random,random
R_3QFr7vuekjWfELH,64619,1023,1,0.0,Qwen3-8B,2,random,random
R_3QFr7vuekjWfELH,64685,1024,4,1.0,Qwen3-8B,2,random,random
R_3QFr7vuekjWfELH,64751,1025,-1,,Qwen3-8B,4,random,random
R_3QFr7vuekjWfELH,64815,1026,4,1.0,Qwen3-8B,4,random,random
R_3QFr7vuekjWfELH,64882,1027,0,0.0,Qwen3-8B,2,random,random
R_3QFr7vuekjWfELH,64949,1028,0,0.0,Qwen3-8B,3,random,random
R_3QFr7vuekjWfELH,65013,1029,3,1.0,Qwen3-8B,4,random,random
R_3QFr7vuekjWfELH,65077,1030,0,0.0,Qwen3-8B,1,random,random
R_3QFr7vuekjWfELH,65143,1031,0,0.0,Qwen3-8B,1,random,random
R_3QFr7vuekjWfELH,65210,1032,2,1.0,Qwen3-8B,1,random,random
R_3QFr7vuekjWfELH,65273,1033,1,0.0,Qwen3-8B,3,random,random
R_3QFr7vuekjWfELH,65338,1034,2,1.0,Qwen3-8B,2,random,random
R_3QFr7vuekjWfELH,65404,1035,2,1.0,Qwen3-8B,2,random,random
R_3QFr7vuekjWfELH,65471,1036,2,1.0,Qwen3-8B,3,random,random
R_3QFr7vuekjWfELH,65538,1037,1,0.0,Qwen3-8B,1,random,random
R_3QFr7vuekjWfELH,65603,1038,2,1.0,Qwen3-8B,1,random,random
R_3QFr7vuekjWfELH,65671,1039,0,0.0,Qwen3-8B,1,random,random
R_3QFr7vuekjWfELH,65736,1040,2,1.0,Qwen3-8B,2,random,random
R_3QFr7vuekjWfELH,65796,1041,4,1.0,Qwen3-8B,5,random,random
R_3QFr7vuekjWfELH,65845,1042,4,1.0,Qwen3-8B,4,random,random
R_3QFr7vuekjWfELH,65912,1043,4,1.0,Qwen3-8B,4,random,random
R_3QFr7vuekjWfELH,65980,1044,1,0.0,Qwen3-8B,2,random,random
R_3QFr7vuekjWfELH,66047,1045,4,1.0,Qwen3-8B,3,random,random
R_3QFr7vuekjWfELH,66113,1046,4,1.0,Qwen3-8B,3,random,random
R_3QFr7vuekjWfELH,66178,1047,4,1.0,Qwen3-8B,1,random,random
R_3QFr7vuekjWfELH,66242,1048,3,1.0,Qwen3-8B,2,random,random
R_3QFr7vuekjWfELH,66308,1049,0,0.0,Qwen3-8B,1,random,random
R_3QFr7vuekjWfELH,66373,1050,3,1.0,Qwen3-8B,3,random,random
R_3QFr7vuekjWfELH,66434,1051,4,1.0,Qwen3-8B,3,random,random
R_3QFr7vuekjWfELH,66500,1052,4,1.0,Qwen3-8B,3,random,random
R_3QFr7vuekjWfELH,66567,1053,0,0.0,Qwen3-8B,3,random,random
R_3QFr7vuekjWfELH,66633,1054,4,1.0,Qwen3-8B,3,random,random
R_27CD68tr1hMFRjD,64427,1020,0,0.0,Qwen3-8B,1,random,random
R_27CD68tr1hMFRjD,64494,1021,-1,,Qwen3-8B,1,random,random
R_27CD68tr1hMFRjD,64560,1022,0,0.0,Qwen3-8B,2,random,random
R_27CD68tr1hMFRjD,64629,1023,0,0.0,Qwen3-8B,2,random,random
R_27CD68tr1hMFRjD,64694,1024,0,0.0,Qwen3-8B,2,random,random
R_27CD68tr1hMFRjD,64759,1025,-1,,Qwen3-8B,4,random,random
R_27CD68tr1hMFRjD,64824,1026,0,0.0,Qwen3-8B,4,random,random
R_27CD68tr1hMFRjD,64891,1027,0,0.0,Qwen3-8B,2,random,random
R_27CD68tr1hMFRjD,64958,1028,0,0.0,Qwen3-8B,3,random,random
R_27CD68tr1hMFRjD,65022,1029,0,0.0,Qwen3-8B,4,random,random
R_27CD68tr1hMFRjD,65086,1030,0,0.0,Qwen3-8B,1,random,random
R_27CD68tr1hMFRjD,65152,1031,0,0.0,Qwen3-8B,1,random,random
R_27CD68tr1hMFRjD,65219,1032,0,0.0,Qwen3-8B,1,random,random
R_27CD68tr1hMFRjD,65281,1033,0,0.0,Qwen3-8B,3,random,random
R_27CD68tr1hMFRjD,65347,1034,0,0.0,Qwen3-8B,2,random,random
R_27CD68tr1hMFRjD,65413,1035,0,0.0,Qwen3-8B,2,random,random
R_27CD68tr1hMFRjD,65480,1036,0,0.0,Qwen3-8B,3,random,random
R_27CD68tr1hMFRjD,65547,1037,0,0.0,Qwen3-8B,1,random,random
R_27CD68tr1hMFRjD,65612,1038,0,0.0,Qwen3-8B,1,random,random
R_27CD68tr1hMFRjD,65680,1039,0,0.0,Qwen3-8B,1,random,random
R_27CD68tr1hMFRjD,65745,1040,0,0.0,Qwen3-8B,2,random,random
R_27CD68tr1hMFRjD,65802,1041,4,1.0,Qwen3-8B,5,random,random
R_27CD68tr1hMFRjD,65854,1042,1,0.0,Qwen3-8B,4,random,random
R_27CD68tr1hMFRjD,65921,1043,0,0.0,Qwen3-8B,4,random,random
R_27CD68tr1hMFRjD,65989,1044,-1,,Qwen3-8B,2,random,random
R_27CD68tr1hMFRjD,66056,1045,2,1.0,Qwen3-8B,3,random,random
R_27CD68tr1hMFRjD,66122,1046,1,0.0,Qwen3-8B,3,random,random
R_27CD68tr1hMFRjD,66187,1047,0,0.0,Qwen3-8B,1,random,random
R_27CD68tr1hMFRjD,66251,1048,0,0.0,Qwen3-8B,2,random,random
R_27CD68tr1hMFRjD,66317,1049,0,0.0,Qwen3-8B,1,random,random
R_27CD68tr1hMFRjD,66381,1050,0,0.0,Qwen3-8B,3,random,random
R_27CD68tr1hMFRjD,66443,1051,-1,,Qwen3-8B,3,random,random
R_27CD68tr1hMFRjD,66509,1052,0,0.0,Qwen3-8B,3,random,random
R_27CD68tr1hMFRjD,66576,1053,0,0.0,Qwen3-8B,3,random,random
R_27CD68tr1hMFRjD,66642,1054,3,1.0,Qwen3-8B,3,random,random
R_2TubmbVqpe4SaTx,64437,1020,0,0.0,Qwen3-8B,1,random,random
R_2TubmbVqpe4SaTx,64504,1021,1,0.0,Qwen3-8B,1,random,random
R_2TubmbVqpe4SaTx,64570,1022,0,0.0,Qwen3-8B,2,random,random
R_2TubmbVqpe4SaTx,64639,1023,0,0.0,Qwen3-8B,2,random,random
R_2TubmbVqpe4SaTx,64704,1024,1,0.0,Qwen3-8B,2,random,random
R_2TubmbVqpe4SaTx,64769,1025,2,1.0,Qwen3-8B,4,random,random
R_2TubmbVqpe4SaTx,64834,1026,4,1.0,Qwen3-8B,4,random,random
R_2TubmbVqpe4SaTx,64901,1027,0,0.0,Qwen3-8B,2,random,random
R_2TubmbVqpe4SaTx,64968,1028,0,0.0,Qwen3-8B,3,random,random
R_2TubmbVqpe4SaTx,65032,1029,2,1.0,Qwen3-8B,4,random,random
R_2TubmbVqpe4SaTx,65096,1030,0,0.0,Qwen3-8B,1,random,random
R_2TubmbVqpe4SaTx,65162,1031,1,0.0,Qwen3-8B,1,random,random
R_2TubmbVqpe4SaTx,65229,1032,0,0.0,Qwen3-8B,1,random,random
R_2TubmbVqpe4SaTx,65291,1033,3,1.0,Qwen3-8B,3,random,random
R_2TubmbVqpe4SaTx,65357,1034,3,1.0,Qwen3-8B,2,random,random
R_2TubmbVqpe4SaTx,65423,1035,1,0.0,Qwen3-8B,2,random,random
R_2TubmbVqpe4SaTx,65490,1036,0,0.0,Qwen3-8B,3,random,random
R_2TubmbVqpe4SaTx,65557,1037,0,0.0,Qwen3-8B,1,random,random
R_2TubmbVqpe4SaTx,65622,1038,1,0.0,Qwen3-8B,1,random,random
R_2TubmbVqpe4SaTx,65690,1039,0,0.0,Qwen3-8B,1,random,random
R_2TubmbVqpe4SaTx,65755,1040,1,0.0,Qwen3-8B,2,random,random
R_2TubmbVqpe4SaTx,65809,1041,4,1.0,Qwen3-8B,5,random,random
R_2TubmbVqpe4SaTx,65864,1042,4,1.0,Qwen3-8B,4,random,random
R_2TubmbVqpe4SaTx,65931,1043,1,0.0,Qwen3-8B,4,random,random
R_2TubmbVqpe4SaTx,65999,1044,2,1.0,Qwen3-8B,2,random,random
R_2TubmbVqpe4SaTx,66066,1045,0,0.0,Qwen3-8B,3,random,random
R_2TubmbVqpe4SaTx,66132,1046,3,1.0,Qwen3-8B,3,random,random
R_2TubmbVqpe4SaTx,66197,1047,1,0.0,Qwen3-8B,1,random,random
R_2TubmbVqpe4SaTx,66261,1048,0,0.0,Qwen3-8B,2,random,random
R_2TubmbVqpe4SaTx,66327,1049,1,0.0,Qwen3-8B,1,random,random
R_2TubmbVqpe4SaTx,66390,1050,2,1.0,Qwen3-8B,3,random,random
R_2TubmbVqpe4SaTx,66453,1051,1,0.0,Qwen3-8B,3,random,random
R_2TubmbVqpe4SaTx,66519,1052,2,1.0,Qwen3-8B,3,random,random
R_2TubmbVqpe4SaTx,66586,1053,3,1.0,Qwen3-8B,3,random,random
R_2TubmbVqpe4SaTx,66651,1054,1,0.0,Qwen3-8B,3,random,random
R_3hbvt16QK17tNXf,64443,1020,-1,,Qwen3-8B,1,random,random
R_3hbvt16QK17tNXf,64511,1021,0,0.0,Qwen3-8B,1,random,random
R_3hbvt16QK17tNXf,64577,1022,0,0.0,Qwen3-8B,2,random,random
R_3hbvt16QK17tNXf,64645,1023,0,0.0,Qwen3-8B,2,random,random
R_3hbvt16QK17tNXf,64711,1024,0,0.0,Qwen3-8B,2,random,random
R_3hbvt16QK17tNXf,64774,1025,-1,,Qwen3-8B,4,random,random
R_3hbvt16QK17tNXf,64841,1026,0,0.0,Qwen3-8B,4,random,random
R_3hbvt16QK17tNXf,64907,1027,0,0.0,Qwen3-8B,2,random,random
R_3hbvt16QK17tNXf,64973,1028,0,0.0,Qwen3-8B,3,random,random
R_3hbvt16QK17tNXf,65037,1029,0,0.0,Qwen3-8B,4,random,random
R_3hbvt16QK17tNXf,65103,1030,0,0.0,Qwen3-8B,1,random,random
R_3hbvt16QK17tNXf,65169,1031,-1,,Qwen3-8B,1,random,random
R_3hbvt16QK17tNXf,65233,1032,0,0.0,Qwen3-8B,1,random,random
R_3hbvt16QK17tNXf,65297,1033,0,0.0,Qwen3-8B,3,random,random
R_3hbvt16QK17tNXf,65363,1034,0,0.0,Qwen3-8B,2,random,random
R_3hbvt16QK17tNXf,65430,1035,0,0.0,Qwen3-8B,2,random,random
R_3hbvt16QK17tNXf,65496,1036,2,1.0,Qwen3-8B,3,random,random
R_3hbvt16QK17tNXf,65562,1037,0,0.0,Qwen3-8B,1,random,random
R_3hbvt16QK17tNXf,65629,1038,-1,,Qwen3-8B,1,random,random
R_3hbvt16QK17tNXf,65697,1039,0,0.0,Qwen3-8B,1,random,random
R_3hbvt16QK17tNXf,65761,1040,0,0.0,Qwen3-8B,2,random,random
R_3hbvt16QK17tNXf,65813,1041,3,1.0,Qwen3-8B,5,random,random
R_3hbvt16QK17tNXf,65871,1042,1,0.0,Qwen3-8B,4,random,random
R_3hbvt16QK17tNXf,65938,1043,0,0.0,Qwen3-8B,4,random,random
R_3hbvt16QK17tNXf,66006,1044,0,0.0,Qwen3-8B,2,random,random
R_3hbvt16QK17tNXf,66073,1045,0,0.0,Qwen3-8B,3,random,random
R_3hbvt16QK17tNXf,66137,1046,0,0.0,Qwen3-8B,3,random,random
R_3hbvt16QK17tNXf,66202,1047,0,0.0,Qwen3-8B,1,random,random
R_3hbvt16QK17tNXf,66268,1048,0,0.0,Qwen3-8B,2,random,random
R_3hbvt16QK17tNXf,66334,1049,0,0.0,Qwen3-8B,1,random,random
R_3hbvt16QK17tNXf,66396,1050,0,0.0,Qwen3-8B,3,random,random
R_3hbvt16QK17tNXf,66459,1051,1,0.0,Qwen3-8B,3,random,random
R_3hbvt16QK17tNXf,66525,1052,0,0.0,Qwen3-8B,3,random,random
R_3hbvt16QK17tNXf,66592,1053,-1,,Qwen3-8B,3,random,random
R_3hbvt16QK17tNXf,66658,1054,0,0.0,Qwen3-8B,3,random,random
R_3G36MQsuPmGwFx6,64459,1020,0,0.0,Qwen3-8B,1,random,random
R_3G36MQsuPmGwFx6,64525,1021,4,1.0,Qwen3-8B,1,random,random
R_3G36MQsuPmGwFx6,64592,1022,-1,,Qwen3-8B,2,random,random
R_3G36MQsuPmGwFx6,64659,1023,0,0.0,Qwen3-8B,2,random,random
R_3G36MQsuPmGwFx6,64725,1024,0,0.0,Qwen3-8B,2,random,random
R_3G36MQsuPmGwFx6,64789,1025,1,0.0,Qwen3-8B,4,random,random
R_3G36MQsuPmGwFx6,64856,1026,0,0.0,Qwen3-8B,4,random,random
R_3G36MQsuPmGwFx6,64923,1027,1,0.0,Qwen3-8B,2,random,random
R_3G36MQsuPmGwFx6,64987,1028,0,0.0,Qwen3-8B,3,random,random
R_3G36MQsuPmGwFx6,65050,1029,1,0.0,Qwen3-8B,4,random,random
R_3G36MQsuPmGwFx6,65118,1030,4,1.0,Qwen3-8B,1,random,random
R_3G36MQsuPmGwFx6,65183,1031,0,0.0,Qwen3-8B,1,random,random
R_3G36MQsuPmGwFx6,65248,1032,1,0.0,Qwen3-8B,1,random,random
R_3G36MQsuPmGwFx6,65310,1033,2,1.0,Qwen3-8B,3,random,random
R_3G36MQsuPmGwFx6,65378,1034,1,0.0,Qwen3-8B,2,random,random
R_3G36MQsuPmGwFx6,65445,1035,1,0.0,Qwen3-8B,2,random,random
R_3G36MQsuPmGwFx6,65512,1036,0,0.0,Qwen3-8B,3,random,random
R_3G36MQsuPmGwFx6,65578,1037,2,1.0,Qwen3-8B,1,random,random
R_3G36MQsuPmGwFx6,65645,1038,0,0.0,Qwen3-8B,1,random,random
R_3G36MQsuPmGwFx6,65712,1039,0,0.0,Qwen3-8B,1,random,random
R_3G36MQsuPmGwFx6,65776,1040,2,1.0,Qwen3-8B,2,random,random
R_3G36MQsuPmGwFx6,65819,1041,4,1.0,Qwen3-8B,5,random,random
R_3G36MQsuPmGwFx6,65886,1042,2,1.0,Qwen3-8B,4,random,random
R_3G36MQsuPmGwFx6,65954,1043,3,1.0,Qwen3-8B,4,random,random
R_3G36MQsuPmGwFx6,66021,1044,2,1.0,Qwen3-8B,2,random,random
R_3G36MQsuPmGwFx6,66087,1045,2,1.0,Qwen3-8B,3,random,random
R_3G36MQsuPmGwFx6,66152,1046,3,1.0,Qwen3-8B,3,random,random
R_3G36MQsuPmGwFx6,66216,1047,1,0.0,Qwen3-8B,1,random,random
R_3G36MQsuPmGwFx6,66283,1048,0,0.0,Qwen3-8B,2,random,random
R_3G36MQsuPmGwFx6,66350,1049,0,0.0,Qwen3-8B,1,random,random
R_3G36MQsuPmGwFx6,66410,1050,2,1.0,Qwen3-8B,3,random,random
R_3G36MQsuPmGwFx6,66474,1051,3,1.0,Qwen3-8B,3,random,random
R_3G36MQsuPmGwFx6,66541,1052,2,1.0,Qwen3-8B,3,random,random
R_3G36MQsuPmGwFx6,66607,1053,2,1.0,Qwen3-8B,3,random,random
R_3G36MQsuPmGwFx6,66671,1054,1,0.0,Qwen3-8B,3,random,random
R_0etnb4hkBrJIOOZ,66687,1055,2,1.0,Qwen3-8B,4,random,random
R_0etnb4hkBrJIOOZ,66748,1056,1,0.0,Qwen3-8B,2,random,random
R_0etnb4hkBrJIOOZ,66805,1057,0,0.0,Qwen3-8B,3,random,random
R_0etnb4hkBrJIOOZ,66865,1058,2,1.0,Qwen3-8B,3,random,random
R_0etnb4hkBrJIOOZ,66926,1059,2,1.0,Qwen3-8B,3,random,random
R_0etnb4hkBrJIOOZ,66984,1060,0,0.0,Qwen3-8B,3,random,random
R_0etnb4hkBrJIOOZ,67043,1061,0,0.0,Qwen3-8B,3,random,random
R_0etnb4hkBrJIOOZ,67102,1062,2,1.0,Qwen3-8B,3,random,random
R_0etnb4hkBrJIOOZ,67162,1063,3,1.0,Qwen3-8B,3,random,random
R_0etnb4hkBrJIOOZ,67220,1064,-1,,Qwen3-8B,2,random,random
R_0etnb4hkBrJIOOZ,67280,1065,0,0.0,Qwen3-8B,2,random,random
R_0etnb4hkBrJIOOZ,67337,1066,0,0.0,Qwen3-8B,4,random,random
R_0etnb4hkBrJIOOZ,67397,1067,0,0.0,Qwen3-8B,1,random,random
R_0etnb4hkBrJIOOZ,67455,1068,-1,,Qwen3-8B,3,random,random
R_0etnb4hkBrJIOOZ,67511,1069,0,0.0,Qwen3-8B,3,random,random
R_0etnb4hkBrJIOOZ,67570,1070,1,0.0,Qwen3-8B,3,random,random
R_0etnb4hkBrJIOOZ,67630,1071,0,0.0,Qwen3-8B,2,random,random
R_0etnb4hkBrJIOOZ,67690,1072,0,0.0,Qwen3-8B,4,random,random
R_0etnb4hkBrJIOOZ,67747,1073,0,0.0,Qwen3-8B,3,random,random
R_0etnb4hkBrJIOOZ,67805,1074,-1,,Qwen3-8B,3,random,random
R_0etnb4hkBrJIOOZ,67866,1075,-1,,Qwen3-8B,1,random,random
R_0etnb4hkBrJIOOZ,67925,1076,0,0.0,Qwen3-8B,4,random,random
R_0etnb4hkBrJIOOZ,67986,1077,-1,,Qwen3-8B,2,random,random
R_0etnb4hkBrJIOOZ,68044,1078,0,0.0,Qwen3-8B,1,random,random
R_0etnb4hkBrJIOOZ,68104,1079,-1,,Qwen3-8B,3,random,random
R_0etnb4hkBrJIOOZ,68163,1080,2,1.0,Qwen3-8B,4,random,random
R_0etnb4hkBrJIOOZ,68221,1081,3,1.0,Qwen3-8B,3,random,random
R_0etnb4hkBrJIOOZ,68280,1082,0,0.0,Qwen3-8B,2,random,random
R_0etnb4hkBrJIOOZ,68341,1083,2,1.0,Qwen3-8B,3,random,random
R_0etnb4hkBrJIOOZ,68400,1084,-1,,Qwen3-8B,3,random,random
R_0etnb4hkBrJIOOZ,68461,1085,0,0.0,Qwen3-8B,1,random,random
R_0etnb4hkBrJIOOZ,68517,1086,-1,,Qwen3-8B,4,random,random
R_0etnb4hkBrJIOOZ,68576,1087,0,0.0,Qwen3-8B,3,random,random
R_0etnb4hkBrJIOOZ,68636,1088,1,0.0,Qwen3-8B,2,random,random
R_0etnb4hkBrJIOOZ,68697,1089,1,0.0,Qwen3-8B,3,random,random
R_PCG9jgu7YKE6NDH,66704,1055,0,0.0,Qwen3-8B,4,random,random
R_PCG9jgu7YKE6NDH,66765,1056,0,0.0,Qwen3-8B,2,random,random
R_PCG9jgu7YKE6NDH,66822,1057,2,1.0,Qwen3-8B,3,random,random
R_PCG9jgu7YKE6NDH,66882,1058,1,0.0,Qwen3-8B,3,random,random
R_PCG9jgu7YKE6NDH,66943,1059,0,0.0,Qwen3-8B,3,random,random
R_PCG9jgu7YKE6NDH,67001,1060,0,0.0,Qwen3-8B,3,random,random
R_PCG9jgu7YKE6NDH,67059,1061,1,0.0,Qwen3-8B,3,random,random
R_PCG9jgu7YKE6NDH,67119,1062,2,1.0,Qwen3-8B,3,random,random
R_PCG9jgu7YKE6NDH,67179,1063,3,1.0,Qwen3-8B,3,random,random
R_PCG9jgu7YKE6NDH,67237,1064,0,0.0,Qwen3-8B,2,random,random
R_PCG9jgu7YKE6NDH,67297,1065,0,0.0,Qwen3-8B,2,random,random
R_PCG9jgu7YKE6NDH,67354,1066,1,0.0,Qwen3-8B,4,random,random
R_PCG9jgu7YKE6NDH,67414,1067,0,0.0,Qwen3-8B,1,random,random
R_PCG9jgu7YKE6NDH,67471,1068,3,1.0,Qwen3-8B,3,random,random
R_PCG9jgu7YKE6NDH,67528,1069,0,0.0,Qwen3-8B,3,random,random
R_PCG9jgu7YKE6NDH,67587,1070,-1,,Qwen3-8B,3,random,random
R_PCG9jgu7YKE6NDH,67647,1071,1,0.0,Qwen3-8B,2,random,random
R_PCG9jgu7YKE6NDH,67707,1072,0,0.0,Qwen3-8B,4,random,random
R_PCG9jgu7YKE6NDH,67764,1073,3,1.0,Qwen3-8B,3,random,random
R_PCG9jgu7YKE6NDH,67822,1074,2,1.0,Qwen3-8B,3,random,random
R_PCG9jgu7YKE6NDH,67883,1075,1,0.0,Qwen3-8B,1,random,random
R_PCG9jgu7YKE6NDH,67942,1076,2,1.0,Qwen3-8B,4,random,random
R_PCG9jgu7YKE6NDH,68003,1077,0,0.0,Qwen3-8B,2,random,random
R_PCG9jgu7YKE6NDH,68061,1078,0,0.0,Qwen3-8B,1,random,random
R_PCG9jgu7YKE6NDH,68120,1079,1,0.0,Qwen3-8B,3,random,random
R_PCG9jgu7YKE6NDH,68180,1080,2,1.0,Qwen3-8B,4,random,random
R_PCG9jgu7YKE6NDH,68238,1081,1,0.0,Qwen3-8B,3,random,random
R_PCG9jgu7YKE6NDH,68297,1082,1,0.0,Qwen3-8B,2,random,random
R_PCG9jgu7YKE6NDH,68358,1083,-1,,Qwen3-8B,3,random,random
R_PCG9jgu7YKE6NDH,68417,1084,2,1.0,Qwen3-8B,3,random,random
R_PCG9jgu7YKE6NDH,68478,1085,0,0.0,Qwen3-8B,1,random,random
R_PCG9jgu7YKE6NDH,68534,1086,2,1.0,Qwen3-8B,4,random,random
R_PCG9jgu7YKE6NDH,68593,1087,1,0.0,Qwen3-8B,3,random,random
R_PCG9jgu7YKE6NDH,68653,1088,3,1.0,Qwen3-8B,2,random,random
R_PCG9jgu7YKE6NDH,68714,1089,-1,,Qwen3-8B,3,random,random
R_2fx79t60cylNlow,66707,1055,3,1.0,Qwen3-8B,4,random,random
R_2fx79t60cylNlow,66768,1056,2,1.0,Qwen3-8B,2,random,random
R_2fx79t60cylNlow,66825,1057,4,1.0,Qwen3-8B,3,random,random
R_2fx79t60cylNlow,66885,1058,3,1.0,Qwen3-8B,3,random,random
R_2fx79t60cylNlow,66946,1059,4,1.0,Qwen3-8B,3,random,random
R_2fx79t60cylNlow,67004,1060,1,0.0,Qwen3-8B,3,random,random
R_2fx79t60cylNlow,67062,1061,4,1.0,Qwen3-8B,3,random,random
R_2fx79t60cylNlow,67122,1062,3,1.0,Qwen3-8B,3,random,random
R_2fx79t60cylNlow,67182,1063,0,0.0,Qwen3-8B,3,random,random
R_2fx79t60cylNlow,67240,1064,-1,,Qwen3-8B,2,random,random
R_2fx79t60cylNlow,67300,1065,-1,,Qwen3-8B,2,random,random
R_2fx79t60cylNlow,67357,1066,4,1.0,Qwen3-8B,4,random,random
R_2fx79t60cylNlow,67417,1067,0,0.0,Qwen3-8B,1,random,random
R_2fx79t60cylNlow,67474,1068,2,1.0,Qwen3-8B,3,random,random
R_2fx79t60cylNlow,67531,1069,2,1.0,Qwen3-8B,3,random,random
R_2fx79t60cylNlow,67590,1070,2,1.0,Qwen3-8B,3,random,random
R_2fx79t60cylNlow,67650,1071,1,0.0,Qwen3-8B,2,random,random
R_2fx79t60cylNlow,67710,1072,1,0.0,Qwen3-8B,4,random,random
R_2fx79t60cylNlow,67767,1073,3,1.0,Qwen3-8B,3,random,random
R_2fx79t60cylNlow,67825,1074,-1,,Qwen3-8B,3,random,random
R_2fx79t60cylNlow,67886,1075,0,0.0,Qwen3-8B,1,random,random
R_2fx79t60cylNlow,67945,1076,-1,,Qwen3-8B,4,random,random
R_2fx79t60cylNlow,68006,1077,-1,,Qwen3-8B,2,random,random
R_2fx79t60cylNlow,68064,1078,0,0.0,Qwen3-8B,1,random,random
R_2fx79t60cylNlow,68123,1079,-1,,Qwen3-8B,3,random,random
R_2fx79t60cylNlow,68183,1080,2,1.0,Qwen3-8B,4,random,random
R_2fx79t60cylNlow,68241,1081,3,1.0,Qwen3-8B,3,random,random
R_2fx79t60cylNlow,68300,1082,1,0.0,Qwen3-8B,2,random,random
R_2fx79t60cylNlow,68361,1083,-1,,Qwen3-8B,3,random,random
R_2fx79t60cylNlow,68420,1084,2,1.0,Qwen3-8B,3,random,random
R_2fx79t60cylNlow,68481,1085,0,0.0,Qwen3-8B,1,random,random
R_2fx79t60cylNlow,68537,1086,-1,,Qwen3-8B,4,random,random
R_2fx79t60cylNlow,68596,1087,1,0.0,Qwen3-8B,3,random,random
R_2fx79t60cylNlow,68656,1088,1,0.0,Qwen3-8B,2,random,random
R_2fx79t60cylNlow,68717,1089,3,1.0,Qwen3-8B,3,random,random
R_3J9PvEp12q3S2m6,68739,1090,2,1.0,Qwen3-8B,3,random,random
R_3J9PvEp12q3S2m6,68795,1091,-1,,Qwen3-8B,2,random,random
R_3J9PvEp12q3S2m6,68850,1092,-1,,Qwen3-8B,3,random,random
R_3J9PvEp12q3S2m6,68906,1093,4,1.0,Qwen3-8B,4,random,random
R_3J9PvEp12q3S2m6,68960,1094,4,1.0,Qwen3-8B,3,random,random
R_3J9PvEp12q3S2m6,69013,1095,-1,,Qwen3-8B,1,random,random
R_3J9PvEp12q3S2m6,69068,1096,4,1.0,Qwen3-8B,3,random,random
R_3J9PvEp12q3S2m6,69121,1097,0,0.0,Qwen3-8B,2,random,random
R_3J9PvEp12q3S2m6,69176,1098,0,0.0,Qwen3-8B,5,random,random
R_3J9PvEp12q3S2m6,69229,1099,0,0.0,Qwen3-8B,3,random,random
R_3J9PvEp12q3S2m6,69282,1100,0,0.0,Qwen3-8B,3,random,random
R_3J9PvEp12q3S2m6,69336,1101,4,1.0,Qwen3-8B,2,random,random
R_3J9PvEp12q3S2m6,69392,1102,4,1.0,Qwen3-8B,2,random,random
R_3J9PvEp12q3S2m6,69445,1103,4,1.0,Qwen3-8B,2,random,random
R_3J9PvEp12q3S2m6,69499,1104,4,1.0,Qwen3-8B,3,random,random
R_3J9PvEp12q3S2m6,69554,1105,0,0.0,Qwen3-8B,3,random,random
R_3J9PvEp12q3S2m6,69611,1106,4,1.0,Qwen3-8B,5,random,random
R_3J9PvEp12q3S2m6,69666,1107,2,1.0,Qwen3-8B,3,random,random
R_3J9PvEp12q3S2m6,69722,1108,0,0.0,Qwen3-8B,2,random,random
R_3J9PvEp12q3S2m6,69775,1109,4,1.0,Qwen3-8B,3,random,random
R_3J9PvEp12q3S2m6,69830,1110,0,0.0,Qwen3-8B,3,random,random
R_3J9PvEp12q3S2m6,69883,1111,0,0.0,Qwen3-8B,2,random,random
R_3J9PvEp12q3S2m6,69937,1112,1,0.0,Qwen3-8B,3,random,random
R_3J9PvEp12q3S2m6,69993,1113,0,0.0,Qwen3-8B,2,random,random
R_3J9PvEp12q3S2m6,70049,1114,-1,,Qwen3-8B,3,random,random
R_3J9PvEp12q3S2m6,70104,1115,0,0.0,Qwen3-8B,2,random,random
R_3J9PvEp12q3S2m6,70160,1116,0,0.0,Qwen3-8B,3,random,random
R_3J9PvEp12q3S2m6,70215,1117,0,0.0,Qwen3-8B,2,random,random
R_3J9PvEp12q3S2m6,70268,1118,0,0.0,Qwen3-8B,3,random,random
R_3J9PvEp12q3S2m6,70324,1119,2,1.0,Qwen3-8B,4,random,random
R_3J9PvEp12q3S2m6,70379,1120,1,0.0,Qwen3-8B,2,random,random
R_3J9PvEp12q3S2m6,70435,1121,-1,,Qwen3-8B,1,random,random
R_3J9PvEp12q3S2m6,70492,1122,0,0.0,Qwen3-8B,2,random,random
R_3J9PvEp12q3S2m6,70545,1123,-1,,Qwen3-8B,4,random,random
R_3J9PvEp12q3S2m6,70600,1124,0,0.0,Qwen3-8B,1,random,random
R_3fiN0bsii6Ajvoo,68754,1090,2,1.0,Qwen3-8B,3,random,random
R_3fiN0bsii6Ajvoo,68810,1091,1,0.0,Qwen3-8B,2,random,random
R_3fiN0bsii6Ajvoo,68865,1092,2,1.0,Qwen3-8B,3,random,random
R_3fiN0bsii6Ajvoo,68921,1093,3,1.0,Qwen3-8B,4,random,random
R_3fiN0bsii6Ajvoo,68973,1094,4,1.0,Qwen3-8B,3,random,random
R_3fiN0bsii6Ajvoo,69028,1095,4,1.0,Qwen3-8B,1,random,random
R_3fiN0bsii6Ajvoo,69083,1096,4,1.0,Qwen3-8B,3,random,random
R_3fiN0bsii6Ajvoo,69136,1097,4,1.0,Qwen3-8B,2,random,random
R_3fiN0bsii6Ajvoo,69189,1098,4,1.0,Qwen3-8B,5,random,random
R_3fiN0bsii6Ajvoo,69244,1099,4,1.0,Qwen3-8B,3,random,random
R_3fiN0bsii6Ajvoo,69297,1100,3,1.0,Qwen3-8B,3,random,random
R_3fiN0bsii6Ajvoo,69351,1101,4,1.0,Qwen3-8B,2,random,random
R_3fiN0bsii6Ajvoo,69406,1102,4,1.0,Qwen3-8B,2,random,random
R_3fiN0bsii6Ajvoo,69460,1103,3,1.0,Qwen3-8B,2,random,random
R_3fiN0bsii6Ajvoo,69513,1104,4,1.0,Qwen3-8B,3,random,random
R_3fiN0bsii6Ajvoo,69569,1105,4,1.0,Qwen3-8B,3,random,random
R_3fiN0bsii6Ajvoo,69626,1106,4,1.0,Qwen3-8B,5,random,random
R_3fiN0bsii6Ajvoo,69681,1107,-1,,Qwen3-8B,3,random,random
R_3fiN0bsii6Ajvoo,69735,1108,3,1.0,Qwen3-8B,2,random,random
R_3fiN0bsii6Ajvoo,69790,1109,3,1.0,Qwen3-8B,3,random,random
R_3fiN0bsii6Ajvoo,69845,1110,2,1.0,Qwen3-8B,3,random,random
R_3fiN0bsii6Ajvoo,69898,1111,-1,,Qwen3-8B,2,random,random
R_3fiN0bsii6Ajvoo,69952,1112,4,1.0,Qwen3-8B,3,random,random
R_3fiN0bsii6Ajvoo,70008,1113,4,1.0,Qwen3-8B,2,random,random
R_3fiN0bsii6Ajvoo,70064,1114,-1,,Qwen3-8B,3,random,random
R_3fiN0bsii6Ajvoo,70119,1115,2,1.0,Qwen3-8B,2,random,random
R_3fiN0bsii6Ajvoo,70175,1116,3,1.0,Qwen3-8B,3,random,random
R_3fiN0bsii6Ajvoo,70228,1117,4,1.0,Qwen3-8B,2,random,random
R_3fiN0bsii6Ajvoo,70283,1118,2,1.0,Qwen3-8B,3,random,random
R_3fiN0bsii6Ajvoo,70339,1119,4,1.0,Qwen3-8B,4,random,random
R_3fiN0bsii6Ajvoo,70394,1120,1,0.0,Qwen3-8B,2,random,random
R_3fiN0bsii6Ajvoo,70450,1121,1,0.0,Qwen3-8B,1,random,random
R_3fiN0bsii6Ajvoo,70505,1122,0,0.0,Qwen3-8B,2,random,random
R_3fiN0bsii6Ajvoo,70560,1123,-1,,Qwen3-8B,4,random,random
R_3fiN0bsii6Ajvoo,70615,1124,0,0.0,Qwen3-8B,1,random,random
R_1IBiaMy17TyKRDz,68766,1090,0,0.0,Qwen3-8B,3,random,random
R_1IBiaMy17TyKRDz,68821,1091,0,0.0,Qwen3-8B,2,random,random
R_1IBiaMy17TyKRDz,68877,1092,0,0.0,Qwen3-8B,3,random,random
R_1IBiaMy17TyKRDz,68933,1093,0,0.0,Qwen3-8B,4,random,random
R_1IBiaMy17TyKRDz,68985,1094,0,0.0,Qwen3-8B,3,random,random
R_1IBiaMy17TyKRDz,69040,1095,0,0.0,Qwen3-8B,1,random,random
R_1IBiaMy17TyKRDz,69095,1096,0,0.0,Qwen3-8B,3,random,random
R_1IBiaMy17TyKRDz,69148,1097,0,0.0,Qwen3-8B,2,random,random
R_1IBiaMy17TyKRDz,69201,1098,0,0.0,Qwen3-8B,5,random,random
R_1IBiaMy17TyKRDz,69255,1099,0,0.0,Qwen3-8B,3,random,random
R_1IBiaMy17TyKRDz,69309,1100,0,0.0,Qwen3-8B,3,random,random
R_1IBiaMy17TyKRDz,69363,1101,0,0.0,Qwen3-8B,2,random,random
R_1IBiaMy17TyKRDz,69418,1102,0,0.0,Qwen3-8B,2,random,random
R_1IBiaMy17TyKRDz,69473,1103,0,0.0,Qwen3-8B,2,random,random
R_1IBiaMy17TyKRDz,69525,1104,0,0.0,Qwen3-8B,3,random,random
R_1IBiaMy17TyKRDz,69582,1105,0,0.0,Qwen3-8B,3,random,random
R_1IBiaMy17TyKRDz,69638,1106,0,0.0,Qwen3-8B,5,random,random
R_1IBiaMy17TyKRDz,69693,1107,0,0.0,Qwen3-8B,3,random,random
R_1IBiaMy17TyKRDz,69747,1108,0,0.0,Qwen3-8B,2,random,random
R_1IBiaMy17TyKRDz,69802,1109,-1,,Qwen3-8B,3,random,random
R_1IBiaMy17TyKRDz,69857,1110,0,0.0,Qwen3-8B,3,random,random
R_1IBiaMy17TyKRDz,69910,1111,0,0.0,Qwen3-8B,2,random,random
R_1IBiaMy17TyKRDz,69964,1112,0,0.0,Qwen3-8B,3,random,random
R_1IBiaMy17TyKRDz,70020,1113,0,0.0,Qwen3-8B,2,random,random
R_1IBiaMy17TyKRDz,70076,1114,-1,,Qwen3-8B,3,random,random
R_1IBiaMy17TyKRDz,70133,1115,0,0.0,Qwen3-8B,2,random,random
R_1IBiaMy17TyKRDz,70187,1116,0,0.0,Qwen3-8B,3,random,random
R_1IBiaMy17TyKRDz,70240,1117,0,0.0,Qwen3-8B,2,random,random
R_1IBiaMy17TyKRDz,70295,1118,0,0.0,Qwen3-8B,3,random,random
R_1IBiaMy17TyKRDz,70351,1119,0,0.0,Qwen3-8B,4,random,random
R_1IBiaMy17TyKRDz,70406,1120,0,0.0,Qwen3-8B,2,random,random
R_1IBiaMy17TyKRDz,70462,1121,0,0.0,Qwen3-8B,1,random,random
R_1IBiaMy17TyKRDz,70517,1122,0,0.0,Qwen3-8B,2,random,random
R_1IBiaMy17TyKRDz,70571,1123,0,0.0,Qwen3-8B,4,random,random
R_1IBiaMy17TyKRDz,70628,1124,0,0.0,Qwen3-8B,1,random,random
R_1NxEKnduYSJpiJR,68784,1090,3,1.0,Qwen3-8B,3,random,random
R_1NxEKnduYSJpiJR,68839,1091,2,1.0,Qwen3-8B,2,random,random
R_1NxEKnduYSJpiJR,68895,1092,1,0.0,Qwen3-8B,3,random,random
R_1NxEKnduYSJpiJR,68949,1093,3,1.0,Qwen3-8B,4,random,random
R_1NxEKnduYSJpiJR,69002,1094,4,1.0,Qwen3-8B,3,random,random
R_1NxEKnduYSJpiJR,69057,1095,0,0.0,Qwen3-8B,1,random,random
R_1NxEKnduYSJpiJR,69110,1096,0,0.0,Qwen3-8B,3,random,random
R_1NxEKnduYSJpiJR,69166,1097,2,1.0,Qwen3-8B,2,random,random
R_1NxEKnduYSJpiJR,69218,1098,3,1.0,Qwen3-8B,5,random,random
R_1NxEKnduYSJpiJR,69271,1099,0,0.0,Qwen3-8B,3,random,random
R_1NxEKnduYSJpiJR,69326,1100,4,1.0,Qwen3-8B,3,random,random
R_1NxEKnduYSJpiJR,69381,1101,3,1.0,Qwen3-8B,2,random,random
R_1NxEKnduYSJpiJR,69434,1102,4,1.0,Qwen3-8B,2,random,random
R_1NxEKnduYSJpiJR,69488,1103,4,1.0,Qwen3-8B,2,random,random
R_1NxEKnduYSJpiJR,69543,1104,4,1.0,Qwen3-8B,3,random,random
R_1NxEKnduYSJpiJR,69600,1105,2,1.0,Qwen3-8B,3,random,random
R_1NxEKnduYSJpiJR,69655,1106,4,1.0,Qwen3-8B,5,random,random
R_1NxEKnduYSJpiJR,69711,1107,0,0.0,Qwen3-8B,3,random,random
R_1NxEKnduYSJpiJR,69764,1108,0,0.0,Qwen3-8B,2,random,random
R_1NxEKnduYSJpiJR,69819,1109,3,1.0,Qwen3-8B,3,random,random
R_1NxEKnduYSJpiJR,69873,1110,1,0.0,Qwen3-8B,3,random,random
R_1NxEKnduYSJpiJR,69926,1111,1,0.0,Qwen3-8B,2,random,random
R_1NxEKnduYSJpiJR,69982,1112,3,1.0,Qwen3-8B,3,random,random
R_1NxEKnduYSJpiJR,70037,1113,4,1.0,Qwen3-8B,2,random,random
R_1NxEKnduYSJpiJR,70094,1114,3,1.0,Qwen3-8B,3,random,random
R_1NxEKnduYSJpiJR,70150,1115,0,0.0,Qwen3-8B,2,random,random
R_1NxEKnduYSJpiJR,70205,1116,4,1.0,Qwen3-8B,3,random,random
R_1NxEKnduYSJpiJR,70257,1117,1,0.0,Qwen3-8B,2,random,random
R_1NxEKnduYSJpiJR,70313,1118,4,1.0,Qwen3-8B,3,random,random
R_1NxEKnduYSJpiJR,70368,1119,4,1.0,Qwen3-8B,4,random,random
R_1NxEKnduYSJpiJR,70424,1120,4,1.0,Qwen3-8B,2,random,random
R_1NxEKnduYSJpiJR,70480,1121,0,0.0,Qwen3-8B,1,random,random
R_1NxEKnduYSJpiJR,70534,1122,2,1.0,Qwen3-8B,2,random,random
R_1NxEKnduYSJpiJR,70589,1123,4,1.0,Qwen3-8B,4,random,random
R_1NxEKnduYSJpiJR,70646,1124,1,0.0,Qwen3-8B,1,random,random
R_31saXZM7aH12ElY,70672,1125,2,1.0,Qwen3-8B,2,random,random
R_31saXZM7aH12ElY,70724,1126,3,1.0,Qwen3-8B,1,random,random
R_31saXZM7aH12ElY,70775,1127,4,1.0,Qwen3-8B,5,random,random
R_31saXZM7aH12ElY,70826,1128,3,1.0,Qwen3-8B,2,random,random
R_31saXZM7aH12ElY,70877,1129,3,1.0,Qwen3-8B,2,random,random
R_31saXZM7aH12ElY,70928,1130,0,0.0,Qwen3-8B,1,random,random
R_31saXZM7aH12ElY,70980,1131,2,1.0,Qwen3-8B,3,random,random
R_31saXZM7aH12ElY,71030,1132,1,0.0,Qwen3-8B,2,random,random
R_31saXZM7aH12ElY,71081,1133,1,0.0,Qwen3-8B,3,random,random
R_31saXZM7aH12ElY,71131,1134,4,1.0,Qwen3-8B,3,random,random
R_31saXZM7aH12ElY,71180,1135,0,0.0,Qwen3-8B,1,random,random
R_31saXZM7aH12ElY,71232,1136,4,1.0,Qwen3-8B,3,random,random
R_31saXZM7aH12ElY,71283,1137,-1,,Qwen3-8B,2,random,random
R_31saXZM7aH12ElY,71334,1138,4,1.0,Qwen3-8B,5,random,random
R_31saXZM7aH12ElY,71387,1139,1,0.0,Qwen3-8B,1,random,random
R_31saXZM7aH12ElY,71436,1140,-1,,Qwen3-8B,5,random,random
R_31saXZM7aH12ElY,71487,1141,2,1.0,Qwen3-8B,4,random,random
R_31saXZM7aH12ElY,71539,1142,0,0.0,Qwen3-8B,2,random,random
R_31saXZM7aH12ElY,71591,1143,2,1.0,Qwen3-8B,3,random,random
R_31saXZM7aH12ElY,71640,1144,1,0.0,Qwen3-8B,2,random,random
R_31saXZM7aH12ElY,71693,1145,2,1.0,Qwen3-8B,4,random,random
R_31saXZM7aH12ElY,71745,1146,3,1.0,Qwen3-8B,4,random,random
R_31saXZM7aH12ElY,71796,1147,-1,,Qwen3-8B,2,random,random
R_31saXZM7aH12ElY,71849,1148,3,1.0,Qwen3-8B,3,random,random
R_31saXZM7aH12ElY,71900,1149,0,0.0,Qwen3-8B,2,random,random
R_31saXZM7aH12ElY,71953,1150,1,0.0,Qwen3-8B,2,random,random
R_31saXZM7aH12ElY,72002,1151,3,1.0,Qwen3-8B,1,random,random
R_31saXZM7aH12ElY,72054,1152,3,1.0,Qwen3-8B,4,random,random
R_31saXZM7aH12ElY,72106,1153,0,0.0,Qwen3-8B,1,random,random
R_31saXZM7aH12ElY,72157,1154,3,1.0,Qwen3-8B,1,random,random
R_31saXZM7aH12ElY,72209,1155,2,1.0,Qwen3-8B,2,random,random
R_31saXZM7aH12ElY,72259,1156,4,1.0,Qwen3-8B,3,random,random
R_31saXZM7aH12ElY,72311,1157,0,0.0,Qwen3-8B,3,random,random
R_31saXZM7aH12ElY,72363,1158,3,1.0,Qwen3-8B,2,random,random
R_31saXZM7aH12ElY,72414,1159,0,0.0,Qwen3-8B,1,random,random
R_02Kt90m9vxg3qx3,70699,1125,3,1.0,Qwen3-8B,2,random,random
R_02Kt90m9vxg3qx3,70749,1126,1,0.0,Qwen3-8B,1,random,random
R_02Kt90m9vxg3qx3,70801,1127,4,1.0,Qwen3-8B,5,random,random
R_02Kt90m9vxg3qx3,70852,1128,3,1.0,Qwen3-8B,2,random,random
R_02Kt90m9vxg3qx3,70903,1129,2,1.0,Qwen3-8B,2,random,random
R_02Kt90m9vxg3qx3,70954,1130,0,0.0,Qwen3-8B,1,random,random
R_02Kt90m9vxg3qx3,71005,1131,4,1.0,Qwen3-8B,3,random,random
R_02Kt90m9vxg3qx3,71056,1132,4,1.0,Qwen3-8B,2,random,random
R_02Kt90m9vxg3qx3,71105,1133,0,0.0,Qwen3-8B,3,random,random
R_02Kt90m9vxg3qx3,71154,1134,2,1.0,Qwen3-8B,3,random,random
R_02Kt90m9vxg3qx3,71206,1135,4,1.0,Qwen3-8B,1,random,random
R_02Kt90m9vxg3qx3,71257,1136,4,1.0,Qwen3-8B,3,random,random
R_02Kt90m9vxg3qx3,71309,1137,4,1.0,Qwen3-8B,2,random,random
R_02Kt90m9vxg3qx3,71360,1138,4,1.0,Qwen3-8B,5,random,random
R_02Kt90m9vxg3qx3,71410,1139,0,0.0,Qwen3-8B,1,random,random
R_02Kt90m9vxg3qx3,71462,1140,0,0.0,Qwen3-8B,5,random,random
R_02Kt90m9vxg3qx3,71513,1141,0,0.0,Qwen3-8B,4,random,random
R_02Kt90m9vxg3qx3,71565,1142,4,1.0,Qwen3-8B,2,random,random
R_02Kt90m9vxg3qx3,71615,1143,4,1.0,Qwen3-8B,3,random,random
R_02Kt90m9vxg3qx3,71667,1144,0,0.0,Qwen3-8B,2,random,random
R_02Kt90m9vxg3qx3,71719,1145,2,1.0,Qwen3-8B,4,random,random
R_02Kt90m9vxg3qx3,71772,1146,4,1.0,Qwen3-8B,4,random,random
R_02Kt90m9vxg3qx3,71822,1147,4,1.0,Qwen3-8B,2,random,random
R_02Kt90m9vxg3qx3,71874,1148,4,1.0,Qwen3-8B,3,random,random
R_02Kt90m9vxg3qx3,71926,1149,2,1.0,Qwen3-8B,2,random,random
R_02Kt90m9vxg3qx3,71977,1150,1,0.0,Qwen3-8B,2,random,random
R_02Kt90m9vxg3qx3,72028,1151,0,0.0,Qwen3-8B,1,random,random
R_02Kt90m9vxg3qx3,72080,1152,4,1.0,Qwen3-8B,4,random,random
R_02Kt90m9vxg3qx3,72132,1153,2,1.0,Qwen3-8B,1,random,random
R_02Kt90m9vxg3qx3,72183,1154,0,0.0,Qwen3-8B,1,random,random
R_02Kt90m9vxg3qx3,72234,1155,4,1.0,Qwen3-8B,2,random,random
R_02Kt90m9vxg3qx3,72285,1156,4,1.0,Qwen3-8B,3,random,random
R_02Kt90m9vxg3qx3,72337,1157,2,1.0,Qwen3-8B,3,random,random
R_02Kt90m9vxg3qx3,72389,1158,0,0.0,Qwen3-8B,2,random,random
R_02Kt90m9vxg3qx3,72439,1159,0,0.0,Qwen3-8B,1,random,random
R_udzzmsufiFdoB3P,70705,1125,2,1.0,Qwen3-8B,2,random,random
R_udzzmsufiFdoB3P,70756,1126,0,0.0,Qwen3-8B,1,random,random
R_udzzmsufiFdoB3P,70807,1127,2,1.0,Qwen3-8B,5,random,random
R_udzzmsufiFdoB3P,70859,1128,1,0.0,Qwen3-8B,2,random,random
R_udzzmsufiFdoB3P,70910,1129,0,0.0,Qwen3-8B,2,random,random
R_udzzmsufiFdoB3P,70961,1130,0,0.0,Qwen3-8B,1,random,random
R_udzzmsufiFdoB3P,71011,1131,1,0.0,Qwen3-8B,3,random,random
R_udzzmsufiFdoB3P,71062,1132,1,0.0,Qwen3-8B,2,random,random
R_udzzmsufiFdoB3P,71112,1133,0,0.0,Qwen3-8B,3,random,random
R_udzzmsufiFdoB3P,71161,1134,1,0.0,Qwen3-8B,3,random,random
R_udzzmsufiFdoB3P,71213,1135,0,0.0,Qwen3-8B,1,random,random
R_udzzmsufiFdoB3P,71264,1136,0,0.0,Qwen3-8B,3,random,random
R_udzzmsufiFdoB3P,71315,1137,1,0.0,Qwen3-8B,2,random,random
R_udzzmsufiFdoB3P,71367,1138,2,1.0,Qwen3-8B,5,random,random
R_udzzmsufiFdoB3P,71417,1139,3,1.0,Qwen3-8B,1,random,random
R_udzzmsufiFdoB3P,71469,1140,1,0.0,Qwen3-8B,5,random,random
R_udzzmsufiFdoB3P,71520,1141,4,1.0,Qwen3-8B,4,random,random
R_udzzmsufiFdoB3P,71572,1142,1,0.0,Qwen3-8B,2,random,random
R_udzzmsufiFdoB3P,71622,1143,1,0.0,Qwen3-8B,3,random,random
R_udzzmsufiFdoB3P,71674,1144,0,0.0,Qwen3-8B,2,random,random
R_udzzmsufiFdoB3P,71726,1145,1,0.0,Qwen3-8B,4,random,random
R_udzzmsufiFdoB3P,71778,1146,3,1.0,Qwen3-8B,4,random,random
R_udzzmsufiFdoB3P,71829,1147,2,1.0,Qwen3-8B,2,random,random
R_udzzmsufiFdoB3P,71881,1148,4,1.0,Qwen3-8B,3,random,random
R_udzzmsufiFdoB3P,71933,1149,0,0.0,Qwen3-8B,2,random,random
R_udzzmsufiFdoB3P,71984,1150,0,0.0,Qwen3-8B,2,random,random
R_udzzmsufiFdoB3P,72035,1151,0,0.0,Qwen3-8B,1,random,random
R_udzzmsufiFdoB3P,72087,1152,1,0.0,Qwen3-8B,4,random,random
R_udzzmsufiFdoB3P,72139,1153,1,0.0,Qwen3-8B,1,random,random
R_udzzmsufiFdoB3P,72190,1154,0,0.0,Qwen3-8B,1,random,random
R_udzzmsufiFdoB3P,72241,1155,0,0.0,Qwen3-8B,2,random,random
R_udzzmsufiFdoB3P,72292,1156,2,1.0,Qwen3-8B,3,random,random
R_udzzmsufiFdoB3P,72344,1157,0,0.0,Qwen3-8B,3,random,random
R_udzzmsufiFdoB3P,72396,1158,0,0.0,Qwen3-8B,2,random,random
R_udzzmsufiFdoB3P,72446,1159,0,0.0,Qwen3-8B,1,random,random
